id,merchant_id,outlet_id,bill_total,transaction_time,status
40001,8,14,2876.50,2026-08-02 22:23:00,FAILED
40002,8,18,1536.70,2026-08-03 17:36:00,SUCCESS
40003,7,13,639.50,2026-08-19 09:43:00,SUCCESS
40004,8,10,1414.40,2026-08-23 09:35:00,FAILED
40005,5,3,2569.10,2026-08-03 11:15:00,FAILED
40006,9,12,2459.70,2026-08-12 09:19:00,REFUNDED
40007,9,10,919.30,2026-08-10 09:20:00,SUCCESS
40008,7,7,2658.40,2026-08-04 04:59:00,REFUNDED
40009,6,11,3763.90,2026-08-20 09:12:00,PENDING
40010,8,16,301.60,2026-08-18 09:36:00,FAILED
40011,4,14,3718.80,2026-08-05 03:26:00,REFUNDED
40012,4,12,2939.30,2026-08-23 22:16:00,FAILED
40013,4,9,2922.70,2026-08-07 04:17:00,SUCCESS
40014,2,2,110.30,2026-08-12 05:19:00,SUCCESS
40015,8,3,1677.10,2026-08-01 20:39:00,FAILED
40016,4,20,4864.10,2026-08-04 01:09:00,PENDING
40017,9,8,660.40,2026-08-25 18:21:00,FAILED
40018,6,11,630.30,2026-08-01 09:23:00,SUCCESS
40019,2,1,1564.70,2026-08-30 18:47:00,REFUNDED
40020,6,6,383.70,2026-08-08 22:18:00,REFUNDED
40021,1,10,2370.90,2026-08-03 04:35:00,PENDING
40022,5,12,3075.80,2026-08-17 00:46:00,PENDING
40023,3,5,3077.20,2026-08-26 12:33:00,FAILED
40024,6,2,3084.80,2026-08-03 10:32:00,PENDING
40025,5,13,3189.00,2026-08-26 08:02:00,REFUNDED
40026,1,2,2111.00,2026-08-08 13:38:00,PENDING
40027,8,5,4402.70,2026-08-01 18:12:00,REFUNDED
40028,10,4,2358.50,2026-08-02 19:07:00,REFUNDED
40029,2,1,887.70,2026-08-04 06:06:00,PENDING
40030,7,15,1177.00,2026-08-29 05:26:00,FAILED
40031,10,16,1819.80,2026-08-10 15:34:00,SUCCESS
40032,7,5,3316.80,2026-08-15 04:53:00,PENDING
40033,6,6,3844.90,2026-08-07 23:34:00,PENDING
40034,6,17,2618.90,2026-08-30 06:15:00,SUCCESS
40035,7,9,3510.50,2026-08-20 19:10:00,REFUNDED
40036,5,15,3757.30,2026-08-17 17:52:00,FAILED
40037,4,7,789.20,2026-08-25 17:48:00,PENDING
40038,10,2,3011.90,2026-08-28 04:14:00,PENDING
40039,6,13,4482.70,2026-08-29 23:17:00,SUCCESS
40040,3,12,4191.10,2026-08-20 15:17:00,PENDING
40041,10,13,3393.20,2026-08-17 15:12:00,PENDING
40042,7,16,69.90,2026-08-14 01:39:00,SUCCESS
40043,8,17,1370.80,2026-08-07 15:35:00,SUCCESS
40044,6,13,1239.00,2026-08-14 06:49:00,SUCCESS
40045,6,1,2020.70,2026-08-22 08:58:00,PENDING
40046,7,1,4827.40,2026-08-13 01:15:00,SUCCESS
40047,1,5,3158.80,2026-08-07 00:15:00,PENDING
40048,10,11,447.90,2026-08-02 17:30:00,PENDING
40049,6,14,3166.30,2026-08-12 09:56:00,SUCCESS
40050,1,1,5000,2026-08-01 12:00:00,UNKNOWN_STATUS
40051,9,1,1483.20,2026-08-25 00:58:00,REFUNDED
40052,2,10,1803.20,2026-08-06 15:31:00,SUCCESS
40053,3,8,2929.10,2026-08-29 00:02:00,FAILED
40054,5,16,2131.10,2026-08-12 10:49:00,REFUNDED
40055,3,20,3150.40,2026-08-06 02:04:00,SUCCESS
40056,8,7,2132.60,2026-08-04 15:31:00,SUCCESS
40057,3,15,4976.90,2026-08-08 00:43:00,SUCCESS
40058,4,4,1863.20,2026-08-29 03:47:00,FAILED
40059,2,6,4483.60,2026-08-20 10:44:00,SUCCESS
40060,3,1,781.50,2026-08-03 22:22:00,FAILED
40061,9,14,1104.60,2026-08-30 03:00:00,FAILED
40062,7,4,1988.00,2026-08-09 23:30:00,FAILED
40063,5,17,4446.70,2026-08-09 17:04:00,SUCCESS
40064,2,8,4842.10,2026-08-30 11:38:00,SUCCESS
40065,8,20,3337.30,2026-08-24 20:07:00,SUCCESS
40066,2,6,4996.20,2026-08-10 12:25:00,SUCCESS
40067,8,14,1006.80,2026-08-05 20:40:00,FAILED
40068,6,13,3854.50,2026-08-11 12:31:00,SUCCESS
40069,3,10,2343.20,2026-08-20 14:44:00,SUCCESS
40070,4,6,3516.10,2026-08-08 22:22:00,PENDING
40071,9,11,3040.00,2026-08-17 15:26:00,SUCCESS
40072,3,18,1751.20,2026-08-15 04:41:00,REFUNDED
40073,4,3,3147.00,2026-08-04 03:10:00,PENDING
40074,1,3,2408.00,2026-08-19 20:29:00,REFUNDED
40075,2,1,2148.60,2026-08-20 09:15:00,SUCCESS
40076,7,6,3665.00,2026-08-07 03:48:00,SUCCESS
40077,9,1,3247.10,2026-08-27 18:07:00,REFUNDED
40078,3,11,756.00,2026-08-21 20:27:00,SUCCESS
40079,10,17,5006.90,2026-08-18 06:13:00,FAILED
40080,3,11,4136.40,2026-08-06 06:19:00,REFUNDED
40081,7,8,3474.80,2026-08-11 14:56:00,SUCCESS
40082,8,16,3452.40,2026-08-29 16:54:00,REFUNDED
40083,6,15,3024.30,2026-08-02 12:50:00,PENDING
40084,6,5,4375.30,2026-08-21 19:21:00,SUCCESS
40085,6,6,3109.20,2026-08-18 15:33:00,FAILED
40086,4,14,4647.30,2026-08-28 13:09:00,PENDING
40087,6,13,3109.80,2026-08-03 15:07:00,SUCCESS
40088,2,19,710.90,2026-08-11 20:20:00,PENDING
40089,1,13,1656.20,2026-08-21 06:03:00,PENDING
40090,8,1,442.20,2026-08-08 12:42:00,PENDING
40091,7,11,322.50,2026-08-20 13:07:00,FAILED
40092,1,10,579.50,2026-08-05 19:50:00,SUCCESS
40093,1,18,4469.50,2026-08-06 08:49:00,PENDING
40094,1,1,5000,2026-08-01 12:00:00,UNKNOWN_STATUS
40095,5,9,4117.50,2026-08-10 22:01:00,SUCCESS
40096,1,19,2046.20,2026-08-10 21:16:00,REFUNDED
40097,10,5,3497.90,2026-08-11 02:30:00,REFUNDED
40098,2,1,438.60,2026-08-22 01:50:00,REFUNDED
40099,9,5,4890.60,2026-08-05 12:15:00,SUCCESS
40100,2,1,4262.40,2026-08-12 08:32:00,REFUNDED
40101,10,19,2376.60,2026-08-21 01:14:00,REFUNDED
40102,6,18,989.20,2026-08-19 21:12:00,REFUNDED
40103,8,7,4321.40,2026-08-23 12:19:00,SUCCESS
40104,8,18,2661.40,2026-08-02 02:32:00,SUCCESS
40105,5,12,2169.30,2026-08-25 20:55:00,SUCCESS
40106,9,15,2299.80,2026-08-07 08:14:00,REFUNDED
40107,6,10,3054.70,2026-08-30 03:00:00,REFUNDED
40108,7,5,4237.90,2026-08-29 05:40:00,PENDING
40109,2,5,320.20,2026-08-29 04:36:00,PENDING
40110,1,17,982.10,2026-08-11 18:20:00,SUCCESS
40111,9,14,1430.30,2026-08-18 11:49:00,PENDING
40112,6,18,4608.20,2026-08-24 12:32:00,SUCCESS
40113,9,5,2702.20,2026-08-16 07:25:00,FAILED
40114,1,9,296.80,2026-08-03 17:23:00,PENDING
40115,5,17,2954.70,2026-08-02 05:25:00,SUCCESS
40116,2,10,2155.20,2026-08-02 05:35:00,SUCCESS
40117,5,10,3049.80,2026-08-24 10:00:00,REFUNDED
40118,2,5,4760.70,2026-08-29 01:32:00,PENDING
40119,3,13,2269.10,2026-08-29 19:50:00,FAILED
40120,7,13,3053.70,2026-08-07 16:52:00,FAILED
40121,3,12,4598.00,2026-08-24 23:07:00,REFUNDED
40122,3,10,3396.70,2026-08-15 07:13:00,FAILED
40123,8,16,3453.40,2026-08-02 01:57:00,SUCCESS
40124,10,1,1948.40,2026-08-13 09:39:00,REFUNDED
40125,2,15,3862.40,2026-08-24 22:49:00,REFUNDED
40126,5,6,3680.10,2026-08-14 08:13:00,SUCCESS
40127,1,5,2961.20,2026-08-05 13:28:00,FAILED
40128,9,19,1419.40,2026-08-02 11:28:00,FAILED
40129,4,4,1089.10,2026-08-29 21:15:00,PENDING
40130,5,14,469.30,2026-08-31 01:24:00,PENDING
40131,10,13,551.50,2026-08-28 06:26:00,SUCCESS
40132,10,13,2890.90,2026-08-27 13:56:00,REFUNDED
40133,2,15,2235.00,2026-08-18 05:15:00,REFUNDED
40134,3,19,4129.60,2026-08-21 12:37:00,PENDING
40135,6,14,1832.70,2026-08-04 23:09:00,FAILED
40136,8,20,2844.70,2026-08-08 05:19:00,REFUNDED
40137,5,10,902.30,2026-08-24 12:15:00,SUCCESS
40138,4,17,3727.90,2026-08-13 11:16:00,PENDING
40139,10,3,4943.10,2026-08-13 10:07:00,FAILED
40140,9,1,2841.40,2026-08-27 08:50:00,REFUNDED
40141,7,4,2701.80,2026-08-24 05:51:00,FAILED
40142,7,14,736.10,2026-08-17 05:55:00,FAILED
40143,2,20,2798.30,2026-08-14 11:32:00,FAILED
40144,7,5,4301.50,2026-08-25 07:39:00,PENDING
40145,1,15,3264.10,2026-08-05 01:57:00,SUCCESS
40146,5,1,463.70,2026-08-15 05:51:00,SUCCESS
40147,8,3,2401.00,2026-08-06 13:50:00,REFUNDED
40148,8,20,2413.60,2026-08-21 14:07:00,PENDING
40149,7,10,4497.70,2026-08-19 23:14:00,FAILED
40150,8,15,1529.60,2026-08-01 20:01:00,PENDING
40151,6,18,3260.50,2026-08-23 10:39:00,FAILED
40152,8,3,2296.50,2026-08-14 06:54:00,PENDING
40153,6,17,1976.00,2026-08-19 20:56:00,PENDING
40154,6,19,1041.50,2026-08-05 01:41:00,PENDING
40155,10,18,2865.80,2026-08-29 14:22:00,PENDING
40156,9,7,2396.10,2026-08-21 22:55:00,REFUNDED
40157,7,8,207.20,2026-08-27 06:55:00,REFUNDED
40158,9,20,2818.80,2026-08-21 09:22:00,PENDING
40159,6,14,2375.20,2026-08-11 12:53:00,SUCCESS
40160,9,1,3065.10,2026-08-19 07:04:00,REFUNDED
40161,2,17,2678.90,2026-08-18 16:35:00,REFUNDED
40162,2,3,374.60,2026-08-01 08:04:00,SUCCESS
40163,8,9,5038.90,2026-08-20 06:32:00,FAILED
40164,5,8,822.20,2026-08-16 06:42:00,PENDING
40165,8,3,1642.30,2026-08-30 21:26:00,REFUNDED
40166,4,6,1766.50,2026-08-26 10:28:00,PENDING
40167,4,3,1139.80,2026-08-11 22:37:00,PENDING
40168,8,12,441.10,2026-08-27 02:15:00,REFUNDED
40169,7,1,1591.90,2026-08-15 07:17:00,REFUNDED
40170,8,8,3103.60,2026-08-16 16:26:00,REFUNDED
40171,4,8,2327.90,2026-08-12 03:53:00,PENDING
40172,6,11,619.90,2026-08-28 22:13:00,REFUNDED
40173,2,13,1886.40,2026-08-19 09:24:00,FAILED
40174,1,4,3466.70,2026-08-19 02:58:00,PENDING
40175,9,1,619.10,2026-08-14 15:17:00,FAILED
40176,7,19,1004.70,2026-08-03 18:19:00,PENDING
40177,4,4,2451.00,2026-08-22 04:18:00,FAILED
40178,9,16,4223.80,2026-08-06 02:04:00,FAILED
40179,9,16,617.30,2026-08-23 08:34:00,PENDING
40180,1,1,5000,INVALID_DATE_TIME,SUCCESS
40181,5,19,381.30,2026-08-15 09:36:00,REFUNDED
40182,10,11,4623.30,2026-08-15 02:58:00,REFUNDED
40183,8,5,2589.50,2026-08-20 19:11:00,SUCCESS
40184,6,2,1411.30,2026-08-14 16:14:00,SUCCESS
40185,9,3,914.80,2026-08-16 15:45:00,REFUNDED
40186,1,14,3504.50,2026-08-06 12:30:00,SUCCESS
40187,8,4,2745.10,2026-08-16 08:23:00,REFUNDED
40188,4,17,4680.70,2026-08-15 19:07:00,SUCCESS
40189,6,17,3996.40,2026-08-16 03:16:00,REFUNDED
40190,4,17,4033.50,2026-08-06 15:46:00,PENDING
40191,2,5,3662.40,2026-08-13 17:13:00,SUCCESS
40192,4,2,4068.00,2026-08-15 17:58:00,PENDING
40193,4,10,144.10,2026-08-09 20:53:00,SUCCESS
40194,2,7,3825.20,2026-08-17 13:17:00,FAILED
40195,5,14,4489.90,2026-08-12 08:47:00,FAILED
40196,1,1,5000,INVALID_DATE_TIME,SUCCESS
40197,2,8,4994.80,2026-08-02 01:53:00,SUCCESS
40198,6,2,453.20,2026-08-23 12:53:00,PENDING
40199,1,8,4553.30,2026-08-26 12:22:00,SUCCESS
40200,5,12,1506.00,2026-08-14 15:33:00,SUCCESS
40201,2,13,4612.20,2026-08-25 15:42:00,FAILED
40202,4,10,231.60,2026-08-19 14:58:00,REFUNDED
40203,1,7,3977.70,2026-08-05 10:26:00,REFUNDED
40204,6,4,4321.10,2026-08-26 00:37:00,SUCCESS
40205,10,15,2507.90,2026-08-12 01:23:00,REFUNDED
40206,3,7,2617.20,2026-08-18 09:01:00,FAILED
40207,8,14,1771.90,2026-08-15 19:10:00,REFUNDED
40208,5,10,4993.50,2026-08-10 15:38:00,SUCCESS
40209,4,6,1831.00,2026-08-22 04:49:00,REFUNDED
40210,3,7,2020.90,2026-08-21 19:07:00,FAILED
40211,3,10,4248.60,2026-08-23 03:33:00,FAILED
40212,10,18,2548.60,2026-08-24 15:31:00,REFUNDED
40213,3,4,468.60,2026-08-09 08:27:00,REFUNDED
40214,5,3,348.50,2026-08-10 02:10:00,PENDING
40215,4,20,155.10,2026-08-25 09:13:00,REFUNDED
40216,9,10,1327.30,2026-08-08 09:38:00,FAILED
40217,3,3,1090.80,2026-08-25 11:45:00,FAILED
40218,6,12,4869.00,2026-08-21 07:20:00,SUCCESS
40219,7,20,2153.70,2026-08-08 06:38:00,SUCCESS
40220,4,5,3261.90,2026-08-17 21:41:00,SUCCESS
40221,9,14,3649.40,2026-08-10 20:31:00,FAILED
40222,3,10,1463.10,2026-08-26 18:12:00,REFUNDED
40223,2,15,1252.40,2026-08-25 13:47:00,REFUNDED
40224,2,7,3569.70,2026-08-16 06:32:00,SUCCESS
40225,2,6,1751.50,2026-08-20 08:22:00,PENDING
40226,1,1,NOT_A_NUMBER,2026-08-01 12:00:00,SUCCESS
40227,4,14,2507.80,2026-08-05 16:35:00,PENDING
40228,5,7,400.30,2026-08-25 13:15:00,PENDING
40229,7,19,4367.60,2026-08-27 00:29:00,SUCCESS
40230,9,9,3272.80,2026-08-05 10:08:00,PENDING
40231,2,15,1539.30,2026-08-28 05:47:00,REFUNDED
40232,7,4,3688.90,2026-08-19 14:15:00,SUCCESS
40233,3,3,3389.60,2026-08-08 01:29:00,PENDING
40234,10,3,1396.70,2026-08-30 13:42:00,FAILED
40235,1,20,3253.90,2026-08-24 16:50:00,PENDING
40236,8,9,4997.00,2026-08-03 15:33:00,PENDING
40237,1,20,1071.70,2026-08-03 17:29:00,SUCCESS
40238,3,13,1779.80,2026-08-06 15:20:00,FAILED
40239,1,10,1201.70,2026-08-19 13:33:00,FAILED
40240,10,17,5031.50,2026-08-21 00:31:00,FAILED
40241,6,17,3601.40,2026-08-10 11:53:00,PENDING
40242,4,2,148.10,2026-08-21 06:33:00,REFUNDED
40243,7,11,4355.90,2026-08-20 08:03:00,SUCCESS
40244,3,13,1919.70,2026-08-03 15:50:00,SUCCESS
40245,1,8,2847.30,2026-08-04 20:07:00,FAILED
40246,9,6,2060.20,2026-08-12 04:43:00,FAILED
40247,5,11,1451.60,2026-08-16 16:09:00,PENDING
40248,2,7,1750.30,2026-08-30 17:57:00,SUCCESS
40249,2,15,2059.90,2026-08-13 03:35:00,PENDING
40250,7,16,4899.80,2026-08-15 14:53:00,SUCCESS
40251,4,18,1630.60,2026-08-05 08:08:00,REFUNDED
40252,2,12,589.50,2026-08-29 17:42:00,SUCCESS
40253,10,8,5004.70,2026-08-18 00:16:00,SUCCESS
40254,5,3,1238.70,2026-08-22 09:41:00,PENDING
40255,1,13,3231.90,2026-08-10 15:48:00,REFUNDED
40256,10,20,231.50,2026-08-23 15:22:00,REFUNDED
40257,7,11,4136.80,2026-08-17 15:42:00,REFUNDED
40258,1,2,1460.70,2026-08-25 11:05:00,FAILED
40259,3,3,3782.90,2026-08-11 14:39:00,FAILED
40260,4,11,4897.00,2026-08-25 01:17:00,FAILED
40261,4,15,475.10,2026-08-24 15:00:00,REFUNDED
40262,10,14,2837.50,2026-08-09 02:17:00,SUCCESS
40263,4,12,2120.30,2026-08-30 07:11:00,FAILED
40264,10,19,3462.00,2026-08-30 13:20:00,SUCCESS
40265,5,10,337.30,2026-08-24 14:04:00,REFUNDED
40266,5,1,1761.30,2026-08-15 18:00:00,FAILED
40267,1,5,2135.20,2026-08-23 21:09:00,FAILED
40268,2,1,2004.30,2026-08-05 05:26:00,FAILED
40269,2,5,675.90,2026-08-20 11:49:00,SUCCESS
40270,8,18,3974.10,2026-08-11 16:16:00,PENDING
40271,5,10,2122.80,2026-08-17 18:38:00,FAILED
40272,4,4,1876.70,2026-08-03 02:42:00,FAILED
40273,7,3,3362.90,2026-08-25 13:43:00,PENDING
40274,3,4,2595.20,2026-08-04 07:47:00,REFUNDED
40275,1,8,4435.50,2026-08-09 00:29:00,PENDING
40276,6,15,3638.60,2026-08-30 16:38:00,FAILED
40277,2,17,2894.60,2026-08-20 12:34:00,PENDING
40278,2,11,3222.20,2026-08-05 22:25:00,REFUNDED
40279,10,3,3066.40,2026-08-24 09:07:00,FAILED
40280,1,1,4217.30,2026-08-26 08:53:00,FAILED
40281,9,20,527.30,2026-08-02 21:56:00,SUCCESS
40282,7,4,2025.90,2026-08-06 15:16:00,FAILED
40283,8,15,3455.10,2026-08-21 06:57:00,FAILED
40284,10,10,3570.80,2026-08-22 04:01:00,SUCCESS
40285,2,3,4582.30,2026-08-28 12:08:00,PENDING
40286,4,4,559.30,2026-08-12 09:52:00,FAILED
40287,1,14,329.50,2026-08-10 03:14:00,SUCCESS
40288,9,8,3330.60,2026-08-24 03:27:00,REFUNDED
40289,7,13,4924.80,2026-08-05 06:30:00,REFUNDED
40290,7,13,4874.80,2026-08-29 11:23:00,REFUNDED
40291,5,20,904.80,2026-08-29 01:55:00,PENDING
40292,1,11,4526.90,2026-08-02 15:58:00,REFUNDED
40293,7,15,922.70,2026-08-25 05:43:00,REFUNDED
40294,1,1,4837.30,2026-08-05 19:06:00,REFUNDED
40295,5,3,2400.30,2026-08-26 12:02:00,SUCCESS
40296,10,17,5009.90,2026-08-08 21:46:00,REFUNDED
40297,7,18,751.70,2026-08-19 15:28:00,SUCCESS
40298,2,11,116.80,2026-08-27 16:48:00,REFUNDED
40299,7,14,2919.00,2026-08-20 09:06:00,PENDING
40300,6,15,2316.40,2026-08-16 13:06:00,SUCCESS
40301,8,10,4476.30,2026-08-23 16:01:00,PENDING
40302,7,16,3714.90,2026-08-26 06:14:00,FAILED
40303,6,10,304.20,2026-08-04 08:32:00,FAILED
40304,5,3,1299.50,2026-08-22 15:24:00,REFUNDED
40305,9,1,1592.90,2026-08-12 17:02:00,REFUNDED
40306,3,2,1246.30,2026-08-17 03:28:00,PENDING
40307,7,8,3790.80,2026-08-28 22:13:00,SUCCESS
40308,4,17,2154.80,2026-08-05 17:51:00,SUCCESS
40309,5,3,2677.20,2026-08-18 22:10:00,REFUNDED
40310,3,4,2676.20,2026-08-08 01:40:00,REFUNDED
40311,2,19,3893.40,2026-08-31 03:07:00,SUCCESS
40312,10,17,4478.90,2026-08-14 08:45:00,PENDING
40313,10,14,2394.20,2026-08-08 11:23:00,FAILED
40314,7,5,3635.80,2026-08-29 04:10:00,FAILED
40315,5,7,1401.90,2026-08-04 05:45:00,SUCCESS
40316,9,15,3421.20,2026-08-01 18:29:00,REFUNDED
40317,1,3,2202.60,2026-08-27 16:59:00,SUCCESS
40318,5,8,666.50,2026-08-12 11:46:00,SUCCESS
40319,7,14,1040.80,2026-08-29 17:44:00,SUCCESS
40320,10,7,941.80,2026-08-07 01:20:00,REFUNDED
40321,9,4,2790.20,2026-08-15 03:52:00,FAILED
40322,6,10,2915.80,2026-08-05 01:43:00,SUCCESS
40323,8,9,103.00,2026-08-21 22:40:00,SUCCESS
40324,7,3,2913.50,2026-08-05 08:20:00,SUCCESS
40325,4,19,2473.20,2026-08-27 08:29:00,FAILED
40326,2,16,931.40,2026-08-09 12:07:00,FAILED
40327,4,1,866.70,2026-08-04 02:34:00,SUCCESS
40328,3,10,1059.50,2026-08-04 06:26:00,PENDING
40329,10,18,507.10,2026-08-11 03:52:00,SUCCESS
40330,5,17,440.20,2026-08-01 09:28:00,REFUNDED
40331,5,4,1867.10,2026-08-24 12:51:00,REFUNDED
40332,6,12,1779.40,2026-08-18 06:45:00,PENDING
40333,5,12,1778.40,2026-08-22 09:20:00,FAILED
40334,9,11,3156.60,2026-08-20 21:42:00,FAILED
40335,8,20,4006.30,2026-08-07 10:33:00,REFUNDED
40336,6,19,934.40,2026-08-15 03:06:00,PENDING
40337,4,12,3909.60,2026-08-17 17:02:00,REFUNDED
40338,2,10,4980.40,2026-08-24 02:13:00,REFUNDED
40339,3,14,76.40,2026-08-28 10:41:00,PENDING
40340,5,8,1406.10,2026-08-28 20:44:00,REFUNDED
40341,8,17,2985.60,2026-08-13 17:15:00,SUCCESS
40342,9,2,1593.50,2026-08-08 03:12:00,REFUNDED
40343,7,11,3054.80,2026-08-16 23:22:00,REFUNDED
40344,2,15,2297.20,2026-08-16 06:35:00,SUCCESS
40345,7,4,2924.90,2026-08-08 00:52:00,SUCCESS
40346,8,19,4684.90,2026-08-13 23:52:00,SUCCESS
40347,6,20,4525.70,2026-08-23 00:29:00,REFUNDED
40348,4,6,771.30,2026-08-16 15:44:00,REFUNDED
40349,2,10,1613.20,2026-08-24 08:30:00,REFUNDED
40350,9,10,277.80,2026-08-21 08:57:00,SUCCESS
40351,1,1,3505.30,2026-08-20 21:30:00,REFUNDED
40352,7,12,4953.30,2026-08-16 23:33:00,REFUNDED
40353,9,14,4762.20,2026-08-14 19:10:00,REFUNDED
40354,7,14,530.00,2026-08-11 01:04:00,REFUNDED
40355,8,14,3511.90,2026-08-03 09:09:00,PENDING
40356,2,8,1131.10,2026-08-12 18:01:00,FAILED
40357,2,10,4026.90,2026-08-18 02:14:00,FAILED
40358,1,16,3607.60,2026-08-26 20:40:00,SUCCESS
40359,4,10,2115.60,2026-08-14 09:03:00,PENDING
40360,8,16,2540.70,2026-08-04 14:34:00,FAILED
40361,1,16,3457.60,2026-08-22 00:20:00,SUCCESS
40362,6,7,1479.90,2026-08-24 01:54:00,FAILED
40363,4,14,4695.10,2026-08-20 12:40:00,PENDING
40364,4,7,2139.50,2026-08-24 14:42:00,SUCCESS
40365,9,16,3968.80,2026-08-18 21:31:00,FAILED
40366,4,4,1016.30,2026-08-30 21:42:00,REFUNDED
40367,8,3,59.20,2026-08-30 04:08:00,PENDING
40368,7,19,617.90,2026-08-13 22:52:00,FAILED
40369,9,14,1069.70,2026-08-28 18:02:00,PENDING
40370,9,20,4221.10,2026-08-02 01:45:00,SUCCESS
40371,5,17,447.40,2026-08-27 03:32:00,REFUNDED
40372,8,3,2936.30,2026-08-07 19:54:00,REFUNDED
40373,8,4,4533.90,2026-08-09 19:09:00,SUCCESS
40374,4,18,1125.00,2026-08-06 14:41:00,SUCCESS
40375,6,19,2318.00,2026-08-06 11:58:00,SUCCESS
40376,6,4,4966.70,2026-08-02 11:22:00,PENDING
40377,6,12,891.30,2026-08-27 07:01:00,FAILED
40378,2,5,1842.70,2026-08-10 06:51:00,PENDING
40379,9,17,2712.90,2026-08-13 18:31:00,REFUNDED
40380,6,4,90.70,2026-08-16 02:32:00,REFUNDED
40381,9,7,4025.50,2026-08-20 09:59:00,REFUNDED
40382,7,1,3695.70,2026-08-01 16:06:00,SUCCESS
40383,8,12,74.90,2026-08-08 05:52:00,PENDING
40384,6,12,2526.90,2026-08-23 08:43:00,REFUNDED
40385,7,3,4147.20,2026-08-13 22:42:00,PENDING
40386,7,20,1723.30,2026-08-30 21:10:00,PENDING
40387,9,4,1487.30,2026-08-08 13:41:00,FAILED
40388,4,16,2805.20,2026-08-19 15:31:00,SUCCESS
40389,5,15,2935.10,2026-08-15 20:27:00,PENDING
40390,3,15,4007.10,2026-08-27 17:14:00,FAILED
40391,2,3,1968.50,2026-08-26 14:18:00,PENDING
40392,8,4,3271.30,2026-08-02 01:53:00,REFUNDED
40393,9,20,4434.90,2026-08-06 09:42:00,REFUNDED
40394,9,16,1317.00,2026-08-12 18:21:00,SUCCESS
40395,3,3,453.60,2026-08-13 00:14:00,REFUNDED
40396,10,4,3561.30,2026-08-11 21:34:00,REFUNDED
40397,1,16,2166.00,2026-08-23 01:36:00,FAILED
40398,3,3,1495.30,2026-08-17 04:56:00,PENDING
40399,1,1,3993.80,2026-08-24 03:17:00,FAILED
40400,7,16,3598.20,2026-08-24 22:29:00,SUCCESS
40401,7,13,2511.80,2026-08-26 18:55:00,FAILED
40402,3,7,1443.10,2026-08-10 03:17:00,REFUNDED
40403,7,17,2918.10,2026-08-17 18:02:00,FAILED
40404,5,4,2025.90,2026-08-04 00:58:00,FAILED
40405,10,17,2702.70,2026-08-24 08:23:00,REFUNDED
40406,7,18,1173.50,2026-08-15 16:50:00,FAILED
40407,9,17,3110.40,2026-08-20 14:31:00,FAILED
40408,9,2,638.80,2026-08-08 15:04:00,REFUNDED
40409,2,10,2273.80,2026-08-14 22:13:00,FAILED
40410,8,2,2083.30,2026-08-26 16:43:00,FAILED
40411,9,2,3537.40,2026-08-15 01:55:00,SUCCESS
40412,2,1,2237.50,2026-08-06 19:23:00,FAILED
40413,8,9,4064.10,2026-08-13 08:16:00,REFUNDED
40414,8,10,1699.00,2026-08-21 06:22:00,PENDING
40415,8,6,2523.00,2026-08-01 12:38:00,FAILED
40416,9,6,164.00,2026-08-06 03:14:00,FAILED
40417,9,3,1338.30,2026-08-27 13:42:00,SUCCESS
40418,1,3,2258.00,2026-08-12 17:33:00,FAILED
40419,8,9,4028.50,2026-08-27 10:18:00,SUCCESS
40420,6,20,880.90,2026-08-08 05:36:00,REFUNDED
40421,9,16,4698.40,2026-08-01 19:56:00,SUCCESS
40422,7,2,780.00,2026-08-16 18:17:00,REFUNDED
40423,5,18,1785.50,2026-08-18 23:31:00,SUCCESS
40424,9,5,432.60,2026-08-02 04:21:00,PENDING
40425,9,15,2644.00,2026-08-26 01:12:00,REFUNDED
40426,10,14,3811.50,2026-08-19 15:11:00,REFUNDED
40427,9,3,2345.00,2026-08-29 15:43:00,REFUNDED
40428,1,6,416.10,2026-08-21 03:34:00,PENDING
40429,9,9,448.00,2026-08-13 22:31:00,FAILED
40430,3,3,3566.30,2026-08-27 06:09:00,REFUNDED
40431,3,17,1835.00,2026-08-04 21:50:00,REFUNDED
40432,2,12,2152.50,2026-08-15 04:50:00,REFUNDED
40433,9,2,4523.70,2026-08-05 21:28:00,PENDING
40434,4,2,2796.70,2026-08-06 04:29:00,FAILED
40435,7,3,3293.00,2026-08-01 22:50:00,PENDING
40436,1,14,1413.60,2026-08-29 16:16:00,SUCCESS
40437,4,20,1432.30,2026-08-16 09:02:00,FAILED
40438,3,1,1708.70,2026-08-07 05:37:00,FAILED
40439,7,18,2232.10,2026-08-11 00:05:00,SUCCESS
40440,5,18,3940.90,2026-08-04 22:39:00,SUCCESS
40441,8,11,183.30,2026-08-26 05:30:00,REFUNDED
40442,5,15,3655.80,2026-08-15 07:18:00,FAILED
40443,6,19,1133.00,2026-08-09 07:20:00,REFUNDED
40444,6,19,1496.90,2026-08-03 11:30:00,REFUNDED
40445,5,16,1475.40,2026-08-18 00:50:00,FAILED
40446,9,20,4207.60,2026-08-25 16:15:00,PENDING
40447,9,4,1671.00,2026-08-20 17:22:00,REFUNDED
40448,2,9,1641.10,2026-08-24 10:36:00,FAILED
40449,10,16,1483.10,2026-08-15 05:00:00,REFUNDED
40450,5,8,581.20,2026-08-23 20:21:00,REFUNDED
40451,10,1,2613.30,2026-08-31 04:16:00,FAILED
40452,2,9,2147.30,2026-08-02 15:31:00,REFUNDED
40453,6,4,4820.00,2026-08-16 11:23:00,FAILED
40454,9,10,1447.00,2026-08-21 13:25:00,REFUNDED
40455,3,7,2700.60,2026-08-12 02:40:00,FAILED
40456,3,6,4742.10,2026-08-21 18:40:00,FAILED
40457,1,8,2395.10,2026-08-08 01:04:00,FAILED
40458,4,4,427.40,2026-08-17 14:47:00,REFUNDED
40459,4,17,1074.90,2026-08-20 19:34:00,FAILED
40460,3,14,1578.50,2026-08-20 09:14:00,PENDING
40461,5,11,1180.10,2026-08-17 13:38:00,REFUNDED
40462,9,15,802.20,2026-08-10 11:14:00,FAILED
40463,6,1,3585.30,2026-08-10 05:29:00,PENDING
40464,7,19,693.00,2026-08-10 23:51:00,PENDING
40465,10,11,1446.90,2026-08-07 09:21:00,PENDING
40466,9,15,3737.30,2026-08-07 02:56:00,REFUNDED
40467,6,10,3873.00,2026-08-02 10:00:00,SUCCESS
40468,8,2,3893.30,2026-08-21 02:58:00,FAILED
40469,7,7,4411.40,2026-08-02 22:49:00,PENDING
40470,9,19,2818.70,2026-08-24 15:06:00,SUCCESS
40471,1,1,5000,INVALID_DATE_TIME,SUCCESS
40472,8,4,4979.80,2026-08-30 21:56:00,SUCCESS
40473,1,16,3101.50,2026-08-17 04:26:00,REFUNDED
40474,9,17,4653.90,2026-08-11 09:25:00,SUCCESS
40475,4,9,5031.00,2026-08-21 14:44:00,SUCCESS
40476,10,4,3891.50,2026-08-02 11:56:00,PENDING
40477,1,14,311.40,2026-08-13 21:07:00,SUCCESS
40478,3,20,1037.40,2026-08-22 14:38:00,REFUNDED
40479,1,15,3421.50,2026-08-19 09:20:00,PENDING
40480,1,4,899.20,2026-08-08 12:25:00,REFUNDED
40481,6,8,820.50,2026-08-28 01:18:00,PENDING
40482,1,100.00
40483,8,16,709.30,2026-08-17 22:07:00,REFUNDED
40484,1,15,1403.60,2026-08-17 17:19:00,FAILED
40485,8,8,4661.80,2026-08-27 10:21:00,PENDING
40486,10,8,929.60,2026-08-23 02:28:00,PENDING
40487,2,5,2120.60,2026-08-23 18:14:00,SUCCESS
40488,6,15,1109.20,2026-08-25 01:15:00,SUCCESS
40489,6,16,2710.00,2026-08-24 22:20:00,SUCCESS
40490,1,17,133.40,2026-08-24 02:00:00,PENDING
40491,2,6,4341.50,2026-08-22 02:39:00,PENDING
40492,5,9,911.00,2026-08-02 11:14:00,FAILED
40493,5,4,3170.40,2026-08-14 17:38:00,FAILED
40494,3,5,888.70,2026-08-04 16:08:00,REFUNDED
40495,3,11,4138.00,2026-08-24 08:07:00,SUCCESS
40496,9,8,3139.20,2026-08-16 11:28:00,PENDING
40497,9,18,4777.70,2026-08-26 19:33:00,FAILED
40498,7,10,3482.20,2026-08-27 06:35:00,FAILED
40499,5,1,2278.10,2026-08-04 10:49:00,REFUNDED
40500,10,11,55.20,2026-08-05 09:59:00,FAILED
40501,9,13,956.30,2026-08-15 13:01:00,PENDING
40502,7,1,2786.80,2026-08-12 00:25:00,SUCCESS
40503,6,14,414.10,2026-08-26 19:28:00,SUCCESS
40504,6,18,2142.40,2026-08-28 14:18:00,SUCCESS
40505,1,7,2219.80,2026-08-10 18:14:00,SUCCESS
40506,9,20,619.20,2026-08-28 19:17:00,FAILED
40507,2,13,472.90,2026-08-17 12:30:00,SUCCESS
40508,6,13,2162.20,2026-08-26 16:50:00,REFUNDED
40509,8,1,375.50,2026-08-29 08:33:00,REFUNDED
40510,4,20,2193.80,2026-08-16 03:47:00,SUCCESS
40511,6,10,622.80,2026-08-07 00:24:00,REFUNDED
40512,4,12,4573.30,2026-08-10 12:21:00,SUCCESS
40513,9,1,1191.50,2026-08-19 21:47:00,SUCCESS
40514,8,8,3590.30,2026-08-05 23:49:00,SUCCESS
40515,5,17,4806.30,2026-08-08 07:16:00,FAILED
40516,3,11,1773.10,2026-08-27 18:07:00,REFUNDED
40517,2,17,642.30,2026-08-04 14:14:00,REFUNDED
40518,3,10,3278.10,2026-08-22 13:29:00,PENDING
40519,9,5,532.20,2026-08-22 23:05:00,SUCCESS
40520,9,4,1489.50,2026-08-09 05:10:00,REFUNDED
40521,9,9,1404.50,2026-08-14 10:29:00,PENDING
40522,2,6,4302.60,2026-08-05 16:01:00,REFUNDED
40523,10,8,3450.30,2026-08-11 17:22:00,REFUNDED
40524,4,10,1730.60,2026-08-18 15:23:00,SUCCESS
40525,3,5,1720.50,2026-08-30 00:41:00,FAILED
40526,10,20,227.90,2026-08-29 15:02:00,FAILED
40527,7,5,3382.90,2026-08-29 20:13:00,PENDING
40528,1,17,4314.60,2026-08-29 12:09:00,SUCCESS
40529,10,20,4690.20,2026-08-11 10:18:00,PENDING
40530,6,3,1732.00,2026-08-27 05:00:00,PENDING
40531,9,16,3597.60,2026-08-24 09:58:00,REFUNDED
40532,10,9,1274.50,2026-08-05 06:14:00,REFUNDED
40533,4,20,3896.30,2026-08-20 14:30:00,FAILED
40534,7,20,2920.60,2026-08-16 02:08:00,REFUNDED
40535,4,5,1511.00,2026-08-29 07:01:00,FAILED
40536,1,19,4191.40,2026-08-06 21:45:00,REFUNDED
40537,2,16,3519.60,2026-08-06 19:20:00,FAILED
40538,6,1,439.80,2026-08-30 17:46:00,SUCCESS
40539,5,8,1196.70,2026-08-07 05:55:00,REFUNDED
40540,4,7,2737.00,2026-08-02 23:36:00,REFUNDED
40541,5,19,3337.60,2026-08-08 19:55:00,SUCCESS
40542,7,19,1496.20,2026-08-23 02:53:00,REFUNDED
40543,1,1,NOT_A_NUMBER,2026-08-01 12:00:00,SUCCESS
40544,9,4,4967.10,2026-08-13 20:07:00,FAILED
40545,7,12,3403.40,2026-08-09 08:20:00,SUCCESS
40546,1,8,3738.90,2026-08-10 05:54:00,SUCCESS
40547,5,6,1464.20,2026-08-22 15:25:00,SUCCESS
40548,8,11,4853.50,2026-08-30 12:22:00,REFUNDED
40549,2,17,3541.20,2026-08-24 08:50:00,REFUNDED
40550,7,4,2026.10,2026-08-20 04:15:00,SUCCESS
40551,7,4,529.40,2026-08-26 14:02:00,REFUNDED
40552,10,1,3701.50,2026-08-31 01:44:00,PENDING
40553,2,6,3429.90,2026-08-09 07:34:00,SUCCESS
40554,6,18,3016.40,2026-08-18 18:27:00,REFUNDED
40555,10,20,56.10,2026-08-03 16:20:00,PENDING
40556,5,11,387.50,2026-08-04 01:39:00,FAILED
40557,1,17,4575.10,2026-08-14 10:58:00,PENDING
40558,9,7,1921.00,2026-08-10 00:59:00,PENDING
40559,10,4,2911.70,2026-08-11 06:56:00,SUCCESS
40560,5,10,4166.60,2026-08-25 19:34:00,PENDING
40561,2,11,3531.10,2026-08-25 14:18:00,REFUNDED
40562,2,9,1437.90,2026-08-03 04:40:00,PENDING
40563,10,6,884.90,2026-08-04 08:40:00,PENDING
40564,3,20,3385.10,2026-08-28 19:42:00,REFUNDED
40565,6,18,2779.10,2026-08-19 07:37:00,SUCCESS
40566,4,17,2047.50,2026-08-08 21:40:00,SUCCESS
40567,10,5,133.80,2026-08-09 22:15:00,PENDING
40568,9,13,2650.80,2026-08-06 08:47:00,REFUNDED
40569,7,8,3935.40,2026-08-02 05:17:00,REFUNDED
40570,9,1,1775.80,2026-08-12 00:29:00,REFUNDED
40571,1,13,3156.50,2026-08-30 04:19:00,REFUNDED
40572,9,9,3810.50,2026-08-26 17:06:00,SUCCESS
40573,2,5,2624.20,2026-08-26 17:28:00,REFUNDED
40574,4,7,1069.20,2026-08-22 07:46:00,SUCCESS
40575,8,16,2090.10,2026-08-06 23:25:00,FAILED
40576,6,7,2525.80,2026-08-22 23:10:00,SUCCESS
40577,8,13,3420.00,2026-08-28 11:50:00,REFUNDED
40578,6,1,2364.30,2026-08-21 22:47:00,PENDING
40579,1,14,1554.20,2026-08-11 14:35:00,REFUNDED
40580,5,8,241.70,2026-08-19 01:11:00,SUCCESS
40581,4,3,3161.90,2026-08-22 01:30:00,REFUNDED
40582,5,15,2775.80,2026-08-23 23:25:00,SUCCESS
40583,1,9,3266.10,2026-08-15 09:12:00,SUCCESS
40584,3,7,4414.70,2026-08-09 11:18:00,PENDING
40585,9,1,4349.40,2026-08-21 19:07:00,REFUNDED
40586,8,1,3721.80,2026-08-15 16:57:00,PENDING
40587,8,3,943.10,2026-08-02 09:34:00,FAILED
40588,6,3,4152.60,2026-08-16 14:52:00,SUCCESS
40589,4,20,2370.50,2026-08-17 17:42:00,PENDING
40590,5,12,4710.20,2026-08-05 11:16:00,PENDING
40591,6,9,999.00,2026-08-08 03:37:00,REFUNDED
40592,4,7,1329.80,2026-08-19 07:21:00,PENDING
40593,2,20,1266.80,2026-08-02 07:48:00,SUCCESS
40594,1,1,5000,2026-08-01 12:00:00,UNKNOWN_STATUS
40595,2,3,3160.80,2026-08-30 19:58:00,PENDING
40596,3,6,3210.90,2026-08-24 18:15:00,SUCCESS
40597,7,5,4267.90,2026-08-16 14:09:00,SUCCESS
40598,5,4,847.10,2026-08-16 07:05:00,SUCCESS
40599,3,8,3291.30,2026-08-05 05:28:00,SUCCESS
40600,6,10,2490.50,2026-08-16 00:10:00,SUCCESS
40601,9,7,434.60,2026-08-05 00:48:00,SUCCESS
40602,3,2,2715.80,2026-08-22 09:55:00,PENDING
40603,3,10,4337.00,2026-08-01 11:09:00,FAILED
40604,8,12,4623.90,2026-08-07 04:26:00,SUCCESS
40605,3,12,2475.00,2026-08-04 01:53:00,FAILED
40606,6,11,1178.00,2026-08-13 01:02:00,SUCCESS
40607,8,7,857.90,2026-08-29 21:31:00,SUCCESS
40608,9,3,4312.60,2026-08-25 15:18:00,REFUNDED
40609,7,3,2645.60,2026-08-17 22:00:00,PENDING
40610,1,13,3193.50,2026-08-13 14:17:00,FAILED
40611,6,4,3218.10,2026-08-11 17:09:00,PENDING
40612,9,10,103.80,2026-08-13 20:19:00,SUCCESS
40613,7,16,4073.10,2026-08-20 00:14:00,SUCCESS
40614,3,20,3456.20,2026-08-20 20:24:00,FAILED
40615,7,7,1269.30,2026-08-16 21:32:00,PENDING
40616,5,5,423.00,2026-08-26 00:08:00,SUCCESS
40617,8,4,1050.70,2026-08-10 21:22:00,REFUNDED
40618,8,18,2141.80,2026-08-20 04:20:00,PENDING
40619,9,19,2000.50,2026-08-19 11:55:00,PENDING
40620,7,11,128.60,2026-08-28 21:55:00,REFUNDED
40621,9,11,4012.00,2026-08-18 19:49:00,PENDING
40622,3,6,2350.10,2026-08-26 14:09:00,FAILED
40623,8,17,3476.90,2026-08-12 17:50:00,FAILED
40624,3,3,2069.80,2026-08-29 23:04:00,SUCCESS
40625,8,19,1697.20,2026-08-29 04:21:00,REFUNDED
40626,5,10,389.20,2026-08-22 07:03:00,SUCCESS
40627,7,16,4553.30,2026-08-25 22:44:00,REFUNDED
40628,1,7,2270.70,2026-08-30 15:37:00,SUCCESS
40629,8,15,2218.70,2026-08-19 18:27:00,SUCCESS
40630,2,6,3832.80,2026-08-20 15:07:00,REFUNDED
40631,8,10,1292.20,2026-08-03 19:45:00,FAILED
40632,5,20,529.90,2026-08-04 13:33:00,REFUNDED
40633,2,13,2992.60,2026-08-09 05:59:00,PENDING
40634,8,6,3406.30,2026-08-08 21:18:00,PENDING
40635,6,3,2572.10,2026-08-04 22:20:00,PENDING
40636,10,18,2584.60,2026-08-24 00:20:00,SUCCESS
40637,2,15,2253.30,2026-08-30 08:33:00,PENDING
40638,3,6,1497.00,2026-08-22 05:18:00,SUCCESS
40639,2,11,4960.70,2026-08-08 10:29:00,SUCCESS
40640,4,18,1549.20,2026-08-16 18:47:00,FAILED
40641,8,14,624.00,2026-08-13 00:19:00,SUCCESS
40642,1,16,3573.50,2026-08-15 09:39:00,REFUNDED
40643,6,5,120.40,2026-08-25 00:58:00,PENDING
40644,1,1,3429.90,2026-08-03 20:28:00,FAILED
40645,5,1,1524.70,2026-08-21 02:11:00,SUCCESS
40646,7,1,1193.60,2026-08-16 22:37:00,PENDING
40647,10,16,3127.10,2026-08-10 09:32:00,REFUNDED
40648,5,3,4804.20,2026-08-25 08:22:00,FAILED
40649,5,13,2151.00,2026-08-07 01:21:00,SUCCESS
40650,10,20,1173.60,2026-08-29 09:20:00,PENDING
40651,10,8,1785.10,2026-08-15 05:19:00,SUCCESS
40652,8,6,4928.50,2026-08-04 05:49:00,FAILED
40653,6,12,1554.80,2026-08-26 19:51:00,PENDING
40654,1,19,4702.20,2026-08-30 00:55:00,REFUNDED
40655,1,1,5000,INVALID_DATE_TIME,SUCCESS
40656,6,16,499.60,2026-08-26 06:30:00,FAILED
40657,1,15,773.80,2026-08-03 07:00:00,SUCCESS
40658,8,14,1342.30,2026-08-25 02:12:00,FAILED
40659,5,12,2761.80,2026-08-10 18:22:00,FAILED
40660,9,13,1346.70,2026-08-02 02:32:00,FAILED
40661,1,1,937.40,2026-08-04 06:52:00,REFUNDED
40662,6,15,4139.00,2026-08-12 12:36:00,PENDING
40663,7,12,722.10,2026-08-12 01:21:00,SUCCESS
40664,4,14,4461.10,2026-08-06 07:39:00,SUCCESS
40665,6,5,4682.80,2026-08-26 21:25:00,PENDING
40666,6,18,557.00,2026-08-21 21:38:00,FAILED
40667,1,17,131.60,2026-08-13 20:48:00,FAILED
40668,9,3,3650.00,2026-08-14 10:55:00,FAILED
40669,3,20,3216.50,2026-08-25 06:49:00,FAILED
40670,4,14,956.00,2026-08-07 03:46:00,PENDING
40671,3,13,1672.30,2026-08-19 13:30:00,PENDING
40672,9,8,4605.50,2026-08-05 17:32:00,SUCCESS
40673,6,5,4159.50,2026-08-01 18:44:00,SUCCESS
40674,1,3,1839.50,2026-08-07 02:26:00,PENDING
40675,10,20,3618.60,2026-08-23 02:59:00,SUCCESS
40676,1,14,2966.60,2026-08-30 06:12:00,PENDING
40677,1,5,4120.80,2026-08-15 18:19:00,PENDING
40678,6,12,3937.60,2026-08-16 15:44:00,SUCCESS
40679,1,8,3037.70,2026-08-23 14:03:00,SUCCESS
40680,4,10,1597.50,2026-08-03 16:40:00,FAILED
40681,6,5,309.80,2026-08-24 19:43:00,FAILED
40682,7,16,2225.80,2026-08-01 16:33:00,SUCCESS
40683,10,10,404.80,2026-08-20 16:08:00,SUCCESS
40684,2,18,3232.30,2026-08-24 08:26:00,PENDING
40685,8,3,2921.40,2026-08-11 16:59:00,FAILED
40686,8,4,2544.50,2026-08-27 11:44:00,FAILED
40687,9,15,3463.20,2026-08-18 12:29:00,SUCCESS
40688,5,19,4150.90,2026-08-20 21:44:00,REFUNDED
40689,10,8,3223.50,2026-08-20 11:31:00,PENDING
40690,3,7,589.90,2026-08-02 03:45:00,REFUNDED
40691,10,15,2520.10,2026-08-10 06:03:00,FAILED
40692,9,13,4794.20,2026-08-06 19:10:00,SUCCESS
40693,2,2,2378.80,2026-08-20 18:07:00,SUCCESS
40694,6,15,2658.40,2026-08-08 14:05:00,PENDING
40695,9,1,1294.90,2026-08-14 03:53:00,PENDING
40696,7,19,4506.20,2026-08-06 05:51:00,REFUNDED
40697,7,11,4497.80,2026-08-30 16:56:00,REFUNDED
40698,3,8,2252.00,2026-08-01 19:49:00,PENDING
40699,3,7,3955.20,2026-08-02 10:33:00,SUCCESS
40700,1,3,1428.30,2026-08-22 13:06:00,PENDING
40701,9,12,307.30,2026-08-18 03:30:00,SUCCESS
40702,3,13,4699.40,2026-08-27 02:59:00,SUCCESS
40703,10,7,525.10,2026-08-05 17:07:00,PENDING
40704,1,1,5000,INVALID_DATE_TIME,SUCCESS
40705,4,17,3924.60,2026-08-21 19:33:00,REFUNDED
40706,10,12,3859.70,2026-08-09 04:24:00,SUCCESS
40707,9,6,424.20,2026-08-28 03:59:00,REFUNDED
40708,3,11,1205.50,2026-08-30 03:38:00,REFUNDED
40709,1,1,NOT_A_NUMBER,2026-08-01 12:00:00,SUCCESS
40710,4,20,2290.70,2026-08-25 16:23:00,FAILED
40711,2,12,1770.10,2026-08-01 09:47:00,REFUNDED
40712,1,7,3719.90,2026-08-27 06:49:00,REFUNDED
40713,1,14,1350.30,2026-08-12 13:01:00,PENDING
40714,9,5,347.20,2026-08-06 01:59:00,FAILED
40715,2,10,1911.60,2026-08-24 12:48:00,PENDING
40716,5,3,151.70,2026-08-20 05:18:00,REFUNDED
40717,6,4,3397.80,2026-08-15 08:31:00,PENDING
40718,4,11,799.70,2026-08-10 21:15:00,FAILED
40719,7,11,1335.70,2026-08-05 15:46:00,SUCCESS
40720,4,14,1881.90,2026-08-30 19:36:00,REFUNDED
40721,9,5,2213.50,2026-08-11 14:43:00,FAILED
40722,6,18,2346.90,2026-08-13 22:10:00,REFUNDED
40723,9,3,2951.40,2026-08-09 17:12:00,REFUNDED
40724,1,17,4130.20,2026-08-23 21:34:00,PENDING
40725,3,11,1789.00,2026-08-20 22:33:00,SUCCESS
40726,3,17,3422.00,2026-08-07 03:34:00,SUCCESS
40727,7,9,708.20,2026-08-02 04:08:00,PENDING
40728,10,8,2918.20,2026-08-05 16:58:00,PENDING
40729,5,4,1768.20,2026-08-13 15:12:00,PENDING
40730,6,17,612.40,2026-08-04 06:21:00,PENDING
40731,1,15,4555.20,2026-08-30 11:13:00,SUCCESS
40732,5,2,821.40,2026-08-17 01:57:00,PENDING
40733,6,19,4810.10,2026-08-24 00:42:00,FAILED
40734,10,13,2301.00,2026-08-09 06:54:00,SUCCESS
40735,9,7,4296.40,2026-08-30 02:19:00,FAILED
40736,9,7,3582.40,2026-08-07 11:39:00,PENDING
40737,8,9,1581.10,2026-08-14 22:18:00,REFUNDED
40738,5,18,310.50,2026-08-06 05:04:00,FAILED
40739,5,2,876.00,2026-08-31 00:07:00,SUCCESS
40740,10,10,2785.40,2026-08-19 13:26:00,REFUNDED
40741,5,7,65.10,2026-08-20 04:31:00,REFUNDED
40742,3,3,4926.40,2026-08-24 03:52:00,FAILED
40743,7,18,4990.90,2026-08-02 06:23:00,FAILED
40744,10,16,3087.00,2026-08-09 19:59:00,SUCCESS
40745,6,3,1214.50,2026-08-11 09:36:00,FAILED
40746,2,19,1335.00,2026-08-11 18:52:00,FAILED
40747,1,17,1497.90,2026-08-14 00:29:00,REFUNDED
40748,1,20,4974.20,2026-08-09 02:04:00,PENDING
40749,9,2,97.10,2026-08-04 01:53:00,PENDING
40750,2,4,496.30,2026-08-31 02:36:00,SUCCESS
40751,1,11,2417.80,2026-08-12 15:28:00,SUCCESS
40752,3,17,2993.60,2026-08-19 14:28:00,FAILED
40753,10,18,170.50,2026-08-21 16:50:00,REFUNDED
40754,3,15,183.70,2026-08-24 10:19:00,PENDING
40755,8,20,3035.50,2026-08-16 01:11:00,PENDING
40756,2,19,2819.40,2026-08-26 05:32:00,REFUNDED
40757,5,11,5019.80,2026-08-22 04:33:00,PENDING
40758,1,19,4751.30,2026-08-23 19:37:00,PENDING
40759,5,12,2085.00,2026-08-04 18:49:00,REFUNDED
40760,3,3,1100.30,2026-08-09 22:29:00,REFUNDED
40761,4,16,157.30,2026-08-24 22:28:00,PENDING
40762,3,19,2343.20,2026-08-28 06:16:00,REFUNDED
40763,1,100.00
40764,5,7,4179.10,2026-08-13 19:32:00,REFUNDED
40765,8,15,546.40,2026-08-24 17:40:00,REFUNDED
40766,4,2,4847.60,2026-08-31 04:33:00,PENDING
40767,8,5,2248.90,2026-08-15 13:38:00,REFUNDED
40768,10,4,166.10,2026-08-05 12:49:00,REFUNDED
40769,4,5,1905.20,2026-08-22 11:17:00,FAILED
40770,7,11,2489.30,2026-08-01 20:51:00,REFUNDED
40771,1,3,3746.50,2026-08-10 15:11:00,PENDING
40772,1,6,2604.80,2026-08-08 09:46:00,SUCCESS
40773,4,3,4225.30,2026-08-16 22:03:00,REFUNDED
40774,8,15,1887.10,2026-08-30 00:26:00,PENDING
40775,10,4,3523.10,2026-08-05 10:58:00,PENDING
40776,7,4,1966.00,2026-08-10 16:32:00,PENDING
40777,10,4,2002.80,2026-08-20 07:00:00,REFUNDED
40778,10,15,1417.30,2026-08-01 10:33:00,SUCCESS
40779,9,17,527.20,2026-08-25 04:00:00,FAILED
40780,8,3,3921.60,2026-08-15 12:19:00,FAILED
40781,4,5,3043.70,2026-08-19 17:32:00,SUCCESS
40782,2,1,2358.60,2026-08-19 01:53:00,REFUNDED
40783,8,3,403.00,2026-08-14 01:39:00,REFUNDED
40784,10,11,392.10,2026-08-24 15:15:00,REFUNDED
40785,9,11,4405.70,2026-08-19 09:38:00,SUCCESS
40786,9,2,4217.00,2026-08-21 22:14:00,REFUNDED
40787,1,1,5000,INVALID_DATE_TIME,SUCCESS
40788,7,7,1474.90,2026-08-18 15:13:00,SUCCESS
40789,5,12,1671.20,2026-08-25 11:29:00,SUCCESS
40790,2,15,2465.90,2026-08-23 08:12:00,PENDING
40791,1,15,4944.10,2026-08-21 05:33:00,REFUNDED
40792,1,8,2593.30,2026-08-26 00:38:00,SUCCESS
40793,1,1,NOT_A_NUMBER,2026-08-01 12:00:00,SUCCESS
40794,4,12,2337.10,2026-08-04 21:24:00,REFUNDED
40795,6,7,2504.50,2026-08-27 21:30:00,FAILED
40796,8,8,1119.50,2026-08-22 14:39:00,FAILED
40797,7,7,840.40,2026-08-28 05:45:00,SUCCESS
40798,6,2,1883.50,2026-08-08 01:58:00,SUCCESS
40799,7,10,1585.90,2026-08-13 18:33:00,SUCCESS
40800,3,5,242.60,2026-08-08 21:06:00,SUCCESS
40801,3,11,4474.10,2026-08-03 01:09:00,SUCCESS
40802,8,9,3740.60,2026-08-29 16:21:00,FAILED
40803,2,3,4638.00,2026-08-28 10:44:00,SUCCESS
40804,7,12,2689.10,2026-08-19 14:37:00,PENDING
40805,2,4,4079.70,2026-08-29 22:30:00,PENDING
40806,1,6,4025.40,2026-08-19 03:49:00,SUCCESS
40807,1,16,2637.00,2026-08-30 10:32:00,PENDING
40808,8,1,4660.80,2026-08-04 01:40:00,REFUNDED
40809,5,13,4968.10,2026-08-11 04:07:00,REFUNDED
40810,1,14,1180.30,2026-08-12 22:20:00,PENDING
40811,2,6,4906.30,2026-08-24 06:43:00,SUCCESS
40812,5,13,2125.00,2026-08-10 03:43:00,SUCCESS
40813,3,10,1082.40,2026-08-26 13:05:00,SUCCESS
40814,7,2,2977.00,2026-08-18 12:17:00,FAILED
40815,3,4,3947.60,2026-08-04 14:59:00,FAILED
40816,6,13,2133.10,2026-08-01 12:06:00,REFUNDED
40817,10,5,3611.50,2026-08-02 15:07:00,SUCCESS
40818,5,8,2532.10,2026-08-10 13:37:00,REFUNDED
40819,3,3,2844.00,2026-08-17 14:33:00,SUCCESS
40820,5,2,2646.70,2026-08-24 18:58:00,FAILED
40821,10,17,256.90,2026-08-10 06:06:00,FAILED
40822,4,18,2878.00,2026-08-28 14:15:00,SUCCESS
40823,2,17,1274.50,2026-08-28 05:37:00,FAILED
40824,2,8,1322.40,2026-08-27 08:07:00,FAILED
40825,5,1,2645.00,2026-08-29 18:58:00,SUCCESS
40826,3,1,501.50,2026-08-22 05:41:00,SUCCESS
40827,2,8,2784.80,2026-08-18 17:16:00,PENDING
40828,4,2,471.50,2026-08-25 19:55:00,SUCCESS
40829,7,19,4291.00,2026-08-03 08:47:00,SUCCESS
40830,7,9,2448.70,2026-08-16 00:42:00,FAILED
40831,5,14,4043.40,2026-08-12 22:02:00,REFUNDED
40832,3,5,5011.40,2026-08-05 04:55:00,PENDING
40833,7,19,2789.00,2026-08-16 22:31:00,PENDING
40834,3,20,1844.00,2026-08-17 19:02:00,FAILED
40835,5,20,656.40,2026-08-29 00:39:00,FAILED
40836,4,19,3856.50,2026-08-01 23:13:00,REFUNDED
40837,8,2,4046.70,2026-08-12 08:11:00,REFUNDED
40838,6,10,3823.40,2026-08-09 13:29:00,PENDING
40839,5,6,1241.60,2026-08-20 23:40:00,REFUNDED
40840,1,13,69.10,2026-08-17 10:06:00,PENDING
40841,1,1,NOT_A_NUMBER,2026-08-01 12:00:00,SUCCESS
40842,4,6,3683.10,2026-08-06 16:17:00,SUCCESS
40843,6,17,599.30,2026-08-18 04:52:00,PENDING
40844,3,10,62.70,2026-08-17 17:07:00,REFUNDED
40845,4,18,2991.20,2026-08-06 16:47:00,FAILED
40846,1,19,418.90,2026-08-14 23:37:00,PENDING
40847,5,12,1438.60,2026-08-27 02:48:00,SUCCESS
40848,3,10,1623.90,2026-08-26 09:19:00,PENDING
40849,3,8,1773.10,2026-08-08 06:59:00,REFUNDED
40850,8,9,298.30,2026-08-04 15:17:00,REFUNDED
40851,9,4,785.20,2026-08-19 19:21:00,FAILED
40852,2,3,3353.00,2026-08-09 16:11:00,FAILED
40853,1,12,4694.80,2026-08-26 08:08:00,SUCCESS
40854,1,13,2253.70,2026-08-04 04:49:00,PENDING
40855,2,16,3923.20,2026-08-01 08:09:00,FAILED
40856,10,17,3135.30,2026-08-11 20:33:00,FAILED
40857,1,9,4321.50,2026-08-19 08:34:00,PENDING
40858,7,14,4498.30,2026-08-20 01:59:00,SUCCESS
40859,4,20,3452.10,2026-08-19 06:45:00,REFUNDED
40860,9,13,319.40,2026-08-05 03:46:00,SUCCESS
40861,3,2,2110.80,2026-08-27 10:30:00,FAILED
40862,2,20,1120.20,2026-08-25 03:20:00,PENDING
40863,10,13,2865.30,2026-08-22 23:06:00,PENDING
40864,7,10,3330.80,2026-08-05 03:16:00,FAILED
40865,1,9,543.10,2026-08-24 04:06:00,PENDING
40866,8,7,1955.00,2026-08-26 21:34:00,PENDING
40867,9,15,2515.40,2026-08-14 18:40:00,REFUNDED
40868,7,4,715.20,2026-08-10 06:05:00,REFUNDED
40869,9,15,4913.80,2026-08-30 08:13:00,FAILED
40870,1,12,120.30,2026-08-20 17:14:00,FAILED
40871,6,17,4715.50,2026-08-17 15:03:00,SUCCESS
40872,4,8,4583.70,2026-08-29 00:27:00,REFUNDED
40873,8,20,3542.90,2026-08-11 09:33:00,REFUNDED
40874,9,16,4367.60,2026-08-16 01:01:00,FAILED
40875,4,19,3379.50,2026-08-16 06:31:00,FAILED
40876,3,20,3397.00,2026-08-01 16:13:00,FAILED
40877,5,12,3280.00,2026-08-26 19:46:00,SUCCESS
40878,10,5,1734.70,2026-08-02 09:45:00,FAILED
40879,7,3,4079.40,2026-08-11 16:23:00,REFUNDED
40880,9,4,4946.20,2026-08-03 04:29:00,FAILED
40881,2,15,1352.50,2026-08-25 00:58:00,SUCCESS
40882,8,4,367.40,2026-08-03 00:37:00,PENDING
40883,4,15,953.50,2026-08-07 08:44:00,FAILED
40884,5,2,4676.50,2026-08-13 07:04:00,FAILED
40885,9,7,3334.60,2026-08-11 11:23:00,FAILED
40886,7,10,953.50,2026-08-13 08:41:00,FAILED
40887,9,17,3401.30,2026-08-18 14:07:00,PENDING
40888,5,14,4648.20,2026-08-31 06:44:00,FAILED
40889,4,16,4266.80,2026-08-05 22:43:00,SUCCESS
40890,1,1,5000,2026-08-01 12:00:00,UNKNOWN_STATUS
40891,6,11,3486.30,2026-08-15 19:42:00,SUCCESS
40892,9,5,1222.90,2026-08-25 10:22:00,FAILED
40893,3,19,3621.80,2026-08-05 12:46:00,PENDING
40894,5,5,3438.40,2026-08-21 19:20:00,SUCCESS
40895,6,4,2985.40,2026-08-21 11:37:00,PENDING
40896,1,7,2248.60,2026-08-24 00:19:00,PENDING
40897,5,14,4649.40,2026-08-25 04:39:00,REFUNDED
40898,5,18,3293.00,2026-08-16 17:50:00,REFUNDED
40899,6,17,4654.50,2026-08-17 07:44:00,FAILED
40900,8,16,2131.60,2026-08-02 11:12:00,FAILED
40901,7,17,1355.10,2026-08-01 11:38:00,REFUNDED
40902,10,7,2160.50,2026-08-27 04:35:00,FAILED
40903,10,9,3561.50,2026-08-01 12:30:00,PENDING
40904,6,14,2746.10,2026-08-03 06:30:00,REFUNDED
40905,2,3,4911.90,2026-08-22 16:02:00,SUCCESS
40906,3,5,3253.10,2026-08-18 21:32:00,PENDING
40907,9,10,1527.50,2026-08-23 04:52:00,PENDING
40908,8,4,2653.00,2026-08-24 03:22:00,FAILED
40909,3,17,2704.10,2026-08-07 00:53:00,PENDING
40910,8,8,2869.70,2026-08-15 23:45:00,PENDING
40911,4,8,3731.80,2026-08-26 17:48:00,FAILED
40912,1,11,3579.90,2026-08-27 18:42:00,SUCCESS
40913,10,2,1425.70,2026-08-05 19:26:00,PENDING
40914,2,19,3608.50,2026-08-24 17:48:00,PENDING
40915,4,19,217.90,2026-08-20 06:30:00,REFUNDED
40916,9,7,2052.10,2026-08-01 20:22:00,SUCCESS
40917,7,13,2114.60,2026-08-14 20:58:00,REFUNDED
40918,1,19,365.10,2026-08-03 01:03:00,REFUNDED
40919,3,18,1911.50,2026-08-06 07:31:00,PENDING
40920,2,19,4596.00,2026-08-06 03:10:00,SUCCESS
40921,2,13,4701.10,2026-08-12 12:58:00,PENDING
40922,3,13,1052.90,2026-08-03 21:04:00,REFUNDED
40923,8,10,438.00,2026-08-19 10:20:00,REFUNDED
40924,1,1,5000,2026-08-01 12:00:00,UNKNOWN_STATUS
40925,9,2,2883.50,2026-08-26 17:55:00,FAILED
40926,1,6,3577.90,2026-08-16 03:41:00,SUCCESS
40927,4,15,74.80,2026-08-25 14:07:00,PENDING
40928,4,13,3591.00,2026-08-28 12:14:00,FAILED
40929,5,20,2915.00,2026-08-07 13:08:00,SUCCESS
40930,10,18,3441.10,2026-08-12 23:30:00,FAILED
40931,9,12,1304.50,2026-08-11 23:10:00,SUCCESS
40932,1,5,4701.40,2026-08-18 09:28:00,PENDING
40933,1,2,4093.00,2026-08-06 11:18:00,REFUNDED
40934,1,18,4281.30,2026-08-29 16:07:00,FAILED
40935,4,18,2618.90,2026-08-27 04:21:00,FAILED
40936,8,7,3444.20,2026-08-16 13:47:00,FAILED
40937,4,10,184.90,2026-08-20 02:55:00,SUCCESS
40938,8,6,3591.60,2026-08-08 16:34:00,PENDING
40939,6,9,3153.60,2026-08-22 00:23:00,REFUNDED
40940,1,1,5000,INVALID_DATE_TIME,SUCCESS
40941,9,12,3663.20,2026-08-06 01:11:00,SUCCESS
40942,5,2,4376.70,2026-08-02 04:10:00,SUCCESS
40943,3,16,1265.90,2026-08-20 16:32:00,SUCCESS
40944,7,7,1837.80,2026-08-04 03:45:00,PENDING
40945,2,17,3040.70,2026-08-09 22:43:00,REFUNDED
40946,9,13,511.20,2026-08-19 20:28:00,PENDING
40947,3,9,1748.20,2026-08-30 06:49:00,SUCCESS
40948,9,6,2750.80,2026-08-03 21:23:00,PENDING
40949,8,7,1838.60,2026-08-30 19:40:00,PENDING
40950,6,13,1653.40,2026-08-18 19:44:00,FAILED
40951,8,16,432.00,2026-08-17 07:59:00,PENDING
40952,9,3,992.10,2026-08-14 12:03:00,REFUNDED
40953,5,1,1244.10,2026-08-18 22:53:00,PENDING
40954,9,7,2615.60,2026-08-13 12:57:00,PENDING
40955,8,2,2987.70,2026-08-22 22:48:00,REFUNDED
40956,2,13,4079.70,2026-08-13 20:41:00,SUCCESS
40957,3,20,3227.00,2026-08-07 07:46:00,SUCCESS
40958,6,11,2562.40,2026-08-22 05:03:00,SUCCESS
40959,7,10,1585.10,2026-08-28 03:34:00,FAILED
40960,5,18,3629.40,2026-08-12 07:33:00,PENDING
40961,5,2,175.40,2026-08-22 06:32:00,SUCCESS
40962,9,16,4736.20,2026-08-11 16:48:00,SUCCESS
40963,6,10,2137.50,2026-08-17 00:43:00,REFUNDED
40964,6,11,3369.10,2026-08-18 17:28:00,REFUNDED
40965,6,5,265.40,2026-08-19 17:33:00,FAILED
40966,1,16,1906.30,2026-08-28 23:03:00,SUCCESS
40967,4,19,2635.20,2026-08-10 18:49:00,PENDING
40968,6,4,4125.90,2026-08-14 04:57:00,PENDING
40969,7,17,4169.10,2026-08-18 02:50:00,SUCCESS
40970,10,9,4343.40,2026-08-08 15:30:00,PENDING
40971,7,7,2422.40,2026-08-27 06:19:00,SUCCESS
40972,9,1,2148.00,2026-08-09 07:09:00,REFUNDED
40973,3,4,3711.70,2026-08-01 09:44:00,PENDING
40974,3,19,4644.90,2026-08-06 15:46:00,FAILED
40975,7,11,4190.70,2026-08-16 01:08:00,REFUNDED
40976,3,9,436.80,2026-08-20 05:12:00,SUCCESS
40977,2,17,2662.60,2026-08-02 05:14:00,REFUNDED
40978,1,100.00
40979,4,11,3898.00,2026-08-23 16:03:00,SUCCESS
40980,1,1,NOT_A_NUMBER,2026-08-01 12:00:00,SUCCESS
40981,3,18,4698.40,2026-08-23 18:34:00,PENDING
40982,7,19,3797.40,2026-08-01 10:53:00,PENDING
40983,9,18,499.80,2026-08-02 15:55:00,SUCCESS
40984,1,11,546.80,2026-08-29 10:32:00,PENDING
40985,1,1,NOT_A_NUMBER,2026-08-01 12:00:00,SUCCESS
40986,2,12,1886.00,2026-08-09 02:34:00,SUCCESS
40987,6,16,3952.30,2026-08-15 02:11:00,SUCCESS
40988,6,18,239.80,2026-08-09 21:54:00,SUCCESS
40989,8,3,4102.40,2026-08-08 07:22:00,PENDING
40990,7,15,2647.20,2026-08-07 03:31:00,REFUNDED
40991,3,7,3010.60,2026-08-24 12:53:00,SUCCESS
40992,3,20,3846.60,2026-08-21 21:54:00,REFUNDED
40993,8,7,121.40,2026-08-27 07:43:00,PENDING
40994,6,3,3763.20,2026-08-30 08:22:00,SUCCESS
40995,5,13,2083.70,2026-08-20 11:05:00,REFUNDED
40996,8,15,1959.80,2026-08-27 09:17:00,FAILED
40997,5,5,481.80,2026-08-28 05:28:00,FAILED
40998,1,12,2818.60,2026-08-13 01:34:00,SUCCESS
40999,1,14,4546.90,2026-08-05 21:16:00,PENDING
41000,1,1,3835.70,2026-08-30 15:25:00,REFUNDED
41001,6,15,655.20,2026-08-17 23:13:00,SUCCESS
41002,7,18,4273.50,2026-08-28 20:42:00,REFUNDED
41003,9,16,259.20,2026-08-27 06:18:00,SUCCESS
41004,7,16,3380.30,2026-08-06 23:42:00,REFUNDED
41005,10,3,2993.20,2026-08-11 00:01:00,FAILED
41006,5,8,921.60,2026-08-07 05:55:00,REFUNDED
41007,2,1,453.80,2026-08-03 21:25:00,FAILED
41008,6,20,4034.90,2026-08-26 09:39:00,FAILED
41009,4,9,1243.30,2026-08-03 01:39:00,FAILED
41010,3,13,1935.40,2026-08-09 20:08:00,FAILED
41011,6,18,323.50,2026-08-11 21:36:00,REFUNDED
41012,1,13,2855.70,2026-08-16 14:35:00,REFUNDED
41013,9,10,844.60,2026-08-03 10:33:00,REFUNDED
41014,9,7,4809.30,2026-08-02 18:12:00,FAILED
41015,7,19,1784.00,2026-08-06 00:51:00,REFUNDED
41016,7,16,2062.20,2026-08-04 00:58:00,REFUNDED
41017,3,13,2135.90,2026-08-17 12:31:00,FAILED
41018,7,11,5028.00,2026-08-18 07:20:00,PENDING
41019,9,3,1944.30,2026-08-30 20:03:00,REFUNDED
41020,3,3,2250.20,2026-08-04 17:52:00,FAILED
41021,9,11,4039.60,2026-08-08 04:49:00,REFUNDED
41022,5,18,2737.60,2026-08-20 00:59:00,SUCCESS
41023,2,20,1262.90,2026-08-08 23:35:00,FAILED
41024,5,14,3726.80,2026-08-13 19:43:00,REFUNDED
41025,7,12,3455.10,2026-08-20 12:23:00,FAILED
41026,1,7,922.20,2026-08-06 11:10:00,REFUNDED
41027,8,13,1957.40,2026-08-08 15:34:00,SUCCESS
41028,4,2,1131.90,2026-08-20 11:58:00,FAILED
41029,1,14,3482.40,2026-08-09 23:57:00,SUCCESS
41030,5,3,1803.10,2026-08-07 10:25:00,PENDING
41031,10,18,974.50,2026-08-14 09:42:00,SUCCESS
41032,8,16,1940.00,2026-08-25 17:23:00,REFUNDED
41033,4,4,999.30,2026-08-10 18:23:00,PENDING
41034,4,20,3237.80,2026-08-01 13:19:00,PENDING
41035,4,4,4457.20,2026-08-31 07:29:00,PENDING
41036,9,6,2858.60,2026-08-31 07:00:00,FAILED
41037,8,11,2883.50,2026-08-02 12:53:00,PENDING
41038,5,9,4564.00,2026-08-29 03:33:00,SUCCESS
41039,1,11,1389.20,2026-08-30 18:58:00,PENDING
41040,2,20,4438.60,2026-08-07 05:50:00,PENDING
41041,6,10,1323.10,2026-08-11 05:42:00,PENDING
41042,4,12,3061.40,2026-08-30 12:47:00,PENDING
41043,7,20,4238.70,2026-08-19 18:21:00,SUCCESS
41044,8,12,2840.90,2026-08-31 04:44:00,PENDING
41045,10,3,3906.90,2026-08-03 00:48:00,REFUNDED
41046,3,13,103.60,2026-08-15 21:04:00,FAILED
41047,10,19,104.10,2026-08-09 06:15:00,FAILED
41048,3,13,1536.40,2026-08-25 11:38:00,FAILED
41049,1,2,3516.00,2026-08-26 22:38:00,SUCCESS
41050,7,2,4282.70,2026-08-21 01:13:00,SUCCESS
41051,10,18,2701.30,2026-08-16 07:54:00,REFUNDED
41052,4,15,164.30,2026-08-20 00:08:00,SUCCESS
41053,5,13,1340.60,2026-08-05 06:29:00,REFUNDED
41054,10,7,2545.10,2026-08-23 18:36:00,REFUNDED
41055,9,9,5020.40,2026-08-17 07:44:00,SUCCESS
41056,3,2,2224.00,2026-08-30 15:09:00,FAILED
41057,2,1,3710.50,2026-08-25 01:57:00,FAILED
41058,3,18,1081.80,2026-08-15 03:05:00,PENDING
41059,3,18,492.90,2026-08-15 02:46:00,SUCCESS
41060,4,2,3916.90,2026-08-03 00:37:00,SUCCESS
41061,7,18,2696.00,2026-08-15 22:51:00,FAILED
41062,2,14,4370.40,2026-08-27 10:43:00,FAILED
41063,2,5,82.10,2026-08-27 02:42:00,SUCCESS
41064,10,10,1743.50,2026-08-25 16:14:00,FAILED
41065,10,20,166.70,2026-08-25 04:34:00,FAILED
41066,10,18,2956.90,2026-08-16 21:46:00,PENDING
41067,10,20,2735.00,2026-08-21 13:08:00,PENDING
41068,9,7,1561.40,2026-08-02 07:25:00,PENDING
41069,8,7,4305.10,2026-08-04 17:19:00,SUCCESS
41070,7,3,1929.80,2026-08-20 05:09:00,SUCCESS
41071,5,8,3627.10,2026-08-10 09:40:00,REFUNDED
41072,7,7,4529.90,2026-08-10 09:40:00,FAILED
41073,2,16,427.00,2026-08-25 11:20:00,REFUNDED
41074,3,13,4248.00,2026-08-28 10:26:00,PENDING
41075,4,17,1830.40,2026-08-08 14:54:00,SUCCESS
41076,5,8,4872.50,2026-08-22 21:37:00,PENDING
41077,1,20,602.40,2026-08-12 18:08:00,PENDING
41078,3,16,3882.00,2026-08-27 13:02:00,REFUNDED
41079,3,9,4462.60,2026-08-13 20:52:00,REFUNDED
41080,2,2,4323.10,2026-08-10 10:40:00,PENDING
41081,2,19,4424.20,2026-08-29 10:11:00,REFUNDED
41082,5,3,5029.10,2026-08-12 21:29:00,FAILED
41083,1,15,3643.30,2026-08-21 04:37:00,PENDING
41084,4,3,3316.40,2026-08-18 08:34:00,REFUNDED
41085,8,1,1328.70,2026-08-13 23:22:00,SUCCESS
41086,3,3,1298.70,2026-08-17 04:52:00,FAILED
41087,3,19,2830.10,2026-08-27 17:15:00,FAILED
41088,4,19,2123.40,2026-08-25 05:40:00,REFUNDED
41089,6,20,3755.80,2026-08-22 07:16:00,FAILED
41090,2,15,461.20,2026-08-05 20:55:00,SUCCESS
41091,10,9,739.20,2026-08-02 17:05:00,REFUNDED
41092,5,9,3897.80,2026-08-06 01:27:00,SUCCESS
41093,3,17,4040.40,2026-08-03 21:30:00,REFUNDED
41094,9,18,2515.00,2026-08-07 02:15:00,PENDING
41095,10,13,4673.50,2026-08-05 18:11:00,SUCCESS
41096,3,10,3880.10,2026-08-13 01:19:00,REFUNDED
41097,8,2,4297.20,2026-08-15 16:33:00,SUCCESS
41098,7,8,2924.70,2026-08-26 09:05:00,SUCCESS
41099,4,6,1011.10,2026-08-14 17:37:00,SUCCESS
41100,6,20,2636.90,2026-08-26 23:49:00,SUCCESS
41101,3,18,1110.70,2026-08-18 01:49:00,FAILED
41102,3,16,1720.30,2026-08-02 00:05:00,PENDING
41103,1,100.00
41104,7,19,4827.90,2026-08-24 12:50:00,PENDING
41105,2,18,1179.60,2026-08-29 13:02:00,FAILED
41106,3,7,1674.30,2026-08-30 22:16:00,REFUNDED
41107,6,11,4923.10,2026-08-27 06:31:00,FAILED
41108,9,11,3720.00,2026-08-23 22:11:00,SUCCESS
41109,1,20,3727.00,2026-08-17 13:59:00,REFUNDED
41110,2,1,3248.00,2026-08-24 02:01:00,FAILED
41111,1,6,4319.10,2026-08-04 18:37:00,SUCCESS
41112,8,7,1517.80,2026-08-20 09:27:00,PENDING
41113,1,18,2806.70,2026-08-10 13:42:00,REFUNDED
41114,10,7,2082.10,2026-08-16 14:33:00,FAILED
41115,4,17,4306.00,2026-08-20 14:26:00,PENDING
41116,9,3,2531.50,2026-08-18 15:37:00,FAILED
41117,2,18,4895.90,2026-08-17 21:34:00,FAILED
41118,8,2,2874.40,2026-08-08 14:58:00,REFUNDED
41119,10,1,3044.70,2026-08-05 18:01:00,REFUNDED
41120,5,14,1405.30,2026-08-11 17:05:00,SUCCESS
41121,2,20,3936.00,2026-08-01 16:36:00,FAILED
41122,1,19,2294.00,2026-08-21 03:08:00,SUCCESS
41123,2,20,4412.10,2026-08-13 16:07:00,REFUNDED
41124,9,19,1511.40,2026-08-20 15:21:00,SUCCESS
41125,3,5,1131.50,2026-08-08 19:32:00,SUCCESS
41126,8,3,1336.40,2026-08-30 04:38:00,REFUNDED
41127,7,14,2138.10,2026-08-20 23:04:00,FAILED
41128,5,19,1111.30,2026-08-12 05:51:00,REFUNDED
41129,3,18,2804.90,2026-08-05 19:41:00,REFUNDED
41130,10,4,824.00,2026-08-17 13:59:00,SUCCESS
41131,5,4,224.90,2026-08-27 08:43:00,FAILED
41132,2,17,1432.00,2026-08-09 13:41:00,REFUNDED
41133,6,19,1950.10,2026-08-11 20:58:00,PENDING
41134,7,15,3788.20,2026-08-20 05:14:00,FAILED
41135,6,19,2114.30,2026-08-26 01:04:00,PENDING
41136,9,3,3693.40,2026-08-11 13:22:00,FAILED
41137,8,3,2409.80,2026-08-07 06:58:00,FAILED
41138,3,2,3392.10,2026-08-07 22:25:00,SUCCESS
41139,5,8,483.00,2026-08-30 12:34:00,PENDING
41140,9,12,753.00,2026-08-20 13:58:00,FAILED
41141,2,3,3628.20,2026-08-03 17:37:00,FAILED
41142,4,19,1141.10,2026-08-05 18:55:00,FAILED
41143,3,9,3013.50,2026-08-10 15:29:00,SUCCESS
41144,10,11,333.50,2026-08-20 02:21:00,SUCCESS
41145,1,2,3189.80,2026-08-01 23:55:00,FAILED
41146,9,15,647.50,2026-08-20 01:54:00,SUCCESS
41147,7,14,1467.70,2026-08-19 19:31:00,REFUNDED
41148,5,19,1587.20,2026-08-19 18:21:00,PENDING
41149,9,14,3555.40,2026-08-25 18:11:00,REFUNDED
41150,3,10,3502.70,2026-08-12 15:31:00,PENDING
41151,5,15,2890.40,2026-08-08 08:19:00,REFUNDED
41152,9,15,3318.90,2026-08-30 02:47:00,REFUNDED
41153,1,17,3547.00,2026-08-17 19:02:00,PENDING
41154,6,16,2700.80,2026-08-27 15:23:00,REFUNDED
41155,2,15,4674.10,2026-08-13 01:24:00,SUCCESS
41156,8,15,3652.60,2026-08-26 13:59:00,SUCCESS
41157,6,14,762.90,2026-08-19 16:36:00,SUCCESS
41158,10,18,4824.20,2026-08-06 02:43:00,FAILED
41159,5,18,1167.50,2026-08-08 23:21:00,PENDING
41160,2,2,3501.00,2026-08-20 09:43:00,REFUNDED
41161,5,7,772.40,2026-08-05 22:16:00,SUCCESS
41162,1,1,2645.60,2026-08-06 14:08:00,PENDING
41163,4,3,125.30,2026-08-26 01:58:00,SUCCESS
41164,2,8,833.80,2026-08-04 09:57:00,FAILED
41165,9,6,2277.30,2026-08-08 23:20:00,REFUNDED
41166,8,4,374.80,2026-08-12 09:45:00,REFUNDED
41167,9,18,549.80,2026-08-06 13:23:00,PENDING
41168,8,10,530.70,2026-08-28 07:26:00,REFUNDED
41169,9,7,3203.80,2026-08-04 11:26:00,FAILED
41170,9,20,307.20,2026-08-03 22:09:00,PENDING
41171,10,12,4328.80,2026-08-06 04:56:00,SUCCESS
41172,2,18,1381.50,2026-08-15 15:31:00,FAILED
41173,3,14,1814.90,2026-08-28 20:28:00,FAILED
41174,8,4,3722.00,2026-08-06 07:34:00,SUCCESS
41175,8,2,946.70,2026-08-31 04:11:00,SUCCESS
41176,2,17,2364.90,2026-08-18 11:50:00,SUCCESS
41177,3,3,4657.70,2026-08-17 16:03:00,FAILED
41178,2,9,679.40,2026-08-10 22:19:00,FAILED
41179,1,6,3192.50,2026-08-21 03:59:00,PENDING
41180,2,12,3742.00,2026-08-12 03:59:00,REFUNDED
41181,3,12,944.50,2026-08-17 23:00:00,SUCCESS
41182,5,11,2890.20,2026-08-10 18:26:00,PENDING
41183,7,18,3094.70,2026-08-24 12:00:00,SUCCESS
41184,1,100.00
41185,3,8,2296.70,2026-08-18 00:13:00,PENDING
41186,4,3,3415.70,2026-08-14 00:54:00,PENDING
41187,3,1,3585.30,2026-08-16 00:10:00,PENDING
41188,1,13,2905.50,2026-08-03 19:24:00,PENDING
41189,5,9,4330.90,2026-08-25 08:08:00,SUCCESS
41190,4,8,702.10,2026-08-24 20:09:00,REFUNDED
41191,1,16,1892.50,2026-08-19 04:04:00,REFUNDED
41192,9,7,988.30,2026-08-30 05:59:00,PENDING
41193,10,6,2680.70,2026-08-05 14:19:00,REFUNDED
41194,9,1,4075.80,2026-08-14 04:59:00,FAILED
41195,4,6,2314.70,2026-08-31 03:58:00,SUCCESS
41196,8,3,2250.90,2026-08-17 11:18:00,PENDING
41197,4,10,340.40,2026-08-22 00:46:00,REFUNDED
41198,6,16,4681.90,2026-08-25 22:22:00,SUCCESS
41199,2,16,3228.80,2026-08-13 04:00:00,REFUNDED
41200,9,10,1031.40,2026-08-15 01:24:00,FAILED
41201,5,17,259.50,2026-08-26 01:34:00,PENDING
41202,10,1,1551.10,2026-08-09 21:51:00,FAILED
41203,2,3,1056.70,2026-08-26 08:33:00,PENDING
41204,1,100.00
41205,8,6,421.10,2026-08-12 15:01:00,FAILED
41206,8,20,3194.00,2026-08-18 20:30:00,REFUNDED
41207,4,16,1651.20,2026-08-12 16:04:00,FAILED
41208,1,19,4584.20,2026-08-25 09:51:00,PENDING
41209,1,1,NOT_A_NUMBER,2026-08-01 12:00:00,SUCCESS
41210,5,5,1498.80,2026-08-04 11:46:00,FAILED
41211,8,12,4008.90,2026-08-22 00:24:00,FAILED
41212,9,13,2287.20,2026-08-06 10:00:00,PENDING
41213,4,10,1920.40,2026-08-26 01:27:00,PENDING
41214,7,4,559.60,2026-08-03 16:39:00,FAILED
41215,9,14,3045.80,2026-08-24 22:08:00,PENDING
41216,1,17,1762.00,2026-08-10 20:06:00,SUCCESS
41217,5,6,4258.10,2026-08-31 01:22:00,SUCCESS
41218,6,15,4828.20,2026-08-10 12:11:00,FAILED
41219,5,5,3221.50,2026-08-20 16:48:00,FAILED
41220,2,2,3555.60,2026-08-14 22:03:00,SUCCESS
41221,1,7,735.40,2026-08-25 10:22:00,PENDING
41222,2,8,1278.30,2026-08-13 16:36:00,FAILED
41223,3,13,2291.00,2026-08-23 13:36:00,PENDING
41224,6,4,2582.40,2026-08-02 07:45:00,FAILED
41225,1,20,1964.30,2026-08-18 22:14:00,SUCCESS
41226,3,12,3485.10,2026-08-15 06:43:00,SUCCESS
41227,1,14,479.50,2026-08-30 22:36:00,SUCCESS
41228,5,4,4866.20,2026-08-23 04:07:00,SUCCESS
41229,9,9,1592.90,2026-08-23 07:01:00,PENDING
41230,1,17,486.40,2026-08-12 15:58:00,FAILED
41231,9,18,3795.60,2026-08-02 05:33:00,SUCCESS
41232,10,13,3322.20,2026-08-12 12:23:00,REFUNDED
41233,2,18,82.90,2026-08-11 20:34:00,FAILED
41234,4,11,1325.30,2026-08-13 14:39:00,PENDING
41235,6,20,2135.20,2026-08-23 21:09:00,REFUNDED
41236,4,16,2159.90,2026-08-15 21:01:00,PENDING
41237,6,8,4506.30,2026-08-30 02:13:00,SUCCESS
41238,4,2,551.40,2026-08-27 14:11:00,SUCCESS
41239,8,13,123.30,2026-08-11 19:35:00,REFUNDED
41240,8,18,912.10,2026-08-08 23:09:00,PENDING
41241,5,12,1754.10,2026-08-22 08:03:00,PENDING
41242,7,13,3049.80,2026-08-28 00:51:00,REFUNDED
41243,9,10,2878.90,2026-08-03 17:32:00,REFUNDED
41244,9,18,4870.10,2026-08-24 16:46:00,REFUNDED
41245,4,3,2854.10,2026-08-21 00:40:00,SUCCESS
41246,6,3,2158.90,2026-08-25 17:11:00,REFUNDED
41247,8,4,2558.70,2026-08-24 01:05:00,SUCCESS
41248,7,8,4292.80,2026-08-11 00:19:00,SUCCESS
41249,1,1,5000,INVALID_DATE_TIME,SUCCESS
41250,9,7,873.60,2026-08-24 18:29:00,FAILED
41251,8,4,3182.30,2026-08-25 15:52:00,FAILED
41252,6,17,930.30,2026-08-10 14:36:00,SUCCESS
41253,4,8,4245.40,2026-08-26 22:43:00,REFUNDED
41254,8,12,2311.60,2026-08-22 02:56:00,SUCCESS
41255,4,20,4282.20,2026-08-27 19:08:00,SUCCESS
41256,9,7,274.40,2026-08-17 13:59:00,REFUNDED
41257,1,19,265.30,2026-08-18 15:18:00,SUCCESS
41258,8,7,991.50,2026-08-24 06:08:00,FAILED
41259,6,5,1259.30,2026-08-20 00:45:00,SUCCESS
41260,6,3,2363.50,2026-08-13 08:37:00,REFUNDED
41261,3,11,2766.90,2026-08-17 05:03:00,FAILED
41262,3,3,805.10,2026-08-22 08:38:00,REFUNDED
41263,7,12,324.70,2026-08-02 13:07:00,FAILED
41264,9,18,2265.80,2026-08-30 00:25:00,SUCCESS
41265,5,19,1885.20,2026-08-25 17:44:00,REFUNDED
41266,7,20,3896.20,2026-08-15 16:45:00,PENDING
41267,5,4,4623.60,2026-08-15 00:46:00,PENDING
41268,5,13,2438.40,2026-08-08 19:17:00,PENDING
41269,7,17,1729.20,2026-08-11 08:58:00,PENDING
41270,1,1,NOT_A_NUMBER,2026-08-01 12:00:00,SUCCESS
41271,10,8,473.70,2026-08-22 17:27:00,PENDING
41272,4,10,620.60,2026-08-05 05:26:00,PENDING
41273,1,7,878.60,2026-08-16 21:23:00,REFUNDED
41274,2,2,3058.40,2026-08-02 08:13:00,SUCCESS
41275,6,5,2867.20,2026-08-14 08:07:00,PENDING
41276,1,100.00
41277,5,3,1492.30,2026-08-26 05:55:00,REFUNDED
41278,8,8,120.30,2026-08-18 12:29:00,PENDING
41279,7,11,213.20,2026-08-03 05:19:00,FAILED
41280,6,5,3454.60,2026-08-09 08:29:00,SUCCESS
41281,1,1,5000,2026-08-01 12:00:00,UNKNOWN_STATUS
41282,1,1,NOT_A_NUMBER,2026-08-01 12:00:00,SUCCESS
41283,1,7,804.40,2026-08-28 13:50:00,PENDING
41284,4,20,422.60,2026-08-04 18:16:00,FAILED
41285,7,2,2394.50,2026-08-10 01:07:00,PENDING
41286,9,1,3413.80,2026-08-01 09:14:00,SUCCESS
41287,3,7,484.90,2026-08-06 08:36:00,SUCCESS
41288,5,3,3134.30,2026-08-17 11:52:00,PENDING
41289,4,12,2402.10,2026-08-29 04:18:00,REFUNDED
41290,4,6,1102.10,2026-08-08 22:05:00,PENDING
41291,3,19,1696.40,2026-08-28 12:21:00,FAILED
41292,5,20,379.90,2026-08-04 21:45:00,PENDING
41293,9,7,2362.80,2026-08-14 11:33:00,FAILED
41294,8,10,3237.60,2026-08-18 16:21:00,SUCCESS
41295,4,11,2293.10,2026-08-10 09:35:00,PENDING
41296,4,9,4025.40,2026-08-23 07:16:00,PENDING
41297,6,14,4612.30,2026-08-14 01:07:00,SUCCESS
41298,6,14,3744.60,2026-08-14 17:38:00,FAILED
41299,1,7,4898.30,2026-08-12 16:43:00,SUCCESS
41300,6,14,2127.60,2026-08-20 19:05:00,PENDING
41301,2,14,2670.50,2026-08-19 04:42:00,REFUNDED
41302,1,19,2622.90,2026-08-12 21:18:00,PENDING
41303,7,18,1355.80,2026-08-09 19:05:00,REFUNDED
41304,8,10,602.80,2026-08-11 22:52:00,PENDING
41305,3,1,4507.80,2026-08-20 05:00:00,SUCCESS
41306,8,2,923.10,2026-08-09 10:45:00,REFUNDED
41307,4,4,103.10,2026-08-29 19:54:00,PENDING
41308,1,100.00
41309,7,14,3070.70,2026-08-18 01:33:00,FAILED
41310,4,7,4607.50,2026-08-11 18:43:00,FAILED
41311,1,4,4903.90,2026-08-11 14:54:00,SUCCESS
41312,2,9,2863.00,2026-08-06 00:06:00,FAILED
41313,6,3,408.20,2026-08-11 19:23:00,REFUNDED
41314,10,7,1826.70,2026-08-23 13:36:00,REFUNDED
41315,4,7,2318.20,2026-08-09 09:29:00,FAILED
41316,1,5,3187.70,2026-08-20 02:03:00,PENDING
41317,4,3,4358.90,2026-08-12 11:42:00,PENDING
41318,10,17,496.70,2026-08-27 06:06:00,SUCCESS
41319,8,6,4356.30,2026-08-13 15:34:00,FAILED
41320,10,4,277.40,2026-08-02 04:16:00,FAILED
41321,7,11,2939.40,2026-08-17 00:47:00,PENDING
41322,2,17,2898.70,2026-08-06 23:17:00,REFUNDED
41323,4,1,1141.80,2026-08-07 22:26:00,REFUNDED
41324,5,20,1339.00,2026-08-27 20:21:00,REFUNDED
41325,2,19,2401.60,2026-08-21 05:05:00,REFUNDED
41326,10,9,210.50,2026-08-24 03:00:00,PENDING
41327,6,20,4914.60,2026-08-07 20:41:00,PENDING
41328,4,4,1195.10,2026-08-31 03:02:00,REFUNDED
41329,5,9,1376.90,2026-08-01 15:01:00,REFUNDED
41330,6,16,849.80,2026-08-28 00:22:00,FAILED
41331,4,20,3138.50,2026-08-10 14:29:00,REFUNDED
41332,1,100.00
41333,5,6,4356.30,2026-08-10 03:01:00,REFUNDED
41334,3,5,558.40,2026-08-09 06:56:00,REFUNDED
41335,1,6,779.30,2026-08-16 05:34:00,REFUNDED
41336,8,6,1326.80,2026-08-30 05:42:00,FAILED
41337,3,19,2351.90,2026-08-01 19:14:00,FAILED
41338,1,8,1249.60,2026-08-31 02:18:00,SUCCESS
41339,7,10,4639.90,2026-08-03 16:51:00,FAILED
41340,7,2,4386.40,2026-08-22 04:48:00,PENDING
41341,10,10,2430.30,2026-08-14 04:39:00,FAILED
41342,8,12,4729.70,2026-08-16 12:54:00,PENDING
41343,8,10,1195.00,2026-08-25 10:41:00,PENDING
41344,7,11,737.00,2026-08-03 17:01:00,SUCCESS
41345,6,13,1889.40,2026-08-27 04:10:00,PENDING
41346,4,18,4500.50,2026-08-03 11:14:00,PENDING
41347,7,10,112.10,2026-08-16 19:35:00,SUCCESS
41348,7,4,1942.60,2026-08-19 01:27:00,FAILED
41349,9,11,2614.20,2026-08-13 05:36:00,FAILED
41350,6,20,2273.20,2026-08-15 16:18:00,FAILED
41351,5,11,4135.30,2026-08-13 02:25:00,PENDING
41352,4,1,2639.10,2026-08-24 18:19:00,PENDING
41353,8,11,2444.20,2026-08-26 07:08:00,REFUNDED
41354,1,12,2822.60,2026-08-27 07:22:00,PENDING
41355,9,17,3307.20,2026-08-08 14:03:00,FAILED
41356,6,4,3173.00,2026-08-17 05:39:00,SUCCESS
41357,8,16,4719.90,2026-08-03 09:02:00,REFUNDED
41358,2,17,3388.70,2026-08-15 20:04:00,PENDING
41359,1,3,3826.50,2026-08-17 19:50:00,REFUNDED
41360,10,3,2064.60,2026-08-04 17:30:00,PENDING
41361,8,15,5048.40,2026-08-25 14:06:00,PENDING
41362,8,1,709.40,2026-08-13 11:23:00,FAILED
41363,4,4,1020.90,2026-08-08 21:45:00,REFUNDED
41364,2,18,2533.30,2026-08-15 13:53:00,REFUNDED
41365,10,6,4456.00,2026-08-18 09:58:00,REFUNDED
41366,7,3,197.40,2026-08-15 22:43:00,SUCCESS
41367,10,20,1955.30,2026-08-02 18:06:00,FAILED
41368,6,8,1896.70,2026-08-22 17:07:00,PENDING
41369,7,2,1015.80,2026-08-03 17:08:00,SUCCESS
41370,3,19,800.90,2026-08-22 04:42:00,FAILED
41371,8,20,4839.00,2026-08-12 03:38:00,FAILED
41372,10,17,4867.20,2026-08-30 07:42:00,REFUNDED
41373,3,3,3490.40,2026-08-07 06:11:00,REFUNDED
41374,8,3,1985.10,2026-08-07 21:24:00,PENDING
41375,6,12,179.20,2026-08-08 06:31:00,PENDING
41376,10,12,964.60,2026-08-10 17:33:00,SUCCESS
41377,5,10,283.10,2026-08-29 19:15:00,REFUNDED
41378,10,5,4540.20,2026-08-19 10:26:00,REFUNDED
41379,5,16,2381.70,2026-08-26 17:28:00,SUCCESS
41380,5,2,4171.30,2026-08-02 13:55:00,REFUNDED
41381,10,20,2633.10,2026-08-12 11:27:00,SUCCESS
41382,10,11,4624.20,2026-08-16 12:59:00,PENDING
41383,5,19,160.30,2026-08-17 10:08:00,FAILED
41384,1,1,5000,INVALID_DATE_TIME,SUCCESS
41385,8,18,978.70,2026-08-22 23:51:00,PENDING
41386,1,9,3958.00,2026-08-04 23:41:00,FAILED
41387,3,5,4836.80,2026-08-10 10:50:00,SUCCESS
41388,10,5,1800.40,2026-08-07 21:23:00,PENDING
41389,2,19,2980.20,2026-08-14 13:20:00,SUCCESS
41390,7,12,2324.90,2026-08-28 07:00:00,FAILED
41391,9,11,2145.40,2026-08-06 01:10:00,FAILED
41392,10,8,3912.80,2026-08-13 20:26:00,SUCCESS
41393,7,1,1903.40,2026-08-10 04:23:00,PENDING
41394,10,19,2552.10,2026-08-13 02:22:00,SUCCESS
41395,1,13,4916.90,2026-08-14 05:01:00,FAILED
41396,8,7,1166.50,2026-08-25 00:32:00,REFUNDED
41397,10,12,702.00,2026-08-15 17:30:00,REFUNDED
41398,4,8,1277.00,2026-08-16 19:15:00,REFUNDED
41399,10,13,3227.90,2026-08-10 06:57:00,SUCCESS
41400,3,18,3701.70,2026-08-28 22:30:00,PENDING
41401,10,15,1765.00,2026-08-05 16:30:00,FAILED
41402,3,9,526.90,2026-08-08 14:25:00,REFUNDED
41403,5,15,1836.90,2026-08-08 10:27:00,SUCCESS
41404,1,5,3530.90,2026-08-26 01:13:00,REFUNDED
41405,7,11,574.10,2026-08-03 04:55:00,SUCCESS
41406,9,17,2319.20,2026-08-29 15:16:00,SUCCESS
41407,10,15,1712.40,2026-08-05 03:53:00,REFUNDED
41408,1,11,987.30,2026-08-17 16:53:00,SUCCESS
41409,9,3,1368.50,2026-08-27 17:13:00,FAILED
41410,9,17,4012.00,2026-08-05 00:37:00,SUCCESS
41411,9,16,403.40,2026-08-02 11:27:00,SUCCESS
41412,4,15,2964.10,2026-08-09 05:30:00,FAILED
41413,2,8,1224.40,2026-08-07 11:45:00,PENDING
41414,7,4,4524.30,2026-08-26 06:50:00,REFUNDED
41415,5,8,738.50,2026-08-22 12:56:00,REFUNDED
41416,4,11,924.30,2026-08-02 23:59:00,PENDING
41417,10,4,4674.70,2026-08-09 22:54:00,PENDING
41418,3,10,3573.60,2026-08-08 14:04:00,FAILED
41419,3,5,3540.70,2026-08-22 20:48:00,FAILED
41420,9,4,4799.60,2026-08-08 11:01:00,SUCCESS
41421,9,9,3823.30,2026-08-18 10:20:00,PENDING
41422,9,19,1893.60,2026-08-08 15:56:00,PENDING
41423,8,10,5009.10,2026-08-24 04:08:00,FAILED
41424,8,12,3648.40,2026-08-25 08:45:00,FAILED
41425,6,2,1100.40,2026-08-13 19:30:00,SUCCESS
41426,8,16,3272.10,2026-08-16 03:27:00,FAILED
41427,2,1,3630.20,2026-08-05 14:44:00,FAILED
41428,3,1,2953.40,2026-08-24 14:03:00,SUCCESS
41429,9,10,3853.60,2026-08-02 03:10:00,SUCCESS
41430,6,17,642.70,2026-08-02 03:41:00,PENDING
41431,5,13,2476.60,2026-08-28 20:04:00,PENDING
41432,3,7,1818.20,2026-08-13 23:38:00,REFUNDED
41433,6,20,3933.60,2026-08-26 05:13:00,SUCCESS
41434,5,6,1794.60,2026-08-14 18:16:00,REFUNDED
41435,7,12,4051.90,2026-08-18 03:58:00,FAILED
41436,7,15,2063.30,2026-08-27 18:02:00,REFUNDED
41437,6,9,2324.90,2026-08-21 16:45:00,REFUNDED
41438,4,13,1123.10,2026-08-25 01:11:00,SUCCESS
41439,4,5,4274.40,2026-08-25 05:18:00,FAILED
41440,1,9,2428.30,2026-08-06 16:58:00,FAILED
41441,1,1,5000,2026-08-01 12:00:00,UNKNOWN_STATUS
41442,7,3,1617.20,2026-08-01 19:34:00,FAILED
41443,8,17,4472.60,2026-08-24 07:41:00,REFUNDED
41444,2,4,3155.60,2026-08-24 02:08:00,FAILED
41445,4,18,4167.30,2026-08-07 21:38:00,REFUNDED
41446,4,15,329.80,2026-08-01 11:04:00,SUCCESS
41447,5,9,1323.90,2026-08-27 03:16:00,REFUNDED
41448,1,12,4325.60,2026-08-12 10:33:00,FAILED
41449,9,7,290.70,2026-08-07 18:46:00,PENDING
41450,9,18,4357.40,2026-08-05 09:07:00,SUCCESS
41451,9,12,1808.90,2026-08-15 22:29:00,FAILED
41452,2,12,2162.30,2026-08-19 05:20:00,REFUNDED
41453,3,4,4564.70,2026-08-20 02:48:00,SUCCESS
41454,2,6,757.00,2026-08-24 07:48:00,PENDING
41455,1,11,2270.10,2026-08-21 16:34:00,REFUNDED
41456,6,13,2320.10,2026-08-15 02:03:00,PENDING
41457,9,13,733.40,2026-08-22 01:23:00,SUCCESS
41458,7,18,1428.70,2026-08-20 04:09:00,PENDING
41459,6,2,1573.30,2026-08-24 13:31:00,PENDING
41460,3,20,2998.00,2026-08-24 09:27:00,REFUNDED
41461,3,18,4364.90,2026-08-25 02:35:00,FAILED
41462,7,15,3488.60,2026-08-09 08:04:00,PENDING
41463,9,9,3342.60,2026-08-10 17:06:00,SUCCESS
41464,4,4,4853.90,2026-08-28 19:44:00,SUCCESS
41465,9,17,1410.60,2026-08-08 09:32:00,REFUNDED
41466,9,2,2951.90,2026-08-24 17:47:00,REFUNDED
41467,3,3,319.30,2026-08-07 04:45:00,PENDING
41468,7,3,970.00,2026-08-29 07:45:00,FAILED
41469,5,19,2052.70,2026-08-09 02:52:00,REFUNDED
41470,9,16,2331.20,2026-08-22 06:31:00,PENDING
41471,2,3,1596.70,2026-08-16 14:01:00,SUCCESS
41472,10,12,3572.70,2026-08-07 17:56:00,PENDING
41473,5,12,1440.30,2026-08-21 19:02:00,SUCCESS
41474,8,6,1360.50,2026-08-11 14:33:00,REFUNDED
41475,8,18,620.80,2026-08-30 20:18:00,SUCCESS
41476,9,8,4906.00,2026-08-31 06:17:00,REFUNDED
41477,6,9,716.40,2026-08-19 02:14:00,SUCCESS
41478,3,16,1203.00,2026-08-08 09:02:00,FAILED
41479,6,10,3526.00,2026-08-12 19:11:00,FAILED
41480,6,20,2399.50,2026-08-08 07:35:00,SUCCESS
41481,8,14,4465.80,2026-08-23 08:05:00,PENDING
41482,2,6,1775.50,2026-08-31 05:49:00,REFUNDED
41483,1,100.00
41484,1,20,1245.60,2026-08-26 21:26:00,FAILED
41485,1,14,3776.10,2026-08-12 16:26:00,PENDING
41486,4,1,4722.80,2026-08-05 15:06:00,SUCCESS
41487,3,19,4783.20,2026-08-12 05:17:00,SUCCESS
41488,8,17,736.50,2026-08-25 08:02:00,REFUNDED
41489,1,9,3056.70,2026-08-06 14:19:00,PENDING
41490,4,11,3652.50,2026-08-02 06:26:00,PENDING
41491,1,100.00
41492,7,6,4311.70,2026-08-14 09:41:00,REFUNDED
41493,4,6,906.70,2026-08-04 06:41:00,PENDING
41494,6,11,1563.80,2026-08-02 11:37:00,FAILED
41495,7,7,3116.10,2026-08-17 04:54:00,FAILED
41496,6,16,4459.90,2026-08-05 14:12:00,PENDING
41497,6,7,3222.60,2026-08-07 16:02:00,SUCCESS
41498,10,13,1009.30,2026-08-18 08:08:00,PENDING
41499,8,4,3711.80,2026-08-12 09:33:00,SUCCESS
41500,3,20,4500.00,2026-08-12 15:48:00,FAILED
41501,10,16,3672.80,2026-08-08 03:35:00,REFUNDED
41502,10,1,4096.70,2026-08-16 12:54:00,FAILED
41503,7,14,2484.10,2026-08-29 08:26:00,SUCCESS
41504,6,7,1535.00,2026-08-10 06:34:00,REFUNDED
41505,8,2,1370.90,2026-08-29 15:03:00,FAILED
41506,5,11,1177.80,2026-08-29 09:43:00,PENDING
41507,3,1,457.10,2026-08-18 15:29:00,PENDING
41508,9,19,4290.60,2026-08-10 19:59:00,REFUNDED
41509,9,8,621.30,2026-08-20 05:26:00,REFUNDED
41510,1,16,4970.10,2026-08-07 04:04:00,REFUNDED
41511,8,1,3970.60,2026-08-24 22:09:00,FAILED
41512,8,16,3320.60,2026-08-22 12:29:00,PENDING
41513,9,1,1121.60,2026-08-16 02:12:00,REFUNDED
41514,9,4,78.10,2026-08-16 21:52:00,PENDING
41515,4,4,2563.90,2026-08-18 00:44:00,FAILED
41516,7,1,552.00,2026-08-17 00:03:00,FAILED
41517,6,9,3990.70,2026-08-19 21:09:00,SUCCESS
41518,1,5,4508.10,2026-08-25 15:09:00,REFUNDED
41519,1,11,3649.80,2026-08-26 21:00:00,REFUNDED
41520,1,15,1054.50,2026-08-09 20:23:00,FAILED
41521,3,8,4063.50,2026-08-06 15:36:00,SUCCESS
41522,4,4,4755.40,2026-08-11 03:40:00,SUCCESS
41523,9,19,2017.30,2026-08-15 07:51:00,FAILED
41524,9,16,892.20,2026-08-13 07:54:00,PENDING
41525,5,10,441.20,2026-08-02 22:58:00,PENDING
41526,9,19,1061.20,2026-08-20 03:26:00,REFUNDED
41527,2,13,4915.90,2026-08-28 05:36:00,REFUNDED
41528,10,17,2645.90,2026-08-29 00:49:00,PENDING
41529,7,4,844.50,2026-08-30 23:05:00,SUCCESS
41530,10,14,145.10,2026-08-12 19:58:00,REFUNDED
41531,6,14,1167.30,2026-08-12 14:47:00,FAILED
41532,4,2,3056.20,2026-08-10 11:24:00,PENDING
41533,6,19,3101.50,2026-08-18 20:12:00,REFUNDED
41534,4,5,1102.80,2026-08-05 03:24:00,REFUNDED
41535,9,6,4522.60,2026-08-30 14:30:00,PENDING
41536,2,19,365.00,2026-08-26 02:22:00,SUCCESS
41537,1,100.00
41538,3,15,65.30,2026-08-22 20:37:00,REFUNDED
41539,3,16,2782.30,2026-08-29 18:57:00,PENDING
41540,9,12,765.30,2026-08-26 10:25:00,FAILED
41541,6,8,640.30,2026-08-10 05:56:00,FAILED
41542,9,20,3305.90,2026-08-20 11:11:00,PENDING
41543,7,13,3882.40,2026-08-09 15:20:00,PENDING
41544,9,5,3797.00,2026-08-12 10:03:00,FAILED
41545,2,15,4659.70,2026-08-02 08:50:00,REFUNDED
41546,10,3,634.70,2026-08-04 07:19:00,FAILED
41547,3,14,3715.90,2026-08-21 08:36:00,SUCCESS
41548,1,1,5000,2026-08-01 12:00:00,UNKNOWN_STATUS
41549,10,14,2585.30,2026-08-16 08:05:00,REFUNDED
41550,10,20,3938.20,2026-08-21 08:21:00,FAILED
41551,6,11,2888.30,2026-08-14 18:42:00,PENDING
41552,4,7,523.60,2026-08-06 18:05:00,REFUNDED
41553,7,18,4256.20,2026-08-15 14:18:00,SUCCESS
41554,1,19,245.70,2026-08-30 19:37:00,FAILED
41555,3,8,3116.10,2026-08-09 04:53:00,PENDING
41556,1,9,4426.60,2026-08-11 09:51:00,PENDING
41557,2,2,995.30,2026-08-06 07:51:00,FAILED
41558,9,10,1877.80,2026-08-03 06:55:00,SUCCESS
41559,8,8,4787.60,2026-08-23 23:16:00,FAILED
41560,6,18,1795.50,2026-08-13 07:24:00,PENDING
41561,7,8,2517.60,2026-08-21 04:41:00,REFUNDED
41562,4,20,247.30,2026-08-07 08:27:00,FAILED
41563,3,7,766.70,2026-08-10 04:12:00,FAILED
41564,1,20,321.60,2026-08-08 12:04:00,PENDING
41565,2,4,2532.40,2026-08-28 05:26:00,REFUNDED
41566,8,5,1000.50,2026-08-14 09:33:00,SUCCESS
41567,3,12,187.00,2026-08-22 09:35:00,REFUNDED
41568,3,16,4769.20,2026-08-13 12:32:00,SUCCESS
41569,1,2,4276.40,2026-08-14 07:00:00,FAILED
41570,3,5,2311.10,2026-08-28 14:49:00,PENDING
41571,10,8,3861.90,2026-08-17 00:51:00,REFUNDED
41572,2,6,3354.30,2026-08-08 01:04:00,REFUNDED
41573,10,20,3599.90,2026-08-28 19:35:00,PENDING
41574,10,12,2938.80,2026-08-08 03:25:00,REFUNDED
41575,10,8,2870.30,2026-08-21 03:54:00,REFUNDED
41576,8,14,1835.30,2026-08-13 06:26:00,FAILED
41577,6,8,4892.10,2026-08-26 10:19:00,PENDING
41578,1,19,469.30,2026-08-01 11:21:00,PENDING
41579,2,4,1136.30,2026-08-13 08:42:00,PENDING
41580,6,16,3036.10,2026-08-13 17:46:00,FAILED
41581,4,5,475.80,2026-08-10 13:47:00,FAILED
41582,4,17,2874.40,2026-08-27 05:40:00,REFUNDED
41583,1,12,2302.50,2026-08-14 06:26:00,PENDING
41584,7,8,1769.00,2026-08-03 21:45:00,REFUNDED
41585,2,14,4449.30,2026-08-10 17:08:00,SUCCESS
41586,9,5,3540.10,2026-08-09 02:37:00,REFUNDED
41587,6,16,2089.90,2026-08-21 18:59:00,REFUNDED
41588,9,19,2033.20,2026-08-18 23:40:00,FAILED
41589,4,10,1613.30,2026-08-02 14:53:00,REFUNDED
41590,2,12,4908.30,2026-08-14 02:43:00,PENDING
41591,6,11,4027.00,2026-08-19 11:15:00,SUCCESS
41592,6,2,1760.20,2026-08-14 07:07:00,REFUNDED
41593,9,8,276.30,2026-08-24 20:45:00,FAILED
41594,6,16,1856.20,2026-08-19 21:18:00,FAILED
41595,10,12,4140.40,2026-08-18 11:55:00,SUCCESS
41596,4,12,2887.30,2026-08-11 04:12:00,PENDING
41597,3,1,4609.40,2026-08-09 22:11:00,SUCCESS
41598,1,10,776.00,2026-08-25 22:03:00,SUCCESS
41599,3,18,2543.30,2026-08-03 17:58:00,SUCCESS
41600,2,11,2211.80,2026-08-18 23:43:00,SUCCESS
41601,2,19,4113.50,2026-08-07 20:18:00,REFUNDED
41602,5,3,2545.30,2026-08-20 00:16:00,SUCCESS
41603,3,13,498.10,2026-08-18 10:29:00,SUCCESS
41604,4,5,3774.80,2026-08-08 13:47:00,SUCCESS
41605,4,14,4956.80,2026-08-20 12:03:00,FAILED
41606,3,11,2535.00,2026-08-27 04:11:00,FAILED
41607,9,11,1815.30,2026-08-30 07:53:00,PENDING
41608,3,14,4636.50,2026-08-08 16:36:00,SUCCESS
41609,7,5,4196.40,2026-08-17 19:12:00,REFUNDED
41610,4,7,2246.00,2026-08-11 08:19:00,PENDING
41611,9,8,1431.60,2026-08-25 17:48:00,REFUNDED
41612,10,9,4147.60,2026-08-16 07:34:00,REFUNDED
41613,10,7,2443.90,2026-08-27 22:40:00,REFUNDED
41614,3,4,1926.70,2026-08-24 19:07:00,SUCCESS
41615,2,16,1418.70,2026-08-10 11:12:00,SUCCESS
41616,3,14,4782.80,2026-08-16 01:49:00,REFUNDED
41617,5,18,3909.30,2026-08-18 20:36:00,SUCCESS
41618,9,7,3256.00,2026-08-22 20:15:00,SUCCESS
41619,2,16,3899.20,2026-08-18 01:25:00,SUCCESS
41620,8,13,575.40,2026-08-26 12:02:00,REFUNDED
41621,6,16,4771.80,2026-08-24 13:17:00,SUCCESS
41622,8,18,1359.00,2026-08-08 11:15:00,PENDING
41623,4,17,988.20,2026-08-23 04:52:00,PENDING
41624,1,10,1147.80,2026-08-10 18:26:00,FAILED
41625,5,3,4442.00,2026-08-18 16:46:00,PENDING
41626,9,18,964.00,2026-08-03 05:23:00,REFUNDED
41627,3,8,673.40,2026-08-26 20:57:00,FAILED
41628,1,18,161.30,2026-08-28 04:08:00,FAILED
41629,4,17,283.10,2026-08-01 12:58:00,SUCCESS
41630,3,16,1973.20,2026-08-25 15:02:00,FAILED
41631,9,7,4804.10,2026-08-19 20:14:00,REFUNDED
41632,5,16,1365.60,2026-08-23 11:55:00,SUCCESS
41633,9,19,1762.20,2026-08-26 02:04:00,REFUNDED
41634,1,1,3401.10,2026-08-13 14:39:00,REFUNDED
41635,9,9,4879.80,2026-08-13 04:48:00,FAILED
41636,8,13,3629.60,2026-08-17 03:29:00,REFUNDED
41637,10,17,4138.30,2026-08-29 09:45:00,FAILED
41638,10,1,4669.30,2026-08-01 18:49:00,FAILED
41639,10,7,4394.20,2026-08-30 09:38:00,SUCCESS
41640,4,5,4577.20,2026-08-10 01:02:00,PENDING
41641,3,20,1168.00,2026-08-27 06:08:00,PENDING
41642,5,15,3616.70,2026-08-04 19:06:00,REFUNDED
41643,2,8,5023.80,2026-08-20 11:34:00,SUCCESS
41644,6,13,936.50,2026-08-08 18:55:00,SUCCESS
41645,1,2,4489.60,2026-08-26 02:17:00,SUCCESS
41646,9,11,3186.90,2026-08-07 16:20:00,REFUNDED
41647,3,14,4952.70,2026-08-04 00:32:00,PENDING
41648,9,1,4223.70,2026-08-13 21:02:00,FAILED
41649,3,5,3864.30,2026-08-23 11:59:00,FAILED
41650,5,11,268.90,2026-08-14 18:28:00,REFUNDED
41651,5,3,3578.80,2026-08-23 07:05:00,REFUNDED
41652,4,2,3396.80,2026-08-18 16:51:00,PENDING
41653,3,7,3800.20,2026-08-28 20:51:00,FAILED
41654,4,5,4898.20,2026-08-26 14:10:00,FAILED
41655,6,3,349.00,2026-08-17 04:10:00,REFUNDED
41656,9,9,1043.00,2026-08-15 15:39:00,PENDING
41657,9,3,2526.00,2026-08-01 23:38:00,REFUNDED
41658,2,11,2812.40,2026-08-14 18:25:00,FAILED
41659,3,18,4952.80,2026-08-15 14:32:00,FAILED
41660,9,7,3037.80,2026-08-30 20:18:00,SUCCESS
41661,9,2,3359.70,2026-08-11 21:17:00,PENDING
41662,9,1,2872.00,2026-08-30 19:53:00,FAILED
41663,9,15,4666.70,2026-08-22 04:34:00,PENDING
41664,10,3,2762.60,2026-08-07 04:58:00,SUCCESS
41665,6,14,2038.60,2026-08-30 05:04:00,SUCCESS
41666,8,6,4371.90,2026-08-17 08:32:00,PENDING
41667,7,6,2473.60,2026-08-04 06:25:00,FAILED
41668,7,8,1828.90,2026-08-14 18:05:00,REFUNDED
41669,10,13,4935.60,2026-08-23 10:02:00,FAILED
41670,1,7,3543.10,2026-08-23 21:18:00,FAILED
41671,3,10,3143.10,2026-08-27 01:09:00,REFUNDED
41672,8,2,700.10,2026-08-02 08:13:00,REFUNDED
41673,1,2,2847.40,2026-08-12 07:06:00,PENDING
41674,4,12,2962.80,2026-08-21 14:04:00,SUCCESS
41675,3,12,417.30,2026-08-10 13:23:00,PENDING
41676,8,2,2823.20,2026-08-05 04:33:00,PENDING
41677,3,8,1922.40,2026-08-28 14:27:00,FAILED
41678,3,15,3576.10,2026-08-05 06:00:00,FAILED
41679,2,3,3848.90,2026-08-27 13:26:00,FAILED
41680,2,16,1467.10,2026-08-12 07:53:00,FAILED
41681,3,20,2502.60,2026-08-02 21:09:00,FAILED
41682,3,2,69.50,2026-08-06 18:09:00,SUCCESS
41683,1,12,3493.70,2026-08-25 14:45:00,SUCCESS
41684,10,20,2652.90,2026-08-01 14:16:00,PENDING
41685,8,17,102.60,2026-08-04 05:56:00,FAILED
41686,4,1,103.30,2026-08-20 08:56:00,SUCCESS
41687,7,5,3370.70,2026-08-24 23:37:00,REFUNDED
41688,5,6,4231.70,2026-08-02 01:10:00,REFUNDED
41689,5,11,716.70,2026-08-22 02:08:00,SUCCESS
41690,9,7,1764.10,2026-08-04 00:15:00,FAILED
41691,1,1,5000,2026-08-01 12:00:00,UNKNOWN_STATUS
41692,2,4,1400.60,2026-08-12 20:03:00,SUCCESS
41693,10,15,3392.80,2026-08-09 12:24:00,REFUNDED
41694,5,2,512.70,2026-08-22 09:48:00,FAILED
41695,4,19,3858.10,2026-08-03 17:57:00,PENDING
41696,10,17,1964.10,2026-08-17 14:00:00,REFUNDED
41697,2,2,3747.00,2026-08-06 05:44:00,SUCCESS
41698,10,18,2037.40,2026-08-01 10:49:00,PENDING
41699,6,19,2377.00,2026-08-31 07:58:00,PENDING
41700,9,14,1278.00,2026-08-03 09:35:00,SUCCESS
41701,5,20,1890.10,2026-08-20 12:15:00,PENDING
41702,3,10,2353.10,2026-08-06 21:30:00,PENDING
41703,10,16,1489.20,2026-08-13 13:44:00,REFUNDED
41704,8,8,2030.60,2026-08-03 15:36:00,REFUNDED
41705,5,16,1896.70,2026-08-12 20:53:00,REFUNDED
41706,5,7,1779.40,2026-08-22 11:51:00,FAILED
41707,2,9,508.50,2026-08-10 14:52:00,FAILED
41708,1,9,3238.40,2026-08-14 07:35:00,SUCCESS
41709,6,2,4158.70,2026-08-25 23:40:00,FAILED
41710,8,7,3259.10,2026-08-31 04:55:00,REFUNDED
41711,10,13,4866.60,2026-08-09 20:38:00,SUCCESS
41712,8,10,2052.50,2026-08-03 01:45:00,FAILED
41713,10,5,3255.40,2026-08-19 13:20:00,SUCCESS
41714,6,15,2885.40,2026-08-12 16:41:00,SUCCESS
41715,3,2,3669.20,2026-08-07 04:44:00,FAILED
41716,7,11,3268.60,2026-08-13 21:00:00,FAILED
41717,1,13,440.20,2026-08-15 20:36:00,PENDING
41718,6,18,245.10,2026-08-09 10:12:00,FAILED
41719,4,14,1969.80,2026-08-16 23:15:00,FAILED
41720,2,17,3178.60,2026-08-04 19:40:00,PENDING
41721,7,5,3652.90,2026-08-16 10:14:00,REFUNDED
41722,3,2,4442.30,2026-08-03 12:36:00,FAILED
41723,5,14,1256.40,2026-08-11 03:13:00,REFUNDED
41724,4,15,3662.20,2026-08-10 20:07:00,FAILED
41725,4,5,72.70,2026-08-16 21:19:00,REFUNDED
41726,6,13,3320.20,2026-08-11 11:18:00,REFUNDED
41727,7,16,4408.50,2026-08-07 21:04:00,SUCCESS
41728,5,16,1794.40,2026-08-16 21:07:00,FAILED
41729,8,5,2266.10,2026-08-28 05:07:00,FAILED
41730,5,5,2995.90,2026-08-06 10:31:00,PENDING
41731,9,1,1336.70,2026-08-05 05:50:00,FAILED
41732,2,6,3287.40,2026-08-02 00:43:00,SUCCESS
41733,6,20,2049.10,2026-08-16 03:26:00,REFUNDED
41734,1,2,4733.20,2026-08-20 18:45:00,PENDING
41735,2,8,1273.50,2026-08-19 03:10:00,FAILED
41736,1,100.00
41737,8,6,3360.30,2026-08-10 13:17:00,REFUNDED
41738,3,14,2879.40,2026-08-10 16:33:00,REFUNDED
41739,1,1,5000,2026-08-01 12:00:00,UNKNOWN_STATUS
41740,6,20,4356.00,2026-08-27 02:59:00,REFUNDED
41741,3,17,556.10,2026-08-30 07:52:00,FAILED
41742,5,13,4004.40,2026-08-14 14:56:00,REFUNDED
41743,6,15,4846.40,2026-08-11 02:56:00,PENDING
41744,1,14,4741.60,2026-08-29 19:28:00,SUCCESS
41745,10,11,367.60,2026-08-22 00:41:00,REFUNDED
41746,9,2,1534.60,2026-08-08 11:31:00,PENDING
41747,5,16,4527.90,2026-08-15 07:50:00,SUCCESS
41748,10,12,1216.90,2026-08-26 21:13:00,SUCCESS
41749,10,12,1401.30,2026-08-13 14:59:00,SUCCESS
41750,5,5,4103.70,2026-08-29 14:22:00,SUCCESS
41751,3,18,2699.70,2026-08-01 17:48:00,PENDING
41752,1,3,2731.00,2026-08-26 13:54:00,PENDING
41753,1,1,1579.30,2026-08-02 12:03:00,SUCCESS
41754,9,2,4577.40,2026-08-19 05:47:00,FAILED
41755,6,8,2409.70,2026-08-02 21:49:00,FAILED
41756,7,13,1854.60,2026-08-05 16:32:00,REFUNDED
41757,7,17,1924.00,2026-08-30 00:58:00,REFUNDED
41758,9,4,1490.10,2026-08-15 19:47:00,REFUNDED
41759,2,16,3621.30,2026-08-27 06:17:00,FAILED
41760,6,15,4695.40,2026-08-16 16:29:00,SUCCESS
41761,1,17,897.10,2026-08-09 19:45:00,SUCCESS
41762,2,7,433.40,2026-08-04 01:34:00,SUCCESS
41763,1,17,3422.70,2026-08-11 15:12:00,FAILED
41764,2,3,154.90,2026-08-10 01:18:00,REFUNDED
41765,8,2,3082.50,2026-08-14 09:46:00,PENDING
41766,9,20,1870.20,2026-08-14 23:21:00,SUCCESS
41767,1,9,3821.50,2026-08-21 07:24:00,PENDING
41768,10,6,3504.00,2026-08-14 12:57:00,SUCCESS
41769,5,13,4881.30,2026-08-17 08:21:00,SUCCESS
41770,6,1,2031.90,2026-08-06 16:28:00,REFUNDED
41771,10,2,4941.50,2026-08-23 23:20:00,FAILED
41772,1,17,3077.10,2026-08-03 21:44:00,REFUNDED
41773,7,5,1469.60,2026-08-04 19:55:00,REFUNDED
41774,8,11,1387.40,2026-08-25 16:07:00,REFUNDED
41775,6,15,1396.10,2026-08-31 03:43:00,SUCCESS
41776,2,2,2116.90,2026-08-03 03:21:00,FAILED
41777,10,16,1696.20,2026-08-21 02:54:00,SUCCESS
41778,9,20,687.40,2026-08-04 10:32:00,SUCCESS
41779,6,3,2313.60,2026-08-20 15:25:00,PENDING
41780,9,14,3485.30,2026-08-11 06:52:00,FAILED
41781,8,5,4395.20,2026-08-16 00:27:00,FAILED
41782,4,10,886.50,2026-08-28 19:47:00,SUCCESS
41783,6,20,2677.20,2026-08-18 21:15:00,FAILED
41784,6,8,82.50,2026-08-16 20:52:00,REFUNDED
41785,5,19,2078.80,2026-08-30 16:13:00,PENDING
41786,10,6,3213.70,2026-08-19 23:11:00,PENDING
41787,2,11,2614.50,2026-08-08 09:45:00,PENDING
41788,1,1,4243.60,2026-08-16 20:54:00,REFUNDED
41789,3,8,1635.20,2026-08-15 22:13:00,PENDING
41790,6,3,4613.90,2026-08-22 22:58:00,REFUNDED
41791,9,1,1710.00,2026-08-03 18:57:00,SUCCESS
41792,5,3,314.10,2026-08-01 08:41:00,REFUNDED
41793,6,4,1294.40,2026-08-23 15:53:00,REFUNDED
41794,2,9,2792.80,2026-08-11 03:40:00,REFUNDED
41795,3,17,4320.70,2026-08-08 10:23:00,REFUNDED
41796,7,17,3815.10,2026-08-25 04:58:00,FAILED
41797,10,16,4911.40,2026-08-05 23:05:00,SUCCESS
41798,2,8,4148.70,2026-08-09 04:10:00,PENDING
41799,5,13,3059.30,2026-08-21 11:51:00,FAILED
41800,3,11,3855.90,2026-08-09 01:06:00,SUCCESS
41801,2,5,3635.00,2026-08-14 06:52:00,REFUNDED
41802,1,5,2191.30,2026-08-18 03:16:00,FAILED
41803,6,1,2074.20,2026-08-06 06:34:00,FAILED
41804,6,18,2142.00,2026-08-09 19:36:00,SUCCESS
41805,1,20,1025.80,2026-08-23 03:36:00,FAILED
41806,6,8,1627.50,2026-08-06 16:00:00,REFUNDED
41807,2,20,3003.80,2026-08-16 18:26:00,FAILED
41808,8,20,1238.70,2026-08-02 06:46:00,REFUNDED
41809,5,9,1989.30,2026-08-08 03:35:00,REFUNDED
41810,1,19,3122.10,2026-08-10 00:59:00,PENDING
41811,3,2,1281.30,2026-08-18 09:26:00,PENDING
41812,2,7,2917.70,2026-08-11 21:30:00,FAILED
41813,2,10,2052.10,2026-08-15 10:30:00,PENDING
41814,7,14,3895.00,2026-08-08 12:02:00,FAILED
41815,8,20,976.80,2026-08-24 00:57:00,PENDING
41816,1,9,3811.20,2026-08-26 08:56:00,SUCCESS
41817,2,8,996.90,2026-08-15 12:03:00,FAILED
41818,2,14,4234.60,2026-08-18 14:43:00,FAILED
41819,9,10,90.50,2026-08-07 10:00:00,REFUNDED
41820,7,1,688.50,2026-08-23 05:53:00,REFUNDED
41821,9,11,222.50,2026-08-17 18:15:00,REFUNDED
41822,9,5,1014.20,2026-08-11 17:52:00,REFUNDED
41823,8,14,712.00,2026-08-14 09:16:00,SUCCESS
41824,10,20,2906.40,2026-08-02 11:10:00,REFUNDED
41825,4,16,722.10,2026-08-13 02:44:00,REFUNDED
41826,6,10,327.90,2026-08-07 16:23:00,FAILED
41827,5,10,4882.20,2026-08-21 07:57:00,PENDING
41828,7,13,3757.40,2026-08-09 10:31:00,REFUNDED
41829,6,7,1382.70,2026-08-14 16:24:00,FAILED
41830,7,12,2482.80,2026-08-06 23:09:00,PENDING
41831,2,5,1431.80,2026-08-04 11:06:00,FAILED
41832,10,9,4192.90,2026-08-08 05:16:00,FAILED
41833,7,16,2935.30,2026-08-22 02:20:00,SUCCESS
41834,6,10,299.90,2026-08-26 03:35:00,SUCCESS
41835,9,3,1868.90,2026-08-14 10:53:00,PENDING
41836,8,16,3900.20,2026-08-18 08:11:00,PENDING
41837,4,11,1628.40,2026-08-07 21:55:00,PENDING
41838,5,15,1530.10,2026-08-26 21:33:00,PENDING
41839,1,4,1450.50,2026-08-17 08:37:00,PENDING
41840,7,3,2814.50,2026-08-16 01:02:00,PENDING
41841,3,10,2374.90,2026-08-08 05:46:00,REFUNDED
41842,1,100.00
41843,5,3,604.00,2026-08-15 00:24:00,REFUNDED
41844,7,9,750.30,2026-08-29 04:30:00,FAILED
41845,10,2,1732.80,2026-08-12 05:39:00,SUCCESS
41846,1,10,1891.80,2026-08-13 06:15:00,PENDING
41847,5,20,4499.70,2026-08-04 04:38:00,REFUNDED
41848,9,10,2245.50,2026-08-25 09:50:00,REFUNDED
41849,9,5,488.20,2026-08-02 01:07:00,PENDING
41850,5,17,4692.30,2026-08-07 15:17:00,PENDING
41851,9,14,1725.90,2026-08-27 10:26:00,PENDING
41852,4,15,1779.00,2026-08-26 19:36:00,SUCCESS
41853,9,11,4106.00,2026-08-29 06:15:00,REFUNDED
41854,6,10,2113.30,2026-08-09 03:41:00,FAILED
41855,4,18,3567.20,2026-08-12 18:14:00,FAILED
41856,9,18,3963.70,2026-08-02 15:43:00,FAILED
41857,8,12,4411.00,2026-08-12 18:36:00,REFUNDED
41858,4,8,1607.10,2026-08-12 00:29:00,SUCCESS
41859,6,12,3211.90,2026-08-05 08:09:00,SUCCESS
41860,10,19,778.00,2026-08-01 22:42:00,REFUNDED
41861,7,1,1497.70,2026-08-04 01:02:00,SUCCESS
41862,1,7,4910.90,2026-08-14 18:05:00,REFUNDED
41863,1,5,1651.20,2026-08-17 14:37:00,FAILED
41864,4,16,158.70,2026-08-31 06:35:00,PENDING
41865,3,8,4404.20,2026-08-01 21:20:00,FAILED
41866,4,7,2423.90,2026-08-15 12:36:00,REFUNDED
41867,6,14,4080.90,2026-08-25 10:34:00,PENDING
41868,10,11,2300.50,2026-08-22 14:18:00,PENDING
41869,10,3,1552.90,2026-08-03 08:14:00,PENDING
41870,2,20,3499.70,2026-08-18 12:29:00,REFUNDED
41871,5,8,3571.70,2026-08-19 23:34:00,FAILED
41872,1,17,4167.00,2026-08-27 10:19:00,FAILED
41873,9,2,102.90,2026-08-24 07:01:00,FAILED
41874,2,19,1641.60,2026-08-15 13:13:00,PENDING
41875,2,3,2750.20,2026-08-02 14:35:00,PENDING
41876,3,3,1571.90,2026-08-10 11:59:00,SUCCESS
41877,2,15,1022.80,2026-08-31 07:03:00,REFUNDED
41878,2,10,2844.10,2026-08-21 07:32:00,SUCCESS
41879,3,19,426.90,2026-08-20 04:09:00,PENDING
41880,6,20,3896.10,2026-08-15 12:48:00,REFUNDED
41881,2,6,413.90,2026-08-28 00:54:00,FAILED
41882,7,4,508.00,2026-08-20 00:12:00,SUCCESS
41883,10,9,3241.70,2026-08-02 18:14:00,SUCCESS
41884,8,10,4301.40,2026-08-05 08:05:00,SUCCESS
41885,2,3,2575.80,2026-08-24 07:56:00,REFUNDED
41886,10,12,445.40,2026-08-02 12:20:00,PENDING
41887,4,11,1594.20,2026-08-23 19:51:00,REFUNDED
41888,5,2,1045.50,2026-08-05 11:46:00,PENDING
41889,8,17,1272.20,2026-08-22 15:26:00,FAILED
41890,2,12,4949.90,2026-08-13 09:32:00,SUCCESS
41891,9,17,850.80,2026-08-26 20:32:00,FAILED
41892,9,13,1546.70,2026-08-17 02:14:00,REFUNDED
41893,1,1,3716.90,2026-08-28 01:43:00,FAILED
41894,6,1,2579.80,2026-08-08 11:24:00,SUCCESS
41895,3,7,2512.60,2026-08-28 12:34:00,PENDING
41896,6,11,596.60,2026-08-21 22:36:00,SUCCESS
41897,4,17,1384.20,2026-08-20 05:26:00,SUCCESS
41898,5,4,2572.60,2026-08-07 21:08:00,REFUNDED
41899,4,19,1425.00,2026-08-29 21:28:00,PENDING
41900,9,10,4190.80,2026-08-27 12:02:00,SUCCESS
41901,7,5,3514.40,2026-08-17 05:11:00,FAILED
41902,5,3,3332.50,2026-08-09 13:13:00,REFUNDED
41903,1,11,4487.40,2026-08-21 03:05:00,SUCCESS
41904,5,14,1359.00,2026-08-08 23:18:00,SUCCESS
41905,3,11,1715.10,2026-08-27 11:24:00,SUCCESS
41906,3,1,3968.20,2026-08-10 07:31:00,PENDING
41907,3,11,846.00,2026-08-26 00:22:00,PENDING
41908,6,11,3442.80,2026-08-07 15:05:00,FAILED
41909,10,9,1781.60,2026-08-18 04:57:00,PENDING
41910,8,9,3340.30,2026-08-20 07:07:00,PENDING
41911,2,20,3959.30,2026-08-26 08:15:00,PENDING
41912,7,13,1322.10,2026-08-10 08:07:00,REFUNDED
41913,6,8,3318.40,2026-08-25 20:12:00,SUCCESS
41914,8,19,2672.40,2026-08-11 20:35:00,PENDING
41915,6,16,4893.80,2026-08-24 16:50:00,PENDING
41916,4,3,3773.40,2026-08-16 20:27:00,FAILED
41917,5,3,606.30,2026-08-25 16:27:00,PENDING
41918,1,8,2131.60,2026-08-11 05:44:00,REFUNDED
41919,1,16,4919.10,2026-08-30 12:11:00,FAILED
41920,9,8,1182.40,2026-08-19 20:57:00,PENDING
41921,8,4,1759.20,2026-08-24 03:37:00,REFUNDED
41922,10,3,3310.40,2026-08-27 17:54:00,FAILED
41923,6,13,560.10,2026-08-23 20:58:00,PENDING
41924,9,19,868.80,2026-08-19 23:55:00,REFUNDED
41925,4,7,1171.70,2026-08-03 12:51:00,REFUNDED
41926,8,17,1041.20,2026-08-24 21:56:00,SUCCESS
41927,1,16,395.90,2026-08-06 15:15:00,PENDING
41928,3,9,3748.90,2026-08-12 04:48:00,FAILED
41929,4,20,2760.20,2026-08-05 17:23:00,PENDING
41930,10,11,2846.40,2026-08-08 19:45:00,PENDING
41931,3,15,209.10,2026-08-03 08:44:00,REFUNDED
41932,3,2,2437.90,2026-08-30 10:18:00,SUCCESS
41933,6,15,4674.70,2026-08-29 10:39:00,REFUNDED
41934,7,12,3070.90,2026-08-28 22:13:00,PENDING
41935,2,5,4652.70,2026-08-25 20:51:00,REFUNDED
41936,5,9,852.00,2026-08-12 18:43:00,REFUNDED
41937,7,9,3540.80,2026-08-09 12:51:00,REFUNDED
41938,3,15,4367.70,2026-08-09 21:24:00,PENDING
41939,4,11,3030.70,2026-08-21 03:46:00,SUCCESS
41940,2,15,3176.20,2026-08-09 21:47:00,SUCCESS
41941,8,19,2639.40,2026-08-09 19:47:00,REFUNDED
41942,9,19,425.60,2026-08-20 02:28:00,SUCCESS
41943,7,15,3097.50,2026-08-12 04:44:00,FAILED
41944,4,12,60.40,2026-08-19 20:55:00,REFUNDED
41945,7,3,2539.80,2026-08-09 04:03:00,SUCCESS
41946,10,15,2210.90,2026-08-19 22:07:00,REFUNDED
41947,7,18,2981.00,2026-08-20 07:32:00,FAILED
41948,3,2,1357.20,2026-08-19 17:58:00,SUCCESS
41949,8,7,1531.50,2026-08-03 16:49:00,SUCCESS
41950,4,6,538.10,2026-08-30 05:04:00,PENDING
41951,10,7,4542.50,2026-08-13 15:36:00,PENDING
41952,8,7,3109.00,2026-08-19 17:13:00,PENDING
41953,10,9,4576.90,2026-08-30 17:55:00,FAILED
41954,4,6,4443.60,2026-08-11 20:50:00,SUCCESS
41955,5,18,4654.90,2026-08-12 03:41:00,FAILED
41956,5,19,3429.60,2026-08-18 03:33:00,PENDING
41957,8,2,4963.00,2026-08-22 12:43:00,SUCCESS
41958,1,1,5000,INVALID_DATE_TIME,SUCCESS
41959,6,19,1236.30,2026-08-06 23:24:00,FAILED
41960,7,1,2032.70,2026-08-14 14:37:00,PENDING
41961,5,16,2523.60,2026-08-24 03:26:00,REFUNDED
41962,5,16,2864.50,2026-08-03 04:41:00,FAILED
41963,8,4,849.70,2026-08-03 21:23:00,SUCCESS
41964,10,11,3292.40,2026-08-23 05:52:00,PENDING
41965,8,14,4135.30,2026-08-17 16:49:00,PENDING
41966,6,19,2261.40,2026-08-17 00:33:00,FAILED
41967,1,1,2729.60,2026-08-13 23:59:00,SUCCESS
41968,5,11,397.00,2026-08-14 03:07:00,SUCCESS
41969,3,16,3255.90,2026-08-26 18:23:00,SUCCESS
41970,4,6,4132.90,2026-08-07 17:18:00,PENDING
41971,3,5,907.20,2026-08-20 16:19:00,REFUNDED
41972,1,17,1586.60,2026-08-16 00:04:00,SUCCESS
41973,1,9,458.20,2026-08-23 05:33:00,FAILED
41974,6,5,4145.90,2026-08-13 02:04:00,SUCCESS
41975,7,6,617.30,2026-08-02 01:29:00,REFUNDED
41976,2,7,1099.60,2026-08-01 20:46:00,PENDING
41977,9,18,4114.20,2026-08-23 07:09:00,PENDING
41978,6,5,4160.00,2026-08-19 18:56:00,FAILED
41979,1,17,770.90,2026-08-25 23:55:00,FAILED
41980,7,9,1593.50,2026-08-17 10:17:00,FAILED
41981,10,3,2830.60,2026-08-28 11:25:00,SUCCESS
41982,9,17,4218.80,2026-08-14 17:11:00,PENDING
41983,5,7,4274.20,2026-08-04 06:14:00,FAILED
41984,1,3,1194.60,2026-08-22 21:05:00,FAILED
41985,4,4,3481.70,2026-08-17 13:04:00,SUCCESS
41986,4,6,917.20,2026-08-11 12:18:00,PENDING
41987,3,9,3920.60,2026-08-12 07:41:00,REFUNDED
41988,9,6,1523.00,2026-08-25 07:30:00,FAILED
41989,6,19,4213.80,2026-08-02 09:22:00,PENDING
41990,3,10,4315.00,2026-08-05 01:46:00,PENDING
41991,9,12,4606.80,2026-08-27 09:21:00,FAILED
41992,3,12,3903.80,2026-08-15 11:09:00,SUCCESS
41993,6,8,1270.10,2026-08-28 21:01:00,SUCCESS
41994,2,10,2649.60,2026-08-17 08:36:00,SUCCESS
41995,3,7,4302.90,2026-08-22 13:01:00,PENDING
41996,2,14,3988.90,2026-08-16 12:42:00,PENDING
41997,2,17,3793.30,2026-08-25 00:30:00,SUCCESS
41998,1,1,5000,INVALID_DATE_TIME,SUCCESS
41999,3,16,4749.90,2026-08-20 11:24:00,FAILED
42000,8,7,1178.40,2026-08-20 21:43:00,PENDING
42001,5,16,5022.40,2026-08-15 14:19:00,FAILED
42002,8,3,2285.10,2026-08-25 16:10:00,REFUNDED
42003,4,2,1207.40,2026-08-25 13:24:00,SUCCESS
42004,6,6,2096.50,2026-08-03 02:42:00,FAILED
42005,7,3,2802.30,2026-08-15 23:24:00,FAILED
42006,4,15,1013.40,2026-08-29 23:13:00,FAILED
42007,8,9,3553.20,2026-08-13 18:58:00,PENDING
42008,4,17,2376.30,2026-08-25 22:09:00,PENDING
42009,9,15,4230.00,2026-08-18 21:52:00,FAILED
42010,1,16,1103.70,2026-08-08 18:10:00,REFUNDED
42011,10,15,959.10,2026-08-25 22:15:00,PENDING
42012,10,8,2150.50,2026-08-30 16:22:00,FAILED
42013,10,4,4533.90,2026-08-23 23:57:00,REFUNDED
42014,2,8,334.40,2026-08-16 14:49:00,SUCCESS
42015,4,19,201.90,2026-08-11 09:54:00,FAILED
42016,3,18,2654.40,2026-08-07 23:07:00,PENDING
42017,5,6,3128.50,2026-08-28 09:08:00,FAILED
42018,10,18,3422.20,2026-08-10 00:01:00,FAILED
42019,1,20,2826.50,2026-08-18 00:28:00,SUCCESS
42020,7,20,3904.70,2026-08-07 21:20:00,REFUNDED
42021,8,2,2240.80,2026-08-22 18:34:00,PENDING
42022,7,19,4871.60,2026-08-20 05:47:00,PENDING
42023,3,8,3373.90,2026-08-23 05:39:00,SUCCESS
42024,7,2,3783.20,2026-08-09 06:32:00,FAILED
42025,5,1,3638.40,2026-08-30 02:35:00,SUCCESS
42026,4,6,2233.10,2026-08-28 16:15:00,SUCCESS
42027,2,10,457.10,2026-08-18 20:01:00,SUCCESS
42028,9,5,3404.90,2026-08-02 10:07:00,REFUNDED
42029,4,12,2683.20,2026-08-16 21:25:00,FAILED
42030,8,14,1615.10,2026-08-15 08:40:00,PENDING
42031,4,9,874.70,2026-08-05 02:53:00,SUCCESS
42032,6,17,2587.80,2026-08-13 03:22:00,PENDING
42033,9,14,4548.40,2026-08-30 01:01:00,SUCCESS
42034,10,4,4336.80,2026-08-22 07:22:00,REFUNDED
42035,9,4,4957.40,2026-08-30 18:54:00,SUCCESS
42036,10,17,245.60,2026-08-26 20:56:00,PENDING
42037,7,13,4070.10,2026-08-29 20:41:00,PENDING
42038,8,10,4386.70,2026-08-23 10:53:00,PENDING
42039,10,1,3265.60,2026-08-11 07:48:00,PENDING
42040,3,7,3846.60,2026-08-19 18:18:00,FAILED
42041,8,9,2857.10,2026-08-24 11:55:00,SUCCESS
42042,1,3,3052.70,2026-08-05 14:32:00,SUCCESS
42043,1,12,1228.50,2026-08-10 00:42:00,SUCCESS
42044,6,10,2588.10,2026-08-26 15:33:00,PENDING
42045,4,11,1158.80,2026-08-24 02:23:00,PENDING
42046,9,13,2500.40,2026-08-03 17:27:00,REFUNDED
42047,6,14,913.80,2026-08-01 14:26:00,PENDING
42048,5,1,3415.40,2026-08-30 19:33:00,REFUNDED
42049,2,16,2606.00,2026-08-09 08:31:00,FAILED
42050,6,9,3539.80,2026-08-04 10:28:00,SUCCESS
42051,5,8,1250.30,2026-08-26 16:20:00,PENDING
42052,6,20,2048.10,2026-08-22 11:43:00,FAILED
42053,1,1,5000,2026-08-01 12:00:00,UNKNOWN_STATUS
42054,7,14,2787.50,2026-08-17 13:00:00,PENDING
42055,3,7,4521.30,2026-08-06 00:23:00,FAILED
42056,4,3,291.60,2026-08-21 23:59:00,PENDING
42057,6,14,1875.90,2026-08-02 07:48:00,FAILED
42058,2,14,1353.60,2026-08-12 01:34:00,REFUNDED
42059,8,16,3104.20,2026-08-07 20:28:00,REFUNDED
42060,5,2,1996.80,2026-08-17 03:35:00,PENDING
42061,7,10,5001.00,2026-08-29 22:14:00,SUCCESS
42062,1,20,1035.50,2026-08-25 18:23:00,REFUNDED
42063,4,15,2852.70,2026-08-30 18:10:00,SUCCESS
42064,8,12,3551.70,2026-08-25 11:26:00,PENDING
42065,7,15,4097.60,2026-08-24 19:03:00,SUCCESS
42066,1,9,4455.70,2026-08-07 21:08:00,FAILED
42067,1,1,1687.50,2026-08-21 06:56:00,REFUNDED
42068,5,20,658.00,2026-08-17 18:34:00,PENDING
42069,6,17,2630.10,2026-08-18 12:01:00,REFUNDED
42070,2,4,3668.70,2026-08-05 21:46:00,REFUNDED
42071,7,3,2514.90,2026-08-11 23:39:00,FAILED
42072,1,3,2472.60,2026-08-22 18:24:00,PENDING
42073,10,4,1957.00,2026-08-19 15:56:00,FAILED
42074,2,19,3275.30,2026-08-17 17:41:00,SUCCESS
42075,5,14,4766.50,2026-08-14 04:32:00,FAILED
42076,4,10,2235.00,2026-08-17 23:57:00,PENDING
42077,6,5,2845.10,2026-08-23 10:05:00,FAILED
42078,8,17,1354.30,2026-08-13 01:30:00,PENDING
42079,3,5,3160.60,2026-08-24 15:54:00,FAILED
42080,9,19,1441.30,2026-08-09 23:26:00,FAILED
42081,2,11,3579.50,2026-08-05 23:56:00,FAILED
42082,8,6,81.90,2026-08-18 13:33:00,PENDING
42083,9,7,3591.80,2026-08-05 23:03:00,SUCCESS
42084,5,1,1627.60,2026-08-24 19:27:00,FAILED
42085,4,8,1239.70,2026-08-06 19:31:00,FAILED
42086,6,11,3921.70,2026-08-17 11:06:00,PENDING
42087,1,10,2492.30,2026-08-15 05:05:00,FAILED
42088,8,6,3760.40,2026-08-21 16:10:00,FAILED
42089,9,2,330.40,2026-08-21 22:18:00,REFUNDED
42090,2,12,1726.70,2026-08-15 19:29:00,FAILED
42091,9,20,830.80,2026-08-19 06:03:00,FAILED
42092,3,3,803.10,2026-08-16 10:16:00,SUCCESS
42093,8,6,3269.50,2026-08-01 22:49:00,PENDING
42094,3,5,2509.60,2026-08-30 05:48:00,SUCCESS
42095,6,4,2475.00,2026-08-05 00:17:00,FAILED
42096,10,8,993.60,2026-08-26 07:01:00,PENDING
42097,4,11,1043.00,2026-08-20 22:57:00,FAILED
42098,4,10,435.30,2026-08-12 11:43:00,SUCCESS
42099,8,1,1419.90,2026-08-30 22:19:00,PENDING
42100,2,3,555.10,2026-08-26 09:59:00,FAILED
42101,2,6,4170.10,2026-08-07 02:01:00,PENDING
42102,6,2,3150.50,2026-08-27 11:24:00,FAILED
42103,5,3,3591.30,2026-08-03 14:39:00,FAILED
42104,10,7,1917.50,2026-08-03 14:27:00,FAILED
42105,10,19,2501.30,2026-08-23 21:54:00,PENDING
42106,1,11,3453.20,2026-08-11 11:05:00,SUCCESS
42107,9,9,4220.90,2026-08-19 13:37:00,REFUNDED
42108,9,15,190.20,2026-08-24 19:26:00,FAILED
42109,2,1,480.10,2026-08-04 09:54:00,REFUNDED
42110,6,5,679.20,2026-08-26 02:50:00,REFUNDED
42111,1,5,1623.80,2026-08-10 18:56:00,PENDING
42112,7,13,4399.00,2026-08-17 23:53:00,FAILED
42113,4,11,2638.70,2026-08-05 11:22:00,SUCCESS
42114,2,12,2744.20,2026-08-20 04:29:00,FAILED
42115,5,3,2551.00,2026-08-29 03:04:00,PENDING
42116,4,1,3439.00,2026-08-14 10:19:00,PENDING
42117,10,3,3193.40,2026-08-18 13:33:00,SUCCESS
42118,4,7,3986.40,2026-08-21 05:38:00,FAILED
42119,5,13,4433.70,2026-08-23 00:07:00,SUCCESS
42120,10,7,3373.90,2026-08-18 22:20:00,SUCCESS
42121,5,13,4485.30,2026-08-26 01:04:00,REFUNDED
42122,10,5,2930.50,2026-08-11 08:11:00,FAILED
42123,10,20,3895.50,2026-08-04 06:22:00,REFUNDED
42124,1,18,2370.50,2026-08-01 12:50:00,FAILED
42125,3,2,3241.40,2026-08-02 00:33:00,SUCCESS
42126,8,20,2976.90,2026-08-05 07:11:00,PENDING
42127,8,19,3273.30,2026-08-08 20:57:00,PENDING
42128,1,9,3016.00,2026-08-02 20:05:00,PENDING
42129,5,9,1330.50,2026-08-22 18:48:00,FAILED
42130,2,4,4414.50,2026-08-28 16:23:00,FAILED
42131,6,19,3654.90,2026-08-12 07:37:00,SUCCESS
42132,1,6,4488.20,2026-08-08 22:44:00,SUCCESS
42133,4,18,987.50,2026-08-17 23:13:00,SUCCESS
42134,8,18,4416.30,2026-08-20 00:59:00,REFUNDED
42135,2,9,4260.00,2026-08-20 12:01:00,FAILED
42136,4,19,1759.00,2026-08-28 06:14:00,PENDING
42137,10,9,3226.50,2026-08-05 19:51:00,REFUNDED
42138,3,6,3756.60,2026-08-23 06:09:00,SUCCESS
42139,5,11,1413.90,2026-08-10 07:20:00,REFUNDED
42140,1,17,3439.20,2026-08-10 09:55:00,REFUNDED
42141,9,8,742.40,2026-08-28 20:38:00,SUCCESS
42142,8,16,359.10,2026-08-06 08:56:00,SUCCESS
42143,7,3,4315.80,2026-08-06 10:28:00,REFUNDED
42144,8,16,4888.00,2026-08-19 17:28:00,SUCCESS
42145,1,1,5000,2026-08-01 12:00:00,UNKNOWN_STATUS
42146,4,12,130.10,2026-08-04 23:07:00,PENDING
42147,2,17,839.40,2026-08-28 09:55:00,SUCCESS
42148,10,8,3654.10,2026-08-16 08:33:00,SUCCESS
42149,6,4,3054.30,2026-08-09 19:21:00,SUCCESS
42150,2,7,2664.70,2026-08-13 22:41:00,REFUNDED
42151,2,10,1756.60,2026-08-29 17:57:00,FAILED
42152,8,16,3717.80,2026-08-17 01:59:00,PENDING
42153,9,13,4225.60,2026-08-20 18:56:00,SUCCESS
42154,2,1,4627.60,2026-08-09 22:38:00,PENDING
42155,1,18,1344.60,2026-08-30 07:29:00,PENDING
42156,4,12,508.50,2026-08-10 14:22:00,PENDING
42157,2,4,3904.80,2026-08-10 09:56:00,PENDING
42158,1,5,963.10,2026-08-14 04:55:00,FAILED
42159,4,16,3701.00,2026-08-30 04:57:00,SUCCESS
42160,9,10,235.70,2026-08-16 12:50:00,FAILED
42161,7,20,4776.30,2026-08-07 20:05:00,PENDING
42162,4,3,77.50,2026-08-26 15:03:00,SUCCESS
42163,4,12,2311.60,2026-08-25 09:51:00,REFUNDED
42164,1,10,4314.90,2026-08-19 14:24:00,REFUNDED
42165,2,2,2283.40,2026-08-25 04:13:00,FAILED
42166,7,10,2248.50,2026-08-13 07:48:00,SUCCESS
42167,3,1,3543.50,2026-08-07 17:25:00,FAILED
42168,7,7,2930.50,2026-08-26 02:00:00,REFUNDED
42169,3,8,4621.50,2026-08-27 18:54:00,FAILED
42170,1,1,NOT_A_NUMBER,2026-08-01 12:00:00,SUCCESS
42171,3,3,1027.10,2026-08-30 01:14:00,PENDING
42172,4,18,4941.70,2026-08-20 05:22:00,REFUNDED
42173,8,18,4129.20,2026-08-23 19:20:00,SUCCESS
42174,9,17,2347.60,2026-08-08 01:35:00,REFUNDED
42175,6,15,3248.20,2026-08-10 10:07:00,REFUNDED
42176,7,13,4587.70,2026-08-05 07:16:00,PENDING
42177,6,10,2748.90,2026-08-28 23:25:00,SUCCESS
42178,4,17,2024.20,2026-08-16 16:44:00,FAILED
42179,4,20,4043.00,2026-08-24 01:48:00,SUCCESS
42180,6,15,5003.50,2026-08-06 08:22:00,PENDING
42181,10,5,2541.70,2026-08-04 14:12:00,SUCCESS
42182,3,11,407.60,2026-08-29 07:19:00,REFUNDED
42183,7,10,3191.00,2026-08-06 04:10:00,SUCCESS
42184,6,20,2976.90,2026-08-04 16:44:00,SUCCESS
42185,1,17,3875.30,2026-08-26 03:05:00,FAILED
42186,5,9,4742.40,2026-08-22 04:11:00,SUCCESS
42187,5,15,1125.30,2026-08-23 00:23:00,SUCCESS
42188,10,4,1693.40,2026-08-26 16:03:00,REFUNDED
42189,2,5,3913.70,2026-08-10 03:46:00,FAILED
42190,1,10,3932.20,2026-08-03 23:08:00,REFUNDED
42191,7,20,3844.90,2026-08-20 20:38:00,PENDING
42192,8,16,2445.90,2026-08-28 17:02:00,FAILED
42193,4,12,2466.50,2026-08-25 23:24:00,FAILED
42194,10,15,423.80,2026-08-22 18:36:00,REFUNDED
42195,10,15,283.30,2026-08-24 22:03:00,REFUNDED
42196,2,9,965.60,2026-08-03 21:10:00,PENDING
42197,4,19,4385.60,2026-08-14 11:51:00,SUCCESS
42198,5,8,1138.30,2026-08-06 22:27:00,REFUNDED
42199,2,18,2088.50,2026-08-27 07:01:00,REFUNDED
42200,1,3,2745.10,2026-08-18 11:12:00,SUCCESS
42201,6,19,4536.50,2026-08-21 12:06:00,PENDING
42202,5,16,1365.20,2026-08-27 04:37:00,SUCCESS
42203,10,7,4845.10,2026-08-04 22:59:00,FAILED
42204,10,6,3024.00,2026-08-13 09:17:00,PENDING
42205,9,13,4650.10,2026-08-19 17:07:00,SUCCESS
42206,4,9,916.30,2026-08-10 08:59:00,PENDING
42207,4,17,2318.70,2026-08-12 07:52:00,SUCCESS
42208,3,9,106.80,2026-08-07 15:27:00,FAILED
42209,7,7,3766.00,2026-08-29 06:45:00,REFUNDED
42210,8,11,4453.90,2026-08-03 10:28:00,REFUNDED
42211,5,1,1588.00,2026-08-17 17:57:00,FAILED
42212,3,12,2196.90,2026-08-29 12:41:00,PENDING
42213,8,9,3812.50,2026-08-06 18:17:00,FAILED
42214,7,1,936.40,2026-08-26 10:53:00,SUCCESS
42215,10,9,4195.50,2026-08-06 13:50:00,PENDING
42216,8,14,4058.50,2026-08-17 10:06:00,PENDING
42217,7,8,3960.50,2026-08-30 23:40:00,SUCCESS
42218,7,17,4142.90,2026-08-18 18:30:00,PENDING
42219,2,18,4128.20,2026-08-14 13:08:00,FAILED
42220,10,20,4113.90,2026-08-28 21:50:00,SUCCESS
42221,8,18,833.00,2026-08-23 18:22:00,SUCCESS
42222,5,15,2102.20,2026-08-25 21:17:00,SUCCESS
42223,8,14,1618.60,2026-08-20 17:28:00,SUCCESS
42224,1,3,2940.00,2026-08-20 11:12:00,SUCCESS
42225,1,19,1250.60,2026-08-09 00:54:00,PENDING
42226,8,18,3048.40,2026-08-15 23:20:00,FAILED
42227,3,20,2678.20,2026-08-26 07:25:00,SUCCESS
42228,5,17,3389.80,2026-08-13 05:16:00,SUCCESS
42229,5,15,3332.80,2026-08-28 14:54:00,FAILED
42230,4,14,1946.00,2026-08-22 15:20:00,PENDING
42231,3,20,1882.40,2026-08-20 19:50:00,SUCCESS
42232,3,20,738.20,2026-08-16 17:35:00,PENDING
42233,8,19,819.80,2026-08-15 13:14:00,FAILED
42234,2,12,5022.90,2026-08-31 04:14:00,FAILED
42235,4,8,1283.00,2026-08-02 08:05:00,REFUNDED
42236,5,5,2855.00,2026-08-18 12:06:00,SUCCESS
42237,9,2,3942.30,2026-08-14 17:29:00,REFUNDED
42238,7,10,939.60,2026-08-25 15:39:00,FAILED
42239,9,5,2316.30,2026-08-04 03:41:00,FAILED
42240,10,4,4267.50,2026-08-04 19:24:00,REFUNDED
42241,3,16,3435.50,2026-08-29 11:37:00,REFUNDED
42242,1,14,3243.90,2026-08-02 19:44:00,FAILED
42243,8,1,2490.50,2026-08-19 14:14:00,REFUNDED
42244,8,16,1746.30,2026-08-18 12:39:00,PENDING
42245,9,16,277.60,2026-08-06 21:07:00,SUCCESS
42246,3,20,4916.50,2026-08-01 08:25:00,FAILED
42247,6,15,903.70,2026-08-24 12:47:00,REFUNDED
42248,9,7,3352.40,2026-08-18 23:00:00,FAILED
42249,9,1,675.00,2026-08-22 08:23:00,REFUNDED
42250,7,4,630.50,2026-08-23 01:27:00,REFUNDED
42251,1,17,1010.30,2026-08-09 12:37:00,FAILED
42252,9,18,2166.20,2026-08-14 12:32:00,PENDING
42253,5,3,3358.40,2026-08-11 11:05:00,FAILED
42254,5,13,4859.70,2026-08-24 23:42:00,PENDING
42255,10,17,3841.70,2026-08-02 18:15:00,SUCCESS
42256,1,8,5028.10,2026-08-13 13:21:00,SUCCESS
42257,8,14,3925.30,2026-08-18 05:46:00,SUCCESS
42258,5,12,1386.30,2026-08-17 20:32:00,SUCCESS
42259,1,11,4363.00,2026-08-25 22:20:00,PENDING
42260,10,16,3973.70,2026-08-26 22:36:00,FAILED
42261,6,9,2461.10,2026-08-27 22:38:00,REFUNDED
42262,7,4,3705.60,2026-08-15 18:22:00,PENDING
42263,10,4,2174.50,2026-08-15 06:40:00,PENDING
42264,6,17,915.80,2026-08-05 02:52:00,PENDING
42265,1,7,2633.40,2026-08-22 09:00:00,FAILED
42266,2,3,655.20,2026-08-29 04:44:00,FAILED
42267,6,4,520.00,2026-08-01 22:06:00,SUCCESS
42268,7,15,4074.90,2026-08-11 22:34:00,FAILED
42269,9,16,3330.50,2026-08-13 13:43:00,REFUNDED
42270,2,3,718.00,2026-08-12 16:51:00,REFUNDED
42271,3,2,133.70,2026-08-11 08:43:00,PENDING
42272,6,8,1832.90,2026-08-26 20:33:00,PENDING
42273,1,9,2534.00,2026-08-05 01:02:00,FAILED
42274,4,19,1860.90,2026-08-09 13:06:00,FAILED
42275,6,10,1251.00,2026-08-05 15:50:00,PENDING
42276,10,15,1735.20,2026-08-23 22:37:00,FAILED
42277,7,5,61.40,2026-08-07 01:09:00,REFUNDED
42278,6,16,2364.00,2026-08-27 17:17:00,REFUNDED
42279,5,18,2032.40,2026-08-03 00:44:00,SUCCESS
42280,7,6,1077.90,2026-08-30 10:25:00,SUCCESS
42281,3,15,594.40,2026-08-18 13:01:00,FAILED
42282,10,16,1332.90,2026-08-25 17:27:00,PENDING
42283,2,7,4189.40,2026-08-14 17:45:00,SUCCESS
42284,9,20,1484.50,2026-08-08 07:49:00,FAILED
42285,9,1,4529.50,2026-08-30 14:00:00,REFUNDED
42286,1,3,2846.80,2026-08-13 15:38:00,SUCCESS
42287,2,18,515.60,2026-08-27 08:27:00,SUCCESS
42288,4,11,3797.40,2026-08-09 14:52:00,SUCCESS
42289,2,7,4970.20,2026-08-30 13:32:00,REFUNDED
42290,4,16,2028.10,2026-08-21 08:27:00,FAILED
42291,10,18,3397.20,2026-08-27 03:55:00,SUCCESS
42292,7,13,3755.60,2026-08-29 20:44:00,SUCCESS
42293,8,2,4784.30,2026-08-17 09:00:00,PENDING
42294,1,16,2784.80,2026-08-06 11:33:00,PENDING
42295,10,2,3749.30,2026-08-02 00:26:00,REFUNDED
42296,10,15,2137.30,2026-08-13 07:24:00,REFUNDED
42297,10,14,372.70,2026-08-22 10:15:00,REFUNDED
42298,9,7,3463.90,2026-08-12 17:30:00,FAILED
42299,10,11,3326.50,2026-08-29 21:18:00,SUCCESS
42300,5,10,2683.80,2026-08-19 22:55:00,FAILED
42301,3,6,2474.40,2026-08-10 23:24:00,SUCCESS
42302,3,8,710.00,2026-08-28 04:04:00,REFUNDED
42303,2,1,4548.20,2026-08-23 00:48:00,SUCCESS
42304,10,17,2277.50,2026-08-26 04:04:00,PENDING
42305,8,9,3212.30,2026-08-09 10:09:00,SUCCESS
42306,7,1,4125.20,2026-08-06 01:19:00,REFUNDED
42307,1,9,4634.40,2026-08-25 06:51:00,FAILED
42308,6,19,1482.00,2026-08-11 11:06:00,SUCCESS
42309,10,20,2623.20,2026-08-27 15:33:00,SUCCESS
42310,1,1,5000,INVALID_DATE_TIME,SUCCESS
42311,6,13,2086.40,2026-08-16 09:05:00,PENDING
42312,3,12,4698.20,2026-08-10 13:23:00,REFUNDED
42313,5,17,2277.30,2026-08-14 17:07:00,REFUNDED
42314,3,9,1029.50,2026-08-18 17:46:00,REFUNDED
42315,10,7,4374.40,2026-08-12 13:27:00,PENDING
42316,8,8,4726.80,2026-08-06 02:05:00,SUCCESS
42317,1,10,3994.40,2026-08-16 08:15:00,FAILED
42318,2,11,3374.50,2026-08-01 21:55:00,REFUNDED
42319,10,6,4034.80,2026-08-30 08:01:00,FAILED
42320,9,5,1674.80,2026-08-25 09:19:00,PENDING
42321,3,9,502.90,2026-08-27 23:21:00,PENDING
42322,3,2,4640.50,2026-08-02 19:05:00,PENDING
42323,9,9,3178.70,2026-08-21 15:43:00,SUCCESS
42324,4,8,4467.20,2026-08-21 20:29:00,FAILED
42325,1,100.00
42326,8,6,2779.20,2026-08-20 17:36:00,FAILED
42327,10,17,3029.40,2026-08-21 10:08:00,PENDING
42328,2,11,3647.20,2026-08-04 21:43:00,FAILED
42329,8,17,4685.50,2026-08-17 16:56:00,REFUNDED
42330,4,20,1604.80,2026-08-31 07:25:00,SUCCESS
42331,8,7,4400.20,2026-08-09 23:41:00,PENDING
42332,8,7,4047.50,2026-08-24 06:41:00,SUCCESS
42333,6,6,845.60,2026-08-10 19:15:00,PENDING
42334,9,5,3524.90,2026-08-11 11:29:00,REFUNDED
42335,9,5,2158.20,2026-08-13 12:11:00,REFUNDED
42336,3,9,4782.80,2026-08-07 09:21:00,FAILED
42337,2,13,4874.70,2026-08-12 09:57:00,FAILED
42338,3,20,1509.40,2026-08-29 07:07:00,PENDING
42339,9,14,4070.20,2026-08-29 04:02:00,REFUNDED
42340,3,20,601.10,2026-08-28 20:49:00,REFUNDED
42341,6,12,3316.90,2026-08-06 17:15:00,PENDING
42342,3,9,3414.20,2026-08-10 00:10:00,SUCCESS
42343,9,6,1464.80,2026-08-25 06:44:00,FAILED
42344,2,20,642.30,2026-08-11 19:42:00,PENDING
42345,4,19,2291.00,2026-08-10 20:13:00,PENDING
42346,6,14,3497.70,2026-08-10 20:50:00,SUCCESS
42347,1,13,2959.10,2026-08-30 12:08:00,REFUNDED
42348,5,2,2994.70,2026-08-07 17:25:00,PENDING
42349,3,7,1514.10,2026-08-19 03:26:00,PENDING
42350,8,19,3253.70,2026-08-16 18:29:00,REFUNDED
42351,10,7,2688.10,2026-08-17 09:29:00,PENDING
42352,5,15,578.10,2026-08-13 05:01:00,FAILED
42353,1,1,5000,2026-08-01 12:00:00,UNKNOWN_STATUS
42354,9,19,2784.00,2026-08-16 22:36:00,FAILED
42355,9,14,433.40,2026-08-29 03:30:00,REFUNDED
42356,8,3,3580.40,2026-08-17 12:03:00,SUCCESS
42357,2,12,3853.70,2026-08-15 08:55:00,SUCCESS
42358,4,14,3055.30,2026-08-03 01:10:00,PENDING
42359,5,16,3074.30,2026-08-06 22:48:00,SUCCESS
42360,7,1,1248.00,2026-08-18 10:24:00,REFUNDED
42361,4,13,1181.80,2026-08-19 00:18:00,FAILED
42362,7,6,2617.80,2026-08-11 07:19:00,FAILED
42363,6,18,3344.10,2026-08-16 19:01:00,PENDING
42364,10,11,4780.30,2026-08-12 08:01:00,PENDING
42365,7,2,1379.90,2026-08-06 06:00:00,SUCCESS
42366,10,1,679.60,2026-08-18 01:08:00,PENDING
42367,10,15,4669.60,2026-08-11 06:39:00,REFUNDED
42368,7,10,4302.70,2026-08-16 14:19:00,FAILED
42369,5,17,3405.90,2026-08-04 07:49:00,PENDING
42370,3,3,3679.90,2026-08-10 01:04:00,FAILED
42371,1,12,1804.30,2026-08-21 07:39:00,REFUNDED
42372,5,19,2629.20,2026-08-08 01:37:00,SUCCESS
42373,7,1,3601.00,2026-08-16 01:46:00,REFUNDED
42374,3,4,2206.30,2026-08-04 22:02:00,REFUNDED
42375,2,14,3719.50,2026-08-08 23:05:00,PENDING
42376,6,16,2689.90,2026-08-18 06:28:00,REFUNDED
42377,9,12,1600.50,2026-08-29 15:23:00,SUCCESS
42378,9,13,2039.50,2026-08-14 01:38:00,SUCCESS
42379,6,5,1185.90,2026-08-16 14:49:00,SUCCESS
42380,10,8,2278.90,2026-08-16 22:24:00,FAILED
42381,7,5,4125.10,2026-08-17 06:55:00,SUCCESS
42382,7,20,3995.80,2026-08-07 16:33:00,PENDING
42383,2,19,4623.70,2026-08-05 13:19:00,REFUNDED
42384,6,18,4754.50,2026-08-15 11:50:00,PENDING
42385,1,8,2024.10,2026-08-09 06:31:00,FAILED
42386,5,7,3347.70,2026-08-12 05:46:00,REFUNDED
42387,5,6,168.20,2026-08-19 12:07:00,PENDING
42388,3,11,2804.10,2026-08-27 03:50:00,REFUNDED
42389,2,11,2241.90,2026-08-26 03:16:00,FAILED
42390,6,6,847.70,2026-08-26 11:00:00,PENDING
42391,5,7,3342.90,2026-08-03 03:57:00,PENDING
42392,5,10,2145.10,2026-08-04 23:12:00,FAILED
42393,3,16,2973.90,2026-08-03 14:33:00,REFUNDED
42394,6,15,2705.10,2026-08-23 01:59:00,PENDING
42395,6,20,511.90,2026-08-12 05:38:00,REFUNDED
42396,1,15,1161.90,2026-08-30 07:32:00,PENDING
42397,1,11,1089.40,2026-08-25 00:50:00,FAILED
42398,10,14,4515.50,2026-08-20 09:07:00,REFUNDED
42399,8,20,752.20,2026-08-16 03:32:00,FAILED
42400,2,9,2431.20,2026-08-04 06:25:00,SUCCESS
42401,3,13,593.20,2026-08-09 03:38:00,PENDING
42402,2,19,1707.00,2026-08-20 09:16:00,PENDING
42403,3,18,4546.50,2026-08-18 12:51:00,SUCCESS
42404,10,9,614.20,2026-08-31 01:51:00,REFUNDED
42405,1,6,1475.10,2026-08-28 17:39:00,SUCCESS
42406,3,16,1637.80,2026-08-13 10:57:00,SUCCESS
42407,10,13,1744.40,2026-08-08 15:04:00,PENDING
42408,7,7,1162.50,2026-08-19 14:20:00,REFUNDED
42409,1,18,897.30,2026-08-21 22:54:00,PENDING
42410,7,14,4318.00,2026-08-15 14:43:00,PENDING
42411,8,5,4341.50,2026-08-21 13:21:00,FAILED
42412,10,9,2911.50,2026-08-09 19:13:00,REFUNDED
42413,5,2,2938.90,2026-08-15 06:23:00,PENDING
42414,8,16,521.20,2026-08-11 22:16:00,SUCCESS
42415,5,1,2208.60,2026-08-06 02:36:00,FAILED
42416,4,3,4980.10,2026-08-25 03:12:00,REFUNDED
42417,7,3,4908.80,2026-08-22 05:23:00,PENDING
42418,8,11,3153.60,2026-08-14 02:43:00,SUCCESS
42419,3,13,1362.10,2026-08-14 08:32:00,SUCCESS
42420,8,18,4940.60,2026-08-17 18:43:00,SUCCESS
42421,1,6,5023.00,2026-08-03 07:36:00,PENDING
42422,10,10,1947.10,2026-08-02 02:49:00,SUCCESS
42423,6,2,2745.40,2026-08-19 11:02:00,SUCCESS
42424,10,11,3367.10,2026-08-25 01:37:00,FAILED
42425,5,11,4923.30,2026-08-17 23:30:00,REFUNDED
42426,1,15,441.90,2026-08-18 09:01:00,REFUNDED
42427,1,100.00
42428,5,17,1839.20,2026-08-16 17:56:00,FAILED
42429,2,12,4238.70,2026-08-13 20:26:00,REFUNDED
42430,2,12,2623.80,2026-08-21 13:06:00,PENDING
42431,6,9,2148.10,2026-08-20 11:01:00,SUCCESS
42432,4,10,685.20,2026-08-10 02:13:00,PENDING
42433,2,19,2562.20,2026-08-03 23:30:00,FAILED
42434,4,15,2798.60,2026-08-09 03:00:00,PENDING
42435,10,3,3167.10,2026-08-23 03:34:00,PENDING
42436,2,14,652.30,2026-08-24 19:18:00,PENDING
42437,2,12,1504.40,2026-08-05 21:59:00,PENDING
42438,7,12,1216.20,2026-08-08 03:04:00,PENDING
42439,1,1,NOT_A_NUMBER,2026-08-01 12:00:00,SUCCESS
42440,2,2,4067.70,2026-08-05 15:55:00,SUCCESS
42441,7,15,749.80,2026-08-21 10:27:00,FAILED
42442,1,19,3752.40,2026-08-03 08:53:00,SUCCESS
42443,8,15,1269.10,2026-08-13 06:33:00,FAILED
42444,3,2,790.10,2026-08-31 07:24:00,FAILED
42445,9,19,4338.80,2026-08-26 21:54:00,SUCCESS
42446,6,13,4208.90,2026-08-12 10:02:00,SUCCESS
42447,7,17,610.50,2026-08-12 06:32:00,SUCCESS
42448,1,8,4349.60,2026-08-15 21:08:00,REFUNDED
42449,8,9,1408.10,2026-08-20 17:31:00,REFUNDED
42450,6,7,3556.40,2026-08-13 10:52:00,SUCCESS
42451,1,8,3254.50,2026-08-06 00:26:00,PENDING
42452,7,5,4552.50,2026-08-17 06:18:00,FAILED
42453,6,19,1913.60,2026-08-18 12:10:00,SUCCESS
42454,9,6,4440.20,2026-08-05 18:43:00,PENDING
42455,9,2,3135.40,2026-08-31 00:41:00,REFUNDED
42456,2,14,2820.20,2026-08-26 20:27:00,PENDING
42457,10,20,1607.00,2026-08-09 05:23:00,REFUNDED
42458,6,20,520.70,2026-08-17 14:06:00,SUCCESS
42459,4,5,3135.30,2026-08-18 01:30:00,SUCCESS
42460,7,10,3344.00,2026-08-21 05:46:00,PENDING
42461,7,19,4995.30,2026-08-27 07:15:00,FAILED
42462,9,20,4337.20,2026-08-25 20:37:00,SUCCESS
42463,9,6,2420.30,2026-08-01 22:34:00,REFUNDED
42464,2,11,1843.10,2026-08-23 13:53:00,REFUNDED
42465,1,15,3865.20,2026-08-01 13:33:00,SUCCESS
42466,7,3,3702.50,2026-08-30 20:06:00,FAILED
42467,10,8,4189.40,2026-08-27 22:14:00,REFUNDED
42468,6,8,3694.10,2026-08-09 17:43:00,SUCCESS
42469,8,14,2054.50,2026-08-20 04:17:00,SUCCESS
42470,2,6,2478.60,2026-08-26 03:01:00,PENDING
42471,3,15,2219.20,2026-08-15 04:42:00,PENDING
42472,2,15,242.60,2026-08-22 21:48:00,REFUNDED
42473,2,11,2793.70,2026-08-12 22:13:00,REFUNDED
42474,3,12,3969.90,2026-08-07 10:48:00,REFUNDED
42475,2,5,2580.80,2026-08-09 16:43:00,REFUNDED
42476,9,12,1343.90,2026-08-12 13:12:00,PENDING
42477,7,16,1055.10,2026-08-07 09:25:00,FAILED
42478,7,7,4441.80,2026-08-13 14:10:00,PENDING
42479,2,9,4925.30,2026-08-29 03:33:00,FAILED
42480,6,2,2954.20,2026-08-04 08:27:00,SUCCESS
42481,7,15,2926.40,2026-08-23 23:36:00,REFUNDED
42482,2,17,4278.20,2026-08-16 05:52:00,PENDING
42483,7,3,3990.70,2026-08-05 15:31:00,SUCCESS
42484,8,18,4999.40,2026-08-08 06:59:00,REFUNDED
42485,1,1,NOT_A_NUMBER,2026-08-01 12:00:00,SUCCESS
42486,4,15,4073.90,2026-08-12 21:46:00,FAILED
42487,4,4,664.30,2026-08-25 11:56:00,FAILED
42488,9,3,3148.50,2026-08-08 18:37:00,PENDING
42489,2,12,333.20,2026-08-06 13:21:00,REFUNDED
42490,3,7,1290.60,2026-08-09 11:36:00,REFUNDED
42491,5,4,4048.00,2026-08-24 09:49:00,PENDING
42492,3,20,2478.30,2026-08-14 07:01:00,REFUNDED
42493,8,3,2900.10,2026-08-23 05:34:00,SUCCESS
42494,4,5,200.60,2026-08-13 11:18:00,PENDING
42495,5,14,4968.90,2026-08-20 00:53:00,REFUNDED
42496,3,1,3206.10,2026-08-08 10:56:00,FAILED
42497,8,17,3681.30,2026-08-23 23:16:00,FAILED
42498,10,12,2681.50,2026-08-23 00:45:00,PENDING
42499,1,19,4569.30,2026-08-06 09:47:00,FAILED
42500,2,11,4816.80,2026-08-22 22:16:00,PENDING
42501,10,8,277.50,2026-08-27 15:02:00,SUCCESS
42502,7,20,4924.40,2026-08-16 19:16:00,REFUNDED
42503,3,13,690.70,2026-08-29 05:42:00,PENDING
42504,1,11,609.10,2026-08-06 17:00:00,PENDING
42505,9,16,3108.30,2026-08-17 00:15:00,REFUNDED
42506,6,2,262.60,2026-08-20 03:45:00,FAILED
42507,8,19,4294.60,2026-08-16 05:28:00,FAILED
42508,5,12,4971.70,2026-08-08 12:04:00,SUCCESS
42509,8,12,592.00,2026-08-29 14:54:00,SUCCESS
42510,6,13,1532.30,2026-08-28 20:28:00,FAILED
42511,9,8,4463.30,2026-08-25 12:30:00,PENDING
42512,10,7,379.10,2026-08-29 05:11:00,SUCCESS
42513,4,18,4592.10,2026-08-16 09:15:00,FAILED
42514,7,4,531.20,2026-08-02 05:49:00,PENDING
42515,6,20,3147.30,2026-08-17 14:13:00,REFUNDED
42516,7,19,3650.60,2026-08-06 07:35:00,SUCCESS
42517,4,20,1411.00,2026-08-27 04:04:00,REFUNDED
42518,10,9,977.50,2026-08-25 10:32:00,SUCCESS
42519,4,16,4402.40,2026-08-28 11:31:00,FAILED
42520,4,1,1558.60,2026-08-15 01:47:00,SUCCESS
42521,2,10,1926.60,2026-08-14 14:17:00,REFUNDED
42522,10,1,4677.60,2026-08-08 06:52:00,PENDING
42523,5,14,2115.30,2026-08-19 05:18:00,SUCCESS
42524,8,8,3183.20,2026-08-19 02:41:00,REFUNDED
42525,10,14,2003.00,2026-08-12 12:45:00,REFUNDED
42526,10,11,2437.50,2026-08-15 04:29:00,FAILED
42527,10,16,1537.60,2026-08-11 00:15:00,FAILED
42528,1,8,3933.80,2026-08-26 04:55:00,REFUNDED
42529,9,18,380.80,2026-08-11 22:39:00,PENDING
42530,3,5,4905.90,2026-08-02 03:50:00,SUCCESS
42531,9,1,3718.80,2026-08-07 03:46:00,PENDING
42532,6,2,3589.70,2026-08-20 12:15:00,REFUNDED
42533,3,20,2546.50,2026-08-29 06:03:00,REFUNDED
42534,9,10,659.20,2026-08-03 09:16:00,PENDING
42535,6,9,1339.30,2026-08-05 00:14:00,PENDING
42536,7,10,3047.10,2026-08-19 21:17:00,PENDING
42537,2,15,1200.70,2026-08-24 14:42:00,FAILED
42538,6,13,3993.30,2026-08-08 03:20:00,REFUNDED
42539,6,3,2463.80,2026-08-20 21:54:00,SUCCESS
42540,8,3,2925.70,2026-08-19 04:23:00,PENDING
42541,10,18,2472.10,2026-08-28 01:39:00,PENDING
42542,8,8,3765.90,2026-08-26 15:57:00,SUCCESS
42543,3,17,1172.90,2026-08-01 11:01:00,REFUNDED
42544,6,6,3620.70,2026-08-17 07:29:00,PENDING
42545,2,7,4151.40,2026-08-15 21:54:00,FAILED
42546,9,8,5040.00,2026-08-19 09:52:00,REFUNDED
42547,3,17,2277.40,2026-08-07 05:01:00,REFUNDED
42548,1,1,NOT_A_NUMBER,2026-08-01 12:00:00,SUCCESS
42549,7,11,1008.60,2026-08-28 11:54:00,FAILED
42550,3,20,3965.00,2026-08-30 09:43:00,REFUNDED
42551,6,16,3137.60,2026-08-10 08:52:00,SUCCESS
42552,10,20,2917.80,2026-08-20 02:04:00,REFUNDED
42553,4,12,3218.50,2026-08-18 21:17:00,REFUNDED
42554,7,18,1261.50,2026-08-11 12:54:00,SUCCESS
42555,3,19,3318.50,2026-08-26 01:07:00,SUCCESS
42556,9,16,3205.10,2026-08-26 15:33:00,FAILED
42557,2,10,1192.10,2026-08-29 22:41:00,REFUNDED
42558,10,19,3784.90,2026-08-19 08:35:00,SUCCESS
42559,1,6,3839.60,2026-08-08 02:22:00,FAILED
42560,4,7,4012.70,2026-08-13 06:39:00,SUCCESS
42561,6,8,947.70,2026-08-16 23:57:00,PENDING
42562,3,14,1967.20,2026-08-10 17:35:00,SUCCESS
42563,8,13,3540.20,2026-08-01 20:09:00,REFUNDED
42564,2,20,3164.80,2026-08-22 09:16:00,SUCCESS
42565,3,9,4824.30,2026-08-01 22:23:00,SUCCESS
42566,6,7,3215.70,2026-08-04 04:08:00,FAILED
42567,9,17,1137.70,2026-08-27 21:48:00,SUCCESS
42568,4,18,3032.60,2026-08-29 02:54:00,FAILED
42569,5,15,2944.60,2026-08-03 16:04:00,FAILED
42570,10,13,4899.90,2026-08-11 00:49:00,PENDING
42571,9,10,3429.20,2026-08-13 02:08:00,FAILED
42572,1,2,1335.40,2026-08-06 02:57:00,FAILED
42573,1,15,1400.70,2026-08-24 18:10:00,FAILED
42574,4,17,2118.20,2026-08-14 14:21:00,FAILED
42575,2,12,1384.80,2026-08-02 04:39:00,PENDING
42576,4,1,2493.60,2026-08-27 19:02:00,FAILED
42577,8,8,4544.30,2026-08-30 10:19:00,REFUNDED
42578,3,6,2097.20,2026-08-21 11:06:00,REFUNDED
42579,7,17,2107.60,2026-08-29 21:01:00,REFUNDED
42580,5,5,4666.60,2026-08-22 18:59:00,REFUNDED
42581,9,17,4441.70,2026-08-05 15:05:00,FAILED
42582,5,1,3021.20,2026-08-23 11:59:00,REFUNDED
42583,7,19,3499.90,2026-08-11 07:44:00,SUCCESS
42584,7,20,3755.80,2026-08-24 21:26:00,SUCCESS
42585,10,3,3274.90,2026-08-26 11:47:00,SUCCESS
42586,6,15,3023.90,2026-08-31 06:16:00,SUCCESS
42587,4,14,4198.90,2026-08-12 03:42:00,FAILED
42588,10,9,3117.40,2026-08-15 15:45:00,PENDING
42589,8,19,4311.20,2026-08-02 19:19:00,PENDING
42590,1,2,4718.30,2026-08-04 22:16:00,SUCCESS
42591,5,7,658.00,2026-08-13 04:25:00,REFUNDED
42592,9,17,4852.30,2026-08-30 05:03:00,SUCCESS
42593,9,14,1315.70,2026-08-11 12:59:00,PENDING
42594,3,5,1953.40,2026-08-25 09:17:00,PENDING
42595,7,13,2353.30,2026-08-03 19:16:00,PENDING
42596,1,7,1079.10,2026-08-13 03:35:00,SUCCESS
42597,7,6,84.60,2026-08-15 20:45:00,PENDING
42598,7,6,3356.20,2026-08-24 09:53:00,REFUNDED
42599,7,14,4482.50,2026-08-23 18:42:00,REFUNDED
42600,6,9,3789.90,2026-08-27 10:41:00,REFUNDED
42601,7,18,3077.60,2026-08-04 18:52:00,SUCCESS
42602,4,15,718.80,2026-08-08 10:05:00,FAILED
42603,1,20,1095.40,2026-08-20 00:58:00,FAILED
42604,8,9,3301.10,2026-08-12 14:22:00,PENDING
42605,8,15,2621.40,2026-08-07 02:53:00,FAILED
42606,10,12,692.40,2026-08-08 22:42:00,PENDING
42607,3,13,2196.40,2026-08-04 12:13:00,REFUNDED
42608,10,16,3466.30,2026-08-31 05:48:00,REFUNDED
42609,8,2,2132.40,2026-08-17 18:00:00,PENDING
42610,10,3,4554.50,2026-08-27 09:20:00,FAILED
42611,7,9,1105.60,2026-08-31 06:57:00,FAILED
42612,1,14,1645.60,2026-08-15 00:08:00,PENDING
42613,6,18,2943.40,2026-08-18 16:38:00,FAILED
42614,2,19,1603.40,2026-08-28 02:25:00,FAILED
42615,5,12,2073.00,2026-08-05 05:39:00,PENDING
42616,3,14,2951.00,2026-08-30 03:04:00,PENDING
42617,10,5,4434.20,2026-08-09 13:03:00,PENDING
42618,8,14,2676.30,2026-08-07 11:35:00,FAILED
42619,3,1,3969.50,2026-08-31 00:44:00,REFUNDED
42620,3,10,2213.40,2026-08-19 03:17:00,FAILED
42621,7,6,3973.40,2026-08-02 06:04:00,REFUNDED
42622,3,2,2904.70,2026-08-16 21:21:00,SUCCESS
42623,2,10,2572.30,2026-08-27 06:02:00,SUCCESS
42624,10,8,3905.90,2026-08-01 16:12:00,REFUNDED
42625,6,5,1986.50,2026-08-26 18:05:00,REFUNDED
42626,10,8,3258.40,2026-08-04 16:47:00,REFUNDED
42627,1,6,4471.60,2026-08-11 19:57:00,REFUNDED
42628,3,19,1887.30,2026-08-25 15:36:00,REFUNDED
42629,3,18,1191.40,2026-08-26 00:02:00,PENDING
42630,5,7,3648.50,2026-08-29 05:52:00,REFUNDED
42631,5,18,3496.60,2026-08-16 16:40:00,PENDING
42632,1,13,3341.50,2026-08-29 09:04:00,PENDING
42633,5,16,679.10,2026-08-04 16:06:00,REFUNDED
42634,10,4,2678.80,2026-08-04 10:55:00,SUCCESS
42635,10,11,2625.10,2026-08-19 15:13:00,PENDING
42636,7,18,3940.10,2026-08-16 21:19:00,REFUNDED
42637,7,6,459.70,2026-08-29 09:15:00,FAILED
42638,4,17,345.80,2026-08-26 06:58:00,SUCCESS
42639,7,17,3724.10,2026-08-10 11:48:00,SUCCESS
42640,1,1,5000,INVALID_DATE_TIME,SUCCESS
42641,7,5,3876.80,2026-08-04 00:31:00,FAILED
42642,9,9,2783.00,2026-08-12 09:21:00,PENDING
42643,8,4,2734.90,2026-08-05 15:36:00,FAILED
42644,1,19,3732.10,2026-08-05 06:40:00,PENDING
42645,1,1,NOT_A_NUMBER,2026-08-01 12:00:00,SUCCESS
42646,8,9,2343.90,2026-08-13 16:01:00,SUCCESS
42647,9,16,4126.70,2026-08-16 13:11:00,FAILED
42648,10,10,3167.90,2026-08-26 02:11:00,SUCCESS
42649,7,7,2174.40,2026-08-20 23:27:00,SUCCESS
42650,5,8,1131.50,2026-08-06 08:24:00,REFUNDED
42651,2,13,2944.70,2026-08-17 14:27:00,PENDING
42652,1,6,913.10,2026-08-15 18:26:00,SUCCESS
42653,6,17,3342.80,2026-08-22 01:42:00,PENDING
42654,6,1,1448.70,2026-08-27 15:05:00,FAILED
42655,3,16,2557.50,2026-08-25 08:06:00,PENDING
42656,1,13,2306.90,2026-08-11 07:58:00,FAILED
42657,9,19,1377.50,2026-08-16 18:14:00,PENDING
42658,7,1,4095.80,2026-08-19 16:32:00,SUCCESS
42659,7,15,978.10,2026-08-11 16:56:00,REFUNDED
42660,9,7,573.90,2026-08-11 12:48:00,SUCCESS
42661,5,19,1688.00,2026-08-11 13:17:00,REFUNDED
42662,7,18,89.90,2026-08-17 13:36:00,SUCCESS
42663,6,11,4864.80,2026-08-03 23:19:00,REFUNDED
42664,2,12,3881.20,2026-08-10 23:15:00,SUCCESS
42665,2,13,2801.20,2026-08-19 11:24:00,FAILED
42666,10,11,4108.80,2026-08-20 16:05:00,SUCCESS
42667,6,20,2610.70,2026-08-01 16:10:00,PENDING
42668,10,4,4679.70,2026-08-30 21:24:00,PENDING
42669,2,19,887.70,2026-08-13 12:43:00,PENDING
42670,9,8,2432.60,2026-08-09 16:58:00,REFUNDED
42671,3,7,3997.50,2026-08-31 03:28:00,SUCCESS
42672,2,4,286.10,2026-08-24 05:29:00,SUCCESS
42673,8,6,4504.90,2026-08-27 07:57:00,SUCCESS
42674,6,19,279.80,2026-08-03 23:35:00,REFUNDED
42675,7,1,4140.50,2026-08-26 10:38:00,REFUNDED
42676,9,17,4801.30,2026-08-06 04:14:00,PENDING
42677,1,9,3321.40,2026-08-16 21:09:00,PENDING
42678,7,9,4911.50,2026-08-10 16:39:00,SUCCESS
42679,7,2,129.20,2026-08-28 17:10:00,PENDING
42680,5,15,4498.50,2026-08-13 10:10:00,PENDING
42681,10,20,2914.10,2026-08-10 22:47:00,SUCCESS
42682,3,4,486.10,2026-08-25 23:37:00,FAILED
42683,7,18,418.20,2026-08-14 13:51:00,SUCCESS
42684,3,13,5023.30,2026-08-16 21:52:00,REFUNDED
42685,7,2,4926.20,2026-08-16 11:19:00,PENDING
42686,3,3,2276.60,2026-08-13 00:40:00,PENDING
42687,6,6,619.40,2026-08-18 23:38:00,PENDING
42688,6,10,607.60,2026-08-27 02:17:00,REFUNDED
42689,6,1,3706.70,2026-08-22 18:33:00,PENDING
42690,5,8,4597.40,2026-08-31 00:42:00,PENDING
42691,3,19,542.70,2026-08-08 09:25:00,FAILED
42692,1,14,1526.40,2026-08-03 03:51:00,PENDING
42693,8,12,1525.60,2026-08-19 06:26:00,REFUNDED
42694,10,1,4222.50,2026-08-26 01:24:00,REFUNDED
42695,2,9,4248.40,2026-08-16 20:25:00,PENDING
42696,7,9,2907.40,2026-08-20 22:25:00,PENDING
42697,8,19,2721.10,2026-08-27 12:08:00,PENDING
42698,4,19,3447.40,2026-08-03 14:27:00,REFUNDED
42699,9,14,4562.50,2026-08-10 10:51:00,FAILED
42700,2,17,3816.00,2026-08-12 14:09:00,PENDING
42701,3,1,2510.00,2026-08-06 22:56:00,FAILED
42702,4,2,214.20,2026-08-13 11:13:00,REFUNDED
42703,8,6,1070.20,2026-08-02 11:15:00,FAILED
42704,6,9,3742.70,2026-08-15 03:42:00,PENDING
42705,4,15,4179.20,2026-08-17 01:50:00,PENDING
42706,8,19,5002.90,2026-08-04 03:01:00,REFUNDED
42707,2,9,3605.30,2026-08-06 13:34:00,REFUNDED
42708,2,19,2920.10,2026-08-08 15:55:00,FAILED
42709,2,5,803.50,2026-08-21 12:25:00,SUCCESS
42710,2,13,123.10,2026-08-05 17:50:00,SUCCESS
42711,3,7,3186.60,2026-08-25 05:29:00,SUCCESS
42712,9,10,807.50,2026-08-15 21:16:00,PENDING
42713,2,4,3261.20,2026-08-11 18:07:00,REFUNDED
42714,5,12,4823.70,2026-08-04 06:22:00,SUCCESS
42715,2,19,1369.60,2026-08-28 13:45:00,SUCCESS
42716,8,11,446.20,2026-08-04 19:04:00,SUCCESS
42717,6,7,1335.50,2026-08-23 00:35:00,REFUNDED
42718,2,2,2228.90,2026-08-26 10:01:00,REFUNDED
42719,4,2,2693.40,2026-08-23 18:17:00,FAILED
42720,2,10,2683.10,2026-08-06 20:23:00,FAILED
42721,4,10,144.90,2026-08-17 13:30:00,PENDING
42722,10,1,4352.60,2026-08-28 22:22:00,PENDING
42723,9,20,1649.70,2026-08-07 08:15:00,FAILED
42724,4,4,4694.80,2026-08-09 00:21:00,REFUNDED
42725,2,11,180.70,2026-08-26 05:28:00,SUCCESS
42726,5,3,1592.50,2026-08-12 11:28:00,FAILED
42727,2,8,2846.00,2026-08-29 18:40:00,REFUNDED
42728,4,11,2206.70,2026-08-29 16:55:00,PENDING
42729,2,16,2857.40,2026-08-07 16:25:00,PENDING
42730,3,7,4723.10,2026-08-20 02:38:00,SUCCESS
42731,8,6,707.40,2026-08-09 02:24:00,REFUNDED
42732,6,12,463.40,2026-08-03 18:32:00,REFUNDED
42733,2,10,1498.90,2026-08-02 15:31:00,FAILED
42734,8,10,2996.10,2026-08-05 18:58:00,PENDING
42735,8,15,2359.40,2026-08-14 05:01:00,FAILED
42736,10,9,888.90,2026-08-03 08:31:00,PENDING
42737,1,20,2851.90,2026-08-25 14:32:00,SUCCESS
42738,8,3,4719.60,2026-08-21 09:25:00,SUCCESS
42739,6,12,1067.90,2026-08-19 00:07:00,PENDING
42740,1,15,2729.00,2026-08-02 03:36:00,PENDING
42741,7,18,1778.40,2026-08-26 02:02:00,PENDING
42742,4,14,2234.40,2026-08-22 09:20:00,PENDING
42743,4,19,2358.80,2026-08-26 14:13:00,FAILED
42744,7,6,1679.40,2026-08-27 22:28:00,FAILED
42745,8,1,3100.20,2026-08-25 09:46:00,REFUNDED
42746,10,15,2671.80,2026-08-22 07:13:00,REFUNDED
42747,4,16,1715.50,2026-08-11 01:32:00,REFUNDED
42748,1,8,4612.20,2026-08-20 13:27:00,SUCCESS
42749,5,18,2012.80,2026-08-27 19:37:00,SUCCESS
42750,5,8,2496.80,2026-08-21 13:38:00,PENDING
42751,7,3,4998.60,2026-08-02 10:34:00,REFUNDED
42752,6,11,2982.70,2026-08-28 03:59:00,SUCCESS
42753,2,12,2757.20,2026-08-02 15:33:00,SUCCESS
42754,8,11,3762.20,2026-08-23 07:22:00,REFUNDED
42755,8,2,1490.10,2026-08-07 10:28:00,PENDING
42756,1,13,3796.30,2026-08-26 11:40:00,SUCCESS
42757,5,16,2187.00,2026-08-21 01:27:00,SUCCESS
42758,2,3,926.40,2026-08-08 14:46:00,PENDING
42759,3,9,3618.60,2026-08-14 10:24:00,SUCCESS
42760,7,12,1360.00,2026-08-30 06:45:00,REFUNDED
42761,7,16,4520.00,2026-08-23 04:08:00,FAILED
42762,8,11,1876.00,2026-08-21 03:57:00,REFUNDED
42763,9,14,2870.00,2026-08-08 09:01:00,FAILED
42764,4,17,1952.20,2026-08-04 05:14:00,SUCCESS
42765,5,17,1300.40,2026-08-02 21:35:00,SUCCESS
42766,6,8,417.20,2026-08-23 01:18:00,PENDING
42767,8,20,978.40,2026-08-29 07:20:00,FAILED
42768,4,15,2431.90,2026-08-22 16:18:00,FAILED
42769,6,16,2303.30,2026-08-22 09:01:00,REFUNDED
42770,5,17,1094.20,2026-08-19 12:00:00,PENDING
42771,7,7,2592.80,2026-08-03 21:51:00,SUCCESS
42772,6,10,125.90,2026-08-30 20:39:00,REFUNDED
42773,6,1,4878.20,2026-08-18 13:36:00,SUCCESS
42774,9,3,3388.50,2026-08-22 17:40:00,PENDING
42775,1,8,3892.00,2026-08-10 14:32:00,FAILED
42776,1,1,5000,INVALID_DATE_TIME,SUCCESS
42777,7,6,4206.30,2026-08-20 23:10:00,REFUNDED
42778,2,1,131.80,2026-08-19 03:04:00,FAILED
42779,1,18,1823.00,2026-08-07 06:02:00,SUCCESS
42780,2,14,2504.10,2026-08-20 04:13:00,REFUNDED
42781,7,2,3834.50,2026-08-17 05:12:00,REFUNDED
42782,4,7,2479.00,2026-08-25 05:46:00,REFUNDED
42783,5,15,4909.80,2026-08-28 12:04:00,REFUNDED
42784,2,19,278.00,2026-08-18 19:47:00,FAILED
42785,7,9,3109.50,2026-08-25 00:35:00,REFUNDED
42786,7,7,2409.80,2026-08-09 06:33:00,FAILED
42787,8,11,2913.60,2026-08-03 20:22:00,SUCCESS
42788,1,13,3574.50,2026-08-17 22:25:00,PENDING
42789,6,20,2013.70,2026-08-05 15:02:00,FAILED
42790,4,13,1640.30,2026-08-13 05:30:00,PENDING
42791,7,16,3329.30,2026-08-22 07:15:00,FAILED
42792,4,15,420.80,2026-08-25 08:51:00,FAILED
42793,5,12,1179.30,2026-08-08 13:14:00,SUCCESS
42794,7,8,1059.80,2026-08-19 15:11:00,FAILED
42795,1,12,2516.40,2026-08-21 03:15:00,PENDING
42796,8,11,3239.20,2026-08-03 13:04:00,PENDING
42797,10,11,1630.00,2026-08-05 17:39:00,SUCCESS
42798,10,2,4618.80,2026-08-29 17:57:00,PENDING
42799,6,5,3578.00,2026-08-04 05:34:00,REFUNDED
42800,2,14,4522.90,2026-08-27 07:18:00,REFUNDED
42801,5,5,851.30,2026-08-27 15:59:00,FAILED
42802,8,4,2175.30,2026-08-25 19:16:00,FAILED
42803,5,7,2944.40,2026-08-29 17:08:00,FAILED
42804,10,7,4464.80,2026-08-23 05:03:00,PENDING
42805,2,15,4694.30,2026-08-16 22:44:00,REFUNDED
42806,10,7,1210.50,2026-08-19 03:21:00,REFUNDED
42807,10,20,3344.50,2026-08-16 14:06:00,FAILED
42808,1,9,4546.30,2026-08-10 12:20:00,PENDING
42809,6,5,1026.00,2026-08-12 11:24:00,REFUNDED
42810,6,8,3256.40,2026-08-14 05:36:00,SUCCESS
42811,10,10,1764.10,2026-08-14 16:20:00,SUCCESS
42812,2,7,3227.00,2026-08-08 09:53:00,FAILED
42813,1,14,2668.00,2026-08-28 10:28:00,FAILED
42814,5,10,989.10,2026-08-22 03:05:00,REFUNDED
42815,5,11,1836.30,2026-08-29 23:16:00,REFUNDED
42816,2,4,791.00,2026-08-30 03:06:00,FAILED
42817,2,15,1881.20,2026-08-25 09:05:00,PENDING
42818,8,9,3150.50,2026-08-16 13:04:00,PENDING
42819,6,14,4008.80,2026-08-14 06:49:00,SUCCESS
42820,2,20,3806.40,2026-08-27 00:36:00,SUCCESS
42821,7,16,4922.40,2026-08-05 08:55:00,SUCCESS
42822,9,11,4548.40,2026-08-25 09:14:00,PENDING
42823,3,6,2939.00,2026-08-13 07:11:00,FAILED
42824,7,9,2833.80,2026-08-21 17:17:00,FAILED
42825,3,15,1113.00,2026-08-11 11:45:00,REFUNDED
42826,10,9,861.30,2026-08-19 09:31:00,PENDING
42827,5,12,3282.90,2026-08-14 10:22:00,REFUNDED
42828,10,1,1760.30,2026-08-29 03:13:00,REFUNDED
42829,4,1,546.10,2026-08-20 02:03:00,SUCCESS
42830,1,19,2064.50,2026-08-02 14:53:00,REFUNDED
42831,2,11,3542.50,2026-08-12 15:28:00,SUCCESS
42832,1,18,3240.40,2026-08-05 20:40:00,FAILED
42833,10,16,3104.70,2026-08-07 12:42:00,FAILED
42834,10,20,1920.00,2026-08-18 17:40:00,SUCCESS
42835,5,8,2783.70,2026-08-21 23:21:00,REFUNDED
42836,3,19,3975.90,2026-08-04 19:21:00,FAILED
42837,3,17,3575.40,2026-08-19 21:47:00,SUCCESS
42838,1,12,3686.20,2026-08-02 18:26:00,REFUNDED
42839,6,17,4588.80,2026-08-10 01:13:00,REFUNDED
42840,5,20,2750.10,2026-08-16 22:00:00,FAILED
42841,8,2,1230.90,2026-08-21 16:15:00,SUCCESS
42842,2,16,4166.10,2026-08-14 10:27:00,SUCCESS
42843,9,5,3319.30,2026-08-22 01:18:00,FAILED
42844,3,10,3031.00,2026-08-06 08:15:00,REFUNDED
42845,3,13,2162.50,2026-08-21 05:59:00,SUCCESS
42846,7,11,4675.70,2026-08-09 20:28:00,SUCCESS
42847,10,9,1475.90,2026-08-16 15:25:00,PENDING
42848,3,10,2407.00,2026-08-04 08:51:00,SUCCESS
42849,6,18,2816.50,2026-08-26 08:34:00,PENDING
42850,1,17,4790.40,2026-08-06 01:39:00,REFUNDED
42851,3,12,4390.20,2026-08-28 02:02:00,FAILED
42852,10,17,3372.70,2026-08-09 13:03:00,SUCCESS
42853,2,1,2901.20,2026-08-20 08:25:00,PENDING
42854,4,10,4727.90,2026-08-29 13:16:00,SUCCESS
42855,9,13,4957.70,2026-08-24 10:32:00,PENDING
42856,9,8,3169.70,2026-08-29 18:58:00,FAILED
42857,3,6,1444.70,2026-08-08 19:01:00,SUCCESS
42858,6,2,4933.00,2026-08-22 10:14:00,PENDING
42859,6,17,3726.30,2026-08-23 06:12:00,REFUNDED
42860,8,8,3917.20,2026-08-14 07:52:00,SUCCESS
42861,8,14,1967.10,2026-08-24 22:17:00,SUCCESS
42862,10,19,4354.20,2026-08-04 00:19:00,FAILED
42863,1,6,1029.80,2026-08-10 14:05:00,SUCCESS
42864,8,3,98.30,2026-08-26 08:31:00,PENDING
42865,4,6,2390.70,2026-08-13 21:31:00,PENDING
42866,4,19,3713.80,2026-08-05 23:36:00,PENDING
42867,4,2,2168.00,2026-08-22 19:17:00,FAILED
42868,2,19,225.90,2026-08-12 01:58:00,PENDING
42869,1,19,448.90,2026-08-24 22:54:00,REFUNDED
42870,1,100.00
42871,8,6,4346.60,2026-08-05 16:28:00,PENDING
42872,9,10,136.50,2026-08-12 00:20:00,SUCCESS
42873,1,1,5046.50,2026-08-19 07:28:00,SUCCESS
42874,9,3,683.70,2026-08-08 18:49:00,REFUNDED
42875,2,12,2796.90,2026-08-19 15:47:00,REFUNDED
42876,5,3,2719.80,2026-08-02 05:23:00,SUCCESS
42877,10,9,2588.40,2026-08-09 10:57:00,REFUNDED
42878,6,15,4185.70,2026-08-21 16:43:00,SUCCESS
42879,2,3,2360.60,2026-08-28 11:43:00,FAILED
42880,2,8,64.30,2026-08-25 08:22:00,PENDING
42881,1,16,322.20,2026-08-14 11:26:00,SUCCESS
42882,9,14,3212.40,2026-08-07 17:47:00,PENDING
42883,7,1,1240.00,2026-08-29 06:58:00,PENDING
42884,8,4,657.70,2026-08-20 03:29:00,PENDING
42885,10,4,4591.30,2026-08-11 06:59:00,FAILED
42886,7,7,782.70,2026-08-18 04:12:00,FAILED
42887,10,15,3889.70,2026-08-20 03:45:00,REFUNDED
42888,2,11,2788.10,2026-08-03 21:47:00,PENDING
42889,8,18,2317.90,2026-08-02 20:42:00,PENDING
42890,7,9,837.50,2026-08-27 08:03:00,FAILED
42891,6,10,1443.50,2026-08-25 00:03:00,PENDING
42892,1,20,1794.00,2026-08-01 16:55:00,PENDING
42893,9,6,1062.40,2026-08-25 02:41:00,REFUNDED
42894,1,1,5000,2026-08-01 12:00:00,UNKNOWN_STATUS
42895,2,13,1472.20,2026-08-07 20:45:00,REFUNDED
42896,3,3,2692.20,2026-08-14 19:38:00,FAILED
42897,10,16,2383.50,2026-08-28 10:55:00,PENDING
42898,10,13,3973.50,2026-08-02 01:11:00,SUCCESS
42899,3,6,750.70,2026-08-09 15:22:00,REFUNDED
42900,3,13,3213.60,2026-08-28 00:38:00,PENDING
42901,9,5,2667.40,2026-08-06 08:18:00,PENDING
42902,9,2,1932.30,2026-08-19 08:51:00,PENDING
42903,8,13,4822.80,2026-08-21 10:24:00,PENDING
42904,8,14,523.40,2026-08-21 22:06:00,SUCCESS
42905,1,2,4905.10,2026-08-11 16:02:00,PENDING
42906,7,7,572.50,2026-08-08 23:18:00,PENDING
42907,1,7,3128.10,2026-08-15 13:59:00,PENDING
42908,1,7,1214.30,2026-08-15 21:34:00,SUCCESS
42909,2,10,3280.00,2026-08-29 01:00:00,FAILED
42910,5,14,4509.50,2026-08-30 04:42:00,FAILED
42911,4,5,191.80,2026-08-15 03:17:00,SUCCESS
42912,10,8,3457.50,2026-08-22 10:32:00,PENDING
42913,8,12,1350.30,2026-08-16 00:52:00,SUCCESS
42914,3,6,1057.50,2026-08-23 13:26:00,FAILED
42915,4,19,1138.80,2026-08-04 20:11:00,REFUNDED
42916,9,16,2447.10,2026-08-22 20:07:00,PENDING
42917,8,12,1005.90,2026-08-08 14:41:00,FAILED
42918,8,18,4437.50,2026-08-09 03:19:00,REFUNDED
42919,7,9,4577.80,2026-08-16 15:08:00,REFUNDED
42920,4,16,3070.00,2026-08-05 09:57:00,PENDING
42921,2,3,1531.60,2026-08-14 18:36:00,PENDING
42922,9,17,4637.60,2026-08-24 02:59:00,REFUNDED
42923,2,5,3551.10,2026-08-20 18:33:00,SUCCESS
42924,10,11,1816.00,2026-08-31 06:37:00,PENDING
42925,9,20,2752.40,2026-08-23 11:58:00,SUCCESS
42926,2,8,877.60,2026-08-20 06:00:00,REFUNDED
42927,1,1,2626.40,2026-08-29 12:16:00,PENDING
42928,8,14,2853.00,2026-08-23 08:14:00,REFUNDED
42929,1,3,2408.90,2026-08-04 17:07:00,FAILED
42930,1,5,3521.00,2026-08-01 16:59:00,FAILED
42931,10,8,863.70,2026-08-03 22:36:00,REFUNDED
42932,1,3,1900.20,2026-08-09 14:37:00,FAILED
42933,5,10,1080.10,2026-08-29 16:00:00,REFUNDED
42934,3,4,830.30,2026-08-29 22:21:00,PENDING
42935,7,7,1717.40,2026-08-30 06:18:00,FAILED
42936,1,1,5000,2026-08-01 12:00:00,UNKNOWN_STATUS
42937,9,17,3521.50,2026-08-04 15:10:00,PENDING
42938,1,12,4243.10,2026-08-04 00:23:00,PENDING
42939,5,14,3557.30,2026-08-24 22:08:00,FAILED
42940,1,19,2697.00,2026-08-25 18:06:00,FAILED
42941,4,14,4018.30,2026-08-14 12:24:00,REFUNDED
42942,7,18,437.10,2026-08-20 14:42:00,REFUNDED
42943,10,7,3833.40,2026-08-06 20:17:00,SUCCESS
42944,10,20,228.50,2026-08-01 17:57:00,FAILED
42945,10,17,1283.30,2026-08-21 16:40:00,PENDING
42946,1,2,2668.90,2026-08-30 10:50:00,PENDING
42947,6,1,2737.40,2026-08-12 10:24:00,PENDING
42948,8,12,4999.30,2026-08-07 15:41:00,REFUNDED
42949,9,15,2482.20,2026-08-11 00:18:00,PENDING
42950,10,17,220.20,2026-08-30 07:45:00,REFUNDED
42951,5,5,1057.00,2026-08-08 21:14:00,PENDING
42952,2,13,2167.60,2026-08-14 04:11:00,PENDING
42953,10,2,1857.40,2026-08-07 07:06:00,FAILED
42954,3,5,4181.00,2026-08-23 04:05:00,SUCCESS
42955,8,2,3357.70,2026-08-17 15:20:00,REFUNDED
42956,4,6,792.60,2026-08-10 23:47:00,SUCCESS
42957,5,7,666.60,2026-08-06 17:09:00,PENDING
42958,9,18,1125.10,2026-08-04 15:13:00,PENDING
42959,2,19,4027.80,2026-08-23 16:40:00,REFUNDED
42960,9,5,165.00,2026-08-17 10:14:00,REFUNDED
42961,8,10,4984.00,2026-08-28 07:51:00,FAILED
42962,10,7,4150.30,2026-08-05 04:14:00,REFUNDED
42963,1,8,3639.90,2026-08-12 20:23:00,PENDING
42964,4,15,870.30,2026-08-26 11:18:00,SUCCESS
42965,2,17,3893.90,2026-08-02 08:32:00,SUCCESS
42966,5,15,3664.10,2026-08-27 09:50:00,FAILED
42967,5,11,1028.50,2026-08-06 02:11:00,REFUNDED
42968,5,5,2478.10,2026-08-01 21:55:00,REFUNDED
42969,6,15,408.20,2026-08-28 20:50:00,PENDING
42970,2,6,985.10,2026-08-24 10:01:00,REFUNDED
42971,10,3,655.00,2026-08-31 07:43:00,SUCCESS
42972,2,15,4666.50,2026-08-09 13:45:00,REFUNDED
42973,1,16,841.00,2026-08-15 08:04:00,FAILED
42974,9,11,4746.60,2026-08-04 03:08:00,REFUNDED
42975,2,3,3054.20,2026-08-19 04:51:00,REFUNDED
42976,10,10,2565.30,2026-08-26 16:21:00,PENDING
42977,6,16,4403.40,2026-08-24 20:10:00,SUCCESS
42978,6,7,5022.20,2026-08-20 11:18:00,SUCCESS
42979,1,13,1899.40,2026-08-05 11:01:00,PENDING
42980,2,9,1423.70,2026-08-14 19:29:00,SUCCESS
42981,10,18,357.20,2026-08-09 22:48:00,PENDING
42982,2,10,4422.50,2026-08-12 21:02:00,REFUNDED
42983,6,12,1485.10,2026-08-24 00:20:00,FAILED
42984,10,7,4142.90,2026-08-02 23:02:00,FAILED
42985,6,13,3368.90,2026-08-03 14:56:00,FAILED
42986,8,12,2945.80,2026-08-14 21:10:00,PENDING
42987,7,17,4425.60,2026-08-13 04:18:00,SUCCESS
42988,3,7,4251.30,2026-08-14 20:07:00,SUCCESS
42989,2,20,3141.80,2026-08-17 15:21:00,FAILED
42990,3,18,2020.00,2026-08-01 19:42:00,FAILED
42991,9,12,170.90,2026-08-08 03:18:00,REFUNDED
42992,4,19,1232.80,2026-08-15 07:12:00,PENDING
42993,1,17,1502.60,2026-08-01 10:05:00,PENDING
42994,6,17,1420.60,2026-08-16 11:48:00,PENDING
42995,4,3,1023.80,2026-08-05 17:50:00,FAILED
42996,9,8,2827.60,2026-08-06 18:11:00,REFUNDED
42997,8,8,1136.30,2026-08-07 17:23:00,PENDING
42998,7,9,2896.10,2026-08-31 03:57:00,FAILED
42999,3,7,5029.20,2026-08-20 07:28:00,REFUNDED
43000,1,16,1175.30,2026-08-26 16:09:00,REFUNDED
43001,6,4,2741.70,2026-08-01 12:38:00,REFUNDED
43002,3,18,2383.40,2026-08-20 02:48:00,PENDING
43003,5,8,3624.70,2026-08-06 00:57:00,REFUNDED
43004,7,2,4290.20,2026-08-20 00:51:00,FAILED
43005,4,12,1084.70,2026-08-26 14:24:00,PENDING
43006,9,14,3749.70,2026-08-10 11:14:00,PENDING
43007,3,3,449.50,2026-08-11 20:23:00,FAILED
43008,4,18,1584.30,2026-08-03 07:24:00,REFUNDED
43009,10,8,131.80,2026-08-16 07:05:00,REFUNDED
43010,6,12,430.50,2026-08-22 18:37:00,SUCCESS
43011,3,1,598.60,2026-08-23 01:07:00,PENDING
43012,4,11,3528.40,2026-08-03 03:00:00,PENDING
43013,9,18,2695.90,2026-08-08 21:01:00,REFUNDED
43014,3,19,3503.30,2026-08-27 07:24:00,SUCCESS
43015,2,6,2193.80,2026-08-25 22:23:00,REFUNDED
43016,7,12,4129.40,2026-08-13 10:40:00,REFUNDED
43017,3,9,4756.40,2026-08-04 02:44:00,PENDING
43018,2,19,1723.80,2026-08-27 13:26:00,REFUNDED
43019,7,14,3126.00,2026-08-02 12:38:00,FAILED
43020,6,4,4970.40,2026-08-22 21:15:00,FAILED
43021,1,18,2936.80,2026-08-08 20:42:00,FAILED
43022,8,14,3355.70,2026-08-11 14:15:00,SUCCESS
43023,4,17,4412.90,2026-08-04 23:08:00,FAILED
43024,6,1,4784.00,2026-08-10 06:34:00,PENDING
43025,7,14,4785.70,2026-08-23 08:26:00,SUCCESS
43026,10,1,3711.20,2026-08-03 20:35:00,FAILED
43027,9,19,3606.70,2026-08-01 11:31:00,PENDING
43028,2,1,615.20,2026-08-09 00:41:00,REFUNDED
43029,1,4,4093.00,2026-08-04 17:42:00,FAILED
43030,7,9,4964.40,2026-08-17 15:35:00,SUCCESS
43031,1,9,1888.90,2026-08-28 04:59:00,REFUNDED
43032,8,20,4195.20,2026-08-21 03:17:00,PENDING
43033,8,2,1194.10,2026-08-13 01:46:00,FAILED
43034,1,7,3148.30,2026-08-10 11:23:00,FAILED
43035,2,9,1303.50,2026-08-31 03:30:00,FAILED
43036,7,2,2454.70,2026-08-06 20:45:00,PENDING
43037,7,6,777.90,2026-08-21 20:04:00,REFUNDED
43038,10,11,117.90,2026-08-23 08:16:00,FAILED
43039,6,4,4849.20,2026-08-23 18:36:00,SUCCESS
43040,9,18,2660.00,2026-08-10 04:27:00,FAILED
43041,2,15,371.70,2026-08-05 12:08:00,PENDING
43042,5,2,269.70,2026-08-23 02:23:00,SUCCESS
43043,5,12,2787.70,2026-08-06 19:37:00,REFUNDED
43044,2,5,489.20,2026-08-26 15:49:00,REFUNDED
43045,5,16,2460.10,2026-08-09 21:36:00,SUCCESS
43046,9,19,4585.90,2026-08-02 06:30:00,SUCCESS
43047,4,10,2555.10,2026-08-04 01:33:00,SUCCESS
43048,4,7,2073.70,2026-08-02 09:29:00,SUCCESS
43049,1,11,1396.00,2026-08-22 02:59:00,FAILED
43050,4,18,4455.00,2026-08-16 22:47:00,FAILED
43051,9,15,3315.60,2026-08-27 07:23:00,REFUNDED
43052,1,6,1174.70,2026-08-05 05:55:00,SUCCESS
43053,2,3,397.20,2026-08-17 16:09:00,SUCCESS
43054,8,15,2014.30,2026-08-24 02:35:00,FAILED
43055,3,3,1803.80,2026-08-07 19:36:00,PENDING
43056,10,2,2820.40,2026-08-22 23:12:00,SUCCESS
43057,3,9,4050.20,2026-08-01 18:22:00,PENDING
43058,5,8,359.80,2026-08-18 20:54:00,REFUNDED
43059,9,1,2414.10,2026-08-10 04:33:00,REFUNDED
43060,7,18,3200.00,2026-08-01 12:12:00,PENDING
43061,7,10,3215.00,2026-08-20 23:49:00,PENDING
43062,10,17,2776.30,2026-08-24 07:34:00,SUCCESS
43063,6,19,1896.30,2026-08-02 04:57:00,PENDING
43064,2,14,4387.60,2026-08-04 12:47:00,SUCCESS
43065,7,2,1653.00,2026-08-12 11:21:00,PENDING
43066,7,16,667.70,2026-08-27 23:20:00,FAILED
43067,9,20,865.30,2026-08-02 10:50:00,SUCCESS
43068,8,3,4088.00,2026-08-15 05:50:00,SUCCESS
43069,1,8,3361.80,2026-08-18 16:49:00,SUCCESS
43070,7,13,462.30,2026-08-08 16:40:00,REFUNDED
43071,3,12,3504.30,2026-08-16 10:43:00,PENDING
43072,4,4,3858.80,2026-08-20 14:18:00,PENDING
43073,6,16,3808.30,2026-08-09 23:07:00,FAILED
43074,1,8,2116.90,2026-08-18 08:03:00,SUCCESS
43075,3,15,912.80,2026-08-12 13:14:00,PENDING
43076,1,17,465.50,2026-08-16 16:13:00,SUCCESS
43077,10,15,2723.20,2026-08-07 16:00:00,PENDING
43078,1,12,4703.10,2026-08-03 21:04:00,SUCCESS
43079,9,3,4340.10,2026-08-11 01:04:00,PENDING
43080,5,6,2039.50,2026-08-02 09:06:00,PENDING
43081,3,16,1193.30,2026-08-27 01:43:00,FAILED
43082,1,20,3270.20,2026-08-02 21:29:00,FAILED
43083,4,11,4834.40,2026-08-26 22:06:00,SUCCESS
43084,8,17,3245.10,2026-08-01 10:58:00,SUCCESS
43085,3,14,564.20,2026-08-19 06:59:00,SUCCESS
43086,9,19,1868.20,2026-08-11 04:50:00,REFUNDED
43087,4,3,2670.20,2026-08-10 04:14:00,REFUNDED
43088,7,12,3163.50,2026-08-05 01:02:00,FAILED
43089,5,18,96.30,2026-08-30 22:44:00,REFUNDED
43090,6,5,3927.20,2026-08-27 23:14:00,PENDING
43091,2,8,4764.20,2026-08-23 16:39:00,SUCCESS
43092,5,5,4601.10,2026-08-28 04:12:00,SUCCESS
43093,3,14,3674.20,2026-08-11 11:12:00,FAILED
43094,2,6,2466.80,2026-08-25 23:49:00,SUCCESS
43095,3,9,1828.20,2026-08-04 20:11:00,PENDING
43096,4,16,388.60,2026-08-26 10:29:00,PENDING
43097,3,11,2744.90,2026-08-10 20:09:00,PENDING
43098,10,16,2752.80,2026-08-07 15:05:00,PENDING
43099,10,7,1614.10,2026-08-17 09:00:00,SUCCESS
43100,2,9,2603.50,2026-08-23 21:15:00,REFUNDED
43101,9,20,2474.10,2026-08-10 11:13:00,REFUNDED
43102,6,19,3629.70,2026-08-31 00:20:00,REFUNDED
43103,3,2,2832.20,2026-08-23 00:58:00,SUCCESS
43104,2,14,4851.20,2026-08-12 03:45:00,PENDING
43105,6,19,4389.10,2026-08-12 14:38:00,SUCCESS
43106,2,4,3782.50,2026-08-12 16:06:00,FAILED
43107,10,19,62.80,2026-08-02 00:29:00,FAILED
43108,8,13,4842.40,2026-08-21 20:40:00,FAILED
43109,8,12,3179.90,2026-08-21 18:55:00,FAILED
43110,8,19,1788.50,2026-08-22 04:36:00,REFUNDED
43111,6,8,3443.60,2026-08-01 09:11:00,SUCCESS
43112,4,14,690.10,2026-08-24 07:55:00,FAILED
43113,9,1,3041.40,2026-08-29 01:33:00,REFUNDED
43114,2,10,1862.60,2026-08-04 19:41:00,SUCCESS
43115,3,11,1964.30,2026-08-21 19:39:00,PENDING
43116,3,5,769.60,2026-08-16 10:42:00,REFUNDED
43117,10,20,2761.00,2026-08-17 04:18:00,REFUNDED
43118,3,9,3680.40,2026-08-21 02:49:00,REFUNDED
43119,5,20,1373.80,2026-08-07 04:38:00,FAILED
43120,5,17,3259.80,2026-08-26 20:22:00,PENDING
43121,1,8,3710.30,2026-08-03 04:25:00,REFUNDED
43122,3,14,1324.70,2026-08-30 11:19:00,PENDING
43123,10,11,2109.10,2026-08-16 05:40:00,FAILED
43124,3,6,831.00,2026-08-17 10:47:00,FAILED
43125,8,1,3657.60,2026-08-13 02:57:00,REFUNDED
43126,5,9,1461.00,2026-08-10 19:32:00,FAILED
43127,4,3,4984.80,2026-08-28 00:24:00,FAILED
43128,3,15,621.50,2026-08-09 15:00:00,FAILED
43129,6,7,4364.70,2026-08-27 19:59:00,PENDING
43130,3,18,2104.60,2026-08-13 21:45:00,SUCCESS
43131,7,1,806.70,2026-08-01 23:43:00,PENDING
43132,3,15,3290.50,2026-08-08 17:05:00,FAILED
43133,6,11,1409.80,2026-08-27 18:21:00,PENDING
43134,10,9,3590.40,2026-08-02 00:16:00,REFUNDED
43135,1,1,5000,2026-08-01 12:00:00,UNKNOWN_STATUS
43136,2,19,4352.00,2026-08-11 17:39:00,PENDING
43137,7,7,1831.70,2026-08-26 18:08:00,SUCCESS
43138,9,5,2220.20,2026-08-18 22:40:00,PENDING
43139,1,100.00
43140,9,3,4185.90,2026-08-26 17:40:00,SUCCESS
43141,4,8,4662.10,2026-08-14 06:43:00,PENDING
43142,8,16,3572.70,2026-08-30 16:28:00,PENDING
43143,6,10,1375.80,2026-08-04 12:18:00,PENDING
43144,1,15,4838.80,2026-08-07 21:33:00,REFUNDED
43145,9,14,1020.40,2026-08-24 02:11:00,PENDING
43146,7,6,3118.60,2026-08-26 13:35:00,FAILED
43147,10,11,3216.80,2026-08-14 18:27:00,PENDING
43148,9,7,3548.90,2026-08-25 23:42:00,PENDING
43149,9,15,974.00,2026-08-15 09:42:00,REFUNDED
43150,6,3,3247.40,2026-08-25 22:04:00,FAILED
43151,3,17,2861.80,2026-08-02 20:20:00,REFUNDED
43152,10,7,2899.20,2026-08-04 06:13:00,SUCCESS
43153,2,16,2273.80,2026-08-31 02:24:00,FAILED
43154,3,20,4568.20,2026-08-03 00:15:00,FAILED
43155,8,14,2286.10,2026-08-20 03:55:00,REFUNDED
43156,1,1,4498.80,2026-08-17 03:57:00,FAILED
43157,5,20,904.50,2026-08-30 02:49:00,SUCCESS
43158,6,7,2257.70,2026-08-06 05:16:00,REFUNDED
43159,9,2,4237.70,2026-08-17 07:41:00,FAILED
43160,3,5,847.10,2026-08-06 03:07:00,PENDING
43161,7,6,1844.60,2026-08-22 17:58:00,FAILED
43162,5,8,4610.10,2026-08-29 04:05:00,PENDING
43163,10,7,1940.40,2026-08-26 22:34:00,SUCCESS
43164,2,9,3921.20,2026-08-24 19:54:00,SUCCESS
43165,4,5,4863.20,2026-08-28 20:17:00,FAILED
43166,8,17,3812.00,2026-08-24 01:05:00,FAILED
43167,5,8,3230.00,2026-08-12 16:11:00,PENDING
43168,9,6,4909.00,2026-08-30 09:29:00,SUCCESS
43169,6,18,2316.80,2026-08-16 03:38:00,REFUNDED
43170,4,16,612.40,2026-08-01 11:27:00,FAILED
43171,7,12,782.80,2026-08-25 18:33:00,REFUNDED
43172,3,5,323.30,2026-08-11 00:37:00,PENDING
43173,9,14,970.30,2026-08-09 15:06:00,PENDING
43174,8,10,4437.20,2026-08-07 11:50:00,SUCCESS
43175,6,10,3970.80,2026-08-02 04:20:00,PENDING
43176,7,6,71.90,2026-08-16 06:29:00,FAILED
43177,3,8,4729.00,2026-08-28 09:30:00,REFUNDED
43178,6,10,815.50,2026-08-27 16:26:00,REFUNDED
43179,8,18,305.40,2026-08-14 05:54:00,SUCCESS
43180,2,12,4146.00,2026-08-24 17:51:00,SUCCESS
43181,5,17,3466.90,2026-08-12 05:02:00,SUCCESS
43182,9,9,523.40,2026-08-23 04:17:00,SUCCESS
43183,7,7,3972.30,2026-08-30 14:40:00,SUCCESS
43184,5,2,343.10,2026-08-09 22:02:00,SUCCESS
43185,6,16,3351.90,2026-08-23 07:31:00,PENDING
43186,7,6,373.70,2026-08-27 06:40:00,SUCCESS
43187,3,14,3592.70,2026-08-14 13:52:00,SUCCESS
43188,8,18,837.40,2026-08-22 08:53:00,SUCCESS
43189,9,1,3026.90,2026-08-08 21:54:00,PENDING
43190,1,8,5036.80,2026-08-24 08:47:00,PENDING
43191,5,1,2380.90,2026-08-13 06:10:00,FAILED
43192,3,19,3179.00,2026-08-11 06:24:00,REFUNDED
43193,3,7,2872.80,2026-08-29 01:19:00,PENDING
43194,4,11,1033.60,2026-08-21 04:44:00,FAILED
43195,5,12,189.90,2026-08-18 14:49:00,SUCCESS
43196,7,18,298.70,2026-08-11 08:26:00,PENDING
43197,2,4,1837.00,2026-08-13 01:42:00,FAILED
43198,6,19,1397.20,2026-08-28 23:26:00,REFUNDED
43199,6,20,2406.90,2026-08-05 23:16:00,PENDING
43200,5,13,1917.90,2026-08-14 06:58:00,PENDING
43201,2,2,3412.00,2026-08-30 23:02:00,REFUNDED
43202,9,15,1056.30,2026-08-20 00:48:00,REFUNDED
43203,7,4,55.10,2026-08-13 05:53:00,FAILED
43204,10,7,3729.80,2026-08-07 05:06:00,REFUNDED
43205,5,19,2524.50,2026-08-05 23:27:00,FAILED
43206,9,14,859.80,2026-08-24 19:59:00,REFUNDED
43207,6,1,3991.00,2026-08-11 10:51:00,PENDING
43208,5,18,2142.60,2026-08-17 12:30:00,PENDING
43209,1,15,878.70,2026-08-05 22:10:00,REFUNDED
43210,6,20,4877.70,2026-08-23 11:00:00,PENDING
43211,1,17,2099.30,2026-08-14 00:06:00,REFUNDED
43212,4,17,3098.40,2026-08-19 14:54:00,PENDING
43213,1,9,1424.40,2026-08-31 02:43:00,SUCCESS
43214,4,14,2625.30,2026-08-21 20:28:00,REFUNDED
43215,6,18,2133.50,2026-08-31 04:01:00,SUCCESS
43216,2,7,1301.90,2026-08-21 17:00:00,PENDING
43217,6,5,482.80,2026-08-27 17:14:00,REFUNDED
43218,10,7,4289.70,2026-08-22 03:23:00,FAILED
43219,1,14,4563.60,2026-08-19 05:07:00,PENDING
43220,1,100.00
43221,1,10,3255.00,2026-08-13 05:13:00,FAILED
43222,3,3,117.70,2026-08-15 08:49:00,SUCCESS
43223,7,17,120.30,2026-08-25 12:41:00,PENDING
43224,4,7,731.60,2026-08-13 17:39:00,REFUNDED
43225,10,2,3537.00,2026-08-15 12:53:00,PENDING
43226,7,3,3143.40,2026-08-22 23:11:00,SUCCESS
43227,3,8,4766.20,2026-08-31 01:00:00,FAILED
43228,10,18,3726.90,2026-08-08 12:42:00,FAILED
43229,7,2,371.40,2026-08-18 08:05:00,SUCCESS
43230,2,8,2687.50,2026-08-23 23:51:00,REFUNDED
43231,10,1,3347.00,2026-08-21 20:15:00,REFUNDED
43232,6,3,305.10,2026-08-02 23:45:00,REFUNDED
43233,3,16,3643.00,2026-08-04 21:26:00,FAILED
43234,5,6,1457.80,2026-08-20 15:14:00,SUCCESS
43235,1,12,1061.40,2026-08-16 03:26:00,REFUNDED
43236,2,7,4661.00,2026-08-09 12:59:00,PENDING
43237,4,6,3656.00,2026-08-04 21:13:00,REFUNDED
43238,3,4,1820.30,2026-08-04 13:53:00,REFUNDED
43239,1,1,NOT_A_NUMBER,2026-08-01 12:00:00,SUCCESS
43240,7,5,4942.50,2026-08-22 19:30:00,SUCCESS
43241,1,7,776.90,2026-08-27 17:13:00,SUCCESS
43242,9,1,3417.50,2026-08-14 03:54:00,REFUNDED
43243,8,9,4738.80,2026-08-16 17:58:00,FAILED
43244,8,20,701.80,2026-08-10 20:35:00,FAILED
43245,7,18,1660.90,2026-08-09 12:27:00,FAILED
43246,9,19,2757.70,2026-08-23 01:52:00,FAILED
43247,9,16,4326.00,2026-08-07 23:19:00,REFUNDED
43248,3,11,3230.10,2026-08-07 17:56:00,SUCCESS
43249,2,10,603.40,2026-08-25 14:48:00,REFUNDED
43250,2,2,635.40,2026-08-20 10:26:00,SUCCESS
43251,10,1,607.30,2026-08-15 09:28:00,PENDING
43252,1,10,3306.30,2026-08-25 08:05:00,SUCCESS
43253,8,5,990.00,2026-08-29 00:53:00,REFUNDED
43254,4,6,4574.70,2026-08-26 08:59:00,REFUNDED
43255,2,8,4885.40,2026-08-17 12:33:00,PENDING
43256,1,11,3298.80,2026-08-07 03:41:00,REFUNDED
43257,5,20,4745.70,2026-08-15 22:49:00,FAILED
43258,3,9,3986.90,2026-08-18 14:40:00,PENDING
43259,7,15,2609.90,2026-08-23 17:12:00,SUCCESS
43260,10,17,1190.10,2026-08-04 09:39:00,PENDING
43261,10,9,2519.50,2026-08-01 16:41:00,FAILED
43262,2,7,4216.50,2026-08-18 14:02:00,REFUNDED
43263,7,13,3927.00,2026-08-16 10:41:00,SUCCESS
43264,5,11,3039.20,2026-08-27 09:31:00,SUCCESS
43265,3,16,99.10,2026-08-20 03:31:00,REFUNDED
43266,8,5,2003.90,2026-08-26 02:02:00,SUCCESS
43267,5,7,3925.80,2026-08-17 17:33:00,FAILED
43268,3,6,3446.20,2026-08-26 08:26:00,FAILED
43269,1,6,2474.90,2026-08-11 10:48:00,SUCCESS
43270,8,3,4053.90,2026-08-28 10:24:00,SUCCESS
43271,10,9,4203.30,2026-08-19 18:55:00,REFUNDED
43272,5,18,4101.90,2026-08-25 23:39:00,REFUNDED
43273,10,6,1465.30,2026-08-28 16:11:00,SUCCESS
43274,8,14,1951.50,2026-08-29 22:03:00,REFUNDED
43275,8,7,1833.10,2026-08-14 23:35:00,REFUNDED
43276,7,17,4997.70,2026-08-02 22:53:00,PENDING
43277,10,15,297.10,2026-08-18 16:47:00,SUCCESS
43278,10,1,2576.50,2026-08-10 00:09:00,REFUNDED
43279,4,13,2268.20,2026-08-05 07:14:00,PENDING
43280,1,3,4825.20,2026-08-16 08:25:00,REFUNDED
43281,3,5,3396.10,2026-08-10 02:33:00,SUCCESS
43282,1,6,4453.70,2026-08-07 17:41:00,REFUNDED
43283,9,7,2836.80,2026-08-27 08:45:00,FAILED
43284,2,6,2343.70,2026-08-06 23:14:00,FAILED
43285,8,18,2872.30,2026-08-18 21:53:00,FAILED
43286,4,17,3870.70,2026-08-28 15:54:00,REFUNDED
43287,9,17,1987.70,2026-08-04 03:26:00,REFUNDED
43288,8,5,2741.30,2026-08-07 00:24:00,PENDING
43289,1,1,5000,2026-08-01 12:00:00,UNKNOWN_STATUS
43290,7,11,2581.30,2026-08-19 00:58:00,REFUNDED
43291,8,7,4014.70,2026-08-04 22:23:00,SUCCESS
43292,8,8,563.00,2026-08-24 09:18:00,FAILED
43293,8,19,3619.40,2026-08-18 23:48:00,REFUNDED
43294,10,20,1864.20,2026-08-31 05:43:00,REFUNDED
43295,9,14,2525.90,2026-08-08 19:36:00,PENDING
43296,10,6,1537.90,2026-08-27 18:42:00,PENDING
43297,6,3,2176.20,2026-08-25 01:21:00,PENDING
43298,3,8,358.10,2026-08-02 02:35:00,REFUNDED
43299,2,7,3869.30,2026-08-09 13:20:00,REFUNDED
43300,1,15,2658.80,2026-08-21 05:50:00,PENDING
43301,9,9,4203.80,2026-08-10 14:58:00,REFUNDED
43302,9,17,450.20,2026-08-08 13:29:00,FAILED
43303,3,11,4960.40,2026-08-18 00:36:00,REFUNDED
43304,6,6,3589.00,2026-08-29 18:22:00,FAILED
43305,5,18,4926.00,2026-08-11 02:22:00,SUCCESS
43306,2,18,4593.20,2026-08-30 09:33:00,SUCCESS
43307,4,12,4109.50,2026-08-03 10:46:00,SUCCESS
43308,1,18,2414.40,2026-08-26 14:03:00,PENDING
43309,1,5,4371.80,2026-08-13 13:40:00,PENDING
43310,2,11,4295.10,2026-08-11 03:02:00,FAILED
43311,8,9,2671.20,2026-08-19 12:10:00,FAILED
43312,7,1,1089.90,2026-08-01 17:39:00,SUCCESS
43313,8,11,2528.50,2026-08-04 05:47:00,FAILED
43314,7,13,4998.20,2026-08-09 02:47:00,PENDING
43315,5,16,2999.30,2026-08-06 06:53:00,FAILED
43316,6,18,4754.20,2026-08-25 08:24:00,REFUNDED
43317,1,3,2474.10,2026-08-20 12:38:00,SUCCESS
43318,6,10,1107.50,2026-08-09 04:27:00,PENDING
43319,8,13,2891.10,2026-08-28 04:33:00,REFUNDED
43320,8,13,1257.00,2026-08-25 13:35:00,FAILED
43321,10,8,749.30,2026-08-05 22:29:00,FAILED
43322,1,18,2188.20,2026-08-04 12:53:00,SUCCESS
43323,8,3,182.20,2026-08-26 20:41:00,PENDING
43324,8,11,2472.50,2026-08-15 17:00:00,SUCCESS
43325,6,5,4849.60,2026-08-15 22:08:00,REFUNDED
43326,1,6,675.50,2026-08-04 21:46:00,SUCCESS
43327,4,9,1460.30,2026-08-09 00:13:00,FAILED
43328,3,17,3429.10,2026-08-27 22:56:00,REFUNDED
43329,6,11,3184.90,2026-08-22 00:10:00,SUCCESS
43330,2,5,4146.80,2026-08-04 14:07:00,REFUNDED
43331,3,5,3145.70,2026-08-05 00:52:00,REFUNDED
43332,10,8,1216.60,2026-08-30 19:30:00,FAILED
43333,5,9,575.50,2026-08-11 05:19:00,FAILED
43334,3,14,354.40,2026-08-26 11:48:00,REFUNDED
43335,5,4,2157.60,2026-08-17 10:41:00,PENDING
43336,7,6,5016.50,2026-08-11 16:52:00,SUCCESS
43337,8,14,4423.30,2026-08-29 01:38:00,FAILED
43338,6,19,3902.40,2026-08-15 13:40:00,PENDING
43339,8,13,1281.90,2026-08-31 00:15:00,SUCCESS
43340,10,7,2446.90,2026-08-25 17:51:00,PENDING
43341,3,9,3172.20,2026-08-11 09:52:00,PENDING
43342,9,4,4984.10,2026-08-10 17:07:00,SUCCESS
43343,8,15,251.80,2026-08-05 05:46:00,SUCCESS
43344,8,12,2211.10,2026-08-24 13:32:00,FAILED
43345,9,1,1619.10,2026-08-24 20:39:00,PENDING
43346,10,13,3561.40,2026-08-16 06:23:00,PENDING
43347,7,1,1715.90,2026-08-17 00:15:00,SUCCESS
43348,8,9,969.70,2026-08-28 00:53:00,FAILED
43349,2,1,165.50,2026-08-14 21:20:00,REFUNDED
43350,5,17,2602.10,2026-08-17 02:52:00,FAILED
43351,5,8,3260.80,2026-08-26 01:59:00,FAILED
43352,7,20,1069.00,2026-08-30 03:10:00,REFUNDED
43353,7,14,4600.20,2026-08-03 07:24:00,SUCCESS
43354,3,6,1211.10,2026-08-24 18:30:00,SUCCESS
43355,8,2,1488.50,2026-08-06 04:58:00,SUCCESS
43356,1,3,4200.40,2026-08-10 15:09:00,FAILED
43357,10,9,4802.20,2026-08-18 20:23:00,REFUNDED
43358,3,14,1015.70,2026-08-16 18:52:00,PENDING
43359,9,4,312.00,2026-08-04 01:51:00,SUCCESS
43360,7,16,3742.50,2026-08-11 19:19:00,SUCCESS
43361,10,14,2998.60,2026-08-30 17:43:00,REFUNDED
43362,1,2,4639.10,2026-08-25 03:46:00,FAILED
43363,8,4,2146.80,2026-08-23 19:50:00,PENDING
43364,4,20,731.00,2026-08-11 02:15:00,PENDING
43365,9,3,667.00,2026-08-10 05:18:00,PENDING
43366,7,3,4724.50,2026-08-21 06:37:00,FAILED
43367,5,3,3890.60,2026-08-03 03:39:00,PENDING
43368,9,5,4864.90,2026-08-28 19:44:00,REFUNDED
43369,10,8,2803.20,2026-08-22 01:28:00,SUCCESS
43370,6,7,3852.70,2026-08-22 14:23:00,PENDING
43371,6,1,1224.90,2026-08-15 00:18:00,REFUNDED
43372,10,13,2393.50,2026-08-26 13:11:00,PENDING
43373,2,1,3385.40,2026-08-23 04:55:00,FAILED
43374,5,8,4103.60,2026-08-26 16:57:00,REFUNDED
43375,7,11,1458.80,2026-08-28 01:57:00,REFUNDED
43376,3,12,994.70,2026-08-28 08:32:00,SUCCESS
43377,9,11,3973.10,2026-08-31 05:10:00,REFUNDED
43378,8,12,1192.80,2026-08-11 05:17:00,SUCCESS
43379,5,10,4697.70,2026-08-09 16:51:00,FAILED
43380,1,17,3852.60,2026-08-10 15:07:00,FAILED
43381,4,20,3941.00,2026-08-18 19:09:00,FAILED
43382,5,6,1700.40,2026-08-20 14:53:00,FAILED
43383,6,5,4873.00,2026-08-18 15:29:00,SUCCESS
43384,1,1,5000,INVALID_DATE_TIME,SUCCESS
43385,9,11,1600.60,2026-08-24 19:49:00,PENDING
43386,4,13,3802.70,2026-08-28 13:31:00,SUCCESS
43387,1,5,4640.90,2026-08-20 23:52:00,PENDING
43388,2,10,1245.60,2026-08-19 15:44:00,REFUNDED
43389,9,8,1032.60,2026-08-12 21:58:00,REFUNDED
43390,8,16,3067.80,2026-08-16 22:00:00,PENDING
43391,8,15,3093.90,2026-08-07 17:23:00,FAILED
43392,1,16,1138.20,2026-08-24 00:14:00,REFUNDED
43393,4,17,3046.40,2026-08-11 12:04:00,FAILED
43394,1,11,138.60,2026-08-11 17:36:00,PENDING
43395,6,19,2034.80,2026-08-26 04:27:00,SUCCESS
43396,5,8,1165.90,2026-08-22 08:40:00,REFUNDED
43397,9,17,952.40,2026-08-24 04:53:00,FAILED
43398,3,6,3911.30,2026-08-19 02:08:00,PENDING
43399,10,10,4957.40,2026-08-24 15:15:00,SUCCESS
43400,6,6,4646.10,2026-08-15 02:18:00,REFUNDED
43401,2,12,2129.30,2026-08-10 09:37:00,REFUNDED
43402,10,2,3682.50,2026-08-18 20:18:00,REFUNDED
43403,6,9,4018.70,2026-08-25 09:21:00,REFUNDED
43404,9,5,320.20,2026-08-03 11:08:00,PENDING
43405,5,3,1331.90,2026-08-15 10:00:00,REFUNDED
43406,3,19,823.70,2026-08-16 01:40:00,PENDING
43407,9,1,1741.60,2026-08-15 15:19:00,REFUNDED
43408,2,14,1036.60,2026-08-03 03:36:00,FAILED
43409,6,15,4427.00,2026-08-06 19:48:00,SUCCESS
43410,7,11,2134.20,2026-08-23 18:12:00,PENDING
43411,5,17,595.50,2026-08-14 18:51:00,PENDING
43412,6,19,3920.50,2026-08-21 02:08:00,REFUNDED
43413,9,18,4793.20,2026-08-12 17:28:00,SUCCESS
43414,2,11,4860.30,2026-08-19 08:34:00,SUCCESS
43415,9,6,959.40,2026-08-28 08:30:00,REFUNDED
43416,4,1,3605.40,2026-08-04 21:01:00,SUCCESS
43417,5,20,4392.50,2026-08-23 16:43:00,SUCCESS
43418,2,4,2757.60,2026-08-14 04:15:00,REFUNDED
43419,1,16,4641.80,2026-08-11 05:10:00,FAILED
43420,8,2,1441.40,2026-08-29 11:50:00,PENDING
43421,4,20,4756.30,2026-08-23 05:52:00,FAILED
43422,1,4,2400.70,2026-08-14 11:57:00,FAILED
43423,5,4,3002.00,2026-08-23 20:02:00,PENDING
43424,2,2,4924.50,2026-08-28 23:33:00,SUCCESS
43425,10,17,4126.20,2026-08-07 15:14:00,FAILED
43426,7,7,4995.60,2026-08-09 22:51:00,SUCCESS
43427,8,11,4440.00,2026-08-16 18:01:00,FAILED
43428,6,3,537.10,2026-08-13 22:36:00,SUCCESS
43429,7,12,3336.90,2026-08-09 12:17:00,SUCCESS
43430,4,10,127.40,2026-08-07 01:46:00,SUCCESS
43431,3,4,149.50,2026-08-05 09:09:00,PENDING
43432,8,18,559.30,2026-08-22 06:05:00,SUCCESS
43433,7,20,202.50,2026-08-15 08:30:00,PENDING
43434,4,2,2245.00,2026-08-23 21:53:00,FAILED
43435,7,3,4948.10,2026-08-14 21:26:00,SUCCESS
43436,5,6,254.80,2026-08-23 02:58:00,REFUNDED
43437,9,12,2263.80,2026-08-10 09:39:00,FAILED
43438,10,17,2749.50,2026-08-04 17:16:00,FAILED
43439,9,17,2900.00,2026-08-07 17:42:00,REFUNDED
43440,5,11,1420.70,2026-08-25 21:22:00,FAILED
43441,1,4,591.20,2026-08-29 09:11:00,REFUNDED
43442,9,6,4396.80,2026-08-10 20:38:00,SUCCESS
43443,5,10,1128.50,2026-08-29 05:59:00,SUCCESS
43444,2,7,2457.80,2026-08-20 04:23:00,PENDING
43445,2,19,4572.40,2026-08-24 16:29:00,REFUNDED
43446,2,19,1388.70,2026-08-25 03:56:00,FAILED
43447,10,16,4645.60,2026-08-06 08:28:00,PENDING
43448,3,6,4730.20,2026-08-28 23:10:00,PENDING
43449,2,16,2480.70,2026-08-02 23:23:00,PENDING
43450,7,16,4404.50,2026-08-09 06:41:00,PENDING
43451,1,4,3045.30,2026-08-26 21:27:00,PENDING
43452,7,19,3595.80,2026-08-01 08:44:00,REFUNDED
43453,8,1,3551.80,2026-08-29 15:36:00,FAILED
43454,6,14,4153.40,2026-08-07 10:38:00,REFUNDED
43455,3,8,2023.20,2026-08-30 19:32:00,REFUNDED
43456,8,13,3033.00,2026-08-20 08:55:00,REFUNDED
43457,6,20,150.80,2026-08-27 22:12:00,FAILED
43458,2,20,1501.60,2026-08-04 06:28:00,PENDING
43459,10,12,3579.40,2026-08-27 00:25:00,PENDING
43460,10,19,4958.90,2026-08-15 21:38:00,PENDING
43461,4,5,2843.60,2026-08-21 01:21:00,REFUNDED
43462,7,19,275.10,2026-08-20 02:42:00,SUCCESS
43463,8,12,4245.30,2026-08-22 23:37:00,REFUNDED
43464,10,16,1631.20,2026-08-06 13:38:00,REFUNDED
43465,5,3,4779.90,2026-08-10 04:22:00,SUCCESS
43466,10,8,4467.40,2026-08-25 18:22:00,PENDING
43467,6,18,1257.50,2026-08-04 21:28:00,SUCCESS
43468,1,13,1071.60,2026-08-24 00:45:00,PENDING
43469,7,12,4661.50,2026-08-08 10:45:00,REFUNDED
43470,8,15,1084.40,2026-08-12 03:27:00,FAILED
43471,2,3,2444.30,2026-08-06 17:34:00,REFUNDED
43472,8,17,3385.80,2026-08-10 20:34:00,PENDING
43473,2,1,3444.70,2026-08-11 20:10:00,FAILED
43474,1,9,3308.50,2026-08-04 13:08:00,SUCCESS
43475,1,1,NOT_A_NUMBER,2026-08-01 12:00:00,SUCCESS
43476,7,6,2526.50,2026-08-16 00:28:00,PENDING
43477,2,12,4979.60,2026-08-02 10:23:00,SUCCESS
43478,9,7,2125.50,2026-08-19 17:58:00,PENDING
43479,7,13,534.60,2026-08-13 08:55:00,PENDING
43480,8,19,165.60,2026-08-05 11:50:00,PENDING
43481,4,19,542.00,2026-08-22 23:27:00,REFUNDED
43482,5,1,1380.90,2026-08-15 00:21:00,REFUNDED
43483,4,10,262.30,2026-08-08 02:51:00,REFUNDED
43484,1,7,707.40,2026-08-05 15:02:00,PENDING
43485,8,17,4737.40,2026-08-14 19:55:00,REFUNDED
43486,5,4,2337.80,2026-08-25 07:05:00,PENDING
43487,10,19,3219.30,2026-08-11 20:25:00,SUCCESS
43488,4,18,1390.80,2026-08-07 03:05:00,PENDING
43489,4,5,272.10,2026-08-27 06:47:00,REFUNDED
43490,4,9,4641.00,2026-08-14 15:13:00,REFUNDED
43491,3,1,4721.70,2026-08-30 21:52:00,REFUNDED
43492,7,1,3383.90,2026-08-28 17:16:00,SUCCESS
43493,9,2,3221.00,2026-08-03 02:50:00,PENDING
43494,2,18,2215.90,2026-08-27 18:34:00,PENDING
43495,4,19,1785.20,2026-08-12 15:02:00,SUCCESS
43496,3,16,1321.10,2026-08-24 21:39:00,REFUNDED
43497,4,2,1179.00,2026-08-17 02:18:00,SUCCESS
43498,2,9,2517.10,2026-08-26 10:14:00,FAILED
43499,1,4,2262.60,2026-08-13 08:24:00,PENDING
43500,1,1,2640.10,2026-08-11 02:28:00,PENDING
43501,1,9,4355.50,2026-08-02 19:53:00,FAILED
43502,3,11,3823.10,2026-08-27 15:57:00,PENDING
43503,5,20,2748.80,2026-08-20 10:40:00,PENDING
43504,10,17,289.00,2026-08-04 22:48:00,REFUNDED
43505,1,9,2984.40,2026-08-13 23:10:00,PENDING
43506,3,15,3688.60,2026-08-12 03:39:00,FAILED
43507,7,5,3187.60,2026-08-26 06:03:00,FAILED
43508,2,7,3881.80,2026-08-21 08:16:00,SUCCESS
43509,8,6,1424.30,2026-08-30 23:25:00,SUCCESS
43510,6,16,1799.10,2026-08-10 11:15:00,FAILED
43511,3,18,2407.10,2026-08-25 14:24:00,FAILED
43512,1,4,4801.10,2026-08-05 06:35:00,FAILED
43513,9,11,2212.10,2026-08-19 17:57:00,FAILED
43514,5,19,4782.10,2026-08-21 13:31:00,SUCCESS
43515,5,10,4601.20,2026-08-25 06:55:00,PENDING
43516,5,1,730.00,2026-08-01 13:56:00,REFUNDED
43517,8,17,1331.20,2026-08-05 13:55:00,SUCCESS
43518,5,4,616.90,2026-08-09 15:39:00,FAILED
43519,9,20,2358.30,2026-08-18 20:52:00,SUCCESS
43520,7,9,1101.60,2026-08-21 07:28:00,FAILED
43521,10,9,2299.40,2026-08-22 03:18:00,REFUNDED
43522,3,1,1917.50,2026-08-31 02:58:00,REFUNDED
43523,4,4,3619.10,2026-08-01 13:25:00,REFUNDED
43524,2,17,1365.70,2026-08-17 16:53:00,REFUNDED
43525,2,14,2994.30,2026-08-19 07:12:00,FAILED
43526,2,11,3145.60,2026-08-11 19:37:00,REFUNDED
43527,1,100.00
43528,9,15,1453.60,2026-08-10 06:15:00,SUCCESS
43529,4,4,2710.40,2026-08-23 10:13:00,FAILED
43530,4,11,3485.50,2026-08-23 03:21:00,SUCCESS
43531,7,12,3296.20,2026-08-16 01:01:00,FAILED
43532,8,3,3418.40,2026-08-27 19:21:00,REFUNDED
43533,1,8,4861.40,2026-08-24 12:45:00,PENDING
43534,8,3,1439.80,2026-08-07 07:07:00,FAILED
43535,1,4,1667.80,2026-08-13 00:09:00,REFUNDED
43536,1,1,5000,2026-08-01 12:00:00,UNKNOWN_STATUS
43537,7,7,4594.70,2026-08-04 18:25:00,SUCCESS
43538,4,4,1411.50,2026-08-24 17:45:00,PENDING
43539,6,6,3738.10,2026-08-21 10:16:00,SUCCESS
43540,10,10,236.10,2026-08-12 02:23:00,REFUNDED
43541,9,12,1906.30,2026-08-13 20:49:00,PENDING
43542,5,11,169.80,2026-08-13 03:45:00,SUCCESS
43543,9,19,1846.20,2026-08-25 23:46:00,SUCCESS
43544,10,3,2181.40,2026-08-21 02:08:00,REFUNDED
43545,8,3,1523.10,2026-08-27 07:51:00,PENDING
43546,2,1,4931.30,2026-08-28 10:35:00,REFUNDED
43547,4,14,89.40,2026-08-29 06:47:00,FAILED
43548,1,1,5000,2026-08-01 12:00:00,UNKNOWN_STATUS
43549,3,8,630.60,2026-08-10 08:12:00,REFUNDED
43550,8,6,2861.30,2026-08-05 06:18:00,PENDING
43551,8,18,614.20,2026-08-19 02:00:00,REFUNDED
43552,4,3,4892.10,2026-08-29 05:08:00,SUCCESS
43553,9,17,116.70,2026-08-25 01:32:00,SUCCESS
43554,5,8,1585.60,2026-08-27 15:25:00,REFUNDED
43555,10,1,3849.00,2026-08-08 12:46:00,REFUNDED
43556,8,8,4760.70,2026-08-15 17:04:00,PENDING
43557,8,19,4734.50,2026-08-12 01:57:00,REFUNDED
43558,9,18,4776.50,2026-08-07 01:04:00,FAILED
43559,3,8,1706.00,2026-08-01 08:50:00,FAILED
43560,1,17,1537.80,2026-08-17 10:02:00,REFUNDED
43561,7,15,4737.90,2026-08-26 08:18:00,SUCCESS
43562,2,2,1446.00,2026-08-28 21:59:00,REFUNDED
43563,10,12,3157.80,2026-08-31 00:19:00,FAILED
43564,6,6,895.30,2026-08-04 04:08:00,FAILED
43565,2,17,2758.50,2026-08-20 05:33:00,FAILED
43566,1,1,5000,INVALID_DATE_TIME,SUCCESS
43567,1,3,867.60,2026-08-12 13:01:00,REFUNDED
43568,9,5,1659.70,2026-08-12 21:05:00,SUCCESS
43569,7,19,218.60,2026-08-25 09:29:00,PENDING
43570,8,3,2737.30,2026-08-22 18:16:00,FAILED
43571,5,6,559.70,2026-08-03 04:38:00,FAILED
43572,8,14,3384.20,2026-08-03 04:30:00,PENDING
43573,9,6,745.00,2026-08-28 11:00:00,SUCCESS
43574,6,15,4976.60,2026-08-14 07:33:00,SUCCESS
43575,10,4,3660.00,2026-08-27 13:02:00,PENDING
43576,3,8,2982.60,2026-08-26 06:22:00,REFUNDED
43577,10,5,1587.10,2026-08-18 11:56:00,FAILED
43578,2,12,4577.70,2026-08-17 05:18:00,SUCCESS
43579,2,15,3943.30,2026-08-11 12:05:00,FAILED
43580,8,1,1057.60,2026-08-18 03:56:00,SUCCESS
43581,10,18,1824.70,2026-08-20 09:10:00,SUCCESS
43582,5,11,1018.90,2026-08-04 02:09:00,SUCCESS
43583,3,15,4050.40,2026-08-29 14:44:00,SUCCESS
43584,8,17,898.70,2026-08-15 19:34:00,SUCCESS
43585,3,16,4372.50,2026-08-08 04:01:00,FAILED
43586,9,3,3793.70,2026-08-28 14:48:00,PENDING
43587,9,18,377.50,2026-08-10 15:03:00,FAILED
43588,9,10,3793.10,2026-08-15 14:18:00,SUCCESS
43589,7,6,2491.20,2026-08-25 14:32:00,FAILED
43590,2,1,3171.20,2026-08-21 21:09:00,SUCCESS
43591,4,9,1324.60,2026-08-28 09:59:00,SUCCESS
43592,10,20,3542.80,2026-08-15 06:58:00,REFUNDED
43593,7,15,5010.30,2026-08-25 07:55:00,FAILED
43594,5,18,4105.20,2026-08-02 17:41:00,REFUNDED
43595,8,10,2711.90,2026-08-02 12:50:00,REFUNDED
43596,6,20,427.30,2026-08-08 03:21:00,SUCCESS
43597,2,19,4054.70,2026-08-21 17:20:00,SUCCESS
43598,5,6,1440.90,2026-08-06 05:54:00,PENDING
43599,9,11,1213.90,2026-08-15 04:23:00,FAILED
43600,2,19,2040.70,2026-08-11 20:36:00,SUCCESS
43601,1,2,4589.10,2026-08-02 01:07:00,FAILED
43602,6,19,4581.30,2026-08-05 03:09:00,SUCCESS
43603,6,17,1928.30,2026-08-24 07:35:00,PENDING
43604,1,11,1830.50,2026-08-22 21:14:00,REFUNDED
43605,7,8,312.00,2026-08-08 03:31:00,REFUNDED
43606,3,12,4741.40,2026-08-27 07:48:00,REFUNDED
43607,9,17,1654.70,2026-08-19 09:21:00,SUCCESS
43608,4,14,2274.10,2026-08-17 08:00:00,FAILED
43609,2,4,265.40,2026-08-05 21:07:00,REFUNDED
43610,9,14,3792.50,2026-08-18 01:15:00,SUCCESS
43611,3,9,323.20,2026-08-01 20:00:00,PENDING
43612,5,10,555.80,2026-08-31 06:39:00,SUCCESS
43613,7,19,1023.10,2026-08-09 10:38:00,PENDING
43614,3,8,4480.20,2026-08-20 22:48:00,PENDING
43615,7,18,4326.00,2026-08-10 10:32:00,FAILED
43616,3,10,4961.30,2026-08-25 21:19:00,SUCCESS
43617,2,17,5006.80,2026-08-03 03:33:00,PENDING
43618,9,12,3017.80,2026-08-13 12:43:00,PENDING
43619,2,9,3422.90,2026-08-03 22:22:00,SUCCESS
43620,7,17,1725.30,2026-08-13 08:47:00,FAILED
43621,2,2,409.90,2026-08-27 16:22:00,REFUNDED
43622,7,2,5039.50,2026-08-12 21:50:00,SUCCESS
43623,7,7,720.70,2026-08-26 08:24:00,SUCCESS
43624,8,9,786.80,2026-08-02 03:03:00,REFUNDED
43625,7,2,131.10,2026-08-24 00:03:00,REFUNDED
43626,7,13,3070.50,2026-08-12 07:32:00,REFUNDED
43627,5,5,1132.20,2026-08-30 14:38:00,SUCCESS
43628,6,14,725.00,2026-08-01 14:13:00,REFUNDED
43629,9,16,1292.80,2026-08-14 20:03:00,SUCCESS
43630,7,17,2062.60,2026-08-25 22:33:00,REFUNDED
43631,10,16,4529.70,2026-08-21 08:34:00,PENDING
43632,1,11,5044.90,2026-08-31 00:03:00,FAILED
43633,6,10,4195.10,2026-08-24 06:46:00,REFUNDED
43634,6,8,4775.50,2026-08-18 23:40:00,FAILED
43635,5,18,4220.50,2026-08-01 10:38:00,FAILED
43636,6,4,1718.80,2026-08-06 14:07:00,FAILED
43637,4,15,2576.40,2026-08-30 03:18:00,REFUNDED
43638,2,1,3849.20,2026-08-01 15:15:00,SUCCESS
43639,4,18,4307.70,2026-08-05 22:31:00,SUCCESS
43640,8,9,3232.20,2026-08-24 07:13:00,PENDING
43641,7,9,2092.90,2026-08-02 07:31:00,SUCCESS
43642,9,14,2892.90,2026-08-04 06:41:00,REFUNDED
43643,5,4,4185.00,2026-08-31 01:02:00,PENDING
43644,4,15,4663.00,2026-08-10 15:13:00,PENDING
43645,2,15,175.30,2026-08-07 18:11:00,SUCCESS
43646,4,10,4345.30,2026-08-25 06:40:00,SUCCESS
43647,6,14,1839.70,2026-08-24 17:24:00,SUCCESS
43648,1,3,2990.40,2026-08-05 07:18:00,SUCCESS
43649,3,18,813.60,2026-08-12 08:05:00,SUCCESS
43650,2,6,189.30,2026-08-28 22:01:00,SUCCESS
43651,1,3,3047.90,2026-08-19 18:32:00,SUCCESS
43652,4,14,4381.80,2026-08-02 03:23:00,FAILED
43653,1,20,1244.90,2026-08-21 21:29:00,FAILED
43654,6,5,2473.50,2026-08-02 22:50:00,FAILED
43655,5,3,3534.40,2026-08-24 22:07:00,PENDING
43656,4,1,972.80,2026-08-28 14:34:00,PENDING
43657,3,9,1595.40,2026-08-01 08:12:00,SUCCESS
43658,9,12,1483.00,2026-08-23 05:56:00,SUCCESS
43659,8,12,3092.10,2026-08-13 08:32:00,REFUNDED
43660,7,11,3295.50,2026-08-02 01:25:00,REFUNDED
43661,1,12,266.60,2026-08-19 21:55:00,REFUNDED
43662,7,20,4819.00,2026-08-11 18:57:00,REFUNDED
43663,1,14,4869.70,2026-08-27 07:05:00,SUCCESS
43664,8,11,3260.80,2026-08-13 03:25:00,PENDING
43665,7,11,3151.20,2026-08-05 19:36:00,PENDING
43666,3,4,378.80,2026-08-04 21:33:00,REFUNDED
43667,2,17,2048.70,2026-08-29 17:33:00,REFUNDED
43668,1,4,4532.40,2026-08-27 10:04:00,REFUNDED
43669,9,3,230.90,2026-08-06 17:16:00,FAILED
43670,3,10,294.20,2026-08-10 08:52:00,FAILED
43671,1,6,3947.30,2026-08-17 00:42:00,SUCCESS
43672,1,5,508.80,2026-08-08 22:43:00,REFUNDED
43673,8,16,265.70,2026-08-05 03:47:00,SUCCESS
43674,3,19,1969.30,2026-08-23 16:21:00,SUCCESS
43675,7,14,3878.60,2026-08-28 17:43:00,FAILED
43676,1,19,2217.70,2026-08-05 22:31:00,PENDING
43677,9,13,4147.60,2026-08-26 23:58:00,PENDING
43678,9,15,628.70,2026-08-09 18:38:00,FAILED
43679,1,4,4297.10,2026-08-12 17:12:00,PENDING
43680,1,8,2282.60,2026-08-28 21:39:00,REFUNDED
43681,10,3,4061.90,2026-08-23 23:14:00,SUCCESS
43682,5,16,1570.50,2026-08-10 20:31:00,SUCCESS
43683,6,14,2357.20,2026-08-28 08:31:00,PENDING
43684,3,19,3146.80,2026-08-02 10:20:00,FAILED
43685,7,2,1580.80,2026-08-05 16:15:00,FAILED
43686,3,8,2562.10,2026-08-24 19:33:00,PENDING
43687,5,16,2405.00,2026-08-23 22:07:00,FAILED
43688,7,10,2909.80,2026-08-20 00:59:00,FAILED
43689,3,9,2446.10,2026-08-27 12:27:00,PENDING
43690,7,13,2776.30,2026-08-06 03:34:00,REFUNDED
43691,7,3,4556.20,2026-08-25 03:15:00,REFUNDED
43692,2,10,3656.50,2026-08-13 23:42:00,PENDING
43693,7,13,3868.40,2026-08-24 19:48:00,PENDING
43694,6,6,3548.30,2026-08-28 07:17:00,SUCCESS
43695,2,11,1406.10,2026-08-23 23:54:00,FAILED
43696,9,15,137.40,2026-08-01 08:10:00,SUCCESS
43697,1,14,4419.30,2026-08-11 14:27:00,REFUNDED
43698,10,19,5031.20,2026-08-06 05:58:00,REFUNDED
43699,8,13,4713.30,2026-08-08 13:04:00,FAILED
43700,1,4,3570.80,2026-08-29 15:23:00,FAILED
43701,9,5,1632.20,2026-08-17 09:02:00,PENDING
43702,10,9,1470.50,2026-08-13 00:03:00,REFUNDED
43703,4,4,4219.60,2026-08-08 00:11:00,PENDING
43704,8,6,2081.70,2026-08-14 07:32:00,FAILED
43705,3,12,2608.10,2026-08-25 01:03:00,SUCCESS
43706,3,3,4245.20,2026-08-30 01:12:00,FAILED
43707,1,17,3677.70,2026-08-28 20:22:00,SUCCESS
43708,10,18,3915.30,2026-08-05 18:27:00,FAILED
43709,6,3,1197.40,2026-08-29 16:38:00,REFUNDED
43710,5,16,1032.40,2026-08-04 07:01:00,FAILED
43711,1,9,4124.50,2026-08-14 18:29:00,REFUNDED
43712,5,7,3989.90,2026-08-13 11:16:00,SUCCESS
43713,2,5,2192.60,2026-08-19 08:50:00,REFUNDED
43714,1,7,3294.10,2026-08-20 18:42:00,SUCCESS
43715,2,20,490.40,2026-08-05 21:04:00,FAILED
43716,4,10,998.30,2026-08-03 06:11:00,FAILED
43717,9,14,3635.80,2026-08-09 01:16:00,REFUNDED
43718,2,10,3599.70,2026-08-13 00:26:00,SUCCESS
43719,7,14,4611.90,2026-08-26 03:50:00,PENDING
43720,10,11,639.20,2026-08-16 14:45:00,SUCCESS
43721,9,9,2961.90,2026-08-27 12:55:00,PENDING
43722,3,1,2808.80,2026-08-27 02:37:00,FAILED
43723,3,13,1567.00,2026-08-11 02:46:00,SUCCESS
43724,3,15,1923.20,2026-08-04 16:57:00,REFUNDED
43725,9,6,3956.80,2026-08-11 11:08:00,REFUNDED
43726,4,2,803.30,2026-08-07 07:43:00,PENDING
43727,4,10,4709.70,2026-08-08 04:40:00,SUCCESS
43728,6,11,4003.30,2026-08-07 09:49:00,REFUNDED
43729,5,7,1349.00,2026-08-12 10:03:00,REFUNDED
43730,9,14,4074.50,2026-08-13 13:35:00,SUCCESS
43731,9,4,823.10,2026-08-20 08:20:00,PENDING
43732,9,2,4114.30,2026-08-26 19:11:00,PENDING
43733,8,15,3747.70,2026-08-20 01:16:00,SUCCESS
43734,3,15,1477.40,2026-08-22 23:05:00,REFUNDED
43735,6,14,1430.90,2026-08-25 08:44:00,SUCCESS
43736,8,6,3283.30,2026-08-23 22:43:00,PENDING
43737,3,18,796.90,2026-08-14 19:42:00,SUCCESS
43738,2,17,2044.00,2026-08-19 22:31:00,FAILED
43739,4,16,5033.50,2026-08-18 13:28:00,SUCCESS
43740,10,20,772.10,2026-08-13 11:21:00,PENDING
43741,7,15,3780.50,2026-08-18 11:52:00,REFUNDED
43742,7,2,1047.10,2026-08-31 01:41:00,PENDING
43743,6,6,3068.50,2026-08-04 23:58:00,SUCCESS
43744,10,5,3169.70,2026-08-29 15:18:00,FAILED
43745,9,15,3109.10,2026-08-01 08:12:00,SUCCESS
43746,5,20,4333.30,2026-08-01 11:34:00,SUCCESS
43747,5,1,2419.00,2026-08-11 17:32:00,PENDING
43748,2,4,595.90,2026-08-13 22:51:00,SUCCESS
43749,7,14,992.50,2026-08-01 12:31:00,SUCCESS
43750,10,1,1022.40,2026-08-07 02:10:00,SUCCESS
43751,6,18,890.00,2026-08-02 14:27:00,REFUNDED
43752,10,6,457.70,2026-08-10 21:01:00,SUCCESS
43753,7,15,1022.30,2026-08-22 17:07:00,SUCCESS
43754,4,6,2941.30,2026-08-22 11:54:00,REFUNDED
43755,7,19,4243.50,2026-08-27 11:59:00,PENDING
43756,9,16,1057.00,2026-08-17 01:57:00,SUCCESS
43757,5,7,4225.80,2026-08-25 01:12:00,SUCCESS
43758,9,2,4282.40,2026-08-09 05:47:00,SUCCESS
43759,9,14,4615.20,2026-08-06 06:41:00,FAILED
43760,7,19,1095.80,2026-08-18 05:23:00,REFUNDED
43761,6,17,2812.10,2026-08-16 02:11:00,FAILED
43762,6,3,128.80,2026-08-03 21:24:00,SUCCESS
43763,3,13,1260.90,2026-08-05 18:21:00,FAILED
43764,3,2,4992.40,2026-08-09 20:43:00,FAILED
43765,3,12,2011.30,2026-08-20 03:18:00,SUCCESS
43766,4,16,1192.90,2026-08-27 22:20:00,SUCCESS
43767,6,11,2513.20,2026-08-25 03:13:00,FAILED
43768,1,6,2069.60,2026-08-21 02:31:00,PENDING
43769,2,17,3866.30,2026-08-10 14:16:00,FAILED
43770,1,19,164.60,2026-08-07 12:28:00,FAILED
43771,5,6,616.30,2026-08-19 09:18:00,PENDING
43772,1,9,1024.40,2026-08-21 14:39:00,REFUNDED
43773,9,12,4348.10,2026-08-08 09:43:00,FAILED
43774,8,2,1246.00,2026-08-11 20:04:00,FAILED
43775,4,16,4810.60,2026-08-12 10:14:00,FAILED
43776,2,14,3301.00,2026-08-11 13:45:00,REFUNDED
43777,4,16,2607.10,2026-08-26 10:26:00,PENDING
43778,9,20,1933.20,2026-08-07 11:06:00,PENDING
43779,8,4,3508.60,2026-08-03 14:21:00,PENDING
43780,2,6,4232.80,2026-08-14 22:26:00,FAILED
43781,5,13,1944.10,2026-08-11 01:24:00,SUCCESS
43782,6,13,4951.80,2026-08-23 04:13:00,REFUNDED
43783,9,12,2379.90,2026-08-07 08:19:00,SUCCESS
43784,10,18,4028.20,2026-08-23 10:27:00,FAILED
43785,7,18,1391.70,2026-08-20 09:00:00,SUCCESS
43786,1,13,4801.80,2026-08-13 10:46:00,PENDING
43787,8,3,931.90,2026-08-02 05:10:00,FAILED
43788,1,12,882.50,2026-08-16 03:45:00,PENDING
43789,6,12,4226.10,2026-08-13 04:49:00,REFUNDED
43790,6,2,1909.10,2026-08-06 13:22:00,PENDING
43791,3,6,1261.30,2026-08-19 15:29:00,PENDING
43792,10,3,4497.40,2026-08-04 09:06:00,SUCCESS
43793,2,4,4495.90,2026-08-04 00:38:00,PENDING
43794,6,15,3051.30,2026-08-27 00:33:00,FAILED
43795,8,12,4531.50,2026-08-26 08:24:00,FAILED
43796,5,9,2857.10,2026-08-12 01:36:00,SUCCESS
43797,4,3,2552.30,2026-08-05 06:55:00,REFUNDED
43798,7,14,4005.90,2026-08-02 05:42:00,FAILED
43799,9,3,4547.00,2026-08-31 05:06:00,REFUNDED
43800,8,12,2388.90,2026-08-18 23:52:00,REFUNDED
43801,7,16,3996.10,2026-08-14 23:07:00,FAILED
43802,5,9,1161.20,2026-08-15 15:36:00,SUCCESS
43803,5,1,4366.60,2026-08-16 17:13:00,PENDING
43804,5,2,2771.80,2026-08-20 09:16:00,PENDING
43805,5,11,3066.80,2026-08-20 15:06:00,FAILED
43806,1,6,2421.40,2026-08-02 15:08:00,SUCCESS
43807,7,10,927.20,2026-08-05 10:47:00,FAILED
43808,10,11,557.70,2026-08-30 11:59:00,FAILED
43809,2,8,4546.10,2026-08-03 04:56:00,SUCCESS
43810,10,16,602.10,2026-08-04 15:18:00,FAILED
43811,1,1,5000,INVALID_DATE_TIME,SUCCESS
43812,2,19,2722.80,2026-08-13 17:19:00,SUCCESS
43813,10,2,3921.20,2026-08-15 17:15:00,FAILED
43814,9,1,2784.20,2026-08-18 03:17:00,REFUNDED
43815,7,19,3113.80,2026-08-05 19:30:00,PENDING
43816,7,15,137.20,2026-08-17 23:07:00,REFUNDED
43817,7,10,370.20,2026-08-02 19:54:00,FAILED
43818,8,4,4687.10,2026-08-24 19:55:00,SUCCESS
43819,4,7,1994.70,2026-08-07 17:49:00,PENDING
43820,9,8,2565.90,2026-08-14 08:21:00,REFUNDED
43821,1,3,803.80,2026-08-08 23:08:00,FAILED
43822,7,16,647.00,2026-08-27 12:39:00,SUCCESS
43823,5,4,289.10,2026-08-21 18:09:00,FAILED
43824,4,20,4638.90,2026-08-15 03:47:00,FAILED
43825,7,20,4030.90,2026-08-08 05:42:00,PENDING
43826,10,4,2125.40,2026-08-11 15:08:00,FAILED
43827,5,5,2721.30,2026-08-20 21:16:00,PENDING
43828,5,2,5045.50,2026-08-13 04:16:00,PENDING
43829,2,6,5040.30,2026-08-02 03:39:00,SUCCESS
43830,1,3,2417.80,2026-08-09 17:46:00,PENDING
43831,5,20,4399.20,2026-08-24 02:21:00,SUCCESS
43832,2,9,1125.90,2026-08-26 08:07:00,REFUNDED
43833,7,19,3549.50,2026-08-28 01:33:00,REFUNDED
43834,7,14,783.50,2026-08-06 01:46:00,FAILED
43835,4,3,1362.70,2026-08-03 19:58:00,PENDING
43836,3,2,524.60,2026-08-02 23:46:00,SUCCESS
43837,3,13,1782.10,2026-08-10 02:18:00,REFUNDED
43838,10,15,2767.80,2026-08-30 11:07:00,FAILED
43839,8,2,1543.70,2026-08-09 22:47:00,FAILED
43840,4,7,3975.80,2026-08-28 10:16:00,PENDING
43841,5,16,1879.20,2026-08-14 09:48:00,SUCCESS
43842,9,8,796.10,2026-08-19 03:57:00,PENDING
43843,4,19,4501.50,2026-08-16 11:03:00,REFUNDED
43844,6,1,2925.50,2026-08-13 06:37:00,SUCCESS
43845,1,100.00
43846,4,3,2643.00,2026-08-11 08:27:00,PENDING
43847,2,17,3777.50,2026-08-14 18:35:00,PENDING
43848,9,11,1946.00,2026-08-06 04:45:00,SUCCESS
43849,3,1,2822.80,2026-08-12 19:04:00,SUCCESS
43850,6,20,2263.50,2026-08-16 01:50:00,REFUNDED
43851,4,19,317.70,2026-08-27 14:54:00,SUCCESS
43852,5,5,312.40,2026-08-03 14:51:00,PENDING
43853,7,4,3581.70,2026-08-19 03:47:00,SUCCESS
43854,10,17,4291.60,2026-08-29 12:36:00,SUCCESS
43855,5,19,93.70,2026-08-12 14:35:00,SUCCESS
43856,6,15,3479.60,2026-08-23 04:34:00,PENDING
43857,1,6,1632.40,2026-08-05 18:08:00,REFUNDED
43858,5,7,3224.80,2026-08-16 20:27:00,FAILED
43859,6,18,1512.00,2026-08-13 11:46:00,PENDING
43860,6,20,2854.90,2026-08-08 07:22:00,FAILED
43861,9,3,1680.60,2026-08-17 04:27:00,SUCCESS
43862,3,2,4077.60,2026-08-26 21:08:00,PENDING
43863,2,10,484.40,2026-08-26 06:57:00,REFUNDED
43864,4,5,2937.40,2026-08-04 15:07:00,PENDING
43865,5,12,810.80,2026-08-12 09:21:00,PENDING
43866,1,17,2079.10,2026-08-06 07:14:00,FAILED
43867,9,11,460.20,2026-08-31 01:42:00,REFUNDED
43868,5,17,4378.10,2026-08-30 07:04:00,FAILED
43869,9,12,5014.40,2026-08-04 23:38:00,REFUNDED
43870,3,20,625.20,2026-08-09 12:10:00,SUCCESS
43871,9,5,2634.10,2026-08-15 11:33:00,FAILED
43872,7,11,3233.50,2026-08-16 19:07:00,FAILED
43873,8,20,1879.10,2026-08-11 11:37:00,FAILED
43874,7,1,2256.90,2026-08-13 15:15:00,PENDING
43875,7,3,1327.50,2026-08-12 17:32:00,FAILED
43876,10,8,2212.40,2026-08-17 12:48:00,REFUNDED
43877,8,11,720.60,2026-08-30 14:35:00,SUCCESS
43878,8,8,2243.40,2026-08-04 18:11:00,SUCCESS
43879,8,16,1460.40,2026-08-01 21:18:00,PENDING
43880,2,13,4769.80,2026-08-10 07:45:00,FAILED
43881,2,8,931.70,2026-08-15 14:16:00,PENDING
43882,2,20,5020.60,2026-08-12 00:10:00,REFUNDED
43883,6,1,3682.00,2026-08-22 16:37:00,REFUNDED
43884,8,15,4656.70,2026-08-26 03:14:00,REFUNDED
43885,7,12,882.30,2026-08-27 21:45:00,REFUNDED
43886,1,14,592.30,2026-08-16 08:27:00,PENDING
43887,6,13,1815.20,2026-08-05 08:28:00,PENDING
43888,3,1,1423.50,2026-08-06 14:24:00,PENDING
43889,10,7,985.10,2026-08-27 09:02:00,PENDING
43890,8,14,2785.30,2026-08-19 02:25:00,SUCCESS
43891,8,2,4588.30,2026-08-16 17:58:00,PENDING
43892,9,10,1660.40,2026-08-11 10:49:00,FAILED
43893,9,4,4274.80,2026-08-12 05:23:00,REFUNDED
43894,5,15,2093.50,2026-08-13 02:24:00,REFUNDED
43895,1,9,1326.70,2026-08-06 03:36:00,FAILED
43896,10,17,2512.00,2026-08-09 20:50:00,PENDING
43897,8,19,3914.90,2026-08-27 11:21:00,SUCCESS
43898,9,8,1170.40,2026-08-29 02:42:00,REFUNDED
43899,6,13,4847.70,2026-08-02 10:14:00,FAILED
43900,2,1,520.20,2026-08-26 22:40:00,REFUNDED
43901,9,20,3655.70,2026-08-30 13:06:00,SUCCESS
43902,3,6,4798.80,2026-08-24 16:10:00,PENDING
43903,4,15,4681.20,2026-08-19 05:00:00,FAILED
43904,7,18,1890.60,2026-08-01 19:32:00,FAILED
43905,4,11,1155.50,2026-08-05 20:29:00,SUCCESS
43906,9,9,2167.60,2026-08-22 13:23:00,SUCCESS
43907,7,3,2012.00,2026-08-20 06:06:00,SUCCESS
43908,7,20,3463.00,2026-08-05 11:02:00,REFUNDED
43909,8,4,439.80,2026-08-20 17:11:00,PENDING
43910,7,5,1973.10,2026-08-27 20:53:00,FAILED
43911,2,9,4599.30,2026-08-19 18:24:00,SUCCESS
43912,1,16,1350.00,2026-08-09 01:17:00,FAILED
43913,1,2,3061.30,2026-08-28 03:36:00,PENDING
43914,5,16,433.60,2026-08-18 02:56:00,SUCCESS
43915,2,12,1687.30,2026-08-03 20:12:00,FAILED
43916,3,20,2169.20,2026-08-02 08:36:00,FAILED
43917,3,18,3922.80,2026-08-01 11:15:00,REFUNDED
43918,3,12,1070.80,2026-08-30 12:52:00,REFUNDED
43919,9,17,3009.50,2026-08-19 07:36:00,PENDING
43920,2,10,1825.30,2026-08-30 16:13:00,SUCCESS
43921,9,3,411.80,2026-08-12 23:53:00,FAILED
43922,6,19,3397.50,2026-08-06 06:53:00,REFUNDED
43923,9,19,905.40,2026-08-31 00:05:00,SUCCESS
43924,7,11,997.30,2026-08-10 12:54:00,REFUNDED
43925,2,13,4776.40,2026-08-02 07:27:00,PENDING
43926,1,1,NOT_A_NUMBER,2026-08-01 12:00:00,SUCCESS
43927,8,8,2282.40,2026-08-04 12:04:00,REFUNDED
43928,5,6,1798.90,2026-08-10 02:05:00,FAILED
43929,5,19,3157.70,2026-08-26 05:37:00,FAILED
43930,3,6,2005.40,2026-08-14 11:41:00,REFUNDED
43931,9,10,86.80,2026-08-18 10:26:00,REFUNDED
43932,6,8,3984.80,2026-08-06 10:23:00,FAILED
43933,10,19,1081.80,2026-08-16 08:09:00,SUCCESS
43934,6,11,385.30,2026-08-04 09:36:00,SUCCESS
43935,2,14,1135.80,2026-08-10 14:19:00,SUCCESS
43936,3,11,2104.80,2026-08-17 19:00:00,FAILED
43937,2,6,3895.60,2026-08-17 20:37:00,PENDING
43938,3,3,807.90,2026-08-27 14:39:00,FAILED
43939,6,7,3529.20,2026-08-09 09:50:00,REFUNDED
43940,5,19,3581.70,2026-08-06 16:17:00,REFUNDED
43941,5,6,3041.00,2026-08-03 13:26:00,PENDING
43942,6,4,4927.50,2026-08-17 06:13:00,SUCCESS
43943,8,10,192.80,2026-08-06 16:35:00,PENDING
43944,10,13,290.90,2026-08-22 20:24:00,PENDING
43945,9,10,4945.50,2026-08-24 07:02:00,SUCCESS
43946,6,8,413.60,2026-08-11 16:17:00,PENDING
43947,6,16,2040.10,2026-08-22 13:34:00,FAILED
43948,2,16,3257.20,2026-08-17 14:01:00,FAILED
43949,3,9,3876.20,2026-08-14 23:54:00,REFUNDED
43950,3,20,1788.20,2026-08-13 07:47:00,FAILED
43951,6,5,1982.60,2026-08-08 06:56:00,FAILED
43952,7,16,675.90,2026-08-17 11:43:00,FAILED
43953,6,6,723.60,2026-08-28 08:25:00,PENDING
43954,2,12,4545.10,2026-08-10 02:59:00,PENDING
43955,5,7,4412.20,2026-08-05 19:46:00,PENDING
43956,6,16,748.00,2026-08-15 13:03:00,FAILED
43957,4,20,2084.30,2026-08-29 12:18:00,REFUNDED
43958,9,19,284.90,2026-08-11 06:29:00,SUCCESS
43959,1,1,NOT_A_NUMBER,2026-08-01 12:00:00,SUCCESS
43960,3,13,2649.40,2026-08-23 09:46:00,FAILED
43961,6,16,2300.60,2026-08-17 13:16:00,REFUNDED
43962,9,16,129.30,2026-08-09 11:37:00,FAILED
43963,4,4,1270.80,2026-08-10 06:20:00,FAILED
43964,7,5,3709.80,2026-08-04 10:25:00,SUCCESS
43965,1,18,275.80,2026-08-15 23:26:00,REFUNDED
43966,4,19,1296.80,2026-08-30 07:06:00,REFUNDED
43967,7,11,3106.90,2026-08-27 06:50:00,FAILED
43968,5,1,1144.80,2026-08-15 16:58:00,REFUNDED
43969,6,11,4133.30,2026-08-27 12:12:00,SUCCESS
43970,1,7,78.90,2026-08-04 13:11:00,REFUNDED
43971,8,1,1095.10,2026-08-21 23:03:00,PENDING
43972,2,16,4396.60,2026-08-07 04:43:00,SUCCESS
43973,9,15,2306.20,2026-08-19 18:25:00,SUCCESS
43974,7,14,1112.30,2026-08-16 16:56:00,REFUNDED
43975,9,4,1995.90,2026-08-21 23:34:00,SUCCESS
43976,5,5,4356.70,2026-08-15 06:12:00,FAILED
43977,5,16,1678.70,2026-08-05 02:45:00,PENDING
43978,10,9,1987.60,2026-08-10 06:08:00,REFUNDED
43979,4,10,3053.20,2026-08-26 00:08:00,SUCCESS
43980,6,16,2588.50,2026-08-19 04:01:00,SUCCESS
43981,3,4,1420.70,2026-08-25 10:16:00,REFUNDED
43982,2,2,3918.60,2026-08-09 04:01:00,SUCCESS
43983,3,1,3215.60,2026-08-19 08:58:00,SUCCESS
43984,10,17,2589.40,2026-08-03 22:43:00,FAILED
43985,8,10,2221.50,2026-08-07 16:59:00,FAILED
43986,7,8,2715.20,2026-08-25 03:57:00,REFUNDED
43987,1,7,2268.70,2026-08-04 23:39:00,FAILED
43988,8,7,2373.70,2026-08-27 02:26:00,REFUNDED
43989,1,14,3425.20,2026-08-26 19:45:00,SUCCESS
43990,10,18,2314.60,2026-08-30 21:31:00,PENDING
43991,10,9,3746.50,2026-08-24 23:45:00,SUCCESS
43992,1,6,566.50,2026-08-13 23:03:00,REFUNDED
43993,4,16,2074.90,2026-08-14 14:00:00,SUCCESS
43994,1,8,4888.00,2026-08-07 08:52:00,FAILED
43995,1,13,3699.50,2026-08-02 09:41:00,PENDING
43996,9,20,3596.50,2026-08-06 19:49:00,PENDING
43997,6,1,2081.10,2026-08-14 06:17:00,SUCCESS
43998,8,2,923.40,2026-08-10 20:40:00,SUCCESS
43999,1,2,1203.70,2026-08-13 05:36:00,REFUNDED
44000,10,10,4584.30,2026-08-27 07:39:00,REFUNDED
44001,5,19,1766.70,2026-08-05 10:18:00,REFUNDED
44002,9,7,1048.70,2026-08-07 11:52:00,REFUNDED
44003,4,8,4320.90,2026-08-10 15:54:00,PENDING
44004,9,15,1461.70,2026-08-17 10:41:00,FAILED
44005,1,20,4102.20,2026-08-31 03:15:00,REFUNDED
44006,7,17,4257.70,2026-08-21 07:02:00,PENDING
44007,9,2,847.60,2026-08-30 17:13:00,PENDING
44008,9,16,867.10,2026-08-27 15:53:00,REFUNDED
44009,6,19,1389.50,2026-08-11 05:25:00,REFUNDED
44010,5,1,2694.70,2026-08-10 09:19:00,PENDING
44011,9,7,2373.40,2026-08-23 14:23:00,FAILED
44012,9,9,143.80,2026-08-20 04:35:00,REFUNDED
44013,7,17,3272.40,2026-08-16 05:38:00,SUCCESS
44014,4,8,687.10,2026-08-15 07:07:00,PENDING
44015,10,8,1781.70,2026-08-13 21:01:00,REFUNDED
44016,1,1,1664.30,2026-08-11 08:14:00,SUCCESS
44017,2,11,1959.10,2026-08-18 20:22:00,REFUNDED
44018,9,8,4929.20,2026-08-29 12:52:00,PENDING
44019,2,4,460.50,2026-08-17 01:00:00,REFUNDED
44020,5,20,3149.60,2026-08-17 07:52:00,FAILED
44021,10,12,1730.70,2026-08-30 01:13:00,PENDING
44022,9,17,3181.60,2026-08-19 17:58:00,SUCCESS
44023,9,7,1197.80,2026-08-14 07:17:00,REFUNDED
44024,4,10,2426.00,2026-08-31 05:09:00,SUCCESS
44025,2,9,4092.50,2026-08-05 11:56:00,FAILED
44026,10,13,3997.30,2026-08-31 04:51:00,FAILED
44027,3,11,4720.70,2026-08-24 03:44:00,PENDING
44028,10,15,3993.40,2026-08-25 22:39:00,SUCCESS
44029,8,1,1094.70,2026-08-07 01:17:00,FAILED
44030,10,9,959.40,2026-08-25 00:13:00,SUCCESS
44031,9,13,1096.50,2026-08-11 22:01:00,SUCCESS
44032,3,18,3638.00,2026-08-30 04:47:00,PENDING
44033,9,8,1419.20,2026-08-11 07:21:00,PENDING
44034,6,9,88.80,2026-08-23 09:04:00,FAILED
44035,7,11,4752.30,2026-08-25 15:49:00,FAILED
44036,4,12,3105.30,2026-08-17 18:33:00,PENDING
44037,9,8,4369.50,2026-08-06 13:33:00,PENDING
44038,5,13,3399.90,2026-08-14 12:46:00,SUCCESS
44039,9,5,3902.30,2026-08-24 01:06:00,SUCCESS
44040,6,11,1826.20,2026-08-01 17:02:00,PENDING
44041,1,14,209.00,2026-08-14 03:45:00,SUCCESS
44042,9,19,1844.60,2026-08-20 12:16:00,FAILED
44043,6,8,4832.00,2026-08-26 23:16:00,PENDING
44044,5,8,4448.40,2026-08-20 12:09:00,SUCCESS
44045,8,4,2575.70,2026-08-23 12:09:00,FAILED
44046,5,9,2159.80,2026-08-05 14:36:00,REFUNDED
44047,1,15,3752.00,2026-08-09 12:13:00,SUCCESS
44048,2,13,2077.50,2026-08-13 01:36:00,PENDING
44049,2,3,3833.50,2026-08-17 09:21:00,SUCCESS
44050,8,20,2814.10,2026-08-03 13:09:00,FAILED
44051,5,3,2358.50,2026-08-16 21:58:00,REFUNDED
44052,2,16,2863.20,2026-08-12 21:43:00,REFUNDED
44053,8,5,3751.70,2026-08-10 12:45:00,PENDING
44054,10,3,2149.90,2026-08-10 09:34:00,SUCCESS
44055,1,16,1357.60,2026-08-25 02:53:00,FAILED
44056,3,1,550.00,2026-08-21 13:38:00,FAILED
44057,1,17,3688.50,2026-08-29 15:59:00,REFUNDED
44058,1,9,4471.60,2026-08-20 22:10:00,REFUNDED
44059,8,17,2747.20,2026-08-06 08:46:00,SUCCESS
44060,9,7,3579.50,2026-08-11 00:42:00,REFUNDED
44061,1,2,3612.80,2026-08-12 09:46:00,FAILED
44062,10,12,3665.50,2026-08-30 23:30:00,FAILED
44063,8,18,465.90,2026-08-23 20:01:00,SUCCESS
44064,5,8,3700.90,2026-08-06 04:21:00,REFUNDED
44065,1,13,1876.80,2026-08-16 15:14:00,SUCCESS
44066,4,7,4453.70,2026-08-09 15:57:00,PENDING
44067,9,8,964.50,2026-08-15 04:48:00,FAILED
44068,10,14,2690.30,2026-08-30 15:40:00,SUCCESS
44069,8,16,3134.80,2026-08-19 11:42:00,SUCCESS
44070,9,6,320.30,2026-08-27 08:06:00,SUCCESS
44071,10,16,3061.80,2026-08-18 23:21:00,REFUNDED
44072,3,15,1369.30,2026-08-28 18:26:00,PENDING
44073,3,9,928.50,2026-08-23 08:28:00,FAILED
44074,9,11,5046.10,2026-08-23 14:19:00,PENDING
44075,5,8,2365.50,2026-08-13 18:52:00,SUCCESS
44076,8,11,543.50,2026-08-30 08:30:00,FAILED
44077,10,11,1685.20,2026-08-11 10:41:00,PENDING
44078,9,1,2457.30,2026-08-17 15:07:00,SUCCESS
44079,1,13,2764.30,2026-08-21 05:02:00,SUCCESS
44080,2,12,114.30,2026-08-10 05:08:00,FAILED
44081,9,13,4312.90,2026-08-05 05:50:00,PENDING
44082,5,3,4286.00,2026-08-02 11:58:00,SUCCESS
44083,3,1,3335.10,2026-08-14 10:12:00,FAILED
44084,9,15,2614.30,2026-08-29 17:07:00,FAILED
44085,10,2,2294.30,2026-08-05 12:02:00,FAILED
44086,1,1,3164.30,2026-08-17 03:28:00,PENDING
44087,4,20,514.90,2026-08-17 14:32:00,REFUNDED
44088,6,15,175.10,2026-08-05 10:34:00,FAILED
44089,3,4,3512.80,2026-08-20 15:54:00,FAILED
44090,2,8,334.90,2026-08-02 00:42:00,PENDING
44091,4,12,179.20,2026-08-18 08:10:00,REFUNDED
44092,6,13,3132.60,2026-08-28 02:05:00,SUCCESS
44093,2,18,858.80,2026-08-21 17:17:00,SUCCESS
44094,4,1,3226.00,2026-08-15 15:11:00,REFUNDED
44095,8,9,1203.00,2026-08-20 09:49:00,REFUNDED
44096,6,15,190.20,2026-08-15 18:31:00,SUCCESS
44097,9,2,2046.10,2026-08-03 16:38:00,PENDING
44098,4,2,4887.40,2026-08-02 04:28:00,PENDING
44099,2,5,2697.10,2026-08-25 13:24:00,REFUNDED
44100,5,13,2614.30,2026-08-23 09:40:00,REFUNDED
44101,4,11,4983.10,2026-08-21 12:45:00,SUCCESS
44102,3,6,236.70,2026-08-28 03:30:00,REFUNDED
44103,8,16,1480.40,2026-08-18 08:58:00,PENDING
44104,9,3,898.70,2026-08-13 21:19:00,FAILED
44105,8,12,4709.60,2026-08-16 05:08:00,SUCCESS
44106,5,11,199.80,2026-08-12 08:53:00,PENDING
44107,7,6,4853.40,2026-08-08 22:38:00,PENDING
44108,6,16,3160.90,2026-08-19 20:03:00,REFUNDED
44109,3,16,4586.20,2026-08-11 05:15:00,SUCCESS
44110,9,12,787.90,2026-08-11 18:38:00,PENDING
44111,6,10,4622.50,2026-08-21 13:31:00,PENDING
44112,10,19,151.30,2026-08-19 05:23:00,FAILED
44113,8,2,4388.00,2026-08-10 16:59:00,SUCCESS
44114,4,5,1316.90,2026-08-24 15:53:00,PENDING
44115,5,4,1505.10,2026-08-02 05:12:00,PENDING
44116,3,14,2242.50,2026-08-21 11:26:00,SUCCESS
44117,7,9,4508.40,2026-08-18 01:28:00,SUCCESS
44118,7,18,3465.90,2026-08-09 03:54:00,REFUNDED
44119,1,19,1373.00,2026-08-05 12:33:00,REFUNDED
44120,8,20,1175.00,2026-08-06 02:12:00,REFUNDED
44121,9,1,4928.10,2026-08-13 12:35:00,FAILED
44122,2,18,1478.50,2026-08-07 22:27:00,SUCCESS
44123,9,11,2177.00,2026-08-18 09:04:00,FAILED
44124,9,4,435.20,2026-08-07 09:58:00,FAILED
44125,1,2,2188.10,2026-08-24 06:11:00,PENDING
44126,1,1,NOT_A_NUMBER,2026-08-01 12:00:00,SUCCESS
44127,5,6,3212.80,2026-08-22 19:15:00,FAILED
44128,7,18,2949.40,2026-08-29 22:27:00,REFUNDED
44129,4,10,4622.50,2026-08-21 16:57:00,REFUNDED
44130,2,16,3433.30,2026-08-18 13:24:00,PENDING
44131,3,17,1459.80,2026-08-12 03:54:00,SUCCESS
44132,4,15,3152.60,2026-08-17 00:15:00,SUCCESS
44133,6,11,2928.00,2026-08-18 20:46:00,SUCCESS
44134,8,9,125.40,2026-08-24 23:57:00,SUCCESS
44135,9,7,2581.60,2026-08-25 16:13:00,PENDING
44136,3,3,1385.20,2026-08-01 09:19:00,SUCCESS
44137,1,8,3304.10,2026-08-29 04:39:00,SUCCESS
44138,3,11,3235.80,2026-08-09 14:15:00,FAILED
44139,9,9,298.20,2026-08-18 09:18:00,REFUNDED
44140,4,16,1051.90,2026-08-11 14:52:00,FAILED
44141,9,12,541.40,2026-08-10 09:51:00,SUCCESS
44142,8,20,4091.70,2026-08-27 08:23:00,PENDING
44143,1,10,1398.70,2026-08-24 21:22:00,SUCCESS
44144,5,12,825.00,2026-08-13 15:28:00,FAILED
44145,3,5,4596.10,2026-08-01 22:16:00,FAILED
44146,2,12,3646.20,2026-08-09 11:40:00,SUCCESS
44147,8,2,1775.10,2026-08-18 13:13:00,SUCCESS
44148,1,4,2043.30,2026-08-12 22:03:00,SUCCESS
44149,4,19,242.00,2026-08-03 13:09:00,PENDING
44150,6,16,3857.90,2026-08-16 06:25:00,REFUNDED
44151,7,16,2065.20,2026-08-12 03:25:00,SUCCESS
44152,4,9,3435.10,2026-08-14 23:40:00,REFUNDED
44153,1,5,1794.40,2026-08-17 18:38:00,SUCCESS
44154,7,8,97.10,2026-08-05 07:44:00,PENDING
44155,4,12,4959.20,2026-08-16 17:40:00,PENDING
44156,6,11,4274.60,2026-08-27 14:39:00,SUCCESS
44157,4,3,1969.40,2026-08-17 06:55:00,SUCCESS
44158,6,1,5005.60,2026-08-11 12:43:00,PENDING
44159,9,5,3250.00,2026-08-15 11:16:00,PENDING
44160,1,3,871.50,2026-08-05 16:08:00,FAILED
44161,8,9,3808.20,2026-08-22 20:43:00,FAILED
44162,9,1,4215.50,2026-08-18 07:44:00,FAILED
44163,10,5,1901.40,2026-08-08 08:31:00,FAILED
44164,4,15,1056.80,2026-08-11 13:18:00,PENDING
44165,6,1,4974.00,2026-08-07 19:27:00,SUCCESS
44166,6,7,3495.30,2026-08-22 21:46:00,SUCCESS
44167,4,10,1081.50,2026-08-21 22:18:00,SUCCESS
44168,8,20,2416.70,2026-08-03 14:34:00,PENDING
44169,5,15,667.90,2026-08-23 00:53:00,SUCCESS
44170,4,4,1943.60,2026-08-24 01:20:00,REFUNDED
44171,3,11,210.40,2026-08-17 19:21:00,REFUNDED
44172,2,18,4021.00,2026-08-05 05:56:00,REFUNDED
44173,3,2,4553.80,2026-08-18 08:02:00,PENDING
44174,4,6,5019.70,2026-08-08 23:59:00,FAILED
44175,6,14,664.30,2026-08-17 04:01:00,FAILED
44176,7,8,1193.10,2026-08-18 00:50:00,SUCCESS
44177,2,1,2860.00,2026-08-24 21:42:00,PENDING
44178,8,16,2451.40,2026-08-29 14:44:00,SUCCESS
44179,7,13,3928.30,2026-08-16 01:37:00,REFUNDED
44180,8,18,3465.40,2026-08-17 20:43:00,SUCCESS
44181,6,14,1922.60,2026-08-23 17:20:00,PENDING
44182,4,1,2931.80,2026-08-27 20:19:00,FAILED
44183,2,6,3483.60,2026-08-30 04:38:00,SUCCESS
44184,9,8,1928.00,2026-08-16 04:16:00,REFUNDED
44185,10,20,331.50,2026-08-24 16:49:00,SUCCESS
44186,7,19,566.10,2026-08-23 19:03:00,REFUNDED
44187,5,1,3413.30,2026-08-23 00:53:00,PENDING
44188,5,1,3425.70,2026-08-15 18:54:00,FAILED
44189,3,10,2309.80,2026-08-23 01:00:00,FAILED
44190,6,19,4567.60,2026-08-20 08:51:00,REFUNDED
44191,3,7,109.30,2026-08-28 19:38:00,FAILED
44192,1,19,2722.30,2026-08-07 01:29:00,SUCCESS
44193,5,14,433.90,2026-08-14 00:44:00,REFUNDED
44194,7,15,1734.50,2026-08-02 08:56:00,REFUNDED
44195,7,15,4055.40,2026-08-05 17:53:00,FAILED
44196,6,17,3502.70,2026-08-30 00:32:00,FAILED
44197,7,12,4957.60,2026-08-06 18:05:00,PENDING
44198,8,6,1023.70,2026-08-23 23:07:00,REFUNDED
44199,10,3,1871.70,2026-08-24 16:13:00,PENDING
44200,6,13,1462.20,2026-08-23 03:19:00,PENDING
44201,5,10,3719.70,2026-08-29 17:38:00,FAILED
44202,3,5,2288.00,2026-08-09 06:27:00,FAILED
44203,7,16,1088.50,2026-08-08 04:07:00,SUCCESS
44204,2,14,2444.20,2026-08-15 15:15:00,PENDING
44205,2,10,970.20,2026-08-05 08:23:00,FAILED
44206,2,3,1756.20,2026-08-23 10:11:00,REFUNDED
44207,6,3,1254.00,2026-08-09 11:09:00,FAILED
44208,8,13,1534.50,2026-08-04 02:09:00,SUCCESS
44209,10,1,4358.00,2026-08-11 01:19:00,REFUNDED
44210,7,4,3497.40,2026-08-06 15:18:00,PENDING
44211,3,15,2288.70,2026-08-30 16:18:00,REFUNDED
44212,1,4,4680.80,2026-08-02 10:52:00,SUCCESS
44213,8,18,1914.10,2026-08-04 20:24:00,PENDING
44214,4,12,4832.00,2026-08-21 12:07:00,PENDING
44215,7,10,355.90,2026-08-24 12:03:00,FAILED
44216,6,1,2686.40,2026-08-01 11:07:00,REFUNDED
44217,5,7,1903.80,2026-08-25 21:46:00,FAILED
44218,1,9,2562.50,2026-08-24 23:43:00,FAILED
44219,1,19,3072.60,2026-08-11 15:33:00,FAILED
44220,7,11,603.50,2026-08-15 13:29:00,FAILED
44221,10,10,240.70,2026-08-23 15:10:00,PENDING
44222,2,8,1335.00,2026-08-21 04:20:00,REFUNDED
44223,4,12,5048.90,2026-08-06 02:52:00,PENDING
44224,5,10,2139.10,2026-08-30 02:45:00,PENDING
44225,9,14,1537.90,2026-08-04 07:48:00,REFUNDED
44226,8,5,660.70,2026-08-10 04:59:00,SUCCESS
44227,3,16,806.60,2026-08-12 01:57:00,REFUNDED
44228,4,20,1230.60,2026-08-05 01:40:00,SUCCESS
44229,8,20,1951.20,2026-08-14 23:52:00,FAILED
44230,6,17,2156.60,2026-08-10 10:16:00,SUCCESS
44231,6,16,2779.50,2026-08-26 05:20:00,FAILED
44232,4,16,3739.20,2026-08-20 20:55:00,FAILED
44233,10,19,727.60,2026-08-11 12:31:00,SUCCESS
44234,9,13,1205.50,2026-08-17 07:15:00,REFUNDED
44235,3,10,1034.60,2026-08-07 11:49:00,REFUNDED
44236,1,14,2307.40,2026-08-01 13:28:00,REFUNDED
44237,3,20,2855.80,2026-08-04 06:04:00,PENDING
44238,8,6,2826.20,2026-08-23 20:45:00,SUCCESS
44239,10,5,1343.00,2026-08-20 04:06:00,FAILED
44240,9,1,868.30,2026-08-04 13:00:00,SUCCESS
44241,7,2,3067.00,2026-08-06 04:25:00,SUCCESS
44242,7,20,2122.40,2026-08-05 09:20:00,FAILED
44243,7,1,4494.80,2026-08-16 13:04:00,PENDING
44244,7,13,188.40,2026-08-06 16:59:00,SUCCESS
44245,2,18,2589.60,2026-08-15 05:48:00,PENDING
44246,1,11,4298.80,2026-08-03 22:18:00,PENDING
44247,8,7,3054.30,2026-08-29 04:26:00,PENDING
44248,10,14,2939.20,2026-08-21 14:37:00,SUCCESS
44249,7,13,276.30,2026-08-22 09:46:00,SUCCESS
44250,6,18,4614.10,2026-08-27 04:24:00,REFUNDED
44251,1,13,2927.10,2026-08-29 01:10:00,REFUNDED
44252,6,13,4963.70,2026-08-05 01:00:00,SUCCESS
44253,8,8,4001.00,2026-08-13 16:19:00,PENDING
44254,3,4,3246.50,2026-08-12 19:13:00,REFUNDED
44255,1,4,2656.30,2026-08-18 23:17:00,REFUNDED
44256,3,15,3831.40,2026-08-29 21:15:00,REFUNDED
44257,10,15,3209.30,2026-08-26 15:36:00,REFUNDED
44258,4,1,1665.50,2026-08-17 13:54:00,PENDING
44259,5,14,2219.80,2026-08-13 00:01:00,REFUNDED
44260,2,3,4714.30,2026-08-24 22:47:00,PENDING
44261,6,17,3030.30,2026-08-23 08:13:00,PENDING
44262,4,1,1454.90,2026-08-24 04:07:00,FAILED
44263,9,19,4507.50,2026-08-18 02:18:00,SUCCESS
44264,5,11,3708.00,2026-08-22 15:57:00,FAILED
44265,8,13,814.90,2026-08-28 13:56:00,SUCCESS
44266,1,6,4780.40,2026-08-14 09:52:00,SUCCESS
44267,1,20,3702.80,2026-08-27 16:54:00,PENDING
44268,4,19,2319.70,2026-08-16 09:30:00,PENDING
44269,1,17,602.70,2026-08-03 14:21:00,SUCCESS
44270,1,7,468.60,2026-08-28 05:59:00,REFUNDED
44271,1,11,4433.00,2026-08-27 14:55:00,PENDING
44272,1,15,2551.90,2026-08-28 00:58:00,SUCCESS
44273,4,9,917.70,2026-08-13 02:34:00,REFUNDED
44274,9,16,3110.40,2026-08-15 21:46:00,PENDING
44275,1,1,3884.90,2026-08-16 15:44:00,REFUNDED
44276,8,15,3991.60,2026-08-15 21:41:00,SUCCESS
44277,7,2,2435.40,2026-08-02 09:47:00,PENDING
44278,1,8,2189.00,2026-08-01 14:10:00,PENDING
44279,7,14,4998.50,2026-08-18 16:44:00,SUCCESS
44280,10,17,4116.20,2026-08-27 08:26:00,REFUNDED
44281,5,14,1908.50,2026-08-02 13:17:00,PENDING
44282,8,17,4952.80,2026-08-25 18:01:00,REFUNDED
44283,10,2,3453.20,2026-08-24 01:45:00,SUCCESS
44284,10,5,4611.20,2026-08-21 09:18:00,FAILED
44285,10,1,4796.70,2026-08-29 04:51:00,PENDING
44286,6,4,4694.20,2026-08-02 08:44:00,REFUNDED
44287,6,20,5045.20,2026-08-11 20:00:00,FAILED
44288,10,12,1796.50,2026-08-12 01:50:00,FAILED
44289,7,7,2062.30,2026-08-01 16:53:00,FAILED
44290,3,19,4179.10,2026-08-22 06:09:00,PENDING
44291,9,9,1336.70,2026-08-28 16:28:00,PENDING
44292,1,1,5000,INVALID_DATE_TIME,SUCCESS
44293,5,4,2924.40,2026-08-13 23:58:00,FAILED
44294,8,5,2322.30,2026-08-19 00:17:00,SUCCESS
44295,2,16,2567.60,2026-08-02 03:15:00,FAILED
44296,6,1,2378.50,2026-08-28 19:32:00,REFUNDED
44297,3,16,4489.70,2026-08-01 20:57:00,PENDING
44298,7,16,1622.40,2026-08-23 05:08:00,PENDING
44299,7,5,4347.30,2026-08-20 05:35:00,SUCCESS
44300,6,1,3173.00,2026-08-20 02:17:00,SUCCESS
44301,4,8,674.90,2026-08-06 17:36:00,PENDING
44302,8,16,4917.30,2026-08-20 16:52:00,REFUNDED
44303,3,10,3545.20,2026-08-08 08:08:00,PENDING
44304,1,1,5000,INVALID_DATE_TIME,SUCCESS
44305,9,14,3728.50,2026-08-28 22:43:00,PENDING
44306,4,11,3806.20,2026-08-30 20:40:00,FAILED
44307,1,17,2597.00,2026-08-29 21:41:00,FAILED
44308,3,11,1114.80,2026-08-29 10:33:00,PENDING
44309,2,5,1582.90,2026-08-06 19:57:00,REFUNDED
44310,10,11,2315.20,2026-08-04 16:12:00,REFUNDED
44311,2,6,1113.80,2026-08-17 21:31:00,PENDING
44312,4,18,3096.00,2026-08-28 18:06:00,REFUNDED
44313,7,6,1192.70,2026-08-29 08:38:00,REFUNDED
44314,8,8,4079.70,2026-08-22 19:16:00,FAILED
44315,2,15,3621.50,2026-08-07 22:09:00,REFUNDED
44316,2,14,1776.80,2026-08-15 02:29:00,SUCCESS
44317,6,1,3807.70,2026-08-30 09:46:00,FAILED
44318,5,17,1801.60,2026-08-17 23:42:00,REFUNDED
44319,5,3,629.80,2026-08-14 08:21:00,SUCCESS
44320,6,8,4595.00,2026-08-11 16:29:00,PENDING
44321,2,16,2463.30,2026-08-19 14:56:00,SUCCESS
44322,7,8,3996.00,2026-08-20 11:44:00,REFUNDED
44323,7,7,3352.50,2026-08-02 10:40:00,REFUNDED
44324,4,1,4234.80,2026-08-28 00:47:00,SUCCESS
44325,1,14,4935.90,2026-08-26 17:36:00,PENDING
44326,7,15,1488.00,2026-08-09 12:02:00,PENDING
44327,3,5,3067.80,2026-08-16 03:20:00,REFUNDED
44328,4,13,3507.20,2026-08-26 16:36:00,REFUNDED
44329,9,10,351.00,2026-08-27 10:53:00,REFUNDED
44330,1,9,3426.60,2026-08-15 19:00:00,SUCCESS
44331,7,6,754.10,2026-08-15 15:02:00,FAILED
44332,5,15,3537.50,2026-08-21 00:45:00,REFUNDED
44333,1,11,3990.70,2026-08-30 17:48:00,FAILED
44334,2,7,3854.80,2026-08-19 03:29:00,REFUNDED
44335,7,12,1112.80,2026-08-25 04:56:00,SUCCESS
44336,10,12,4776.20,2026-08-15 09:04:00,FAILED
44337,7,20,1550.70,2026-08-15 00:12:00,SUCCESS
44338,1,4,315.60,2026-08-30 22:44:00,FAILED
44339,1,6,856.60,2026-08-29 08:59:00,PENDING
44340,4,5,4900.40,2026-08-22 01:30:00,FAILED
44341,4,16,2537.10,2026-08-15 13:58:00,SUCCESS
44342,2,8,4701.20,2026-08-22 01:16:00,PENDING
44343,1,8,4861.00,2026-08-17 22:34:00,REFUNDED
44344,1,20,2501.70,2026-08-28 21:23:00,REFUNDED
44345,8,11,526.90,2026-08-19 15:21:00,SUCCESS
44346,9,8,713.50,2026-08-24 08:38:00,PENDING
44347,1,20,2291.70,2026-08-17 20:20:00,FAILED
44348,4,11,4882.40,2026-08-24 10:45:00,FAILED
44349,5,1,204.50,2026-08-10 01:22:00,FAILED
44350,8,16,1835.40,2026-08-29 19:29:00,REFUNDED
44351,4,15,818.70,2026-08-01 13:09:00,REFUNDED
44352,8,16,4501.70,2026-08-09 15:17:00,FAILED
44353,7,18,4533.70,2026-08-09 22:53:00,FAILED
44354,7,1,1158.80,2026-08-26 08:59:00,SUCCESS
44355,10,8,3258.40,2026-08-10 22:47:00,FAILED
44356,4,2,869.20,2026-08-06 16:54:00,PENDING
44357,7,17,2096.90,2026-08-24 21:13:00,SUCCESS
44358,4,20,555.10,2026-08-05 03:29:00,REFUNDED
44359,6,15,5016.30,2026-08-10 01:09:00,FAILED
44360,6,7,289.30,2026-08-11 15:36:00,REFUNDED
44361,4,18,4934.90,2026-08-31 03:38:00,FAILED
44362,4,20,1379.60,2026-08-01 22:57:00,REFUNDED
44363,7,16,2236.80,2026-08-21 15:41:00,PENDING
44364,6,9,1900.60,2026-08-29 01:18:00,FAILED
44365,1,11,3891.90,2026-08-01 13:05:00,FAILED
44366,10,15,88.60,2026-08-26 04:45:00,PENDING
44367,4,19,2639.40,2026-08-25 11:13:00,SUCCESS
44368,2,9,2358.10,2026-08-21 23:48:00,SUCCESS
44369,3,1,4040.60,2026-08-18 13:33:00,SUCCESS
44370,4,3,1725.70,2026-08-08 12:04:00,SUCCESS
44371,9,8,345.10,2026-08-22 11:08:00,REFUNDED
44372,5,18,4907.20,2026-08-28 05:24:00,REFUNDED
44373,10,15,2756.30,2026-08-16 05:45:00,REFUNDED
44374,2,9,4936.30,2026-08-17 06:50:00,SUCCESS
44375,3,16,1432.00,2026-08-30 22:46:00,PENDING
44376,8,8,4056.70,2026-08-24 05:54:00,PENDING
44377,9,20,3265.90,2026-08-26 13:35:00,FAILED
44378,10,12,4078.20,2026-08-12 04:29:00,PENDING
44379,1,19,1699.40,2026-08-27 01:58:00,REFUNDED
44380,7,1,4592.30,2026-08-01 23:59:00,REFUNDED
44381,7,6,1940.80,2026-08-22 18:37:00,PENDING
44382,2,20,4604.00,2026-08-19 16:05:00,SUCCESS
44383,9,13,1736.50,2026-08-05 06:34:00,SUCCESS
44384,2,20,3261.90,2026-08-15 19:08:00,FAILED
44385,1,10,3877.70,2026-08-14 22:13:00,FAILED
44386,7,20,3545.60,2026-08-15 23:42:00,REFUNDED
44387,9,15,4502.30,2026-08-27 01:32:00,REFUNDED
44388,8,3,1822.80,2026-08-16 12:56:00,FAILED
44389,1,3,3551.50,2026-08-15 16:55:00,REFUNDED
44390,5,14,3791.60,2026-08-05 17:28:00,FAILED
44391,1,100.00
44392,5,7,2471.30,2026-08-18 05:11:00,REFUNDED
44393,4,3,4819.80,2026-08-09 11:09:00,PENDING
44394,3,12,4739.10,2026-08-18 19:52:00,PENDING
44395,7,2,2449.00,2026-08-17 19:31:00,PENDING
44396,7,2,2636.50,2026-08-13 02:21:00,PENDING
44397,8,19,434.00,2026-08-03 01:11:00,PENDING
44398,4,6,3017.90,2026-08-15 10:54:00,PENDING
44399,5,6,1174.70,2026-08-01 09:32:00,PENDING
44400,8,15,4525.70,2026-08-26 10:15:00,REFUNDED
44401,10,3,2017.40,2026-08-02 20:00:00,REFUNDED
44402,10,12,522.50,2026-08-27 15:50:00,FAILED
44403,6,18,1004.70,2026-08-25 15:44:00,PENDING
44404,3,18,3014.50,2026-08-19 02:00:00,SUCCESS
44405,9,18,763.00,2026-08-17 12:45:00,FAILED
44406,2,8,1726.60,2026-08-03 04:52:00,FAILED
44407,6,9,822.00,2026-08-12 08:15:00,SUCCESS
44408,1,6,2030.00,2026-08-16 01:15:00,SUCCESS
44409,10,17,1878.90,2026-08-14 16:34:00,FAILED
44410,4,5,518.20,2026-08-22 21:40:00,SUCCESS
44411,5,2,3312.00,2026-08-26 14:39:00,SUCCESS
44412,9,13,3016.70,2026-08-29 15:42:00,PENDING
44413,3,5,1254.90,2026-08-17 23:20:00,FAILED
44414,8,15,1963.40,2026-08-20 21:45:00,REFUNDED
44415,8,12,567.90,2026-08-13 07:05:00,REFUNDED
44416,5,12,4953.80,2026-08-31 07:48:00,SUCCESS
44417,6,15,3128.80,2026-08-13 04:03:00,SUCCESS
44418,6,6,2385.90,2026-08-04 05:52:00,REFUNDED
44419,8,18,4766.10,2026-08-26 20:54:00,PENDING
44420,2,8,2838.30,2026-08-07 17:02:00,PENDING
44421,6,12,1188.90,2026-08-06 12:48:00,PENDING
44422,5,10,1882.90,2026-08-26 21:09:00,PENDING
44423,2,3,1533.60,2026-08-08 19:35:00,PENDING
44424,7,11,4024.70,2026-08-06 17:30:00,FAILED
44425,1,8,2437.10,2026-08-02 13:37:00,SUCCESS
44426,7,6,530.00,2026-08-21 14:32:00,FAILED
44427,1,100.00
44428,5,19,677.50,2026-08-24 21:03:00,PENDING
44429,4,2,3732.80,2026-08-17 13:58:00,FAILED
44430,3,13,1261.00,2026-08-14 16:22:00,REFUNDED
44431,6,4,1706.50,2026-08-21 23:02:00,SUCCESS
44432,6,9,2915.20,2026-08-24 18:48:00,SUCCESS
44433,2,17,572.00,2026-08-02 10:47:00,PENDING
44434,8,10,3056.50,2026-08-25 03:04:00,FAILED
44435,10,5,1668.10,2026-08-10 07:54:00,REFUNDED
44436,2,18,2416.80,2026-08-09 17:30:00,REFUNDED
44437,4,1,4052.20,2026-08-02 07:20:00,FAILED
44438,2,20,4502.90,2026-08-26 15:14:00,REFUNDED
44439,5,7,1474.30,2026-08-26 09:16:00,PENDING
44440,8,6,4018.70,2026-08-13 09:22:00,REFUNDED
44441,5,19,2913.40,2026-08-25 17:40:00,SUCCESS
44442,1,7,4580.70,2026-08-28 04:39:00,FAILED
44443,3,2,941.60,2026-08-02 07:03:00,REFUNDED
44444,5,14,3200.60,2026-08-01 19:23:00,FAILED
44445,9,10,2635.90,2026-08-24 19:50:00,REFUNDED
44446,9,9,943.40,2026-08-31 03:28:00,FAILED
44447,7,11,1537.20,2026-08-08 12:33:00,REFUNDED
44448,6,9,189.20,2026-08-13 04:25:00,PENDING
44449,2,7,4952.20,2026-08-12 19:30:00,SUCCESS
44450,1,1,5000,INVALID_DATE_TIME,SUCCESS
44451,10,11,1370.30,2026-08-09 15:32:00,FAILED
44452,10,5,3209.80,2026-08-20 18:56:00,PENDING
44453,3,14,1364.80,2026-08-20 19:37:00,PENDING
44454,9,14,2904.90,2026-08-17 06:08:00,PENDING
44455,4,20,2900.30,2026-08-14 02:34:00,REFUNDED
44456,8,16,1812.40,2026-08-14 18:08:00,REFUNDED
44457,5,11,793.30,2026-08-17 08:56:00,FAILED
44458,1,100.00
44459,8,13,4245.70,2026-08-04 21:19:00,REFUNDED
44460,4,3,274.40,2026-08-06 14:01:00,SUCCESS
44461,9,4,748.00,2026-08-17 01:40:00,PENDING
44462,5,20,98.20,2026-08-02 11:19:00,PENDING
44463,3,8,3753.20,2026-08-05 07:26:00,REFUNDED
44464,7,15,4869.20,2026-08-14 20:03:00,SUCCESS
44465,1,6,4065.50,2026-08-13 17:44:00,SUCCESS
44466,5,5,4365.80,2026-08-22 01:24:00,FAILED
44467,2,6,2487.00,2026-08-20 21:04:00,REFUNDED
44468,4,5,2443.20,2026-08-07 20:29:00,REFUNDED
44469,2,14,174.90,2026-08-04 12:25:00,REFUNDED
44470,5,17,88.20,2026-08-30 03:58:00,PENDING
44471,5,13,2452.60,2026-08-17 02:48:00,SUCCESS
44472,1,16,2396.50,2026-08-02 18:35:00,FAILED
44473,9,4,187.60,2026-08-15 15:09:00,PENDING
44474,5,13,3813.50,2026-08-24 06:28:00,FAILED
44475,8,8,3678.40,2026-08-25 20:45:00,FAILED
44476,2,1,2657.50,2026-08-10 19:17:00,FAILED
44477,8,7,3033.90,2026-08-08 05:22:00,SUCCESS
44478,5,9,4952.50,2026-08-29 19:44:00,REFUNDED
44479,7,13,1366.70,2026-08-13 12:25:00,PENDING
44480,6,1,3825.40,2026-08-19 18:55:00,SUCCESS
44481,2,18,1545.20,2026-08-30 10:21:00,REFUNDED
44482,8,4,1788.40,2026-08-15 20:16:00,PENDING
44483,9,3,4606.80,2026-08-19 05:07:00,PENDING
44484,2,6,1406.00,2026-08-04 07:18:00,REFUNDED
44485,6,10,4061.20,2026-08-02 07:00:00,FAILED
44486,8,16,4533.40,2026-08-10 22:38:00,SUCCESS
44487,8,6,748.80,2026-08-10 05:36:00,SUCCESS
44488,8,6,4442.10,2026-08-24 07:03:00,REFUNDED
44489,8,17,3675.20,2026-08-29 10:16:00,FAILED
44490,1,5,1538.60,2026-08-25 07:31:00,PENDING
44491,1,2,2063.50,2026-08-19 04:33:00,FAILED
44492,5,1,2062.70,2026-08-12 07:53:00,SUCCESS
44493,2,11,2807.60,2026-08-05 15:46:00,FAILED
44494,6,9,4838.10,2026-08-12 14:17:00,SUCCESS
44495,6,8,4961.20,2026-08-05 23:30:00,PENDING
44496,7,7,2426.40,2026-08-17 12:14:00,SUCCESS
44497,4,13,4711.40,2026-08-20 06:55:00,SUCCESS
44498,4,18,3178.50,2026-08-18 05:40:00,REFUNDED
44499,9,1,3538.70,2026-08-11 11:33:00,FAILED
44500,8,18,2014.30,2026-08-17 09:41:00,REFUNDED
44501,10,17,2886.50,2026-08-20 01:43:00,SUCCESS
44502,9,4,2380.10,2026-08-10 05:44:00,SUCCESS
44503,3,15,164.50,2026-08-29 12:31:00,REFUNDED
44504,7,12,2638.40,2026-08-07 10:53:00,PENDING
44505,3,20,4185.30,2026-08-02 12:20:00,SUCCESS
44506,4,19,2619.60,2026-08-11 15:48:00,SUCCESS
44507,3,2,248.70,2026-08-15 12:42:00,SUCCESS
44508,4,5,2325.40,2026-08-23 20:42:00,PENDING
44509,1,1,NOT_A_NUMBER,2026-08-01 12:00:00,SUCCESS
44510,4,13,2352.60,2026-08-11 07:06:00,REFUNDED
44511,3,14,2338.00,2026-08-13 04:04:00,REFUNDED
44512,9,6,2339.20,2026-08-12 01:15:00,FAILED
44513,4,12,909.90,2026-08-16 09:01:00,FAILED
44514,7,6,4445.60,2026-08-07 03:00:00,SUCCESS
44515,6,13,3275.30,2026-08-14 20:58:00,REFUNDED
44516,4,4,643.90,2026-08-27 16:32:00,SUCCESS
44517,1,1,5000,INVALID_DATE_TIME,SUCCESS
44518,3,2,4469.60,2026-08-09 20:31:00,REFUNDED
44519,1,13,1521.60,2026-08-08 04:49:00,REFUNDED
44520,10,12,3157.10,2026-08-05 11:58:00,PENDING
44521,3,5,1566.40,2026-08-11 05:34:00,REFUNDED
44522,2,9,1064.20,2026-08-17 00:20:00,REFUNDED
44523,6,3,2599.80,2026-08-29 03:44:00,SUCCESS
44524,3,17,1748.30,2026-08-30 12:31:00,FAILED
44525,3,3,3438.70,2026-08-07 05:59:00,REFUNDED
44526,4,10,5019.00,2026-08-17 19:16:00,SUCCESS
44527,10,17,2165.10,2026-08-03 16:09:00,SUCCESS
44528,3,11,647.30,2026-08-06 13:28:00,REFUNDED
44529,6,19,4916.10,2026-08-29 07:16:00,PENDING
44530,1,6,640.90,2026-08-04 09:17:00,SUCCESS
44531,10,16,2728.90,2026-08-23 18:39:00,REFUNDED
44532,9,8,373.60,2026-08-05 16:48:00,REFUNDED
44533,10,15,328.90,2026-08-12 02:59:00,REFUNDED
44534,9,11,2449.00,2026-08-17 04:27:00,SUCCESS
44535,10,7,1601.70,2026-08-23 11:32:00,PENDING
44536,5,6,1107.70,2026-08-05 17:35:00,REFUNDED
44537,4,20,3739.10,2026-08-02 11:31:00,PENDING
44538,4,14,807.80,2026-08-28 14:32:00,REFUNDED
44539,6,1,2608.80,2026-08-12 11:56:00,REFUNDED
44540,10,5,1401.60,2026-08-29 12:01:00,FAILED
44541,2,4,171.80,2026-08-19 11:39:00,FAILED
44542,8,14,1362.50,2026-08-13 19:48:00,PENDING
44543,5,8,2707.10,2026-08-25 01:06:00,FAILED
44544,9,15,2635.70,2026-08-24 16:04:00,FAILED
44545,6,12,78.10,2026-08-01 10:56:00,REFUNDED
44546,8,7,374.40,2026-08-20 05:09:00,PENDING
44547,10,1,142.50,2026-08-13 16:58:00,SUCCESS
44548,2,12,5011.80,2026-08-20 16:14:00,REFUNDED
44549,5,14,875.40,2026-08-29 12:11:00,PENDING
44550,5,20,1477.10,2026-08-25 17:30:00,FAILED
44551,3,17,4766.70,2026-08-18 14:00:00,FAILED
44552,10,7,1001.80,2026-08-24 11:02:00,SUCCESS
44553,6,19,4109.80,2026-08-27 14:05:00,PENDING
44554,3,8,790.50,2026-08-18 16:55:00,REFUNDED
44555,9,16,3240.70,2026-08-15 12:03:00,REFUNDED
44556,7,8,1999.80,2026-08-15 14:06:00,SUCCESS
44557,10,4,1495.90,2026-08-20 08:22:00,SUCCESS
44558,1,4,1554.40,2026-08-08 15:47:00,PENDING
44559,7,4,3936.70,2026-08-30 09:04:00,PENDING
44560,4,14,2064.80,2026-08-28 15:42:00,PENDING
44561,2,9,4114.20,2026-08-08 03:12:00,REFUNDED
44562,8,14,1232.50,2026-08-23 21:54:00,FAILED
44563,6,7,2859.50,2026-08-27 08:13:00,PENDING
44564,2,6,52.60,2026-08-25 07:37:00,SUCCESS
44565,1,14,878.60,2026-08-29 19:21:00,REFUNDED
44566,5,6,947.30,2026-08-07 14:59:00,FAILED
44567,8,16,1552.90,2026-08-30 12:23:00,FAILED
44568,7,20,3991.30,2026-08-30 20:42:00,REFUNDED
44569,2,3,2734.80,2026-08-05 01:33:00,FAILED
44570,9,19,2376.00,2026-08-15 10:25:00,REFUNDED
44571,2,15,4329.90,2026-08-08 01:45:00,FAILED
44572,4,8,1627.70,2026-08-13 07:53:00,SUCCESS
44573,1,14,2171.90,2026-08-06 05:58:00,FAILED
44574,9,5,4365.70,2026-08-27 15:48:00,FAILED
44575,4,4,2497.50,2026-08-13 21:30:00,SUCCESS
44576,7,11,2376.70,2026-08-05 16:16:00,REFUNDED
44577,9,18,3654.40,2026-08-04 04:45:00,REFUNDED
44578,4,14,3142.10,2026-08-22 03:40:00,REFUNDED
44579,10,14,3076.50,2026-08-23 05:06:00,PENDING
44580,10,18,557.20,2026-08-19 11:33:00,FAILED
44581,10,10,4052.20,2026-08-17 02:33:00,PENDING
44582,2,9,4350.20,2026-08-17 23:48:00,REFUNDED
44583,7,14,424.70,2026-08-23 16:05:00,FAILED
44584,6,16,1312.50,2026-08-02 23:12:00,SUCCESS
44585,4,17,3192.80,2026-08-26 06:48:00,REFUNDED
44586,9,16,5048.20,2026-08-18 01:14:00,PENDING
44587,10,10,1787.70,2026-08-03 11:04:00,REFUNDED
44588,10,4,3558.70,2026-08-13 11:22:00,REFUNDED
44589,6,19,428.30,2026-08-05 00:36:00,SUCCESS
44590,4,12,4751.60,2026-08-25 20:24:00,PENDING
44591,2,12,4769.30,2026-08-15 23:14:00,FAILED
44592,9,5,826.30,2026-08-01 19:39:00,PENDING
44593,2,14,4417.90,2026-08-30 00:21:00,PENDING
44594,9,18,3296.90,2026-08-07 09:49:00,FAILED
44595,8,11,3848.40,2026-08-03 12:05:00,FAILED
44596,10,9,1402.30,2026-08-31 07:18:00,PENDING
44597,9,7,4254.10,2026-08-12 18:34:00,FAILED
44598,4,15,947.90,2026-08-11 19:32:00,PENDING
44599,1,2,4876.10,2026-08-14 08:38:00,SUCCESS
44600,2,1,1813.40,2026-08-05 02:42:00,SUCCESS
44601,4,19,3989.70,2026-08-02 07:45:00,SUCCESS
44602,3,7,2085.60,2026-08-13 11:36:00,PENDING
44603,5,4,3815.60,2026-08-30 04:42:00,REFUNDED
44604,1,3,2037.00,2026-08-09 16:57:00,FAILED
44605,1,14,1886.30,2026-08-22 19:58:00,REFUNDED
44606,6,6,1700.80,2026-08-04 05:07:00,SUCCESS
44607,9,9,365.30,2026-08-17 06:22:00,SUCCESS
44608,8,12,165.90,2026-08-29 18:20:00,PENDING
44609,3,18,2541.40,2026-08-14 14:06:00,REFUNDED
44610,2,17,2703.10,2026-08-28 01:24:00,PENDING
44611,6,17,1205.80,2026-08-14 05:21:00,REFUNDED
44612,4,17,2735.50,2026-08-08 06:01:00,SUCCESS
44613,8,8,4699.40,2026-08-02 03:44:00,FAILED
44614,10,4,3494.50,2026-08-09 04:55:00,FAILED
44615,6,14,4426.70,2026-08-17 15:42:00,REFUNDED
44616,4,17,3941.30,2026-08-05 19:01:00,REFUNDED
44617,1,1,NOT_A_NUMBER,2026-08-01 12:00:00,SUCCESS
44618,9,9,2166.80,2026-08-06 06:30:00,SUCCESS
44619,7,1,1780.70,2026-08-30 10:25:00,REFUNDED
44620,4,18,885.50,2026-08-24 10:24:00,SUCCESS
44621,3,13,3932.50,2026-08-16 10:23:00,REFUNDED
44622,10,11,510.00,2026-08-21 19:05:00,PENDING
44623,4,5,2253.10,2026-08-14 16:04:00,FAILED
44624,2,8,2620.50,2026-08-06 02:56:00,REFUNDED
44625,8,9,2955.00,2026-08-09 13:30:00,REFUNDED
44626,8,14,2006.00,2026-08-19 19:10:00,PENDING
44627,6,18,978.00,2026-08-08 22:33:00,REFUNDED
44628,7,12,1189.70,2026-08-12 15:03:00,PENDING
44629,4,19,4141.50,2026-08-17 03:32:00,REFUNDED
44630,4,20,4689.50,2026-08-27 06:36:00,SUCCESS
44631,4,8,1587.30,2026-08-06 05:49:00,SUCCESS
44632,6,11,2117.30,2026-08-27 04:11:00,REFUNDED
44633,7,12,712.10,2026-08-27 06:16:00,SUCCESS
44634,8,6,3095.10,2026-08-24 04:06:00,PENDING
44635,3,7,4373.70,2026-08-03 12:42:00,PENDING
44636,2,5,1341.80,2026-08-27 19:12:00,PENDING
44637,3,10,650.30,2026-08-05 03:59:00,PENDING
44638,3,8,1131.90,2026-08-14 09:50:00,REFUNDED
44639,3,5,4126.40,2026-08-26 21:57:00,REFUNDED
44640,1,1,5000,2026-08-01 12:00:00,UNKNOWN_STATUS
44641,1,14,3783.20,2026-08-17 12:39:00,FAILED
44642,9,16,727.20,2026-08-07 02:33:00,SUCCESS
44643,3,11,3700.90,2026-08-26 23:30:00,SUCCESS
44644,1,1,NOT_A_NUMBER,2026-08-01 12:00:00,SUCCESS
44645,2,14,3547.70,2026-08-20 23:10:00,FAILED
44646,5,2,1922.30,2026-08-16 21:43:00,SUCCESS
44647,4,11,2352.60,2026-08-30 14:00:00,SUCCESS
44648,3,20,2266.90,2026-08-05 14:57:00,FAILED
44649,7,16,143.10,2026-08-16 13:37:00,SUCCESS
44650,9,1,2951.60,2026-08-15 08:41:00,FAILED
44651,9,13,3648.50,2026-08-08 12:28:00,PENDING
44652,9,4,4453.30,2026-08-03 14:15:00,PENDING
44653,2,15,4822.50,2026-08-08 15:56:00,SUCCESS
44654,1,15,4048.70,2026-08-11 09:17:00,PENDING
44655,5,12,1277.80,2026-08-21 22:46:00,PENDING
44656,8,3,2901.00,2026-08-29 11:20:00,FAILED
44657,3,4,3940.10,2026-08-09 07:29:00,REFUNDED
44658,4,7,440.70,2026-08-09 03:35:00,REFUNDED
44659,8,1,4072.30,2026-08-12 19:41:00,REFUNDED
44660,5,20,96.50,2026-08-29 21:08:00,PENDING
44661,8,7,111.60,2026-08-15 16:56:00,FAILED
44662,10,3,2737.90,2026-08-14 22:44:00,FAILED
44663,2,10,2833.00,2026-08-13 07:11:00,FAILED
44664,5,5,1195.60,2026-08-11 06:31:00,SUCCESS
44665,4,8,946.40,2026-08-07 09:14:00,FAILED
44666,6,3,3364.40,2026-08-26 23:50:00,SUCCESS
44667,6,20,3198.20,2026-08-08 06:31:00,SUCCESS
44668,5,6,4451.60,2026-08-22 11:37:00,REFUNDED
44669,7,6,743.00,2026-08-14 00:46:00,REFUNDED
44670,3,2,3457.20,2026-08-10 07:11:00,FAILED
44671,9,2,133.60,2026-08-10 18:57:00,SUCCESS
44672,9,12,4621.30,2026-08-12 06:48:00,REFUNDED
44673,10,9,1176.90,2026-08-03 19:01:00,FAILED
44674,10,15,1996.00,2026-08-06 10:23:00,SUCCESS
44675,4,11,228.20,2026-08-08 17:42:00,FAILED
44676,3,16,2786.50,2026-08-10 18:03:00,FAILED
44677,5,5,229.20,2026-08-19 16:49:00,FAILED
44678,7,9,50.50,2026-08-10 14:56:00,FAILED
44679,9,13,3311.40,2026-08-07 01:14:00,SUCCESS
44680,9,11,3556.50,2026-08-21 11:53:00,PENDING
44681,10,17,2091.20,2026-08-11 21:15:00,SUCCESS
44682,2,8,1944.80,2026-08-27 00:15:00,SUCCESS
44683,7,1,1099.00,2026-08-14 11:21:00,SUCCESS
44684,5,14,1318.00,2026-08-28 13:32:00,SUCCESS
44685,3,14,4501.10,2026-08-19 17:18:00,REFUNDED
44686,3,12,4893.10,2026-08-23 14:42:00,FAILED
44687,1,17,1918.00,2026-08-03 05:10:00,SUCCESS
44688,3,12,4919.20,2026-08-27 00:40:00,FAILED
44689,6,4,341.70,2026-08-15 19:24:00,SUCCESS
44690,10,20,4365.70,2026-08-07 16:10:00,FAILED
44691,10,4,3610.40,2026-08-10 15:02:00,SUCCESS
44692,2,6,681.70,2026-08-24 05:47:00,FAILED
44693,1,11,3384.00,2026-08-25 18:48:00,REFUNDED
44694,4,19,4398.30,2026-08-18 05:42:00,FAILED
44695,7,19,2524.60,2026-08-20 01:34:00,REFUNDED
44696,6,17,1547.40,2026-08-04 10:18:00,FAILED
44697,5,19,1161.90,2026-08-01 21:20:00,SUCCESS
44698,10,15,4325.50,2026-08-23 07:05:00,REFUNDED
44699,8,18,4363.10,2026-08-28 06:26:00,PENDING
44700,9,20,4023.80,2026-08-12 20:15:00,FAILED
44701,10,19,3556.20,2026-08-12 18:09:00,FAILED
44702,7,15,2236.50,2026-08-07 10:16:00,PENDING
44703,1,15,475.50,2026-08-19 23:09:00,SUCCESS
44704,1,16,559.60,2026-08-04 18:45:00,FAILED
44705,10,8,3457.00,2026-08-06 14:50:00,SUCCESS
44706,2,15,3019.40,2026-08-03 06:54:00,PENDING
44707,9,1,3874.20,2026-08-02 21:00:00,SUCCESS
44708,7,12,1632.20,2026-08-30 12:37:00,SUCCESS
44709,7,16,848.00,2026-08-29 20:32:00,SUCCESS
44710,1,3,530.20,2026-08-07 02:26:00,PENDING
44711,7,18,1614.40,2026-08-23 16:45:00,REFUNDED
44712,2,15,1990.80,2026-08-14 22:40:00,FAILED
44713,8,1,1658.40,2026-08-25 16:15:00,FAILED
44714,3,20,782.80,2026-08-24 23:05:00,FAILED
44715,4,8,170.00,2026-08-01 11:48:00,REFUNDED
44716,4,4,3633.50,2026-08-03 13:24:00,FAILED
44717,4,9,5036.90,2026-08-29 03:15:00,REFUNDED
44718,6,13,4237.50,2026-08-28 13:27:00,REFUNDED
44719,1,2,2233.30,2026-08-31 04:35:00,REFUNDED
44720,1,6,3871.10,2026-08-23 20:53:00,REFUNDED
44721,6,4,4743.30,2026-08-09 21:50:00,SUCCESS
44722,1,10,3745.40,2026-08-11 22:57:00,PENDING
44723,5,19,1250.80,2026-08-06 02:18:00,PENDING
44724,10,15,4003.40,2026-08-22 13:50:00,FAILED
44725,3,2,2175.10,2026-08-21 04:34:00,FAILED
44726,10,4,3223.50,2026-08-29 16:13:00,SUCCESS
44727,2,1,3210.60,2026-08-02 06:10:00,REFUNDED
44728,9,17,3961.10,2026-08-09 10:26:00,FAILED
44729,3,7,3809.10,2026-08-08 19:22:00,FAILED
44730,9,17,2907.50,2026-08-26 04:10:00,SUCCESS
44731,2,17,2130.20,2026-08-11 07:27:00,PENDING
44732,5,19,672.40,2026-08-19 18:23:00,REFUNDED
44733,9,17,2013.60,2026-08-27 09:58:00,FAILED
44734,3,16,1646.00,2026-08-07 19:30:00,PENDING
44735,8,13,459.80,2026-08-28 12:26:00,FAILED
44736,10,15,800.80,2026-08-08 23:08:00,PENDING
44737,2,19,2848.20,2026-08-10 23:46:00,SUCCESS
44738,3,9,2775.60,2026-08-06 12:32:00,FAILED
44739,2,6,3519.70,2026-08-13 07:55:00,SUCCESS
44740,2,4,1207.70,2026-08-18 03:09:00,FAILED
44741,8,16,3991.60,2026-08-09 11:40:00,PENDING
44742,1,1,5000,2026-08-01 12:00:00,UNKNOWN_STATUS
44743,10,14,3943.80,2026-08-03 16:42:00,FAILED
44744,10,16,3439.20,2026-08-19 11:14:00,PENDING
44745,4,7,1739.50,2026-08-30 11:53:00,SUCCESS
44746,7,3,680.80,2026-08-20 09:28:00,REFUNDED
44747,8,8,3286.10,2026-08-28 23:17:00,FAILED
44748,2,20,3861.80,2026-08-28 11:46:00,REFUNDED
44749,7,7,1547.50,2026-08-09 19:52:00,FAILED
44750,4,2,1000.40,2026-08-07 04:43:00,PENDING
44751,2,11,969.60,2026-08-03 07:50:00,SUCCESS
44752,10,20,1972.70,2026-08-22 03:49:00,REFUNDED
44753,1,5,4874.00,2026-08-18 22:39:00,FAILED
44754,5,11,898.60,2026-08-04 20:19:00,FAILED
44755,4,2,2135.20,2026-08-14 22:29:00,REFUNDED
44756,6,19,3234.00,2026-08-04 19:44:00,REFUNDED
44757,1,17,3149.60,2026-08-14 19:10:00,PENDING
44758,5,4,3098.70,2026-08-26 21:23:00,SUCCESS
44759,5,11,4446.90,2026-08-17 07:48:00,FAILED
44760,4,2,2233.40,2026-08-06 07:20:00,REFUNDED
44761,8,20,2974.90,2026-08-25 22:15:00,REFUNDED
44762,6,11,2607.10,2026-08-11 00:17:00,REFUNDED
44763,10,1,1428.40,2026-08-29 00:39:00,REFUNDED
44764,3,17,3974.80,2026-08-08 15:05:00,SUCCESS
44765,7,13,4660.40,2026-08-11 05:24:00,FAILED
44766,1,8,3662.90,2026-08-29 06:15:00,REFUNDED
44767,9,2,1460.90,2026-08-23 01:15:00,REFUNDED
44768,8,6,2861.90,2026-08-18 11:34:00,SUCCESS
44769,3,17,2828.20,2026-08-30 17:56:00,REFUNDED
44770,9,17,4482.40,2026-08-31 06:37:00,REFUNDED
44771,3,15,3184.80,2026-08-29 17:55:00,FAILED
44772,10,2,1101.50,2026-08-22 09:01:00,PENDING
44773,10,20,981.80,2026-08-11 03:46:00,SUCCESS
44774,3,12,1411.60,2026-08-07 05:07:00,SUCCESS
44775,2,14,155.90,2026-08-20 21:41:00,REFUNDED
44776,10,20,3255.90,2026-08-19 21:24:00,REFUNDED
44777,2,17,1329.90,2026-08-01 23:56:00,PENDING
44778,7,13,955.30,2026-08-16 09:30:00,REFUNDED
44779,4,12,1826.50,2026-08-17 15:50:00,SUCCESS
44780,6,8,1092.30,2026-08-30 13:43:00,REFUNDED
44781,6,2,3510.70,2026-08-15 15:18:00,SUCCESS
44782,1,1,NOT_A_NUMBER,2026-08-01 12:00:00,SUCCESS
44783,1,11,3658.50,2026-08-30 10:12:00,SUCCESS
44784,6,20,1274.70,2026-08-28 04:55:00,FAILED
44785,7,14,270.20,2026-08-22 17:33:00,REFUNDED
44786,10,3,1813.80,2026-08-15 18:44:00,SUCCESS
44787,6,3,1637.40,2026-08-16 07:10:00,REFUNDED
44788,7,9,3451.40,2026-08-12 07:55:00,REFUNDED
44789,3,15,1260.20,2026-08-08 02:48:00,FAILED
44790,8,16,4425.70,2026-08-07 21:46:00,FAILED
44791,5,8,131.40,2026-08-08 04:22:00,SUCCESS
44792,1,2,3424.10,2026-08-04 10:28:00,REFUNDED
44793,3,9,2121.20,2026-08-07 07:40:00,SUCCESS
44794,7,6,1647.70,2026-08-20 02:52:00,REFUNDED
44795,5,15,3232.40,2026-08-22 21:26:00,FAILED
44796,4,20,3452.00,2026-08-30 01:47:00,PENDING
44797,10,15,442.80,2026-08-15 01:43:00,SUCCESS
44798,4,12,558.50,2026-08-03 06:32:00,PENDING
44799,9,8,1108.70,2026-08-14 06:47:00,FAILED
44800,4,7,3765.00,2026-08-16 09:15:00,FAILED
44801,10,16,1876.00,2026-08-01 14:01:00,FAILED
44802,1,1,2221.60,2026-08-11 16:38:00,SUCCESS
44803,2,19,1761.30,2026-08-15 13:06:00,PENDING
44804,5,4,2288.30,2026-08-19 11:23:00,PENDING
44805,8,19,2084.40,2026-08-17 01:10:00,FAILED
44806,6,7,4985.30,2026-08-15 21:46:00,REFUNDED
44807,1,1,5000,2026-08-01 12:00:00,UNKNOWN_STATUS
44808,6,9,2357.50,2026-08-08 10:13:00,SUCCESS
44809,10,16,4066.30,2026-08-14 17:10:00,PENDING
44810,1,16,347.20,2026-08-13 00:57:00,SUCCESS
44811,8,6,2943.60,2026-08-30 00:10:00,PENDING
44812,2,2,2664.00,2026-08-29 16:30:00,PENDING
44813,8,1,1287.80,2026-08-29 13:09:00,REFUNDED
44814,1,8,908.50,2026-08-18 11:40:00,REFUNDED
44815,8,13,436.10,2026-08-28 13:48:00,SUCCESS
44816,10,20,373.70,2026-08-27 07:23:00,FAILED
44817,3,19,979.60,2026-08-04 18:52:00,FAILED
44818,2,4,967.40,2026-08-05 06:18:00,REFUNDED
44819,9,9,3886.50,2026-08-09 03:49:00,REFUNDED
44820,3,3,2573.50,2026-08-20 10:30:00,PENDING
44821,4,14,341.10,2026-08-22 00:03:00,PENDING
44822,1,11,3880.30,2026-08-14 17:05:00,REFUNDED
44823,5,11,4264.10,2026-08-24 21:35:00,PENDING
44824,8,6,1765.10,2026-08-17 22:31:00,SUCCESS
44825,6,7,1415.90,2026-08-22 06:45:00,PENDING
44826,5,20,2704.90,2026-08-28 07:48:00,SUCCESS
44827,9,3,3007.00,2026-08-15 00:41:00,SUCCESS
44828,10,12,1296.00,2026-08-11 03:48:00,PENDING
44829,5,10,3213.30,2026-08-23 22:53:00,PENDING
44830,4,10,3003.20,2026-08-10 08:45:00,PENDING
44831,3,15,3898.10,2026-08-15 00:34:00,REFUNDED
44832,7,4,2880.00,2026-08-13 13:50:00,FAILED
44833,8,7,4211.80,2026-08-05 06:10:00,PENDING
44834,10,20,330.50,2026-08-08 19:28:00,FAILED
44835,8,19,2765.20,2026-08-06 05:59:00,SUCCESS
44836,6,7,4655.10,2026-08-19 11:46:00,PENDING
44837,3,7,4896.20,2026-08-28 12:55:00,PENDING
44838,10,11,4054.50,2026-08-09 19:59:00,REFUNDED
44839,5,15,4156.20,2026-08-29 13:01:00,PENDING
44840,5,10,4455.60,2026-08-07 15:52:00,FAILED
44841,10,7,898.30,2026-08-14 14:01:00,FAILED
44842,9,7,1740.40,2026-08-08 11:10:00,REFUNDED
44843,5,4,4476.90,2026-08-03 18:26:00,PENDING
44844,3,11,2005.80,2026-08-14 17:42:00,PENDING
44845,6,7,3150.80,2026-08-27 14:07:00,SUCCESS
44846,9,10,1649.60,2026-08-04 00:21:00,REFUNDED
44847,6,1,2307.90,2026-08-03 16:26:00,REFUNDED
44848,5,10,4399.90,2026-08-01 14:24:00,PENDING
44849,9,7,973.00,2026-08-22 09:03:00,PENDING
44850,6,5,643.70,2026-08-05 20:44:00,FAILED
44851,9,13,4590.30,2026-08-23 17:12:00,PENDING
44852,5,14,4899.80,2026-08-24 17:36:00,SUCCESS
44853,7,14,2170.30,2026-08-03 08:27:00,REFUNDED
44854,5,18,4715.50,2026-08-04 18:40:00,REFUNDED
44855,10,2,3615.80,2026-08-19 22:01:00,REFUNDED
44856,9,16,2105.70,2026-08-26 08:41:00,SUCCESS
44857,3,17,378.00,2026-08-09 15:17:00,FAILED
44858,1,5,2769.80,2026-08-12 14:43:00,REFUNDED
44859,4,3,503.50,2026-08-15 08:22:00,SUCCESS
44860,1,18,1792.80,2026-08-23 08:24:00,SUCCESS
44861,2,5,4375.90,2026-08-20 02:46:00,FAILED
44862,2,9,3906.90,2026-08-10 06:48:00,SUCCESS
44863,3,14,318.90,2026-08-22 13:40:00,FAILED
44864,5,12,967.60,2026-08-28 14:14:00,REFUNDED
44865,8,8,4350.50,2026-08-16 00:31:00,FAILED
44866,1,9,446.30,2026-08-11 18:45:00,FAILED
44867,2,2,255.10,2026-08-20 02:16:00,FAILED
44868,3,2,891.10,2026-08-04 19:55:00,PENDING
44869,1,2,506.70,2026-08-06 04:57:00,REFUNDED
44870,8,12,5000.80,2026-08-10 15:25:00,REFUNDED
44871,2,2,69.40,2026-08-14 14:29:00,REFUNDED
44872,6,8,142.50,2026-08-13 11:39:00,FAILED
44873,2,16,2197.50,2026-08-26 09:21:00,FAILED
44874,4,17,2879.50,2026-08-06 22:26:00,REFUNDED
44875,6,8,3054.00,2026-08-10 20:43:00,PENDING
44876,3,15,3790.70,2026-08-17 00:57:00,PENDING
44877,4,8,243.20,2026-08-29 13:38:00,PENDING
44878,3,19,516.20,2026-08-05 01:26:00,PENDING
44879,5,6,2024.00,2026-08-02 18:01:00,SUCCESS
44880,6,1,2659.40,2026-08-13 13:04:00,REFUNDED
44881,1,8,1533.00,2026-08-10 03:01:00,FAILED
44882,7,6,3390.70,2026-08-10 10:00:00,FAILED
44883,1,1,5000,INVALID_DATE_TIME,SUCCESS
44884,5,5,4157.20,2026-08-30 15:24:00,PENDING
44885,4,6,5027.10,2026-08-02 09:02:00,REFUNDED
44886,8,4,2939.50,2026-08-29 07:13:00,SUCCESS
44887,3,4,4553.00,2026-08-17 14:39:00,FAILED
44888,4,19,431.00,2026-08-10 04:15:00,SUCCESS
44889,1,1,4827.70,2026-08-06 19:25:00,SUCCESS
44890,8,16,2295.10,2026-08-18 08:44:00,REFUNDED
44891,8,2,588.50,2026-08-07 16:01:00,PENDING
44892,10,8,4480.80,2026-08-24 06:04:00,PENDING
44893,8,16,2499.70,2026-08-18 03:16:00,PENDING
44894,5,13,3557.50,2026-08-22 03:02:00,PENDING
44895,4,6,181.90,2026-08-26 13:45:00,REFUNDED
44896,3,19,2378.30,2026-08-19 16:25:00,FAILED
44897,1,13,4882.50,2026-08-18 08:48:00,REFUNDED
44898,9,17,1121.30,2026-08-11 09:12:00,REFUNDED
44899,3,13,4739.00,2026-08-27 21:52:00,PENDING
44900,6,6,2041.10,2026-08-17 09:28:00,REFUNDED
44901,5,10,3259.50,2026-08-10 13:09:00,PENDING
44902,3,20,2636.10,2026-08-10 23:40:00,SUCCESS
44903,2,10,3818.60,2026-08-20 10:59:00,PENDING
44904,10,19,2785.50,2026-08-03 01:39:00,SUCCESS
44905,9,10,1806.40,2026-08-16 08:27:00,PENDING
44906,8,20,1174.60,2026-08-09 12:14:00,REFUNDED
44907,2,2,2336.60,2026-08-18 21:16:00,SUCCESS
44908,10,7,767.90,2026-08-23 08:56:00,FAILED
44909,1,1,2287.70,2026-08-11 14:53:00,PENDING
44910,6,11,1324.40,2026-08-22 10:29:00,FAILED
44911,8,12,3853.80,2026-08-08 22:47:00,FAILED
44912,8,15,3329.70,2026-08-17 22:04:00,SUCCESS
44913,6,19,2361.20,2026-08-19 03:37:00,REFUNDED
44914,4,15,3519.20,2026-08-25 03:08:00,REFUNDED
44915,5,10,1205.10,2026-08-27 18:43:00,PENDING
44916,10,13,1219.10,2026-08-14 02:32:00,SUCCESS
44917,4,13,586.20,2026-08-25 21:07:00,REFUNDED
44918,1,3,1557.10,2026-08-05 15:31:00,FAILED
44919,8,20,2800.70,2026-08-19 06:46:00,SUCCESS
44920,5,10,4059.50,2026-08-17 07:54:00,SUCCESS
44921,10,13,235.60,2026-08-17 10:23:00,PENDING
44922,6,20,2972.40,2026-08-10 04:13:00,REFUNDED
44923,4,6,618.30,2026-08-04 19:58:00,PENDING
44924,2,8,1551.60,2026-08-06 23:22:00,PENDING
44925,1,17,1263.20,2026-08-28 20:34:00,SUCCESS
44926,6,17,3279.10,2026-08-27 03:42:00,FAILED
44927,4,3,4289.20,2026-08-11 01:11:00,SUCCESS
44928,1,19,4405.30,2026-08-23 15:07:00,REFUNDED
44929,1,14,5035.40,2026-08-02 15:49:00,FAILED
44930,6,10,2991.20,2026-08-15 05:50:00,PENDING
44931,5,5,1707.20,2026-08-02 08:24:00,SUCCESS
44932,4,17,4506.40,2026-08-14 03:40:00,FAILED
44933,4,9,1208.70,2026-08-26 02:53:00,SUCCESS
44934,10,13,3873.70,2026-08-03 00:09:00,REFUNDED
44935,5,20,4110.10,2026-08-18 09:31:00,REFUNDED
44936,5,9,2452.00,2026-08-18 16:12:00,PENDING
44937,2,7,419.50,2026-08-22 18:33:00,PENDING
44938,3,1,1051.90,2026-08-06 16:14:00,PENDING
44939,5,9,3130.90,2026-08-23 13:30:00,REFUNDED
44940,4,4,2773.30,2026-08-08 16:40:00,REFUNDED
44941,10,6,3829.90,2026-08-14 02:16:00,SUCCESS
44942,5,11,477.60,2026-08-18 02:11:00,REFUNDED
44943,7,11,1247.50,2026-08-11 05:59:00,PENDING
44944,9,13,1985.00,2026-08-22 09:48:00,FAILED
44945,7,4,4493.00,2026-08-11 07:40:00,REFUNDED
44946,2,3,3850.70,2026-08-09 13:01:00,SUCCESS
44947,6,11,3228.50,2026-08-19 01:25:00,REFUNDED
44948,2,18,4085.20,2026-08-10 18:54:00,REFUNDED
44949,3,17,1683.30,2026-08-30 06:39:00,SUCCESS
44950,1,17,2825.20,2026-08-06 00:21:00,FAILED
44951,4,5,4305.20,2026-08-21 22:25:00,FAILED
44952,10,17,897.60,2026-08-03 21:46:00,FAILED
44953,2,1,4237.80,2026-08-08 07:38:00,PENDING
44954,1,6,2279.40,2026-08-05 04:10:00,SUCCESS
44955,9,14,4281.70,2026-08-27 16:28:00,FAILED
44956,9,6,651.30,2026-08-10 02:44:00,FAILED
44957,1,2,4292.90,2026-08-01 10:38:00,REFUNDED
44958,10,11,4661.10,2026-08-19 23:53:00,PENDING
44959,4,16,796.50,2026-08-02 23:39:00,REFUNDED
44960,6,19,2100.00,2026-08-27 23:55:00,REFUNDED
44961,6,14,2546.50,2026-08-18 11:45:00,FAILED
44962,10,10,1657.50,2026-08-08 08:32:00,PENDING
44963,2,20,1018.30,2026-08-18 22:52:00,PENDING
44964,1,12,3694.50,2026-08-06 00:50:00,REFUNDED
44965,2,15,261.10,2026-08-15 16:39:00,FAILED
44966,6,10,2053.50,2026-08-23 20:00:00,FAILED
44967,2,19,4720.30,2026-08-09 06:32:00,REFUNDED
44968,2,8,3736.60,2026-08-06 15:14:00,PENDING
44969,10,18,3815.60,2026-08-08 15:36:00,REFUNDED
44970,6,17,1150.70,2026-08-25 22:49:00,REFUNDED
44971,6,4,1108.00,2026-08-07 03:14:00,FAILED
44972,5,20,2859.40,2026-08-08 12:07:00,PENDING
44973,4,4,3341.50,2026-08-12 01:08:00,PENDING
44974,6,18,2092.30,2026-08-21 04:03:00,SUCCESS
44975,7,15,3014.60,2026-08-02 15:53:00,FAILED
44976,8,2,602.30,2026-08-08 08:47:00,PENDING
44977,2,9,577.40,2026-08-10 08:12:00,REFUNDED
44978,5,6,2430.20,2026-08-25 07:03:00,FAILED
44979,2,10,908.60,2026-08-18 15:08:00,SUCCESS
44980,1,11,680.30,2026-08-18 05:41:00,PENDING
44981,7,17,1147.30,2026-08-11 12:32:00,FAILED
44982,4,5,359.90,2026-08-17 08:43:00,REFUNDED
44983,4,9,169.70,2026-08-29 02:13:00,PENDING
44984,10,5,1631.20,2026-08-04 14:21:00,FAILED
44985,4,12,846.10,2026-08-07 20:57:00,REFUNDED
44986,5,14,512.10,2026-08-05 06:10:00,SUCCESS
44987,6,12,577.30,2026-08-11 21:50:00,SUCCESS
44988,1,15,3394.20,2026-08-19 01:37:00,FAILED
44989,5,12,200.10,2026-08-24 00:41:00,SUCCESS
44990,3,9,4228.60,2026-08-30 14:13:00,PENDING
44991,3,2,1651.90,2026-08-19 04:34:00,REFUNDED
44992,4,11,927.40,2026-08-28 12:41:00,REFUNDED
44993,1,17,1218.90,2026-08-22 11:50:00,PENDING
44994,8,10,821.10,2026-08-25 23:10:00,SUCCESS
44995,4,18,3264.40,2026-08-05 09:36:00,FAILED
44996,6,9,2258.00,2026-08-03 02:05:00,FAILED
44997,3,6,2257.00,2026-08-03 01:34:00,PENDING
44998,1,3,2289.90,2026-08-26 04:06:00,SUCCESS
44999,5,10,4948.20,2026-08-22 12:15:00,PENDING
45000,4,17,1836.00,2026-08-04 23:48:00,FAILED
45001,3,10,3093.80,2026-08-26 16:09:00,FAILED
45002,10,20,1429.90,2026-08-05 17:56:00,FAILED
45003,8,5,1273.70,2026-08-09 14:20:00,FAILED
45004,7,17,1517.60,2026-08-10 12:12:00,REFUNDED
45005,8,11,364.20,2026-08-10 05:12:00,PENDING
45006,6,20,276.60,2026-08-26 13:42:00,SUCCESS
45007,8,15,380.60,2026-08-26 17:55:00,REFUNDED
45008,4,5,472.70,2026-08-02 12:10:00,SUCCESS
45009,10,12,3497.40,2026-08-24 21:19:00,REFUNDED
45010,6,6,4711.20,2026-08-28 14:08:00,SUCCESS
45011,1,4,2737.20,2026-08-04 20:22:00,FAILED
45012,6,12,128.60,2026-08-24 08:21:00,FAILED
45013,9,12,3653.30,2026-08-06 05:51:00,REFUNDED
45014,5,4,1551.40,2026-08-12 09:24:00,FAILED
45015,3,13,1288.40,2026-08-08 22:59:00,PENDING
45016,7,4,2646.40,2026-08-03 14:18:00,REFUNDED
45017,7,20,3610.30,2026-08-29 06:18:00,REFUNDED
45018,9,9,4512.90,2026-08-10 10:56:00,FAILED
45019,8,5,1254.20,2026-08-10 06:07:00,PENDING
45020,2,10,4153.70,2026-08-20 16:16:00,SUCCESS
45021,6,16,3991.70,2026-08-18 21:54:00,SUCCESS
45022,9,16,3229.10,2026-08-17 21:40:00,SUCCESS
45023,4,18,5046.10,2026-08-28 15:51:00,FAILED
45024,4,2,4881.80,2026-08-11 16:16:00,REFUNDED
45025,7,7,52.10,2026-08-19 14:48:00,SUCCESS
45026,4,19,1674.30,2026-08-03 21:41:00,FAILED
45027,9,2,2467.40,2026-08-17 17:16:00,REFUNDED
45028,3,20,3650.00,2026-08-11 17:58:00,SUCCESS
45029,10,11,348.60,2026-08-07 22:53:00,SUCCESS
45030,6,20,2529.30,2026-08-30 11:10:00,PENDING
45031,2,16,4692.50,2026-08-08 14:36:00,REFUNDED
45032,9,6,2593.90,2026-08-02 06:27:00,SUCCESS
45033,2,8,4330.10,2026-08-26 18:06:00,REFUNDED
45034,2,8,3589.00,2026-08-04 10:52:00,PENDING
45035,10,20,1575.90,2026-08-18 06:32:00,FAILED
45036,2,6,1487.00,2026-08-07 02:53:00,PENDING
45037,6,16,2836.00,2026-08-03 04:53:00,FAILED
45038,7,16,738.50,2026-08-17 14:35:00,FAILED
45039,9,17,3360.20,2026-08-25 10:27:00,REFUNDED
45040,3,8,4150.80,2026-08-30 20:43:00,SUCCESS
45041,1,4,3356.50,2026-08-05 14:01:00,SUCCESS
45042,2,10,2704.20,2026-08-11 11:14:00,PENDING
45043,5,9,4426.00,2026-08-09 07:39:00,FAILED
45044,6,8,1463.60,2026-08-03 14:39:00,PENDING
45045,7,9,234.60,2026-08-09 20:25:00,PENDING
45046,6,15,818.60,2026-08-01 23:02:00,FAILED
45047,4,18,159.10,2026-08-06 03:57:00,SUCCESS
45048,2,19,1422.00,2026-08-06 05:55:00,PENDING
45049,3,5,3004.10,2026-08-04 17:08:00,REFUNDED
45050,9,9,1454.70,2026-08-14 10:21:00,PENDING
45051,5,11,1064.40,2026-08-20 15:39:00,PENDING
45052,5,6,4576.20,2026-08-10 22:12:00,REFUNDED
45053,8,16,3939.10,2026-08-12 12:11:00,FAILED
45054,8,10,3682.00,2026-08-02 12:18:00,PENDING
45055,6,18,2249.70,2026-08-05 19:41:00,SUCCESS
45056,7,20,743.40,2026-08-11 00:39:00,SUCCESS
45057,7,1,1871.50,2026-08-02 07:39:00,REFUNDED
45058,4,19,1713.90,2026-08-30 11:37:00,FAILED
45059,8,15,3074.90,2026-08-06 18:15:00,PENDING
45060,2,1,906.70,2026-08-24 14:30:00,SUCCESS
45061,5,3,449.60,2026-08-07 14:07:00,REFUNDED
45062,6,6,4284.30,2026-08-13 21:41:00,PENDING
45063,3,14,2930.40,2026-08-29 01:25:00,SUCCESS
45064,3,14,4078.70,2026-08-03 07:32:00,PENDING
45065,5,11,1645.70,2026-08-18 09:27:00,REFUNDED
45066,9,5,3791.70,2026-08-10 03:49:00,REFUNDED
45067,7,15,4353.80,2026-08-23 14:56:00,REFUNDED
45068,8,8,4179.80,2026-08-20 04:58:00,PENDING
45069,1,13,4698.40,2026-08-07 09:42:00,SUCCESS
45070,2,12,198.10,2026-08-06 22:12:00,FAILED
45071,7,12,1425.80,2026-08-18 01:12:00,SUCCESS
45072,5,11,1975.40,2026-08-11 00:49:00,SUCCESS
45073,8,14,4880.10,2026-08-18 04:26:00,FAILED
45074,6,19,461.20,2026-08-17 15:35:00,FAILED
45075,6,20,90.10,2026-08-06 14:41:00,FAILED
45076,10,18,5044.60,2026-08-16 12:38:00,SUCCESS
45077,5,4,4894.80,2026-08-22 21:12:00,SUCCESS
45078,7,1,1978.90,2026-08-10 06:15:00,REFUNDED
45079,8,3,958.60,2026-08-22 05:15:00,FAILED
45080,6,11,1847.90,2026-08-11 14:35:00,REFUNDED
45081,4,11,1735.60,2026-08-13 15:26:00,FAILED
45082,2,3,4584.40,2026-08-06 15:49:00,SUCCESS
45083,1,8,3970.00,2026-08-28 15:28:00,FAILED
45084,1,1,NOT_A_NUMBER,2026-08-01 12:00:00,SUCCESS
45085,6,8,4950.10,2026-08-30 23:11:00,REFUNDED
45086,6,8,4634.00,2026-08-03 23:34:00,REFUNDED
45087,4,3,3340.10,2026-08-10 08:12:00,PENDING
45088,4,16,3689.20,2026-08-30 20:42:00,SUCCESS
45089,9,11,1481.80,2026-08-26 13:05:00,SUCCESS
45090,7,9,2384.40,2026-08-04 06:51:00,FAILED
45091,6,20,834.90,2026-08-25 08:26:00,SUCCESS
45092,8,2,3137.90,2026-08-26 23:19:00,FAILED
45093,5,14,2762.40,2026-08-07 02:30:00,SUCCESS
45094,5,9,3543.10,2026-08-26 07:04:00,FAILED
45095,5,12,4170.60,2026-08-16 04:26:00,FAILED
45096,8,12,1213.00,2026-08-17 19:52:00,SUCCESS
45097,6,9,3045.80,2026-08-04 16:35:00,PENDING
45098,2,18,58.30,2026-08-29 18:04:00,SUCCESS
45099,6,11,3224.90,2026-08-23 00:45:00,FAILED
45100,3,9,2682.70,2026-08-08 20:20:00,SUCCESS
45101,6,8,476.50,2026-08-14 00:06:00,REFUNDED
45102,6,18,3996.80,2026-08-10 21:32:00,FAILED
45103,9,15,2703.00,2026-08-23 12:41:00,SUCCESS
45104,1,16,932.70,2026-08-14 07:22:00,SUCCESS
45105,2,16,2812.60,2026-08-12 11:04:00,REFUNDED
45106,7,9,3194.40,2026-08-16 11:23:00,PENDING
45107,7,20,475.50,2026-08-08 08:38:00,REFUNDED
45108,6,15,3272.70,2026-08-10 03:35:00,SUCCESS
45109,6,20,1256.90,2026-08-20 05:20:00,REFUNDED
45110,10,3,3851.60,2026-08-08 10:55:00,SUCCESS
45111,8,10,1148.10,2026-08-25 04:25:00,REFUNDED
45112,9,2,2197.30,2026-08-23 13:58:00,FAILED
45113,8,1,2232.80,2026-08-06 23:00:00,PENDING
45114,9,15,2450.90,2026-08-23 12:36:00,SUCCESS
45115,6,16,3190.30,2026-08-27 01:00:00,PENDING
45116,8,16,1285.60,2026-08-13 03:07:00,SUCCESS
45117,6,4,853.10,2026-08-18 15:36:00,REFUNDED
45118,10,1,1040.80,2026-08-21 13:13:00,REFUNDED
45119,6,3,2331.10,2026-08-17 11:05:00,FAILED
45120,3,17,4852.60,2026-08-18 14:22:00,REFUNDED
45121,6,20,1019.90,2026-08-17 16:51:00,REFUNDED
45122,6,17,319.40,2026-08-29 10:59:00,PENDING
45123,4,2,1433.70,2026-08-02 05:36:00,PENDING
45124,1,11,2059.20,2026-08-16 18:06:00,REFUNDED
45125,1,9,4339.30,2026-08-30 04:25:00,PENDING
45126,3,16,368.70,2026-08-14 15:59:00,REFUNDED
45127,10,15,975.90,2026-08-09 15:32:00,SUCCESS
45128,10,6,2884.30,2026-08-27 22:06:00,REFUNDED
45129,2,17,1507.60,2026-08-02 10:59:00,FAILED
45130,3,15,2574.50,2026-08-17 06:39:00,PENDING
45131,4,14,2084.10,2026-08-17 02:29:00,REFUNDED
45132,4,18,1760.60,2026-08-10 15:04:00,FAILED
45133,8,11,3965.40,2026-08-05 03:17:00,REFUNDED
45134,8,17,1887.50,2026-08-11 12:27:00,REFUNDED
45135,5,14,1305.50,2026-08-09 10:01:00,SUCCESS
45136,9,17,4446.90,2026-08-04 09:32:00,FAILED
45137,6,20,364.40,2026-08-14 18:38:00,REFUNDED
45138,5,5,4572.80,2026-08-16 14:57:00,PENDING
45139,7,1,1853.80,2026-08-01 23:09:00,PENDING
45140,10,13,3519.70,2026-08-07 18:16:00,FAILED
45141,4,13,3255.00,2026-08-27 12:13:00,SUCCESS
45142,3,9,1812.60,2026-08-27 02:05:00,SUCCESS
45143,2,8,763.80,2026-08-06 11:34:00,PENDING
45144,7,12,490.80,2026-08-20 20:19:00,PENDING
45145,4,15,4872.40,2026-08-30 14:39:00,REFUNDED
45146,8,14,1050.50,2026-08-13 07:46:00,REFUNDED
45147,6,2,75.60,2026-08-16 21:42:00,SUCCESS
45148,7,1,2839.90,2026-08-21 01:10:00,PENDING
45149,2,20,3896.60,2026-08-04 00:33:00,REFUNDED
45150,1,100.00
45151,5,4,1757.30,2026-08-19 23:29:00,SUCCESS
45152,5,12,3245.60,2026-08-22 18:44:00,REFUNDED
45153,4,9,4941.40,2026-08-08 00:39:00,SUCCESS
45154,8,18,4182.70,2026-08-14 16:04:00,PENDING
45155,8,19,3692.70,2026-08-24 21:49:00,REFUNDED
45156,9,3,4439.20,2026-08-19 18:06:00,SUCCESS
45157,7,9,4508.50,2026-08-11 22:26:00,REFUNDED
45158,10,19,3969.00,2026-08-20 10:21:00,PENDING
45159,10,12,2095.80,2026-08-30 15:45:00,PENDING
45160,3,17,1201.60,2026-08-23 12:32:00,REFUNDED
45161,8,18,4417.20,2026-08-29 05:53:00,FAILED
45162,8,9,1501.50,2026-08-11 15:27:00,REFUNDED
45163,8,11,2927.90,2026-08-18 07:55:00,FAILED
45164,4,11,1341.60,2026-08-15 03:16:00,FAILED
45165,7,6,1434.40,2026-08-13 19:24:00,FAILED
45166,2,16,4644.00,2026-08-26 15:41:00,SUCCESS
45167,1,5,2397.60,2026-08-07 09:54:00,PENDING
45168,3,8,494.90,2026-08-03 08:14:00,REFUNDED
45169,8,12,2435.70,2026-08-20 16:33:00,FAILED
45170,10,9,3856.80,2026-08-11 16:40:00,FAILED
45171,4,20,111.30,2026-08-19 07:55:00,PENDING
45172,7,11,3205.90,2026-08-06 14:28:00,REFUNDED
45173,1,5,2851.50,2026-08-16 14:58:00,SUCCESS
45174,5,20,1934.10,2026-08-16 05:59:00,SUCCESS
45175,8,9,4363.30,2026-08-16 14:43:00,PENDING
45176,2,12,641.90,2026-08-11 04:40:00,PENDING
45177,9,16,4270.40,2026-08-12 00:47:00,PENDING
45178,1,9,3155.50,2026-08-16 07:17:00,FAILED
45179,6,9,1005.80,2026-08-22 17:30:00,SUCCESS
45180,8,1,3676.10,2026-08-11 05:54:00,REFUNDED
45181,8,5,2320.60,2026-08-22 10:23:00,REFUNDED
45182,2,10,2785.70,2026-08-02 18:47:00,REFUNDED
45183,7,6,150.30,2026-08-14 14:57:00,SUCCESS
45184,10,3,2254.50,2026-08-15 06:01:00,REFUNDED
45185,1,8,1645.10,2026-08-02 04:29:00,SUCCESS
45186,9,10,5024.50,2026-08-15 13:43:00,REFUNDED
45187,3,5,2359.60,2026-08-09 21:37:00,PENDING
45188,3,13,3002.30,2026-08-27 06:22:00,PENDING
45189,4,5,3487.10,2026-08-12 04:35:00,SUCCESS
45190,10,20,4134.50,2026-08-14 11:57:00,REFUNDED
45191,7,5,1965.20,2026-08-09 10:08:00,REFUNDED
45192,4,13,4230.40,2026-08-30 12:31:00,REFUNDED
45193,4,17,1998.70,2026-08-28 00:29:00,FAILED
45194,7,7,1246.00,2026-08-08 05:45:00,SUCCESS
45195,3,17,2447.00,2026-08-05 07:07:00,FAILED
45196,10,5,4146.50,2026-08-06 07:01:00,PENDING
45197,4,8,2380.00,2026-08-18 10:25:00,REFUNDED
45198,7,15,1020.50,2026-08-08 14:54:00,SUCCESS
45199,1,19,2218.70,2026-08-08 00:51:00,FAILED
45200,2,17,2863.90,2026-08-16 21:38:00,PENDING
45201,2,18,4342.80,2026-08-12 03:22:00,REFUNDED
45202,6,17,1519.30,2026-08-19 14:43:00,FAILED
45203,7,1,4748.30,2026-08-22 12:04:00,PENDING
45204,2,10,4418.90,2026-08-28 16:11:00,SUCCESS
45205,3,4,4792.20,2026-08-27 23:41:00,PENDING
45206,10,7,3876.90,2026-08-30 15:08:00,PENDING
45207,2,14,2294.70,2026-08-10 21:07:00,FAILED
45208,6,5,2769.90,2026-08-09 23:50:00,FAILED
45209,5,7,3856.60,2026-08-06 01:21:00,SUCCESS
45210,3,11,4738.10,2026-08-16 05:46:00,FAILED
45211,6,20,1125.80,2026-08-20 01:21:00,SUCCESS
45212,5,6,1328.50,2026-08-06 10:05:00,PENDING
45213,4,4,1601.50,2026-08-10 09:13:00,REFUNDED
45214,6,9,3814.90,2026-08-29 03:10:00,SUCCESS
45215,4,12,1049.10,2026-08-01 14:35:00,PENDING
45216,8,4,3012.20,2026-08-21 07:10:00,PENDING
45217,2,14,297.00,2026-08-09 06:30:00,FAILED
45218,6,20,4899.60,2026-08-24 11:57:00,REFUNDED
45219,2,16,4772.30,2026-08-03 17:15:00,PENDING
45220,1,18,2507.10,2026-08-23 07:09:00,SUCCESS
45221,9,6,4382.90,2026-08-27 04:43:00,SUCCESS
45222,10,4,2709.20,2026-08-03 21:12:00,REFUNDED
45223,9,10,1303.60,2026-08-25 03:19:00,REFUNDED
45224,5,1,527.20,2026-08-16 20:37:00,REFUNDED
45225,5,10,258.00,2026-08-10 20:58:00,FAILED
45226,5,13,4101.90,2026-08-12 09:22:00,REFUNDED
45227,1,1,5000,2026-08-01 12:00:00,UNKNOWN_STATUS
45228,2,16,274.40,2026-08-26 00:00:00,REFUNDED
45229,10,15,3766.10,2026-08-04 04:24:00,SUCCESS
45230,9,19,428.60,2026-08-23 12:36:00,REFUNDED
45231,5,13,591.60,2026-08-27 16:03:00,PENDING
45232,8,20,568.30,2026-08-13 13:10:00,PENDING
45233,7,18,4709.80,2026-08-10 12:41:00,FAILED
45234,6,17,3465.10,2026-08-28 13:49:00,SUCCESS
45235,4,9,4470.90,2026-08-21 01:39:00,FAILED
45236,8,15,236.40,2026-08-13 23:53:00,PENDING
45237,4,9,3775.60,2026-08-28 22:16:00,FAILED
45238,2,3,769.00,2026-08-10 01:03:00,SUCCESS
45239,10,14,4252.70,2026-08-14 16:45:00,PENDING
45240,7,17,1700.10,2026-08-03 13:56:00,FAILED
45241,1,1,5000,INVALID_DATE_TIME,SUCCESS
45242,8,10,1530.80,2026-08-28 20:57:00,FAILED
45243,5,17,2671.30,2026-08-16 22:07:00,SUCCESS
45244,3,4,4914.90,2026-08-13 23:57:00,REFUNDED
45245,1,10,670.30,2026-08-19 12:10:00,PENDING
45246,8,20,2519.80,2026-08-04 04:17:00,SUCCESS
45247,1,7,4964.10,2026-08-11 23:13:00,SUCCESS
45248,4,3,4175.70,2026-08-26 11:24:00,SUCCESS
45249,2,14,2077.60,2026-08-09 00:43:00,SUCCESS
45250,7,11,2708.60,2026-08-16 21:58:00,FAILED
45251,5,8,2886.40,2026-08-26 14:19:00,PENDING
45252,3,15,3894.10,2026-08-27 00:12:00,PENDING
45253,8,3,4970.90,2026-08-19 12:24:00,PENDING
45254,6,8,3256.00,2026-08-07 04:29:00,SUCCESS
45255,9,4,4132.30,2026-08-12 15:48:00,REFUNDED
45256,7,7,2535.40,2026-08-14 12:58:00,FAILED
45257,8,16,3278.10,2026-08-05 11:19:00,FAILED
45258,2,15,3954.50,2026-08-03 09:20:00,FAILED
45259,4,14,485.00,2026-08-21 22:59:00,SUCCESS
45260,3,11,2547.00,2026-08-28 08:44:00,FAILED
45261,3,12,2524.70,2026-08-01 19:09:00,SUCCESS
45262,10,6,3600.40,2026-08-22 10:46:00,PENDING
45263,8,2,603.80,2026-08-05 18:57:00,REFUNDED
45264,8,18,3395.30,2026-08-06 01:30:00,SUCCESS
45265,10,17,3330.10,2026-08-12 16:20:00,REFUNDED
45266,4,15,4583.50,2026-08-28 21:11:00,FAILED
45267,6,14,3311.50,2026-08-25 09:11:00,FAILED
45268,2,1,125.30,2026-08-11 22:22:00,FAILED
45269,6,1,4145.40,2026-08-02 14:35:00,PENDING
45270,6,10,4079.70,2026-08-28 04:38:00,FAILED
45271,6,16,1326.80,2026-08-08 06:15:00,PENDING
45272,6,16,5008.20,2026-08-28 09:43:00,FAILED
45273,6,14,3968.80,2026-08-11 23:16:00,SUCCESS
45274,8,11,3190.60,2026-08-14 06:53:00,REFUNDED
45275,1,13,1524.30,2026-08-16 02:02:00,PENDING
45276,1,5,3929.80,2026-08-23 07:02:00,REFUNDED
45277,5,14,2164.90,2026-08-22 16:33:00,REFUNDED
45278,10,12,1814.30,2026-08-26 01:45:00,PENDING
45279,2,15,261.50,2026-08-19 22:19:00,PENDING
45280,3,18,693.30,2026-08-21 00:51:00,PENDING
45281,10,8,3346.10,2026-08-19 01:25:00,REFUNDED
45282,10,13,1671.80,2026-08-22 15:42:00,FAILED
45283,10,4,2993.40,2026-08-31 07:23:00,SUCCESS
45284,9,8,1242.60,2026-08-07 12:52:00,PENDING
45285,1,3,2690.30,2026-08-17 04:34:00,FAILED
45286,2,8,2147.20,2026-08-01 16:51:00,REFUNDED
45287,9,2,1224.10,2026-08-06 16:28:00,SUCCESS
45288,8,4,3680.40,2026-08-20 21:45:00,PENDING
45289,1,13,2274.10,2026-08-05 17:57:00,SUCCESS
45290,7,1,871.40,2026-08-30 03:25:00,FAILED
45291,4,3,1870.20,2026-08-21 21:43:00,REFUNDED
45292,4,1,3640.10,2026-08-10 03:32:00,PENDING
45293,2,12,3354.50,2026-08-02 22:12:00,REFUNDED
45294,3,17,632.90,2026-08-24 04:15:00,PENDING
45295,5,1,2826.50,2026-08-06 22:40:00,REFUNDED
45296,9,18,901.50,2026-08-18 01:01:00,FAILED
45297,6,7,336.20,2026-08-28 17:26:00,FAILED
45298,10,1,3124.40,2026-08-11 12:57:00,FAILED
45299,7,7,4983.50,2026-08-18 14:00:00,REFUNDED
45300,8,4,3435.00,2026-08-05 18:24:00,PENDING
45301,3,12,782.50,2026-08-05 13:58:00,PENDING
45302,10,9,2527.60,2026-08-30 07:00:00,REFUNDED
45303,1,17,4588.00,2026-08-24 23:52:00,REFUNDED
45304,3,14,2631.90,2026-08-09 07:58:00,FAILED
45305,3,11,4775.10,2026-08-03 09:28:00,REFUNDED
45306,10,1,636.60,2026-08-03 16:33:00,SUCCESS
45307,4,9,3453.10,2026-08-27 07:53:00,PENDING
45308,1,12,872.40,2026-08-23 22:19:00,REFUNDED
45309,1,1,NOT_A_NUMBER,2026-08-01 12:00:00,SUCCESS
45310,1,9,3644.30,2026-08-27 08:12:00,FAILED
45311,8,8,928.00,2026-08-20 11:12:00,FAILED
45312,5,11,1028.00,2026-08-21 17:13:00,PENDING
45313,1,9,145.60,2026-08-11 19:37:00,FAILED
45314,9,10,1395.20,2026-08-14 14:32:00,REFUNDED
45315,4,3,4263.80,2026-08-25 00:11:00,SUCCESS
45316,1,12,1128.40,2026-08-11 11:33:00,SUCCESS
45317,9,4,2569.60,2026-08-16 00:50:00,PENDING
45318,9,1,4403.90,2026-08-30 04:05:00,REFUNDED
45319,4,13,2472.90,2026-08-21 14:02:00,REFUNDED
45320,10,1,186.40,2026-08-26 19:16:00,REFUNDED
45321,7,7,2764.40,2026-08-10 11:52:00,REFUNDED
45322,7,5,3049.20,2026-08-25 19:01:00,FAILED
45323,5,15,4852.20,2026-08-25 13:12:00,FAILED
45324,10,1,870.80,2026-08-28 22:05:00,SUCCESS
45325,5,12,4441.70,2026-08-10 16:19:00,REFUNDED
45326,1,14,2733.80,2026-08-09 18:49:00,REFUNDED
45327,2,5,5042.00,2026-08-04 11:34:00,FAILED
45328,4,14,2660.10,2026-08-29 00:11:00,PENDING
45329,2,6,3867.60,2026-08-01 20:34:00,FAILED
45330,2,15,756.80,2026-08-28 16:19:00,REFUNDED
45331,7,16,2916.50,2026-08-14 23:05:00,PENDING
45332,9,6,4260.70,2026-08-08 22:12:00,FAILED
45333,6,19,145.60,2026-08-03 14:37:00,PENDING
45334,5,6,2032.90,2026-08-30 20:42:00,PENDING
45335,9,1,1620.10,2026-08-21 13:38:00,REFUNDED
45336,2,10,2221.60,2026-08-10 22:30:00,PENDING
45337,8,18,4067.40,2026-08-05 11:35:00,REFUNDED
45338,2,12,948.60,2026-08-19 01:09:00,REFUNDED
45339,4,17,3305.50,2026-08-13 02:09:00,PENDING
45340,6,20,3303.10,2026-08-06 04:20:00,FAILED
45341,6,4,2120.60,2026-08-06 12:44:00,FAILED
45342,4,18,1284.10,2026-08-18 01:21:00,PENDING
45343,1,1,NOT_A_NUMBER,2026-08-01 12:00:00,SUCCESS
45344,4,14,1594.20,2026-08-25 03:50:00,PENDING
45345,9,20,4330.40,2026-08-10 15:23:00,REFUNDED
45346,4,4,644.30,2026-08-21 15:40:00,SUCCESS
45347,1,10,2019.30,2026-08-26 02:02:00,PENDING
45348,3,15,718.40,2026-08-05 08:14:00,PENDING
45349,7,13,3601.90,2026-08-26 06:32:00,SUCCESS
45350,10,5,3400.10,2026-08-13 19:27:00,SUCCESS
45351,9,9,828.90,2026-08-26 15:23:00,PENDING
45352,4,1,4987.80,2026-08-07 00:40:00,SUCCESS
45353,10,9,290.40,2026-08-28 01:45:00,PENDING
45354,1,1,4422.20,2026-08-19 10:25:00,PENDING
45355,6,6,3801.90,2026-08-14 15:55:00,FAILED
45356,2,13,259.50,2026-08-20 17:18:00,SUCCESS
45357,5,4,4633.10,2026-08-29 08:09:00,SUCCESS
45358,7,13,478.30,2026-08-09 03:06:00,REFUNDED
45359,2,5,1088.30,2026-08-08 07:23:00,SUCCESS
45360,9,10,1132.40,2026-08-28 00:25:00,REFUNDED
45361,5,8,293.10,2026-08-05 15:41:00,PENDING
45362,3,7,2757.10,2026-08-14 03:46:00,REFUNDED
45363,3,20,4117.30,2026-08-04 02:38:00,FAILED
45364,10,7,2154.50,2026-08-05 18:48:00,FAILED
45365,8,11,4280.80,2026-08-20 18:09:00,REFUNDED
45366,9,7,1911.70,2026-08-14 15:51:00,FAILED
45367,7,7,3150.90,2026-08-11 19:23:00,SUCCESS
45368,5,3,697.70,2026-08-12 01:08:00,REFUNDED
45369,8,8,4141.20,2026-08-15 09:28:00,FAILED
45370,10,7,494.70,2026-08-20 17:02:00,PENDING
45371,6,15,2827.20,2026-08-09 00:15:00,SUCCESS
45372,1,19,4536.80,2026-08-24 23:34:00,FAILED
45373,2,14,865.20,2026-08-06 01:56:00,PENDING
45374,7,2,3448.70,2026-08-29 10:28:00,REFUNDED
45375,7,17,1813.00,2026-08-26 08:41:00,SUCCESS
45376,1,11,4911.10,2026-08-29 12:05:00,FAILED
45377,5,10,1301.00,2026-08-25 20:15:00,PENDING
45378,6,19,4123.80,2026-08-18 06:17:00,PENDING
45379,4,14,4159.80,2026-08-13 15:42:00,REFUNDED
45380,9,19,831.60,2026-08-01 18:50:00,FAILED
45381,8,3,4919.00,2026-08-22 06:35:00,SUCCESS
45382,2,10,2155.70,2026-08-19 07:10:00,SUCCESS
45383,9,18,2747.70,2026-08-08 03:03:00,REFUNDED
45384,3,14,3001.20,2026-08-05 14:28:00,PENDING
45385,6,12,3052.40,2026-08-31 06:04:00,SUCCESS
45386,10,19,2031.10,2026-08-15 16:42:00,REFUNDED
45387,10,2,2506.80,2026-08-10 10:27:00,REFUNDED
45388,4,6,4334.10,2026-08-08 15:02:00,SUCCESS
45389,10,6,1474.80,2026-08-29 18:22:00,REFUNDED
45390,1,3,4225.10,2026-08-23 04:17:00,REFUNDED
45391,10,14,315.00,2026-08-17 04:16:00,SUCCESS
45392,10,9,3215.80,2026-08-22 05:39:00,FAILED
45393,8,5,4988.80,2026-08-04 11:47:00,SUCCESS
45394,9,10,4044.20,2026-08-14 23:31:00,PENDING
45395,1,100.00
45396,2,13,1445.60,2026-08-25 20:18:00,REFUNDED
45397,2,4,2999.60,2026-08-28 06:58:00,REFUNDED
45398,5,1,1579.20,2026-08-16 00:23:00,SUCCESS
45399,4,20,3057.80,2026-08-21 23:19:00,REFUNDED
45400,5,6,4177.90,2026-08-15 00:57:00,REFUNDED
45401,8,16,4097.80,2026-08-04 00:24:00,SUCCESS
45402,9,20,3207.10,2026-08-22 01:11:00,FAILED
45403,4,5,4315.80,2026-08-23 21:21:00,FAILED
45404,9,2,1210.30,2026-08-24 22:48:00,PENDING
45405,5,3,3555.30,2026-08-21 20:39:00,SUCCESS
45406,7,19,1955.80,2026-08-10 15:25:00,PENDING
45407,9,18,3014.10,2026-08-05 02:50:00,SUCCESS
45408,9,18,1408.90,2026-08-07 09:23:00,REFUNDED
45409,1,5,74.00,2026-08-19 17:31:00,SUCCESS
45410,3,5,3858.70,2026-08-11 05:56:00,FAILED
45411,8,8,3651.40,2026-08-01 16:04:00,PENDING
45412,8,19,2202.30,2026-08-14 15:08:00,SUCCESS
45413,1,7,978.10,2026-08-05 10:56:00,FAILED
45414,6,20,2528.00,2026-08-09 08:34:00,FAILED
45415,10,4,618.20,2026-08-12 11:14:00,PENDING
45416,10,11,3747.40,2026-08-29 01:45:00,SUCCESS
45417,8,12,4578.80,2026-08-27 13:57:00,PENDING
45418,10,14,3408.90,2026-08-02 03:31:00,PENDING
45419,6,5,1381.20,2026-08-23 07:41:00,SUCCESS
45420,9,12,241.10,2026-08-13 02:26:00,PENDING
45421,2,8,4752.40,2026-08-23 06:15:00,PENDING
45422,2,12,3536.00,2026-08-24 01:22:00,FAILED
45423,5,18,484.30,2026-08-27 00:17:00,FAILED
45424,1,1,NOT_A_NUMBER,2026-08-01 12:00:00,SUCCESS
45425,3,5,2501.30,2026-08-13 04:22:00,PENDING
45426,9,4,3605.70,2026-08-06 17:33:00,REFUNDED
45427,7,9,1646.20,2026-08-09 07:06:00,FAILED
45428,7,8,3724.60,2026-08-07 20:41:00,FAILED
45429,5,18,1614.30,2026-08-17 00:39:00,REFUNDED
45430,1,1,2574.00,2026-08-20 01:56:00,REFUNDED
45431,3,17,1009.40,2026-08-07 07:47:00,PENDING
45432,4,7,3443.00,2026-08-29 06:40:00,PENDING
45433,5,6,1145.60,2026-08-20 23:27:00,REFUNDED
45434,3,8,2048.30,2026-08-11 10:05:00,REFUNDED
45435,10,11,3306.70,2026-08-02 23:07:00,FAILED
45436,6,7,4020.00,2026-08-06 00:43:00,PENDING
45437,8,7,174.30,2026-08-15 07:16:00,REFUNDED
45438,6,12,4417.70,2026-08-23 10:38:00,FAILED
45439,2,11,3068.80,2026-08-07 04:10:00,FAILED
45440,2,8,4196.50,2026-08-19 07:42:00,FAILED
45441,7,17,1919.50,2026-08-08 12:32:00,REFUNDED
45442,1,5,650.90,2026-08-05 19:43:00,REFUNDED
45443,2,20,4796.20,2026-08-25 11:40:00,REFUNDED
45444,3,13,5004.30,2026-08-28 06:39:00,SUCCESS
45445,4,17,256.90,2026-08-25 18:59:00,PENDING
45446,10,1,302.60,2026-08-18 21:54:00,FAILED
45447,9,3,3545.50,2026-08-22 22:17:00,SUCCESS
45448,7,14,4395.10,2026-08-18 18:05:00,FAILED
45449,8,12,1989.20,2026-08-17 01:10:00,REFUNDED
45450,1,9,4581.00,2026-08-23 23:58:00,FAILED
45451,2,20,862.30,2026-08-04 05:31:00,SUCCESS
45452,9,19,1064.20,2026-08-12 10:20:00,FAILED
45453,8,7,1098.90,2026-08-17 23:31:00,FAILED
45454,2,8,4710.80,2026-08-17 01:34:00,REFUNDED
45455,4,17,1949.20,2026-08-23 11:52:00,SUCCESS
45456,1,20,2735.40,2026-08-08 14:07:00,PENDING
45457,10,2,4415.20,2026-08-09 03:30:00,PENDING
45458,8,12,4031.70,2026-08-24 18:37:00,SUCCESS
45459,8,13,3126.90,2026-08-06 22:18:00,SUCCESS
45460,2,6,4743.70,2026-08-22 11:07:00,FAILED
45461,5,12,4070.30,2026-08-06 18:15:00,REFUNDED
45462,9,5,1555.40,2026-08-25 00:35:00,REFUNDED
45463,7,7,398.40,2026-08-16 13:23:00,SUCCESS
45464,5,8,1441.60,2026-08-04 21:23:00,FAILED
45465,6,14,3969.90,2026-08-08 03:15:00,PENDING
45466,9,13,2532.90,2026-08-11 09:03:00,PENDING
45467,8,5,3075.50,2026-08-16 15:31:00,FAILED
45468,9,6,4928.00,2026-08-22 04:00:00,PENDING
45469,8,1,3749.80,2026-08-24 03:59:00,REFUNDED
45470,10,10,3624.10,2026-08-15 00:38:00,REFUNDED
45471,3,2,1002.90,2026-08-28 22:16:00,FAILED
45472,5,7,104.80,2026-08-14 01:18:00,FAILED
45473,10,8,4289.30,2026-08-03 18:12:00,PENDING
45474,8,8,2507.40,2026-08-14 17:15:00,REFUNDED
45475,4,19,1046.40,2026-08-28 08:42:00,FAILED
45476,5,14,116.40,2026-08-09 15:18:00,FAILED
45477,7,17,120.60,2026-08-27 22:51:00,FAILED
45478,4,2,4390.80,2026-08-03 22:34:00,REFUNDED
45479,6,19,2080.80,2026-08-03 18:16:00,SUCCESS
45480,4,17,3312.30,2026-08-18 06:27:00,SUCCESS
45481,1,1,NOT_A_NUMBER,2026-08-01 12:00:00,SUCCESS
45482,5,9,3623.10,2026-08-09 08:31:00,FAILED
45483,1,19,1719.60,2026-08-27 00:51:00,REFUNDED
45484,2,15,4828.50,2026-08-27 02:40:00,PENDING
45485,2,13,3147.90,2026-08-17 18:06:00,PENDING
45486,1,1,5000,2026-08-01 12:00:00,UNKNOWN_STATUS
45487,6,4,733.80,2026-08-16 20:17:00,REFUNDED
45488,1,9,3855.20,2026-08-05 02:09:00,FAILED
45489,8,15,364.80,2026-08-19 20:52:00,SUCCESS
45490,8,6,3071.40,2026-08-13 16:11:00,FAILED
45491,6,13,1275.80,2026-08-14 09:12:00,SUCCESS
45492,5,11,297.30,2026-08-03 05:45:00,REFUNDED
45493,6,16,4475.70,2026-08-11 17:09:00,FAILED
45494,8,20,4465.40,2026-08-11 13:23:00,PENDING
45495,9,14,4635.30,2026-08-14 08:31:00,FAILED
45496,1,12,723.00,2026-08-26 11:17:00,SUCCESS
45497,5,19,3168.60,2026-08-18 22:23:00,SUCCESS
45498,1,7,3392.20,2026-08-18 02:29:00,PENDING
45499,7,14,1927.30,2026-08-06 11:39:00,FAILED
45500,5,4,2705.40,2026-08-09 11:27:00,SUCCESS
45501,3,5,2973.50,2026-08-21 21:40:00,PENDING
45502,3,18,2170.40,2026-08-05 00:51:00,PENDING
45503,4,2,1323.20,2026-08-25 18:09:00,PENDING
45504,1,2,2001.80,2026-08-07 18:40:00,SUCCESS
45505,5,16,2141.60,2026-08-22 17:43:00,REFUNDED
45506,1,5,3194.20,2026-08-18 04:30:00,REFUNDED
45507,4,16,1288.00,2026-08-29 12:42:00,FAILED
45508,9,18,1991.80,2026-08-05 02:24:00,SUCCESS
45509,1,14,1728.50,2026-08-31 01:25:00,FAILED
45510,1,1,NOT_A_NUMBER,2026-08-01 12:00:00,SUCCESS
45511,4,18,3085.10,2026-08-12 16:28:00,FAILED
45512,2,20,2455.20,2026-08-27 01:12:00,PENDING
45513,10,7,1347.80,2026-08-15 06:32:00,REFUNDED
45514,9,13,3454.40,2026-08-20 19:22:00,SUCCESS
45515,1,13,1079.00,2026-08-03 02:39:00,SUCCESS
45516,2,5,3315.50,2026-08-12 14:09:00,PENDING
45517,9,18,3343.20,2026-08-23 18:23:00,REFUNDED
45518,9,20,2864.50,2026-08-06 10:00:00,PENDING
45519,10,18,1650.90,2026-08-08 21:03:00,PENDING
45520,9,13,565.50,2026-08-21 03:42:00,PENDING
45521,5,3,716.80,2026-08-07 20:14:00,FAILED
45522,2,18,3013.50,2026-08-30 13:50:00,PENDING
45523,10,7,1590.60,2026-08-21 14:37:00,REFUNDED
45524,3,2,2342.80,2026-08-14 06:18:00,SUCCESS
45525,2,11,2358.80,2026-08-20 01:39:00,FAILED
45526,9,9,2834.20,2026-08-24 05:03:00,SUCCESS
45527,7,12,3952.30,2026-08-28 03:27:00,FAILED
45528,7,15,1076.30,2026-08-27 03:50:00,FAILED
45529,2,10,3900.60,2026-08-17 04:16:00,FAILED
45530,6,3,1631.90,2026-08-22 22:50:00,SUCCESS
45531,4,2,4748.70,2026-08-14 14:12:00,PENDING
45532,8,7,2287.50,2026-08-04 07:16:00,FAILED
45533,5,17,2391.50,2026-08-06 01:50:00,PENDING
45534,3,15,4652.40,2026-08-17 04:46:00,SUCCESS
45535,8,4,2879.20,2026-08-06 18:30:00,SUCCESS
45536,1,13,4949.10,2026-08-30 11:30:00,REFUNDED
45537,6,8,2061.10,2026-08-25 21:53:00,PENDING
45538,5,4,4517.30,2026-08-29 13:21:00,SUCCESS
45539,6,1,2144.10,2026-08-19 07:49:00,PENDING
45540,6,5,4314.50,2026-08-04 11:49:00,SUCCESS
45541,6,6,1145.70,2026-08-24 14:03:00,PENDING
45542,6,4,3685.40,2026-08-09 11:18:00,SUCCESS
45543,1,19,4704.60,2026-08-18 03:23:00,FAILED
45544,7,7,825.50,2026-08-20 13:57:00,PENDING
45545,2,18,2239.00,2026-08-29 15:42:00,REFUNDED
45546,4,18,2972.20,2026-08-04 02:08:00,SUCCESS
45547,3,17,130.90,2026-08-01 20:59:00,REFUNDED
45548,6,17,4536.60,2026-08-16 22:33:00,REFUNDED
45549,1,3,1444.10,2026-08-17 10:50:00,REFUNDED
45550,6,1,2740.40,2026-08-18 07:53:00,PENDING
45551,2,1,4902.00,2026-08-06 00:00:00,PENDING
45552,2,20,2161.60,2026-08-02 10:27:00,PENDING
45553,3,16,4925.60,2026-08-22 05:31:00,SUCCESS
45554,9,13,3425.60,2026-08-02 23:02:00,REFUNDED
45555,9,2,905.10,2026-08-12 19:28:00,PENDING
45556,1,8,3732.20,2026-08-15 17:23:00,PENDING
45557,3,19,4035.40,2026-08-03 14:02:00,FAILED
45558,1,1,5000,INVALID_DATE_TIME,SUCCESS
45559,9,4,1597.80,2026-08-23 23:51:00,FAILED
45560,4,4,2963.90,2026-08-05 04:13:00,REFUNDED
45561,8,16,2219.50,2026-08-17 22:12:00,SUCCESS
45562,2,9,3908.10,2026-08-22 09:08:00,PENDING
45563,2,8,3885.60,2026-08-20 00:16:00,PENDING
45564,5,16,3205.90,2026-08-03 19:03:00,FAILED
45565,2,15,347.20,2026-08-03 13:00:00,SUCCESS
45566,7,4,2124.80,2026-08-17 05:43:00,REFUNDED
45567,8,9,69.70,2026-08-16 12:45:00,REFUNDED
45568,4,10,600.00,2026-08-24 15:25:00,SUCCESS
45569,7,19,1398.10,2026-08-24 21:32:00,REFUNDED
45570,7,12,1182.50,2026-08-21 20:13:00,PENDING
45571,5,8,3809.40,2026-08-19 02:06:00,PENDING
45572,7,20,3872.10,2026-08-09 15:03:00,FAILED
45573,1,1,5000,2026-08-01 12:00:00,UNKNOWN_STATUS
45574,4,20,4490.30,2026-08-16 16:31:00,FAILED
45575,4,3,2783.40,2026-08-04 05:41:00,PENDING
45576,9,2,4609.00,2026-08-11 04:57:00,SUCCESS
45577,1,6,3759.20,2026-08-28 14:38:00,FAILED
45578,6,13,2601.50,2026-08-13 16:10:00,PENDING
45579,4,4,4204.10,2026-08-11 04:47:00,SUCCESS
45580,10,10,4867.50,2026-08-20 23:58:00,SUCCESS
45581,6,7,4172.80,2026-08-15 04:13:00,SUCCESS
45582,5,19,2184.30,2026-08-24 14:38:00,REFUNDED
45583,9,19,3394.20,2026-08-04 22:56:00,SUCCESS
45584,7,9,4793.90,2026-08-12 21:23:00,SUCCESS
45585,4,6,2520.00,2026-08-07 06:02:00,FAILED
45586,1,13,1431.20,2026-08-25 08:11:00,SUCCESS
45587,5,3,3766.10,2026-08-01 20:40:00,REFUNDED
45588,1,3,1510.30,2026-08-03 08:07:00,SUCCESS
45589,7,7,501.60,2026-08-18 00:41:00,FAILED
45590,1,5,2429.80,2026-08-15 12:37:00,SUCCESS
45591,1,18,1717.70,2026-08-20 13:45:00,PENDING
45592,6,19,2766.80,2026-08-07 07:03:00,FAILED
45593,8,13,4084.60,2026-08-25 23:14:00,REFUNDED
45594,1,15,1974.30,2026-08-08 17:09:00,FAILED
45595,6,2,3503.60,2026-08-15 01:37:00,REFUNDED
45596,7,20,4888.60,2026-08-13 04:04:00,PENDING
45597,10,15,4803.30,2026-08-04 17:24:00,SUCCESS
45598,10,20,4367.30,2026-08-27 05:54:00,PENDING
45599,9,10,3509.10,2026-08-02 10:23:00,PENDING
45600,6,13,1924.20,2026-08-01 20:10:00,SUCCESS
45601,7,17,4246.00,2026-08-08 08:41:00,FAILED
45602,9,8,4013.40,2026-08-04 15:18:00,REFUNDED
45603,9,17,3655.80,2026-08-12 06:15:00,PENDING
45604,4,18,1733.90,2026-08-01 18:09:00,SUCCESS
45605,8,2,3995.30,2026-08-01 11:54:00,FAILED
45606,2,7,255.60,2026-08-06 18:23:00,FAILED
45607,1,20,4737.70,2026-08-24 09:33:00,SUCCESS
45608,1,7,513.50,2026-08-29 00:10:00,SUCCESS
45609,5,4,3010.30,2026-08-19 12:39:00,REFUNDED
45610,6,1,1026.30,2026-08-14 01:40:00,FAILED
45611,2,13,2249.20,2026-08-12 17:11:00,SUCCESS
45612,3,10,3470.80,2026-08-13 18:05:00,PENDING
45613,8,17,2992.40,2026-08-29 23:11:00,REFUNDED
45614,6,11,1837.60,2026-08-23 22:14:00,PENDING
45615,8,3,1522.90,2026-08-08 04:33:00,FAILED
45616,5,7,4413.50,2026-08-03 11:25:00,PENDING
45617,5,5,3958.20,2026-08-18 15:17:00,REFUNDED
45618,1,16,1510.90,2026-08-21 05:52:00,SUCCESS
45619,5,14,4564.30,2026-08-25 12:21:00,SUCCESS
45620,7,14,2316.90,2026-08-03 19:32:00,FAILED
45621,4,20,1179.30,2026-08-06 09:10:00,REFUNDED
45622,2,7,2015.50,2026-08-11 09:41:00,FAILED
45623,1,12,3956.00,2026-08-04 09:09:00,REFUNDED
45624,8,16,2862.10,2026-08-14 18:54:00,SUCCESS
45625,9,2,2942.10,2026-08-02 12:50:00,SUCCESS
45626,8,8,1083.20,2026-08-10 21:40:00,SUCCESS
45627,2,13,4811.50,2026-08-12 18:18:00,PENDING
45628,1,7,1220.90,2026-08-17 02:17:00,FAILED
45629,10,9,682.90,2026-08-12 04:43:00,REFUNDED
45630,3,3,1117.30,2026-08-17 02:39:00,SUCCESS
45631,5,14,2384.70,2026-08-06 10:12:00,FAILED
45632,10,4,3971.40,2026-08-24 14:30:00,PENDING
45633,1,17,3268.90,2026-08-07 05:53:00,SUCCESS
45634,2,2,1922.60,2026-08-21 09:26:00,SUCCESS
45635,1,1,4267.40,2026-08-30 06:14:00,SUCCESS
45636,8,19,2463.90,2026-08-18 17:22:00,SUCCESS
45637,3,11,1132.80,2026-08-23 08:04:00,PENDING
45638,5,20,2939.70,2026-08-28 21:39:00,SUCCESS
45639,8,19,418.40,2026-08-11 17:16:00,PENDING
45640,4,17,4707.90,2026-08-25 02:21:00,PENDING
45641,2,5,3684.90,2026-08-30 08:31:00,REFUNDED
45642,5,12,1740.10,2026-08-01 23:15:00,FAILED
45643,5,17,2991.60,2026-08-26 17:45:00,PENDING
45644,9,3,548.30,2026-08-25 06:06:00,SUCCESS
45645,3,2,3139.00,2026-08-11 03:07:00,REFUNDED
45646,5,19,3389.40,2026-08-21 18:14:00,REFUNDED
45647,10,20,1352.40,2026-08-06 10:32:00,SUCCESS
45648,4,20,252.50,2026-08-14 07:11:00,PENDING
45649,6,2,1444.40,2026-08-28 19:25:00,PENDING
45650,2,20,370.50,2026-08-12 09:33:00,PENDING
45651,9,19,4446.90,2026-08-09 04:51:00,PENDING
45652,5,11,4001.30,2026-08-03 01:26:00,REFUNDED
45653,10,3,1351.70,2026-08-03 10:21:00,FAILED
45654,1,6,3321.00,2026-08-03 20:57:00,REFUNDED
45655,10,13,3300.00,2026-08-21 05:07:00,REFUNDED
45656,4,11,3034.50,2026-08-14 08:19:00,SUCCESS
45657,6,4,1858.90,2026-08-14 13:12:00,FAILED
45658,5,20,561.00,2026-08-16 14:29:00,SUCCESS
45659,7,17,3250.90,2026-08-20 09:18:00,SUCCESS
45660,8,12,1677.30,2026-08-11 00:37:00,REFUNDED
45661,10,17,2569.70,2026-08-02 20:39:00,FAILED
45662,10,5,2006.30,2026-08-07 00:25:00,FAILED
45663,3,7,3826.80,2026-08-20 11:41:00,REFUNDED
45664,3,3,1716.10,2026-08-06 10:26:00,PENDING
45665,1,6,3023.60,2026-08-07 08:04:00,SUCCESS
45666,1,15,3902.70,2026-08-20 16:00:00,SUCCESS
45667,6,5,4927.90,2026-08-28 12:49:00,PENDING
45668,7,19,3160.30,2026-08-08 06:00:00,REFUNDED
45669,1,14,1247.30,2026-08-11 10:52:00,FAILED
45670,5,14,2274.60,2026-08-20 15:26:00,SUCCESS
45671,1,11,636.60,2026-08-25 23:43:00,REFUNDED
45672,5,7,1254.20,2026-08-23 08:57:00,SUCCESS
45673,8,4,720.10,2026-08-23 20:36:00,REFUNDED
45674,7,20,1888.00,2026-08-08 10:57:00,REFUNDED
45675,8,15,4850.60,2026-08-04 01:57:00,PENDING
45676,1,14,2083.00,2026-08-12 13:59:00,FAILED
45677,8,5,2915.30,2026-08-09 04:50:00,SUCCESS
45678,7,11,1655.80,2026-08-10 20:54:00,REFUNDED
45679,4,3,3521.60,2026-08-06 18:47:00,SUCCESS
45680,1,7,3850.80,2026-08-23 22:43:00,SUCCESS
45681,6,12,1665.60,2026-08-29 00:03:00,SUCCESS
45682,1,10,288.10,2026-08-11 11:00:00,SUCCESS
45683,10,9,401.90,2026-08-19 17:49:00,FAILED
45684,1,8,1258.70,2026-08-21 08:39:00,REFUNDED
45685,3,2,2013.50,2026-08-22 01:43:00,REFUNDED
45686,2,1,4358.60,2026-08-08 23:43:00,FAILED
45687,2,13,920.30,2026-08-19 02:07:00,FAILED
45688,2,6,3272.50,2026-08-06 17:55:00,PENDING
45689,6,18,2972.50,2026-08-01 10:34:00,PENDING
45690,6,2,513.10,2026-08-18 22:51:00,FAILED
45691,8,4,3558.40,2026-08-29 14:05:00,REFUNDED
45692,4,8,3841.20,2026-08-01 15:49:00,PENDING
45693,9,4,2449.40,2026-08-11 19:02:00,FAILED
45694,8,14,2766.60,2026-08-14 09:22:00,SUCCESS
45695,9,17,407.40,2026-08-08 09:44:00,PENDING
45696,10,8,2794.10,2026-08-13 13:16:00,REFUNDED
45697,6,8,4916.90,2026-08-25 08:12:00,REFUNDED
45698,4,10,3958.70,2026-08-25 11:32:00,FAILED
45699,5,9,1062.70,2026-08-13 21:36:00,REFUNDED
45700,4,5,216.10,2026-08-03 05:30:00,SUCCESS
45701,6,4,1009.60,2026-08-11 12:37:00,PENDING
45702,2,3,4112.90,2026-08-18 23:18:00,PENDING
45703,3,1,824.80,2026-08-02 04:00:00,FAILED
45704,5,5,4521.50,2026-08-16 00:45:00,SUCCESS
45705,9,14,348.00,2026-08-04 12:08:00,PENDING
45706,2,14,3713.10,2026-08-27 15:02:00,REFUNDED
45707,3,10,3050.90,2026-08-16 17:17:00,SUCCESS
45708,3,6,2453.10,2026-08-16 07:29:00,REFUNDED
45709,6,4,490.90,2026-08-08 05:28:00,SUCCESS
45710,10,17,2182.10,2026-08-07 14:24:00,SUCCESS
45711,5,14,4667.40,2026-08-03 22:23:00,FAILED
45712,10,18,2914.10,2026-08-17 17:49:00,REFUNDED
45713,10,9,3877.30,2026-08-20 05:25:00,SUCCESS
45714,7,2,1217.70,2026-08-22 00:47:00,SUCCESS
45715,2,19,1421.90,2026-08-04 21:52:00,SUCCESS
45716,1,12,1389.20,2026-08-05 22:50:00,REFUNDED
45717,2,17,3581.80,2026-08-27 07:51:00,SUCCESS
45718,7,4,1580.50,2026-08-16 06:19:00,PENDING
45719,5,1,2745.10,2026-08-10 23:06:00,REFUNDED
45720,2,20,2954.50,2026-08-07 23:02:00,REFUNDED
45721,6,13,4254.10,2026-08-30 16:20:00,FAILED
45722,3,13,4738.90,2026-08-15 09:23:00,REFUNDED
45723,10,14,231.70,2026-08-28 04:34:00,REFUNDED
45724,3,17,2111.50,2026-08-13 19:14:00,SUCCESS
45725,4,14,1023.00,2026-08-27 02:24:00,PENDING
45726,3,7,4970.00,2026-08-02 17:39:00,PENDING
45727,8,17,4150.30,2026-08-10 01:25:00,FAILED
45728,10,9,4212.20,2026-08-18 05:55:00,FAILED
45729,4,2,2377.90,2026-08-28 12:50:00,PENDING
45730,7,7,4714.90,2026-08-02 17:51:00,SUCCESS
45731,1,15,3876.60,2026-08-07 21:15:00,SUCCESS
45732,10,4,1428.90,2026-08-25 17:51:00,PENDING
45733,10,15,4718.90,2026-08-16 11:58:00,SUCCESS
45734,8,20,440.10,2026-08-27 21:07:00,REFUNDED
45735,8,14,1300.60,2026-08-29 09:13:00,REFUNDED
45736,4,6,4502.90,2026-08-27 15:21:00,FAILED
45737,2,8,3667.70,2026-08-25 11:02:00,FAILED
45738,4,10,3038.10,2026-08-30 22:28:00,SUCCESS
45739,6,18,3631.20,2026-08-25 04:25:00,PENDING
45740,2,7,1506.20,2026-08-23 06:44:00,SUCCESS
45741,3,6,2410.10,2026-08-03 01:20:00,SUCCESS
45742,8,11,3405.80,2026-08-27 06:17:00,REFUNDED
45743,3,3,2587.40,2026-08-13 16:25:00,PENDING
45744,7,14,3742.30,2026-08-20 01:21:00,PENDING
45745,10,11,1838.60,2026-08-13 06:47:00,FAILED
45746,7,19,2963.50,2026-08-04 10:57:00,REFUNDED
45747,1,8,1485.50,2026-08-09 00:05:00,PENDING
45748,6,18,2892.60,2026-08-26 14:49:00,SUCCESS
45749,6,5,431.70,2026-08-20 22:10:00,SUCCESS
45750,10,1,1264.40,2026-08-11 03:22:00,REFUNDED
45751,10,15,5039.20,2026-08-12 21:58:00,FAILED
45752,6,13,4033.40,2026-08-07 00:04:00,PENDING
45753,9,16,3416.10,2026-08-07 10:07:00,REFUNDED
45754,6,12,3404.70,2026-08-23 02:15:00,PENDING
45755,7,8,1079.00,2026-08-21 03:29:00,FAILED
45756,7,17,1572.70,2026-08-02 12:54:00,PENDING
45757,8,3,2356.80,2026-08-18 06:34:00,SUCCESS
45758,2,6,833.90,2026-08-10 20:51:00,SUCCESS
45759,6,11,2801.60,2026-08-03 08:37:00,FAILED
45760,5,4,624.60,2026-08-05 03:52:00,SUCCESS
45761,5,10,4899.50,2026-08-22 23:33:00,PENDING
45762,1,17,1159.30,2026-08-29 22:10:00,REFUNDED
45763,4,14,1448.40,2026-08-24 04:02:00,SUCCESS
45764,3,6,3842.30,2026-08-01 21:05:00,PENDING
45765,10,17,4050.20,2026-08-28 13:45:00,FAILED
45766,2,8,2544.00,2026-08-17 06:13:00,PENDING
45767,7,19,4113.00,2026-08-03 15:10:00,SUCCESS
45768,1,13,3910.80,2026-08-18 07:41:00,REFUNDED
45769,9,9,4827.90,2026-08-20 22:37:00,SUCCESS
45770,7,16,910.80,2026-08-02 23:17:00,FAILED
45771,4,10,4454.70,2026-08-27 02:11:00,PENDING
45772,10,3,299.40,2026-08-15 19:24:00,REFUNDED
45773,8,7,293.60,2026-08-19 14:03:00,PENDING
45774,8,16,401.60,2026-08-08 12:27:00,PENDING
45775,9,15,4719.70,2026-08-26 01:28:00,SUCCESS
45776,7,5,3981.30,2026-08-13 10:36:00,REFUNDED
45777,3,3,3686.40,2026-08-28 10:21:00,FAILED
45778,1,15,4855.50,2026-08-22 12:12:00,SUCCESS
45779,2,7,2576.40,2026-08-12 09:38:00,PENDING
45780,10,17,4233.60,2026-08-31 07:26:00,PENDING
45781,9,11,5028.20,2026-08-23 10:24:00,SUCCESS
45782,1,9,3554.80,2026-08-18 00:07:00,FAILED
45783,9,3,2047.90,2026-08-10 10:25:00,FAILED
45784,8,20,698.80,2026-08-13 12:27:00,REFUNDED
45785,8,6,993.10,2026-08-27 06:59:00,FAILED
45786,4,7,1404.10,2026-08-05 16:40:00,SUCCESS
45787,3,11,523.90,2026-08-01 17:56:00,FAILED
45788,4,3,2856.50,2026-08-13 15:08:00,PENDING
45789,2,1,189.60,2026-08-29 20:41:00,SUCCESS
45790,6,11,1118.20,2026-08-07 13:17:00,SUCCESS
45791,3,18,163.90,2026-08-10 17:08:00,PENDING
45792,7,19,2446.30,2026-08-07 19:55:00,SUCCESS
45793,6,1,192.40,2026-08-08 22:10:00,FAILED
45794,10,5,3080.00,2026-08-05 03:12:00,FAILED
45795,3,17,4025.50,2026-08-28 18:37:00,FAILED
45796,7,12,1469.00,2026-08-08 09:03:00,FAILED
45797,6,8,4640.80,2026-08-09 02:17:00,PENDING
45798,8,10,3059.00,2026-08-05 18:17:00,SUCCESS
45799,1,8,3521.30,2026-08-09 21:43:00,SUCCESS
45800,2,10,2146.80,2026-08-21 06:36:00,REFUNDED
45801,2,10,3483.30,2026-08-13 21:50:00,REFUNDED
45802,9,1,3386.50,2026-08-24 17:56:00,SUCCESS
45803,3,1,3552.00,2026-08-28 11:02:00,REFUNDED
45804,9,6,3004.80,2026-08-09 23:45:00,REFUNDED
45805,7,8,81.00,2026-08-28 12:50:00,SUCCESS
45806,6,8,3431.70,2026-08-23 17:44:00,FAILED
45807,7,15,4636.10,2026-08-15 06:12:00,REFUNDED
45808,6,11,3954.50,2026-08-16 06:12:00,FAILED
45809,3,3,2387.70,2026-08-11 04:23:00,REFUNDED
45810,2,12,2793.10,2026-08-07 01:19:00,SUCCESS
45811,1,1,5000,2026-08-01 12:00:00,UNKNOWN_STATUS
45812,5,15,3020.40,2026-08-26 03:37:00,SUCCESS
45813,5,13,921.40,2026-08-19 13:09:00,SUCCESS
45814,7,15,3919.30,2026-08-30 14:48:00,PENDING
45815,6,13,3580.50,2026-08-04 10:36:00,FAILED
45816,1,5,1105.40,2026-08-09 20:44:00,REFUNDED
45817,4,13,1650.20,2026-08-21 00:07:00,REFUNDED
45818,10,14,1830.40,2026-08-16 08:30:00,PENDING
45819,3,16,2123.80,2026-08-15 15:08:00,REFUNDED
45820,5,14,4087.50,2026-08-10 05:49:00,SUCCESS
45821,1,3,2899.20,2026-08-30 08:01:00,PENDING
45822,3,14,3493.90,2026-08-29 06:21:00,REFUNDED
45823,10,5,2439.40,2026-08-21 04:43:00,FAILED
45824,8,2,3969.80,2026-08-24 14:02:00,PENDING
45825,9,12,1206.10,2026-08-11 00:48:00,REFUNDED
45826,6,15,1528.20,2026-08-15 15:20:00,PENDING
45827,9,20,4589.40,2026-08-22 06:36:00,PENDING
45828,6,14,3124.70,2026-08-13 05:30:00,REFUNDED
45829,5,3,914.80,2026-08-08 17:21:00,REFUNDED
45830,1,20,3912.70,2026-08-08 09:06:00,SUCCESS
45831,7,9,2472.70,2026-08-29 23:28:00,PENDING
45832,7,15,1571.00,2026-08-27 05:26:00,REFUNDED
45833,9,20,563.70,2026-08-05 12:31:00,REFUNDED
45834,3,3,4111.30,2026-08-18 07:03:00,FAILED
45835,6,1,2699.00,2026-08-23 20:16:00,SUCCESS
45836,4,7,3661.70,2026-08-28 04:25:00,REFUNDED
45837,2,11,3619.10,2026-08-04 23:27:00,PENDING
45838,8,8,3698.00,2026-08-08 19:53:00,SUCCESS
45839,5,3,1713.50,2026-08-03 01:14:00,REFUNDED
45840,7,14,3541.30,2026-08-12 15:21:00,SUCCESS
45841,10,8,3879.30,2026-08-03 10:00:00,SUCCESS
45842,9,10,4397.50,2026-08-16 09:54:00,SUCCESS
45843,2,17,3946.80,2026-08-21 02:57:00,SUCCESS
45844,6,16,85.80,2026-08-27 05:42:00,FAILED
45845,2,17,1568.40,2026-08-11 07:50:00,FAILED
45846,10,6,172.20,2026-08-16 06:45:00,PENDING
45847,2,9,2155.70,2026-08-26 13:16:00,PENDING
45848,5,5,1975.80,2026-08-29 13:36:00,REFUNDED
45849,2,1,737.70,2026-08-06 06:29:00,REFUNDED
45850,5,18,3184.60,2026-08-30 19:13:00,FAILED
45851,1,14,4566.90,2026-08-26 02:19:00,SUCCESS
45852,3,20,2778.10,2026-08-28 15:21:00,FAILED
45853,3,12,564.50,2026-08-14 02:40:00,PENDING
45854,1,1,5000,INVALID_DATE_TIME,SUCCESS
45855,7,20,2381.50,2026-08-27 05:58:00,SUCCESS
45856,3,2,4538.60,2026-08-25 05:03:00,REFUNDED
45857,7,17,4523.90,2026-08-25 06:32:00,FAILED
45858,6,11,3185.20,2026-08-06 11:21:00,PENDING
45859,1,18,1656.70,2026-08-28 21:21:00,REFUNDED
45860,9,16,4095.10,2026-08-24 14:46:00,PENDING
45861,9,9,166.00,2026-08-19 03:50:00,REFUNDED
45862,5,16,4908.20,2026-08-18 23:29:00,SUCCESS
45863,5,5,1420.40,2026-08-05 06:47:00,SUCCESS
45864,1,3,4374.10,2026-08-21 07:37:00,REFUNDED
45865,5,20,149.90,2026-08-24 05:33:00,PENDING
45866,9,15,3780.50,2026-08-04 23:59:00,REFUNDED
45867,3,4,1757.70,2026-08-22 16:02:00,PENDING
45868,4,19,1334.10,2026-08-26 02:32:00,PENDING
45869,3,20,4754.70,2026-08-16 23:01:00,PENDING
45870,1,13,381.90,2026-08-20 10:30:00,FAILED
45871,8,4,3062.60,2026-08-16 01:51:00,SUCCESS
45872,9,14,3683.40,2026-08-28 02:29:00,SUCCESS
45873,7,7,614.50,2026-08-12 03:07:00,PENDING
45874,6,2,2715.80,2026-08-30 21:48:00,SUCCESS
45875,8,7,2415.80,2026-08-15 18:26:00,REFUNDED
45876,8,8,3693.00,2026-08-12 13:35:00,FAILED
45877,2,19,981.90,2026-08-01 19:06:00,FAILED
45878,6,13,2398.70,2026-08-08 10:26:00,REFUNDED
45879,8,11,2264.30,2026-08-28 21:40:00,FAILED
45880,10,19,4729.00,2026-08-04 23:46:00,FAILED
45881,7,20,4932.30,2026-08-30 14:12:00,REFUNDED
45882,7,18,3759.50,2026-08-28 08:09:00,FAILED
45883,3,16,2040.50,2026-08-19 01:40:00,PENDING
45884,3,9,1034.40,2026-08-15 15:33:00,FAILED
45885,6,17,70.00,2026-08-10 20:34:00,PENDING
45886,8,9,4794.20,2026-08-20 04:30:00,SUCCESS
45887,3,9,1672.20,2026-08-12 09:11:00,FAILED
45888,8,17,387.90,2026-08-02 21:21:00,PENDING
45889,4,13,4768.10,2026-08-14 23:53:00,REFUNDED
45890,6,20,3136.40,2026-08-01 15:51:00,PENDING
45891,1,13,3826.50,2026-08-06 21:15:00,REFUNDED
45892,6,1,3366.90,2026-08-12 05:28:00,SUCCESS
45893,5,19,2312.80,2026-08-07 02:01:00,PENDING
45894,5,17,1633.80,2026-08-24 06:16:00,REFUNDED
45895,1,7,1825.50,2026-08-25 19:22:00,FAILED
45896,2,14,2107.30,2026-08-28 11:57:00,FAILED
45897,3,10,1580.60,2026-08-11 11:04:00,SUCCESS
45898,10,18,3747.20,2026-08-15 09:08:00,SUCCESS
45899,4,14,1823.70,2026-08-27 06:00:00,SUCCESS
45900,5,12,2050.30,2026-08-28 04:24:00,SUCCESS
45901,9,2,2851.40,2026-08-29 17:52:00,SUCCESS
45902,10,4,1276.50,2026-08-24 21:28:00,FAILED
45903,10,2,2231.20,2026-08-18 09:08:00,REFUNDED
45904,4,13,620.40,2026-08-10 15:59:00,FAILED
45905,8,16,1525.10,2026-08-22 23:21:00,SUCCESS
45906,10,18,3685.70,2026-08-02 19:47:00,PENDING
45907,9,3,634.90,2026-08-25 23:40:00,REFUNDED
45908,2,1,1848.80,2026-08-02 18:49:00,REFUNDED
45909,4,8,3199.10,2026-08-19 11:29:00,SUCCESS
45910,1,19,641.20,2026-08-30 09:11:00,PENDING
45911,9,5,4366.50,2026-08-17 07:23:00,PENDING
45912,6,4,1903.20,2026-08-06 06:23:00,FAILED
45913,5,14,3062.20,2026-08-30 13:24:00,REFUNDED
45914,8,14,1166.10,2026-08-27 05:22:00,FAILED
45915,7,16,1836.20,2026-08-25 11:01:00,FAILED
45916,5,13,4546.60,2026-08-03 01:36:00,PENDING
45917,7,14,676.70,2026-08-09 08:44:00,PENDING
45918,7,3,542.60,2026-08-06 03:25:00,SUCCESS
45919,3,9,4135.20,2026-08-23 21:53:00,REFUNDED
45920,3,2,4016.90,2026-08-31 04:58:00,SUCCESS
45921,2,18,1190.40,2026-08-25 05:11:00,SUCCESS
45922,1,10,906.50,2026-08-21 11:03:00,PENDING
45923,9,7,1014.80,2026-08-29 20:44:00,SUCCESS
45924,10,15,4069.40,2026-08-28 03:59:00,REFUNDED
45925,8,1,2371.50,2026-08-31 05:38:00,SUCCESS
45926,9,9,2630.00,2026-08-26 11:55:00,PENDING
45927,4,17,1538.10,2026-08-20 09:26:00,PENDING
45928,7,18,2846.10,2026-08-16 14:54:00,REFUNDED
45929,3,5,2863.60,2026-08-09 21:00:00,FAILED
45930,7,2,4743.60,2026-08-26 09:38:00,PENDING
45931,8,10,3990.00,2026-08-13 18:15:00,SUCCESS
45932,2,13,2064.70,2026-08-27 09:10:00,SUCCESS
45933,3,6,1446.30,2026-08-03 09:46:00,REFUNDED
45934,6,4,3281.60,2026-08-10 06:42:00,REFUNDED
45935,3,17,1047.00,2026-08-29 06:22:00,PENDING
45936,5,12,1955.90,2026-08-22 20:11:00,FAILED
45937,9,15,159.90,2026-08-04 22:14:00,SUCCESS
45938,8,7,1533.00,2026-08-02 08:47:00,SUCCESS
45939,5,18,2566.80,2026-08-20 22:01:00,FAILED
45940,4,1,4561.70,2026-08-28 23:15:00,PENDING
45941,1,1,NOT_A_NUMBER,2026-08-01 12:00:00,SUCCESS
45942,10,12,2138.30,2026-08-07 04:59:00,FAILED
45943,9,5,1504.40,2026-08-15 06:07:00,REFUNDED
45944,1,2,1222.30,2026-08-20 11:22:00,FAILED
45945,10,20,227.60,2026-08-17 04:09:00,PENDING
45946,4,5,3663.00,2026-08-20 11:20:00,SUCCESS
45947,10,20,1020.50,2026-08-27 09:57:00,PENDING
45948,3,6,4588.70,2026-08-23 04:37:00,PENDING
45949,8,12,3266.90,2026-08-15 20:46:00,PENDING
45950,4,5,2808.80,2026-08-10 13:38:00,REFUNDED
45951,2,6,4531.00,2026-08-29 00:12:00,PENDING
45952,7,9,4041.80,2026-08-04 09:12:00,SUCCESS
45953,6,3,1489.10,2026-08-05 09:11:00,FAILED
45954,7,16,4722.40,2026-08-23 14:31:00,PENDING
45955,6,15,4531.40,2026-08-23 01:13:00,SUCCESS
45956,9,16,1398.60,2026-08-09 15:54:00,PENDING
45957,7,15,2057.50,2026-08-25 04:50:00,SUCCESS
45958,4,2,4719.90,2026-08-23 03:11:00,FAILED
45959,10,6,4812.60,2026-08-14 09:28:00,FAILED
45960,8,12,3930.60,2026-08-10 01:47:00,REFUNDED
45961,1,14,3926.90,2026-08-03 00:26:00,FAILED
45962,5,9,1201.90,2026-08-28 09:40:00,SUCCESS
45963,3,18,4549.60,2026-08-09 06:07:00,FAILED
45964,3,9,656.30,2026-08-13 04:58:00,REFUNDED
45965,7,9,3194.70,2026-08-23 13:09:00,SUCCESS
45966,1,1,5000,INVALID_DATE_TIME,SUCCESS
45967,10,9,2557.30,2026-08-15 17:28:00,FAILED
45968,2,10,1413.10,2026-08-08 11:54:00,FAILED
45969,1,1,NOT_A_NUMBER,2026-08-01 12:00:00,SUCCESS
45970,3,18,3623.70,2026-08-18 17:18:00,PENDING
45971,9,6,1959.00,2026-08-26 06:01:00,REFUNDED
45972,5,15,3396.40,2026-08-07 19:04:00,PENDING
45973,10,1,1416.20,2026-08-29 10:39:00,FAILED
45974,6,6,4293.50,2026-08-30 06:30:00,SUCCESS
45975,8,8,625.40,2026-08-09 19:30:00,FAILED
45976,4,11,1327.30,2026-08-07 15:09:00,SUCCESS
45977,3,12,2311.40,2026-08-10 01:17:00,FAILED
45978,8,7,881.30,2026-08-14 12:47:00,SUCCESS
45979,2,1,459.20,2026-08-11 17:51:00,REFUNDED
45980,8,5,524.80,2026-08-27 17:51:00,REFUNDED
45981,2,20,2733.30,2026-08-27 16:22:00,PENDING
45982,9,12,2116.20,2026-08-04 22:28:00,PENDING
45983,6,17,4337.90,2026-08-30 23:56:00,PENDING
45984,10,5,1589.20,2026-08-03 17:51:00,FAILED
45985,8,16,1817.00,2026-08-28 18:22:00,REFUNDED
45986,9,18,2405.70,2026-08-02 21:01:00,PENDING
45987,10,9,2646.50,2026-08-23 18:20:00,PENDING
45988,2,2,3571.80,2026-08-18 12:17:00,SUCCESS
45989,1,12,4056.00,2026-08-10 08:05:00,FAILED
45990,6,20,3246.80,2026-08-06 01:53:00,PENDING
45991,8,14,4023.90,2026-08-09 20:29:00,PENDING
45992,8,13,4042.20,2026-08-06 18:30:00,FAILED
45993,4,18,4636.00,2026-08-11 03:48:00,FAILED
45994,8,19,2501.00,2026-08-07 22:07:00,PENDING
45995,9,14,2115.70,2026-08-09 16:34:00,PENDING
45996,6,14,2885.60,2026-08-12 10:37:00,FAILED
45997,4,13,4832.70,2026-08-10 02:14:00,SUCCESS
45998,8,14,2575.10,2026-08-30 15:20:00,SUCCESS
45999,3,3,4256.50,2026-08-26 18:38:00,PENDING
46000,1,4,4553.30,2026-08-15 05:12:00,PENDING
46001,6,15,942.80,2026-08-06 09:33:00,PENDING
46002,8,19,560.60,2026-08-03 18:30:00,FAILED
46003,3,3,2524.60,2026-08-19 00:17:00,SUCCESS
46004,4,4,447.10,2026-08-14 04:02:00,SUCCESS
46005,4,19,2798.60,2026-08-17 19:00:00,FAILED
46006,8,9,607.00,2026-08-28 05:11:00,REFUNDED
46007,10,3,3617.90,2026-08-25 11:15:00,PENDING
46008,9,20,4405.30,2026-08-08 20:02:00,PENDING
46009,3,1,2028.90,2026-08-27 10:34:00,SUCCESS
46010,10,5,3846.10,2026-08-02 20:27:00,FAILED
46011,4,16,3531.90,2026-08-19 15:51:00,PENDING
46012,3,12,855.60,2026-08-30 19:07:00,REFUNDED
46013,5,2,1283.90,2026-08-03 23:06:00,SUCCESS
46014,4,10,65.30,2026-08-08 19:56:00,PENDING
46015,10,5,3021.60,2026-08-31 07:16:00,PENDING
46016,10,16,3701.90,2026-08-04 07:11:00,FAILED
46017,2,15,2904.90,2026-08-29 02:17:00,PENDING
46018,8,1,922.40,2026-08-28 22:33:00,PENDING
46019,9,16,3919.10,2026-08-21 13:52:00,PENDING
46020,5,17,1642.30,2026-08-27 15:45:00,SUCCESS
46021,1,13,371.10,2026-08-13 19:42:00,SUCCESS
46022,2,9,3740.20,2026-08-01 22:37:00,PENDING
46023,10,6,1251.40,2026-08-05 01:18:00,SUCCESS
46024,1,11,2523.70,2026-08-19 17:55:00,REFUNDED
46025,1,1,3017.00,2026-08-02 20:05:00,REFUNDED
46026,4,13,3630.50,2026-08-14 18:50:00,REFUNDED
46027,5,2,4757.40,2026-08-23 23:22:00,REFUNDED
46028,5,7,4489.70,2026-08-18 20:50:00,FAILED
46029,7,19,3501.70,2026-08-05 23:29:00,REFUNDED
46030,4,3,3082.20,2026-08-22 00:08:00,PENDING
46031,6,4,230.10,2026-08-16 21:29:00,REFUNDED
46032,7,2,3439.40,2026-08-17 09:17:00,SUCCESS
46033,3,12,4046.40,2026-08-19 11:37:00,REFUNDED
46034,5,2,4324.80,2026-08-18 14:42:00,REFUNDED
46035,9,16,864.50,2026-08-22 17:44:00,PENDING
46036,5,18,4363.50,2026-08-10 01:41:00,REFUNDED
46037,1,18,4784.90,2026-08-04 18:54:00,FAILED
46038,3,20,4624.30,2026-08-15 00:06:00,SUCCESS
46039,10,9,4645.80,2026-08-24 00:27:00,PENDING
46040,3,14,1701.90,2026-08-01 22:59:00,REFUNDED
46041,8,1,2044.40,2026-08-20 12:17:00,PENDING
46042,3,19,3167.60,2026-08-23 15:33:00,FAILED
46043,2,1,2454.10,2026-08-20 20:14:00,SUCCESS
46044,3,11,2317.80,2026-08-21 16:21:00,PENDING
46045,10,13,860.10,2026-08-17 03:58:00,SUCCESS
46046,1,14,4886.60,2026-08-13 14:07:00,REFUNDED
46047,9,12,3870.80,2026-08-21 15:07:00,PENDING
46048,1,12,3886.20,2026-08-17 18:45:00,REFUNDED
46049,8,17,1968.70,2026-08-22 14:02:00,FAILED
46050,2,19,1529.30,2026-08-20 15:15:00,SUCCESS
46051,1,1,NOT_A_NUMBER,2026-08-01 12:00:00,SUCCESS
46052,3,16,4873.90,2026-08-04 11:39:00,PENDING
46053,2,15,936.70,2026-08-12 17:39:00,FAILED
46054,2,13,1642.40,2026-08-12 15:56:00,REFUNDED
46055,1,19,1282.90,2026-08-25 12:59:00,FAILED
46056,1,7,1004.70,2026-08-19 01:52:00,REFUNDED
46057,5,10,2606.20,2026-08-04 14:16:00,FAILED
46058,5,19,2554.50,2026-08-09 03:03:00,SUCCESS
46059,3,6,3682.90,2026-08-13 16:17:00,PENDING
46060,5,1,2861.50,2026-08-08 10:29:00,REFUNDED
46061,8,16,1239.70,2026-08-30 04:47:00,REFUNDED
46062,1,10,1726.10,2026-08-12 05:37:00,REFUNDED
46063,1,20,4410.60,2026-08-14 11:08:00,PENDING
46064,7,1,4690.50,2026-08-11 06:13:00,REFUNDED
46065,8,13,2342.30,2026-08-05 15:30:00,SUCCESS
46066,1,1,NOT_A_NUMBER,2026-08-01 12:00:00,SUCCESS
46067,5,12,4016.40,2026-08-30 06:11:00,SUCCESS
46068,4,16,2718.10,2026-08-04 18:59:00,PENDING
46069,8,3,936.60,2026-08-29 13:01:00,REFUNDED
46070,5,15,3700.60,2026-08-11 14:02:00,FAILED
46071,6,1,76.50,2026-08-09 22:03:00,REFUNDED
46072,8,13,2006.60,2026-08-16 07:32:00,REFUNDED
46073,1,7,4838.70,2026-08-12 13:12:00,REFUNDED
46074,6,15,5019.80,2026-08-25 20:19:00,SUCCESS
46075,3,12,3213.90,2026-08-16 23:46:00,PENDING
46076,9,9,108.90,2026-08-10 06:37:00,REFUNDED
46077,3,3,4317.00,2026-08-04 06:51:00,SUCCESS
46078,5,9,701.80,2026-08-06 22:07:00,REFUNDED
46079,1,11,4791.10,2026-08-27 21:53:00,REFUNDED
46080,2,8,1741.00,2026-08-20 03:29:00,FAILED
46081,2,17,4708.20,2026-08-20 00:30:00,PENDING
46082,10,6,639.70,2026-08-05 12:48:00,PENDING
46083,2,20,2047.10,2026-08-10 20:53:00,FAILED
46084,3,11,3352.60,2026-08-17 23:54:00,SUCCESS
46085,10,14,5022.30,2026-08-19 01:15:00,FAILED
46086,5,16,3070.80,2026-08-31 03:30:00,SUCCESS
46087,6,18,810.60,2026-08-24 04:47:00,PENDING
46088,6,13,2124.20,2026-08-14 09:41:00,FAILED
46089,1,7,3929.10,2026-08-09 14:48:00,FAILED
46090,1,8,758.50,2026-08-14 14:21:00,FAILED
46091,9,4,259.20,2026-08-17 19:16:00,SUCCESS
46092,9,9,4031.10,2026-08-08 15:58:00,PENDING
46093,9,4,3339.70,2026-08-04 12:05:00,PENDING
46094,4,3,177.20,2026-08-15 16:55:00,FAILED
46095,5,10,984.00,2026-08-04 22:43:00,FAILED
46096,6,10,4052.90,2026-08-18 18:22:00,REFUNDED
46097,1,1,NOT_A_NUMBER,2026-08-01 12:00:00,SUCCESS
46098,3,6,424.00,2026-08-23 23:06:00,FAILED
46099,2,8,4952.50,2026-08-02 09:45:00,REFUNDED
46100,7,13,2286.40,2026-08-08 23:05:00,FAILED
46101,5,15,176.90,2026-08-29 13:38:00,REFUNDED
46102,10,14,3722.10,2026-08-22 09:56:00,REFUNDED
46103,3,18,920.80,2026-08-23 10:05:00,SUCCESS
46104,7,19,369.00,2026-08-19 11:43:00,SUCCESS
46105,9,5,578.10,2026-08-04 15:18:00,REFUNDED
46106,7,12,3029.20,2026-08-10 06:39:00,FAILED
46107,10,9,840.40,2026-08-18 04:50:00,SUCCESS
46108,2,12,1584.60,2026-08-23 13:06:00,REFUNDED
46109,10,19,2016.50,2026-08-01 11:22:00,REFUNDED
46110,2,8,3723.10,2026-08-07 07:16:00,REFUNDED
46111,4,5,366.40,2026-08-25 13:25:00,FAILED
46112,7,9,197.10,2026-08-01 11:45:00,SUCCESS
46113,6,6,4885.60,2026-08-22 10:18:00,REFUNDED
46114,3,7,2632.20,2026-08-09 20:12:00,REFUNDED
46115,1,20,4175.40,2026-08-16 09:15:00,SUCCESS
46116,4,19,2968.70,2026-08-05 05:18:00,SUCCESS
46117,9,19,4678.10,2026-08-06 00:50:00,SUCCESS
46118,8,10,1314.80,2026-08-12 17:55:00,SUCCESS
46119,6,11,2165.40,2026-08-02 03:19:00,REFUNDED
46120,5,7,3784.80,2026-08-31 04:40:00,PENDING
46121,3,10,2406.30,2026-08-22 10:03:00,SUCCESS
46122,10,9,4666.30,2026-08-23 21:21:00,PENDING
46123,9,9,2075.10,2026-08-08 15:45:00,PENDING
46124,10,17,825.30,2026-08-10 00:02:00,FAILED
46125,7,5,4403.90,2026-08-04 20:26:00,FAILED
46126,1,11,5021.20,2026-08-23 08:44:00,REFUNDED
46127,6,12,4513.90,2026-08-30 07:19:00,PENDING
46128,3,12,2089.70,2026-08-11 13:20:00,PENDING
46129,8,15,65.10,2026-08-22 13:36:00,REFUNDED
46130,10,7,2620.40,2026-08-14 17:41:00,PENDING
46131,10,14,603.10,2026-08-18 07:52:00,FAILED
46132,10,11,1361.40,2026-08-22 01:58:00,SUCCESS
46133,8,1,3980.00,2026-08-15 03:20:00,REFUNDED
46134,3,12,5017.60,2026-08-15 21:03:00,FAILED
46135,6,9,2739.90,2026-08-20 02:37:00,PENDING
46136,4,6,2045.00,2026-08-08 17:30:00,FAILED
46137,9,14,4233.70,2026-08-11 14:33:00,FAILED
46138,5,10,413.50,2026-08-03 18:29:00,FAILED
46139,2,4,506.10,2026-08-06 07:44:00,FAILED
46140,2,4,1043.90,2026-08-11 11:41:00,PENDING
46141,5,17,908.00,2026-08-16 06:04:00,FAILED
46142,2,8,1652.90,2026-08-16 14:27:00,PENDING
46143,2,11,2674.30,2026-08-19 10:12:00,SUCCESS
46144,5,7,405.80,2026-08-26 14:46:00,SUCCESS
46145,6,16,3035.40,2026-08-07 06:03:00,PENDING
46146,10,11,2666.80,2026-08-28 04:35:00,SUCCESS
46147,8,6,3051.10,2026-08-10 13:38:00,REFUNDED
46148,10,13,565.40,2026-08-10 09:46:00,REFUNDED
46149,6,10,2028.10,2026-08-21 10:44:00,PENDING
46150,10,1,1975.30,2026-08-17 20:38:00,REFUNDED
46151,6,16,4997.10,2026-08-09 01:01:00,PENDING
46152,9,13,1568.50,2026-08-15 13:28:00,FAILED
46153,10,5,2306.60,2026-08-31 03:56:00,REFUNDED
46154,4,14,1810.80,2026-08-23 15:34:00,PENDING
46155,5,1,299.70,2026-08-04 21:24:00,PENDING
46156,7,15,3129.80,2026-08-28 21:55:00,SUCCESS
46157,4,14,636.00,2026-08-09 07:26:00,REFUNDED
46158,6,16,97.90,2026-08-23 16:07:00,REFUNDED
46159,2,3,485.50,2026-08-26 02:29:00,SUCCESS
46160,9,7,447.30,2026-08-23 00:47:00,FAILED
46161,9,2,146.30,2026-08-05 17:48:00,SUCCESS
46162,8,14,2310.30,2026-08-08 04:52:00,REFUNDED
46163,3,12,3423.10,2026-08-15 23:54:00,SUCCESS
46164,4,9,4484.80,2026-08-05 08:17:00,REFUNDED
46165,7,8,2505.40,2026-08-23 15:55:00,PENDING
46166,10,15,618.90,2026-08-25 06:59:00,FAILED
46167,9,13,2871.90,2026-08-01 15:38:00,PENDING
46168,4,7,697.80,2026-08-09 15:16:00,REFUNDED
46169,7,7,1752.40,2026-08-25 11:42:00,PENDING
46170,10,12,3287.20,2026-08-25 09:35:00,FAILED
46171,10,18,3523.40,2026-08-08 01:23:00,FAILED
46172,1,7,839.70,2026-08-02 07:01:00,REFUNDED
46173,1,16,2950.40,2026-08-14 19:08:00,FAILED
46174,3,13,4840.10,2026-08-21 13:58:00,FAILED
46175,6,4,1021.00,2026-08-04 06:13:00,REFUNDED
46176,6,1,4818.30,2026-08-12 13:59:00,SUCCESS
46177,6,18,2665.10,2026-08-10 19:42:00,REFUNDED
46178,8,3,1029.30,2026-08-23 04:15:00,FAILED
46179,6,18,261.80,2026-08-20 02:31:00,PENDING
46180,4,1,71.70,2026-08-16 04:19:00,PENDING
46181,9,18,4447.60,2026-08-25 23:28:00,SUCCESS
46182,1,1,3379.10,2026-08-23 21:06:00,REFUNDED
46183,1,2,3361.40,2026-08-29 02:20:00,PENDING
46184,5,13,3577.10,2026-08-11 03:51:00,SUCCESS
46185,5,18,4747.40,2026-08-16 01:05:00,REFUNDED
46186,5,9,997.20,2026-08-21 23:05:00,FAILED
46187,10,6,2793.50,2026-08-09 23:10:00,SUCCESS
46188,6,11,2746.80,2026-08-12 04:46:00,REFUNDED
46189,3,4,3720.60,2026-08-13 17:57:00,SUCCESS
46190,9,20,4587.10,2026-08-10 14:04:00,FAILED
46191,2,10,3053.80,2026-08-17 10:33:00,REFUNDED
46192,3,7,2672.30,2026-08-14 06:57:00,FAILED
46193,2,1,1392.30,2026-08-22 10:54:00,FAILED
46194,5,12,404.70,2026-08-26 18:04:00,FAILED
46195,9,7,3780.30,2026-08-08 12:08:00,SUCCESS
46196,1,17,2841.80,2026-08-12 21:16:00,FAILED
46197,3,10,853.50,2026-08-17 13:06:00,FAILED
46198,1,12,1580.20,2026-08-06 12:27:00,FAILED
46199,7,20,1228.70,2026-08-22 19:05:00,REFUNDED
46200,1,8,1298.40,2026-08-10 13:59:00,PENDING
46201,1,1,1993.00,2026-08-18 08:52:00,REFUNDED
46202,4,11,1119.50,2026-08-01 21:43:00,REFUNDED
46203,10,19,950.60,2026-08-07 19:59:00,REFUNDED
46204,10,17,3179.20,2026-08-03 16:32:00,SUCCESS
46205,8,16,745.50,2026-08-19 18:19:00,PENDING
46206,8,1,1697.60,2026-08-15 20:52:00,REFUNDED
46207,6,3,3332.80,2026-08-20 04:00:00,PENDING
46208,4,1,845.70,2026-08-28 20:56:00,FAILED
46209,1,9,4479.70,2026-08-13 08:21:00,FAILED
46210,3,14,1149.80,2026-08-09 04:42:00,FAILED
46211,2,1,2648.50,2026-08-17 01:20:00,FAILED
46212,3,14,346.50,2026-08-20 21:32:00,PENDING
46213,8,1,3070.80,2026-08-13 07:47:00,SUCCESS
46214,3,4,4753.10,2026-08-13 09:32:00,SUCCESS
46215,4,5,1008.40,2026-08-17 22:52:00,REFUNDED
46216,3,14,636.80,2026-08-25 21:35:00,PENDING
46217,5,11,1049.80,2026-08-11 09:38:00,SUCCESS
46218,3,5,3030.50,2026-08-03 11:41:00,FAILED
46219,4,2,3347.60,2026-08-14 16:20:00,REFUNDED
46220,4,6,3360.40,2026-08-09 17:21:00,FAILED
46221,2,10,2113.80,2026-08-15 23:16:00,PENDING
46222,2,7,2475.60,2026-08-24 22:39:00,PENDING
46223,8,14,2661.30,2026-08-08 15:02:00,REFUNDED
46224,5,1,2755.30,2026-08-04 09:27:00,FAILED
46225,4,3,4233.90,2026-08-19 10:37:00,FAILED
46226,3,9,940.60,2026-08-13 06:47:00,SUCCESS
46227,2,5,2765.50,2026-08-15 22:43:00,PENDING
46228,3,20,4285.00,2026-08-15 12:29:00,SUCCESS
46229,10,18,2483.90,2026-08-23 15:12:00,SUCCESS
46230,1,16,1758.90,2026-08-06 04:15:00,FAILED
46231,2,9,4694.20,2026-08-25 03:48:00,PENDING
46232,10,14,790.60,2026-08-12 12:21:00,PENDING
46233,7,19,3172.40,2026-08-05 11:21:00,PENDING
46234,2,8,1702.10,2026-08-14 19:14:00,SUCCESS
46235,7,12,3350.50,2026-08-03 12:34:00,FAILED
46236,6,14,1842.40,2026-08-27 11:32:00,FAILED
46237,7,6,264.70,2026-08-16 15:53:00,PENDING
46238,10,19,1841.60,2026-08-30 23:58:00,PENDING
46239,1,18,3682.30,2026-08-17 08:50:00,PENDING
46240,7,12,1275.50,2026-08-29 16:09:00,REFUNDED
46241,10,12,4087.10,2026-08-13 11:52:00,PENDING
46242,1,1,5000,INVALID_DATE_TIME,SUCCESS
46243,5,3,3462.60,2026-08-20 19:58:00,PENDING
46244,1,1,3103.00,2026-08-24 12:15:00,SUCCESS
46245,9,11,838.40,2026-08-20 22:32:00,PENDING
46246,7,20,1160.50,2026-08-03 11:21:00,FAILED
46247,9,15,367.50,2026-08-22 07:16:00,REFUNDED
46248,9,5,1343.80,2026-08-11 07:56:00,SUCCESS
46249,4,11,2991.60,2026-08-10 23:06:00,FAILED
46250,6,5,3384.20,2026-08-01 11:52:00,PENDING
46251,4,11,2567.10,2026-08-22 06:05:00,PENDING
46252,8,12,2797.90,2026-08-13 23:51:00,SUCCESS
46253,5,20,1325.50,2026-08-09 18:58:00,SUCCESS
46254,2,12,1044.10,2026-08-16 10:00:00,SUCCESS
46255,2,17,286.40,2026-08-02 13:56:00,SUCCESS
46256,8,3,1322.70,2026-08-18 01:24:00,SUCCESS
46257,10,2,204.50,2026-08-03 15:39:00,REFUNDED
46258,2,12,3680.10,2026-08-10 15:13:00,FAILED
46259,2,10,2051.90,2026-08-29 17:47:00,SUCCESS
46260,1,15,3074.20,2026-08-16 12:54:00,SUCCESS
46261,3,1,4766.50,2026-08-15 11:05:00,FAILED
46262,4,8,4271.20,2026-08-02 22:30:00,FAILED
46263,6,11,393.80,2026-08-01 09:54:00,REFUNDED
46264,3,9,984.80,2026-08-22 03:16:00,FAILED
46265,1,18,828.80,2026-08-14 19:41:00,REFUNDED
46266,8,12,2066.30,2026-08-13 03:36:00,PENDING
46267,6,18,2811.60,2026-08-16 07:55:00,FAILED
46268,7,12,779.70,2026-08-08 07:58:00,SUCCESS
46269,1,18,2244.40,2026-08-10 16:39:00,FAILED
46270,4,3,1861.70,2026-08-12 00:53:00,PENDING
46271,6,1,706.50,2026-08-03 00:40:00,REFUNDED
46272,1,5,4740.40,2026-08-18 11:21:00,REFUNDED
46273,7,16,3466.80,2026-08-03 00:02:00,FAILED
46274,8,1,2547.30,2026-08-08 17:26:00,SUCCESS
46275,10,7,3814.50,2026-08-26 15:34:00,REFUNDED
46276,9,2,2686.60,2026-08-19 11:47:00,PENDING
46277,7,15,1955.30,2026-08-08 03:17:00,SUCCESS
46278,7,5,850.50,2026-08-14 17:02:00,REFUNDED
46279,4,20,388.10,2026-08-01 11:28:00,FAILED
46280,6,16,3317.40,2026-08-05 17:23:00,FAILED
46281,5,15,3875.40,2026-08-15 21:11:00,PENDING
46282,6,4,3437.30,2026-08-16 16:05:00,FAILED
46283,5,13,3965.40,2026-08-21 03:31:00,FAILED
46284,3,3,802.50,2026-08-10 03:39:00,PENDING
46285,6,17,902.90,2026-08-04 07:08:00,PENDING
46286,5,19,3149.50,2026-08-14 18:24:00,SUCCESS
46287,10,5,4935.60,2026-08-06 05:30:00,REFUNDED
46288,1,19,3649.20,2026-08-26 00:28:00,REFUNDED
46289,6,1,793.70,2026-08-11 07:39:00,FAILED
46290,7,17,3693.80,2026-08-24 15:37:00,REFUNDED
46291,8,4,4741.30,2026-08-16 16:15:00,PENDING
46292,1,3,3381.90,2026-08-27 03:46:00,FAILED
46293,6,3,3094.50,2026-08-29 23:20:00,FAILED
46294,5,1,342.80,2026-08-05 21:31:00,FAILED
46295,9,11,2812.70,2026-08-16 18:30:00,FAILED
46296,4,1,1426.30,2026-08-06 09:43:00,FAILED
46297,3,13,771.30,2026-08-10 02:37:00,FAILED
46298,10,7,1564.50,2026-08-01 11:17:00,SUCCESS
46299,1,13,3341.90,2026-08-26 07:05:00,FAILED
46300,4,3,4031.30,2026-08-14 06:39:00,SUCCESS
46301,9,13,2018.50,2026-08-26 23:28:00,FAILED
46302,4,9,2202.80,2026-08-17 10:56:00,PENDING
46303,2,3,3354.30,2026-08-29 15:51:00,PENDING
46304,7,10,2849.80,2026-08-03 15:34:00,PENDING
46305,7,20,2274.10,2026-08-10 10:54:00,PENDING
46306,2,13,1308.00,2026-08-02 17:22:00,PENDING
46307,1,19,4445.50,2026-08-07 05:55:00,SUCCESS
46308,2,16,2632.80,2026-08-15 01:59:00,PENDING
46309,7,16,4055.60,2026-08-20 14:25:00,FAILED
46310,10,9,822.60,2026-08-06 14:14:00,FAILED
46311,10,17,587.60,2026-08-18 23:44:00,SUCCESS
46312,10,9,1468.60,2026-08-23 23:27:00,SUCCESS
46313,9,1,2300.40,2026-08-28 16:41:00,SUCCESS
46314,5,6,2795.40,2026-08-24 22:49:00,FAILED
46315,10,11,4455.80,2026-08-29 03:17:00,FAILED
46316,7,17,550.40,2026-08-11 14:50:00,REFUNDED
46317,7,1,2787.60,2026-08-09 12:18:00,REFUNDED
46318,7,5,512.10,2026-08-02 16:22:00,FAILED
46319,5,13,1808.60,2026-08-01 18:54:00,FAILED
46320,1,15,1282.60,2026-08-19 22:45:00,REFUNDED
46321,8,16,4739.80,2026-08-22 18:00:00,REFUNDED
46322,6,14,1675.50,2026-08-24 19:00:00,SUCCESS
46323,8,19,4960.50,2026-08-19 04:48:00,PENDING
46324,2,4,2787.60,2026-08-17 02:56:00,REFUNDED
46325,2,13,1350.30,2026-08-25 12:50:00,FAILED
46326,5,5,1414.70,2026-08-14 10:47:00,FAILED
46327,1,1,NOT_A_NUMBER,2026-08-01 12:00:00,SUCCESS
46328,4,19,4356.20,2026-08-04 13:25:00,FAILED
46329,5,19,1089.90,2026-08-22 03:15:00,SUCCESS
46330,5,20,3464.50,2026-08-16 19:20:00,REFUNDED
46331,9,1,2698.10,2026-08-31 00:31:00,PENDING
46332,10,20,1588.30,2026-08-11 12:35:00,SUCCESS
46333,2,19,4462.60,2026-08-03 20:00:00,REFUNDED
46334,5,3,1081.30,2026-08-04 04:01:00,FAILED
46335,10,5,3055.30,2026-08-14 13:53:00,FAILED
46336,10,20,4821.70,2026-08-27 07:20:00,PENDING
46337,3,12,2355.00,2026-08-03 23:29:00,FAILED
46338,3,15,4149.60,2026-08-10 04:45:00,SUCCESS
46339,1,5,1186.70,2026-08-27 19:41:00,PENDING
46340,8,16,4808.20,2026-08-06 23:39:00,FAILED
46341,9,5,456.50,2026-08-02 13:09:00,SUCCESS
46342,10,5,1641.40,2026-08-17 23:50:00,REFUNDED
46343,3,4,1703.40,2026-08-23 06:23:00,PENDING
46344,5,2,3481.90,2026-08-07 18:20:00,SUCCESS
46345,2,7,2802.20,2026-08-18 09:45:00,SUCCESS
46346,3,7,2973.80,2026-08-17 05:09:00,REFUNDED
46347,4,13,681.70,2026-08-12 03:30:00,SUCCESS
46348,10,10,274.90,2026-08-30 21:58:00,SUCCESS
46349,2,7,4667.00,2026-08-26 22:47:00,FAILED
46350,2,16,1075.70,2026-08-10 16:55:00,PENDING
46351,10,15,1789.80,2026-08-06 02:20:00,REFUNDED
46352,9,14,1320.40,2026-08-18 01:53:00,PENDING
46353,6,13,3480.30,2026-08-20 11:44:00,REFUNDED
46354,3,3,713.80,2026-08-29 08:16:00,PENDING
46355,7,5,2907.30,2026-08-21 07:21:00,REFUNDED
46356,3,11,1678.00,2026-08-21 12:47:00,SUCCESS
46357,8,7,3226.50,2026-08-28 22:00:00,PENDING
46358,1,18,4993.20,2026-08-23 15:18:00,SUCCESS
46359,10,14,91.20,2026-08-21 19:35:00,SUCCESS
46360,7,6,3397.80,2026-08-09 19:41:00,PENDING
46361,3,19,1151.00,2026-08-27 01:11:00,REFUNDED
46362,9,11,5035.10,2026-08-24 05:44:00,FAILED
46363,4,3,2666.50,2026-08-26 11:19:00,FAILED
46364,7,19,891.40,2026-08-02 20:40:00,FAILED
46365,7,3,1517.80,2026-08-07 16:34:00,FAILED
46366,6,11,647.00,2026-08-23 15:29:00,REFUNDED
46367,8,17,4698.90,2026-08-18 10:17:00,FAILED
46368,5,9,3085.00,2026-08-28 03:24:00,SUCCESS
46369,3,5,2780.60,2026-08-19 13:19:00,REFUNDED
46370,10,20,1732.20,2026-08-30 01:04:00,FAILED
46371,9,6,4171.10,2026-08-06 09:37:00,PENDING
46372,4,14,1559.70,2026-08-26 10:53:00,FAILED
46373,1,11,3868.10,2026-08-03 21:58:00,FAILED
46374,3,11,3023.40,2026-08-19 02:50:00,SUCCESS
46375,4,6,4464.70,2026-08-20 16:40:00,SUCCESS
46376,1,5,4401.70,2026-08-19 11:26:00,PENDING
46377,8,4,3816.30,2026-08-13 02:10:00,SUCCESS
46378,8,7,1187.30,2026-08-03 21:20:00,REFUNDED
46379,8,5,3570.80,2026-08-04 23:15:00,REFUNDED
46380,9,20,2110.40,2026-08-11 21:57:00,FAILED
46381,3,13,2518.00,2026-08-08 10:06:00,REFUNDED
46382,6,20,1320.80,2026-08-19 02:43:00,REFUNDED
46383,7,14,467.40,2026-08-11 07:52:00,PENDING
46384,10,14,3297.20,2026-08-04 12:15:00,SUCCESS
46385,7,20,1320.50,2026-08-13 22:05:00,FAILED
46386,5,8,478.20,2026-08-19 14:57:00,PENDING
46387,7,10,4439.30,2026-08-28 11:49:00,SUCCESS
46388,9,11,1575.40,2026-08-31 07:26:00,REFUNDED
46389,10,19,4310.40,2026-08-14 08:12:00,REFUNDED
46390,9,9,1377.20,2026-08-08 21:16:00,FAILED
46391,6,2,3602.80,2026-08-10 09:19:00,SUCCESS
46392,7,11,3804.80,2026-08-30 09:57:00,FAILED
46393,7,18,1088.30,2026-08-17 07:44:00,PENDING
46394,4,13,4554.80,2026-08-15 05:34:00,REFUNDED
46395,1,20,3654.10,2026-08-18 07:27:00,SUCCESS
46396,7,7,1045.40,2026-08-19 03:43:00,SUCCESS
46397,3,7,3947.50,2026-08-24 20:31:00,REFUNDED
46398,7,14,3188.20,2026-08-22 19:40:00,SUCCESS
46399,10,14,3306.00,2026-08-03 19:23:00,REFUNDED
46400,4,15,4505.70,2026-08-24 11:33:00,FAILED
46401,6,3,3447.50,2026-08-12 12:39:00,FAILED
46402,10,14,118.70,2026-08-15 00:11:00,FAILED
46403,6,11,5010.60,2026-08-27 22:30:00,PENDING
46404,8,6,1018.40,2026-08-25 12:15:00,FAILED
46405,10,17,3955.50,2026-08-25 06:47:00,FAILED
46406,1,17,2453.20,2026-08-16 14:40:00,PENDING
46407,4,14,4670.70,2026-08-25 23:55:00,REFUNDED
46408,8,19,193.10,2026-08-02 03:08:00,PENDING
46409,8,10,3759.20,2026-08-08 13:11:00,SUCCESS
46410,8,20,4355.80,2026-08-29 07:59:00,REFUNDED
46411,10,8,1548.10,2026-08-10 10:04:00,SUCCESS
46412,8,15,1362.20,2026-08-20 12:24:00,REFUNDED
46413,7,3,114.60,2026-08-27 07:22:00,FAILED
46414,6,12,3895.00,2026-08-20 10:18:00,PENDING
46415,3,8,2034.90,2026-08-08 18:10:00,FAILED
46416,2,6,4254.50,2026-08-15 10:23:00,FAILED
46417,1,1,3316.50,2026-08-01 17:03:00,FAILED
46418,3,16,2836.10,2026-08-07 19:37:00,PENDING
46419,2,12,4380.30,2026-08-03 02:13:00,PENDING
46420,5,18,4589.00,2026-08-14 01:14:00,PENDING
46421,3,7,65.00,2026-08-19 03:11:00,FAILED
46422,1,5,942.60,2026-08-09 10:32:00,FAILED
46423,9,16,464.40,2026-08-24 16:21:00,SUCCESS
46424,5,20,3533.40,2026-08-15 06:12:00,FAILED
46425,5,1,1502.00,2026-08-08 05:47:00,PENDING
46426,1,19,2370.50,2026-08-29 04:28:00,REFUNDED
46427,1,15,1847.50,2026-08-04 13:17:00,FAILED
46428,8,4,4021.30,2026-08-01 13:22:00,REFUNDED
46429,2,18,4014.20,2026-08-28 04:04:00,REFUNDED
46430,9,16,2313.10,2026-08-24 04:38:00,REFUNDED
46431,1,1,4248.80,2026-08-19 21:40:00,REFUNDED
46432,9,4,1323.30,2026-08-29 07:07:00,PENDING
46433,9,5,3050.00,2026-08-01 09:11:00,FAILED
46434,2,15,317.60,2026-08-24 06:06:00,FAILED
46435,3,3,4135.40,2026-08-10 03:52:00,FAILED
46436,8,5,3935.40,2026-08-20 13:31:00,FAILED
46437,2,5,1641.60,2026-08-08 08:36:00,FAILED
46438,2,16,1182.80,2026-08-03 05:16:00,FAILED
46439,1,20,4217.60,2026-08-02 09:41:00,FAILED
46440,3,9,4253.30,2026-08-10 13:29:00,PENDING
46441,4,4,1436.70,2026-08-30 11:10:00,FAILED
46442,6,5,1768.10,2026-08-12 00:07:00,REFUNDED
46443,7,16,2058.40,2026-08-08 04:21:00,REFUNDED
46444,2,8,1634.30,2026-08-05 15:24:00,SUCCESS
46445,7,12,3565.90,2026-08-03 11:23:00,REFUNDED
46446,8,4,999.20,2026-08-03 22:08:00,SUCCESS
46447,7,8,4499.00,2026-08-21 10:19:00,REFUNDED
46448,5,16,1255.80,2026-08-19 04:42:00,PENDING
46449,9,9,2411.00,2026-08-04 07:28:00,SUCCESS
46450,8,15,2242.30,2026-08-15 18:32:00,SUCCESS
46451,8,16,3578.20,2026-08-23 06:28:00,SUCCESS
46452,2,19,1203.50,2026-08-19 22:01:00,PENDING
46453,4,16,798.90,2026-08-10 07:13:00,SUCCESS
46454,8,16,4454.20,2026-08-28 23:53:00,FAILED
46455,4,13,3388.00,2026-08-08 20:45:00,SUCCESS
46456,1,1,5000,2026-08-01 12:00:00,UNKNOWN_STATUS
46457,2,16,4126.10,2026-08-05 02:52:00,FAILED
46458,4,11,3649.30,2026-08-12 13:55:00,SUCCESS
46459,9,12,401.50,2026-08-07 17:23:00,REFUNDED
46460,2,11,184.90,2026-08-25 06:27:00,PENDING
46461,10,5,3799.50,2026-08-02 20:02:00,FAILED
46462,3,1,4734.60,2026-08-04 02:23:00,PENDING
46463,3,12,523.20,2026-08-16 00:17:00,SUCCESS
46464,7,15,4056.00,2026-08-23 23:32:00,REFUNDED
46465,4,17,1511.00,2026-08-08 01:37:00,REFUNDED
46466,10,2,2348.90,2026-08-06 11:01:00,SUCCESS
46467,6,4,2802.10,2026-08-22 12:13:00,FAILED
46468,1,4,3129.30,2026-08-05 21:13:00,SUCCESS
46469,10,9,851.20,2026-08-11 18:10:00,REFUNDED
46470,9,18,1695.50,2026-08-05 23:18:00,FAILED
46471,5,1,97.20,2026-08-14 23:44:00,REFUNDED
46472,8,4,173.50,2026-08-30 18:16:00,SUCCESS
46473,2,14,2507.20,2026-08-10 18:57:00,PENDING
46474,10,17,4513.60,2026-08-10 01:44:00,PENDING
46475,1,16,2406.80,2026-08-19 00:36:00,PENDING
46476,2,4,2070.50,2026-08-01 15:27:00,REFUNDED
46477,10,11,3804.10,2026-08-26 00:48:00,SUCCESS
46478,10,7,2814.90,2026-08-29 00:31:00,SUCCESS
46479,5,3,94.70,2026-08-27 18:57:00,REFUNDED
46480,4,17,1545.50,2026-08-30 23:59:00,REFUNDED
46481,1,3,4126.90,2026-08-09 03:58:00,SUCCESS
46482,8,2,4488.10,2026-08-17 00:56:00,SUCCESS
46483,3,4,1452.20,2026-08-08 17:16:00,PENDING
46484,7,3,2851.80,2026-08-17 00:32:00,REFUNDED
46485,10,16,3411.20,2026-08-03 08:10:00,PENDING
46486,6,17,125.50,2026-08-14 23:33:00,FAILED
46487,9,11,3252.10,2026-08-24 06:14:00,FAILED
46488,7,9,3475.40,2026-08-30 05:55:00,SUCCESS
46489,6,3,3686.40,2026-08-17 18:17:00,FAILED
46490,4,6,2894.50,2026-08-03 01:54:00,FAILED
46491,10,2,1337.50,2026-08-18 23:46:00,REFUNDED
46492,3,10,2159.90,2026-08-26 06:07:00,FAILED
46493,4,17,348.70,2026-08-26 04:07:00,SUCCESS
46494,2,15,4473.30,2026-08-27 22:21:00,REFUNDED
46495,10,15,1566.50,2026-08-16 21:07:00,FAILED
46496,2,7,332.80,2026-08-17 00:10:00,PENDING
46497,9,12,3956.30,2026-08-12 12:10:00,PENDING
46498,9,7,4767.40,2026-08-08 16:19:00,REFUNDED
46499,3,1,2482.60,2026-08-26 09:44:00,PENDING
46500,9,3,731.60,2026-08-14 15:47:00,SUCCESS
46501,8,14,587.60,2026-08-20 02:07:00,SUCCESS
46502,5,6,3573.00,2026-08-15 16:14:00,PENDING
46503,8,3,2139.60,2026-08-23 14:45:00,FAILED
46504,2,1,1387.80,2026-08-01 20:40:00,PENDING
46505,5,6,4582.00,2026-08-06 02:38:00,REFUNDED
46506,5,2,844.20,2026-08-28 07:32:00,SUCCESS
46507,2,19,4848.80,2026-08-25 16:07:00,REFUNDED
46508,1,7,2223.40,2026-08-18 01:01:00,REFUNDED
46509,3,4,2988.40,2026-08-18 03:23:00,PENDING
46510,3,4,728.50,2026-08-09 18:42:00,FAILED
46511,8,4,4825.10,2026-08-24 21:19:00,REFUNDED
46512,3,15,1219.80,2026-08-14 13:17:00,FAILED
46513,1,16,512.40,2026-08-20 18:22:00,REFUNDED
46514,1,3,1592.80,2026-08-26 18:59:00,REFUNDED
46515,6,14,4124.50,2026-08-29 12:36:00,PENDING
46516,10,6,1682.30,2026-08-02 02:30:00,SUCCESS
46517,4,6,4409.70,2026-08-18 00:52:00,FAILED
46518,4,3,853.90,2026-08-16 12:02:00,SUCCESS
46519,9,12,3061.90,2026-08-14 09:57:00,FAILED
46520,10,8,1156.40,2026-08-26 13:44:00,FAILED
46521,9,5,1083.10,2026-08-23 04:02:00,SUCCESS
46522,8,10,3497.70,2026-08-12 07:33:00,PENDING
46523,8,19,4880.30,2026-08-03 19:12:00,FAILED
46524,8,7,96.20,2026-08-31 07:09:00,PENDING
46525,4,4,3694.90,2026-08-19 17:14:00,REFUNDED
46526,10,18,2443.00,2026-08-20 18:02:00,FAILED
46527,10,17,4941.90,2026-08-02 10:27:00,REFUNDED
46528,8,7,4354.00,2026-08-20 23:58:00,PENDING
46529,2,18,1646.70,2026-08-15 00:07:00,REFUNDED
46530,6,17,4058.90,2026-08-29 17:54:00,REFUNDED
46531,8,8,3677.50,2026-08-26 13:38:00,REFUNDED
46532,1,7,3651.80,2026-08-22 12:45:00,PENDING
46533,8,8,2356.50,2026-08-24 08:16:00,PENDING
46534,9,19,1578.10,2026-08-04 00:39:00,PENDING
46535,4,16,172.80,2026-08-06 16:12:00,SUCCESS
46536,10,19,3248.60,2026-08-26 11:30:00,SUCCESS
46537,1,11,1587.80,2026-08-26 05:17:00,SUCCESS
46538,2,13,4330.90,2026-08-10 08:28:00,REFUNDED
46539,3,13,1277.00,2026-08-14 08:43:00,SUCCESS
46540,9,9,749.60,2026-08-03 23:10:00,SUCCESS
46541,8,8,833.00,2026-08-15 02:32:00,REFUNDED
46542,1,15,2270.70,2026-08-10 19:52:00,FAILED
46543,5,1,4700.20,2026-08-18 23:26:00,FAILED
46544,7,13,704.70,2026-08-29 23:40:00,SUCCESS
46545,10,19,4810.30,2026-08-17 11:14:00,PENDING
46546,7,16,4826.00,2026-08-19 02:46:00,FAILED
46547,10,4,3365.50,2026-08-22 08:49:00,REFUNDED
46548,10,7,1919.50,2026-08-11 05:07:00,FAILED
46549,4,18,4153.50,2026-08-25 05:56:00,REFUNDED
46550,7,17,1429.50,2026-08-23 01:47:00,REFUNDED
46551,8,10,897.70,2026-08-15 06:20:00,FAILED
46552,7,4,4140.90,2026-08-02 11:48:00,PENDING
46553,4,11,2056.90,2026-08-17 12:24:00,SUCCESS
46554,1,8,4215.70,2026-08-01 16:47:00,FAILED
46555,10,11,2328.20,2026-08-24 05:47:00,PENDING
46556,1,9,1362.50,2026-08-18 12:14:00,SUCCESS
46557,3,13,2294.20,2026-08-20 19:40:00,FAILED
46558,5,14,4475.00,2026-08-29 16:53:00,REFUNDED
46559,1,19,330.50,2026-08-24 00:14:00,FAILED
46560,7,10,4420.20,2026-08-22 22:40:00,PENDING
46561,6,11,2855.10,2026-08-05 05:31:00,SUCCESS
46562,8,18,3040.90,2026-08-12 22:31:00,SUCCESS
46563,3,7,3552.90,2026-08-02 06:32:00,FAILED
46564,6,2,1803.60,2026-08-26 15:30:00,SUCCESS
46565,4,12,3190.40,2026-08-03 21:59:00,SUCCESS
46566,1,20,3441.60,2026-08-11 02:11:00,FAILED
46567,3,16,4240.60,2026-08-05 14:58:00,REFUNDED
46568,3,19,3880.90,2026-08-17 00:48:00,REFUNDED
46569,3,17,3110.50,2026-08-28 20:33:00,SUCCESS
46570,5,18,2418.50,2026-08-03 04:18:00,FAILED
46571,8,6,2258.70,2026-08-07 21:54:00,REFUNDED
46572,8,16,1891.60,2026-08-26 21:52:00,SUCCESS
46573,5,6,3441.70,2026-08-26 03:42:00,FAILED
46574,3,13,1581.80,2026-08-14 10:43:00,REFUNDED
46575,5,7,3729.40,2026-08-14 03:24:00,SUCCESS
46576,2,7,656.10,2026-08-16 00:35:00,SUCCESS
46577,5,17,4699.90,2026-08-17 23:18:00,FAILED
46578,9,18,1036.20,2026-08-28 02:00:00,REFUNDED
46579,9,4,1944.10,2026-08-20 04:39:00,PENDING
46580,10,1,1631.70,2026-08-21 01:40:00,PENDING
46581,1,18,1860.60,2026-08-12 15:36:00,FAILED
46582,1,10,2437.20,2026-08-11 10:10:00,PENDING
46583,8,19,4743.90,2026-08-03 16:04:00,PENDING
46584,10,19,3824.60,2026-08-31 02:14:00,PENDING
46585,4,9,2946.90,2026-08-30 23:27:00,PENDING
46586,8,8,1904.10,2026-08-03 19:31:00,PENDING
46587,5,3,1120.90,2026-08-24 21:05:00,SUCCESS
46588,3,9,3936.70,2026-08-10 12:08:00,REFUNDED
46589,2,12,4080.00,2026-08-17 09:50:00,REFUNDED
46590,5,15,516.90,2026-08-23 02:04:00,SUCCESS
46591,10,20,2982.50,2026-08-26 09:51:00,FAILED
46592,5,7,3581.80,2026-08-13 01:14:00,FAILED
46593,1,1,5000,2026-08-01 12:00:00,UNKNOWN_STATUS
46594,10,2,4440.50,2026-08-15 00:13:00,PENDING
46595,2,13,1422.40,2026-08-21 09:11:00,REFUNDED
46596,1,2,1655.80,2026-08-12 23:34:00,REFUNDED
46597,7,13,155.60,2026-08-05 14:20:00,PENDING
46598,9,8,467.30,2026-08-12 22:02:00,FAILED
46599,2,19,1662.10,2026-08-10 14:34:00,SUCCESS
46600,4,8,4736.70,2026-08-20 08:28:00,REFUNDED
46601,9,7,2395.40,2026-08-26 10:16:00,PENDING
46602,8,8,2405.60,2026-08-01 23:58:00,FAILED
46603,1,9,3528.00,2026-08-10 17:38:00,SUCCESS
46604,5,18,2964.70,2026-08-12 18:32:00,SUCCESS
46605,2,9,1826.40,2026-08-02 08:31:00,PENDING
46606,2,18,1898.90,2026-08-22 13:12:00,PENDING
46607,3,17,4796.10,2026-08-22 01:42:00,SUCCESS
46608,6,12,4802.10,2026-08-06 01:10:00,SUCCESS
46609,1,1,5000,INVALID_DATE_TIME,SUCCESS
46610,4,18,1593.30,2026-08-15 11:58:00,REFUNDED
46611,3,9,2464.60,2026-08-14 03:51:00,REFUNDED
46612,6,6,444.00,2026-08-05 20:15:00,REFUNDED
46613,5,3,4984.30,2026-08-11 00:02:00,FAILED
46614,6,18,3867.50,2026-08-10 08:35:00,PENDING
46615,7,12,4928.30,2026-08-10 14:52:00,SUCCESS
46616,2,1,1876.80,2026-08-21 15:12:00,PENDING
46617,9,10,1210.90,2026-08-17 23:51:00,FAILED
46618,3,9,4748.70,2026-08-09 11:37:00,FAILED
46619,9,5,3831.70,2026-08-28 14:16:00,SUCCESS
46620,10,12,2521.10,2026-08-28 04:08:00,SUCCESS
46621,5,8,1890.90,2026-08-09 18:33:00,REFUNDED
46622,6,9,2646.30,2026-08-24 00:12:00,FAILED
46623,1,9,2426.60,2026-08-11 09:44:00,PENDING
46624,2,8,3868.30,2026-08-11 00:03:00,REFUNDED
46625,1,16,855.80,2026-08-09 22:35:00,SUCCESS
46626,8,9,4255.30,2026-08-17 16:16:00,SUCCESS
46627,3,16,3891.80,2026-08-26 22:50:00,SUCCESS
46628,4,14,5031.90,2026-08-13 16:17:00,FAILED
46629,4,16,114.50,2026-08-30 17:40:00,FAILED
46630,6,20,1137.80,2026-08-17 12:49:00,SUCCESS
46631,9,16,4841.90,2026-08-14 13:32:00,FAILED
46632,9,9,3599.60,2026-08-12 22:29:00,SUCCESS
46633,3,9,617.00,2026-08-05 02:16:00,REFUNDED
46634,4,17,2474.20,2026-08-05 18:52:00,SUCCESS
46635,7,5,3680.00,2026-08-05 18:34:00,SUCCESS
46636,10,14,2546.60,2026-08-21 22:18:00,PENDING
46637,4,16,365.90,2026-08-17 21:01:00,PENDING
46638,2,10,2300.00,2026-08-09 07:23:00,PENDING
46639,9,7,2034.50,2026-08-05 22:43:00,FAILED
46640,2,11,1649.80,2026-08-23 08:08:00,FAILED
46641,6,9,3912.30,2026-08-26 09:48:00,SUCCESS
46642,10,5,1464.80,2026-08-13 12:07:00,REFUNDED
46643,3,7,2645.00,2026-08-10 02:16:00,REFUNDED
46644,9,6,3488.00,2026-08-11 03:24:00,SUCCESS
46645,5,1,4636.70,2026-08-30 13:47:00,REFUNDED
46646,5,11,1121.90,2026-08-10 20:35:00,PENDING
46647,8,8,86.20,2026-08-12 23:25:00,REFUNDED
46648,5,14,1332.60,2026-08-06 00:54:00,PENDING
46649,2,18,4600.50,2026-08-21 00:11:00,FAILED
46650,10,5,2965.70,2026-08-17 22:49:00,REFUNDED
46651,5,16,4987.30,2026-08-08 02:30:00,PENDING
46652,9,14,1027.40,2026-08-05 11:17:00,PENDING
46653,2,3,3694.80,2026-08-10 13:20:00,REFUNDED
46654,10,19,1965.20,2026-08-17 17:08:00,FAILED
46655,1,4,2842.40,2026-08-12 12:28:00,REFUNDED
46656,5,17,1252.80,2026-08-08 18:35:00,SUCCESS
46657,10,14,4818.80,2026-08-03 20:54:00,SUCCESS
46658,5,9,1438.30,2026-08-17 05:05:00,REFUNDED
46659,9,7,1067.10,2026-08-19 22:28:00,FAILED
46660,6,4,2932.10,2026-08-07 15:02:00,PENDING
46661,9,5,1310.70,2026-08-29 03:43:00,REFUNDED
46662,10,9,2958.30,2026-08-11 15:26:00,FAILED
46663,3,20,814.30,2026-08-30 15:10:00,REFUNDED
46664,2,15,3415.60,2026-08-10 18:07:00,FAILED
46665,10,9,2829.40,2026-08-24 06:22:00,FAILED
46666,1,19,2478.70,2026-08-12 14:02:00,SUCCESS
46667,7,5,1747.30,2026-08-13 21:01:00,REFUNDED
46668,2,7,1629.30,2026-08-28 14:31:00,REFUNDED
46669,9,9,2401.10,2026-08-28 13:53:00,FAILED
46670,5,11,2962.00,2026-08-04 07:14:00,FAILED
46671,7,13,3662.80,2026-08-20 05:11:00,SUCCESS
46672,2,9,2846.70,2026-08-10 15:36:00,SUCCESS
46673,9,19,1457.00,2026-08-22 04:32:00,REFUNDED
46674,5,3,1104.80,2026-08-28 05:10:00,REFUNDED
46675,6,16,4039.10,2026-08-25 05:51:00,SUCCESS
46676,5,16,2264.50,2026-08-26 02:23:00,REFUNDED
46677,9,18,329.70,2026-08-24 17:22:00,FAILED
46678,4,14,751.30,2026-08-04 10:36:00,FAILED
46679,5,20,3298.90,2026-08-17 09:17:00,PENDING
46680,2,15,2802.70,2026-08-29 21:55:00,PENDING
46681,8,9,4495.10,2026-08-27 23:27:00,PENDING
46682,10,20,1727.70,2026-08-22 11:43:00,SUCCESS
46683,5,4,4827.60,2026-08-15 13:23:00,FAILED
46684,1,5,546.90,2026-08-09 12:29:00,REFUNDED
46685,4,16,1161.90,2026-08-17 22:20:00,SUCCESS
46686,4,9,5002.40,2026-08-02 23:15:00,REFUNDED
46687,4,19,2327.40,2026-08-21 20:15:00,SUCCESS
46688,7,17,3672.80,2026-08-01 15:40:00,FAILED
46689,1,10,876.00,2026-08-07 14:32:00,SUCCESS
46690,3,9,3675.70,2026-08-13 09:08:00,SUCCESS
46691,7,16,1831.20,2026-08-29 10:08:00,FAILED
46692,9,2,1099.40,2026-08-22 07:22:00,FAILED
46693,1,1,NOT_A_NUMBER,2026-08-01 12:00:00,SUCCESS
46694,6,15,3574.40,2026-08-12 19:52:00,PENDING
46695,9,19,1662.30,2026-08-16 01:43:00,FAILED
46696,4,6,3765.00,2026-08-22 11:58:00,FAILED
46697,1,1,5000,INVALID_DATE_TIME,SUCCESS
46698,4,15,917.40,2026-08-10 03:46:00,SUCCESS
46699,9,7,4255.90,2026-08-11 19:59:00,REFUNDED
46700,4,7,516.40,2026-08-16 00:20:00,FAILED
46701,5,3,3288.80,2026-08-03 22:48:00,SUCCESS
46702,5,7,2203.90,2026-08-22 02:48:00,FAILED
46703,5,4,2236.20,2026-08-19 12:35:00,PENDING
46704,10,19,1149.30,2026-08-19 03:02:00,SUCCESS
46705,7,12,3092.40,2026-08-19 10:31:00,REFUNDED
46706,1,100.00
46707,10,3,4940.80,2026-08-11 20:20:00,SUCCESS
46708,2,6,2875.90,2026-08-29 09:19:00,REFUNDED
46709,3,9,864.60,2026-08-22 13:48:00,REFUNDED
46710,7,1,3391.60,2026-08-25 10:26:00,REFUNDED
46711,7,13,3095.30,2026-08-23 10:53:00,SUCCESS
46712,10,17,2216.90,2026-08-06 19:40:00,SUCCESS
46713,9,5,681.80,2026-08-03 03:05:00,PENDING
46714,3,3,2753.40,2026-08-30 10:22:00,REFUNDED
46715,2,20,228.60,2026-08-26 06:32:00,FAILED
46716,10,15,1557.70,2026-08-31 04:44:00,FAILED
46717,1,11,1923.90,2026-08-01 11:49:00,PENDING
46718,10,16,4785.20,2026-08-13 02:19:00,SUCCESS
46719,1,1,4306.30,2026-08-14 05:50:00,PENDING
46720,2,6,1830.60,2026-08-12 22:29:00,FAILED
46721,10,6,2882.70,2026-08-14 11:44:00,SUCCESS
46722,7,2,465.80,2026-08-11 23:42:00,SUCCESS
46723,7,7,980.80,2026-08-22 19:35:00,SUCCESS
46724,8,14,883.70,2026-08-11 18:49:00,REFUNDED
46725,9,3,961.10,2026-08-16 05:49:00,PENDING
46726,4,6,3263.20,2026-08-25 10:10:00,SUCCESS
46727,7,17,4554.00,2026-08-21 09:46:00,PENDING
46728,1,1,5000,INVALID_DATE_TIME,SUCCESS
46729,3,7,2219.50,2026-08-27 12:12:00,FAILED
46730,9,4,4880.70,2026-08-05 13:53:00,SUCCESS
46731,6,5,673.30,2026-08-05 13:48:00,PENDING
46732,3,20,4405.40,2026-08-14 12:04:00,SUCCESS
46733,6,12,3657.60,2026-08-01 13:30:00,PENDING
46734,2,13,4294.90,2026-08-27 06:45:00,REFUNDED
46735,7,3,4402.20,2026-08-28 04:17:00,SUCCESS
46736,8,4,3829.70,2026-08-17 02:48:00,REFUNDED
46737,3,11,3282.60,2026-08-19 02:16:00,SUCCESS
46738,10,17,3081.30,2026-08-26 21:25:00,REFUNDED
46739,1,9,552.10,2026-08-03 10:53:00,PENDING
46740,7,5,4651.10,2026-08-26 19:04:00,FAILED
46741,10,2,1489.70,2026-08-22 10:21:00,PENDING
46742,2,19,2426.40,2026-08-14 18:24:00,FAILED
46743,1,4,3262.00,2026-08-08 06:37:00,FAILED
46744,2,10,4293.70,2026-08-01 09:00:00,PENDING
46745,4,19,766.60,2026-08-16 14:25:00,PENDING
46746,1,20,709.90,2026-08-19 15:10:00,REFUNDED
46747,4,16,2260.80,2026-08-05 22:01:00,SUCCESS
46748,1,2,2394.40,2026-08-22 11:40:00,FAILED
46749,9,7,608.80,2026-08-08 08:38:00,REFUNDED
46750,5,3,3081.00,2026-08-27 08:06:00,PENDING
46751,7,8,1368.80,2026-08-08 06:28:00,PENDING
46752,7,12,1534.60,2026-08-16 19:57:00,FAILED
46753,3,16,2003.30,2026-08-15 16:14:00,SUCCESS
46754,4,1,1985.50,2026-08-01 19:42:00,REFUNDED
46755,7,6,1519.80,2026-08-12 09:27:00,PENDING
46756,1,3,2557.80,2026-08-21 02:38:00,FAILED
46757,10,7,629.20,2026-08-30 07:36:00,REFUNDED
46758,3,4,3422.50,2026-08-28 07:43:00,PENDING
46759,3,13,3776.50,2026-08-11 15:58:00,PENDING
46760,5,13,2253.80,2026-08-21 14:51:00,REFUNDED
46761,10,20,2026.50,2026-08-07 23:14:00,SUCCESS
46762,2,13,4055.10,2026-08-13 20:41:00,PENDING
46763,1,12,613.10,2026-08-20 04:41:00,REFUNDED
46764,4,11,491.00,2026-08-10 12:29:00,FAILED
46765,1,9,287.60,2026-08-30 21:55:00,PENDING
46766,4,16,3263.20,2026-08-08 20:37:00,PENDING
46767,4,3,279.50,2026-08-21 10:59:00,REFUNDED
46768,6,3,5046.10,2026-08-04 22:13:00,PENDING
46769,5,13,4194.10,2026-08-02 10:58:00,SUCCESS
46770,7,5,4997.60,2026-08-27 05:57:00,REFUNDED
46771,1,14,622.30,2026-08-15 10:43:00,PENDING
46772,8,8,1928.80,2026-08-21 16:11:00,PENDING
46773,2,10,175.00,2026-08-16 02:35:00,SUCCESS
46774,7,15,4489.70,2026-08-07 15:01:00,FAILED
46775,7,12,3078.80,2026-08-29 18:36:00,FAILED
46776,5,16,837.90,2026-08-07 13:21:00,PENDING
46777,7,16,4377.50,2026-08-19 05:23:00,FAILED
46778,10,13,538.20,2026-08-02 09:29:00,SUCCESS
46779,7,14,4784.80,2026-08-17 07:38:00,PENDING
46780,1,5,2395.10,2026-08-12 02:55:00,SUCCESS
46781,6,18,325.50,2026-08-07 10:04:00,FAILED
46782,4,6,3307.70,2026-08-04 10:06:00,FAILED
46783,9,14,2060.30,2026-08-21 01:44:00,PENDING
46784,1,11,4205.50,2026-08-12 01:32:00,REFUNDED
46785,4,10,4013.30,2026-08-20 02:27:00,SUCCESS
46786,6,9,4976.30,2026-08-10 14:48:00,REFUNDED
46787,8,11,379.10,2026-08-29 20:32:00,PENDING
46788,9,1,3291.20,2026-08-25 01:18:00,PENDING
46789,5,11,344.30,2026-08-16 08:41:00,REFUNDED
46790,2,19,4609.80,2026-08-27 07:22:00,REFUNDED
46791,4,9,3094.30,2026-08-03 23:35:00,SUCCESS
46792,9,16,1094.90,2026-08-11 08:20:00,FAILED
46793,1,5,3063.50,2026-08-04 17:53:00,SUCCESS
46794,2,4,1664.90,2026-08-05 06:19:00,SUCCESS
46795,4,16,273.10,2026-08-11 10:48:00,FAILED
46796,9,17,4668.90,2026-08-23 17:00:00,REFUNDED
46797,4,17,3940.90,2026-08-20 00:52:00,REFUNDED
46798,8,5,2636.60,2026-08-29 09:45:00,REFUNDED
46799,2,4,1931.90,2026-08-09 14:04:00,REFUNDED
46800,2,2,160.50,2026-08-31 02:59:00,REFUNDED
46801,1,1,NOT_A_NUMBER,2026-08-01 12:00:00,SUCCESS
46802,9,2,3648.90,2026-08-28 04:49:00,PENDING
46803,6,6,4087.30,2026-08-29 16:57:00,PENDING
46804,6,17,2150.60,2026-08-16 15:45:00,REFUNDED
46805,2,9,3173.10,2026-08-09 16:04:00,REFUNDED
46806,6,2,287.60,2026-08-05 23:41:00,FAILED
46807,6,10,1871.80,2026-08-04 01:59:00,SUCCESS
46808,5,11,4993.60,2026-08-21 02:35:00,PENDING
46809,2,6,4697.70,2026-08-27 22:00:00,REFUNDED
46810,4,18,4838.00,2026-08-27 16:21:00,REFUNDED
46811,6,2,3810.90,2026-08-14 23:28:00,REFUNDED
46812,2,5,3383.20,2026-08-24 12:00:00,PENDING
46813,2,19,2989.90,2026-08-10 22:14:00,REFUNDED
46814,9,10,1328.60,2026-08-29 03:41:00,PENDING
46815,5,17,4178.10,2026-08-31 06:29:00,FAILED
46816,3,6,3636.30,2026-08-11 23:40:00,SUCCESS
46817,3,10,4842.90,2026-08-03 17:07:00,FAILED
46818,5,10,1401.20,2026-08-17 03:38:00,FAILED
46819,1,14,1661.10,2026-08-19 05:50:00,PENDING
46820,1,1,NOT_A_NUMBER,2026-08-01 12:00:00,SUCCESS
46821,5,7,2615.60,2026-08-14 11:51:00,REFUNDED
46822,8,1,3576.90,2026-08-13 13:18:00,SUCCESS
46823,2,11,4034.60,2026-08-24 22:19:00,SUCCESS
46824,10,15,4556.90,2026-08-22 19:38:00,REFUNDED
46825,4,9,1407.10,2026-08-26 03:43:00,SUCCESS
46826,8,16,3473.70,2026-08-22 23:01:00,PENDING
46827,3,10,2290.90,2026-08-12 23:22:00,SUCCESS
46828,4,17,2807.90,2026-08-13 03:38:00,SUCCESS
46829,7,11,3486.40,2026-08-22 10:19:00,PENDING
46830,9,10,4489.20,2026-08-03 17:41:00,SUCCESS
46831,7,2,4807.50,2026-08-12 14:29:00,REFUNDED
46832,4,4,302.40,2026-08-19 09:12:00,SUCCESS
46833,3,4,997.80,2026-08-30 10:28:00,SUCCESS
46834,1,9,2561.40,2026-08-27 12:57:00,SUCCESS
46835,6,18,2963.00,2026-08-10 04:19:00,SUCCESS
46836,4,14,2505.90,2026-08-19 13:05:00,SUCCESS
46837,4,6,2009.00,2026-08-18 15:55:00,PENDING
46838,8,4,2223.60,2026-08-30 05:58:00,PENDING
46839,6,1,1022.10,2026-08-22 11:10:00,REFUNDED
46840,2,13,3279.80,2026-08-02 13:15:00,FAILED
46841,2,13,1455.80,2026-08-18 15:03:00,PENDING
46842,10,9,2118.20,2026-08-27 18:40:00,FAILED
46843,3,20,3352.00,2026-08-28 00:11:00,REFUNDED
46844,1,4,584.00,2026-08-21 19:36:00,PENDING
46845,9,5,3594.90,2026-08-04 16:41:00,REFUNDED
46846,3,10,382.60,2026-08-23 22:13:00,REFUNDED
46847,5,7,2264.20,2026-08-09 05:14:00,REFUNDED
46848,10,12,4792.10,2026-08-01 21:20:00,PENDING
46849,1,100.00
46850,2,7,792.40,2026-08-30 08:25:00,FAILED
46851,10,20,1608.70,2026-08-19 02:20:00,FAILED
46852,10,10,2671.10,2026-08-06 07:08:00,PENDING
46853,4,12,2698.30,2026-08-07 12:37:00,REFUNDED
46854,7,17,896.70,2026-08-25 04:44:00,PENDING
46855,5,13,1422.60,2026-08-16 16:31:00,PENDING
46856,4,20,1968.70,2026-08-07 08:09:00,FAILED
46857,2,14,4748.20,2026-08-17 10:50:00,PENDING
46858,8,6,154.50,2026-08-28 16:33:00,REFUNDED
46859,3,16,1366.30,2026-08-24 05:48:00,SUCCESS
46860,6,11,1348.00,2026-08-13 20:36:00,PENDING
46861,6,10,3171.60,2026-08-18 02:18:00,REFUNDED
46862,9,15,3595.40,2026-08-01 16:07:00,PENDING
46863,2,19,1653.30,2026-08-11 18:30:00,PENDING
46864,10,12,3696.70,2026-08-17 14:00:00,FAILED
46865,10,7,955.10,2026-08-11 23:29:00,PENDING
46866,6,13,735.30,2026-08-01 17:56:00,PENDING
46867,6,10,3260.90,2026-08-05 18:58:00,SUCCESS
46868,10,8,3946.90,2026-08-11 22:05:00,PENDING
46869,1,8,256.60,2026-08-29 15:38:00,SUCCESS
46870,4,4,1836.80,2026-08-17 00:05:00,PENDING
46871,9,2,2044.30,2026-08-18 11:24:00,SUCCESS
46872,6,2,3364.80,2026-08-07 11:58:00,REFUNDED
46873,5,12,4090.60,2026-08-04 06:37:00,REFUNDED
46874,1,1,5000,2026-08-01 12:00:00,UNKNOWN_STATUS
46875,10,16,4859.30,2026-08-26 06:33:00,SUCCESS
46876,1,13,2217.10,2026-08-22 14:18:00,PENDING
46877,2,3,4923.60,2026-08-24 16:44:00,FAILED
46878,7,14,3819.00,2026-08-14 16:14:00,SUCCESS
46879,6,5,3380.10,2026-08-26 03:43:00,SUCCESS
46880,10,19,4256.90,2026-08-13 01:21:00,PENDING
46881,7,2,4435.20,2026-08-24 11:07:00,FAILED
46882,3,5,3756.80,2026-08-10 08:41:00,FAILED
46883,7,1,4654.40,2026-08-04 02:49:00,PENDING
46884,1,2,4539.10,2026-08-20 15:09:00,SUCCESS
46885,4,5,1285.50,2026-08-14 14:07:00,REFUNDED
46886,9,11,3732.90,2026-08-23 18:26:00,REFUNDED
46887,9,3,4583.20,2026-08-30 11:36:00,SUCCESS
46888,4,7,1280.70,2026-08-22 05:00:00,REFUNDED
46889,1,16,3800.80,2026-08-11 03:11:00,PENDING
46890,8,17,2263.10,2026-08-30 13:54:00,SUCCESS
46891,6,12,2626.80,2026-08-18 22:47:00,FAILED
46892,7,15,4070.00,2026-08-18 19:28:00,SUCCESS
46893,3,3,4582.60,2026-08-16 20:59:00,PENDING
46894,5,2,520.90,2026-08-29 20:02:00,FAILED
46895,1,6,2071.60,2026-08-18 21:18:00,FAILED
46896,10,3,4739.80,2026-08-18 14:43:00,FAILED
46897,5,8,2923.20,2026-08-10 13:43:00,FAILED
46898,1,11,3542.00,2026-08-20 16:15:00,PENDING
46899,7,15,2125.90,2026-08-29 03:18:00,FAILED
46900,6,18,400.90,2026-08-11 06:31:00,FAILED
46901,4,4,4380.50,2026-08-27 22:02:00,REFUNDED
46902,10,20,3125.70,2026-08-08 21:58:00,SUCCESS
46903,10,3,4339.80,2026-08-19 10:14:00,SUCCESS
46904,9,13,4015.70,2026-08-09 08:09:00,FAILED
46905,4,11,4353.60,2026-08-18 12:32:00,FAILED
46906,6,11,1309.50,2026-08-14 04:26:00,FAILED
46907,7,2,2402.60,2026-08-03 02:55:00,SUCCESS
46908,1,20,3182.30,2026-08-21 06:05:00,SUCCESS
46909,8,18,3817.90,2026-08-19 02:49:00,REFUNDED
46910,1,16,1125.20,2026-08-21 11:57:00,SUCCESS
46911,6,6,161.70,2026-08-11 22:47:00,SUCCESS
46912,3,18,2218.90,2026-08-12 06:11:00,PENDING
46913,9,10,1023.80,2026-08-07 03:49:00,SUCCESS
46914,7,6,1598.80,2026-08-01 16:50:00,PENDING
46915,10,15,993.20,2026-08-22 19:51:00,REFUNDED
46916,3,8,4028.20,2026-08-01 15:47:00,REFUNDED
46917,5,17,2976.20,2026-08-27 09:30:00,PENDING
46918,6,12,537.80,2026-08-27 23:42:00,SUCCESS
46919,5,9,3432.80,2026-08-12 08:29:00,FAILED
46920,1,3,3767.50,2026-08-18 11:39:00,FAILED
46921,4,15,2185.50,2026-08-20 20:22:00,REFUNDED
46922,5,3,1362.40,2026-08-20 18:43:00,PENDING
46923,6,20,2126.80,2026-08-18 22:12:00,SUCCESS
46924,6,17,377.40,2026-08-22 01:12:00,PENDING
46925,4,17,3129.60,2026-08-21 09:33:00,PENDING
46926,2,10,3006.70,2026-08-23 21:56:00,REFUNDED
46927,9,10,4544.90,2026-08-15 09:57:00,PENDING
46928,7,16,4810.20,2026-08-26 09:16:00,REFUNDED
46929,1,7,4430.10,2026-08-07 19:25:00,REFUNDED
46930,2,13,3407.20,2026-08-19 01:56:00,SUCCESS
46931,8,4,3968.00,2026-08-09 02:24:00,PENDING
46932,1,1,NOT_A_NUMBER,2026-08-01 12:00:00,SUCCESS
46933,7,7,254.30,2026-08-03 15:25:00,PENDING
46934,7,13,2344.70,2026-08-27 15:23:00,PENDING
46935,6,4,407.90,2026-08-19 15:44:00,SUCCESS
46936,1,1,5000,2026-08-01 12:00:00,UNKNOWN_STATUS
46937,10,11,1212.20,2026-08-30 22:12:00,FAILED
46938,3,16,3115.60,2026-08-30 21:15:00,SUCCESS
46939,4,4,3120.80,2026-08-20 13:53:00,FAILED
46940,8,7,4945.70,2026-08-06 19:01:00,FAILED
46941,8,20,3169.80,2026-08-26 21:19:00,PENDING
46942,2,6,3616.80,2026-08-28 07:27:00,REFUNDED
46943,1,1,5000,2026-08-01 12:00:00,UNKNOWN_STATUS
46944,7,19,5021.40,2026-08-01 15:48:00,SUCCESS
46945,10,6,3341.60,2026-08-26 03:21:00,REFUNDED
46946,2,11,3082.90,2026-08-30 07:28:00,REFUNDED
46947,10,6,271.50,2026-08-20 10:28:00,PENDING
46948,4,18,3411.70,2026-08-07 08:24:00,FAILED
46949,10,6,2648.50,2026-08-24 11:00:00,SUCCESS
46950,1,17,2710.00,2026-08-28 15:14:00,SUCCESS
46951,10,17,3668.20,2026-08-25 16:33:00,REFUNDED
46952,7,2,1577.70,2026-08-12 04:05:00,FAILED
46953,6,8,2361.90,2026-08-18 04:20:00,FAILED
46954,5,3,1879.20,2026-08-10 07:29:00,REFUNDED
46955,5,12,4922.60,2026-08-06 13:18:00,PENDING
46956,8,16,1463.20,2026-08-11 03:36:00,SUCCESS
46957,1,8,1956.80,2026-08-06 18:54:00,FAILED
46958,5,20,2367.50,2026-08-21 21:37:00,FAILED
46959,2,4,3927.40,2026-08-11 19:48:00,SUCCESS
46960,4,9,3066.60,2026-08-06 20:06:00,SUCCESS
46961,4,16,2085.00,2026-08-10 20:17:00,FAILED
46962,9,4,3398.20,2026-08-22 10:28:00,PENDING
46963,9,15,1851.80,2026-08-25 03:24:00,REFUNDED
46964,9,13,700.10,2026-08-16 19:53:00,FAILED
46965,10,15,3232.00,2026-08-30 03:17:00,FAILED
46966,7,3,2492.10,2026-08-27 07:30:00,SUCCESS
46967,1,12,1175.40,2026-08-07 19:36:00,SUCCESS
46968,1,3,1162.90,2026-08-23 00:27:00,PENDING
46969,10,15,2593.00,2026-08-15 21:31:00,PENDING
46970,8,20,790.30,2026-08-12 12:07:00,SUCCESS
46971,5,10,2661.70,2026-08-12 02:18:00,FAILED
46972,10,8,2306.80,2026-08-03 23:59:00,FAILED
46973,3,8,2074.70,2026-08-21 14:22:00,REFUNDED
46974,10,17,313.80,2026-08-11 09:07:00,SUCCESS
46975,9,10,4737.60,2026-08-17 10:05:00,PENDING
46976,8,16,2281.10,2026-08-10 09:41:00,SUCCESS
46977,7,10,603.80,2026-08-01 17:43:00,SUCCESS
46978,4,3,644.20,2026-08-28 01:43:00,PENDING
46979,10,4,4119.80,2026-08-18 05:08:00,FAILED
46980,9,16,222.00,2026-08-11 23:26:00,FAILED
46981,1,1,NOT_A_NUMBER,2026-08-01 12:00:00,SUCCESS
46982,9,13,3453.70,2026-08-25 12:00:00,PENDING
46983,10,19,3474.50,2026-08-12 02:00:00,FAILED
46984,2,4,3239.40,2026-08-05 05:23:00,PENDING
46985,9,1,4551.50,2026-08-26 16:26:00,REFUNDED
46986,10,17,3081.40,2026-08-08 19:49:00,PENDING
46987,7,2,3277.00,2026-08-18 01:03:00,SUCCESS
46988,4,2,1308.90,2026-08-29 08:22:00,FAILED
46989,2,5,2843.50,2026-08-12 23:43:00,SUCCESS
46990,3,8,2760.40,2026-08-15 10:25:00,PENDING
46991,5,13,3414.10,2026-08-24 04:53:00,REFUNDED
46992,10,19,259.00,2026-08-20 05:05:00,FAILED
46993,10,20,1387.60,2026-08-04 02:49:00,SUCCESS
46994,8,16,4094.30,2026-08-30 03:14:00,REFUNDED
46995,2,20,3228.40,2026-08-23 10:44:00,PENDING
46996,5,14,4585.70,2026-08-13 01:37:00,SUCCESS
46997,10,7,4888.70,2026-08-19 14:36:00,SUCCESS
46998,4,6,3243.60,2026-08-19 01:12:00,SUCCESS
46999,6,14,1905.70,2026-08-01 21:06:00,REFUNDED
47000,3,4,2760.60,2026-08-14 20:39:00,REFUNDED
47001,6,7,2119.50,2026-08-14 16:37:00,REFUNDED
47002,6,20,3336.30,2026-08-15 00:57:00,FAILED
47003,1,1,185.70,2026-08-20 08:59:00,FAILED
47004,9,4,2139.10,2026-08-01 20:01:00,PENDING
47005,9,10,3026.50,2026-08-27 00:10:00,REFUNDED
47006,5,1,373.90,2026-08-07 21:39:00,REFUNDED
47007,4,3,1780.10,2026-08-12 15:19:00,FAILED
47008,1,6,2147.20,2026-08-10 21:12:00,PENDING
47009,10,15,3525.90,2026-08-23 01:36:00,REFUNDED
47010,1,15,3631.80,2026-08-11 16:20:00,SUCCESS
47011,10,19,3619.00,2026-08-19 09:45:00,SUCCESS
47012,9,12,1098.00,2026-08-31 02:26:00,FAILED
47013,8,12,2492.00,2026-08-28 15:38:00,REFUNDED
47014,2,16,2944.00,2026-08-15 06:01:00,FAILED
47015,3,19,3587.30,2026-08-15 05:07:00,PENDING
47016,10,17,482.20,2026-08-08 23:52:00,SUCCESS
47017,7,13,1159.10,2026-08-18 07:10:00,FAILED
47018,4,1,941.70,2026-08-25 21:25:00,REFUNDED
47019,2,18,4481.00,2026-08-22 09:38:00,SUCCESS
47020,8,15,3530.40,2026-08-19 05:29:00,PENDING
47021,7,2,729.90,2026-08-02 17:42:00,REFUNDED
47022,2,17,4721.70,2026-08-09 07:39:00,REFUNDED
47023,6,6,3817.90,2026-08-28 04:28:00,FAILED
47024,4,10,3244.20,2026-08-02 07:44:00,SUCCESS
47025,6,17,2405.80,2026-08-25 01:41:00,PENDING
47026,4,4,4039.00,2026-08-24 07:45:00,PENDING
47027,3,6,2746.10,2026-08-26 08:48:00,REFUNDED
47028,9,20,2283.90,2026-08-26 10:47:00,PENDING
47029,9,8,4057.60,2026-08-17 08:22:00,SUCCESS
47030,4,13,1067.60,2026-08-18 13:15:00,PENDING
47031,8,1,1321.50,2026-08-20 20:45:00,SUCCESS
47032,7,20,4172.20,2026-08-19 18:14:00,FAILED
47033,1,6,1221.50,2026-08-13 18:16:00,FAILED
47034,5,7,1436.20,2026-08-20 04:54:00,FAILED
47035,9,10,2109.00,2026-08-13 22:16:00,PENDING
47036,10,17,3902.40,2026-08-20 15:48:00,PENDING
47037,5,12,4303.00,2026-08-09 19:17:00,PENDING
47038,9,11,1228.90,2026-08-15 12:40:00,SUCCESS
47039,2,4,4800.30,2026-08-18 14:29:00,PENDING
47040,8,3,1246.40,2026-08-08 13:33:00,REFUNDED
47041,3,2,3014.70,2026-08-04 05:29:00,SUCCESS
47042,4,19,4536.20,2026-08-19 01:47:00,PENDING
47043,8,20,2610.70,2026-08-16 22:12:00,SUCCESS
47044,3,3,1221.60,2026-08-16 01:08:00,FAILED
47045,5,8,2766.00,2026-08-30 14:48:00,SUCCESS
47046,8,2,3191.70,2026-08-24 09:05:00,PENDING
47047,3,8,4579.10,2026-08-26 00:31:00,FAILED
47048,8,1,4015.50,2026-08-22 23:06:00,FAILED
47049,5,6,4061.00,2026-08-21 22:28:00,PENDING
47050,2,4,594.10,2026-08-22 09:49:00,REFUNDED
47051,8,18,1015.60,2026-08-08 11:03:00,SUCCESS
47052,6,5,2155.20,2026-08-28 15:28:00,REFUNDED
47053,6,14,246.60,2026-08-03 05:03:00,PENDING
47054,6,4,3641.50,2026-08-25 16:13:00,PENDING
47055,7,19,1633.50,2026-08-15 14:44:00,REFUNDED
47056,4,14,4724.30,2026-08-08 08:22:00,SUCCESS
47057,10,12,4645.60,2026-08-23 00:28:00,SUCCESS
47058,4,19,4436.80,2026-08-24 20:28:00,REFUNDED
47059,6,9,2571.30,2026-08-08 09:06:00,SUCCESS
47060,2,6,3229.40,2026-08-09 02:25:00,FAILED
47061,1,1,4326.40,2026-08-07 00:14:00,REFUNDED
47062,4,4,4824.20,2026-08-03 05:42:00,FAILED
47063,8,18,1102.30,2026-08-14 10:05:00,SUCCESS
47064,10,15,4222.40,2026-08-27 02:16:00,FAILED
47065,3,20,210.80,2026-08-18 06:47:00,FAILED
47066,4,16,2088.20,2026-08-06 10:30:00,SUCCESS
47067,10,9,3313.20,2026-08-27 16:39:00,FAILED
47068,5,10,1470.30,2026-08-01 22:52:00,REFUNDED
47069,10,2,4349.00,2026-08-21 10:01:00,PENDING
47070,10,14,805.00,2026-08-26 03:45:00,PENDING
47071,8,12,374.70,2026-08-04 15:36:00,REFUNDED
47072,7,18,667.80,2026-08-12 12:50:00,PENDING
47073,1,2,1495.20,2026-08-27 13:27:00,PENDING
47074,5,2,2663.00,2026-08-30 19:43:00,SUCCESS
47075,3,8,1839.00,2026-08-06 17:12:00,SUCCESS
47076,4,12,4288.50,2026-08-09 19:00:00,REFUNDED
47077,5,6,942.90,2026-08-09 15:54:00,PENDING
47078,2,7,1173.40,2026-08-03 13:06:00,SUCCESS
47079,1,1,NOT_A_NUMBER,2026-08-01 12:00:00,SUCCESS
47080,8,19,1149.80,2026-08-15 10:56:00,SUCCESS
47081,9,8,3241.00,2026-08-16 03:00:00,SUCCESS
47082,2,13,3321.70,2026-08-28 12:55:00,REFUNDED
47083,9,1,1567.40,2026-08-02 07:28:00,PENDING
47084,6,18,417.10,2026-08-02 01:54:00,FAILED
47085,3,10,325.60,2026-08-29 12:13:00,SUCCESS
47086,2,15,3867.70,2026-08-16 13:09:00,PENDING
47087,3,8,1932.70,2026-08-22 18:38:00,SUCCESS
47088,4,19,1544.00,2026-08-19 19:59:00,PENDING
47089,9,1,2792.30,2026-08-04 22:03:00,FAILED
47090,9,15,837.60,2026-08-31 01:58:00,REFUNDED
47091,3,2,3364.20,2026-08-22 10:09:00,FAILED
47092,2,15,4092.70,2026-08-04 16:07:00,SUCCESS
47093,10,17,1486.00,2026-08-07 09:59:00,PENDING
47094,6,19,1501.70,2026-08-19 21:30:00,SUCCESS
47095,9,14,2653.50,2026-08-20 02:31:00,PENDING
47096,4,15,4661.70,2026-08-12 05:45:00,FAILED
47097,7,5,1626.10,2026-08-29 11:06:00,SUCCESS
47098,6,13,4267.40,2026-08-11 17:36:00,SUCCESS
47099,1,16,3294.10,2026-08-22 02:38:00,REFUNDED
47100,7,3,4315.60,2026-08-02 18:55:00,SUCCESS
47101,10,7,551.60,2026-08-14 21:51:00,FAILED
47102,10,2,2104.50,2026-08-07 03:58:00,SUCCESS
47103,4,18,2944.00,2026-08-29 04:36:00,PENDING
47104,10,10,2826.70,2026-08-20 07:19:00,REFUNDED
47105,5,4,1882.80,2026-08-22 14:23:00,SUCCESS
47106,3,6,2953.90,2026-08-26 02:28:00,FAILED
47107,7,17,2498.20,2026-08-07 01:28:00,REFUNDED
47108,9,13,1768.30,2026-08-11 14:58:00,SUCCESS
47109,10,20,1661.60,2026-08-28 14:26:00,FAILED
47110,5,15,4796.60,2026-08-06 14:29:00,FAILED
47111,6,12,4482.80,2026-08-30 18:07:00,FAILED
47112,10,5,718.70,2026-08-15 18:43:00,SUCCESS
47113,10,1,3754.60,2026-08-01 08:56:00,PENDING
47114,1,8,1468.70,2026-08-19 11:49:00,SUCCESS
47115,3,1,4669.90,2026-08-23 13:50:00,SUCCESS
47116,1,12,3220.70,2026-08-21 01:08:00,FAILED
47117,2,2,2187.80,2026-08-29 09:05:00,SUCCESS
47118,7,12,3667.00,2026-08-17 19:35:00,FAILED
47119,8,14,218.30,2026-08-12 22:11:00,PENDING
47120,2,13,866.70,2026-08-03 13:30:00,FAILED
47121,10,13,1539.80,2026-08-29 11:03:00,SUCCESS
47122,3,20,504.10,2026-08-29 11:18:00,PENDING
47123,1,7,1491.90,2026-08-10 14:09:00,PENDING
47124,9,20,4509.80,2026-08-04 19:02:00,SUCCESS
47125,9,17,4400.10,2026-08-19 17:24:00,PENDING
47126,8,11,3812.90,2026-08-22 14:32:00,PENDING
47127,10,4,252.50,2026-08-10 12:11:00,PENDING
47128,9,7,3494.70,2026-08-20 06:51:00,REFUNDED
47129,5,7,2116.20,2026-08-29 13:29:00,SUCCESS
47130,7,19,2058.10,2026-08-20 15:43:00,PENDING
47131,3,10,2085.30,2026-08-26 07:34:00,FAILED
47132,4,11,66.30,2026-08-03 09:46:00,PENDING
47133,1,8,2937.30,2026-08-07 12:34:00,FAILED
47134,2,17,4883.70,2026-08-08 05:33:00,SUCCESS
47135,10,10,4263.70,2026-08-02 11:03:00,SUCCESS
47136,6,19,4590.60,2026-08-09 03:45:00,FAILED
47137,9,13,221.90,2026-08-26 06:37:00,REFUNDED
47138,7,1,1497.40,2026-08-23 22:49:00,REFUNDED
47139,2,5,2084.90,2026-08-21 17:11:00,REFUNDED
47140,1,14,3615.60,2026-08-25 08:12:00,FAILED
47141,6,1,4440.40,2026-08-25 17:43:00,SUCCESS
47142,8,11,831.40,2026-08-15 00:04:00,SUCCESS
47143,8,17,4512.80,2026-08-25 18:05:00,FAILED
47144,8,20,3803.00,2026-08-30 13:57:00,SUCCESS
47145,9,12,3629.50,2026-08-06 13:03:00,SUCCESS
47146,1,17,634.10,2026-08-10 22:20:00,SUCCESS
47147,2,11,1501.60,2026-08-17 13:59:00,PENDING
47148,1,11,4760.00,2026-08-11 22:33:00,SUCCESS
47149,4,10,2620.60,2026-08-04 17:41:00,REFUNDED
47150,2,3,4920.70,2026-08-12 01:21:00,REFUNDED
47151,2,20,3081.40,2026-08-28 17:00:00,REFUNDED
47152,2,4,3064.30,2026-08-15 05:46:00,PENDING
47153,6,20,2348.10,2026-08-09 18:18:00,SUCCESS
47154,4,6,3983.00,2026-08-30 05:01:00,PENDING
47155,10,17,905.30,2026-08-06 11:22:00,REFUNDED
47156,4,11,4099.10,2026-08-25 13:21:00,SUCCESS
47157,7,6,3308.10,2026-08-09 11:45:00,REFUNDED
47158,9,8,1443.50,2026-08-07 16:17:00,PENDING
47159,10,19,3397.30,2026-08-12 12:18:00,REFUNDED
47160,1,17,1827.50,2026-08-14 21:30:00,PENDING
47161,10,15,2292.20,2026-08-11 13:16:00,FAILED
47162,1,1,5000,INVALID_DATE_TIME,SUCCESS
47163,4,6,4343.00,2026-08-16 01:21:00,FAILED
47164,1,18,1440.80,2026-08-08 17:55:00,FAILED
47165,3,15,278.90,2026-08-15 01:21:00,SUCCESS
47166,9,1,1173.00,2026-08-04 18:08:00,SUCCESS
47167,6,6,2532.20,2026-08-12 05:31:00,FAILED
47168,9,17,1339.40,2026-08-19 21:27:00,PENDING
47169,9,14,86.90,2026-08-30 23:49:00,FAILED
47170,6,16,825.70,2026-08-17 22:12:00,REFUNDED
47171,5,5,1392.70,2026-08-11 03:33:00,PENDING
47172,8,4,4266.70,2026-08-23 01:49:00,FAILED
47173,1,4,1640.30,2026-08-04 13:25:00,FAILED
47174,2,7,3247.50,2026-08-03 09:04:00,PENDING
47175,2,17,2924.20,2026-08-01 17:24:00,FAILED
47176,8,4,1102.90,2026-08-10 01:47:00,PENDING
47177,1,10,3613.00,2026-08-24 08:55:00,FAILED
47178,6,19,4749.00,2026-08-17 04:47:00,PENDING
47179,8,11,951.40,2026-08-23 03:40:00,REFUNDED
47180,1,14,3106.90,2026-08-13 11:51:00,REFUNDED
47181,5,14,2263.30,2026-08-22 00:35:00,SUCCESS
47182,2,17,174.60,2026-08-20 21:34:00,PENDING
47183,9,9,636.40,2026-08-12 11:43:00,PENDING
47184,2,14,3400.80,2026-08-13 09:50:00,REFUNDED
47185,6,18,2641.30,2026-08-15 08:14:00,PENDING
47186,6,13,1188.00,2026-08-10 15:23:00,FAILED
47187,9,4,360.50,2026-08-01 20:37:00,FAILED
47188,3,6,1157.20,2026-08-20 16:00:00,REFUNDED
47189,4,7,1110.60,2026-08-06 01:08:00,PENDING
47190,6,8,2647.00,2026-08-04 05:36:00,PENDING
47191,2,14,1029.50,2026-08-22 20:29:00,PENDING
47192,4,7,1802.70,2026-08-03 08:08:00,SUCCESS
47193,7,14,1411.20,2026-08-26 09:30:00,FAILED
47194,2,20,4937.80,2026-08-30 07:56:00,REFUNDED
47195,10,17,1254.90,2026-08-16 03:28:00,PENDING
47196,7,9,4263.20,2026-08-13 21:11:00,PENDING
47197,9,17,3479.10,2026-08-22 06:24:00,REFUNDED
47198,9,10,4356.00,2026-08-03 22:21:00,REFUNDED
47199,7,8,4794.60,2026-08-27 09:57:00,PENDING
47200,6,18,2571.30,2026-08-14 00:07:00,SUCCESS
47201,2,2,3367.50,2026-08-28 06:17:00,PENDING
47202,5,11,3311.80,2026-08-25 23:03:00,FAILED
47203,3,16,3506.80,2026-08-11 06:31:00,PENDING
47204,2,7,4195.80,2026-08-04 19:08:00,REFUNDED
47205,4,1,3407.50,2026-08-25 23:11:00,FAILED
47206,3,9,181.50,2026-08-27 16:03:00,REFUNDED
47207,3,20,1337.00,2026-08-31 07:31:00,FAILED
47208,7,7,4988.50,2026-08-22 02:16:00,FAILED
47209,1,1,3264.80,2026-08-04 12:03:00,REFUNDED
47210,1,15,2895.90,2026-08-01 18:34:00,SUCCESS
47211,3,18,3438.70,2026-08-08 08:17:00,FAILED
47212,5,4,3641.20,2026-08-19 05:52:00,FAILED
47213,5,3,4395.20,2026-08-15 01:20:00,PENDING
47214,2,13,2183.80,2026-08-30 19:55:00,PENDING
47215,2,17,2949.00,2026-08-25 06:05:00,PENDING
47216,3,12,2998.50,2026-08-04 04:01:00,REFUNDED
47217,4,5,1188.60,2026-08-21 16:37:00,SUCCESS
47218,3,6,1744.00,2026-08-12 06:53:00,REFUNDED
47219,9,14,4145.50,2026-08-14 12:25:00,REFUNDED
47220,9,12,1255.70,2026-08-10 10:50:00,SUCCESS
47221,9,7,134.80,2026-08-06 16:53:00,SUCCESS
47222,10,5,2919.50,2026-08-19 00:58:00,FAILED
47223,1,100.00
47224,3,12,1478.90,2026-08-28 15:24:00,REFUNDED
47225,10,9,2721.80,2026-08-11 13:35:00,FAILED
47226,3,1,3682.80,2026-08-14 02:18:00,REFUNDED
47227,4,18,4916.60,2026-08-16 07:02:00,REFUNDED
47228,10,16,1545.10,2026-08-29 15:44:00,PENDING
47229,3,11,2722.50,2026-08-01 13:34:00,REFUNDED
47230,3,12,2805.70,2026-08-09 17:46:00,PENDING
47231,10,8,1789.80,2026-08-28 22:00:00,PENDING
47232,9,1,1754.40,2026-08-02 20:06:00,PENDING
47233,6,10,1084.80,2026-08-26 12:10:00,FAILED
47234,3,18,1522.80,2026-08-28 20:45:00,FAILED
47235,8,20,2243.40,2026-08-05 18:57:00,SUCCESS
47236,9,10,956.40,2026-08-20 16:53:00,PENDING
47237,7,17,3161.10,2026-08-15 23:56:00,REFUNDED
47238,3,4,2432.90,2026-08-08 09:25:00,FAILED
47239,4,16,3509.50,2026-08-16 07:30:00,FAILED
47240,7,9,3656.80,2026-08-27 22:14:00,PENDING
47241,6,19,4721.10,2026-08-19 08:52:00,PENDING
47242,5,11,569.80,2026-08-27 12:05:00,PENDING
47243,6,5,798.70,2026-08-25 21:58:00,PENDING
47244,2,3,4023.80,2026-08-03 23:07:00,SUCCESS
47245,5,4,4009.30,2026-08-06 18:25:00,PENDING
47246,10,7,4355.40,2026-08-23 19:01:00,FAILED
47247,4,13,4135.20,2026-08-12 04:06:00,SUCCESS
47248,9,15,1761.10,2026-08-10 22:48:00,REFUNDED
47249,1,20,2031.80,2026-08-16 02:39:00,FAILED
47250,1,18,4884.10,2026-08-22 22:50:00,FAILED
47251,5,10,59.50,2026-08-06 19:11:00,PENDING
47252,3,19,638.30,2026-08-19 01:18:00,PENDING
47253,4,4,508.50,2026-08-31 05:51:00,REFUNDED
47254,3,11,1833.70,2026-08-06 02:09:00,REFUNDED
47255,8,4,310.20,2026-08-08 18:34:00,FAILED
47256,9,6,2267.70,2026-08-07 06:34:00,REFUNDED
47257,5,18,4105.30,2026-08-17 19:27:00,PENDING
47258,7,11,3655.50,2026-08-25 09:26:00,FAILED
47259,2,16,4841.90,2026-08-01 15:31:00,FAILED
47260,2,12,4770.20,2026-08-03 05:59:00,FAILED
47261,9,7,2591.20,2026-08-05 17:02:00,SUCCESS
47262,7,12,1220.50,2026-08-13 00:18:00,PENDING
47263,5,20,1565.30,2026-08-22 02:45:00,SUCCESS
47264,8,3,3038.60,2026-08-25 11:58:00,FAILED
47265,3,10,3718.70,2026-08-26 15:33:00,PENDING
47266,3,18,3212.60,2026-08-19 06:20:00,REFUNDED
47267,7,20,904.70,2026-08-13 22:09:00,FAILED
47268,4,2,1332.50,2026-08-30 10:43:00,SUCCESS
47269,8,3,3757.50,2026-08-21 15:54:00,SUCCESS
47270,4,3,4507.80,2026-08-28 07:27:00,SUCCESS
47271,9,8,489.20,2026-08-14 02:42:00,FAILED
47272,4,2,4477.40,2026-08-05 01:57:00,PENDING
47273,9,12,1774.30,2026-08-06 11:26:00,REFUNDED
47274,1,5,4326.00,2026-08-24 14:22:00,FAILED
47275,10,3,3973.20,2026-08-27 23:07:00,SUCCESS
47276,5,18,4500.40,2026-08-26 00:38:00,PENDING
47277,10,16,3284.40,2026-08-18 16:01:00,PENDING
47278,1,3,2275.80,2026-08-28 15:42:00,PENDING
47279,1,10,2001.50,2026-08-11 21:06:00,FAILED
47280,5,14,781.00,2026-08-04 00:25:00,PENDING
47281,1,4,4541.10,2026-08-04 14:09:00,PENDING
47282,8,15,1142.30,2026-08-02 17:07:00,REFUNDED
47283,3,5,3453.00,2026-08-02 17:00:00,SUCCESS
47284,4,14,4403.70,2026-08-26 23:53:00,REFUNDED
47285,1,20,1361.70,2026-08-05 13:47:00,FAILED
47286,10,18,943.70,2026-08-04 20:17:00,SUCCESS
47287,3,20,558.10,2026-08-18 20:29:00,REFUNDED
47288,10,19,336.90,2026-08-14 00:23:00,FAILED
47289,3,4,3956.80,2026-08-22 12:55:00,PENDING
47290,5,17,4673.40,2026-08-05 06:26:00,SUCCESS
47291,5,13,2131.40,2026-08-12 00:32:00,PENDING
47292,10,9,1652.40,2026-08-06 01:45:00,REFUNDED
47293,1,5,1122.90,2026-08-27 10:43:00,REFUNDED
47294,5,20,4906.80,2026-08-23 10:34:00,PENDING
47295,4,7,160.00,2026-08-12 19:33:00,FAILED
47296,1,10,3276.00,2026-08-01 14:14:00,PENDING
47297,8,15,4414.10,2026-08-26 06:37:00,REFUNDED
47298,10,3,5037.10,2026-08-14 15:22:00,SUCCESS
47299,1,100.00
47300,3,8,4618.70,2026-08-23 08:47:00,FAILED
47301,6,7,890.60,2026-08-15 03:41:00,PENDING
47302,7,16,1877.90,2026-08-07 04:13:00,SUCCESS
47303,5,10,2830.30,2026-08-29 09:05:00,SUCCESS
47304,5,15,4621.20,2026-08-12 15:42:00,SUCCESS
47305,10,18,2987.20,2026-08-09 06:13:00,FAILED
47306,8,15,4489.40,2026-08-22 16:26:00,PENDING
47307,2,20,2798.70,2026-08-31 04:37:00,FAILED
47308,1,1,1738.90,2026-08-17 23:20:00,FAILED
47309,3,17,3567.10,2026-08-11 15:05:00,PENDING
47310,9,11,341.50,2026-08-08 19:44:00,SUCCESS
47311,2,3,1315.80,2026-08-30 03:17:00,PENDING
47312,7,1,1269.60,2026-08-12 04:47:00,FAILED
47313,4,13,5009.00,2026-08-30 12:40:00,FAILED
47314,2,17,367.60,2026-08-07 01:19:00,REFUNDED
47315,10,3,726.00,2026-08-12 14:22:00,SUCCESS
47316,4,7,2887.80,2026-08-24 17:02:00,REFUNDED
47317,5,7,4077.80,2026-08-27 01:13:00,REFUNDED
47318,2,8,3410.90,2026-08-16 04:38:00,PENDING
47319,5,3,772.60,2026-08-05 19:09:00,REFUNDED
47320,9,13,1144.40,2026-08-08 03:13:00,SUCCESS
47321,3,13,1888.90,2026-08-02 07:42:00,SUCCESS
47322,5,9,1749.10,2026-08-02 19:24:00,PENDING
47323,10,18,2433.70,2026-08-30 22:54:00,REFUNDED
47324,8,16,1543.50,2026-08-02 08:30:00,REFUNDED
47325,2,11,4891.10,2026-08-31 04:15:00,FAILED
47326,8,7,3205.70,2026-08-14 08:30:00,PENDING
47327,2,11,3501.80,2026-08-15 18:22:00,SUCCESS
47328,9,9,1544.40,2026-08-17 02:46:00,PENDING
47329,1,1,NOT_A_NUMBER,2026-08-01 12:00:00,SUCCESS
47330,9,15,634.20,2026-08-04 12:50:00,FAILED
47331,1,15,615.30,2026-08-03 15:19:00,PENDING
47332,6,18,4994.60,2026-08-02 01:42:00,FAILED
47333,6,19,1551.60,2026-08-16 01:05:00,FAILED
47334,2,4,506.10,2026-08-07 12:29:00,FAILED
47335,5,4,963.50,2026-08-23 15:31:00,PENDING
47336,4,8,4817.50,2026-08-29 07:25:00,REFUNDED
47337,3,10,2622.90,2026-08-23 20:44:00,FAILED
47338,1,3,1458.40,2026-08-14 00:12:00,SUCCESS
47339,3,11,5028.90,2026-08-10 02:32:00,REFUNDED
47340,1,1,189.00,2026-08-03 16:27:00,FAILED
47341,5,16,4889.70,2026-08-08 01:01:00,FAILED
47342,9,15,4768.70,2026-08-11 08:25:00,REFUNDED
47343,6,2,2406.80,2026-08-22 01:11:00,PENDING
47344,8,7,3257.20,2026-08-26 16:15:00,SUCCESS
47345,9,9,957.60,2026-08-09 05:53:00,PENDING
47346,4,12,4757.90,2026-08-03 03:09:00,FAILED
47347,3,20,1254.00,2026-08-10 14:52:00,SUCCESS
47348,9,13,4348.10,2026-08-27 13:18:00,REFUNDED
47349,6,13,4643.60,2026-08-05 09:39:00,FAILED
47350,8,14,2382.60,2026-08-17 22:42:00,PENDING
47351,3,2,3332.80,2026-08-31 01:22:00,SUCCESS
47352,9,4,2729.60,2026-08-03 05:45:00,REFUNDED
47353,4,13,1958.30,2026-08-09 21:41:00,FAILED
47354,5,5,2161.30,2026-08-13 22:33:00,FAILED
47355,4,1,2043.50,2026-08-13 01:16:00,PENDING
47356,9,11,1290.00,2026-08-23 06:20:00,FAILED
47357,5,6,2865.60,2026-08-18 15:26:00,PENDING
47358,10,2,1166.90,2026-08-26 23:07:00,PENDING
47359,9,14,2926.70,2026-08-26 02:26:00,FAILED
47360,3,6,5028.30,2026-08-20 19:45:00,PENDING
47361,6,7,1552.80,2026-08-03 01:11:00,PENDING
47362,6,13,4025.30,2026-08-20 20:39:00,PENDING
47363,5,8,891.90,2026-08-03 15:58:00,SUCCESS
47364,10,19,1377.40,2026-08-27 05:47:00,PENDING
47365,10,14,1464.20,2026-08-03 17:51:00,PENDING
47366,6,4,1431.90,2026-08-19 08:31:00,SUCCESS
47367,4,13,3545.80,2026-08-07 05:33:00,SUCCESS
47368,9,11,3125.20,2026-08-11 06:03:00,PENDING
47369,3,4,2049.60,2026-08-13 09:13:00,PENDING
47370,1,5,4399.00,2026-08-08 15:21:00,SUCCESS
47371,5,5,1099.70,2026-08-23 08:30:00,FAILED
47372,6,9,292.60,2026-08-08 04:31:00,SUCCESS
47373,9,6,348.00,2026-08-24 19:19:00,FAILED
47374,10,5,4964.40,2026-08-03 15:50:00,SUCCESS
47375,10,19,1316.30,2026-08-12 05:48:00,PENDING
47376,7,10,679.30,2026-08-05 16:11:00,REFUNDED
47377,3,9,3229.70,2026-08-07 17:26:00,SUCCESS
47378,2,15,4379.60,2026-08-19 07:20:00,REFUNDED
47379,4,8,3390.20,2026-08-22 20:52:00,REFUNDED
47380,1,9,4463.80,2026-08-05 12:55:00,PENDING
47381,6,4,3166.30,2026-08-19 03:25:00,SUCCESS
47382,3,18,3648.00,2026-08-06 04:26:00,FAILED
47383,3,9,701.20,2026-08-07 19:42:00,FAILED
47384,4,6,3508.40,2026-08-12 15:22:00,SUCCESS
47385,3,20,4858.00,2026-08-11 04:34:00,PENDING
47386,1,12,1779.50,2026-08-11 01:17:00,PENDING
47387,8,18,859.60,2026-08-18 07:11:00,FAILED
47388,6,14,2603.30,2026-08-09 17:55:00,FAILED
47389,1,100.00
47390,9,3,1877.80,2026-08-29 01:53:00,PENDING
47391,5,19,810.70,2026-08-07 15:37:00,PENDING
47392,9,16,1433.40,2026-08-11 16:20:00,SUCCESS
47393,2,18,1619.50,2026-08-06 11:47:00,FAILED
47394,7,4,1686.40,2026-08-17 13:08:00,REFUNDED
47395,4,17,934.10,2026-08-20 23:53:00,PENDING
47396,1,20,1436.90,2026-08-13 13:28:00,FAILED
47397,8,8,548.00,2026-08-28 09:57:00,PENDING
47398,3,5,3822.20,2026-08-30 16:08:00,REFUNDED
47399,5,6,2150.10,2026-08-06 10:24:00,REFUNDED
47400,8,15,2949.80,2026-08-04 14:26:00,REFUNDED
47401,7,16,3188.20,2026-08-19 19:26:00,FAILED
47402,10,12,706.40,2026-08-30 22:22:00,SUCCESS
47403,10,8,3995.80,2026-08-29 18:03:00,PENDING
47404,1,16,3992.20,2026-08-18 12:35:00,FAILED
47405,8,3,2501.90,2026-08-13 21:22:00,REFUNDED
47406,9,15,301.90,2026-08-13 11:28:00,REFUNDED
47407,10,5,3363.00,2026-08-10 21:38:00,SUCCESS
47408,4,13,4511.10,2026-08-28 00:02:00,PENDING
47409,4,1,678.00,2026-08-05 19:53:00,FAILED
47410,1,15,3216.10,2026-08-02 18:04:00,SUCCESS
47411,8,8,3127.80,2026-08-08 21:25:00,REFUNDED
47412,3,14,890.90,2026-08-29 09:50:00,FAILED
47413,4,18,2156.70,2026-08-26 02:12:00,SUCCESS
47414,8,15,636.50,2026-08-21 17:31:00,REFUNDED
47415,8,20,1131.80,2026-08-11 19:50:00,FAILED
47416,1,19,4251.90,2026-08-14 13:02:00,PENDING
47417,6,5,491.30,2026-08-16 08:29:00,SUCCESS
47418,10,14,1214.20,2026-08-15 01:20:00,FAILED
47419,2,11,3658.00,2026-08-08 18:04:00,FAILED
47420,1,1,84.10,2026-08-30 18:06:00,PENDING
47421,5,1,3044.90,2026-08-21 15:47:00,REFUNDED
47422,1,1,3034.70,2026-08-09 01:51:00,REFUNDED
47423,1,15,4112.20,2026-08-16 16:19:00,REFUNDED
47424,4,15,1772.20,2026-08-07 10:32:00,SUCCESS
47425,8,5,731.90,2026-08-16 13:14:00,FAILED
47426,2,11,3083.80,2026-08-06 14:48:00,FAILED
47427,7,5,4049.60,2026-08-13 23:34:00,SUCCESS
47428,1,4,2736.80,2026-08-25 13:28:00,SUCCESS
47429,4,12,4111.90,2026-08-11 21:33:00,PENDING
47430,1,19,320.30,2026-08-18 11:23:00,FAILED
47431,2,2,3368.10,2026-08-27 22:37:00,REFUNDED
47432,6,4,1742.20,2026-08-01 08:54:00,FAILED
47433,1,1,3522.80,2026-08-10 08:22:00,REFUNDED
47434,5,13,2742.80,2026-08-05 22:47:00,PENDING
47435,8,10,4349.80,2026-08-12 10:17:00,REFUNDED
47436,10,19,4153.30,2026-08-21 08:22:00,SUCCESS
47437,3,6,184.20,2026-08-13 22:37:00,FAILED
47438,8,13,2194.90,2026-08-20 04:02:00,FAILED
47439,8,1,4159.70,2026-08-03 21:04:00,FAILED
47440,2,20,3689.70,2026-08-24 09:58:00,FAILED
47441,6,7,2059.80,2026-08-29 12:52:00,REFUNDED
47442,10,9,382.40,2026-08-03 15:50:00,SUCCESS
47443,5,19,4801.50,2026-08-09 00:34:00,SUCCESS
47444,6,19,255.10,2026-08-12 04:17:00,SUCCESS
47445,6,17,407.50,2026-08-17 23:54:00,FAILED
47446,6,4,1185.80,2026-08-08 00:09:00,PENDING
47447,8,8,3185.10,2026-08-26 06:12:00,SUCCESS
47448,6,12,2824.30,2026-08-22 23:03:00,SUCCESS
47449,5,7,2878.30,2026-08-06 21:26:00,FAILED
47450,10,5,5005.50,2026-08-29 13:08:00,FAILED
47451,7,17,2952.60,2026-08-01 18:08:00,REFUNDED
47452,5,7,1158.80,2026-08-15 16:58:00,SUCCESS
47453,10,10,976.50,2026-08-24 10:58:00,PENDING
47454,7,2,1674.60,2026-08-25 13:28:00,REFUNDED
47455,6,3,1437.30,2026-08-04 09:39:00,SUCCESS
47456,1,6,4732.50,2026-08-03 05:38:00,PENDING
47457,8,16,1894.10,2026-08-30 06:32:00,PENDING
47458,3,3,1756.30,2026-08-18 19:58:00,REFUNDED
47459,8,5,4862.90,2026-08-05 00:22:00,REFUNDED
47460,4,5,405.60,2026-08-23 06:44:00,REFUNDED
47461,6,7,1296.20,2026-08-06 15:30:00,REFUNDED
47462,10,14,2565.40,2026-08-24 05:17:00,REFUNDED
47463,6,1,5049.40,2026-08-10 01:18:00,PENDING
47464,5,16,3488.20,2026-08-20 01:27:00,PENDING
47465,4,7,151.10,2026-08-12 20:34:00,REFUNDED
47466,5,12,4640.90,2026-08-30 08:16:00,REFUNDED
47467,4,14,1357.50,2026-08-05 02:13:00,PENDING
47468,7,8,1632.70,2026-08-13 05:28:00,PENDING
47469,2,10,1654.70,2026-08-29 20:05:00,PENDING
47470,4,14,4559.50,2026-08-01 08:50:00,SUCCESS
47471,8,19,374.20,2026-08-22 22:37:00,FAILED
47472,5,13,2684.60,2026-08-16 13:28:00,SUCCESS
47473,1,6,4090.20,2026-08-07 12:01:00,PENDING
47474,9,12,914.40,2026-08-15 19:08:00,REFUNDED
47475,2,14,2653.60,2026-08-03 05:52:00,REFUNDED
47476,9,7,2423.10,2026-08-08 13:52:00,PENDING
47477,7,19,4380.40,2026-08-27 11:45:00,FAILED
47478,5,20,4204.30,2026-08-30 05:11:00,REFUNDED
47479,1,9,4709.00,2026-08-27 11:38:00,REFUNDED
47480,5,2,1263.80,2026-08-02 13:25:00,FAILED
47481,5,19,5031.40,2026-08-19 22:40:00,REFUNDED
47482,1,4,79.10,2026-08-03 10:50:00,REFUNDED
47483,4,7,4991.70,2026-08-21 06:56:00,REFUNDED
47484,3,3,1710.70,2026-08-09 10:32:00,SUCCESS
47485,3,7,3006.90,2026-08-04 13:29:00,REFUNDED
47486,7,11,2857.00,2026-08-06 10:52:00,REFUNDED
47487,2,4,3723.70,2026-08-31 06:26:00,FAILED
47488,3,13,3562.60,2026-08-20 04:58:00,SUCCESS
47489,5,14,1649.40,2026-08-20 21:41:00,SUCCESS
47490,4,3,3530.40,2026-08-19 20:55:00,FAILED
47491,9,18,2340.00,2026-08-07 16:43:00,PENDING
47492,3,10,1044.00,2026-08-11 14:06:00,SUCCESS
47493,2,13,2802.50,2026-08-12 05:00:00,SUCCESS
47494,7,20,265.90,2026-08-18 04:01:00,FAILED
47495,10,1,4466.40,2026-08-16 13:44:00,SUCCESS
47496,4,1,3868.30,2026-08-03 09:28:00,FAILED
47497,7,13,1820.70,2026-08-02 16:55:00,FAILED
47498,6,17,4560.30,2026-08-06 22:20:00,REFUNDED
47499,4,14,3810.60,2026-08-15 04:09:00,PENDING
47500,4,6,3536.20,2026-08-22 12:59:00,FAILED
47501,4,14,2270.30,2026-08-29 17:19:00,SUCCESS
47502,1,19,1474.90,2026-08-07 20:32:00,PENDING
47503,2,9,1259.20,2026-08-28 00:37:00,SUCCESS
47504,4,13,2575.10,2026-08-21 11:27:00,REFUNDED
47505,4,6,1156.10,2026-08-07 18:28:00,SUCCESS
47506,2,1,357.20,2026-08-13 06:54:00,SUCCESS
47507,8,10,4462.80,2026-08-07 03:39:00,PENDING
47508,4,9,1932.50,2026-08-06 11:26:00,REFUNDED
47509,1,1,NOT_A_NUMBER,2026-08-01 12:00:00,SUCCESS
47510,2,16,3579.80,2026-08-04 07:28:00,REFUNDED
47511,8,17,5009.90,2026-08-01 10:29:00,FAILED
47512,8,19,2784.80,2026-08-12 09:22:00,SUCCESS
47513,9,12,1091.00,2026-08-09 06:34:00,FAILED
47514,10,17,1603.80,2026-08-26 17:09:00,REFUNDED
47515,4,12,2678.10,2026-08-10 19:03:00,PENDING
47516,1,1,NOT_A_NUMBER,2026-08-01 12:00:00,SUCCESS
47517,7,11,1035.20,2026-08-01 22:44:00,FAILED
47518,1,2,2756.40,2026-08-01 22:18:00,PENDING
47519,7,17,106.90,2026-08-02 20:24:00,SUCCESS
47520,1,1,5000,2026-08-01 12:00:00,UNKNOWN_STATUS
47521,3,3,4829.90,2026-08-08 23:50:00,SUCCESS
47522,2,5,5002.00,2026-08-10 18:32:00,PENDING
47523,5,18,413.30,2026-08-08 15:01:00,PENDING
47524,4,17,2412.00,2026-08-29 19:38:00,FAILED
47525,10,15,71.10,2026-08-17 08:24:00,REFUNDED
47526,8,12,4743.80,2026-08-29 07:52:00,SUCCESS
47527,3,17,1153.50,2026-08-17 09:36:00,FAILED
47528,5,12,1615.10,2026-08-13 02:15:00,SUCCESS
47529,9,20,2412.60,2026-08-21 20:41:00,REFUNDED
47530,8,9,2673.20,2026-08-13 10:09:00,PENDING
47531,9,19,3776.80,2026-08-23 21:32:00,FAILED
47532,5,9,3894.40,2026-08-10 18:12:00,REFUNDED
47533,7,10,4256.00,2026-08-22 18:20:00,PENDING
47534,6,4,2726.40,2026-08-04 19:44:00,PENDING
47535,3,18,1306.00,2026-08-18 23:04:00,FAILED
47536,1,18,4795.50,2026-08-08 12:44:00,REFUNDED
47537,6,3,776.90,2026-08-23 12:44:00,FAILED
47538,4,5,1227.70,2026-08-17 10:47:00,FAILED
47539,8,20,1487.70,2026-08-05 03:58:00,REFUNDED
47540,3,18,4380.50,2026-08-07 11:25:00,FAILED
47541,3,20,1127.20,2026-08-07 05:47:00,FAILED
47542,2,16,3204.70,2026-08-16 03:09:00,PENDING
47543,4,17,3105.00,2026-08-16 00:02:00,FAILED
47544,7,6,2174.20,2026-08-30 14:05:00,SUCCESS
47545,8,17,2033.50,2026-08-23 05:11:00,FAILED
47546,10,17,4564.40,2026-08-12 21:01:00,SUCCESS
47547,2,18,1919.60,2026-08-03 16:55:00,REFUNDED
47548,9,17,1402.90,2026-08-22 05:31:00,REFUNDED
47549,1,18,349.30,2026-08-27 19:10:00,REFUNDED
47550,6,2,1124.70,2026-08-22 12:05:00,SUCCESS
47551,8,3,4194.70,2026-08-20 00:16:00,SUCCESS
47552,1,3,4732.10,2026-08-03 14:09:00,SUCCESS
47553,10,13,546.80,2026-08-10 00:28:00,SUCCESS
47554,1,8,1781.80,2026-08-17 00:35:00,FAILED
47555,9,9,4593.20,2026-08-21 21:32:00,REFUNDED
47556,3,19,4811.70,2026-08-25 15:58:00,FAILED
47557,8,18,1068.90,2026-08-02 15:06:00,REFUNDED
47558,3,18,962.40,2026-08-29 02:39:00,REFUNDED
47559,1,1,5000,INVALID_DATE_TIME,SUCCESS
47560,8,6,3933.80,2026-08-13 22:32:00,PENDING
47561,10,13,3038.30,2026-08-21 07:38:00,PENDING
47562,4,20,4446.80,2026-08-19 19:05:00,REFUNDED
47563,10,20,3101.70,2026-08-11 15:45:00,FAILED
47564,6,2,3018.90,2026-08-24 13:33:00,PENDING
47565,10,19,2140.90,2026-08-09 05:01:00,PENDING
47566,2,16,1439.30,2026-08-19 20:16:00,PENDING
47567,8,20,572.10,2026-08-06 03:45:00,FAILED
47568,3,14,656.30,2026-08-30 12:37:00,REFUNDED
47569,4,16,4553.20,2026-08-29 14:09:00,REFUNDED
47570,5,16,371.20,2026-08-02 08:20:00,PENDING
47571,3,5,3988.80,2026-08-09 08:20:00,SUCCESS
47572,9,15,4667.90,2026-08-30 13:11:00,SUCCESS
47573,1,20,2691.40,2026-08-02 01:33:00,REFUNDED
47574,5,20,4013.30,2026-08-30 13:36:00,FAILED
47575,6,4,857.60,2026-08-07 14:45:00,SUCCESS
47576,1,15,888.90,2026-08-18 22:41:00,PENDING
47577,2,3,2049.90,2026-08-08 01:50:00,FAILED
47578,7,10,2828.80,2026-08-13 15:27:00,FAILED
47579,9,16,2462.10,2026-08-01 13:47:00,PENDING
47580,10,10,3821.50,2026-08-05 22:05:00,SUCCESS
47581,4,8,4574.30,2026-08-12 09:14:00,REFUNDED
47582,3,7,1112.90,2026-08-16 21:14:00,SUCCESS
47583,9,17,1248.10,2026-08-20 21:44:00,FAILED
47584,2,5,1360.90,2026-08-25 22:59:00,PENDING
47585,8,4,3129.90,2026-08-12 21:53:00,FAILED
47586,1,14,2538.00,2026-08-22 00:37:00,PENDING
47587,5,11,4462.70,2026-08-17 20:59:00,PENDING
47588,5,11,2932.70,2026-08-13 06:52:00,FAILED
47589,5,6,2222.50,2026-08-13 10:38:00,SUCCESS
47590,1,1,5000,2026-08-01 12:00:00,UNKNOWN_STATUS
47591,10,14,1044.70,2026-08-06 20:28:00,FAILED
47592,3,18,2140.80,2026-08-27 07:00:00,SUCCESS
47593,5,10,675.60,2026-08-25 08:36:00,SUCCESS
47594,9,5,3040.40,2026-08-07 20:59:00,PENDING
47595,1,1,5000,2026-08-01 12:00:00,UNKNOWN_STATUS
47596,10,17,1051.90,2026-08-26 16:42:00,PENDING
47597,1,5,1510.30,2026-08-16 09:08:00,SUCCESS
47598,6,17,1818.80,2026-08-06 23:04:00,FAILED
47599,8,3,615.90,2026-08-19 06:29:00,REFUNDED
47600,7,17,474.80,2026-08-26 12:46:00,PENDING
47601,10,6,3551.80,2026-08-21 19:35:00,SUCCESS
47602,2,18,747.20,2026-08-22 00:38:00,REFUNDED
47603,9,15,256.90,2026-08-05 17:25:00,REFUNDED
47604,5,16,2373.80,2026-08-15 04:15:00,FAILED
47605,5,15,3275.60,2026-08-29 18:07:00,SUCCESS
47606,3,12,1437.70,2026-08-05 07:30:00,PENDING
47607,6,20,803.00,2026-08-11 15:06:00,SUCCESS
47608,5,18,1527.80,2026-08-10 07:53:00,SUCCESS
47609,6,2,2953.80,2026-08-26 08:58:00,REFUNDED
47610,5,12,2594.30,2026-08-21 15:48:00,FAILED
47611,6,3,4662.50,2026-08-27 09:49:00,FAILED
47612,1,19,4854.30,2026-08-02 13:37:00,PENDING
47613,2,18,2839.60,2026-08-11 01:02:00,PENDING
47614,8,15,1251.60,2026-08-20 06:34:00,SUCCESS
47615,4,12,4830.00,2026-08-03 10:18:00,FAILED
47616,1,1,NOT_A_NUMBER,2026-08-01 12:00:00,SUCCESS
47617,6,3,2546.80,2026-08-14 09:33:00,PENDING
47618,9,20,3755.50,2026-08-20 15:45:00,REFUNDED
47619,10,2,3991.80,2026-08-22 08:36:00,REFUNDED
47620,2,7,4555.50,2026-08-06 20:54:00,REFUNDED
47621,10,10,800.90,2026-08-16 20:41:00,FAILED
47622,3,18,977.00,2026-08-05 10:36:00,SUCCESS
47623,5,3,2085.20,2026-08-06 20:16:00,FAILED
47624,8,11,1413.20,2026-08-23 01:58:00,PENDING
47625,4,10,1451.40,2026-08-05 11:20:00,REFUNDED
47626,2,15,2021.50,2026-08-10 21:58:00,FAILED
47627,6,19,1694.70,2026-08-06 03:33:00,FAILED
47628,3,18,1696.00,2026-08-17 08:01:00,REFUNDED
47629,1,19,415.60,2026-08-20 02:35:00,PENDING
47630,6,19,4083.00,2026-08-11 09:39:00,FAILED
47631,2,15,859.30,2026-08-14 18:37:00,REFUNDED
47632,4,5,966.60,2026-08-11 01:50:00,SUCCESS
47633,6,10,321.60,2026-08-30 14:04:00,REFUNDED
47634,8,6,50.40,2026-08-23 00:27:00,REFUNDED
47635,8,3,1787.10,2026-08-29 05:39:00,REFUNDED
47636,3,7,659.40,2026-08-19 01:56:00,SUCCESS
47637,1,10,4350.60,2026-08-18 08:04:00,REFUNDED
47638,10,4,2667.20,2026-08-12 12:32:00,REFUNDED
47639,6,10,4801.70,2026-08-15 19:59:00,SUCCESS
47640,10,12,3066.10,2026-08-07 01:51:00,SUCCESS
47641,8,7,463.50,2026-08-24 16:56:00,FAILED
47642,1,18,1157.50,2026-08-10 07:33:00,FAILED
47643,5,8,1104.20,2026-08-09 04:54:00,PENDING
47644,4,12,314.20,2026-08-10 19:50:00,SUCCESS
47645,2,10,4686.20,2026-08-21 02:26:00,REFUNDED
47646,6,4,3340.60,2026-08-27 08:26:00,PENDING
47647,2,3,3644.80,2026-08-20 22:09:00,SUCCESS
47648,7,6,4111.40,2026-08-02 01:08:00,PENDING
47649,5,15,2178.60,2026-08-14 06:36:00,PENDING
47650,8,10,3059.60,2026-08-02 00:38:00,FAILED
47651,9,13,2508.10,2026-08-23 03:12:00,PENDING
47652,2,15,3834.30,2026-08-18 13:05:00,SUCCESS
47653,10,9,4900.10,2026-08-29 16:22:00,SUCCESS
47654,8,12,5000.20,2026-08-23 11:11:00,PENDING
47655,7,4,1131.70,2026-08-11 11:54:00,FAILED
47656,2,9,3848.00,2026-08-30 05:47:00,SUCCESS
47657,1,14,4085.10,2026-08-29 06:26:00,SUCCESS
47658,1,20,2592.50,2026-08-25 07:05:00,PENDING
47659,4,14,1812.90,2026-08-18 17:16:00,SUCCESS
47660,10,18,3653.20,2026-08-30 05:07:00,REFUNDED
47661,9,4,684.90,2026-08-08 01:39:00,PENDING
47662,3,3,1845.80,2026-08-26 19:32:00,FAILED
47663,5,6,1418.60,2026-08-21 22:06:00,SUCCESS
47664,6,14,4179.10,2026-08-25 05:55:00,SUCCESS
47665,10,19,3717.50,2026-08-23 00:09:00,REFUNDED
47666,6,16,4709.50,2026-08-11 21:06:00,REFUNDED
47667,6,19,4609.90,2026-08-15 15:42:00,FAILED
47668,5,17,787.20,2026-08-06 00:45:00,REFUNDED
47669,6,5,1788.60,2026-08-28 16:31:00,REFUNDED
47670,2,17,4890.30,2026-08-04 15:06:00,REFUNDED
47671,4,19,4440.40,2026-08-05 20:55:00,SUCCESS
47672,5,5,1594.60,2026-08-28 09:29:00,REFUNDED
47673,6,16,4124.80,2026-08-16 01:26:00,FAILED
47674,6,10,4366.20,2026-08-13 19:41:00,FAILED
47675,8,8,4744.20,2026-08-11 00:57:00,FAILED
47676,4,11,1530.50,2026-08-26 07:28:00,SUCCESS
47677,7,1,1635.20,2026-08-08 17:56:00,SUCCESS
47678,5,8,2982.30,2026-08-06 08:14:00,FAILED
47679,3,11,3133.40,2026-08-27 00:39:00,REFUNDED
47680,5,12,3299.00,2026-08-24 17:29:00,SUCCESS
47681,1,12,1001.30,2026-08-11 20:40:00,PENDING
47682,1,9,233.90,2026-08-11 22:41:00,PENDING
47683,10,20,4996.40,2026-08-27 18:44:00,PENDING
47684,5,7,1579.60,2026-08-22 04:51:00,REFUNDED
47685,1,1,4793.50,2026-08-13 12:20:00,FAILED
47686,9,15,2716.40,2026-08-13 00:28:00,REFUNDED
47687,2,19,1906.10,2026-08-28 03:01:00,PENDING
47688,5,9,1908.70,2026-08-24 18:25:00,PENDING
47689,2,19,1357.60,2026-08-18 06:14:00,SUCCESS
47690,5,20,1582.10,2026-08-21 07:11:00,PENDING
47691,5,20,3427.70,2026-08-07 22:23:00,REFUNDED
47692,7,15,1339.80,2026-08-25 23:07:00,PENDING
47693,6,17,2564.30,2026-08-26 11:16:00,REFUNDED
47694,9,8,801.20,2026-08-29 19:49:00,REFUNDED
47695,7,18,2530.90,2026-08-17 02:52:00,REFUNDED
47696,5,16,3676.80,2026-08-02 12:59:00,PENDING
47697,2,4,2614.10,2026-08-06 05:54:00,FAILED
47698,4,12,1635.30,2026-08-27 12:55:00,REFUNDED
47699,8,17,2805.90,2026-08-04 18:57:00,SUCCESS
47700,9,11,333.50,2026-08-22 21:13:00,REFUNDED
47701,9,11,3994.30,2026-08-06 21:37:00,SUCCESS
47702,5,6,542.60,2026-08-14 19:50:00,REFUNDED
47703,3,19,1786.30,2026-08-30 16:00:00,REFUNDED
47704,5,2,3675.40,2026-08-07 14:39:00,SUCCESS
47705,3,6,2726.80,2026-08-19 00:53:00,FAILED
47706,3,18,4881.30,2026-08-26 07:36:00,REFUNDED
47707,7,7,1383.40,2026-08-07 05:31:00,PENDING
47708,5,4,3347.70,2026-08-02 18:15:00,PENDING
47709,1,1,NOT_A_NUMBER,2026-08-01 12:00:00,SUCCESS
47710,2,11,2649.70,2026-08-22 21:27:00,SUCCESS
47711,4,20,1514.20,2026-08-19 15:30:00,FAILED
47712,2,18,521.40,2026-08-08 00:29:00,FAILED
47713,7,7,3032.60,2026-08-05 03:25:00,PENDING
47714,9,20,3840.90,2026-08-16 04:13:00,SUCCESS
47715,1,1,5000,INVALID_DATE_TIME,SUCCESS
47716,10,9,2506.00,2026-08-04 02:15:00,SUCCESS
47717,6,12,744.10,2026-08-09 01:24:00,REFUNDED
47718,2,19,3231.90,2026-08-08 20:33:00,PENDING
47719,1,5,4742.80,2026-08-23 04:44:00,SUCCESS
47720,1,7,691.90,2026-08-23 09:07:00,FAILED
47721,5,15,3600.00,2026-08-16 16:50:00,PENDING
47722,5,19,1357.20,2026-08-01 15:03:00,PENDING
47723,5,1,473.20,2026-08-02 19:17:00,REFUNDED
47724,4,16,4461.50,2026-08-20 23:25:00,FAILED
47725,4,1,3520.70,2026-08-29 11:02:00,FAILED
47726,9,18,561.00,2026-08-26 05:36:00,PENDING
47727,3,20,179.30,2026-08-22 21:17:00,REFUNDED
47728,5,10,3893.90,2026-08-23 20:17:00,REFUNDED
47729,9,3,181.20,2026-08-25 22:14:00,FAILED
47730,5,8,2723.70,2026-08-25 19:44:00,REFUNDED
47731,9,4,1381.60,2026-08-29 21:28:00,FAILED
47732,9,5,3408.80,2026-08-20 22:56:00,REFUNDED
47733,7,16,2087.40,2026-08-29 23:44:00,REFUNDED
47734,6,18,4841.50,2026-08-20 23:32:00,PENDING
47735,1,8,3243.70,2026-08-09 03:18:00,FAILED
47736,4,9,1893.40,2026-08-25 23:50:00,PENDING
47737,10,10,875.90,2026-08-02 16:31:00,PENDING
47738,9,14,3687.50,2026-08-23 02:39:00,FAILED
47739,2,19,88.30,2026-08-23 09:33:00,FAILED
47740,1,16,2317.10,2026-08-24 23:40:00,PENDING
47741,10,16,2241.90,2026-08-07 12:19:00,SUCCESS
47742,7,11,3230.10,2026-08-24 23:50:00,SUCCESS
47743,9,17,3434.70,2026-08-23 15:16:00,PENDING
47744,10,17,1869.20,2026-08-22 04:23:00,SUCCESS
47745,1,100.00
47746,9,10,463.20,2026-08-14 01:42:00,REFUNDED
47747,3,3,980.00,2026-08-27 08:22:00,PENDING
47748,1,100.00
47749,7,4,86.80,2026-08-19 11:58:00,SUCCESS
47750,2,3,4208.30,2026-08-09 20:23:00,REFUNDED
47751,7,13,1384.70,2026-08-21 21:28:00,PENDING
47752,3,9,3171.00,2026-08-18 02:15:00,SUCCESS
47753,7,1,1799.30,2026-08-25 07:26:00,FAILED
47754,2,11,1811.60,2026-08-30 17:52:00,FAILED
47755,9,9,2905.80,2026-08-01 21:52:00,REFUNDED
47756,1,100.00
47757,1,10,1863.90,2026-08-21 17:58:00,FAILED
47758,10,5,1684.90,2026-08-30 07:46:00,REFUNDED
47759,5,4,227.00,2026-08-18 03:09:00,FAILED
47760,8,12,231.10,2026-08-06 22:48:00,PENDING
47761,9,5,1952.60,2026-08-03 21:19:00,FAILED
47762,5,7,587.40,2026-08-13 02:21:00,SUCCESS
47763,7,1,4515.00,2026-08-06 07:54:00,PENDING
47764,2,17,3414.50,2026-08-18 08:37:00,SUCCESS
47765,4,19,2929.90,2026-08-17 06:09:00,PENDING
47766,6,16,2638.50,2026-08-29 20:44:00,FAILED
47767,8,3,1191.10,2026-08-16 16:47:00,SUCCESS
47768,6,19,2980.50,2026-08-01 10:12:00,REFUNDED
47769,8,3,591.70,2026-08-02 14:03:00,SUCCESS
47770,4,13,3281.30,2026-08-16 18:42:00,REFUNDED
47771,7,15,2270.40,2026-08-03 14:09:00,PENDING
47772,8,18,2320.40,2026-08-25 03:20:00,PENDING
47773,1,11,2503.00,2026-08-12 23:34:00,PENDING
47774,1,1,4722.60,2026-08-14 13:43:00,SUCCESS
47775,5,19,1986.10,2026-08-06 00:17:00,REFUNDED
47776,4,17,4163.50,2026-08-13 03:54:00,FAILED
47777,7,3,4733.90,2026-08-07 03:59:00,REFUNDED
47778,1,7,3616.90,2026-08-23 17:45:00,PENDING
47779,10,14,176.70,2026-08-03 03:06:00,SUCCESS
47780,6,2,415.30,2026-08-07 22:01:00,PENDING
47781,3,16,3517.30,2026-08-07 23:54:00,PENDING
47782,2,6,2255.70,2026-08-30 01:15:00,REFUNDED
47783,1,100.00
47784,1,16,2649.00,2026-08-02 18:28:00,PENDING
47785,10,16,4011.20,2026-08-18 11:41:00,SUCCESS
47786,7,2,1030.40,2026-08-18 18:09:00,REFUNDED
47787,1,12,3740.60,2026-08-07 14:22:00,REFUNDED
47788,8,11,2776.60,2026-08-21 09:28:00,PENDING
47789,4,7,2720.20,2026-08-15 05:35:00,REFUNDED
47790,1,8,1754.30,2026-08-11 15:17:00,FAILED
47791,1,8,2214.30,2026-08-06 03:11:00,PENDING
47792,2,1,3139.40,2026-08-12 09:06:00,SUCCESS
47793,9,14,3175.60,2026-08-13 20:25:00,REFUNDED
47794,10,5,3982.30,2026-08-05 01:49:00,SUCCESS
47795,8,8,2080.00,2026-08-11 08:25:00,FAILED
47796,10,13,3675.80,2026-08-14 06:06:00,FAILED
47797,1,12,2335.00,2026-08-05 03:25:00,SUCCESS
47798,10,16,3175.60,2026-08-15 07:01:00,PENDING
47799,5,19,465.50,2026-08-20 06:16:00,PENDING
47800,9,3,1078.40,2026-08-15 04:27:00,REFUNDED
47801,6,4,1798.70,2026-08-06 11:47:00,REFUNDED
47802,7,3,4939.50,2026-08-27 06:21:00,REFUNDED
47803,3,6,2752.10,2026-08-06 13:44:00,FAILED
47804,4,9,2606.00,2026-08-19 07:49:00,REFUNDED
47805,7,16,2651.40,2026-08-06 11:26:00,FAILED
47806,6,9,5026.20,2026-08-14 10:14:00,FAILED
47807,10,15,582.10,2026-08-21 13:04:00,PENDING
47808,3,19,2105.70,2026-08-15 17:38:00,FAILED
47809,2,12,2522.20,2026-08-11 08:56:00,PENDING
47810,2,7,626.10,2026-08-25 04:46:00,FAILED
47811,7,18,1750.80,2026-08-08 11:53:00,PENDING
47812,8,12,138.10,2026-08-24 03:00:00,REFUNDED
47813,2,3,3677.80,2026-08-25 11:01:00,REFUNDED
47814,3,4,2164.50,2026-08-27 19:17:00,FAILED
47815,4,3,2591.30,2026-08-12 21:31:00,REFUNDED
47816,1,17,733.40,2026-08-10 02:35:00,SUCCESS
47817,9,7,3744.50,2026-08-02 08:52:00,REFUNDED
47818,5,5,1920.50,2026-08-30 12:02:00,REFUNDED
47819,6,17,3422.00,2026-08-20 03:01:00,REFUNDED
47820,8,13,2990.80,2026-08-12 15:38:00,PENDING
47821,1,1,5000,2026-08-01 12:00:00,UNKNOWN_STATUS
47822,3,14,1725.80,2026-08-20 01:50:00,FAILED
47823,2,1,2621.30,2026-08-08 15:28:00,FAILED
47824,10,17,4861.50,2026-08-12 19:16:00,PENDING
47825,6,4,2608.60,2026-08-16 07:00:00,SUCCESS
47826,4,18,4377.40,2026-08-11 17:49:00,PENDING
47827,8,16,1003.20,2026-08-09 22:22:00,PENDING
47828,6,13,938.30,2026-08-20 00:50:00,REFUNDED
47829,2,13,2356.20,2026-08-07 08:11:00,FAILED
47830,9,5,1656.40,2026-08-18 20:41:00,PENDING
47831,2,3,330.40,2026-08-19 20:54:00,PENDING
47832,1,8,4551.80,2026-08-30 14:49:00,REFUNDED
47833,9,14,1651.90,2026-08-08 05:57:00,PENDING
47834,4,2,4278.70,2026-08-28 14:30:00,SUCCESS
47835,6,3,2980.10,2026-08-20 17:02:00,REFUNDED
47836,5,13,288.60,2026-08-04 13:43:00,FAILED
47837,4,1,1387.00,2026-08-10 14:09:00,FAILED
47838,1,10,1433.90,2026-08-02 08:22:00,REFUNDED
47839,6,2,3761.70,2026-08-05 14:06:00,SUCCESS
47840,7,19,3261.40,2026-08-14 11:38:00,PENDING
47841,4,12,791.80,2026-08-27 06:39:00,FAILED
47842,10,18,2048.00,2026-08-02 05:29:00,REFUNDED
47843,1,18,3855.40,2026-08-15 22:41:00,REFUNDED
47844,4,9,991.80,2026-08-07 14:37:00,PENDING
47845,7,5,289.20,2026-08-13 18:07:00,SUCCESS
47846,10,17,3784.80,2026-08-06 03:21:00,FAILED
47847,6,4,292.20,2026-08-27 10:38:00,REFUNDED
47848,7,20,1797.00,2026-08-01 11:35:00,PENDING
47849,5,16,4416.50,2026-08-03 05:37:00,PENDING
47850,10,8,2405.00,2026-08-14 11:23:00,REFUNDED
47851,2,9,617.70,2026-08-10 06:07:00,REFUNDED
47852,1,13,1645.10,2026-08-10 00:50:00,PENDING
47853,4,4,3304.80,2026-08-04 04:25:00,SUCCESS
47854,10,12,2291.00,2026-08-23 18:24:00,FAILED
47855,1,6,653.10,2026-08-04 14:04:00,SUCCESS
47856,1,1,NOT_A_NUMBER,2026-08-01 12:00:00,SUCCESS
47857,8,16,379.20,2026-08-04 15:57:00,PENDING
47858,9,6,2351.70,2026-08-16 02:24:00,SUCCESS
47859,1,100.00
47860,3,16,1934.70,2026-08-07 03:30:00,PENDING
47861,2,15,2673.10,2026-08-21 03:54:00,REFUNDED
47862,5,4,1090.30,2026-08-06 23:43:00,PENDING
47863,7,19,2219.20,2026-08-30 04:16:00,PENDING
47864,8,12,1014.30,2026-08-31 04:38:00,PENDING
47865,8,14,2391.10,2026-08-18 23:15:00,PENDING
47866,2,7,3413.20,2026-08-06 01:21:00,FAILED
47867,4,10,4606.70,2026-08-27 18:11:00,FAILED
47868,1,1,5000,INVALID_DATE_TIME,SUCCESS
47869,3,1,4930.40,2026-08-17 05:25:00,REFUNDED
47870,3,8,1334.60,2026-08-15 05:38:00,REFUNDED
47871,6,13,2860.30,2026-08-20 11:57:00,REFUNDED
47872,4,10,4664.80,2026-08-14 20:51:00,FAILED
47873,5,13,2375.80,2026-08-09 02:00:00,REFUNDED
47874,1,100.00
47875,10,12,3724.80,2026-08-25 16:06:00,PENDING
47876,5,2,3052.70,2026-08-23 10:39:00,SUCCESS
47877,4,12,340.90,2026-08-17 05:59:00,REFUNDED
47878,5,9,302.60,2026-08-11 11:15:00,REFUNDED
47879,1,14,438.20,2026-08-10 10:50:00,PENDING
47880,5,6,4923.80,2026-08-06 14:20:00,FAILED
47881,8,12,3146.10,2026-08-12 09:55:00,SUCCESS
47882,8,20,3046.40,2026-08-16 12:38:00,FAILED
47883,4,19,224.10,2026-08-09 04:43:00,SUCCESS
47884,1,7,1842.50,2026-08-06 01:26:00,PENDING
47885,4,1,3355.40,2026-08-30 14:55:00,FAILED
47886,3,14,531.70,2026-08-19 03:44:00,SUCCESS
47887,3,19,3952.70,2026-08-11 00:06:00,PENDING
47888,1,2,4339.50,2026-08-06 04:04:00,FAILED
47889,4,5,1308.30,2026-08-18 06:59:00,REFUNDED
47890,5,11,3705.90,2026-08-12 17:49:00,FAILED
47891,5,11,3079.80,2026-08-20 00:24:00,PENDING
47892,7,1,2329.70,2026-08-08 09:57:00,REFUNDED
47893,4,5,4605.60,2026-08-17 21:07:00,PENDING
47894,9,13,1432.00,2026-08-05 01:38:00,PENDING
47895,9,9,4791.00,2026-08-15 13:03:00,PENDING
47896,9,15,327.60,2026-08-08 17:43:00,SUCCESS
47897,7,20,2402.80,2026-08-09 10:34:00,REFUNDED
47898,8,20,3161.30,2026-08-23 13:29:00,SUCCESS
47899,10,10,496.10,2026-08-06 23:47:00,REFUNDED
47900,5,12,4830.20,2026-08-05 19:30:00,REFUNDED
47901,2,1,3271.50,2026-08-12 12:30:00,SUCCESS
47902,5,1,2850.30,2026-08-03 18:52:00,SUCCESS
47903,2,4,2039.10,2026-08-25 07:06:00,REFUNDED
47904,7,3,429.80,2026-08-26 19:15:00,FAILED
47905,6,2,166.20,2026-08-04 06:03:00,SUCCESS
47906,2,8,1036.60,2026-08-30 15:59:00,REFUNDED
47907,9,4,2650.10,2026-08-09 12:44:00,SUCCESS
47908,10,6,2580.40,2026-08-11 19:11:00,REFUNDED
47909,4,19,756.20,2026-08-22 22:06:00,REFUNDED
47910,5,8,3667.80,2026-08-10 02:04:00,FAILED
47911,9,3,1016.80,2026-08-20 05:09:00,PENDING
47912,10,5,2930.50,2026-08-25 01:50:00,FAILED
47913,5,8,3124.60,2026-08-29 02:41:00,SUCCESS
47914,7,14,3732.10,2026-08-20 07:08:00,FAILED
47915,2,4,2509.80,2026-08-09 05:20:00,REFUNDED
47916,4,18,2786.00,2026-08-10 02:13:00,PENDING
47917,10,2,608.00,2026-08-21 09:36:00,REFUNDED
47918,1,20,572.20,2026-08-04 08:01:00,REFUNDED
47919,2,7,3154.10,2026-08-09 19:21:00,FAILED
47920,1,1,5000,INVALID_DATE_TIME,SUCCESS
47921,4,1,4029.90,2026-08-24 14:54:00,PENDING
47922,7,13,4468.70,2026-08-23 08:44:00,SUCCESS
47923,5,20,790.80,2026-08-25 18:07:00,PENDING
47924,7,3,975.70,2026-08-29 00:07:00,SUCCESS
47925,4,19,158.60,2026-08-20 06:50:00,PENDING
47926,5,7,2491.50,2026-08-22 00:00:00,PENDING
47927,5,2,3308.80,2026-08-29 05:03:00,REFUNDED
47928,5,5,3459.60,2026-08-09 05:43:00,FAILED
47929,8,20,1898.10,2026-08-14 20:47:00,FAILED
47930,8,8,1730.80,2026-08-07 06:00:00,REFUNDED
47931,8,6,1213.10,2026-08-30 21:12:00,FAILED
47932,8,7,409.00,2026-08-20 22:22:00,PENDING
47933,6,12,2474.70,2026-08-02 01:31:00,REFUNDED
47934,4,17,2419.30,2026-08-14 12:04:00,PENDING
47935,5,2,3214.80,2026-08-24 16:05:00,PENDING
47936,4,6,4176.70,2026-08-25 21:19:00,PENDING
47937,8,8,2766.10,2026-08-13 13:28:00,FAILED
47938,3,13,601.10,2026-08-31 02:52:00,REFUNDED
47939,7,10,2497.90,2026-08-13 05:24:00,FAILED
47940,10,20,2739.60,2026-08-26 23:56:00,REFUNDED
47941,7,5,3032.00,2026-08-25 19:25:00,SUCCESS
47942,1,17,4044.60,2026-08-22 05:57:00,PENDING
47943,1,3,1278.40,2026-08-12 15:06:00,SUCCESS
47944,7,3,231.60,2026-08-25 20:10:00,SUCCESS
47945,4,20,2549.20,2026-08-28 01:16:00,FAILED
47946,10,19,1985.30,2026-08-12 20:31:00,SUCCESS
47947,5,13,4446.60,2026-08-21 07:05:00,SUCCESS
47948,5,19,816.30,2026-08-22 00:28:00,SUCCESS
47949,5,11,2198.90,2026-08-16 18:38:00,FAILED
47950,1,12,269.50,2026-08-10 19:00:00,SUCCESS
47951,1,16,1072.20,2026-08-25 23:08:00,REFUNDED
47952,6,20,549.30,2026-08-23 13:14:00,FAILED
47953,9,19,2184.30,2026-08-14 16:56:00,REFUNDED
47954,5,13,2279.00,2026-08-05 22:16:00,REFUNDED
47955,1,13,3096.70,2026-08-28 00:44:00,FAILED
47956,1,5,524.60,2026-08-15 14:51:00,PENDING
47957,5,4,993.70,2026-08-08 12:22:00,PENDING
47958,5,3,2422.10,2026-08-11 12:37:00,FAILED
47959,6,15,260.70,2026-08-24 19:36:00,REFUNDED
47960,3,12,3898.30,2026-08-30 03:11:00,SUCCESS
47961,9,7,2961.30,2026-08-14 00:20:00,SUCCESS
47962,10,2,2089.40,2026-08-03 23:00:00,SUCCESS
47963,5,5,1966.80,2026-08-24 08:59:00,REFUNDED
47964,5,5,2635.30,2026-08-15 22:06:00,REFUNDED
47965,7,16,1671.00,2026-08-30 02:44:00,SUCCESS
47966,5,14,1291.00,2026-08-21 10:06:00,PENDING
47967,10,13,136.90,2026-08-27 04:59:00,REFUNDED
47968,3,3,523.20,2026-08-04 00:27:00,FAILED
47969,10,8,4654.10,2026-08-18 00:31:00,SUCCESS
47970,7,3,3940.40,2026-08-02 08:43:00,PENDING
47971,4,1,3424.20,2026-08-24 09:49:00,REFUNDED
47972,9,10,1762.70,2026-08-01 17:06:00,PENDING
47973,2,8,1475.70,2026-08-30 16:49:00,SUCCESS
47974,3,10,3322.10,2026-08-26 09:43:00,SUCCESS
47975,1,14,709.80,2026-08-12 08:41:00,SUCCESS
47976,4,3,2086.80,2026-08-09 14:52:00,REFUNDED
47977,6,20,1024.10,2026-08-16 02:13:00,REFUNDED
47978,6,18,4298.40,2026-08-01 12:08:00,SUCCESS
47979,3,1,3826.70,2026-08-13 07:38:00,SUCCESS
47980,5,8,1078.60,2026-08-10 11:30:00,SUCCESS
47981,9,17,4701.40,2026-08-16 05:23:00,FAILED
47982,7,8,133.30,2026-08-17 22:15:00,REFUNDED
47983,3,13,564.40,2026-08-20 12:05:00,REFUNDED
47984,2,16,301.80,2026-08-10 12:09:00,PENDING
47985,5,12,4860.20,2026-08-03 07:57:00,SUCCESS
47986,3,9,1702.50,2026-08-17 17:38:00,FAILED
47987,7,11,3404.30,2026-08-20 11:31:00,PENDING
47988,4,3,2295.30,2026-08-13 23:19:00,REFUNDED
47989,5,17,4226.70,2026-08-22 09:29:00,FAILED
47990,4,16,3185.80,2026-08-29 13:20:00,SUCCESS
47991,2,15,4788.40,2026-08-16 22:26:00,PENDING
47992,4,20,4505.70,2026-08-21 13:47:00,SUCCESS
47993,8,19,2828.70,2026-08-24 02:22:00,PENDING
47994,9,10,1678.00,2026-08-20 00:16:00,FAILED
47995,3,20,4544.70,2026-08-28 15:14:00,PENDING
47996,6,5,469.60,2026-08-16 17:43:00,SUCCESS
47997,10,10,4427.90,2026-08-24 11:00:00,FAILED
47998,9,8,1650.20,2026-08-01 21:36:00,FAILED
47999,9,20,2934.00,2026-08-04 12:05:00,FAILED
48000,9,5,1177.50,2026-08-28 18:38:00,REFUNDED
48001,5,20,3925.10,2026-08-04 12:55:00,REFUNDED
48002,4,12,709.70,2026-08-12 11:19:00,REFUNDED
48003,5,9,4381.30,2026-08-26 17:13:00,PENDING
48004,8,6,2976.50,2026-08-18 02:28:00,PENDING
48005,1,19,2945.80,2026-08-08 14:00:00,SUCCESS
48006,7,8,1460.10,2026-08-09 00:58:00,REFUNDED
48007,1,1,NOT_A_NUMBER,2026-08-01 12:00:00,SUCCESS
48008,9,11,1939.80,2026-08-27 07:57:00,SUCCESS
48009,3,2,1257.70,2026-08-23 22:17:00,FAILED
48010,10,13,1830.90,2026-08-02 17:45:00,SUCCESS
48011,8,2,928.10,2026-08-27 19:15:00,REFUNDED
48012,3,20,2692.60,2026-08-25 03:27:00,PENDING
48013,2,4,2784.60,2026-08-27 08:39:00,FAILED
48014,7,7,2610.10,2026-08-08 05:54:00,SUCCESS
48015,7,2,3552.60,2026-08-14 00:05:00,REFUNDED
48016,1,18,309.00,2026-08-16 16:03:00,SUCCESS
48017,10,2,4896.10,2026-08-29 20:36:00,PENDING
48018,1,14,889.30,2026-08-08 22:31:00,SUCCESS
48019,10,4,1954.90,2026-08-08 17:57:00,REFUNDED
48020,10,17,660.30,2026-08-20 20:14:00,FAILED
48021,1,1,5000,INVALID_DATE_TIME,SUCCESS
48022,5,12,1054.70,2026-08-16 23:53:00,SUCCESS
48023,7,16,3112.50,2026-08-23 03:41:00,PENDING
48024,6,7,757.10,2026-08-14 10:15:00,REFUNDED
48025,5,10,2961.90,2026-08-21 12:49:00,PENDING
48026,9,14,1958.10,2026-08-29 10:51:00,SUCCESS
48027,6,16,3215.70,2026-08-28 13:28:00,REFUNDED
48028,7,17,4507.00,2026-08-10 14:43:00,PENDING
48029,1,20,4036.50,2026-08-15 23:05:00,FAILED
48030,8,13,3236.30,2026-08-24 19:12:00,PENDING
48031,2,18,2575.10,2026-08-16 13:40:00,SUCCESS
48032,1,2,1623.60,2026-08-04 16:34:00,FAILED
48033,10,10,2259.50,2026-08-02 06:10:00,PENDING
48034,6,7,1476.60,2026-08-18 20:21:00,PENDING
48035,7,3,1734.30,2026-08-02 00:03:00,SUCCESS
48036,8,7,1803.00,2026-08-22 12:58:00,SUCCESS
48037,3,1,2243.20,2026-08-08 15:18:00,SUCCESS
48038,1,1,5000,2026-08-01 12:00:00,UNKNOWN_STATUS
48039,9,3,2191.50,2026-08-22 08:01:00,REFUNDED
48040,9,11,2245.00,2026-08-22 11:40:00,REFUNDED
48041,10,6,472.20,2026-08-20 13:32:00,FAILED
48042,6,14,386.50,2026-08-13 05:14:00,REFUNDED
48043,4,19,1680.60,2026-08-11 22:01:00,PENDING
48044,6,10,3163.60,2026-08-16 05:42:00,REFUNDED
48045,1,12,4994.10,2026-08-19 18:47:00,SUCCESS
48046,7,6,3223.60,2026-08-05 21:12:00,FAILED
48047,7,19,1408.20,2026-08-16 20:36:00,FAILED
48048,4,2,1314.70,2026-08-30 11:19:00,SUCCESS
48049,1,3,568.00,2026-08-11 03:17:00,REFUNDED
48050,8,5,723.40,2026-08-24 03:20:00,PENDING
48051,7,10,2108.60,2026-08-22 06:21:00,PENDING
48052,2,19,2804.40,2026-08-12 17:21:00,PENDING
48053,1,5,3741.30,2026-08-12 02:01:00,REFUNDED
48054,7,19,656.60,2026-08-16 22:35:00,REFUNDED
48055,6,15,2601.70,2026-08-03 23:02:00,SUCCESS
48056,10,6,1208.80,2026-08-22 18:58:00,PENDING
48057,1,1,5000,INVALID_DATE_TIME,SUCCESS
48058,9,16,3035.30,2026-08-26 15:08:00,FAILED
48059,1,15,500.80,2026-08-12 21:29:00,SUCCESS
48060,2,5,767.10,2026-08-18 03:11:00,FAILED
48061,6,4,3886.60,2026-08-09 17:31:00,SUCCESS
48062,8,7,2348.90,2026-08-14 11:30:00,FAILED
48063,2,19,3551.80,2026-08-23 15:59:00,PENDING
48064,7,13,2228.60,2026-08-19 01:38:00,REFUNDED
48065,3,19,2084.90,2026-08-14 03:48:00,SUCCESS
48066,5,11,3410.20,2026-08-12 03:33:00,PENDING
48067,5,5,3950.00,2026-08-07 15:08:00,PENDING
48068,9,9,5030.20,2026-08-14 23:14:00,SUCCESS
48069,9,10,4204.90,2026-08-22 04:21:00,SUCCESS
48070,2,8,2279.90,2026-08-08 04:54:00,SUCCESS
48071,10,13,2656.70,2026-08-10 19:23:00,SUCCESS
48072,2,13,625.70,2026-08-25 15:36:00,SUCCESS
48073,2,16,4497.40,2026-08-05 08:36:00,PENDING
48074,1,1,NOT_A_NUMBER,2026-08-01 12:00:00,SUCCESS
48075,2,2,625.70,2026-08-16 00:41:00,SUCCESS
48076,4,1,2203.20,2026-08-20 17:18:00,SUCCESS
48077,3,4,4719.60,2026-08-29 07:28:00,SUCCESS
48078,4,15,4412.10,2026-08-05 03:55:00,REFUNDED
48079,5,5,982.90,2026-08-04 10:41:00,REFUNDED
48080,8,19,4808.20,2026-08-02 04:22:00,REFUNDED
48081,6,1,1624.20,2026-08-29 15:50:00,PENDING
48082,7,18,1452.00,2026-08-10 04:52:00,REFUNDED
48083,4,6,4517.40,2026-08-25 00:02:00,REFUNDED
48084,8,10,1960.70,2026-08-17 12:28:00,REFUNDED
48085,2,1,4117.10,2026-08-18 02:22:00,PENDING
48086,7,3,4169.60,2026-08-01 10:00:00,FAILED
48087,9,2,2248.10,2026-08-15 18:39:00,FAILED
48088,3,3,2553.30,2026-08-03 16:06:00,FAILED
48089,6,19,2751.80,2026-08-25 14:41:00,PENDING
48090,9,4,2284.10,2026-08-27 08:36:00,SUCCESS
48091,8,20,981.80,2026-08-16 04:54:00,FAILED
48092,5,15,1781.80,2026-08-01 20:11:00,PENDING
48093,7,4,1268.10,2026-08-06 22:23:00,PENDING
48094,1,18,1043.60,2026-08-13 02:10:00,REFUNDED
48095,3,13,3264.60,2026-08-21 07:49:00,SUCCESS
48096,2,11,4663.50,2026-08-20 13:29:00,PENDING
48097,4,8,3778.30,2026-08-26 02:53:00,SUCCESS
48098,2,12,4914.30,2026-08-09 05:13:00,REFUNDED
48099,5,12,3642.40,2026-08-18 18:44:00,SUCCESS
48100,1,4,242.80,2026-08-01 11:24:00,REFUNDED
48101,4,8,1936.70,2026-08-14 18:41:00,REFUNDED
48102,8,8,2292.60,2026-08-03 20:05:00,REFUNDED
48103,5,15,747.20,2026-08-30 16:58:00,SUCCESS
48104,1,1,NOT_A_NUMBER,2026-08-01 12:00:00,SUCCESS
48105,4,2,1914.50,2026-08-10 16:53:00,REFUNDED
48106,4,4,2170.90,2026-08-23 02:48:00,FAILED
48107,5,15,3361.40,2026-08-03 13:36:00,PENDING
48108,4,13,1659.20,2026-08-30 22:33:00,FAILED
48109,4,7,2236.80,2026-08-10 01:11:00,FAILED
48110,3,11,1611.00,2026-08-15 11:39:00,REFUNDED
48111,5,13,4512.50,2026-08-24 16:41:00,REFUNDED
48112,10,16,637.20,2026-08-07 21:06:00,PENDING
48113,9,3,3066.30,2026-08-23 03:42:00,PENDING
48114,2,4,1638.90,2026-08-21 01:02:00,REFUNDED
48115,5,7,3541.90,2026-08-29 15:05:00,SUCCESS
48116,8,18,1863.30,2026-08-09 05:47:00,REFUNDED
48117,6,6,2059.30,2026-08-13 00:25:00,FAILED
48118,5,2,2496.70,2026-08-14 15:11:00,SUCCESS
48119,10,10,3782.80,2026-08-30 18:33:00,PENDING
48120,1,100.00
48121,9,15,4358.10,2026-08-17 17:19:00,FAILED
48122,7,20,4497.50,2026-08-22 03:09:00,PENDING
48123,1,5,2148.30,2026-08-08 09:14:00,SUCCESS
48124,1,1,NOT_A_NUMBER,2026-08-01 12:00:00,SUCCESS
48125,5,3,169.90,2026-08-09 12:57:00,REFUNDED
48126,2,11,4416.60,2026-08-04 03:59:00,SUCCESS
48127,3,12,2869.80,2026-08-13 17:47:00,SUCCESS
48128,1,11,2328.30,2026-08-09 00:01:00,PENDING
48129,9,3,3978.60,2026-08-19 14:17:00,PENDING
48130,10,15,594.80,2026-08-09 07:23:00,FAILED
48131,3,16,4394.30,2026-08-13 07:11:00,SUCCESS
48132,3,8,1096.60,2026-08-22 12:18:00,SUCCESS
48133,10,1,76.10,2026-08-06 23:16:00,PENDING
48134,3,15,2527.30,2026-08-06 11:43:00,REFUNDED
48135,4,19,4940.90,2026-08-06 15:46:00,FAILED
48136,7,10,1936.30,2026-08-30 18:46:00,REFUNDED
48137,1,1,NOT_A_NUMBER,2026-08-01 12:00:00,SUCCESS
48138,9,5,1377.00,2026-08-23 02:47:00,SUCCESS
48139,3,16,5030.90,2026-08-24 22:23:00,REFUNDED
48140,10,2,3255.50,2026-08-14 16:48:00,PENDING
48141,5,20,4439.90,2026-08-18 12:54:00,REFUNDED
48142,3,11,228.70,2026-08-10 03:40:00,REFUNDED
48143,5,7,4023.00,2026-08-29 09:54:00,FAILED
48144,3,12,4455.30,2026-08-28 19:11:00,REFUNDED
48145,4,13,81.70,2026-08-12 10:25:00,FAILED
48146,5,4,5006.80,2026-08-01 09:06:00,FAILED
48147,3,11,3959.70,2026-08-19 16:41:00,FAILED
48148,1,17,3577.30,2026-08-30 02:35:00,FAILED
48149,4,10,3360.80,2026-08-23 20:04:00,REFUNDED
48150,5,8,1939.90,2026-08-26 04:59:00,SUCCESS
48151,2,12,2973.10,2026-08-01 19:00:00,REFUNDED
48152,1,1,95.80,2026-08-30 10:06:00,FAILED
48153,2,10,4558.90,2026-08-28 11:31:00,FAILED
48154,9,8,1625.00,2026-08-01 11:47:00,REFUNDED
48155,6,10,3397.10,2026-08-30 03:59:00,SUCCESS
48156,8,8,2459.60,2026-08-15 14:39:00,REFUNDED
48157,2,14,3992.30,2026-08-04 19:28:00,SUCCESS
48158,3,8,564.70,2026-08-18 22:40:00,PENDING
48159,10,17,3686.80,2026-08-28 02:16:00,REFUNDED
48160,5,3,4084.90,2026-08-11 17:37:00,SUCCESS
48161,9,18,1837.70,2026-08-04 12:22:00,FAILED
48162,6,3,1386.30,2026-08-03 13:44:00,PENDING
48163,7,16,158.50,2026-08-10 10:17:00,REFUNDED
48164,8,20,2369.90,2026-08-29 23:46:00,PENDING
48165,9,10,4794.70,2026-08-20 11:39:00,PENDING
48166,6,6,2033.00,2026-08-11 18:08:00,REFUNDED
48167,5,8,1033.30,2026-08-20 17:24:00,PENDING
48168,4,11,2515.40,2026-08-18 20:53:00,SUCCESS
48169,8,16,2329.10,2026-08-03 10:43:00,PENDING
48170,6,13,454.90,2026-08-03 20:41:00,FAILED
48171,2,14,1909.00,2026-08-20 08:45:00,PENDING
48172,3,14,2078.10,2026-08-06 21:37:00,SUCCESS
48173,10,12,3855.40,2026-08-11 10:57:00,PENDING
48174,9,16,1443.30,2026-08-29 19:24:00,SUCCESS
48175,5,3,2498.90,2026-08-03 16:37:00,FAILED
48176,6,5,1549.20,2026-08-11 00:32:00,REFUNDED
48177,6,2,445.50,2026-08-11 06:04:00,FAILED
48178,10,9,3975.20,2026-08-14 07:16:00,PENDING
48179,5,10,3077.40,2026-08-11 17:10:00,PENDING
48180,10,18,1232.50,2026-08-13 02:13:00,SUCCESS
48181,10,11,3055.90,2026-08-06 22:21:00,REFUNDED
48182,7,1,2105.70,2026-08-31 05:30:00,REFUNDED
48183,1,19,1861.70,2026-08-13 13:05:00,REFUNDED
48184,9,15,1612.10,2026-08-25 06:26:00,FAILED
48185,1,1,5000,2026-08-01 12:00:00,UNKNOWN_STATUS
48186,9,19,807.20,2026-08-28 07:14:00,PENDING
48187,1,17,4963.90,2026-08-15 23:02:00,REFUNDED
48188,10,12,4136.00,2026-08-29 09:04:00,FAILED
48189,5,17,583.80,2026-08-17 20:11:00,REFUNDED
48190,4,17,4715.60,2026-08-24 21:51:00,PENDING
48191,3,18,134.60,2026-08-24 19:47:00,REFUNDED
48192,4,18,4419.90,2026-08-18 22:51:00,PENDING
48193,1,14,3579.60,2026-08-05 22:52:00,REFUNDED
48194,2,15,2452.40,2026-08-17 18:22:00,REFUNDED
48195,2,10,4183.00,2026-08-04 13:36:00,REFUNDED
48196,1,15,3664.30,2026-08-17 08:53:00,PENDING
48197,4,3,2708.50,2026-08-18 04:08:00,SUCCESS
48198,5,18,2790.60,2026-08-24 04:59:00,REFUNDED
48199,5,13,263.30,2026-08-04 01:23:00,REFUNDED
48200,7,8,3496.40,2026-08-15 01:51:00,PENDING
48201,1,100.00
48202,1,1,5000,INVALID_DATE_TIME,SUCCESS
48203,10,1,418.30,2026-08-18 22:51:00,REFUNDED
48204,3,4,2844.70,2026-08-02 03:53:00,SUCCESS
48205,3,9,3847.60,2026-08-01 13:45:00,FAILED
48206,6,15,398.90,2026-08-22 01:31:00,PENDING
48207,6,20,4415.70,2026-08-08 05:23:00,REFUNDED
48208,6,3,1600.50,2026-08-29 12:41:00,REFUNDED
48209,8,19,1911.70,2026-08-02 00:08:00,PENDING
48210,6,18,5001.80,2026-08-14 18:51:00,PENDING
48211,8,15,701.70,2026-08-22 23:58:00,REFUNDED
48212,5,17,1885.10,2026-08-10 06:43:00,PENDING
48213,7,11,4807.70,2026-08-24 23:19:00,FAILED
48214,3,10,4183.60,2026-08-08 06:32:00,FAILED
48215,10,2,4640.00,2026-08-12 17:04:00,FAILED
48216,6,20,4952.70,2026-08-25 06:34:00,PENDING
48217,5,20,3444.70,2026-08-12 03:17:00,REFUNDED
48218,5,12,1092.20,2026-08-07 17:07:00,REFUNDED
48219,8,8,2621.20,2026-08-09 00:44:00,REFUNDED
48220,8,15,1762.90,2026-08-26 12:50:00,SUCCESS
48221,10,8,1627.10,2026-08-27 21:41:00,FAILED
48222,5,17,4147.10,2026-08-16 13:08:00,REFUNDED
48223,5,7,4192.60,2026-08-10 13:14:00,REFUNDED
48224,5,7,2222.10,2026-08-26 08:33:00,REFUNDED
48225,5,19,2340.50,2026-08-27 16:28:00,FAILED
48226,9,20,4851.60,2026-08-13 11:40:00,SUCCESS
48227,10,3,120.10,2026-08-24 07:41:00,FAILED
48228,10,5,2671.20,2026-08-12 19:57:00,SUCCESS
48229,6,20,1128.90,2026-08-02 09:22:00,FAILED
48230,3,18,4271.40,2026-08-21 10:40:00,REFUNDED
48231,10,2,430.50,2026-08-18 08:23:00,PENDING
48232,7,15,4771.80,2026-08-08 11:49:00,FAILED
48233,2,12,883.10,2026-08-27 18:03:00,FAILED
48234,1,1,5000,INVALID_DATE_TIME,SUCCESS
48235,9,15,4904.90,2026-08-03 19:24:00,REFUNDED
48236,8,15,4751.10,2026-08-02 23:47:00,SUCCESS
48237,1,1,5000,INVALID_DATE_TIME,SUCCESS
48238,6,15,4879.70,2026-08-24 11:17:00,REFUNDED
48239,9,18,2994.40,2026-08-15 18:59:00,FAILED
48240,2,17,154.70,2026-08-22 20:48:00,PENDING
48241,6,8,3207.50,2026-08-04 18:39:00,REFUNDED
48242,7,3,2555.00,2026-08-07 21:55:00,REFUNDED
48243,8,2,880.80,2026-08-12 11:45:00,REFUNDED
48244,7,17,993.20,2026-08-13 12:45:00,REFUNDED
48245,4,1,170.00,2026-08-03 09:22:00,SUCCESS
48246,9,2,2486.70,2026-08-27 10:50:00,PENDING
48247,1,6,2296.70,2026-08-25 15:30:00,FAILED
48248,6,10,1380.80,2026-08-16 14:27:00,REFUNDED
48249,2,4,4985.90,2026-08-24 18:09:00,SUCCESS
48250,6,11,3515.40,2026-08-03 07:57:00,REFUNDED
48251,3,18,4605.50,2026-08-01 23:31:00,REFUNDED
48252,3,8,3923.60,2026-08-27 08:11:00,PENDING
48253,10,9,2958.70,2026-08-09 05:34:00,REFUNDED
48254,6,1,3771.70,2026-08-27 18:55:00,SUCCESS
48255,4,11,4401.30,2026-08-06 15:44:00,REFUNDED
48256,9,2,1225.90,2026-08-21 02:25:00,PENDING
48257,6,9,2557.50,2026-08-15 04:10:00,PENDING
48258,8,13,3829.60,2026-08-09 13:58:00,PENDING
48259,6,15,3516.60,2026-08-23 22:34:00,FAILED
48260,3,3,333.00,2026-08-28 11:05:00,SUCCESS
48261,2,8,4228.60,2026-08-04 18:12:00,SUCCESS
48262,1,5,1613.60,2026-08-14 19:55:00,PENDING
48263,10,14,3421.10,2026-08-18 14:09:00,FAILED
48264,6,19,1075.30,2026-08-26 13:55:00,FAILED
48265,9,20,398.80,2026-08-25 11:45:00,PENDING
48266,10,7,310.30,2026-08-16 16:31:00,SUCCESS
48267,2,12,4666.70,2026-08-30 09:14:00,FAILED
48268,6,15,2695.50,2026-08-11 03:51:00,SUCCESS
48269,5,14,1042.50,2026-08-23 15:28:00,PENDING
48270,9,4,651.10,2026-08-21 08:43:00,FAILED
48271,7,10,3125.10,2026-08-13 11:32:00,SUCCESS
48272,5,3,1601.70,2026-08-27 10:20:00,SUCCESS
48273,6,1,1035.50,2026-08-14 03:57:00,FAILED
48274,9,12,1499.40,2026-08-30 19:00:00,PENDING
48275,6,16,2713.70,2026-08-25 11:44:00,SUCCESS
48276,6,4,2553.00,2026-08-03 17:05:00,FAILED
48277,6,16,1681.50,2026-08-27 20:34:00,REFUNDED
48278,9,16,4639.70,2026-08-07 04:09:00,REFUNDED
48279,9,12,1933.50,2026-08-10 13:33:00,SUCCESS
48280,9,6,1618.80,2026-08-31 03:57:00,FAILED
48281,3,6,5008.60,2026-08-31 02:14:00,FAILED
48282,2,7,4734.10,2026-08-19 08:40:00,REFUNDED
48283,4,17,1579.10,2026-08-29 14:01:00,REFUNDED
48284,10,2,963.70,2026-08-16 17:10:00,FAILED
48285,6,20,4231.00,2026-08-05 11:50:00,FAILED
48286,3,18,4976.90,2026-08-02 17:02:00,REFUNDED
48287,2,11,3256.60,2026-08-10 16:36:00,PENDING
48288,2,3,2873.10,2026-08-08 08:38:00,SUCCESS
48289,2,15,1527.40,2026-08-26 16:32:00,REFUNDED
48290,5,1,754.70,2026-08-30 09:41:00,REFUNDED
48291,10,20,3101.00,2026-08-02 06:38:00,FAILED
48292,2,3,4496.00,2026-08-23 00:02:00,PENDING
48293,7,9,1500.90,2026-08-16 01:02:00,REFUNDED
48294,5,12,2818.60,2026-08-29 12:39:00,REFUNDED
48295,10,19,4587.60,2026-08-28 18:05:00,PENDING
48296,1,1,5000,INVALID_DATE_TIME,SUCCESS
48297,6,4,4818.10,2026-08-13 19:47:00,SUCCESS
48298,5,15,2702.80,2026-08-03 01:29:00,PENDING
48299,4,1,2152.80,2026-08-11 18:49:00,SUCCESS
48300,3,11,3147.40,2026-08-07 14:30:00,FAILED
48301,1,20,352.50,2026-08-17 02:28:00,REFUNDED
48302,10,15,2005.70,2026-08-20 01:26:00,REFUNDED
48303,8,12,2745.60,2026-08-22 11:42:00,FAILED
48304,2,6,3198.50,2026-08-30 04:14:00,FAILED
48305,7,6,3734.50,2026-08-25 01:46:00,PENDING
48306,9,2,3648.20,2026-08-09 04:33:00,SUCCESS
48307,9,5,1755.00,2026-08-30 13:25:00,PENDING
48308,2,4,4564.50,2026-08-16 21:33:00,SUCCESS
48309,7,15,3886.70,2026-08-23 19:13:00,SUCCESS
48310,10,3,4412.90,2026-08-25 23:50:00,REFUNDED
48311,4,6,3065.40,2026-08-22 13:06:00,FAILED
48312,2,19,2639.60,2026-08-31 07:33:00,SUCCESS
48313,8,9,2772.00,2026-08-05 13:25:00,FAILED
48314,8,15,4956.10,2026-08-22 20:13:00,FAILED
48315,3,10,2384.90,2026-08-09 06:28:00,SUCCESS
48316,3,6,678.60,2026-08-24 02:28:00,FAILED
48317,1,10,2977.90,2026-08-15 12:40:00,SUCCESS
48318,5,5,4809.60,2026-08-05 02:17:00,SUCCESS
48319,10,14,2681.90,2026-08-10 00:02:00,SUCCESS
48320,4,13,1397.00,2026-08-15 05:13:00,PENDING
48321,7,3,4594.60,2026-08-25 02:12:00,SUCCESS
48322,6,15,3163.00,2026-08-10 04:23:00,FAILED
48323,1,13,1162.10,2026-08-22 14:44:00,PENDING
48324,1,1,1824.20,2026-08-15 12:20:00,REFUNDED
48325,9,16,170.70,2026-08-13 23:26:00,PENDING
48326,2,15,3999.20,2026-08-28 05:14:00,SUCCESS
48327,7,9,3368.30,2026-08-19 10:20:00,SUCCESS
48328,6,19,185.60,2026-08-13 01:39:00,PENDING
48329,10,2,4979.60,2026-08-15 20:27:00,FAILED
48330,5,12,3577.60,2026-08-13 10:39:00,REFUNDED
48331,1,5,1473.50,2026-08-20 04:55:00,REFUNDED
48332,6,19,2016.80,2026-08-25 12:11:00,SUCCESS
48333,3,7,2188.80,2026-08-30 09:13:00,PENDING
48334,3,3,3356.40,2026-08-18 07:17:00,PENDING
48335,6,20,2186.00,2026-08-28 12:25:00,FAILED
48336,1,6,1034.30,2026-08-18 08:51:00,SUCCESS
48337,7,3,1259.10,2026-08-05 22:08:00,SUCCESS
48338,2,2,2971.90,2026-08-20 19:08:00,SUCCESS
48339,1,11,2468.50,2026-08-29 07:23:00,FAILED
48340,7,15,3050.90,2026-08-21 16:26:00,PENDING
48341,3,5,3867.00,2026-08-24 13:07:00,SUCCESS
48342,7,15,2285.20,2026-08-25 07:17:00,SUCCESS
48343,5,1,2232.70,2026-08-26 01:45:00,PENDING
48344,3,9,1595.70,2026-08-12 12:22:00,PENDING
48345,4,17,2421.10,2026-08-18 06:28:00,REFUNDED
48346,7,8,2949.70,2026-08-01 11:29:00,PENDING
48347,10,9,4681.40,2026-08-03 14:01:00,FAILED
48348,10,4,3543.40,2026-08-23 01:29:00,FAILED
48349,1,15,2103.30,2026-08-06 20:31:00,FAILED
48350,5,16,1277.00,2026-08-11 17:31:00,REFUNDED
48351,3,2,1453.80,2026-08-19 01:50:00,FAILED
48352,6,4,2385.30,2026-08-14 04:41:00,SUCCESS
48353,4,13,2422.80,2026-08-22 02:31:00,SUCCESS
48354,1,100.00
48355,5,14,1443.50,2026-08-02 00:28:00,PENDING
48356,6,14,549.80,2026-08-11 11:57:00,REFUNDED
48357,8,13,1826.20,2026-08-29 15:39:00,SUCCESS
48358,6,20,3147.90,2026-08-06 16:55:00,FAILED
48359,10,8,4044.40,2026-08-12 04:55:00,FAILED
48360,1,1,5000,INVALID_DATE_TIME,SUCCESS
48361,4,20,4457.70,2026-08-14 00:58:00,FAILED
48362,4,17,783.40,2026-08-27 04:30:00,PENDING
48363,8,1,1040.20,2026-08-18 08:32:00,FAILED
48364,8,13,2698.70,2026-08-07 10:14:00,REFUNDED
48365,10,7,4765.30,2026-08-05 11:13:00,FAILED
48366,9,19,211.60,2026-08-30 01:27:00,PENDING
48367,10,19,2782.40,2026-08-22 14:31:00,SUCCESS
48368,10,15,481.10,2026-08-10 08:52:00,PENDING
48369,5,20,2356.10,2026-08-26 12:25:00,FAILED
48370,5,14,2896.80,2026-08-19 19:24:00,FAILED
48371,8,1,3871.50,2026-08-28 17:58:00,FAILED
48372,2,3,2051.90,2026-08-08 17:10:00,PENDING
48373,9,3,4583.00,2026-08-25 21:56:00,PENDING
48374,7,11,4225.00,2026-08-23 13:12:00,FAILED
48375,8,12,3594.20,2026-08-19 19:46:00,PENDING
48376,9,2,2772.80,2026-08-17 17:09:00,PENDING
48377,3,15,1779.00,2026-08-04 04:17:00,PENDING
48378,6,2,2915.00,2026-08-01 20:17:00,REFUNDED
48379,7,7,4997.40,2026-08-17 18:47:00,REFUNDED
48380,1,4,3486.80,2026-08-16 19:44:00,REFUNDED
48381,10,15,4512.40,2026-08-31 02:31:00,FAILED
48382,2,12,2399.70,2026-08-01 08:09:00,REFUNDED
48383,1,1,NOT_A_NUMBER,2026-08-01 12:00:00,SUCCESS
48384,8,5,1905.90,2026-08-03 18:33:00,PENDING
48385,7,4,411.10,2026-08-13 10:10:00,SUCCESS
48386,5,3,4787.00,2026-08-27 15:37:00,FAILED
48387,1,2,2132.20,2026-08-21 16:22:00,FAILED
48388,10,4,1402.40,2026-08-16 19:01:00,FAILED
48389,9,16,227.90,2026-08-07 08:57:00,SUCCESS
48390,7,14,1273.10,2026-08-02 18:42:00,PENDING
48391,8,5,4737.40,2026-08-30 06:13:00,SUCCESS
48392,7,5,3750.60,2026-08-11 20:11:00,FAILED
48393,5,15,641.50,2026-08-04 13:25:00,PENDING
48394,2,14,4833.40,2026-08-12 23:28:00,REFUNDED
48395,4,2,1432.70,2026-08-22 20:53:00,FAILED
48396,2,16,1555.00,2026-08-03 09:57:00,PENDING
48397,2,13,198.20,2026-08-23 10:08:00,REFUNDED
48398,4,19,1989.00,2026-08-17 23:37:00,PENDING
48399,9,8,4872.50,2026-08-02 19:33:00,PENDING
48400,6,8,3316.00,2026-08-08 17:45:00,SUCCESS
48401,10,12,2979.30,2026-08-10 03:01:00,REFUNDED
48402,9,19,2758.00,2026-08-02 14:21:00,PENDING
48403,1,4,1262.70,2026-08-09 04:37:00,REFUNDED
48404,4,5,1575.90,2026-08-22 23:13:00,SUCCESS
48405,4,1,1442.20,2026-08-10 07:04:00,FAILED
48406,4,13,3532.60,2026-08-22 05:02:00,SUCCESS
48407,4,15,1688.40,2026-08-30 18:02:00,PENDING
48408,3,3,4256.10,2026-08-02 00:20:00,SUCCESS
48409,3,7,2910.20,2026-08-03 11:25:00,FAILED
48410,8,6,3696.90,2026-08-09 00:50:00,SUCCESS
48411,5,13,4758.10,2026-08-30 16:58:00,FAILED
48412,7,5,4256.50,2026-08-06 20:15:00,PENDING
48413,4,1,2465.30,2026-08-04 04:26:00,FAILED
48414,9,5,95.20,2026-08-09 02:57:00,FAILED
48415,7,19,4703.00,2026-08-09 05:18:00,REFUNDED
48416,6,3,1148.20,2026-08-29 10:48:00,PENDING
48417,9,16,1005.40,2026-08-16 02:37:00,SUCCESS
48418,1,7,2800.30,2026-08-22 06:00:00,FAILED
48419,5,12,1252.80,2026-08-29 16:16:00,SUCCESS
48420,10,10,2657.10,2026-08-04 19:01:00,PENDING
48421,4,5,3360.70,2026-08-02 07:58:00,REFUNDED
48422,6,18,2966.60,2026-08-11 00:28:00,SUCCESS
48423,3,17,2841.90,2026-08-01 19:53:00,REFUNDED
48424,9,15,2113.60,2026-08-18 01:37:00,PENDING
48425,7,3,205.20,2026-08-14 05:16:00,FAILED
48426,10,13,4364.70,2026-08-17 01:22:00,PENDING
48427,10,20,1223.50,2026-08-02 02:39:00,REFUNDED
48428,4,1,3416.70,2026-08-23 05:05:00,REFUNDED
48429,5,14,4391.80,2026-08-03 20:01:00,REFUNDED
48430,8,19,4603.20,2026-08-02 02:02:00,SUCCESS
48431,7,16,4596.30,2026-08-06 01:31:00,FAILED
48432,10,17,1128.30,2026-08-04 16:16:00,PENDING
48433,7,5,2735.30,2026-08-07 06:16:00,FAILED
48434,3,9,2107.20,2026-08-16 14:26:00,FAILED
48435,1,11,3026.50,2026-08-31 03:15:00,SUCCESS
48436,5,9,3269.40,2026-08-03 18:27:00,PENDING
48437,3,5,4237.30,2026-08-21 01:40:00,PENDING
48438,3,17,3933.50,2026-08-27 22:35:00,SUCCESS
48439,6,14,2575.90,2026-08-24 14:05:00,SUCCESS
48440,10,19,1788.70,2026-08-07 18:44:00,FAILED
48441,1,15,94.90,2026-08-16 05:03:00,REFUNDED
48442,7,1,1038.20,2026-08-03 01:09:00,SUCCESS
48443,10,18,2562.00,2026-08-11 01:45:00,SUCCESS
48444,3,20,632.70,2026-08-23 11:59:00,FAILED
48445,3,12,2866.60,2026-08-30 01:29:00,SUCCESS
48446,5,8,3508.60,2026-08-02 07:26:00,SUCCESS
48447,10,4,4222.20,2026-08-24 15:25:00,SUCCESS
48448,10,5,1062.00,2026-08-25 23:04:00,REFUNDED
48449,3,19,4457.90,2026-08-22 05:02:00,FAILED
48450,8,2,858.50,2026-08-08 20:50:00,FAILED
48451,4,2,857.80,2026-08-10 08:49:00,PENDING
48452,1,9,4995.10,2026-08-28 02:38:00,FAILED
48453,3,11,3452.80,2026-08-02 08:04:00,PENDING
48454,2,3,2752.80,2026-08-20 03:52:00,SUCCESS
48455,6,7,4355.40,2026-08-01 11:31:00,REFUNDED
48456,6,8,1389.30,2026-08-07 14:55:00,REFUNDED
48457,9,12,2780.80,2026-08-12 14:20:00,FAILED
48458,6,15,1127.00,2026-08-23 19:20:00,PENDING
48459,4,7,2298.10,2026-08-04 02:17:00,PENDING
48460,8,19,1970.80,2026-08-01 15:54:00,PENDING
48461,6,18,4463.10,2026-08-23 19:25:00,FAILED
48462,5,17,3261.10,2026-08-21 17:09:00,PENDING
48463,9,2,4011.10,2026-08-20 07:05:00,FAILED
48464,8,14,1862.80,2026-08-27 10:37:00,SUCCESS
48465,8,20,1470.50,2026-08-20 13:54:00,FAILED
48466,5,13,641.30,2026-08-04 05:06:00,FAILED
48467,8,10,2223.10,2026-08-07 01:11:00,PENDING
48468,10,1,4929.70,2026-08-11 18:50:00,SUCCESS
48469,2,9,1592.20,2026-08-18 09:48:00,PENDING
48470,4,13,179.60,2026-08-15 08:51:00,PENDING
48471,9,5,4401.50,2026-08-07 09:05:00,SUCCESS
48472,6,10,891.60,2026-08-02 17:26:00,FAILED
48473,10,20,3472.40,2026-08-15 22:53:00,REFUNDED
48474,10,8,689.80,2026-08-15 08:36:00,FAILED
48475,5,3,3299.10,2026-08-14 22:25:00,PENDING
48476,5,7,3809.60,2026-08-21 19:06:00,REFUNDED
48477,5,5,4150.90,2026-08-07 03:53:00,REFUNDED
48478,10,18,4499.80,2026-08-03 12:51:00,PENDING
48479,3,6,972.60,2026-08-25 04:43:00,SUCCESS
48480,9,2,511.60,2026-08-09 08:08:00,SUCCESS
48481,4,4,4302.70,2026-08-13 03:51:00,PENDING
48482,3,19,966.90,2026-08-23 17:38:00,SUCCESS
48483,6,19,4290.30,2026-08-27 08:23:00,PENDING
48484,10,18,599.80,2026-08-03 03:51:00,REFUNDED
48485,9,3,2768.80,2026-08-14 04:01:00,REFUNDED
48486,9,9,3826.70,2026-08-12 00:21:00,PENDING
48487,9,11,1323.30,2026-08-29 18:08:00,FAILED
48488,10,9,2945.40,2026-08-27 16:04:00,REFUNDED
48489,9,17,1403.10,2026-08-28 20:29:00,PENDING
48490,5,18,1713.70,2026-08-03 08:21:00,PENDING
48491,7,12,375.00,2026-08-18 05:46:00,PENDING
48492,5,9,4721.50,2026-08-15 00:05:00,PENDING
48493,9,10,587.80,2026-08-06 02:27:00,SUCCESS
48494,10,19,3263.30,2026-08-10 15:08:00,SUCCESS
48495,5,9,2249.80,2026-08-17 00:01:00,PENDING
48496,7,16,3394.60,2026-08-11 13:52:00,REFUNDED
48497,9,6,3152.80,2026-08-20 13:52:00,FAILED
48498,1,3,2075.10,2026-08-15 13:37:00,FAILED
48499,2,2,3006.30,2026-08-08 05:13:00,SUCCESS
48500,4,18,2717.20,2026-08-13 14:10:00,SUCCESS
48501,2,17,1837.60,2026-08-24 18:56:00,SUCCESS
48502,4,4,3566.90,2026-08-19 23:24:00,SUCCESS
48503,5,19,2275.00,2026-08-04 21:56:00,SUCCESS
48504,4,18,3878.70,2026-08-07 11:50:00,REFUNDED
48505,2,3,2993.10,2026-08-23 00:09:00,SUCCESS
48506,10,14,856.90,2026-08-19 12:07:00,FAILED
48507,3,6,1971.10,2026-08-07 19:22:00,FAILED
48508,7,19,4080.60,2026-08-05 01:45:00,SUCCESS
48509,7,1,3882.30,2026-08-06 20:30:00,PENDING
48510,6,19,3937.40,2026-08-27 23:11:00,PENDING
48511,5,1,4609.70,2026-08-09 02:23:00,REFUNDED
48512,6,10,3346.90,2026-08-13 02:11:00,SUCCESS
48513,9,18,3661.00,2026-08-28 19:56:00,REFUNDED
48514,3,14,2631.00,2026-08-14 23:24:00,FAILED
48515,9,14,4964.20,2026-08-18 08:16:00,FAILED
48516,9,7,3957.70,2026-08-01 14:58:00,REFUNDED
48517,3,11,1074.60,2026-08-09 17:49:00,FAILED
48518,3,9,3281.00,2026-08-02 06:06:00,SUCCESS
48519,7,19,1381.60,2026-08-04 19:15:00,REFUNDED
48520,3,3,3208.90,2026-08-25 05:45:00,FAILED
48521,1,6,2706.20,2026-08-12 08:56:00,SUCCESS
48522,6,4,1997.50,2026-08-25 23:21:00,FAILED
48523,2,13,547.00,2026-08-21 09:35:00,FAILED
48524,2,3,4395.60,2026-08-31 01:22:00,FAILED
48525,1,1,5000,INVALID_DATE_TIME,SUCCESS
48526,5,18,91.00,2026-08-06 00:46:00,SUCCESS
48527,7,7,780.00,2026-08-26 16:30:00,PENDING
48528,2,10,4479.20,2026-08-03 01:10:00,REFUNDED
48529,6,3,5049.80,2026-08-24 03:27:00,PENDING
48530,10,19,261.40,2026-08-17 18:26:00,REFUNDED
48531,5,19,2243.60,2026-08-05 08:40:00,PENDING
48532,10,14,153.00,2026-08-22 13:04:00,PENDING
48533,6,13,1205.30,2026-08-04 07:35:00,SUCCESS
48534,9,4,1763.60,2026-08-18 03:16:00,PENDING
48535,8,12,2592.40,2026-08-27 17:54:00,FAILED
48536,2,19,3656.30,2026-08-01 20:27:00,PENDING
48537,2,15,1439.90,2026-08-06 17:26:00,FAILED
48538,2,2,1525.50,2026-08-19 16:45:00,PENDING
48539,9,15,663.00,2026-08-17 11:12:00,REFUNDED
48540,7,15,1049.30,2026-08-29 17:33:00,PENDING
48541,7,16,1425.30,2026-08-24 05:34:00,PENDING
48542,8,17,118.00,2026-08-10 16:08:00,SUCCESS
48543,8,1,3690.00,2026-08-22 03:24:00,SUCCESS
48544,1,14,1861.10,2026-08-07 21:31:00,FAILED
48545,6,5,4531.80,2026-08-11 07:51:00,FAILED
48546,5,11,2861.60,2026-08-23 22:30:00,SUCCESS
48547,2,19,3533.80,2026-08-27 11:41:00,SUCCESS
48548,7,20,4020.10,2026-08-21 12:10:00,REFUNDED
48549,6,9,4970.30,2026-08-21 18:03:00,FAILED
48550,10,5,746.20,2026-08-03 03:30:00,FAILED
48551,2,2,2188.50,2026-08-30 06:17:00,FAILED
48552,7,6,3598.30,2026-08-12 15:12:00,SUCCESS
48553,7,4,1544.70,2026-08-03 13:04:00,SUCCESS
48554,1,11,399.70,2026-08-03 01:05:00,SUCCESS
48555,9,16,3124.50,2026-08-18 05:49:00,SUCCESS
48556,3,15,565.10,2026-08-06 03:22:00,SUCCESS
48557,3,12,4619.10,2026-08-15 06:08:00,PENDING
48558,4,2,1578.40,2026-08-07 19:33:00,PENDING
48559,4,19,489.70,2026-08-07 04:40:00,SUCCESS
48560,6,15,103.40,2026-08-01 13:56:00,SUCCESS
48561,4,2,4537.10,2026-08-03 16:39:00,REFUNDED
48562,7,9,2818.00,2026-08-19 14:47:00,SUCCESS
48563,7,17,564.70,2026-08-16 09:48:00,SUCCESS
48564,7,5,1867.00,2026-08-14 21:27:00,FAILED
48565,3,19,2853.60,2026-08-15 08:35:00,PENDING
48566,3,3,3352.00,2026-08-15 07:05:00,PENDING
48567,9,17,2573.90,2026-08-02 23:45:00,REFUNDED
48568,7,19,2234.90,2026-08-07 09:29:00,FAILED
48569,8,15,4296.40,2026-08-06 21:31:00,PENDING
48570,4,19,124.40,2026-08-29 20:16:00,SUCCESS
48571,1,10,2408.90,2026-08-27 22:17:00,FAILED
48572,1,2,3953.90,2026-08-16 07:34:00,FAILED
48573,7,9,3085.40,2026-08-28 06:56:00,PENDING
48574,1,20,4587.90,2026-08-06 23:45:00,PENDING
48575,9,15,2636.30,2026-08-21 14:17:00,PENDING
48576,4,10,4463.70,2026-08-02 10:13:00,PENDING
48577,5,2,3576.80,2026-08-19 07:32:00,FAILED
48578,1,1,5000,INVALID_DATE_TIME,SUCCESS
48579,3,18,4015.50,2026-08-22 21:59:00,SUCCESS
48580,6,7,170.70,2026-08-19 10:25:00,PENDING
48581,10,18,3867.90,2026-08-24 01:07:00,REFUNDED
48582,9,7,3112.80,2026-08-02 13:04:00,SUCCESS
48583,3,11,3542.80,2026-08-29 08:13:00,PENDING
48584,10,1,4952.00,2026-08-21 20:50:00,REFUNDED
48585,4,12,1073.80,2026-08-19 13:38:00,FAILED
48586,5,1,1251.10,2026-08-15 14:04:00,REFUNDED
48587,6,15,2063.70,2026-08-08 06:34:00,SUCCESS
48588,8,11,4255.70,2026-08-02 19:00:00,PENDING
48589,2,5,2270.90,2026-08-14 00:49:00,FAILED
48590,4,1,4814.30,2026-08-12 23:11:00,REFUNDED
48591,5,17,2728.70,2026-08-25 21:37:00,REFUNDED
48592,8,8,4876.30,2026-08-02 01:43:00,SUCCESS
48593,7,13,4582.10,2026-08-15 04:15:00,SUCCESS
48594,7,16,3410.30,2026-08-24 23:28:00,FAILED
48595,2,6,2966.20,2026-08-21 00:24:00,PENDING
48596,5,10,2265.40,2026-08-11 11:41:00,PENDING
48597,9,20,4023.40,2026-08-23 20:01:00,PENDING
48598,4,9,455.40,2026-08-01 21:11:00,REFUNDED
48599,10,4,2746.40,2026-08-12 04:06:00,PENDING
48600,7,20,3539.20,2026-08-12 06:27:00,REFUNDED
48601,7,20,4878.20,2026-08-12 02:57:00,FAILED
48602,4,18,4190.10,2026-08-10 03:14:00,REFUNDED
48603,4,15,3917.10,2026-08-15 07:15:00,PENDING
48604,10,19,2431.90,2026-08-03 03:58:00,SUCCESS
48605,5,18,4829.80,2026-08-16 15:03:00,FAILED
48606,2,14,71.80,2026-08-29 01:17:00,FAILED
48607,1,12,2231.40,2026-08-02 00:44:00,FAILED
48608,9,11,4010.10,2026-08-26 20:52:00,SUCCESS
48609,10,19,767.00,2026-08-01 08:00:00,FAILED
48610,8,10,4445.60,2026-08-10 07:09:00,FAILED
48611,5,7,622.80,2026-08-31 07:22:00,REFUNDED
48612,1,8,1637.20,2026-08-16 02:18:00,SUCCESS
48613,1,6,1262.40,2026-08-28 15:16:00,PENDING
48614,1,11,2214.40,2026-08-27 19:56:00,FAILED
48615,4,20,2595.60,2026-08-17 22:54:00,SUCCESS
48616,6,12,432.10,2026-08-30 11:36:00,FAILED
48617,7,17,894.60,2026-08-20 18:49:00,REFUNDED
48618,5,2,1516.90,2026-08-23 06:47:00,SUCCESS
48619,2,3,830.70,2026-08-14 09:19:00,FAILED
48620,1,11,2079.80,2026-08-18 15:11:00,FAILED
48621,7,8,3271.40,2026-08-17 14:29:00,SUCCESS
48622,3,14,685.80,2026-08-03 20:31:00,SUCCESS
48623,6,6,1595.00,2026-08-24 10:59:00,PENDING
48624,5,4,1066.30,2026-08-26 07:37:00,SUCCESS
48625,1,8,3542.70,2026-08-04 07:06:00,FAILED
48626,4,5,4155.40,2026-08-17 05:50:00,REFUNDED
48627,2,11,3965.90,2026-08-06 08:45:00,REFUNDED
48628,4,3,781.60,2026-08-07 02:07:00,FAILED
48629,2,15,2387.60,2026-08-14 08:02:00,PENDING
48630,1,9,704.10,2026-08-11 01:54:00,REFUNDED
48631,4,9,1530.10,2026-08-31 00:25:00,PENDING
48632,3,18,1929.40,2026-08-29 07:26:00,SUCCESS
48633,3,13,3884.60,2026-08-06 18:34:00,PENDING
48634,7,1,2936.70,2026-08-14 13:56:00,FAILED
48635,4,20,1731.30,2026-08-28 14:05:00,FAILED
48636,1,1,5000,2026-08-01 12:00:00,UNKNOWN_STATUS
48637,6,10,3729.40,2026-08-30 19:14:00,PENDING
48638,1,18,839.00,2026-08-12 13:57:00,FAILED
48639,10,10,3702.60,2026-08-12 20:03:00,PENDING
48640,2,14,1421.30,2026-08-08 00:07:00,PENDING
48641,9,4,2570.90,2026-08-13 12:33:00,FAILED
48642,6,5,4521.00,2026-08-21 19:21:00,REFUNDED
48643,10,18,2514.40,2026-08-21 11:41:00,PENDING
48644,1,1,5000,2026-08-01 12:00:00,UNKNOWN_STATUS
48645,5,14,2638.70,2026-08-28 04:11:00,REFUNDED
48646,5,13,4476.60,2026-08-04 11:13:00,SUCCESS
48647,7,3,718.10,2026-08-08 22:51:00,REFUNDED
48648,2,1,4305.30,2026-08-27 04:09:00,REFUNDED
48649,6,8,4727.60,2026-08-22 03:48:00,REFUNDED
48650,10,3,3520.60,2026-08-17 10:44:00,REFUNDED
48651,1,6,4982.90,2026-08-26 02:42:00,PENDING
48652,4,14,1982.30,2026-08-12 11:14:00,FAILED
48653,1,1,552.20,2026-08-13 06:56:00,REFUNDED
48654,2,18,611.80,2026-08-19 23:39:00,SUCCESS
48655,3,8,3609.70,2026-08-26 07:08:00,FAILED
48656,7,7,1538.30,2026-08-23 03:14:00,SUCCESS
48657,3,10,479.90,2026-08-22 02:35:00,FAILED
48658,8,9,2281.80,2026-08-19 06:41:00,FAILED
48659,10,17,4302.50,2026-08-30 12:47:00,PENDING
48660,9,20,294.70,2026-08-13 11:01:00,FAILED
48661,4,11,3710.90,2026-08-06 18:43:00,PENDING
48662,2,2,601.20,2026-08-14 04:57:00,PENDING
48663,6,19,1718.20,2026-08-03 02:44:00,REFUNDED
48664,7,3,1416.30,2026-08-03 20:14:00,PENDING
48665,1,8,3778.70,2026-08-30 18:53:00,REFUNDED
48666,6,4,3187.50,2026-08-01 20:25:00,SUCCESS
48667,8,17,2420.70,2026-08-26 06:57:00,SUCCESS
48668,9,18,2466.00,2026-08-16 00:24:00,PENDING
48669,1,13,815.40,2026-08-06 07:29:00,SUCCESS
48670,5,20,4878.80,2026-08-03 03:28:00,PENDING
48671,10,10,2579.60,2026-08-11 04:14:00,REFUNDED
48672,2,7,817.30,2026-08-24 06:14:00,SUCCESS
48673,1,1,NOT_A_NUMBER,2026-08-01 12:00:00,SUCCESS
48674,2,16,1074.40,2026-08-14 02:25:00,SUCCESS
48675,5,9,2285.40,2026-08-10 19:27:00,SUCCESS
48676,9,18,4015.10,2026-08-20 06:30:00,FAILED
48677,2,8,3328.00,2026-08-07 23:33:00,SUCCESS
48678,4,16,3637.20,2026-08-12 22:51:00,FAILED
48679,2,17,1527.10,2026-08-02 14:03:00,REFUNDED
48680,7,6,1290.80,2026-08-20 11:10:00,PENDING
48681,7,3,1690.90,2026-08-22 21:12:00,REFUNDED
48682,9,15,4730.50,2026-08-26 22:08:00,FAILED
48683,8,18,4892.00,2026-08-02 12:54:00,FAILED
48684,2,17,2000.40,2026-08-24 04:40:00,REFUNDED
48685,6,2,1424.30,2026-08-07 03:23:00,SUCCESS
48686,2,1,78.60,2026-08-01 08:30:00,SUCCESS
48687,10,4,3135.90,2026-08-18 12:42:00,SUCCESS
48688,5,5,1497.60,2026-08-19 15:09:00,FAILED
48689,8,7,2427.30,2026-08-15 09:59:00,REFUNDED
48690,8,12,368.70,2026-08-07 23:26:00,PENDING
48691,6,2,2899.60,2026-08-18 12:25:00,SUCCESS
48692,10,18,4866.90,2026-08-04 03:07:00,REFUNDED
48693,3,2,345.40,2026-08-23 04:37:00,REFUNDED
48694,1,9,3510.80,2026-08-12 19:40:00,FAILED
48695,2,15,3131.50,2026-08-18 10:40:00,REFUNDED
48696,8,18,3666.70,2026-08-03 00:28:00,REFUNDED
48697,6,9,3787.30,2026-08-18 14:45:00,FAILED
48698,6,8,4839.00,2026-08-18 13:58:00,REFUNDED
48699,10,8,1686.90,2026-08-27 22:49:00,FAILED
48700,9,20,445.70,2026-08-09 17:44:00,PENDING
48701,9,16,1596.70,2026-08-06 08:03:00,SUCCESS
48702,3,6,2784.20,2026-08-31 05:28:00,SUCCESS
48703,9,2,4808.00,2026-08-16 21:12:00,REFUNDED
48704,1,1,5000,INVALID_DATE_TIME,SUCCESS
48705,8,14,1143.00,2026-08-27 17:53:00,SUCCESS
48706,5,19,3197.30,2026-08-27 11:49:00,REFUNDED
48707,5,11,2162.90,2026-08-12 07:51:00,FAILED
48708,2,2,1813.30,2026-08-04 06:34:00,PENDING
48709,2,4,4821.30,2026-08-18 23:03:00,SUCCESS
48710,3,2,138.20,2026-08-09 18:26:00,SUCCESS
48711,4,18,4227.00,2026-08-22 03:15:00,SUCCESS
48712,1,2,3248.60,2026-08-11 09:08:00,PENDING
48713,5,6,3884.50,2026-08-11 21:15:00,REFUNDED
48714,7,17,1694.60,2026-08-29 10:26:00,SUCCESS
48715,6,10,4995.90,2026-08-05 00:08:00,SUCCESS
48716,3,7,2007.90,2026-08-06 02:00:00,FAILED
48717,5,5,3242.40,2026-08-30 11:03:00,PENDING
48718,2,13,198.20,2026-08-06 07:30:00,REFUNDED
48719,8,11,2820.10,2026-08-02 22:01:00,REFUNDED
48720,10,4,1038.30,2026-08-19 20:35:00,SUCCESS
48721,10,2,1495.00,2026-08-08 04:57:00,PENDING
48722,1,10,849.60,2026-08-06 21:03:00,FAILED
48723,9,11,3050.60,2026-08-21 00:10:00,PENDING
48724,5,5,3703.80,2026-08-13 00:39:00,REFUNDED
48725,10,7,1204.60,2026-08-28 17:11:00,FAILED
48726,3,7,3517.70,2026-08-01 18:04:00,PENDING
48727,7,19,1247.40,2026-08-23 02:59:00,PENDING
48728,4,14,3645.20,2026-08-17 16:09:00,FAILED
48729,6,7,2935.60,2026-08-07 07:39:00,SUCCESS
48730,8,16,1321.80,2026-08-21 06:35:00,SUCCESS
48731,5,7,5012.70,2026-08-12 01:22:00,SUCCESS
48732,6,1,4458.70,2026-08-09 10:44:00,FAILED
48733,8,17,3102.60,2026-08-12 00:01:00,FAILED
48734,7,9,2321.00,2026-08-02 03:32:00,SUCCESS
48735,10,9,969.20,2026-08-11 02:34:00,PENDING
48736,3,5,1611.80,2026-08-22 18:55:00,PENDING
48737,3,13,4322.80,2026-08-10 17:02:00,FAILED
48738,10,20,1913.40,2026-08-30 12:19:00,REFUNDED
48739,7,6,834.70,2026-08-17 08:09:00,REFUNDED
48740,8,6,77.80,2026-08-30 15:23:00,REFUNDED
48741,8,12,4697.20,2026-08-10 22:57:00,PENDING
48742,7,18,1651.90,2026-08-20 09:25:00,REFUNDED
48743,3,10,1656.20,2026-08-16 19:27:00,SUCCESS
48744,7,7,2627.10,2026-08-14 13:32:00,REFUNDED
48745,7,5,1685.20,2026-08-30 23:19:00,FAILED
48746,6,9,3770.90,2026-08-16 23:53:00,FAILED
48747,1,10,4018.70,2026-08-07 13:11:00,PENDING
48748,7,13,265.30,2026-08-13 14:16:00,SUCCESS
48749,4,19,4520.30,2026-08-04 00:56:00,FAILED
48750,5,19,905.70,2026-08-02 19:11:00,PENDING
48751,3,5,3448.90,2026-08-25 23:41:00,PENDING
48752,9,15,2791.00,2026-08-04 08:15:00,PENDING
48753,9,15,4704.60,2026-08-11 16:51:00,FAILED
48754,7,19,877.10,2026-08-13 11:17:00,SUCCESS
48755,9,8,3454.50,2026-08-29 20:14:00,PENDING
48756,6,4,526.20,2026-08-27 07:24:00,FAILED
48757,6,1,108.30,2026-08-18 07:52:00,SUCCESS
48758,7,9,3693.00,2026-08-06 00:32:00,SUCCESS
48759,2,13,4231.20,2026-08-11 12:29:00,PENDING
48760,3,16,2701.30,2026-08-09 22:45:00,PENDING
48761,3,12,3441.00,2026-08-03 05:21:00,REFUNDED
48762,8,9,691.80,2026-08-09 23:45:00,SUCCESS
48763,6,16,1018.10,2026-08-16 18:45:00,REFUNDED
48764,6,5,569.20,2026-08-17 03:19:00,SUCCESS
48765,2,5,3297.10,2026-08-10 07:56:00,PENDING
48766,2,13,1998.60,2026-08-06 19:45:00,REFUNDED
48767,5,19,1540.50,2026-08-20 09:32:00,PENDING
48768,8,3,1141.00,2026-08-08 05:13:00,FAILED
48769,7,15,1151.00,2026-08-06 12:54:00,PENDING
48770,9,12,3020.60,2026-08-25 14:28:00,REFUNDED
48771,1,1,5000,2026-08-01 12:00:00,UNKNOWN_STATUS
48772,10,15,3075.90,2026-08-17 16:12:00,PENDING
48773,1,3,1542.90,2026-08-02 21:42:00,SUCCESS
48774,7,16,684.20,2026-08-09 22:40:00,REFUNDED
48775,3,17,3908.50,2026-08-23 02:10:00,FAILED
48776,7,1,1612.50,2026-08-29 11:32:00,REFUNDED
48777,1,19,768.80,2026-08-22 20:41:00,REFUNDED
48778,4,7,4234.70,2026-08-13 10:36:00,FAILED
48779,3,13,4759.20,2026-08-17 19:49:00,PENDING
48780,4,18,3186.20,2026-08-16 20:16:00,REFUNDED
48781,1,1,5000,2026-08-01 12:00:00,UNKNOWN_STATUS
48782,2,5,1109.00,2026-08-12 00:36:00,PENDING
48783,4,7,4524.10,2026-08-27 18:18:00,SUCCESS
48784,6,5,4832.40,2026-08-05 11:35:00,FAILED
48785,1,5,89.40,2026-08-30 12:24:00,PENDING
48786,4,16,1418.70,2026-08-19 21:52:00,SUCCESS
48787,9,12,3211.10,2026-08-31 01:51:00,SUCCESS
48788,5,20,4753.90,2026-08-03 02:12:00,PENDING
48789,1,11,1334.60,2026-08-21 15:10:00,REFUNDED
48790,4,3,1859.10,2026-08-09 11:52:00,FAILED
48791,6,18,1587.60,2026-08-19 09:40:00,SUCCESS
48792,5,12,2197.80,2026-08-28 13:04:00,PENDING
48793,3,8,3038.40,2026-08-20 09:46:00,PENDING
48794,8,13,1839.30,2026-08-23 13:46:00,PENDING
48795,2,14,4171.40,2026-08-20 16:01:00,FAILED
48796,4,16,1859.80,2026-08-29 20:21:00,PENDING
48797,10,19,121.90,2026-08-23 08:34:00,SUCCESS
48798,10,14,2083.50,2026-08-09 19:12:00,FAILED
48799,8,19,4727.30,2026-08-29 07:12:00,REFUNDED
48800,4,14,4068.00,2026-08-29 18:00:00,SUCCESS
48801,10,17,1368.40,2026-08-26 20:19:00,REFUNDED
48802,8,5,199.40,2026-08-25 06:10:00,PENDING
48803,1,100.00
48804,7,4,959.40,2026-08-21 22:36:00,FAILED
48805,9,8,4043.90,2026-08-23 18:28:00,PENDING
48806,1,19,1192.90,2026-08-20 03:34:00,FAILED
48807,1,7,2679.00,2026-08-13 19:57:00,PENDING
48808,2,17,2558.20,2026-08-27 10:04:00,PENDING
48809,7,10,1288.20,2026-08-27 02:33:00,FAILED
48810,9,11,4234.20,2026-08-30 14:14:00,REFUNDED
48811,1,17,1537.40,2026-08-02 20:38:00,REFUNDED
48812,9,16,337.70,2026-08-27 18:44:00,SUCCESS
48813,6,18,1031.90,2026-08-04 23:06:00,REFUNDED
48814,5,17,3044.20,2026-08-27 17:54:00,PENDING
48815,4,8,3902.50,2026-08-31 07:43:00,FAILED
48816,1,1,3313.20,2026-08-13 22:53:00,PENDING
48817,3,8,4476.20,2026-08-03 19:35:00,FAILED
48818,3,4,3244.70,2026-08-11 21:06:00,SUCCESS
48819,7,13,3271.10,2026-08-10 07:05:00,FAILED
48820,3,7,3752.70,2026-08-15 23:05:00,FAILED
48821,1,100.00
48822,1,1,NOT_A_NUMBER,2026-08-01 12:00:00,SUCCESS
48823,3,15,2792.30,2026-08-01 11:03:00,SUCCESS
48824,9,7,3109.00,2026-08-20 06:47:00,REFUNDED
48825,3,11,3510.90,2026-08-20 06:19:00,REFUNDED
48826,4,3,3084.10,2026-08-10 21:19:00,FAILED
48827,5,2,209.10,2026-08-24 05:02:00,SUCCESS
48828,8,8,146.80,2026-08-01 16:19:00,SUCCESS
48829,1,7,3451.90,2026-08-10 12:41:00,FAILED
48830,9,20,2884.70,2026-08-26 09:27:00,PENDING
48831,5,18,4470.20,2026-08-07 16:51:00,FAILED
48832,8,17,2783.30,2026-08-03 00:36:00,PENDING
48833,5,9,4694.80,2026-08-24 17:28:00,PENDING
48834,4,2,3467.40,2026-08-06 00:35:00,REFUNDED
48835,8,1,247.40,2026-08-01 12:30:00,PENDING
48836,8,2,2197.20,2026-08-05 07:17:00,REFUNDED
48837,8,15,245.30,2026-08-24 00:31:00,FAILED
48838,6,10,801.00,2026-08-08 02:51:00,PENDING
48839,4,17,3915.50,2026-08-25 20:53:00,SUCCESS
48840,1,4,747.20,2026-08-21 19:34:00,REFUNDED
48841,3,20,141.50,2026-08-30 05:22:00,PENDING
48842,9,12,2935.90,2026-08-05 22:02:00,SUCCESS
48843,2,7,2516.70,2026-08-16 12:00:00,PENDING
48844,3,10,1075.90,2026-08-24 19:37:00,REFUNDED
48845,10,4,2996.10,2026-08-26 21:06:00,SUCCESS
48846,1,4,1350.00,2026-08-24 03:36:00,SUCCESS
48847,9,12,2707.70,2026-08-04 13:47:00,REFUNDED
48848,10,5,3837.10,2026-08-09 21:17:00,REFUNDED
48849,2,20,4283.60,2026-08-14 09:55:00,SUCCESS
48850,3,9,686.30,2026-08-22 09:03:00,SUCCESS
48851,8,13,3606.70,2026-08-27 18:23:00,SUCCESS
48852,10,10,138.80,2026-08-28 06:50:00,REFUNDED
48853,8,14,3756.40,2026-08-04 17:18:00,PENDING
48854,6,18,1669.80,2026-08-01 19:52:00,FAILED
48855,9,20,3710.00,2026-08-01 12:40:00,REFUNDED
48856,2,1,3861.50,2026-08-24 05:28:00,PENDING
48857,7,8,4842.20,2026-08-18 17:07:00,FAILED
48858,1,14,76.50,2026-08-07 20:27:00,SUCCESS
48859,4,7,3197.40,2026-08-13 18:07:00,REFUNDED
48860,3,2,3873.50,2026-08-17 16:58:00,FAILED
48861,4,10,2792.40,2026-08-28 06:21:00,FAILED
48862,2,6,3717.00,2026-08-09 12:27:00,SUCCESS
48863,6,17,4985.50,2026-08-04 19:23:00,FAILED
48864,9,1,1432.50,2026-08-26 22:13:00,FAILED
48865,9,6,741.60,2026-08-25 23:10:00,FAILED
48866,5,7,3586.10,2026-08-08 11:02:00,PENDING
48867,2,4,1988.90,2026-08-08 03:19:00,PENDING
48868,2,1,657.90,2026-08-02 21:58:00,REFUNDED
48869,5,18,3575.30,2026-08-30 22:10:00,FAILED
48870,1,1,5000,2026-08-01 12:00:00,UNKNOWN_STATUS
48871,4,4,3419.50,2026-08-16 15:28:00,PENDING
48872,10,18,4844.00,2026-08-15 05:19:00,SUCCESS
48873,6,12,3697.50,2026-08-04 11:01:00,REFUNDED
48874,3,14,1241.40,2026-08-21 20:59:00,PENDING
48875,5,2,1391.80,2026-08-06 16:45:00,PENDING
48876,9,9,1993.50,2026-08-23 01:37:00,FAILED
48877,2,1,1645.10,2026-08-17 07:13:00,FAILED
48878,4,8,3051.40,2026-08-21 09:41:00,REFUNDED
48879,9,19,4457.00,2026-08-06 14:03:00,PENDING
48880,7,10,3541.00,2026-08-22 18:41:00,REFUNDED
48881,3,19,1901.70,2026-08-14 02:24:00,PENDING
48882,9,12,4679.60,2026-08-15 01:38:00,REFUNDED
48883,4,10,1924.40,2026-08-24 13:08:00,REFUNDED
48884,10,8,3616.70,2026-08-07 16:24:00,PENDING
48885,7,14,4531.70,2026-08-26 07:30:00,PENDING
48886,7,2,3126.00,2026-08-07 00:50:00,SUCCESS
48887,2,4,4876.90,2026-08-28 21:36:00,PENDING
48888,8,5,976.70,2026-08-14 16:02:00,REFUNDED
48889,7,9,99.00,2026-08-26 19:04:00,PENDING
48890,4,10,2646.10,2026-08-15 01:08:00,REFUNDED
48891,2,2,2383.50,2026-08-09 02:53:00,PENDING
48892,9,11,2136.80,2026-08-25 12:53:00,SUCCESS
48893,4,5,599.40,2026-08-14 14:25:00,REFUNDED
48894,10,3,1404.90,2026-08-17 12:25:00,REFUNDED
48895,6,1,2274.00,2026-08-14 02:16:00,REFUNDED
48896,9,1,643.20,2026-08-22 01:33:00,PENDING
48897,7,3,2933.80,2026-08-05 02:24:00,SUCCESS
48898,1,5,1194.70,2026-08-22 19:17:00,REFUNDED
48899,10,14,1859.50,2026-08-20 16:22:00,PENDING
48900,4,6,1191.00,2026-08-27 22:44:00,PENDING
48901,1,1,5000,2026-08-01 12:00:00,UNKNOWN_STATUS
48902,4,10,3491.30,2026-08-27 07:06:00,PENDING
48903,4,10,128.20,2026-08-31 05:15:00,SUCCESS
48904,3,11,2151.10,2026-08-29 03:49:00,FAILED
48905,6,7,4703.80,2026-08-02 13:11:00,SUCCESS
48906,8,2,4538.50,2026-08-11 21:03:00,PENDING
48907,5,2,4233.50,2026-08-22 21:14:00,REFUNDED
48908,4,11,3935.70,2026-08-08 19:57:00,REFUNDED
48909,6,11,1854.70,2026-08-08 07:17:00,REFUNDED
48910,8,5,4174.90,2026-08-09 03:40:00,REFUNDED
48911,10,17,4650.20,2026-08-19 02:04:00,SUCCESS
48912,5,12,1833.50,2026-08-07 03:59:00,FAILED
48913,7,17,2782.70,2026-08-16 03:28:00,SUCCESS
48914,5,5,5038.50,2026-08-27 21:32:00,PENDING
48915,10,6,572.80,2026-08-09 11:02:00,SUCCESS
48916,4,4,3834.70,2026-08-17 17:59:00,REFUNDED
48917,9,14,1900.20,2026-08-12 17:26:00,FAILED
48918,6,3,267.20,2026-08-07 22:26:00,PENDING
48919,8,13,4692.60,2026-08-06 05:25:00,PENDING
48920,10,15,2838.60,2026-08-25 18:15:00,PENDING
48921,4,20,904.80,2026-08-06 06:09:00,SUCCESS
48922,5,17,539.50,2026-08-20 09:03:00,REFUNDED
48923,10,15,3289.70,2026-08-15 00:45:00,FAILED
48924,1,1,556.40,2026-08-10 12:08:00,FAILED
48925,10,5,4134.50,2026-08-08 09:43:00,PENDING
48926,5,20,4784.90,2026-08-02 16:29:00,REFUNDED
48927,3,11,1762.50,2026-08-07 14:49:00,REFUNDED
48928,7,4,139.70,2026-08-13 09:29:00,SUCCESS
48929,10,15,756.00,2026-08-19 16:38:00,PENDING
48930,6,12,261.50,2026-08-25 17:05:00,SUCCESS
48931,2,10,383.10,2026-08-04 08:38:00,SUCCESS
48932,5,10,2714.30,2026-08-18 12:20:00,FAILED
48933,5,7,2937.50,2026-08-15 06:44:00,PENDING
48934,6,12,3635.50,2026-08-25 00:46:00,FAILED
48935,4,7,2180.70,2026-08-18 20:45:00,PENDING
48936,10,20,994.50,2026-08-27 11:17:00,PENDING
48937,2,1,311.20,2026-08-21 02:42:00,FAILED
48938,5,17,4545.60,2026-08-22 10:36:00,FAILED
48939,10,15,4715.10,2026-08-02 16:41:00,SUCCESS
48940,2,20,147.20,2026-08-15 15:35:00,REFUNDED
48941,3,4,3406.00,2026-08-17 20:25:00,PENDING
48942,9,11,2048.30,2026-08-11 06:15:00,SUCCESS
48943,8,18,639.60,2026-08-24 08:33:00,SUCCESS
48944,7,19,1153.70,2026-08-27 06:07:00,PENDING
48945,3,15,4300.50,2026-08-27 22:29:00,SUCCESS
48946,7,20,456.30,2026-08-28 04:32:00,PENDING
48947,4,15,1674.10,2026-08-05 07:23:00,PENDING
48948,4,19,670.60,2026-08-07 10:44:00,PENDING
48949,3,1,506.40,2026-08-19 20:02:00,PENDING
48950,9,18,4108.70,2026-08-08 00:05:00,REFUNDED
48951,9,5,2509.70,2026-08-04 19:28:00,PENDING
48952,2,19,2442.60,2026-08-15 20:58:00,FAILED
48953,8,13,2254.00,2026-08-15 01:10:00,REFUNDED
48954,1,16,4689.90,2026-08-15 01:25:00,REFUNDED
48955,1,4,3435.20,2026-08-12 04:34:00,FAILED
48956,9,9,1163.70,2026-08-05 05:06:00,PENDING
48957,9,7,3474.10,2026-08-14 05:02:00,REFUNDED
48958,10,18,2630.00,2026-08-22 12:19:00,PENDING
48959,9,10,1231.00,2026-08-06 05:32:00,REFUNDED
48960,3,9,3785.10,2026-08-13 22:29:00,FAILED
48961,3,9,2450.70,2026-08-16 04:26:00,PENDING
48962,9,8,1252.40,2026-08-26 06:43:00,FAILED
48963,8,1,4890.10,2026-08-02 00:20:00,REFUNDED
48964,10,17,1011.50,2026-08-24 02:58:00,FAILED
48965,5,10,4859.00,2026-08-06 16:57:00,REFUNDED
48966,10,12,3032.30,2026-08-08 23:02:00,SUCCESS
48967,3,3,4823.20,2026-08-30 16:42:00,PENDING
48968,4,2,3045.00,2026-08-26 02:55:00,PENDING
48969,1,13,974.30,2026-08-25 09:13:00,REFUNDED
48970,1,5,2427.30,2026-08-15 20:02:00,SUCCESS
48971,4,1,443.90,2026-08-22 14:29:00,SUCCESS
48972,3,11,3692.10,2026-08-27 09:47:00,REFUNDED
48973,4,4,3519.90,2026-08-30 08:44:00,FAILED
48974,10,14,4656.80,2026-08-24 13:54:00,PENDING
48975,3,17,3044.00,2026-08-05 11:52:00,FAILED
48976,1,19,1244.90,2026-08-28 03:17:00,REFUNDED
48977,2,8,3942.10,2026-08-07 20:48:00,SUCCESS
48978,9,18,1900.90,2026-08-28 03:09:00,REFUNDED
48979,8,17,2942.10,2026-08-18 03:14:00,REFUNDED
48980,5,14,1113.00,2026-08-18 19:07:00,REFUNDED
48981,7,4,2965.30,2026-08-13 04:26:00,FAILED
48982,10,13,4645.80,2026-08-05 18:47:00,PENDING
48983,4,5,634.80,2026-08-31 05:54:00,REFUNDED
48984,10,4,3927.90,2026-08-23 03:05:00,SUCCESS
48985,2,18,2975.30,2026-08-26 23:27:00,FAILED
48986,5,16,3717.80,2026-08-18 07:03:00,REFUNDED
48987,10,12,3984.00,2026-08-21 12:03:00,SUCCESS
48988,10,17,1072.30,2026-08-12 04:12:00,SUCCESS
48989,7,6,2876.40,2026-08-17 09:50:00,PENDING
48990,5,1,127.40,2026-08-14 18:56:00,PENDING
48991,1,12,3013.30,2026-08-03 16:56:00,SUCCESS
48992,5,8,3642.90,2026-08-19 21:37:00,FAILED
48993,8,9,714.00,2026-08-09 03:42:00,REFUNDED
48994,5,2,1028.70,2026-08-15 03:08:00,PENDING
48995,10,16,354.70,2026-08-22 00:48:00,FAILED
48996,8,13,1421.50,2026-08-19 18:19:00,FAILED
48997,10,6,1200.30,2026-08-12 02:54:00,REFUNDED
48998,10,7,3850.40,2026-08-24 02:18:00,PENDING
48999,5,15,4425.40,2026-08-27 19:13:00,PENDING
49000,3,12,2270.60,2026-08-27 02:32:00,PENDING
49001,10,7,2462.80,2026-08-15 13:27:00,REFUNDED
49002,3,8,4257.70,2026-08-03 02:30:00,FAILED
49003,4,6,1341.70,2026-08-25 22:45:00,SUCCESS
49004,9,11,1005.30,2026-08-16 05:11:00,PENDING
49005,5,9,3115.00,2026-08-11 04:36:00,FAILED
49006,5,5,521.30,2026-08-14 09:00:00,REFUNDED
49007,7,7,3222.70,2026-08-04 02:04:00,FAILED
49008,2,12,2761.10,2026-08-25 14:53:00,REFUNDED
49009,3,18,4931.90,2026-08-14 07:37:00,PENDING
49010,1,17,2656.00,2026-08-28 20:32:00,REFUNDED
49011,5,11,2123.00,2026-08-05 08:20:00,SUCCESS
49012,4,13,1299.10,2026-08-01 20:25:00,FAILED
49013,6,8,1066.20,2026-08-27 15:21:00,PENDING
49014,9,10,4870.80,2026-08-08 21:08:00,SUCCESS
49015,4,10,1889.00,2026-08-07 04:45:00,SUCCESS
49016,8,7,1743.40,2026-08-26 22:02:00,REFUNDED
49017,7,2,3758.60,2026-08-04 01:11:00,PENDING
49018,10,11,1314.40,2026-08-19 10:36:00,PENDING
49019,9,18,4044.20,2026-08-27 11:11:00,REFUNDED
49020,3,10,830.00,2026-08-10 13:01:00,FAILED
49021,3,11,292.40,2026-08-03 10:09:00,FAILED
49022,6,9,112.00,2026-08-30 10:00:00,PENDING
49023,3,15,653.90,2026-08-06 23:43:00,SUCCESS
49024,3,13,3779.30,2026-08-02 02:46:00,FAILED
49025,6,18,4620.80,2026-08-30 05:11:00,FAILED
49026,4,3,2235.40,2026-08-28 15:01:00,REFUNDED
49027,1,1,5000,2026-08-01 12:00:00,UNKNOWN_STATUS
49028,3,9,1846.20,2026-08-17 06:06:00,PENDING
49029,8,11,3669.40,2026-08-30 00:36:00,PENDING
49030,1,100.00
49031,4,20,155.30,2026-08-20 07:06:00,SUCCESS
49032,9,15,3161.80,2026-08-21 01:39:00,REFUNDED
49033,3,3,3209.30,2026-08-19 09:27:00,FAILED
49034,2,18,3913.90,2026-08-05 21:11:00,SUCCESS
49035,10,6,3452.40,2026-08-22 17:59:00,SUCCESS
49036,3,10,482.60,2026-08-30 00:48:00,FAILED
49037,8,14,4280.40,2026-08-30 12:24:00,SUCCESS
49038,10,19,1235.40,2026-08-24 06:10:00,REFUNDED
49039,5,12,1311.50,2026-08-03 12:21:00,REFUNDED
49040,4,8,1207.40,2026-08-31 07:35:00,PENDING
49041,9,3,92.10,2026-08-10 16:02:00,FAILED
49042,10,20,3613.30,2026-08-15 02:10:00,SUCCESS
49043,1,4,702.10,2026-08-28 23:49:00,FAILED
49044,2,9,260.40,2026-08-27 05:05:00,REFUNDED
49045,3,2,3689.20,2026-08-17 22:45:00,SUCCESS
49046,10,11,3558.10,2026-08-22 18:46:00,FAILED
49047,2,8,2273.60,2026-08-30 04:49:00,REFUNDED
49048,8,10,2235.60,2026-08-29 06:22:00,FAILED
49049,3,12,4798.30,2026-08-18 17:08:00,SUCCESS
49050,1,11,4697.20,2026-08-07 03:29:00,PENDING
49051,7,19,4606.50,2026-08-16 11:29:00,REFUNDED
49052,1,4,1583.70,2026-08-03 14:51:00,REFUNDED
49053,2,9,4969.00,2026-08-21 01:08:00,REFUNDED
49054,8,13,3439.00,2026-08-26 06:25:00,SUCCESS
49055,1,14,2202.40,2026-08-21 04:44:00,SUCCESS
49056,10,15,232.60,2026-08-01 15:05:00,REFUNDED
49057,5,5,2302.10,2026-08-24 14:40:00,FAILED
49058,7,2,1459.40,2026-08-18 21:02:00,REFUNDED
49059,9,9,1544.70,2026-08-02 17:47:00,SUCCESS
49060,2,6,392.10,2026-08-16 19:44:00,FAILED
49061,2,6,3116.30,2026-08-23 14:29:00,PENDING
49062,3,7,2190.50,2026-08-08 14:20:00,REFUNDED
49063,8,6,3158.90,2026-08-05 23:25:00,SUCCESS
49064,10,9,443.60,2026-08-23 06:00:00,REFUNDED
49065,4,11,3326.60,2026-08-23 17:38:00,REFUNDED
49066,9,7,3363.20,2026-08-12 12:18:00,PENDING
49067,8,4,3081.10,2026-08-06 15:39:00,REFUNDED
49068,8,8,1150.30,2026-08-15 14:45:00,FAILED
49069,3,14,4595.40,2026-08-25 06:51:00,SUCCESS
49070,10,5,1720.70,2026-08-15 20:26:00,REFUNDED
49071,9,15,2893.80,2026-08-01 18:34:00,PENDING
49072,4,5,4169.70,2026-08-24 11:02:00,PENDING
49073,6,12,1703.00,2026-08-17 17:33:00,SUCCESS
49074,4,12,2175.20,2026-08-25 19:06:00,PENDING
49075,8,1,2798.10,2026-08-26 23:19:00,REFUNDED
49076,6,4,4640.50,2026-08-12 14:52:00,SUCCESS
49077,3,3,4763.10,2026-08-31 02:22:00,FAILED
49078,3,15,1709.90,2026-08-09 17:54:00,PENDING
49079,7,14,4843.00,2026-08-13 09:13:00,SUCCESS
49080,10,1,3233.50,2026-08-15 23:57:00,FAILED
49081,10,13,2936.20,2026-08-26 19:59:00,FAILED
49082,3,7,2436.10,2026-08-13 00:33:00,FAILED
49083,4,12,1103.50,2026-08-18 00:25:00,FAILED
49084,10,6,1269.50,2026-08-28 06:23:00,REFUNDED
49085,1,14,2724.80,2026-08-27 08:16:00,REFUNDED
49086,10,18,2223.20,2026-08-07 22:37:00,PENDING
49087,8,12,4638.90,2026-08-15 11:20:00,PENDING
49088,8,12,3027.60,2026-08-12 18:46:00,FAILED
49089,3,7,4247.80,2026-08-25 18:22:00,SUCCESS
49090,2,4,2691.40,2026-08-27 13:11:00,PENDING
49091,8,2,160.30,2026-08-10 11:07:00,SUCCESS
49092,8,20,551.50,2026-08-24 10:56:00,SUCCESS
49093,6,18,3984.70,2026-08-27 20:57:00,PENDING
49094,1,16,5039.60,2026-08-21 14:18:00,REFUNDED
49095,8,11,1050.20,2026-08-12 22:49:00,REFUNDED
49096,2,5,3427.30,2026-08-05 18:52:00,SUCCESS
49097,1,1,NOT_A_NUMBER,2026-08-01 12:00:00,SUCCESS
49098,2,11,975.10,2026-08-26 14:25:00,REFUNDED
49099,3,2,1519.30,2026-08-20 13:46:00,SUCCESS
49100,10,9,1891.80,2026-08-10 15:14:00,REFUNDED
49101,6,3,494.00,2026-08-12 08:40:00,REFUNDED
49102,2,17,1770.00,2026-08-08 13:01:00,FAILED
49103,3,17,2952.70,2026-08-24 00:39:00,SUCCESS
49104,9,17,765.90,2026-08-20 09:03:00,FAILED
49105,9,3,3843.60,2026-08-29 13:04:00,PENDING
49106,3,8,1620.20,2026-08-10 10:59:00,FAILED
49107,4,20,637.60,2026-08-13 16:08:00,SUCCESS
49108,7,19,873.40,2026-08-08 20:55:00,SUCCESS
49109,8,2,914.10,2026-08-21 17:14:00,PENDING
49110,4,16,4232.70,2026-08-18 01:04:00,SUCCESS
49111,9,18,4409.40,2026-08-29 00:38:00,REFUNDED
49112,5,13,1420.30,2026-08-13 18:23:00,SUCCESS
49113,9,11,4842.00,2026-08-29 01:23:00,REFUNDED
49114,1,1,5000,2026-08-01 12:00:00,UNKNOWN_STATUS
49115,1,14,404.50,2026-08-07 12:23:00,FAILED
49116,1,1,NOT_A_NUMBER,2026-08-01 12:00:00,SUCCESS
49117,8,12,4515.30,2026-08-21 06:24:00,SUCCESS
49118,10,17,3891.60,2026-08-12 22:08:00,SUCCESS
49119,3,3,468.60,2026-08-03 19:06:00,PENDING
49120,1,14,3193.60,2026-08-08 12:22:00,PENDING
49121,8,8,1307.90,2026-08-19 17:30:00,SUCCESS
49122,8,11,329.50,2026-08-03 22:29:00,REFUNDED
49123,9,14,665.20,2026-08-29 16:24:00,SUCCESS
49124,7,5,5046.30,2026-08-13 04:16:00,REFUNDED
49125,7,6,2890.80,2026-08-13 23:35:00,SUCCESS
49126,4,20,2901.40,2026-08-03 01:24:00,FAILED
49127,6,14,4803.10,2026-08-14 17:11:00,REFUNDED
49128,4,8,2025.60,2026-08-06 06:41:00,PENDING
49129,9,14,4829.60,2026-08-23 08:18:00,SUCCESS
49130,5,14,2327.60,2026-08-06 06:26:00,FAILED
49131,9,15,3237.10,2026-08-11 21:40:00,FAILED
49132,5,18,675.20,2026-08-03 06:58:00,REFUNDED
49133,10,18,4954.30,2026-08-10 10:47:00,FAILED
49134,6,12,4889.10,2026-08-30 02:33:00,FAILED
49135,6,10,1554.50,2026-08-03 10:07:00,FAILED
49136,6,3,2727.50,2026-08-03 09:58:00,FAILED
49137,6,15,4782.10,2026-08-20 20:21:00,FAILED
49138,4,19,4694.20,2026-08-28 05:14:00,SUCCESS
49139,2,11,2032.80,2026-08-11 19:55:00,REFUNDED
49140,9,9,615.50,2026-08-10 12:02:00,PENDING
49141,5,3,2936.80,2026-08-02 08:04:00,FAILED
49142,1,9,1129.60,2026-08-05 23:24:00,SUCCESS
49143,2,16,563.20,2026-08-08 12:37:00,SUCCESS
49144,6,11,4876.80,2026-08-13 08:18:00,REFUNDED
49145,4,1,637.70,2026-08-19 00:45:00,SUCCESS
49146,4,6,4494.10,2026-08-21 11:21:00,REFUNDED
49147,10,3,3624.30,2026-08-21 19:35:00,PENDING
49148,6,3,2120.10,2026-08-27 12:00:00,REFUNDED
49149,1,20,262.40,2026-08-12 11:00:00,REFUNDED
49150,9,19,149.90,2026-08-01 08:21:00,SUCCESS
49151,4,8,2353.20,2026-08-22 23:18:00,SUCCESS
49152,1,2,2508.80,2026-08-29 17:00:00,REFUNDED
49153,6,4,3474.10,2026-08-23 10:22:00,REFUNDED
49154,9,3,2546.70,2026-08-12 20:10:00,REFUNDED
49155,10,6,1111.10,2026-08-06 07:06:00,PENDING
49156,8,4,2193.40,2026-08-03 23:28:00,PENDING
49157,2,15,5011.60,2026-08-17 13:27:00,REFUNDED
49158,7,5,1501.20,2026-08-21 06:28:00,REFUNDED
49159,9,4,3421.70,2026-08-02 12:47:00,SUCCESS
49160,4,8,321.90,2026-08-29 12:05:00,SUCCESS
49161,1,20,2030.60,2026-08-02 10:32:00,FAILED
49162,2,9,1930.60,2026-08-07 19:36:00,REFUNDED
49163,6,7,1432.80,2026-08-17 00:01:00,PENDING
49164,8,18,1721.20,2026-08-23 02:46:00,REFUNDED
49165,1,1,NOT_A_NUMBER,2026-08-01 12:00:00,SUCCESS
49166,7,7,4620.60,2026-08-19 04:16:00,REFUNDED
49167,4,9,4043.20,2026-08-24 12:35:00,FAILED
49168,10,15,386.30,2026-08-28 11:39:00,PENDING
49169,8,15,4791.20,2026-08-02 07:28:00,SUCCESS
49170,7,9,2875.50,2026-08-28 00:20:00,SUCCESS
49171,8,20,2716.40,2026-08-20 19:20:00,SUCCESS
49172,4,19,3388.40,2026-08-02 22:12:00,REFUNDED
49173,5,1,3532.50,2026-08-27 07:04:00,SUCCESS
49174,2,13,3698.50,2026-08-21 12:59:00,SUCCESS
49175,1,17,2012.80,2026-08-18 14:45:00,PENDING
49176,7,3,2622.70,2026-08-23 07:21:00,SUCCESS
49177,3,2,610.70,2026-08-22 01:56:00,REFUNDED
49178,2,17,423.60,2026-08-04 08:53:00,PENDING
49179,1,1,5000,INVALID_DATE_TIME,SUCCESS
49180,10,16,3715.70,2026-08-26 11:36:00,SUCCESS
49181,7,5,745.50,2026-08-28 09:03:00,SUCCESS
49182,3,16,1251.80,2026-08-04 22:23:00,PENDING
49183,7,9,2094.50,2026-08-12 23:03:00,PENDING
49184,10,19,2891.40,2026-08-04 16:05:00,REFUNDED
49185,9,18,2214.90,2026-08-02 20:09:00,PENDING
49186,10,7,2846.30,2026-08-28 14:02:00,SUCCESS
49187,2,15,4498.90,2026-08-30 08:49:00,REFUNDED
49188,9,4,170.40,2026-08-17 05:27:00,PENDING
49189,4,13,4175.90,2026-08-25 15:33:00,SUCCESS
49190,5,8,3423.20,2026-08-04 03:42:00,SUCCESS
49191,10,7,1775.10,2026-08-25 06:07:00,REFUNDED
49192,4,7,3282.40,2026-08-27 17:33:00,FAILED
49193,3,12,2110.20,2026-08-26 10:44:00,FAILED
49194,7,16,3144.00,2026-08-04 13:34:00,SUCCESS
49195,4,4,1279.60,2026-08-06 03:37:00,REFUNDED
49196,8,13,1426.60,2026-08-06 12:20:00,PENDING
49197,7,1,1108.30,2026-08-30 04:05:00,PENDING
49198,5,7,3070.00,2026-08-15 05:22:00,SUCCESS
49199,10,12,4392.50,2026-08-17 09:28:00,PENDING
49200,6,6,1458.70,2026-08-28 22:59:00,PENDING
49201,6,8,3477.60,2026-08-24 06:05:00,SUCCESS
49202,6,4,1683.10,2026-08-20 19:32:00,PENDING
49203,5,9,1596.60,2026-08-01 21:25:00,PENDING
49204,3,8,4001.30,2026-08-24 14:54:00,REFUNDED
49205,9,13,3148.90,2026-08-08 06:06:00,REFUNDED
49206,3,10,1176.00,2026-08-26 16:59:00,REFUNDED
49207,7,8,1454.40,2026-08-21 08:09:00,SUCCESS
49208,6,7,3906.70,2026-08-10 15:40:00,SUCCESS
49209,1,16,2761.30,2026-08-11 18:56:00,SUCCESS
49210,7,12,775.20,2026-08-06 12:32:00,PENDING
49211,7,1,4003.50,2026-08-08 18:56:00,FAILED
49212,7,1,5001.40,2026-08-20 03:54:00,FAILED
49213,1,5,3725.40,2026-08-27 19:50:00,SUCCESS
49214,1,7,4039.00,2026-08-03 14:00:00,PENDING
49215,7,3,1289.30,2026-08-25 01:56:00,FAILED
49216,7,11,4737.10,2026-08-18 09:15:00,REFUNDED
49217,5,1,1276.30,2026-08-12 09:08:00,SUCCESS
49218,1,15,4506.40,2026-08-18 21:22:00,SUCCESS
49219,6,14,1423.80,2026-08-15 05:35:00,SUCCESS
49220,1,100.00
49221,6,6,1336.80,2026-08-29 14:04:00,FAILED
49222,4,12,4664.70,2026-08-23 14:15:00,FAILED
49223,3,9,143.50,2026-08-30 15:24:00,FAILED
49224,9,16,2917.50,2026-08-26 09:22:00,FAILED
49225,8,6,2552.40,2026-08-30 13:45:00,FAILED
49226,10,18,2872.80,2026-08-23 20:09:00,PENDING
49227,4,5,1824.10,2026-08-20 07:19:00,SUCCESS
49228,3,9,2383.20,2026-08-27 10:18:00,FAILED
49229,3,1,1892.70,2026-08-13 15:59:00,REFUNDED
49230,8,6,4784.40,2026-08-02 09:46:00,PENDING
49231,8,3,378.40,2026-08-22 07:25:00,REFUNDED
49232,1,9,2082.00,2026-08-03 09:19:00,SUCCESS
49233,5,19,760.80,2026-08-01 15:45:00,SUCCESS
49234,4,19,895.70,2026-08-05 02:27:00,REFUNDED
49235,8,9,2040.20,2026-08-10 23:03:00,SUCCESS
49236,8,16,730.50,2026-08-13 06:16:00,FAILED
49237,6,6,1938.90,2026-08-24 16:43:00,SUCCESS
49238,7,9,3261.60,2026-08-10 00:41:00,PENDING
49239,2,20,4447.40,2026-08-08 02:57:00,FAILED
49240,9,3,428.90,2026-08-27 00:54:00,SUCCESS
49241,9,10,3652.20,2026-08-08 18:10:00,REFUNDED
49242,1,20,3626.30,2026-08-12 23:06:00,SUCCESS
49243,3,16,3756.00,2026-08-29 19:59:00,SUCCESS
49244,3,12,4892.10,2026-08-31 05:00:00,REFUNDED
49245,3,11,2689.90,2026-08-11 17:34:00,PENDING
49246,9,17,599.20,2026-08-11 07:32:00,SUCCESS
49247,4,4,109.70,2026-08-27 06:24:00,SUCCESS
49248,9,2,4462.40,2026-08-12 00:49:00,FAILED
49249,3,18,2925.40,2026-08-21 19:48:00,REFUNDED
49250,5,5,3546.10,2026-08-28 07:36:00,FAILED
49251,10,17,2354.70,2026-08-10 06:03:00,FAILED
49252,1,4,5030.90,2026-08-09 04:56:00,SUCCESS
49253,10,6,4998.60,2026-08-19 05:56:00,FAILED
49254,8,10,637.30,2026-08-06 13:52:00,REFUNDED
49255,5,2,3593.60,2026-08-13 20:53:00,PENDING
49256,6,2,1850.60,2026-08-09 00:06:00,FAILED
49257,2,18,1903.50,2026-08-01 16:22:00,FAILED
49258,5,7,933.80,2026-08-12 12:45:00,SUCCESS
49259,4,18,624.70,2026-08-18 23:09:00,REFUNDED
49260,1,15,163.20,2026-08-19 13:39:00,REFUNDED
49261,10,5,1349.80,2026-08-30 12:57:00,SUCCESS
49262,3,5,506.60,2026-08-03 09:00:00,FAILED
49263,6,8,1196.70,2026-08-02 20:23:00,PENDING
49264,3,4,2451.30,2026-08-08 19:31:00,FAILED
49265,10,17,1598.10,2026-08-28 14:56:00,REFUNDED
49266,5,19,2235.30,2026-08-22 19:23:00,REFUNDED
49267,4,4,3950.40,2026-08-24 01:47:00,PENDING
49268,4,4,1748.00,2026-08-06 10:08:00,FAILED
49269,1,10,1721.80,2026-08-06 14:01:00,SUCCESS
49270,1,13,1197.80,2026-08-14 16:19:00,SUCCESS
49271,8,9,2423.10,2026-08-07 05:57:00,SUCCESS
49272,10,18,1621.20,2026-08-15 01:21:00,SUCCESS
49273,10,1,3734.30,2026-08-08 02:22:00,REFUNDED
49274,9,12,3367.10,2026-08-14 20:06:00,REFUNDED
49275,5,8,2480.50,2026-08-15 20:23:00,PENDING
49276,2,10,4992.30,2026-08-10 13:28:00,FAILED
49277,7,1,4232.80,2026-08-27 17:13:00,SUCCESS
49278,8,10,763.20,2026-08-29 05:02:00,PENDING
49279,10,17,80.90,2026-08-06 05:56:00,SUCCESS
49280,6,4,4404.00,2026-08-05 00:48:00,PENDING
49281,8,15,2586.90,2026-08-12 09:16:00,REFUNDED
49282,4,20,4999.60,2026-08-22 10:13:00,SUCCESS
49283,10,9,1126.50,2026-08-22 01:45:00,REFUNDED
49284,10,20,2764.00,2026-08-21 03:59:00,FAILED
49285,8,13,542.00,2026-08-08 03:41:00,FAILED
49286,6,4,378.00,2026-08-27 17:18:00,SUCCESS
49287,10,14,824.20,2026-08-08 20:56:00,PENDING
49288,4,13,316.70,2026-08-14 17:46:00,PENDING
49289,5,18,2310.90,2026-08-08 05:23:00,PENDING
49290,7,16,1654.60,2026-08-25 23:16:00,REFUNDED
49291,7,5,4125.20,2026-08-13 19:40:00,SUCCESS
49292,10,2,3590.80,2026-08-02 23:42:00,REFUNDED
49293,4,8,4071.50,2026-08-19 21:28:00,SUCCESS
49294,8,7,2873.50,2026-08-17 09:06:00,REFUNDED
49295,2,2,3075.80,2026-08-06 21:33:00,SUCCESS
49296,5,3,4667.10,2026-08-09 13:57:00,SUCCESS
49297,7,16,3654.00,2026-08-05 03:31:00,PENDING
49298,10,20,3978.00,2026-08-14 11:34:00,PENDING
49299,8,6,2355.00,2026-08-03 09:02:00,PENDING
49300,9,12,293.50,2026-08-28 11:35:00,SUCCESS
49301,6,16,1416.10,2026-08-27 16:29:00,REFUNDED
49302,2,15,1665.20,2026-08-19 02:55:00,REFUNDED
49303,2,4,183.50,2026-08-23 02:51:00,REFUNDED
49304,2,5,526.40,2026-08-10 17:03:00,REFUNDED
49305,9,18,5001.90,2026-08-04 19:22:00,SUCCESS
49306,8,14,2586.70,2026-08-24 22:02:00,PENDING
49307,1,1,5000,INVALID_DATE_TIME,SUCCESS
49308,9,6,4997.80,2026-08-14 13:59:00,FAILED
49309,5,10,1132.30,2026-08-14 18:55:00,FAILED
49310,6,20,980.40,2026-08-06 11:21:00,PENDING
49311,10,20,5039.80,2026-08-17 18:12:00,REFUNDED
49312,5,6,4723.90,2026-08-15 08:40:00,FAILED
49313,7,2,4331.70,2026-08-17 19:33:00,SUCCESS
49314,8,18,4658.50,2026-08-24 05:39:00,PENDING
49315,6,20,74.00,2026-08-11 12:29:00,FAILED
49316,2,8,1005.40,2026-08-25 00:11:00,PENDING
49317,3,7,1089.60,2026-08-11 05:09:00,REFUNDED
49318,9,13,2885.00,2026-08-26 04:08:00,SUCCESS
49319,5,16,1518.00,2026-08-11 12:38:00,FAILED
49320,8,4,3303.60,2026-08-10 03:21:00,PENDING
49321,8,5,3528.90,2026-08-13 12:51:00,PENDING
49322,8,1,3762.30,2026-08-18 05:56:00,SUCCESS
49323,9,6,2954.50,2026-08-28 08:54:00,SUCCESS
49324,4,17,2891.60,2026-08-11 16:11:00,REFUNDED
49325,7,7,3354.10,2026-08-27 14:55:00,FAILED
49326,5,12,3729.70,2026-08-07 04:26:00,FAILED
49327,5,15,485.10,2026-08-30 01:44:00,FAILED
49328,5,12,1426.10,2026-08-26 10:17:00,FAILED
49329,1,14,3100.70,2026-08-14 07:09:00,PENDING
49330,1,3,4391.70,2026-08-01 22:51:00,PENDING
49331,1,1,5000,2026-08-01 12:00:00,UNKNOWN_STATUS
49332,2,1,4455.00,2026-08-04 11:05:00,FAILED
49333,10,10,3724.50,2026-08-15 20:50:00,SUCCESS
49334,1,18,2827.00,2026-08-26 18:16:00,PENDING
49335,4,20,2987.80,2026-08-03 12:33:00,PENDING
49336,6,10,4703.30,2026-08-06 19:21:00,SUCCESS
49337,3,6,4747.20,2026-08-05 22:26:00,SUCCESS
49338,9,17,468.80,2026-08-06 07:26:00,SUCCESS
49339,1,1,NOT_A_NUMBER,2026-08-01 12:00:00,SUCCESS
49340,1,1,65.50,2026-08-22 03:53:00,FAILED
49341,1,5,1919.80,2026-08-13 13:55:00,SUCCESS
49342,2,1,1453.80,2026-08-30 20:18:00,REFUNDED
49343,10,13,3002.00,2026-08-11 19:45:00,PENDING
49344,3,20,4488.30,2026-08-15 15:40:00,PENDING
49345,4,13,3866.80,2026-08-24 09:44:00,FAILED
49346,10,4,5040.00,2026-08-18 12:38:00,PENDING
49347,5,15,3487.30,2026-08-19 04:11:00,SUCCESS
49348,4,16,3667.80,2026-08-04 21:57:00,PENDING
49349,10,20,2656.90,2026-08-02 00:44:00,FAILED
49350,1,6,2101.80,2026-08-18 22:59:00,SUCCESS
49351,10,8,1900.70,2026-08-25 13:05:00,PENDING
49352,6,13,2070.10,2026-08-05 15:44:00,FAILED
49353,7,4,4981.20,2026-08-09 22:00:00,FAILED
49354,9,11,3988.50,2026-08-01 14:50:00,SUCCESS
49355,2,11,2851.40,2026-08-16 20:52:00,SUCCESS
49356,9,14,496.00,2026-08-07 06:48:00,REFUNDED
49357,5,14,1862.30,2026-08-31 00:43:00,PENDING
49358,1,5,2070.60,2026-08-02 01:08:00,FAILED
49359,8,15,3219.30,2026-08-10 18:53:00,FAILED
49360,8,11,1885.00,2026-08-14 12:15:00,FAILED
49361,10,13,2388.50,2026-08-11 10:00:00,FAILED
49362,2,7,1099.90,2026-08-25 23:26:00,SUCCESS
49363,10,8,4842.50,2026-08-09 17:10:00,FAILED
49364,10,16,4241.40,2026-08-11 09:21:00,REFUNDED
49365,7,5,1686.40,2026-08-14 15:23:00,SUCCESS
49366,1,7,2768.50,2026-08-29 12:22:00,PENDING
49367,10,19,3176.40,2026-08-19 17:19:00,REFUNDED
49368,4,2,3438.00,2026-08-29 08:38:00,PENDING
49369,1,1,5000,2026-08-01 12:00:00,UNKNOWN_STATUS
49370,5,11,4439.70,2026-08-07 22:07:00,REFUNDED
49371,1,9,4722.80,2026-08-20 22:33:00,REFUNDED
49372,7,8,98.40,2026-08-25 03:42:00,SUCCESS
49373,6,9,2536.10,2026-08-31 04:40:00,SUCCESS
49374,2,17,2295.60,2026-08-26 13:16:00,FAILED
49375,3,3,2616.60,2026-08-10 02:08:00,SUCCESS
49376,7,7,2659.70,2026-08-05 08:34:00,FAILED
49377,10,2,309.30,2026-08-04 15:40:00,REFUNDED
49378,5,17,1890.80,2026-08-04 14:06:00,PENDING
49379,8,16,1190.90,2026-08-27 22:44:00,SUCCESS
49380,2,9,107.00,2026-08-11 15:23:00,REFUNDED
49381,9,12,1706.10,2026-08-10 18:22:00,FAILED
49382,9,12,1734.80,2026-08-15 23:54:00,FAILED
49383,7,4,860.90,2026-08-07 03:40:00,FAILED
49384,2,13,4200.70,2026-08-15 19:41:00,FAILED
49385,1,1,5000,INVALID_DATE_TIME,SUCCESS
49386,5,12,4926.40,2026-08-07 16:32:00,FAILED
49387,1,1,5000,INVALID_DATE_TIME,SUCCESS
49388,10,3,3093.70,2026-08-25 06:27:00,FAILED
49389,9,18,3999.60,2026-08-28 16:44:00,REFUNDED
49390,2,10,4898.50,2026-08-25 10:30:00,FAILED
49391,7,15,1050.20,2026-08-06 08:33:00,PENDING
49392,4,18,4819.70,2026-08-23 12:38:00,SUCCESS
49393,10,12,195.20,2026-08-15 09:07:00,PENDING
49394,5,20,584.80,2026-08-26 05:35:00,PENDING
49395,4,2,2688.90,2026-08-30 23:39:00,REFUNDED
49396,4,16,570.30,2026-08-13 19:04:00,REFUNDED
49397,3,7,4296.20,2026-08-17 09:21:00,REFUNDED
49398,10,4,875.00,2026-08-27 12:26:00,SUCCESS
49399,1,1,5000,INVALID_DATE_TIME,SUCCESS
49400,2,1,1665.10,2026-08-08 09:53:00,FAILED
49401,3,15,4443.60,2026-08-21 22:56:00,FAILED
49402,1,3,3962.80,2026-08-25 00:05:00,REFUNDED
49403,3,2,4768.20,2026-08-19 23:08:00,PENDING
49404,7,9,3504.00,2026-08-14 03:21:00,PENDING
49405,4,16,3912.70,2026-08-30 23:17:00,PENDING
49406,7,17,3663.90,2026-08-30 16:46:00,SUCCESS
49407,10,11,441.50,2026-08-22 02:56:00,PENDING
49408,8,13,1776.50,2026-08-23 15:33:00,FAILED
49409,8,7,4423.50,2026-08-17 05:44:00,FAILED
49410,3,17,484.90,2026-08-20 00:39:00,FAILED
49411,1,1,3698.20,2026-08-08 17:53:00,PENDING
49412,6,19,1089.70,2026-08-30 13:55:00,FAILED
49413,9,8,331.00,2026-08-22 08:02:00,REFUNDED
49414,8,18,2699.50,2026-08-24 15:21:00,FAILED
49415,6,18,4185.70,2026-08-04 04:40:00,PENDING
49416,10,15,4866.10,2026-08-20 07:30:00,REFUNDED
49417,8,1,4067.20,2026-08-24 02:05:00,FAILED
49418,4,7,2819.40,2026-08-06 15:19:00,FAILED
49419,10,8,1311.00,2026-08-28 02:44:00,FAILED
49420,8,8,2300.50,2026-08-02 20:58:00,FAILED
49421,2,16,2574.70,2026-08-05 23:58:00,REFUNDED
49422,2,8,80.70,2026-08-30 01:40:00,REFUNDED
49423,9,6,5043.50,2026-08-07 13:28:00,FAILED
49424,3,20,2278.70,2026-08-23 10:50:00,REFUNDED
49425,3,10,4785.20,2026-08-19 15:02:00,FAILED
49426,3,20,5043.30,2026-08-30 08:49:00,REFUNDED
49427,3,10,597.30,2026-08-15 02:34:00,SUCCESS
49428,8,8,1084.40,2026-08-05 03:35:00,FAILED
49429,3,10,1595.00,2026-08-15 10:57:00,FAILED
49430,1,20,1309.40,2026-08-28 20:59:00,FAILED
49431,10,8,4517.40,2026-08-04 22:58:00,REFUNDED
49432,10,3,1119.30,2026-08-24 01:34:00,PENDING
49433,2,9,2963.60,2026-08-03 12:47:00,REFUNDED
49434,1,2,365.50,2026-08-03 21:36:00,SUCCESS
49435,9,10,2021.90,2026-08-05 13:05:00,REFUNDED
49436,9,18,404.60,2026-08-17 19:09:00,FAILED
49437,7,14,1398.30,2026-08-18 03:44:00,REFUNDED
49438,8,13,3087.40,2026-08-17 01:40:00,SUCCESS
49439,3,7,2349.70,2026-08-19 23:36:00,FAILED
49440,4,19,691.40,2026-08-24 18:16:00,PENDING
49441,4,14,748.60,2026-08-30 17:24:00,PENDING
49442,6,11,2415.60,2026-08-10 06:04:00,SUCCESS
49443,7,10,4100.30,2026-08-08 03:32:00,SUCCESS
49444,6,5,2447.70,2026-08-25 13:45:00,REFUNDED
49445,1,13,5036.10,2026-08-24 14:29:00,PENDING
49446,4,13,1080.80,2026-08-30 20:03:00,REFUNDED
49447,1,11,949.90,2026-08-03 13:29:00,FAILED
49448,7,20,1205.60,2026-08-11 17:20:00,FAILED
49449,1,11,1761.70,2026-08-19 01:54:00,PENDING
49450,6,15,4072.60,2026-08-31 06:50:00,FAILED
49451,4,8,2840.80,2026-08-13 11:51:00,REFUNDED
49452,4,15,448.60,2026-08-26 20:38:00,PENDING
49453,6,19,2895.80,2026-08-18 23:26:00,PENDING
49454,10,18,60.40,2026-08-31 00:18:00,PENDING
49455,3,14,2888.90,2026-08-22 17:38:00,REFUNDED
49456,4,5,2290.70,2026-08-06 14:30:00,REFUNDED
49457,8,14,266.20,2026-08-10 23:35:00,SUCCESS
49458,6,16,2076.80,2026-08-03 07:07:00,REFUNDED
49459,6,10,4484.30,2026-08-01 18:19:00,FAILED
49460,8,19,3244.10,2026-08-20 00:44:00,PENDING
49461,6,9,4522.00,2026-08-29 11:15:00,PENDING
49462,6,10,4997.70,2026-08-28 05:28:00,PENDING
49463,3,16,3076.80,2026-08-12 16:54:00,REFUNDED
49464,1,6,2744.40,2026-08-07 00:00:00,PENDING
49465,7,5,3358.60,2026-08-27 07:58:00,SUCCESS
49466,7,18,2373.80,2026-08-25 17:32:00,FAILED
49467,6,14,1831.60,2026-08-05 18:54:00,REFUNDED
49468,7,19,2658.00,2026-08-07 14:46:00,FAILED
49469,3,11,4080.50,2026-08-28 07:03:00,FAILED
49470,9,10,1399.00,2026-08-18 14:32:00,SUCCESS
49471,4,16,5020.40,2026-08-26 14:42:00,REFUNDED
49472,2,20,2029.70,2026-08-19 03:18:00,FAILED
49473,3,12,1675.70,2026-08-03 08:35:00,REFUNDED
49474,7,18,1572.20,2026-08-14 20:02:00,REFUNDED
49475,1,2,4517.50,2026-08-16 13:55:00,FAILED
49476,6,17,1715.60,2026-08-01 16:13:00,REFUNDED
49477,2,12,2033.00,2026-08-19 05:15:00,REFUNDED
49478,6,19,1943.90,2026-08-05 13:07:00,PENDING
49479,1,15,5043.80,2026-08-13 19:00:00,REFUNDED
49480,9,19,2484.10,2026-08-12 14:53:00,PENDING
49481,7,14,3981.40,2026-08-01 15:19:00,SUCCESS
49482,8,10,1431.20,2026-08-28 18:38:00,PENDING
49483,9,7,4112.70,2026-08-08 18:28:00,SUCCESS
49484,10,15,4270.20,2026-08-20 16:24:00,SUCCESS
49485,10,8,3179.10,2026-08-26 14:24:00,PENDING
49486,4,4,3705.90,2026-08-08 23:43:00,FAILED
49487,8,20,882.80,2026-08-13 23:52:00,REFUNDED
49488,4,16,2456.90,2026-08-06 05:11:00,SUCCESS
49489,5,11,4518.80,2026-08-17 15:21:00,SUCCESS
49490,8,17,118.60,2026-08-23 06:10:00,FAILED
49491,8,18,2831.90,2026-08-14 22:17:00,PENDING
49492,5,6,3808.80,2026-08-28 18:07:00,PENDING
49493,6,18,3836.60,2026-08-21 16:25:00,FAILED
49494,9,9,3505.60,2026-08-27 12:52:00,PENDING
49495,7,2,5042.70,2026-08-16 21:06:00,SUCCESS
49496,1,8,3062.80,2026-08-03 13:33:00,FAILED
49497,3,6,714.50,2026-08-07 05:36:00,PENDING
49498,7,13,1235.10,2026-08-27 08:58:00,PENDING
49499,5,9,1540.00,2026-08-19 19:58:00,REFUNDED
49500,3,13,1703.30,2026-08-16 20:40:00,PENDING
49501,4,13,3168.70,2026-08-27 12:35:00,FAILED
49502,1,4,2783.30,2026-08-26 16:05:00,FAILED
49503,3,10,4037.90,2026-08-14 16:46:00,PENDING
49504,5,19,3522.50,2026-08-26 12:27:00,PENDING
49505,5,3,4487.60,2026-08-15 00:27:00,SUCCESS
49506,4,4,1638.20,2026-08-15 19:13:00,PENDING
49507,2,17,4905.00,2026-08-17 11:46:00,REFUNDED
49508,8,3,2942.40,2026-08-03 17:28:00,SUCCESS
49509,9,20,2627.40,2026-08-11 17:16:00,REFUNDED
49510,4,4,4490.80,2026-08-16 19:51:00,SUCCESS
49511,3,10,2971.20,2026-08-28 21:58:00,SUCCESS
49512,6,4,3638.10,2026-08-06 06:47:00,REFUNDED
49513,9,18,4303.80,2026-08-10 01:25:00,PENDING
49514,5,2,3280.20,2026-08-09 03:15:00,PENDING
49515,5,19,4083.60,2026-08-30 15:35:00,FAILED
49516,4,10,2994.10,2026-08-25 17:03:00,REFUNDED
49517,2,6,3757.50,2026-08-09 22:05:00,PENDING
49518,6,9,2727.30,2026-08-19 00:07:00,PENDING
49519,2,12,3445.00,2026-08-10 06:31:00,SUCCESS
49520,3,5,1542.80,2026-08-22 02:32:00,PENDING
49521,2,2,2143.30,2026-08-13 03:31:00,FAILED
49522,6,20,517.40,2026-08-15 01:58:00,PENDING
49523,2,3,3898.70,2026-08-28 01:42:00,REFUNDED
49524,9,1,617.80,2026-08-19 11:37:00,FAILED
49525,3,3,50.90,2026-08-25 07:35:00,SUCCESS
49526,3,5,1389.20,2026-08-14 15:18:00,SUCCESS
49527,4,19,1351.10,2026-08-10 12:22:00,REFUNDED
49528,9,3,4785.70,2026-08-27 18:12:00,SUCCESS
49529,8,15,3869.20,2026-08-22 10:15:00,PENDING
49530,9,3,2852.60,2026-08-24 19:31:00,PENDING
49531,10,4,3697.50,2026-08-13 05:29:00,REFUNDED
49532,4,7,2079.60,2026-08-28 02:21:00,FAILED
49533,7,4,2548.90,2026-08-27 20:56:00,PENDING
49534,9,15,3944.90,2026-08-14 17:41:00,PENDING
49535,4,16,4492.10,2026-08-27 22:15:00,PENDING
49536,1,19,2881.00,2026-08-04 21:18:00,REFUNDED
49537,6,1,696.70,2026-08-22 00:02:00,FAILED
49538,4,11,303.10,2026-08-12 23:19:00,FAILED
49539,5,5,2744.40,2026-08-30 00:44:00,SUCCESS
49540,4,12,1730.50,2026-08-11 13:56:00,FAILED
49541,8,1,688.10,2026-08-06 20:56:00,REFUNDED
49542,9,13,3745.40,2026-08-12 17:11:00,FAILED
49543,3,19,3873.00,2026-08-06 18:02:00,PENDING
49544,9,14,3023.20,2026-08-23 15:40:00,PENDING
49545,10,11,1845.00,2026-08-13 04:11:00,PENDING
49546,2,3,4816.80,2026-08-11 23:05:00,FAILED
49547,2,5,3688.70,2026-08-10 07:09:00,FAILED
49548,4,3,1384.30,2026-08-10 16:54:00,FAILED
49549,8,18,1526.30,2026-08-06 22:30:00,REFUNDED
49550,6,11,420.70,2026-08-06 14:22:00,SUCCESS
49551,8,10,4988.10,2026-08-25 14:51:00,FAILED
49552,8,9,1137.20,2026-08-12 07:11:00,REFUNDED
49553,1,2,842.80,2026-08-27 23:03:00,PENDING
49554,6,20,4069.70,2026-08-28 18:07:00,PENDING
49555,6,11,375.20,2026-08-03 17:17:00,PENDING
49556,9,5,1685.80,2026-08-28 15:52:00,REFUNDED
49557,6,13,94.60,2026-08-08 02:03:00,PENDING
49558,9,17,1431.10,2026-08-12 16:10:00,PENDING
49559,3,4,1873.90,2026-08-12 09:25:00,SUCCESS
49560,9,11,3876.20,2026-08-19 21:37:00,PENDING
49561,2,19,3347.10,2026-08-02 00:26:00,FAILED
49562,8,14,3674.60,2026-08-23 17:11:00,SUCCESS
49563,10,5,2273.40,2026-08-07 10:52:00,SUCCESS
49564,2,10,2424.70,2026-08-14 12:32:00,PENDING
49565,6,8,4346.20,2026-08-13 05:06:00,PENDING
49566,5,15,2807.80,2026-08-29 02:48:00,SUCCESS
49567,9,4,2651.60,2026-08-18 04:43:00,REFUNDED
49568,10,7,4894.30,2026-08-07 05:57:00,PENDING
49569,3,8,855.30,2026-08-27 04:50:00,FAILED
49570,3,16,1148.80,2026-08-07 13:48:00,PENDING
49571,6,10,3995.40,2026-08-11 18:04:00,SUCCESS
49572,5,10,4821.20,2026-08-30 08:57:00,PENDING
49573,1,4,1079.90,2026-08-04 20:18:00,SUCCESS
49574,4,16,3655.50,2026-08-13 22:37:00,PENDING
49575,2,18,3764.90,2026-08-26 08:52:00,PENDING
49576,2,9,4377.90,2026-08-31 00:35:00,REFUNDED
49577,8,10,3198.60,2026-08-04 04:00:00,REFUNDED
49578,9,2,1582.20,2026-08-20 04:48:00,FAILED
49579,7,5,1849.30,2026-08-15 18:59:00,PENDING
49580,7,20,515.00,2026-08-20 20:32:00,REFUNDED
49581,6,2,1493.40,2026-08-21 05:04:00,SUCCESS
49582,1,11,1702.00,2026-08-27 04:50:00,SUCCESS
49583,3,5,623.20,2026-08-13 12:36:00,SUCCESS
49584,8,1,4557.20,2026-08-12 03:52:00,SUCCESS
49585,1,20,4854.60,2026-08-31 03:38:00,SUCCESS
49586,1,100.00
49587,6,11,2254.40,2026-08-01 12:46:00,PENDING
49588,10,9,2155.50,2026-08-25 04:21:00,SUCCESS
49589,5,14,3442.20,2026-08-16 17:06:00,FAILED
49590,10,20,3195.60,2026-08-21 23:25:00,SUCCESS
49591,7,10,2559.20,2026-08-06 16:02:00,REFUNDED
49592,8,18,4248.40,2026-08-20 03:30:00,FAILED
49593,6,4,258.10,2026-08-04 14:09:00,REFUNDED
49594,1,12,1992.10,2026-08-29 20:57:00,SUCCESS
49595,4,7,993.50,2026-08-29 16:10:00,FAILED
49596,4,3,3092.20,2026-08-30 18:24:00,PENDING
49597,10,7,4263.60,2026-08-27 08:18:00,FAILED
49598,8,17,4023.30,2026-08-22 16:23:00,PENDING
49599,10,7,385.80,2026-08-07 19:42:00,REFUNDED
49600,9,8,827.80,2026-08-24 13:06:00,FAILED
49601,10,16,424.10,2026-08-26 04:28:00,FAILED
49602,1,1,5000,2026-08-01 12:00:00,UNKNOWN_STATUS
49603,6,1,3650.70,2026-08-05 11:03:00,SUCCESS
49604,10,5,4937.80,2026-08-07 08:34:00,REFUNDED
49605,2,14,202.30,2026-08-14 10:47:00,SUCCESS
49606,10,13,1475.00,2026-08-05 15:14:00,SUCCESS
49607,1,13,4380.20,2026-08-15 18:34:00,PENDING
49608,8,5,1477.30,2026-08-18 02:31:00,FAILED
49609,10,4,3591.70,2026-08-27 00:16:00,SUCCESS
49610,4,3,3352.60,2026-08-30 18:05:00,FAILED
49611,10,20,649.00,2026-08-12 07:05:00,SUCCESS
49612,7,14,4642.10,2026-08-06 11:50:00,PENDING
49613,7,19,1435.30,2026-08-12 14:03:00,REFUNDED
49614,4,5,4392.50,2026-08-01 14:11:00,SUCCESS
49615,1,1,5000,INVALID_DATE_TIME,SUCCESS
49616,6,18,2141.60,2026-08-05 05:00:00,SUCCESS
49617,4,4,3184.20,2026-08-29 23:26:00,FAILED
49618,1,1,2583.70,2026-08-07 05:32:00,PENDING
49619,6,11,2019.70,2026-08-12 04:36:00,SUCCESS
49620,8,5,994.30,2026-08-28 20:58:00,SUCCESS
49621,2,8,2220.70,2026-08-15 00:07:00,FAILED
49622,7,13,1832.30,2026-08-06 14:34:00,PENDING
49623,10,8,3547.80,2026-08-30 23:10:00,SUCCESS
49624,10,13,197.10,2026-08-26 09:41:00,SUCCESS
49625,10,5,4036.70,2026-08-27 22:55:00,REFUNDED
49626,7,5,943.50,2026-08-21 03:03:00,REFUNDED
49627,3,13,4173.10,2026-08-22 11:24:00,PENDING
49628,1,18,3562.40,2026-08-30 02:34:00,PENDING
49629,10,7,1624.40,2026-08-12 22:34:00,PENDING
49630,6,6,3234.20,2026-08-18 15:53:00,FAILED
49631,9,10,1425.50,2026-08-17 13:57:00,SUCCESS
49632,9,13,1480.70,2026-08-22 09:02:00,REFUNDED
49633,1,7,330.90,2026-08-31 07:38:00,SUCCESS
49634,9,17,3541.00,2026-08-22 16:21:00,SUCCESS
49635,9,19,4670.70,2026-08-07 08:48:00,REFUNDED
49636,4,1,4030.90,2026-08-27 14:12:00,SUCCESS
49637,5,6,4137.10,2026-08-04 07:01:00,REFUNDED
49638,7,19,2615.70,2026-08-23 06:13:00,SUCCESS
49639,6,16,2756.90,2026-08-22 14:57:00,SUCCESS
49640,2,18,2112.20,2026-08-28 17:18:00,PENDING
49641,3,6,905.90,2026-08-05 23:56:00,FAILED
49642,1,1,2864.60,2026-08-11 06:30:00,FAILED
49643,5,19,681.60,2026-08-21 04:51:00,REFUNDED
49644,5,16,4797.00,2026-08-17 18:56:00,PENDING
49645,2,3,1882.80,2026-08-10 22:00:00,REFUNDED
49646,2,4,4993.20,2026-08-24 22:45:00,REFUNDED
49647,4,10,4075.10,2026-08-20 13:55:00,FAILED
49648,2,3,3069.90,2026-08-09 21:12:00,FAILED
49649,5,9,3068.20,2026-08-16 21:47:00,SUCCESS
49650,5,4,254.80,2026-08-01 14:57:00,REFUNDED
49651,8,6,4854.80,2026-08-12 04:19:00,FAILED
49652,10,18,1230.20,2026-08-25 14:45:00,SUCCESS
49653,10,9,444.30,2026-08-26 11:29:00,PENDING
49654,6,6,4443.40,2026-08-02 17:27:00,FAILED
49655,3,19,1620.30,2026-08-14 13:22:00,SUCCESS
49656,7,5,2835.50,2026-08-23 01:47:00,PENDING
49657,2,18,2683.10,2026-08-18 02:19:00,SUCCESS
49658,2,12,2729.60,2026-08-16 20:06:00,REFUNDED
49659,4,18,1707.50,2026-08-05 02:11:00,REFUNDED
49660,10,20,2212.80,2026-08-01 19:12:00,REFUNDED
49661,4,5,3493.00,2026-08-12 22:06:00,SUCCESS
49662,8,8,1148.10,2026-08-19 20:44:00,PENDING
49663,5,10,392.80,2026-08-07 12:23:00,FAILED
49664,6,9,3409.50,2026-08-13 22:57:00,SUCCESS
49665,8,3,2507.30,2026-08-27 02:25:00,SUCCESS
49666,3,20,1845.70,2026-08-30 22:05:00,SUCCESS
49667,7,16,1427.40,2026-08-05 12:36:00,PENDING
49668,6,15,4288.60,2026-08-06 09:24:00,FAILED
49669,6,8,4550.40,2026-08-01 23:19:00,PENDING
49670,4,2,1424.70,2026-08-24 08:15:00,SUCCESS
49671,1,12,491.00,2026-08-14 12:02:00,PENDING
49672,5,2,4313.10,2026-08-22 17:08:00,FAILED
49673,6,10,5014.10,2026-08-17 09:10:00,PENDING
49674,7,14,277.60,2026-08-04 05:43:00,REFUNDED
49675,1,1,5000,2026-08-01 12:00:00,UNKNOWN_STATUS
49676,1,8,3000.30,2026-08-29 11:27:00,SUCCESS
49677,8,8,3624.70,2026-08-22 06:28:00,SUCCESS
49678,1,4,2024.90,2026-08-18 09:48:00,REFUNDED
49679,6,1,1917.90,2026-08-03 23:54:00,SUCCESS
49680,2,1,848.30,2026-08-11 11:13:00,FAILED
49681,5,17,1261.00,2026-08-10 08:07:00,SUCCESS
49682,8,9,3812.90,2026-08-29 14:51:00,PENDING
49683,8,1,1310.40,2026-08-16 02:45:00,SUCCESS
49684,5,10,4498.20,2026-08-05 18:12:00,FAILED
49685,4,20,779.20,2026-08-13 20:53:00,PENDING
49686,4,15,4336.70,2026-08-17 21:22:00,FAILED
49687,4,7,3442.20,2026-08-04 08:19:00,PENDING
49688,8,14,1604.40,2026-08-22 20:31:00,REFUNDED
49689,2,14,1134.80,2026-08-14 03:44:00,PENDING
49690,7,10,4411.80,2026-08-18 17:46:00,REFUNDED
49691,7,4,2380.20,2026-08-24 18:15:00,PENDING
49692,2,16,2271.60,2026-08-29 04:27:00,REFUNDED
49693,1,4,2356.90,2026-08-21 03:08:00,SUCCESS
49694,3,18,3237.20,2026-08-20 12:43:00,REFUNDED
49695,8,2,340.60,2026-08-27 06:47:00,FAILED
49696,7,10,2036.60,2026-08-16 03:30:00,FAILED
49697,10,8,3876.90,2026-08-26 18:22:00,PENDING
49698,6,3,2129.60,2026-08-16 01:57:00,SUCCESS
49699,10,3,3317.00,2026-08-06 19:58:00,PENDING
49700,2,6,4248.30,2026-08-04 03:02:00,PENDING
49701,3,13,466.60,2026-08-20 02:37:00,FAILED
49702,6,9,4310.20,2026-08-15 04:45:00,PENDING
49703,9,10,3841.70,2026-08-13 01:50:00,FAILED
49704,2,1,4206.60,2026-08-30 00:57:00,FAILED
49705,8,9,90.10,2026-08-03 23:00:00,SUCCESS
49706,7,10,4346.40,2026-08-30 16:20:00,PENDING
49707,9,10,4884.80,2026-08-16 01:04:00,SUCCESS
49708,3,4,3591.20,2026-08-11 23:51:00,SUCCESS
49709,7,13,4968.50,2026-08-20 16:19:00,SUCCESS
49710,5,14,1604.80,2026-08-02 06:12:00,PENDING
49711,8,2,1357.40,2026-08-12 18:05:00,PENDING
49712,5,4,2292.20,2026-08-19 13:21:00,REFUNDED
49713,3,2,97.30,2026-08-10 18:16:00,SUCCESS
49714,7,9,452.50,2026-08-12 22:54:00,FAILED
49715,7,3,3918.20,2026-08-05 10:10:00,FAILED
49716,8,8,282.60,2026-08-16 21:53:00,REFUNDED
49717,5,1,939.10,2026-08-02 05:48:00,SUCCESS
49718,5,4,2687.30,2026-08-15 15:44:00,FAILED
49719,4,20,1807.60,2026-08-25 15:04:00,SUCCESS
49720,3,17,1767.70,2026-08-25 23:13:00,SUCCESS
49721,4,2,3748.40,2026-08-16 18:55:00,REFUNDED
49722,3,8,3887.90,2026-08-15 20:47:00,SUCCESS
49723,7,13,4984.90,2026-08-13 07:27:00,PENDING
49724,2,11,3725.30,2026-08-27 13:06:00,FAILED
49725,4,11,624.10,2026-08-13 04:44:00,PENDING
49726,7,15,654.10,2026-08-01 19:27:00,PENDING
49727,4,13,2834.70,2026-08-19 22:29:00,SUCCESS
49728,7,14,1492.00,2026-08-12 05:36:00,PENDING
49729,10,8,919.30,2026-08-05 01:52:00,FAILED
49730,3,8,3976.30,2026-08-09 06:53:00,FAILED
49731,3,6,3997.70,2026-08-19 03:34:00,REFUNDED
49732,8,17,308.60,2026-08-06 17:24:00,FAILED
49733,1,100.00
49734,6,15,4125.00,2026-08-02 13:04:00,SUCCESS
49735,4,19,2861.30,2026-08-01 20:11:00,FAILED
49736,6,4,2365.20,2026-08-02 01:07:00,FAILED
49737,10,19,2470.80,2026-08-25 11:12:00,FAILED
49738,6,3,2238.00,2026-08-26 01:01:00,SUCCESS
49739,8,10,364.40,2026-08-21 02:23:00,PENDING
49740,10,16,372.50,2026-08-22 00:10:00,PENDING
49741,4,10,3678.40,2026-08-20 22:03:00,REFUNDED
49742,8,9,4223.20,2026-08-10 08:28:00,SUCCESS
49743,8,7,469.70,2026-08-03 05:23:00,REFUNDED
49744,8,5,2785.90,2026-08-18 20:09:00,PENDING
49745,2,8,4796.60,2026-08-05 16:57:00,SUCCESS
49746,5,6,1747.90,2026-08-16 22:47:00,FAILED
49747,7,18,1212.70,2026-08-24 01:20:00,REFUNDED
49748,6,1,2988.20,2026-08-05 03:03:00,SUCCESS
49749,1,1,5000,INVALID_DATE_TIME,SUCCESS
49750,8,2,3799.90,2026-08-30 08:58:00,FAILED
49751,6,10,2649.90,2026-08-06 12:25:00,REFUNDED
49752,10,6,1916.90,2026-08-21 02:26:00,FAILED
49753,5,12,2432.30,2026-08-20 22:18:00,FAILED
49754,6,18,4904.90,2026-08-08 05:52:00,REFUNDED
49755,3,12,2570.10,2026-08-30 01:18:00,SUCCESS
49756,4,17,2840.70,2026-08-06 02:11:00,FAILED
49757,2,15,1252.90,2026-08-08 17:28:00,SUCCESS
49758,10,19,3432.30,2026-08-24 02:33:00,SUCCESS
49759,7,12,1703.70,2026-08-28 03:27:00,REFUNDED
49760,10,5,123.30,2026-08-05 12:20:00,REFUNDED
49761,8,17,436.50,2026-08-28 02:06:00,FAILED
49762,4,8,591.90,2026-08-22 17:46:00,FAILED
49763,1,9,1141.20,2026-08-16 23:32:00,FAILED
49764,5,6,2976.40,2026-08-16 06:27:00,REFUNDED
49765,9,1,2671.10,2026-08-10 10:52:00,SUCCESS
49766,2,13,1763.30,2026-08-14 18:36:00,FAILED
49767,6,6,2498.20,2026-08-10 07:43:00,FAILED
49768,8,13,3975.00,2026-08-02 00:25:00,SUCCESS
49769,7,3,261.90,2026-08-30 05:17:00,SUCCESS
49770,1,16,2815.40,2026-08-21 23:07:00,REFUNDED
49771,1,1,1199.30,2026-08-09 01:17:00,PENDING
49772,7,19,3035.10,2026-08-03 22:01:00,SUCCESS
49773,9,17,2246.00,2026-08-02 19:20:00,PENDING
49774,6,20,432.00,2026-08-26 07:54:00,FAILED
49775,1,15,139.00,2026-08-14 15:37:00,SUCCESS
49776,9,11,337.30,2026-08-09 03:08:00,REFUNDED
49777,9,11,3143.80,2026-08-08 14:14:00,SUCCESS
49778,10,1,2990.20,2026-08-02 07:46:00,FAILED
49779,5,19,1298.60,2026-08-03 23:49:00,PENDING
49780,6,1,4156.40,2026-08-14 08:10:00,SUCCESS
49781,1,19,1849.70,2026-08-12 00:11:00,REFUNDED
49782,3,8,3427.30,2026-08-07 13:36:00,REFUNDED
49783,10,3,3947.70,2026-08-15 16:22:00,PENDING
49784,8,10,3315.40,2026-08-11 21:38:00,PENDING
49785,7,15,4765.40,2026-08-20 21:53:00,SUCCESS
49786,2,15,4218.50,2026-08-21 22:40:00,REFUNDED
49787,8,19,1113.90,2026-08-15 04:39:00,REFUNDED
49788,3,7,4537.00,2026-08-27 00:25:00,FAILED
49789,4,12,733.90,2026-08-26 18:23:00,FAILED
49790,1,17,2102.20,2026-08-08 17:48:00,FAILED
49791,9,5,473.60,2026-08-20 11:49:00,REFUNDED
49792,1,4,4548.10,2026-08-16 13:06:00,PENDING
49793,5,10,1885.60,2026-08-30 23:33:00,SUCCESS
49794,3,19,4103.70,2026-08-25 03:13:00,REFUNDED
49795,4,15,3380.80,2026-08-06 14:38:00,SUCCESS
49796,9,16,2363.40,2026-08-02 22:47:00,REFUNDED
49797,9,11,2810.60,2026-08-27 08:39:00,REFUNDED
49798,7,1,2147.50,2026-08-07 00:32:00,PENDING
49799,1,2,5048.20,2026-08-04 17:16:00,PENDING
49800,6,5,1895.90,2026-08-02 00:47:00,PENDING
49801,9,17,4231.60,2026-08-24 14:12:00,REFUNDED
49802,2,5,3542.50,2026-08-18 18:13:00,REFUNDED
49803,2,7,4961.90,2026-08-30 06:54:00,FAILED
49804,3,12,3065.00,2026-08-28 00:41:00,REFUNDED
49805,3,1,3257.60,2026-08-22 17:17:00,PENDING
49806,3,7,209.80,2026-08-19 12:49:00,PENDING
49807,7,14,2620.80,2026-08-19 04:50:00,SUCCESS
49808,10,15,1554.10,2026-08-29 03:29:00,FAILED
49809,3,9,4156.70,2026-08-07 18:42:00,FAILED
49810,2,1,661.00,2026-08-01 18:12:00,SUCCESS
49811,7,10,375.80,2026-08-04 22:10:00,PENDING
49812,9,15,4656.90,2026-08-23 18:10:00,FAILED
49813,9,5,740.50,2026-08-09 19:16:00,PENDING
49814,1,11,1509.90,2026-08-29 13:52:00,PENDING
49815,9,9,2478.80,2026-08-28 21:22:00,PENDING
49816,5,4,2407.80,2026-08-12 10:08:00,PENDING
49817,2,5,779.30,2026-08-08 05:32:00,SUCCESS
49818,5,8,3242.60,2026-08-29 18:45:00,REFUNDED
49819,5,1,3988.20,2026-08-18 04:30:00,SUCCESS
49820,4,19,4351.80,2026-08-18 04:44:00,FAILED
49821,4,19,4233.20,2026-08-07 01:52:00,FAILED
49822,3,17,869.00,2026-08-25 08:43:00,FAILED
49823,9,6,5041.60,2026-08-28 17:54:00,PENDING
49824,2,15,4339.70,2026-08-09 15:09:00,FAILED
49825,9,10,85.10,2026-08-22 00:41:00,PENDING
49826,1,2,1317.70,2026-08-24 04:12:00,SUCCESS
49827,9,3,3722.20,2026-08-28 03:26:00,FAILED
49828,3,18,2610.20,2026-08-26 18:38:00,SUCCESS
49829,3,3,3271.00,2026-08-11 21:11:00,FAILED
49830,10,15,644.50,2026-08-03 15:04:00,REFUNDED
49831,1,2,4344.20,2026-08-18 05:23:00,FAILED
49832,5,15,240.10,2026-08-15 00:19:00,PENDING
49833,3,2,3784.80,2026-08-27 23:05:00,SUCCESS
49834,3,19,199.50,2026-08-09 19:22:00,SUCCESS
49835,8,1,2208.40,2026-08-18 20:53:00,PENDING
49836,6,5,3293.00,2026-08-28 02:35:00,FAILED
49837,9,17,1510.90,2026-08-22 02:41:00,FAILED
49838,2,15,517.50,2026-08-27 08:09:00,REFUNDED
49839,2,13,3300.70,2026-08-12 10:08:00,REFUNDED
49840,8,12,2379.00,2026-08-11 05:41:00,REFUNDED
49841,1,1,3423.60,2026-08-13 08:44:00,REFUNDED
49842,4,5,1169.40,2026-08-22 09:22:00,FAILED
49843,10,4,1338.30,2026-08-07 21:01:00,REFUNDED
49844,2,6,312.90,2026-08-24 22:41:00,FAILED
49845,4,15,4204.30,2026-08-13 19:23:00,PENDING
49846,3,17,4805.90,2026-08-26 16:58:00,REFUNDED
49847,3,18,1888.00,2026-08-30 01:10:00,FAILED
49848,1,11,3255.30,2026-08-29 07:41:00,PENDING
49849,3,19,2281.00,2026-08-27 07:54:00,PENDING
49850,3,14,1865.40,2026-08-21 03:13:00,FAILED
49851,1,4,4966.40,2026-08-31 00:14:00,SUCCESS
49852,9,5,3031.40,2026-08-11 04:08:00,FAILED
49853,10,6,2738.60,2026-08-12 23:40:00,PENDING
49854,7,15,4204.00,2026-08-21 04:55:00,FAILED
49855,9,2,77.00,2026-08-07 17:13:00,SUCCESS
49856,2,11,282.80,2026-08-16 07:50:00,REFUNDED
49857,4,1,606.60,2026-08-13 04:35:00,FAILED
49858,4,3,2513.60,2026-08-24 13:38:00,SUCCESS
49859,9,15,823.40,2026-08-23 00:54:00,REFUNDED
49860,8,7,477.20,2026-08-04 02:16:00,REFUNDED
49861,5,19,1740.30,2026-08-01 14:10:00,SUCCESS
49862,2,19,3223.90,2026-08-17 11:49:00,FAILED
49863,1,6,830.10,2026-08-03 02:15:00,PENDING
49864,3,7,3267.50,2026-08-11 11:38:00,SUCCESS
49865,3,8,3237.70,2026-08-18 22:48:00,PENDING
49866,2,9,2815.70,2026-08-11 07:25:00,REFUNDED
49867,10,4,70.60,2026-08-04 17:37:00,PENDING
49868,8,3,4429.30,2026-08-03 12:42:00,SUCCESS
49869,9,3,4337.10,2026-08-07 12:51:00,SUCCESS
49870,3,15,4082.00,2026-08-11 01:48:00,REFUNDED
49871,1,1,5000,INVALID_DATE_TIME,SUCCESS
49872,2,5,2138.90,2026-08-06 13:04:00,REFUNDED
49873,7,4,3691.20,2026-08-03 10:08:00,REFUNDED
49874,5,4,331.00,2026-08-14 12:38:00,FAILED
49875,8,16,3303.50,2026-08-08 21:19:00,SUCCESS
49876,1,1,3230.00,2026-08-06 04:48:00,FAILED
49877,4,2,2753.00,2026-08-23 03:42:00,REFUNDED
49878,2,19,808.20,2026-08-02 03:29:00,REFUNDED
49879,8,12,2631.60,2026-08-24 01:05:00,PENDING
49880,2,15,1932.40,2026-08-01 19:30:00,PENDING
49881,7,6,4154.90,2026-08-26 04:45:00,PENDING
49882,2,20,2582.70,2026-08-08 07:11:00,PENDING
49883,3,19,3750.70,2026-08-30 18:13:00,REFUNDED
49884,8,16,1200.20,2026-08-29 15:02:00,REFUNDED
49885,1,10,3706.70,2026-08-22 06:28:00,PENDING
49886,7,3,3036.10,2026-08-30 10:32:00,REFUNDED
49887,2,7,3449.40,2026-08-14 07:33:00,FAILED
49888,1,1,2060.40,2026-08-22 22:33:00,FAILED
49889,2,1,4996.30,2026-08-07 17:38:00,PENDING
49890,2,4,2580.20,2026-08-19 15:24:00,PENDING
49891,3,3,3336.90,2026-08-26 14:45:00,PENDING
49892,5,16,922.50,2026-08-11 12:13:00,SUCCESS
49893,5,1,3563.90,2026-08-25 03:43:00,SUCCESS
49894,6,5,3205.60,2026-08-20 04:02:00,PENDING
49895,8,1,2408.30,2026-08-13 00:54:00,SUCCESS
49896,7,12,683.90,2026-08-28 01:58:00,FAILED
49897,5,10,2283.30,2026-08-29 06:20:00,REFUNDED
49898,10,3,3172.40,2026-08-23 16:53:00,SUCCESS
49899,6,19,4938.50,2026-08-19 17:46:00,SUCCESS
49900,7,5,2038.70,2026-08-09 05:33:00,SUCCESS
49901,5,13,2395.70,2026-08-05 04:47:00,SUCCESS
49902,2,1,2083.70,2026-08-16 12:33:00,SUCCESS
49903,7,1,354.50,2026-08-26 02:10:00,FAILED
49904,2,12,3140.70,2026-08-26 10:36:00,REFUNDED
49905,5,11,4436.10,2026-08-05 09:25:00,SUCCESS
49906,4,20,1798.70,2026-08-10 22:04:00,REFUNDED
49907,9,4,1127.50,2026-08-02 12:49:00,PENDING
49908,6,2,3552.00,2026-08-07 09:09:00,PENDING
49909,5,12,1943.60,2026-08-18 00:38:00,SUCCESS
49910,1,14,1935.50,2026-08-08 19:05:00,REFUNDED
49911,4,13,1670.20,2026-08-10 01:15:00,PENDING
49912,9,14,3426.10,2026-08-17 11:05:00,FAILED
49913,8,10,2013.30,2026-08-15 08:03:00,SUCCESS
49914,2,18,190.40,2026-08-02 05:04:00,SUCCESS
49915,4,17,897.90,2026-08-03 14:16:00,SUCCESS
49916,9,14,2350.60,2026-08-25 20:29:00,PENDING
49917,1,19,4470.00,2026-08-26 07:02:00,SUCCESS
49918,9,14,4513.90,2026-08-14 06:57:00,PENDING
49919,3,13,778.10,2026-08-01 17:25:00,PENDING
49920,9,18,2263.20,2026-08-06 03:03:00,FAILED
49921,3,11,2967.20,2026-08-20 17:13:00,SUCCESS
49922,7,6,3009.40,2026-08-21 04:04:00,PENDING
49923,3,12,3658.40,2026-08-24 08:51:00,SUCCESS
49924,6,15,3940.10,2026-08-01 16:43:00,REFUNDED
49925,2,2,513.80,2026-08-05 19:37:00,FAILED
49926,5,15,1742.60,2026-08-23 20:14:00,REFUNDED
49927,7,18,2356.30,2026-08-13 02:08:00,PENDING
49928,4,11,2640.20,2026-08-05 16:23:00,PENDING
49929,9,18,3752.10,2026-08-29 23:47:00,FAILED
49930,2,15,2304.60,2026-08-06 20:58:00,SUCCESS
49931,2,1,1791.90,2026-08-01 10:50:00,REFUNDED
49932,9,18,3926.10,2026-08-01 08:51:00,PENDING
49933,5,10,1440.90,2026-08-15 03:52:00,FAILED
49934,1,1,557.50,2026-08-15 15:18:00,REFUNDED
49935,3,3,334.20,2026-08-27 09:56:00,REFUNDED
49936,5,18,746.10,2026-08-18 13:02:00,SUCCESS
49937,6,2,123.90,2026-08-27 01:20:00,PENDING
49938,8,8,3441.80,2026-08-23 10:12:00,SUCCESS
49939,2,10,1092.20,2026-08-30 03:26:00,PENDING
49940,9,6,1268.10,2026-08-02 18:55:00,SUCCESS
49941,10,8,3517.20,2026-08-11 00:14:00,PENDING
49942,3,6,4102.10,2026-08-27 03:33:00,FAILED
49943,2,13,3271.90,2026-08-14 17:11:00,FAILED
49944,9,7,1906.10,2026-08-17 05:32:00,SUCCESS
49945,2,4,2544.10,2026-08-25 11:08:00,SUCCESS
49946,1,19,3798.40,2026-08-26 15:27:00,REFUNDED
49947,5,1,4890.20,2026-08-21 22:38:00,FAILED
49948,1,20,126.60,2026-08-21 12:20:00,PENDING
49949,1,19,3727.00,2026-08-24 06:52:00,REFUNDED
49950,9,17,4357.60,2026-08-15 15:10:00,SUCCESS
49951,6,8,2052.40,2026-08-17 05:12:00,FAILED
49952,8,15,2792.60,2026-08-23 23:35:00,REFUNDED
49953,5,18,3305.30,2026-08-27 21:52:00,FAILED
49954,6,8,462.70,2026-08-04 18:15:00,FAILED
49955,7,16,1901.70,2026-08-02 10:44:00,FAILED
49956,1,12,2161.20,2026-08-25 08:51:00,FAILED
49957,8,16,1873.40,2026-08-11 02:11:00,FAILED
49958,6,11,228.90,2026-08-14 12:37:00,SUCCESS
49959,7,8,1644.90,2026-08-12 00:10:00,PENDING
49960,10,2,4898.70,2026-08-06 06:35:00,REFUNDED
49961,4,15,3177.70,2026-08-18 00:35:00,FAILED
49962,7,15,4217.40,2026-08-26 07:08:00,FAILED
49963,1,9,4779.50,2026-08-23 15:56:00,REFUNDED
49964,9,6,1153.60,2026-08-05 18:07:00,SUCCESS
49965,1,4,296.30,2026-08-30 09:03:00,PENDING
49966,10,11,2136.00,2026-08-28 09:17:00,SUCCESS
49967,1,3,2492.40,2026-08-22 03:04:00,SUCCESS
49968,4,8,845.00,2026-08-17 14:16:00,SUCCESS
49969,8,20,1954.40,2026-08-29 17:10:00,FAILED
49970,9,14,4651.00,2026-08-25 01:24:00,SUCCESS
49971,10,7,389.00,2026-08-29 19:04:00,SUCCESS
49972,2,16,1183.90,2026-08-30 04:54:00,PENDING
49973,7,19,2729.40,2026-08-03 14:14:00,REFUNDED
49974,6,10,349.30,2026-08-17 12:00:00,FAILED
49975,7,7,3703.00,2026-08-19 06:42:00,SUCCESS
49976,6,9,2753.70,2026-08-25 17:47:00,SUCCESS
49977,3,17,4925.30,2026-08-14 14:39:00,PENDING
49978,2,8,3307.10,2026-08-03 20:25:00,REFUNDED
49979,5,13,427.90,2026-08-20 14:34:00,PENDING
49980,8,14,483.10,2026-08-20 17:00:00,SUCCESS
49981,1,8,874.10,2026-08-18 08:59:00,REFUNDED
49982,10,17,3133.50,2026-08-09 13:07:00,FAILED
49983,3,10,4859.20,2026-08-31 05:05:00,FAILED
49984,1,16,1199.70,2026-08-06 22:11:00,REFUNDED
49985,2,3,2450.50,2026-08-15 11:11:00,SUCCESS
49986,5,11,3087.70,2026-08-06 03:27:00,SUCCESS
49987,4,15,2498.10,2026-08-29 13:03:00,FAILED
49988,10,3,2102.00,2026-08-22 16:48:00,FAILED
49989,8,10,1003.90,2026-08-24 21:43:00,SUCCESS
49990,6,2,2365.80,2026-08-22 06:57:00,FAILED
49991,4,20,2296.40,2026-08-03 03:13:00,FAILED
49992,4,15,3011.50,2026-08-14 13:16:00,PENDING
49993,5,14,660.90,2026-08-26 11:28:00,SUCCESS
49994,5,17,935.00,2026-08-14 14:59:00,FAILED
49995,4,12,1491.30,2026-08-03 01:55:00,FAILED
49996,1,9,1356.50,2026-08-06 12:31:00,PENDING
49997,7,14,1054.50,2026-08-27 21:36:00,SUCCESS
49998,6,10,3849.70,2026-08-06 01:17:00,PENDING
49999,10,14,3535.20,2026-08-27 11:10:00,SUCCESS
50000,6,13,1662.60,2026-08-22 01:13:00,PENDING
