id,merchant_id,outlet_id,bill_total,transaction_time,status
30001,4,10,1306.70,2026-08-17 21:51:00,REFUNDED
30002,7,2,656.30,2026-08-20 15:48:00,SUCCESS
30003,9,11,2664.20,2026-08-28 01:47:00,PENDING
30004,7,16,1003.30,2026-08-11 08:14:00,PENDING
30005,1,3,414.30,2026-08-28 03:14:00,FAILED
30006,10,5,657.30,2026-08-17 02:11:00,REFUNDED
30007,3,1,2262.60,2026-08-14 00:16:00,SUCCESS
30008,1,10,1085.40,2026-08-21 11:08:00,FAILED
30009,7,12,3826.30,2026-08-14 16:53:00,PENDING
30010,7,11,561.40,2026-08-22 11:24:00,PENDING
30011,2,7,2165.50,2026-08-16 04:14:00,PENDING
30012,4,6,3225.90,2026-08-24 11:44:00,REFUNDED
30013,2,13,3805.10,2026-08-01 17:50:00,REFUNDED
30014,9,3,1986.00,2026-08-06 22:09:00,PENDING
30015,6,16,4670.70,2026-08-03 04:46:00,SUCCESS
30016,4,6,2841.40,2026-08-25 23:42:00,PENDING
30017,7,3,602.70,2026-08-14 04:47:00,SUCCESS
30018,3,12,641.00,2026-08-03 15:40:00,PENDING
30019,6,11,99.60,2026-08-14 01:44:00,REFUNDED
30020,8,16,1791.50,2026-08-20 22:28:00,REFUNDED
30021,10,17,2856.90,2026-08-23 15:05:00,PENDING
30022,4,6,4395.40,2026-08-20 01:08:00,SUCCESS
30023,7,5,2245.90,2026-08-11 10:17:00,FAILED
30024,1,11,3979.90,2026-08-31 07:44:00,FAILED
30025,9,9,3555.70,2026-08-27 12:18:00,FAILED
30026,5,18,967.70,2026-08-26 21:32:00,SUCCESS
30027,9,16,113.10,2026-08-23 20:13:00,SUCCESS
30028,7,15,268.30,2026-08-21 12:48:00,PENDING
30029,9,19,4559.30,2026-08-01 14:41:00,SUCCESS
30030,1,2,1014.80,2026-08-21 17:15:00,PENDING
30031,10,9,3272.80,2026-08-31 04:02:00,SUCCESS
30032,2,19,1886.00,2026-08-11 02:57:00,PENDING
30033,8,5,1513.70,2026-08-26 22:20:00,SUCCESS
30034,4,4,667.30,2026-08-17 21:30:00,FAILED
30035,6,1,3379.90,2026-08-03 12:57:00,FAILED
30036,1,1,5000,2026-08-01 12:00:00,UNKNOWN_STATUS
30037,4,6,2346.00,2026-08-25 17:04:00,FAILED
30038,10,4,1698.10,2026-08-04 19:54:00,PENDING
30039,3,7,3125.70,2026-08-02 15:41:00,FAILED
30040,3,1,4619.80,2026-08-27 01:09:00,REFUNDED
30041,1,10,2157.90,2026-08-20 11:48:00,FAILED
30042,7,4,3162.20,2026-08-15 08:08:00,FAILED
30043,1,7,91.80,2026-08-10 16:46:00,REFUNDED
30044,4,8,4151.50,2026-08-26 09:34:00,PENDING
30045,9,4,4098.50,2026-08-24 04:09:00,FAILED
30046,6,8,2455.00,2026-08-29 10:05:00,PENDING
30047,4,2,4032.40,2026-08-07 17:16:00,SUCCESS
30048,2,9,3432.00,2026-08-20 05:58:00,PENDING
30049,10,17,3947.10,2026-08-29 14:59:00,FAILED
30050,3,9,1963.00,2026-08-05 08:43:00,SUCCESS
30051,4,8,3509.10,2026-08-10 23:52:00,REFUNDED
30052,1,15,2755.30,2026-08-23 22:44:00,PENDING
30053,7,15,3653.30,2026-08-15 23:49:00,PENDING
30054,2,17,2450.10,2026-08-12 02:30:00,FAILED
30055,1,20,4856.40,2026-08-11 04:01:00,FAILED
30056,8,18,2275.10,2026-08-10 01:13:00,SUCCESS
30057,4,13,1852.40,2026-08-25 15:03:00,REFUNDED
30058,8,13,2313.40,2026-08-03 19:23:00,FAILED
30059,5,18,3902.70,2026-08-07 20:38:00,REFUNDED
30060,4,15,789.90,2026-08-30 10:53:00,FAILED
30061,6,17,3292.00,2026-08-17 11:21:00,FAILED
30062,1,20,872.40,2026-08-07 13:49:00,PENDING
30063,7,8,2589.50,2026-08-25 23:24:00,REFUNDED
30064,10,2,1428.00,2026-08-05 23:48:00,FAILED
30065,5,5,3626.20,2026-08-26 07:23:00,REFUNDED
30066,4,2,1636.30,2026-08-05 08:21:00,PENDING
30067,6,1,2127.30,2026-08-23 13:23:00,REFUNDED
30068,5,14,1632.00,2026-08-17 17:59:00,REFUNDED
30069,2,20,1295.20,2026-08-25 16:34:00,SUCCESS
30070,7,4,521.60,2026-08-06 23:33:00,FAILED
30071,7,5,2480.90,2026-08-11 02:13:00,PENDING
30072,4,19,1358.40,2026-08-01 10:25:00,REFUNDED
30073,6,19,1114.60,2026-08-21 17:55:00,FAILED
30074,2,7,2066.30,2026-08-22 05:40:00,FAILED
30075,5,15,4933.60,2026-08-15 04:59:00,SUCCESS
30076,4,8,115.60,2026-08-15 11:52:00,SUCCESS
30077,2,13,1967.00,2026-08-14 00:59:00,FAILED
30078,1,6,2699.80,2026-08-22 07:37:00,PENDING
30079,3,10,2933.50,2026-08-04 06:28:00,FAILED
30080,10,2,3008.10,2026-08-10 04:52:00,PENDING
30081,4,17,4452.10,2026-08-29 22:16:00,SUCCESS
30082,10,14,4828.60,2026-08-28 21:09:00,REFUNDED
30083,6,15,3803.60,2026-08-19 10:02:00,PENDING
30084,5,2,2337.40,2026-08-11 13:13:00,SUCCESS
30085,5,5,4833.00,2026-08-21 23:07:00,PENDING
30086,10,9,4707.70,2026-08-28 03:44:00,SUCCESS
30087,3,6,1372.20,2026-08-18 08:40:00,FAILED
30088,4,6,1783.30,2026-08-07 15:32:00,PENDING
30089,4,13,1657.30,2026-08-09 20:49:00,PENDING
30090,1,13,3564.80,2026-08-25 12:26:00,REFUNDED
30091,3,14,3886.70,2026-08-30 12:26:00,PENDING
30092,7,4,1196.50,2026-08-16 03:46:00,PENDING
30093,3,20,4498.90,2026-08-07 17:22:00,PENDING
30094,4,5,3996.80,2026-08-23 12:11:00,REFUNDED
30095,1,13,83.00,2026-08-26 01:02:00,REFUNDED
30096,5,11,1557.60,2026-08-19 07:12:00,SUCCESS
30097,4,8,2459.20,2026-08-23 14:49:00,FAILED
30098,4,14,1950.00,2026-08-19 08:37:00,PENDING
30099,3,6,4448.90,2026-08-23 11:02:00,SUCCESS
30100,5,20,198.20,2026-08-31 06:23:00,PENDING
30101,1,100.00
30102,1,1,5000,INVALID_DATE_TIME,SUCCESS
30103,8,12,272.60,2026-08-09 10:06:00,PENDING
30104,7,11,1904.40,2026-08-27 07:19:00,FAILED
30105,5,11,4529.60,2026-08-10 15:10:00,FAILED
30106,5,16,3460.10,2026-08-14 09:46:00,PENDING
30107,1,18,394.90,2026-08-30 18:00:00,FAILED
30108,1,11,1515.60,2026-08-20 21:22:00,REFUNDED
30109,3,17,1126.60,2026-08-25 04:02:00,SUCCESS
30110,3,11,4155.60,2026-08-03 17:14:00,PENDING
30111,8,14,4502.90,2026-08-10 23:36:00,SUCCESS
30112,1,12,1649.50,2026-08-24 17:22:00,FAILED
30113,3,20,4411.10,2026-08-19 12:43:00,REFUNDED
30114,3,8,3382.90,2026-08-05 23:35:00,PENDING
30115,2,14,2955.70,2026-08-07 10:55:00,FAILED
30116,8,6,3737.90,2026-08-20 16:35:00,FAILED
30117,4,5,2570.70,2026-08-29 02:55:00,FAILED
30118,2,16,756.00,2026-08-22 23:08:00,SUCCESS
30119,3,8,3148.30,2026-08-26 01:21:00,FAILED
30120,1,4,4727.80,2026-08-27 15:49:00,PENDING
30121,10,9,3592.40,2026-08-21 14:45:00,REFUNDED
30122,8,13,1905.00,2026-08-21 23:28:00,SUCCESS
30123,1,6,2828.70,2026-08-29 15:47:00,REFUNDED
30124,8,3,4728.80,2026-08-05 12:47:00,FAILED
30125,4,4,2555.50,2026-08-02 04:43:00,PENDING
30126,9,3,673.20,2026-08-26 06:14:00,PENDING
30127,7,3,4903.50,2026-08-17 03:17:00,SUCCESS
30128,3,2,1659.60,2026-08-17 13:29:00,SUCCESS
30129,3,2,1243.90,2026-08-26 23:40:00,PENDING
30130,2,5,2805.70,2026-08-04 11:25:00,FAILED
30131,1,4,3050.80,2026-08-16 21:27:00,SUCCESS
30132,3,9,2457.70,2026-08-02 11:47:00,SUCCESS
30133,8,10,903.80,2026-08-05 16:36:00,PENDING
30134,1,1,5000,2026-08-01 12:00:00,UNKNOWN_STATUS
30135,10,8,1635.10,2026-08-18 12:37:00,SUCCESS
30136,3,2,3046.50,2026-08-20 06:14:00,PENDING
30137,7,19,4516.30,2026-08-06 05:00:00,SUCCESS
30138,2,14,1757.50,2026-08-29 02:38:00,SUCCESS
30139,8,2,906.60,2026-08-20 12:47:00,REFUNDED
30140,1,20,2549.30,2026-08-12 02:05:00,SUCCESS
30141,7,13,1689.10,2026-08-04 12:25:00,FAILED
30142,8,17,142.50,2026-08-19 04:48:00,PENDING
30143,1,16,1386.20,2026-08-28 08:42:00,REFUNDED
30144,5,19,4833.10,2026-08-07 03:23:00,SUCCESS
30145,10,10,3730.20,2026-08-09 01:58:00,PENDING
30146,10,16,4333.80,2026-08-13 11:10:00,REFUNDED
30147,4,19,139.80,2026-08-06 10:21:00,FAILED
30148,1,14,3903.30,2026-08-21 08:58:00,REFUNDED
30149,6,15,2387.10,2026-08-25 22:29:00,REFUNDED
30150,2,2,2622.40,2026-08-12 23:28:00,SUCCESS
30151,1,17,2117.10,2026-08-19 19:36:00,SUCCESS
30152,2,6,3495.10,2026-08-08 10:24:00,PENDING
30153,1,6,423.70,2026-08-03 08:51:00,REFUNDED
30154,1,14,4443.70,2026-08-26 01:19:00,REFUNDED
30155,10,5,2618.20,2026-08-27 07:39:00,FAILED
30156,1,12,3875.60,2026-08-25 09:22:00,REFUNDED
30157,9,11,3158.90,2026-08-13 21:22:00,REFUNDED
30158,6,4,2267.00,2026-08-29 09:32:00,REFUNDED
30159,4,3,1968.90,2026-08-05 23:03:00,PENDING
30160,5,6,1547.90,2026-08-27 19:06:00,FAILED
30161,8,10,3364.60,2026-08-10 13:31:00,FAILED
30162,3,14,4653.40,2026-08-07 14:06:00,FAILED
30163,1,8,3069.10,2026-08-06 03:59:00,PENDING
30164,5,19,4478.40,2026-08-15 03:20:00,FAILED
30165,5,3,4473.90,2026-08-16 14:47:00,FAILED
30166,5,17,1486.30,2026-08-30 07:26:00,FAILED
30167,10,11,4974.90,2026-08-24 09:25:00,PENDING
30168,3,4,3832.80,2026-08-13 04:24:00,SUCCESS
30169,9,15,3208.70,2026-08-09 22:43:00,SUCCESS
30170,4,14,1411.50,2026-08-29 08:41:00,FAILED
30171,10,8,1407.60,2026-08-17 11:55:00,FAILED
30172,2,12,1352.20,2026-08-23 03:56:00,SUCCESS
30173,10,14,4623.70,2026-08-08 00:52:00,FAILED
30174,2,20,4731.70,2026-08-11 08:06:00,FAILED
30175,1,6,1007.10,2026-08-14 19:43:00,PENDING
30176,7,18,2449.50,2026-08-08 22:36:00,PENDING
30177,2,3,2048.90,2026-08-31 04:11:00,SUCCESS
30178,6,19,1683.40,2026-08-01 15:46:00,FAILED
30179,2,11,3979.70,2026-08-22 16:27:00,SUCCESS
30180,6,19,976.80,2026-08-04 04:11:00,REFUNDED
30181,7,7,522.20,2026-08-11 20:52:00,REFUNDED
30182,8,15,3690.90,2026-08-07 04:41:00,REFUNDED
30183,3,1,3843.50,2026-08-23 23:23:00,PENDING
30184,3,14,2499.10,2026-08-30 23:28:00,PENDING
30185,1,18,1487.00,2026-08-09 23:18:00,PENDING
30186,1,1,NOT_A_NUMBER,2026-08-01 12:00:00,SUCCESS
30187,6,4,1276.60,2026-08-03 11:25:00,FAILED
30188,2,3,3556.20,2026-08-23 05:49:00,REFUNDED
30189,8,1,2109.40,2026-08-11 13:36:00,SUCCESS
30190,4,4,3961.50,2026-08-18 01:00:00,PENDING
30191,3,12,2465.00,2026-08-20 01:33:00,REFUNDED
30192,6,4,692.80,2026-08-10 13:19:00,FAILED
30193,6,18,2196.00,2026-08-24 08:48:00,SUCCESS
30194,9,10,3204.00,2026-08-15 22:33:00,REFUNDED
30195,7,14,2792.10,2026-08-17 06:33:00,FAILED
30196,5,18,4233.90,2026-08-14 22:10:00,SUCCESS
30197,10,13,2003.80,2026-08-05 16:04:00,PENDING
30198,5,12,165.70,2026-08-19 08:47:00,REFUNDED
30199,3,14,2142.70,2026-08-11 12:29:00,PENDING
30200,4,20,3365.80,2026-08-14 10:53:00,FAILED
30201,3,2,2663.40,2026-08-22 20:52:00,REFUNDED
30202,1,2,4006.80,2026-08-13 03:29:00,PENDING
30203,9,1,909.20,2026-08-27 18:14:00,PENDING
30204,10,18,3937.80,2026-08-18 18:56:00,FAILED
30205,10,2,4493.60,2026-08-02 12:26:00,REFUNDED
30206,9,5,1408.40,2026-08-30 13:48:00,PENDING
30207,7,15,443.50,2026-08-04 17:32:00,PENDING
30208,6,14,468.00,2026-08-31 05:40:00,PENDING
30209,1,5,2690.00,2026-08-23 16:52:00,SUCCESS
30210,2,1,1544.00,2026-08-17 07:16:00,FAILED
30211,10,5,1946.40,2026-08-21 08:03:00,REFUNDED
30212,7,2,4893.00,2026-08-05 22:47:00,SUCCESS
30213,4,19,1558.40,2026-08-05 08:48:00,FAILED
30214,3,19,4421.80,2026-08-14 05:40:00,REFUNDED
30215,1,16,2664.70,2026-08-11 01:51:00,REFUNDED
30216,8,14,3352.10,2026-08-05 15:27:00,PENDING
30217,2,5,4259.10,2026-08-16 19:50:00,SUCCESS
30218,3,10,4151.60,2026-08-17 18:29:00,PENDING
30219,7,19,874.90,2026-08-06 22:52:00,SUCCESS
30220,10,16,3390.50,2026-08-02 01:58:00,PENDING
30221,3,12,2857.70,2026-08-04 12:03:00,REFUNDED
30222,9,9,5037.60,2026-08-18 08:05:00,REFUNDED
30223,7,4,504.20,2026-08-05 20:50:00,REFUNDED
30224,4,8,3158.50,2026-08-22 07:14:00,FAILED
30225,6,1,3848.50,2026-08-19 20:28:00,SUCCESS
30226,3,19,461.70,2026-08-25 05:45:00,FAILED
30227,5,2,3248.60,2026-08-28 15:28:00,SUCCESS
30228,9,9,672.30,2026-08-24 13:20:00,SUCCESS
30229,3,2,3768.20,2026-08-22 12:11:00,PENDING
30230,3,12,4887.30,2026-08-18 08:33:00,PENDING
30231,2,11,2331.70,2026-08-02 13:04:00,SUCCESS
30232,8,11,437.20,2026-08-15 23:18:00,REFUNDED
30233,4,6,595.20,2026-08-10 04:01:00,PENDING
30234,8,4,2883.60,2026-08-11 00:19:00,PENDING
30235,4,10,1074.00,2026-08-11 00:40:00,PENDING
30236,7,15,2268.30,2026-08-28 15:19:00,FAILED
30237,4,19,3290.50,2026-08-08 11:41:00,SUCCESS
30238,2,17,1234.30,2026-08-05 17:26:00,FAILED
30239,8,8,1627.80,2026-08-01 10:28:00,REFUNDED
30240,1,1,5000,INVALID_DATE_TIME,SUCCESS
30241,10,7,1786.80,2026-08-09 23:20:00,REFUNDED
30242,10,2,4489.40,2026-08-11 16:12:00,PENDING
30243,6,9,404.40,2026-08-21 05:17:00,PENDING
30244,2,15,2273.30,2026-08-20 05:17:00,REFUNDED
30245,9,19,2217.40,2026-08-17 09:37:00,PENDING
30246,5,14,4215.10,2026-08-13 06:44:00,SUCCESS
30247,5,11,2874.00,2026-08-05 19:55:00,FAILED
30248,2,15,942.10,2026-08-23 20:58:00,PENDING
30249,9,4,1022.10,2026-08-29 07:08:00,SUCCESS
30250,10,6,3011.30,2026-08-02 07:39:00,PENDING
30251,8,7,3148.60,2026-08-03 08:53:00,PENDING
30252,10,3,4275.50,2026-08-25 14:16:00,PENDING
30253,7,5,249.40,2026-08-22 20:06:00,PENDING
30254,6,4,2583.30,2026-08-13 05:24:00,FAILED
30255,3,19,4366.40,2026-08-23 02:10:00,PENDING
30256,5,18,4097.10,2026-08-15 06:23:00,PENDING
30257,1,17,4417.80,2026-08-23 00:45:00,SUCCESS
30258,1,6,4664.80,2026-08-10 01:42:00,REFUNDED
30259,7,8,1910.10,2026-08-03 05:03:00,FAILED
30260,8,3,1767.80,2026-08-18 18:14:00,REFUNDED
30261,5,19,4546.90,2026-08-03 06:50:00,FAILED
30262,9,9,1547.70,2026-08-02 06:08:00,PENDING
30263,10,5,5044.10,2026-08-02 04:30:00,REFUNDED
30264,4,3,4231.40,2026-08-11 19:31:00,REFUNDED
30265,4,4,1311.20,2026-08-08 12:31:00,REFUNDED
30266,2,2,1696.50,2026-08-21 23:31:00,SUCCESS
30267,10,6,1209.00,2026-08-29 03:22:00,FAILED
30268,9,1,3646.00,2026-08-30 12:40:00,PENDING
30269,2,13,1348.00,2026-08-11 23:23:00,PENDING
30270,3,10,574.00,2026-08-18 05:59:00,PENDING
30271,4,10,1110.00,2026-08-21 06:06:00,FAILED
30272,2,14,2378.20,2026-08-12 02:31:00,FAILED
30273,2,8,296.70,2026-08-05 17:57:00,SUCCESS
30274,3,14,1828.60,2026-08-03 20:34:00,SUCCESS
30275,8,13,4199.50,2026-08-25 23:13:00,PENDING
30276,8,17,4597.50,2026-08-06 04:07:00,SUCCESS
30277,5,9,4888.50,2026-08-09 03:19:00,FAILED
30278,5,16,859.50,2026-08-20 04:51:00,SUCCESS
30279,3,17,2740.10,2026-08-05 03:14:00,REFUNDED
30280,5,19,4556.20,2026-08-29 04:03:00,FAILED
30281,2,11,3566.50,2026-08-30 22:31:00,REFUNDED
30282,2,18,1751.10,2026-08-04 20:11:00,PENDING
30283,6,14,582.70,2026-08-24 05:44:00,SUCCESS
30284,6,6,1671.10,2026-08-12 01:23:00,PENDING
30285,9,7,325.70,2026-08-20 20:10:00,SUCCESS
30286,8,9,3379.10,2026-08-04 05:04:00,SUCCESS
30287,2,18,3351.50,2026-08-08 09:29:00,FAILED
30288,1,15,1406.70,2026-08-05 20:27:00,FAILED
30289,3,5,4374.20,2026-08-15 01:19:00,REFUNDED
30290,2,18,4277.70,2026-08-24 08:16:00,FAILED
30291,1,13,4148.40,2026-08-20 07:39:00,REFUNDED
30292,9,20,2472.60,2026-08-11 13:28:00,PENDING
30293,1,1,5000,INVALID_DATE_TIME,SUCCESS
30294,1,20,3983.30,2026-08-15 06:46:00,PENDING
30295,5,17,4721.30,2026-08-16 17:19:00,PENDING
30296,10,4,136.30,2026-08-02 21:33:00,PENDING
30297,2,20,999.80,2026-08-11 12:25:00,REFUNDED
30298,6,8,3193.40,2026-08-03 14:49:00,PENDING
30299,7,5,449.70,2026-08-22 21:25:00,FAILED
30300,2,13,246.70,2026-08-07 00:09:00,SUCCESS
30301,3,8,1473.90,2026-08-24 03:29:00,REFUNDED
30302,7,9,2176.90,2026-08-27 00:05:00,REFUNDED
30303,9,13,146.70,2026-08-23 17:53:00,FAILED
30304,1,12,4736.60,2026-08-20 13:00:00,REFUNDED
30305,7,3,3958.20,2026-08-19 04:01:00,REFUNDED
30306,7,20,2464.00,2026-08-06 00:09:00,REFUNDED
30307,5,7,1258.70,2026-08-15 08:08:00,SUCCESS
30308,1,16,3055.60,2026-08-22 13:36:00,PENDING
30309,4,1,4037.10,2026-08-13 11:10:00,SUCCESS
30310,10,10,1472.10,2026-08-12 18:29:00,SUCCESS
30311,2,8,2233.00,2026-08-11 08:45:00,SUCCESS
30312,5,11,1544.30,2026-08-18 04:38:00,SUCCESS
30313,6,2,3941.60,2026-08-27 16:51:00,FAILED
30314,9,5,2562.10,2026-08-17 15:07:00,FAILED
30315,6,12,2170.70,2026-08-24 07:16:00,FAILED
30316,10,14,2648.30,2026-08-20 04:15:00,FAILED
30317,3,2,2370.10,2026-08-24 01:23:00,PENDING
30318,4,15,1060.50,2026-08-07 20:30:00,SUCCESS
30319,2,3,816.00,2026-08-18 16:21:00,FAILED
30320,8,3,182.50,2026-08-14 18:30:00,SUCCESS
30321,8,14,2451.20,2026-08-17 10:12:00,REFUNDED
30322,9,18,2413.80,2026-08-19 22:07:00,REFUNDED
30323,9,11,2281.50,2026-08-07 09:59:00,REFUNDED
30324,1,20,165.60,2026-08-27 00:05:00,REFUNDED
30325,3,4,134.10,2026-08-24 01:59:00,PENDING
30326,6,14,3040.30,2026-08-12 02:58:00,FAILED
30327,3,3,3869.80,2026-08-24 08:10:00,REFUNDED
30328,2,14,1701.70,2026-08-15 06:24:00,PENDING
30329,1,2,4441.20,2026-08-11 21:24:00,PENDING
30330,6,4,3233.10,2026-08-16 20:42:00,SUCCESS
30331,3,13,2563.70,2026-08-16 02:10:00,REFUNDED
30332,3,15,939.30,2026-08-26 16:05:00,SUCCESS
30333,1,100.00
30334,6,17,1373.20,2026-08-07 01:48:00,PENDING
30335,6,18,3613.70,2026-08-17 15:47:00,FAILED
30336,1,18,4076.40,2026-08-15 18:44:00,FAILED
30337,9,8,4258.00,2026-08-07 11:34:00,SUCCESS
30338,7,8,4112.00,2026-08-08 09:47:00,PENDING
30339,4,4,117.40,2026-08-23 08:48:00,REFUNDED
30340,8,14,802.90,2026-08-04 17:31:00,REFUNDED
30341,10,19,1491.30,2026-08-11 23:08:00,PENDING
30342,2,9,2963.00,2026-08-22 13:53:00,PENDING
30343,7,13,1281.80,2026-08-22 06:40:00,SUCCESS
30344,7,13,3177.10,2026-08-16 22:33:00,FAILED
30345,4,10,1677.50,2026-08-27 07:22:00,FAILED
30346,10,11,2566.90,2026-08-22 10:28:00,SUCCESS
30347,4,9,4768.70,2026-08-28 00:07:00,SUCCESS
30348,7,6,2196.40,2026-08-18 04:43:00,FAILED
30349,6,3,679.90,2026-08-19 19:14:00,REFUNDED
30350,10,6,647.80,2026-08-26 02:58:00,FAILED
30351,10,4,1138.70,2026-08-06 08:52:00,PENDING
30352,2,12,1980.00,2026-08-01 19:59:00,FAILED
30353,5,5,247.50,2026-08-20 10:34:00,REFUNDED
30354,7,5,829.90,2026-08-26 05:57:00,REFUNDED
30355,9,16,278.60,2026-08-15 23:59:00,REFUNDED
30356,6,9,284.60,2026-08-27 01:49:00,SUCCESS
30357,1,1,5000,2026-08-01 12:00:00,UNKNOWN_STATUS
30358,3,15,594.40,2026-08-06 08:33:00,PENDING
30359,8,19,1475.50,2026-08-21 21:56:00,PENDING
30360,7,19,2727.90,2026-08-24 12:09:00,SUCCESS
30361,3,15,991.20,2026-08-31 00:14:00,FAILED
30362,8,16,4906.30,2026-08-10 14:35:00,SUCCESS
30363,4,14,1813.80,2026-08-26 13:28:00,FAILED
30364,1,6,2194.10,2026-08-19 11:23:00,PENDING
30365,9,14,945.90,2026-08-28 11:54:00,SUCCESS
30366,8,12,3482.50,2026-08-13 12:48:00,FAILED
30367,10,1,734.50,2026-08-19 07:42:00,SUCCESS
30368,3,18,4572.70,2026-08-19 02:36:00,FAILED
30369,9,1,846.00,2026-08-02 22:20:00,FAILED
30370,2,15,4037.70,2026-08-15 21:13:00,FAILED
30371,5,18,2692.50,2026-08-22 13:24:00,PENDING
30372,1,5,3166.40,2026-08-30 15:50:00,PENDING
30373,5,7,2637.90,2026-08-04 03:03:00,REFUNDED
30374,4,5,4443.90,2026-08-27 06:24:00,FAILED
30375,6,10,2053.70,2026-08-22 18:24:00,PENDING
30376,6,7,4523.20,2026-08-25 12:05:00,SUCCESS
30377,1,14,3664.70,2026-08-06 10:50:00,REFUNDED
30378,1,18,2151.50,2026-08-02 05:19:00,REFUNDED
30379,1,3,2502.20,2026-08-11 03:24:00,FAILED
30380,3,13,3879.60,2026-08-12 03:29:00,SUCCESS
30381,8,12,2405.20,2026-08-17 12:04:00,FAILED
30382,10,5,629.40,2026-08-22 15:58:00,FAILED
30383,6,3,1630.60,2026-08-17 08:54:00,FAILED
30384,3,9,4708.90,2026-08-20 15:05:00,REFUNDED
30385,5,7,1037.30,2026-08-18 01:26:00,REFUNDED
30386,9,3,3589.80,2026-08-20 18:49:00,REFUNDED
30387,4,16,198.30,2026-08-27 20:17:00,SUCCESS
30388,8,12,1512.60,2026-08-07 08:48:00,REFUNDED
30389,5,14,1453.20,2026-08-10 18:50:00,SUCCESS
30390,7,18,2180.10,2026-08-05 23:27:00,REFUNDED
30391,8,5,92.40,2026-08-29 05:55:00,PENDING
30392,7,2,1206.70,2026-08-07 10:04:00,SUCCESS
30393,8,17,4320.60,2026-08-20 08:57:00,REFUNDED
30394,6,17,4923.70,2026-08-16 01:20:00,FAILED
30395,3,14,50.10,2026-08-26 10:05:00,FAILED
30396,5,9,2972.90,2026-08-23 12:58:00,FAILED
30397,4,4,2316.00,2026-08-14 04:03:00,PENDING
30398,7,10,4352.80,2026-08-22 12:01:00,FAILED
30399,1,5,526.70,2026-08-10 02:37:00,PENDING
30400,9,16,401.10,2026-08-04 21:16:00,PENDING
30401,10,16,4526.80,2026-08-17 22:14:00,SUCCESS
30402,7,17,386.00,2026-08-18 18:27:00,PENDING
30403,10,9,445.50,2026-08-11 06:25:00,FAILED
30404,3,18,4800.90,2026-08-28 11:05:00,FAILED
30405,4,17,1324.00,2026-08-13 09:04:00,REFUNDED
30406,3,19,278.40,2026-08-23 19:53:00,FAILED
30407,6,15,2724.50,2026-08-14 07:55:00,FAILED
30408,9,5,3538.30,2026-08-09 19:59:00,SUCCESS
30409,10,7,3411.10,2026-08-05 16:55:00,SUCCESS
30410,3,2,4648.40,2026-08-23 05:49:00,PENDING
30411,2,6,2188.90,2026-08-24 03:01:00,SUCCESS
30412,10,19,3306.60,2026-08-12 02:21:00,PENDING
30413,1,1,5000,2026-08-01 12:00:00,UNKNOWN_STATUS
30414,7,16,3396.40,2026-08-10 08:49:00,PENDING
30415,10,3,1753.10,2026-08-06 16:24:00,REFUNDED
30416,9,18,2178.80,2026-08-27 03:53:00,SUCCESS
30417,4,13,4006.10,2026-08-25 23:39:00,REFUNDED
30418,2,18,2797.60,2026-08-20 10:43:00,FAILED
30419,7,17,691.10,2026-08-16 04:55:00,REFUNDED
30420,1,6,2654.50,2026-08-19 14:13:00,REFUNDED
30421,10,2,3537.50,2026-08-05 20:15:00,FAILED
30422,5,17,1790.10,2026-08-06 07:04:00,FAILED
30423,6,9,755.60,2026-08-20 09:52:00,SUCCESS
30424,9,19,3138.30,2026-08-22 14:27:00,REFUNDED
30425,1,12,2238.00,2026-08-06 16:33:00,REFUNDED
30426,9,13,1102.20,2026-08-27 20:03:00,PENDING
30427,7,8,1723.10,2026-08-21 12:20:00,PENDING
30428,6,12,946.80,2026-08-10 15:08:00,FAILED
30429,7,14,678.70,2026-08-30 13:01:00,PENDING
30430,6,15,782.20,2026-08-03 13:08:00,SUCCESS
30431,4,17,253.20,2026-08-08 13:11:00,FAILED
30432,10,1,2735.60,2026-08-03 01:03:00,FAILED
30433,2,10,2803.10,2026-08-16 16:34:00,REFUNDED
30434,4,13,1276.30,2026-08-21 23:16:00,REFUNDED
30435,7,8,2472.00,2026-08-15 19:57:00,REFUNDED
30436,2,12,348.00,2026-08-02 16:37:00,SUCCESS
30437,5,2,747.90,2026-08-15 13:19:00,SUCCESS
30438,7,18,4074.50,2026-08-06 15:59:00,FAILED
30439,9,9,4558.50,2026-08-27 22:26:00,PENDING
30440,6,12,1598.00,2026-08-22 08:26:00,SUCCESS
30441,8,3,3544.70,2026-08-19 17:47:00,PENDING
30442,10,20,345.30,2026-08-21 10:29:00,REFUNDED
30443,2,16,2378.10,2026-08-30 05:12:00,PENDING
30444,2,15,4961.70,2026-08-25 18:19:00,PENDING
30445,4,5,2346.20,2026-08-11 04:15:00,PENDING
30446,7,13,4206.20,2026-08-23 00:28:00,SUCCESS
30447,10,13,3566.60,2026-08-02 12:22:00,SUCCESS
30448,9,3,3925.10,2026-08-18 11:09:00,FAILED
30449,4,5,674.10,2026-08-18 15:48:00,FAILED
30450,6,4,3558.00,2026-08-13 03:07:00,FAILED
30451,10,4,4526.30,2026-08-10 08:25:00,FAILED
30452,6,18,4459.80,2026-08-20 19:26:00,REFUNDED
30453,3,3,2391.10,2026-08-19 11:35:00,REFUNDED
30454,1,7,4483.30,2026-08-12 13:47:00,FAILED
30455,8,9,3083.50,2026-08-07 08:26:00,REFUNDED
30456,6,20,3878.40,2026-08-08 22:12:00,PENDING
30457,7,3,4506.60,2026-08-15 11:59:00,SUCCESS
30458,9,19,2410.10,2026-08-09 05:52:00,PENDING
30459,9,9,3112.70,2026-08-09 12:38:00,REFUNDED
30460,5,19,2245.10,2026-08-14 07:23:00,SUCCESS
30461,3,15,112.20,2026-08-18 23:02:00,SUCCESS
30462,5,17,907.40,2026-08-14 22:13:00,REFUNDED
30463,7,16,4821.80,2026-08-23 06:20:00,SUCCESS
30464,2,2,3650.30,2026-08-08 08:57:00,SUCCESS
30465,9,10,3755.80,2026-08-08 13:23:00,PENDING
30466,9,1,286.30,2026-08-18 10:36:00,REFUNDED
30467,1,6,2460.80,2026-08-21 22:47:00,SUCCESS
30468,7,5,1903.20,2026-08-25 03:49:00,REFUNDED
30469,6,7,2293.00,2026-08-25 00:42:00,PENDING
30470,7,11,765.90,2026-08-26 00:41:00,PENDING
30471,4,12,1117.70,2026-08-15 14:02:00,REFUNDED
30472,1,7,342.80,2026-08-07 12:11:00,PENDING
30473,8,8,349.80,2026-08-16 10:45:00,PENDING
30474,6,15,3105.70,2026-08-18 09:09:00,SUCCESS
30475,10,6,3859.60,2026-08-11 23:15:00,FAILED
30476,3,1,1971.10,2026-08-06 23:32:00,PENDING
30477,3,20,1082.90,2026-08-24 20:57:00,FAILED
30478,1,20,4067.10,2026-08-23 20:48:00,SUCCESS
30479,1,19,380.60,2026-08-13 23:35:00,PENDING
30480,5,19,1819.90,2026-08-31 03:56:00,REFUNDED
30481,1,11,2872.90,2026-08-04 05:45:00,PENDING
30482,1,5,3909.60,2026-08-23 00:14:00,PENDING
30483,4,17,1968.30,2026-08-04 23:26:00,SUCCESS
30484,4,10,3388.70,2026-08-07 12:18:00,PENDING
30485,1,12,1157.10,2026-08-29 11:36:00,FAILED
30486,7,19,3968.00,2026-08-11 14:41:00,REFUNDED
30487,6,8,4573.40,2026-08-26 20:01:00,SUCCESS
30488,4,15,1612.20,2026-08-18 17:27:00,REFUNDED
30489,9,17,740.30,2026-08-30 00:03:00,PENDING
30490,4,9,1311.40,2026-08-29 03:59:00,FAILED
30491,10,14,420.60,2026-08-04 03:03:00,PENDING
30492,8,2,1332.80,2026-08-12 01:54:00,FAILED
30493,10,9,1830.70,2026-08-16 20:40:00,REFUNDED
30494,3,18,2081.90,2026-08-16 22:25:00,SUCCESS
30495,8,2,1049.90,2026-08-21 19:31:00,FAILED
30496,5,1,2946.30,2026-08-23 23:03:00,PENDING
30497,1,1,4478.10,2026-08-20 10:40:00,FAILED
30498,5,1,2501.80,2026-08-13 20:12:00,REFUNDED
30499,1,13,1885.30,2026-08-14 02:51:00,SUCCESS
30500,10,12,1388.60,2026-08-27 12:11:00,FAILED
30501,3,11,3061.70,2026-08-03 00:21:00,FAILED
30502,8,18,1200.80,2026-08-12 07:31:00,SUCCESS
30503,8,6,108.50,2026-08-03 16:45:00,FAILED
30504,1,3,1219.60,2026-08-13 22:01:00,SUCCESS
30505,1,1,5000,INVALID_DATE_TIME,SUCCESS
30506,4,19,797.30,2026-08-04 15:46:00,PENDING
30507,6,2,3681.20,2026-08-27 10:16:00,FAILED
30508,1,17,1500.80,2026-08-21 10:49:00,SUCCESS
30509,1,17,1087.90,2026-08-04 23:46:00,REFUNDED
30510,2,2,4711.90,2026-08-15 07:43:00,PENDING
30511,7,14,4417.90,2026-08-20 05:40:00,FAILED
30512,3,11,3904.10,2026-08-26 18:07:00,FAILED
30513,7,15,4818.50,2026-08-23 22:32:00,PENDING
30514,1,1,5000,INVALID_DATE_TIME,SUCCESS
30515,3,12,3006.80,2026-08-15 22:14:00,REFUNDED
30516,6,14,4195.10,2026-08-15 06:48:00,PENDING
30517,1,14,3597.90,2026-08-20 05:02:00,PENDING
30518,8,18,2565.60,2026-08-13 19:40:00,REFUNDED
30519,3,6,4059.60,2026-08-23 02:51:00,REFUNDED
30520,10,2,2324.90,2026-08-25 12:11:00,PENDING
30521,10,17,409.70,2026-08-18 06:49:00,REFUNDED
30522,4,8,3619.30,2026-08-04 23:19:00,PENDING
30523,4,11,4402.50,2026-08-17 20:05:00,REFUNDED
30524,7,17,2814.30,2026-08-05 10:17:00,SUCCESS
30525,7,11,1871.10,2026-08-15 08:32:00,PENDING
30526,4,20,2599.50,2026-08-03 21:59:00,PENDING
30527,8,15,4906.70,2026-08-20 16:10:00,SUCCESS
30528,6,1,3581.50,2026-08-27 09:09:00,SUCCESS
30529,9,19,4933.80,2026-08-07 04:13:00,FAILED
30530,7,6,3098.10,2026-08-29 21:44:00,REFUNDED
30531,10,18,4532.60,2026-08-03 16:02:00,REFUNDED
30532,3,17,4910.90,2026-08-18 22:34:00,REFUNDED
30533,9,9,3441.60,2026-08-12 07:21:00,SUCCESS
30534,9,17,3713.40,2026-08-13 08:24:00,PENDING
30535,9,9,1411.30,2026-08-24 07:18:00,REFUNDED
30536,4,8,4451.90,2026-08-08 02:57:00,PENDING
30537,6,18,255.10,2026-08-14 23:06:00,FAILED
30538,2,15,422.90,2026-08-29 05:52:00,SUCCESS
30539,10,17,4975.40,2026-08-17 16:52:00,SUCCESS
30540,1,20,1795.90,2026-08-20 01:47:00,SUCCESS
30541,8,2,4848.20,2026-08-26 00:00:00,REFUNDED
30542,8,5,4436.70,2026-08-13 07:20:00,REFUNDED
30543,7,4,1972.70,2026-08-07 10:55:00,FAILED
30544,10,3,3116.80,2026-08-05 08:47:00,FAILED
30545,10,3,972.40,2026-08-11 00:27:00,FAILED
30546,6,8,3123.80,2026-08-30 20:19:00,PENDING
30547,3,8,1131.70,2026-08-19 09:13:00,FAILED
30548,7,19,2466.60,2026-08-27 12:44:00,FAILED
30549,6,9,325.20,2026-08-02 21:32:00,PENDING
30550,10,10,4351.70,2026-08-18 09:41:00,SUCCESS
30551,4,7,3777.70,2026-08-09 02:57:00,REFUNDED
30552,1,11,282.00,2026-08-11 11:40:00,FAILED
30553,9,17,4579.50,2026-08-10 19:53:00,SUCCESS
30554,5,18,3837.10,2026-08-19 08:34:00,REFUNDED
30555,5,2,1850.40,2026-08-20 09:41:00,PENDING
30556,8,14,2103.10,2026-08-12 21:01:00,PENDING
30557,1,20,2048.60,2026-08-06 23:29:00,PENDING
30558,3,5,63.00,2026-08-20 10:09:00,REFUNDED
30559,10,3,4518.60,2026-08-27 19:31:00,REFUNDED
30560,9,20,779.10,2026-08-30 22:33:00,PENDING
30561,9,1,4046.30,2026-08-27 01:05:00,PENDING
30562,9,18,1607.10,2026-08-23 02:16:00,REFUNDED
30563,6,14,4961.60,2026-08-12 20:30:00,REFUNDED
30564,3,1,3010.40,2026-08-24 14:37:00,FAILED
30565,7,15,3582.70,2026-08-07 05:25:00,PENDING
30566,4,14,4769.90,2026-08-21 03:00:00,PENDING
30567,10,9,1655.50,2026-08-17 18:22:00,PENDING
30568,5,19,1741.50,2026-08-17 19:51:00,REFUNDED
30569,5,15,984.20,2026-08-22 22:07:00,PENDING
30570,8,1,4598.50,2026-08-19 02:32:00,FAILED
30571,3,1,775.90,2026-08-02 03:09:00,PENDING
30572,2,8,617.50,2026-08-29 16:34:00,SUCCESS
30573,4,6,1347.50,2026-08-18 02:29:00,SUCCESS
30574,2,12,1395.10,2026-08-26 03:18:00,PENDING
30575,5,5,3607.30,2026-08-27 00:14:00,PENDING
30576,2,10,3989.50,2026-08-23 23:46:00,REFUNDED
30577,3,1,3712.30,2026-08-28 13:52:00,FAILED
30578,10,6,1482.80,2026-08-27 17:43:00,PENDING
30579,6,15,4381.50,2026-08-22 19:30:00,SUCCESS
30580,3,9,4239.60,2026-08-23 00:00:00,SUCCESS
30581,7,13,4186.40,2026-08-15 18:56:00,PENDING
30582,6,20,1204.50,2026-08-12 01:31:00,REFUNDED
30583,6,19,1395.30,2026-08-23 09:43:00,SUCCESS
30584,1,6,4364.50,2026-08-02 18:21:00,PENDING
30585,8,6,4364.90,2026-08-09 17:44:00,REFUNDED
30586,7,17,304.40,2026-08-30 19:41:00,REFUNDED
30587,9,14,2691.60,2026-08-24 11:48:00,REFUNDED
30588,9,11,3311.00,2026-08-26 12:52:00,FAILED
30589,7,10,862.30,2026-08-24 06:25:00,PENDING
30590,10,20,369.30,2026-08-12 09:45:00,PENDING
30591,7,2,413.10,2026-08-07 05:45:00,SUCCESS
30592,4,11,283.60,2026-08-01 12:45:00,SUCCESS
30593,5,5,1212.30,2026-08-30 13:07:00,SUCCESS
30594,1,8,4863.50,2026-08-12 11:35:00,FAILED
30595,8,12,2902.10,2026-08-17 08:50:00,FAILED
30596,5,17,315.00,2026-08-31 03:26:00,SUCCESS
30597,5,4,991.10,2026-08-25 07:37:00,REFUNDED
30598,3,17,4387.30,2026-08-16 07:42:00,SUCCESS
30599,8,18,4759.40,2026-08-22 06:05:00,PENDING
30600,5,6,4136.90,2026-08-07 08:20:00,FAILED
30601,6,17,3545.80,2026-08-24 10:07:00,PENDING
30602,6,19,2655.00,2026-08-16 11:09:00,FAILED
30603,1,20,686.80,2026-08-07 19:57:00,REFUNDED
30604,2,14,4260.80,2026-08-02 08:59:00,REFUNDED
30605,5,1,4383.20,2026-08-12 03:16:00,SUCCESS
30606,1,5,3506.00,2026-08-22 12:38:00,REFUNDED
30607,10,6,2853.10,2026-08-05 01:17:00,PENDING
30608,5,18,4471.80,2026-08-29 00:18:00,REFUNDED
30609,4,9,4500.70,2026-08-12 10:33:00,PENDING
30610,7,4,3289.20,2026-08-27 01:41:00,FAILED
30611,2,9,3183.50,2026-08-17 07:51:00,FAILED
30612,5,9,3099.60,2026-08-30 22:33:00,SUCCESS
30613,6,10,2602.40,2026-08-23 20:17:00,REFUNDED
30614,5,18,3534.80,2026-08-12 11:52:00,PENDING
30615,4,20,3155.70,2026-08-18 07:10:00,FAILED
30616,5,20,476.70,2026-08-10 13:11:00,FAILED
30617,8,3,2113.10,2026-08-31 02:05:00,REFUNDED
30618,9,17,4573.20,2026-08-10 12:43:00,REFUNDED
30619,8,13,4370.10,2026-08-23 05:40:00,SUCCESS
30620,8,10,4882.40,2026-08-30 21:13:00,REFUNDED
30621,8,13,4896.10,2026-08-15 05:31:00,SUCCESS
30622,1,13,1685.20,2026-08-23 11:01:00,PENDING
30623,5,8,2591.70,2026-08-20 03:55:00,SUCCESS
30624,4,3,2276.20,2026-08-20 15:30:00,REFUNDED
30625,9,16,4115.20,2026-08-29 09:18:00,FAILED
30626,5,17,2379.40,2026-08-06 16:10:00,PENDING
30627,8,2,55.60,2026-08-08 10:41:00,FAILED
30628,1,6,1105.60,2026-08-19 13:34:00,SUCCESS
30629,7,13,1353.00,2026-08-04 23:25:00,REFUNDED
30630,9,10,558.10,2026-08-13 20:25:00,REFUNDED
30631,2,13,2523.30,2026-08-31 05:47:00,PENDING
30632,6,5,1783.90,2026-08-14 09:17:00,REFUNDED
30633,10,1,1904.70,2026-08-09 07:29:00,PENDING
30634,4,13,1730.80,2026-08-13 04:44:00,REFUNDED
30635,4,20,254.00,2026-08-02 09:15:00,SUCCESS
30636,8,8,3213.50,2026-08-11 23:12:00,SUCCESS
30637,8,20,4104.10,2026-08-10 14:34:00,SUCCESS
30638,5,6,2549.30,2026-08-09 17:16:00,REFUNDED
30639,9,17,1047.90,2026-08-15 22:29:00,SUCCESS
30640,6,3,1311.70,2026-08-17 12:54:00,SUCCESS
30641,2,12,2729.60,2026-08-07 15:46:00,REFUNDED
30642,6,3,4069.00,2026-08-23 13:37:00,SUCCESS
30643,3,11,2722.40,2026-08-28 06:19:00,PENDING
30644,1,15,4826.30,2026-08-19 13:16:00,PENDING
30645,8,9,312.70,2026-08-19 10:54:00,PENDING
30646,1,100.00
30647,8,11,1218.30,2026-08-20 12:52:00,SUCCESS
30648,5,5,4061.00,2026-08-03 08:39:00,SUCCESS
30649,5,19,1681.20,2026-08-19 10:14:00,FAILED
30650,9,10,1239.00,2026-08-29 12:38:00,PENDING
30651,8,8,2929.20,2026-08-02 10:25:00,FAILED
30652,1,1,2997.70,2026-08-24 15:25:00,FAILED
30653,7,17,2405.50,2026-08-04 07:54:00,PENDING
30654,8,8,1353.80,2026-08-30 08:00:00,SUCCESS
30655,2,20,3688.10,2026-08-04 18:59:00,REFUNDED
30656,5,19,2272.90,2026-08-21 16:39:00,REFUNDED
30657,3,19,3427.00,2026-08-10 16:56:00,FAILED
30658,7,6,3532.90,2026-08-30 15:06:00,SUCCESS
30659,3,14,697.00,2026-08-01 22:53:00,REFUNDED
30660,4,5,472.70,2026-08-09 06:08:00,SUCCESS
30661,3,13,3517.10,2026-08-16 04:16:00,REFUNDED
30662,8,9,722.40,2026-08-13 05:28:00,PENDING
30663,10,14,3916.00,2026-08-26 03:16:00,PENDING
30664,9,1,2251.30,2026-08-15 02:23:00,REFUNDED
30665,7,7,987.40,2026-08-18 20:45:00,SUCCESS
30666,10,15,3115.90,2026-08-02 12:59:00,REFUNDED
30667,2,6,62.90,2026-08-21 07:51:00,REFUNDED
30668,10,12,3398.50,2026-08-06 00:21:00,FAILED
30669,6,13,1402.10,2026-08-13 02:06:00,REFUNDED
30670,3,1,4246.60,2026-08-16 22:17:00,REFUNDED
30671,2,14,2995.50,2026-08-07 14:58:00,REFUNDED
30672,1,11,3688.00,2026-08-18 07:01:00,FAILED
30673,1,18,3040.30,2026-08-22 03:14:00,FAILED
30674,9,8,2839.10,2026-08-20 15:13:00,PENDING
30675,6,4,671.30,2026-08-19 11:07:00,FAILED
30676,8,2,2802.80,2026-08-19 17:58:00,SUCCESS
30677,2,6,2473.80,2026-08-27 23:06:00,REFUNDED
30678,4,1,4995.10,2026-08-25 10:22:00,PENDING
30679,8,5,1892.50,2026-08-21 18:21:00,FAILED
30680,8,3,67.60,2026-08-30 05:37:00,SUCCESS
30681,2,12,3718.20,2026-08-24 20:29:00,SUCCESS
30682,10,14,4399.90,2026-08-20 09:55:00,SUCCESS
30683,5,14,3174.80,2026-08-11 10:07:00,SUCCESS
30684,8,3,3908.80,2026-08-11 19:00:00,FAILED
30685,1,3,1383.20,2026-08-17 14:07:00,SUCCESS
30686,6,4,4639.50,2026-08-21 16:30:00,PENDING
30687,5,12,3044.70,2026-08-14 04:51:00,PENDING
30688,8,12,1754.30,2026-08-30 19:34:00,FAILED
30689,7,1,2139.10,2026-08-19 10:52:00,PENDING
30690,9,12,1217.90,2026-08-27 23:57:00,SUCCESS
30691,7,3,4419.40,2026-08-28 00:17:00,FAILED
30692,5,7,4950.90,2026-08-21 00:06:00,PENDING
30693,5,16,2184.80,2026-08-21 09:12:00,FAILED
30694,3,6,1770.30,2026-08-09 08:32:00,PENDING
30695,10,18,4096.00,2026-08-19 12:43:00,FAILED
30696,7,9,3441.20,2026-08-24 20:38:00,REFUNDED
30697,8,4,1385.10,2026-08-25 22:01:00,PENDING
30698,2,5,3214.50,2026-08-01 12:03:00,PENDING
30699,1,2,2251.90,2026-08-23 16:20:00,REFUNDED
30700,10,19,3795.60,2026-08-10 00:39:00,FAILED
30701,10,6,3654.00,2026-08-12 01:14:00,REFUNDED
30702,5,18,2148.10,2026-08-03 03:54:00,PENDING
30703,4,13,3903.20,2026-08-02 07:03:00,REFUNDED
30704,8,4,4336.20,2026-08-20 13:57:00,FAILED
30705,4,9,4056.80,2026-08-03 19:51:00,SUCCESS
30706,5,9,3561.30,2026-08-25 02:52:00,REFUNDED
30707,7,8,2536.70,2026-08-26 11:36:00,PENDING
30708,5,7,4271.50,2026-08-24 09:14:00,PENDING
30709,5,9,1655.60,2026-08-03 04:47:00,REFUNDED
30710,3,6,4227.50,2026-08-14 00:50:00,PENDING
30711,7,13,4621.10,2026-08-10 02:08:00,PENDING
30712,5,1,2018.50,2026-08-10 02:17:00,REFUNDED
30713,3,7,1205.90,2026-08-19 15:36:00,PENDING
30714,10,12,2054.50,2026-08-09 02:47:00,REFUNDED
30715,8,17,4206.00,2026-08-13 19:40:00,SUCCESS
30716,5,13,3423.00,2026-08-21 16:35:00,REFUNDED
30717,9,13,3867.80,2026-08-14 21:32:00,FAILED
30718,1,14,113.00,2026-08-02 22:16:00,REFUNDED
30719,9,3,214.90,2026-08-26 15:46:00,SUCCESS
30720,1,6,280.70,2026-08-28 01:14:00,SUCCESS
30721,10,13,2169.10,2026-08-16 22:22:00,SUCCESS
30722,1,18,2802.90,2026-08-12 17:39:00,FAILED
30723,2,13,2220.60,2026-08-19 00:26:00,PENDING
30724,8,11,3781.30,2026-08-30 11:41:00,REFUNDED
30725,9,17,56.60,2026-08-24 01:24:00,REFUNDED
30726,3,19,1281.80,2026-08-05 22:53:00,FAILED
30727,7,17,2529.60,2026-08-12 16:38:00,FAILED
30728,4,16,1580.90,2026-08-23 06:09:00,FAILED
30729,2,2,4639.10,2026-08-09 05:27:00,PENDING
30730,7,8,3865.20,2026-08-30 08:21:00,SUCCESS
30731,10,3,1770.80,2026-08-30 08:44:00,PENDING
30732,1,12,1775.70,2026-08-09 05:26:00,FAILED
30733,7,8,3322.20,2026-08-11 21:00:00,SUCCESS
30734,1,18,1272.40,2026-08-17 09:44:00,SUCCESS
30735,3,17,2079.90,2026-08-10 21:37:00,PENDING
30736,3,5,3042.60,2026-08-02 23:09:00,FAILED
30737,10,3,4265.00,2026-08-09 23:59:00,PENDING
30738,6,17,1839.50,2026-08-30 18:46:00,FAILED
30739,3,1,2250.00,2026-08-01 20:22:00,REFUNDED
30740,1,8,841.70,2026-08-28 05:54:00,SUCCESS
30741,10,14,1307.30,2026-08-15 07:19:00,SUCCESS
30742,4,9,2190.60,2026-08-28 08:21:00,SUCCESS
30743,5,14,4992.90,2026-08-15 12:57:00,FAILED
30744,6,17,4645.80,2026-08-24 11:06:00,SUCCESS
30745,4,4,3558.10,2026-08-03 06:18:00,REFUNDED
30746,7,6,3732.70,2026-08-07 08:22:00,FAILED
30747,5,11,2385.00,2026-08-09 18:50:00,SUCCESS
30748,10,12,2949.80,2026-08-28 14:28:00,PENDING
30749,7,20,1599.10,2026-08-17 09:07:00,FAILED
30750,1,1,5000,INVALID_DATE_TIME,SUCCESS
30751,2,18,2035.50,2026-08-04 08:02:00,SUCCESS
30752,1,6,398.70,2026-08-20 02:06:00,PENDING
30753,8,10,801.20,2026-08-26 04:01:00,PENDING
30754,7,15,4332.30,2026-08-19 21:49:00,FAILED
30755,9,10,1047.50,2026-08-29 00:38:00,PENDING
30756,8,12,110.60,2026-08-01 11:32:00,SUCCESS
30757,9,8,4841.10,2026-08-01 18:03:00,SUCCESS
30758,7,16,2133.90,2026-08-11 03:13:00,PENDING
30759,2,3,3611.40,2026-08-17 00:33:00,SUCCESS
30760,8,12,95.00,2026-08-29 14:18:00,SUCCESS
30761,3,18,3064.20,2026-08-03 10:40:00,FAILED
30762,6,14,596.00,2026-08-18 08:30:00,SUCCESS
30763,2,2,1658.80,2026-08-06 00:53:00,REFUNDED
30764,6,6,463.30,2026-08-22 00:16:00,PENDING
30765,6,2,3531.80,2026-08-27 19:27:00,PENDING
30766,10,16,4388.90,2026-08-25 07:34:00,REFUNDED
30767,10,6,329.00,2026-08-27 10:55:00,SUCCESS
30768,3,1,4870.80,2026-08-06 12:17:00,REFUNDED
30769,4,13,2860.30,2026-08-22 06:18:00,FAILED
30770,6,5,363.10,2026-08-03 05:28:00,PENDING
30771,4,10,2529.40,2026-08-27 07:57:00,REFUNDED
30772,3,19,4053.50,2026-08-31 06:42:00,REFUNDED
30773,9,12,259.50,2026-08-26 16:20:00,PENDING
30774,6,5,1801.60,2026-08-17 12:15:00,PENDING
30775,4,5,3624.70,2026-08-17 03:22:00,REFUNDED
30776,10,10,4733.30,2026-08-08 01:26:00,SUCCESS
30777,5,5,213.00,2026-08-09 15:59:00,REFUNDED
30778,9,10,2154.20,2026-08-11 04:42:00,FAILED
30779,8,7,603.30,2026-08-18 20:21:00,SUCCESS
30780,2,2,463.20,2026-08-07 01:42:00,REFUNDED
30781,8,19,933.70,2026-08-28 07:26:00,SUCCESS
30782,8,19,4027.40,2026-08-18 08:10:00,FAILED
30783,1,12,1386.30,2026-08-23 23:02:00,PENDING
30784,3,6,4941.20,2026-08-26 09:36:00,PENDING
30785,1,14,1044.00,2026-08-09 19:52:00,SUCCESS
30786,3,19,4852.70,2026-08-02 18:07:00,SUCCESS
30787,2,13,4689.30,2026-08-21 13:13:00,FAILED
30788,5,2,55.90,2026-08-26 09:35:00,PENDING
30789,7,5,271.70,2026-08-20 03:23:00,REFUNDED
30790,5,2,1222.20,2026-08-20 13:37:00,PENDING
30791,8,15,2693.50,2026-08-10 17:02:00,SUCCESS
30792,4,7,819.40,2026-08-07 13:35:00,SUCCESS
30793,2,1,1945.90,2026-08-19 03:32:00,SUCCESS
30794,10,12,2785.80,2026-08-04 10:07:00,REFUNDED
30795,2,7,3911.20,2026-08-26 00:42:00,PENDING
30796,9,10,1186.70,2026-08-22 04:55:00,FAILED
30797,1,18,2896.60,2026-08-16 00:55:00,SUCCESS
30798,8,2,2947.80,2026-08-29 16:49:00,PENDING
30799,8,18,101.30,2026-08-03 03:33:00,PENDING
30800,5,1,1234.70,2026-08-07 10:54:00,REFUNDED
30801,10,10,87.70,2026-08-13 20:54:00,PENDING
30802,3,14,1868.40,2026-08-05 20:19:00,FAILED
30803,9,14,3174.00,2026-08-11 14:11:00,REFUNDED
30804,1,19,487.30,2026-08-23 09:34:00,PENDING
30805,1,1,5000,INVALID_DATE_TIME,SUCCESS
30806,8,13,2479.80,2026-08-03 04:08:00,PENDING
30807,1,5,4968.00,2026-08-16 09:47:00,SUCCESS
30808,8,11,836.40,2026-08-27 14:34:00,REFUNDED
30809,1,2,79.20,2026-08-16 00:37:00,SUCCESS
30810,6,15,3125.20,2026-08-19 11:10:00,FAILED
30811,5,11,4361.30,2026-08-30 13:13:00,REFUNDED
30812,8,20,72.80,2026-08-29 14:54:00,REFUNDED
30813,4,12,4501.50,2026-08-16 12:56:00,SUCCESS
30814,9,15,741.80,2026-08-06 10:55:00,PENDING
30815,5,10,4335.60,2026-08-09 21:55:00,SUCCESS
30816,6,1,542.30,2026-08-18 00:33:00,SUCCESS
30817,7,2,791.80,2026-08-23 20:14:00,FAILED
30818,1,16,1057.10,2026-08-19 09:02:00,FAILED
30819,8,3,4018.00,2026-08-03 07:25:00,SUCCESS
30820,10,17,2002.20,2026-08-10 19:09:00,SUCCESS
30821,10,12,1241.60,2026-08-26 09:27:00,SUCCESS
30822,2,19,4324.90,2026-08-24 16:55:00,SUCCESS
30823,1,9,1654.70,2026-08-05 14:01:00,REFUNDED
30824,4,2,2828.70,2026-08-04 21:03:00,REFUNDED
30825,3,20,3731.40,2026-08-05 23:16:00,PENDING
30826,1,11,1750.50,2026-08-11 18:20:00,SUCCESS
30827,7,2,2644.00,2026-08-05 13:58:00,FAILED
30828,5,16,2223.20,2026-08-05 04:38:00,SUCCESS
30829,6,11,4346.40,2026-08-07 04:00:00,REFUNDED
30830,8,8,2076.10,2026-08-23 12:08:00,REFUNDED
30831,1,14,1567.90,2026-08-09 03:01:00,PENDING
30832,10,9,532.00,2026-08-31 03:46:00,REFUNDED
30833,2,12,1739.20,2026-08-09 07:52:00,SUCCESS
30834,3,16,822.70,2026-08-07 09:31:00,FAILED
30835,8,8,2560.40,2026-08-17 23:26:00,FAILED
30836,3,14,3077.30,2026-08-07 13:13:00,REFUNDED
30837,8,6,2544.70,2026-08-25 20:40:00,REFUNDED
30838,3,7,4737.20,2026-08-16 04:36:00,SUCCESS
30839,1,10,1227.00,2026-08-09 01:28:00,REFUNDED
30840,7,18,1020.90,2026-08-23 18:56:00,REFUNDED
30841,1,19,696.30,2026-08-09 21:16:00,REFUNDED
30842,2,13,1664.10,2026-08-15 05:29:00,FAILED
30843,9,1,2754.60,2026-08-04 20:26:00,SUCCESS
30844,6,9,1850.40,2026-08-24 20:03:00,PENDING
30845,6,2,602.20,2026-08-20 13:49:00,REFUNDED
30846,3,2,83.30,2026-08-26 18:25:00,REFUNDED
30847,5,17,1294.50,2026-08-27 12:20:00,PENDING
30848,8,19,4254.20,2026-08-11 09:30:00,SUCCESS
30849,7,12,3749.30,2026-08-03 14:55:00,PENDING
30850,7,4,3521.20,2026-08-04 03:03:00,FAILED
30851,9,17,2336.90,2026-08-06 04:45:00,REFUNDED
30852,9,9,82.60,2026-08-21 16:14:00,REFUNDED
30853,8,4,3478.10,2026-08-18 22:44:00,PENDING
30854,2,12,4594.80,2026-08-28 05:02:00,SUCCESS
30855,9,6,4392.40,2026-08-12 15:41:00,FAILED
30856,5,18,1661.10,2026-08-17 05:00:00,FAILED
30857,5,11,4320.00,2026-08-15 11:56:00,REFUNDED
30858,6,19,3247.90,2026-08-08 03:57:00,REFUNDED
30859,5,13,339.50,2026-08-03 14:13:00,PENDING
30860,1,1,524.60,2026-08-23 20:31:00,SUCCESS
30861,10,12,3104.70,2026-08-03 23:24:00,SUCCESS
30862,8,11,2099.00,2026-08-19 01:39:00,SUCCESS
30863,2,1,4496.80,2026-08-23 23:31:00,REFUNDED
30864,6,19,100.50,2026-08-18 12:56:00,FAILED
30865,8,14,4315.70,2026-08-30 01:12:00,FAILED
30866,1,1,5000,INVALID_DATE_TIME,SUCCESS
30867,9,4,1525.80,2026-08-12 08:02:00,PENDING
30868,2,5,4885.70,2026-08-13 04:21:00,REFUNDED
30869,6,2,3017.10,2026-08-17 11:57:00,REFUNDED
30870,5,15,1362.10,2026-08-02 12:11:00,REFUNDED
30871,3,7,4793.60,2026-08-26 01:28:00,PENDING
30872,3,16,4150.90,2026-08-20 08:40:00,PENDING
30873,10,11,1108.00,2026-08-17 02:06:00,REFUNDED
30874,5,13,1455.60,2026-08-07 14:27:00,PENDING
30875,2,17,1420.20,2026-08-25 15:23:00,SUCCESS
30876,7,14,2772.40,2026-08-08 15:19:00,SUCCESS
30877,5,2,4618.60,2026-08-17 03:55:00,PENDING
30878,4,14,3597.30,2026-08-07 07:10:00,REFUNDED
30879,7,19,3691.90,2026-08-26 22:16:00,PENDING
30880,3,18,3100.70,2026-08-22 23:28:00,SUCCESS
30881,10,12,1899.00,2026-08-10 08:41:00,PENDING
30882,7,11,5010.80,2026-08-14 23:55:00,REFUNDED
30883,3,6,3446.10,2026-08-02 06:24:00,FAILED
30884,7,1,2770.60,2026-08-18 21:32:00,REFUNDED
30885,3,2,3580.10,2026-08-03 18:50:00,SUCCESS
30886,8,17,3014.60,2026-08-14 10:02:00,PENDING
30887,7,9,2787.00,2026-08-17 09:06:00,PENDING
30888,9,13,2699.40,2026-08-13 13:56:00,SUCCESS
30889,7,14,4290.10,2026-08-08 15:38:00,FAILED
30890,5,1,3709.70,2026-08-29 17:38:00,SUCCESS
30891,7,2,3488.40,2026-08-25 08:50:00,FAILED
30892,1,1,5000,2026-08-01 12:00:00,UNKNOWN_STATUS
30893,4,18,3369.80,2026-08-27 00:46:00,REFUNDED
30894,10,3,4316.70,2026-08-16 14:25:00,PENDING
30895,4,16,2852.90,2026-08-01 12:51:00,PENDING
30896,5,6,3469.60,2026-08-06 00:01:00,PENDING
30897,1,13,1668.60,2026-08-12 12:36:00,REFUNDED
30898,3,2,1103.20,2026-08-16 03:36:00,SUCCESS
30899,8,8,4513.60,2026-08-05 01:58:00,PENDING
30900,1,14,4306.10,2026-08-13 10:20:00,SUCCESS
30901,8,17,2357.60,2026-08-09 05:19:00,FAILED
30902,10,2,4023.00,2026-08-30 16:19:00,FAILED
30903,3,18,3372.00,2026-08-10 15:02:00,SUCCESS
30904,9,12,703.70,2026-08-14 06:45:00,FAILED
30905,8,14,746.20,2026-08-14 00:59:00,SUCCESS
30906,6,5,2631.80,2026-08-03 19:42:00,PENDING
30907,7,18,805.00,2026-08-11 17:22:00,SUCCESS
30908,2,19,2449.70,2026-08-30 23:03:00,PENDING
30909,2,17,1358.20,2026-08-02 08:53:00,FAILED
30910,9,10,3982.20,2026-08-17 01:11:00,REFUNDED
30911,6,18,731.80,2026-08-06 03:35:00,SUCCESS
30912,4,11,2031.50,2026-08-01 21:42:00,REFUNDED
30913,8,3,610.50,2026-08-09 04:25:00,SUCCESS
30914,1,9,3789.80,2026-08-30 15:04:00,SUCCESS
30915,10,18,1940.80,2026-08-06 03:44:00,SUCCESS
30916,9,3,2784.70,2026-08-30 02:02:00,FAILED
30917,8,3,4141.90,2026-08-10 14:10:00,PENDING
30918,8,10,2124.00,2026-08-30 03:45:00,PENDING
30919,10,10,3190.20,2026-08-14 13:19:00,REFUNDED
30920,4,11,5004.00,2026-08-30 17:28:00,FAILED
30921,9,18,4969.10,2026-08-24 01:01:00,PENDING
30922,3,12,839.70,2026-08-07 06:13:00,REFUNDED
30923,10,8,2885.30,2026-08-15 17:36:00,FAILED
30924,2,11,2144.60,2026-08-04 10:44:00,SUCCESS
30925,8,1,3717.00,2026-08-09 08:01:00,PENDING
30926,3,7,1125.60,2026-08-29 18:13:00,PENDING
30927,5,2,1618.70,2026-08-02 06:12:00,SUCCESS
30928,4,13,2918.50,2026-08-06 14:40:00,FAILED
30929,1,5,1452.60,2026-08-25 21:38:00,FAILED
30930,10,1,4143.50,2026-08-12 20:43:00,SUCCESS
30931,8,14,3771.00,2026-08-03 03:07:00,SUCCESS
30932,10,1,5006.20,2026-08-13 05:05:00,PENDING
30933,7,11,2318.70,2026-08-28 08:02:00,SUCCESS
30934,10,5,1163.60,2026-08-30 16:55:00,PENDING
30935,1,16,2751.00,2026-08-10 23:15:00,FAILED
30936,9,3,1822.40,2026-08-16 22:11:00,FAILED
30937,1,6,385.60,2026-08-22 09:54:00,PENDING
30938,6,3,4361.90,2026-08-15 23:37:00,REFUNDED
30939,1,8,358.00,2026-08-16 10:47:00,REFUNDED
30940,6,2,1326.80,2026-08-08 21:46:00,FAILED
30941,9,18,2445.40,2026-08-14 08:07:00,FAILED
30942,3,13,4963.80,2026-08-03 08:09:00,PENDING
30943,3,16,4397.50,2026-08-15 08:15:00,SUCCESS
30944,5,1,1246.70,2026-08-14 06:09:00,SUCCESS
30945,8,4,1454.40,2026-08-24 15:50:00,FAILED
30946,9,6,4358.90,2026-08-05 17:15:00,SUCCESS
30947,3,9,2994.20,2026-08-15 05:34:00,REFUNDED
30948,2,6,2425.00,2026-08-01 17:56:00,FAILED
30949,8,1,3150.00,2026-08-29 19:44:00,SUCCESS
30950,8,12,1976.50,2026-08-13 04:46:00,REFUNDED
30951,1,5,432.50,2026-08-12 16:14:00,REFUNDED
30952,10,12,2342.70,2026-08-26 00:35:00,SUCCESS
30953,9,15,1682.30,2026-08-13 04:52:00,FAILED
30954,2,17,4461.00,2026-08-25 07:51:00,SUCCESS
30955,1,18,3624.60,2026-08-28 06:17:00,SUCCESS
30956,6,14,2040.90,2026-08-24 08:56:00,SUCCESS
30957,8,9,2082.10,2026-08-19 05:41:00,SUCCESS
30958,6,2,329.90,2026-08-23 07:41:00,REFUNDED
30959,6,8,230.30,2026-08-29 20:07:00,REFUNDED
30960,2,1,653.80,2026-08-21 22:05:00,SUCCESS
30961,4,5,674.00,2026-08-23 00:15:00,FAILED
30962,8,8,847.20,2026-08-17 06:58:00,FAILED
30963,3,18,4425.90,2026-08-16 01:47:00,SUCCESS
30964,2,10,1059.30,2026-08-07 22:07:00,SUCCESS
30965,10,13,1465.90,2026-08-18 13:46:00,REFUNDED
30966,2,7,1310.90,2026-08-10 07:46:00,SUCCESS
30967,10,1,741.90,2026-08-07 16:11:00,PENDING
30968,9,3,1108.70,2026-08-13 18:28:00,PENDING
30969,3,18,2096.80,2026-08-04 04:22:00,PENDING
30970,2,19,2837.00,2026-08-11 07:31:00,FAILED
30971,4,9,1412.70,2026-08-19 13:11:00,SUCCESS
30972,9,4,3531.10,2026-08-18 22:19:00,PENDING
30973,2,2,317.90,2026-08-13 05:35:00,FAILED
30974,8,8,1124.50,2026-08-17 16:57:00,SUCCESS
30975,9,19,2530.80,2026-08-25 04:26:00,PENDING
30976,6,17,1168.70,2026-08-03 14:39:00,PENDING
30977,7,7,2635.20,2026-08-17 00:43:00,FAILED
30978,9,7,3374.20,2026-08-12 17:21:00,REFUNDED
30979,5,8,2729.60,2026-08-21 15:26:00,FAILED
30980,1,11,2599.90,2026-08-04 16:07:00,REFUNDED
30981,4,14,3190.30,2026-08-21 20:00:00,PENDING
30982,10,6,3110.40,2026-08-08 01:12:00,FAILED
30983,7,1,981.10,2026-08-01 13:40:00,FAILED
30984,1,4,2239.90,2026-08-26 00:27:00,REFUNDED
30985,3,1,2821.00,2026-08-04 21:35:00,FAILED
30986,10,2,1349.30,2026-08-08 08:35:00,SUCCESS
30987,9,9,3474.80,2026-08-02 12:55:00,REFUNDED
30988,8,20,3759.10,2026-08-05 13:06:00,REFUNDED
30989,6,3,1455.40,2026-08-06 22:34:00,REFUNDED
30990,4,8,4166.70,2026-08-19 07:35:00,PENDING
30991,5,8,1939.80,2026-08-25 21:49:00,FAILED
30992,9,7,1603.00,2026-08-21 23:59:00,PENDING
30993,8,1,1671.50,2026-08-22 23:35:00,REFUNDED
30994,3,2,993.50,2026-08-18 00:05:00,FAILED
30995,5,18,443.70,2026-08-04 05:24:00,SUCCESS
30996,5,18,2279.20,2026-08-16 21:40:00,SUCCESS
30997,9,4,3954.90,2026-08-16 17:38:00,PENDING
30998,9,15,3637.80,2026-08-22 16:05:00,FAILED
30999,7,19,4943.90,2026-08-26 16:25:00,PENDING
31000,6,15,2082.90,2026-08-11 23:28:00,REFUNDED
31001,6,15,1088.80,2026-08-26 03:09:00,PENDING
31002,5,7,1070.70,2026-08-04 00:25:00,SUCCESS
31003,6,1,304.50,2026-08-11 00:37:00,PENDING
31004,7,14,2776.50,2026-08-26 16:57:00,FAILED
31005,6,1,1916.20,2026-08-15 03:11:00,PENDING
31006,7,16,5009.30,2026-08-10 20:16:00,SUCCESS
31007,3,5,2533.10,2026-08-19 15:38:00,PENDING
31008,3,12,3707.50,2026-08-27 18:24:00,SUCCESS
31009,1,5,2557.70,2026-08-21 21:31:00,SUCCESS
31010,8,4,1734.00,2026-08-18 13:33:00,PENDING
31011,2,12,661.80,2026-08-28 16:53:00,PENDING
31012,10,2,1165.30,2026-08-15 16:07:00,REFUNDED
31013,3,9,2627.00,2026-08-09 09:26:00,PENDING
31014,8,11,636.70,2026-08-05 06:50:00,FAILED
31015,5,11,2338.80,2026-08-10 19:39:00,REFUNDED
31016,3,7,4497.80,2026-08-07 02:44:00,SUCCESS
31017,8,20,4218.50,2026-08-23 21:27:00,PENDING
31018,1,1,NOT_A_NUMBER,2026-08-01 12:00:00,SUCCESS
31019,5,12,793.10,2026-08-25 23:28:00,SUCCESS
31020,2,9,4268.50,2026-08-16 09:31:00,FAILED
31021,8,11,1349.70,2026-08-26 16:56:00,SUCCESS
31022,3,9,304.40,2026-08-05 12:30:00,REFUNDED
31023,2,20,4870.80,2026-08-06 07:22:00,SUCCESS
31024,3,9,365.10,2026-08-13 00:50:00,SUCCESS
31025,10,11,3971.60,2026-08-03 01:43:00,SUCCESS
31026,5,8,1977.40,2026-08-13 14:19:00,SUCCESS
31027,10,17,4587.50,2026-08-04 04:20:00,FAILED
31028,5,6,3683.80,2026-08-01 20:06:00,SUCCESS
31029,10,15,1055.30,2026-08-11 14:16:00,SUCCESS
31030,10,19,942.40,2026-08-15 18:57:00,SUCCESS
31031,2,12,2011.80,2026-08-14 20:48:00,FAILED
31032,8,16,2728.40,2026-08-23 12:34:00,REFUNDED
31033,5,19,1844.70,2026-08-02 04:53:00,SUCCESS
31034,8,12,4696.50,2026-08-01 09:25:00,PENDING
31035,7,3,660.40,2026-08-24 03:27:00,SUCCESS
31036,4,10,3662.20,2026-08-19 04:04:00,SUCCESS
31037,8,7,777.40,2026-08-24 14:52:00,SUCCESS
31038,8,13,963.80,2026-08-09 03:56:00,REFUNDED
31039,5,17,3397.40,2026-08-28 00:45:00,FAILED
31040,6,3,4585.10,2026-08-22 23:11:00,PENDING
31041,9,7,1665.70,2026-08-12 20:57:00,FAILED
31042,10,3,1021.60,2026-08-29 23:47:00,PENDING
31043,3,14,1435.00,2026-08-15 04:36:00,SUCCESS
31044,8,10,2003.50,2026-08-30 06:00:00,FAILED
31045,8,4,3890.50,2026-08-23 19:03:00,PENDING
31046,6,13,4318.30,2026-08-24 10:22:00,REFUNDED
31047,4,2,3968.50,2026-08-07 15:23:00,PENDING
31048,2,15,4133.40,2026-08-15 17:44:00,PENDING
31049,1,8,4553.50,2026-08-03 21:21:00,FAILED
31050,10,19,3360.20,2026-08-12 18:56:00,REFUNDED
31051,5,6,136.40,2026-08-06 23:50:00,FAILED
31052,5,3,4344.10,2026-08-03 09:17:00,PENDING
31053,4,1,557.80,2026-08-07 05:39:00,FAILED
31054,4,12,2521.90,2026-08-18 11:27:00,REFUNDED
31055,10,15,4741.60,2026-08-28 10:04:00,PENDING
31056,6,19,4461.40,2026-08-19 07:57:00,REFUNDED
31057,7,10,1612.10,2026-08-23 08:43:00,PENDING
31058,5,1,3551.80,2026-08-31 03:54:00,FAILED
31059,5,5,4514.10,2026-08-20 11:58:00,FAILED
31060,7,7,3698.40,2026-08-16 01:19:00,FAILED
31061,2,1,3325.80,2026-08-06 00:20:00,PENDING
31062,5,2,3757.10,2026-08-18 03:54:00,SUCCESS
31063,4,20,666.60,2026-08-11 01:32:00,FAILED
31064,8,18,174.30,2026-08-31 02:29:00,PENDING
31065,9,4,325.80,2026-08-29 18:24:00,SUCCESS
31066,3,13,4082.10,2026-08-03 01:09:00,REFUNDED
31067,10,16,1246.30,2026-08-24 21:46:00,PENDING
31068,9,2,3498.60,2026-08-27 15:47:00,SUCCESS
31069,5,9,1602.20,2026-08-15 15:49:00,REFUNDED
31070,6,9,2100.10,2026-08-17 09:34:00,REFUNDED
31071,1,10,1090.50,2026-08-06 03:41:00,REFUNDED
31072,9,7,1454.60,2026-08-22 22:26:00,SUCCESS
31073,2,18,247.70,2026-08-02 11:05:00,SUCCESS
31074,10,17,422.30,2026-08-26 11:04:00,FAILED
31075,8,20,909.10,2026-08-03 17:33:00,SUCCESS
31076,8,10,2340.90,2026-08-12 15:34:00,REFUNDED
31077,8,7,838.00,2026-08-30 12:20:00,FAILED
31078,3,3,752.50,2026-08-27 22:46:00,SUCCESS
31079,1,18,1327.80,2026-08-19 02:54:00,PENDING
31080,2,4,738.50,2026-08-02 03:28:00,SUCCESS
31081,8,5,3098.30,2026-08-21 06:33:00,REFUNDED
31082,5,8,1071.00,2026-08-25 18:46:00,PENDING
31083,8,13,2937.00,2026-08-23 01:12:00,REFUNDED
31084,3,1,2228.20,2026-08-16 23:01:00,FAILED
31085,6,11,3699.00,2026-08-29 16:26:00,SUCCESS
31086,5,10,3501.80,2026-08-04 07:38:00,REFUNDED
31087,1,1,NOT_A_NUMBER,2026-08-01 12:00:00,SUCCESS
31088,2,4,1388.90,2026-08-02 15:56:00,SUCCESS
31089,2,10,1744.40,2026-08-07 21:39:00,SUCCESS
31090,6,2,4475.60,2026-08-22 15:53:00,REFUNDED
31091,4,13,877.00,2026-08-11 14:21:00,PENDING
31092,7,4,309.10,2026-08-23 21:36:00,PENDING
31093,2,2,3011.30,2026-08-15 08:22:00,FAILED
31094,5,3,3361.10,2026-08-10 05:02:00,FAILED
31095,3,19,2500.80,2026-08-11 11:35:00,PENDING
31096,3,15,835.20,2026-08-25 05:04:00,FAILED
31097,8,4,3019.70,2026-08-07 17:31:00,SUCCESS
31098,4,14,2094.90,2026-08-30 00:28:00,REFUNDED
31099,9,2,3362.30,2026-08-09 01:37:00,REFUNDED
31100,4,20,1581.60,2026-08-27 17:29:00,FAILED
31101,10,13,224.90,2026-08-11 11:53:00,FAILED
31102,2,1,2623.40,2026-08-18 07:59:00,SUCCESS
31103,7,15,842.90,2026-08-04 02:46:00,PENDING
31104,7,9,2260.60,2026-08-11 22:15:00,SUCCESS
31105,3,6,339.60,2026-08-04 11:26:00,FAILED
31106,1,3,577.20,2026-08-21 18:41:00,PENDING
31107,9,4,2708.40,2026-08-04 11:43:00,SUCCESS
31108,9,13,3939.40,2026-08-08 01:59:00,PENDING
31109,5,20,4340.70,2026-08-12 09:01:00,PENDING
31110,4,12,207.90,2026-08-01 21:16:00,SUCCESS
31111,1,1,5000,2026-08-01 12:00:00,UNKNOWN_STATUS
31112,2,2,2206.80,2026-08-25 08:38:00,FAILED
31113,2,10,4688.40,2026-08-02 14:28:00,FAILED
31114,6,7,1008.90,2026-08-06 00:15:00,FAILED
31115,2,18,780.10,2026-08-20 13:21:00,SUCCESS
31116,7,6,4518.90,2026-08-21 22:05:00,SUCCESS
31117,6,1,1765.70,2026-08-09 20:03:00,REFUNDED
31118,3,11,1675.20,2026-08-02 18:15:00,REFUNDED
31119,10,10,2858.40,2026-08-25 11:14:00,FAILED
31120,7,5,3987.60,2026-08-29 22:14:00,FAILED
31121,8,9,1694.90,2026-08-17 00:52:00,REFUNDED
31122,1,8,428.40,2026-08-11 22:52:00,PENDING
31123,2,1,1487.70,2026-08-15 10:44:00,FAILED
31124,6,18,2485.70,2026-08-04 17:41:00,PENDING
31125,5,18,1196.60,2026-08-29 13:03:00,FAILED
31126,2,19,3770.50,2026-08-29 22:57:00,SUCCESS
31127,5,19,3621.30,2026-08-25 16:05:00,REFUNDED
31128,1,17,2831.70,2026-08-29 11:27:00,FAILED
31129,8,7,1058.20,2026-08-11 19:17:00,SUCCESS
31130,6,1,4791.80,2026-08-18 10:00:00,SUCCESS
31131,9,8,178.50,2026-08-15 14:53:00,REFUNDED
31132,10,3,1158.20,2026-08-18 17:31:00,FAILED
31133,9,3,2573.00,2026-08-27 04:13:00,PENDING
31134,3,20,4441.70,2026-08-10 08:36:00,REFUNDED
31135,6,7,240.70,2026-08-22 06:49:00,PENDING
31136,2,1,2912.80,2026-08-23 19:04:00,PENDING
31137,4,15,4923.60,2026-08-15 10:06:00,SUCCESS
31138,1,6,2422.80,2026-08-07 23:27:00,FAILED
31139,6,9,1946.30,2026-08-29 20:33:00,PENDING
31140,3,3,2408.30,2026-08-23 08:50:00,REFUNDED
31141,5,19,4472.00,2026-08-19 17:35:00,REFUNDED
31142,3,2,2215.70,2026-08-05 11:20:00,FAILED
31143,2,10,3235.40,2026-08-24 17:36:00,FAILED
31144,1,15,4160.80,2026-08-02 21:59:00,FAILED
31145,8,13,2265.70,2026-08-06 07:16:00,FAILED
31146,9,11,65.90,2026-08-14 11:06:00,REFUNDED
31147,3,16,1813.10,2026-08-14 10:58:00,SUCCESS
31148,4,18,4631.00,2026-08-27 13:42:00,SUCCESS
31149,9,19,1151.00,2026-08-05 16:52:00,REFUNDED
31150,4,17,3523.30,2026-08-21 05:37:00,PENDING
31151,3,9,134.80,2026-08-26 15:17:00,FAILED
31152,8,13,1802.90,2026-08-25 09:44:00,SUCCESS
31153,3,14,2044.40,2026-08-22 10:01:00,PENDING
31154,5,7,829.80,2026-08-04 10:39:00,PENDING
31155,9,20,3293.80,2026-08-18 21:12:00,PENDING
31156,6,7,2414.70,2026-08-02 14:12:00,SUCCESS
31157,3,15,4965.50,2026-08-22 12:33:00,SUCCESS
31158,5,1,4303.50,2026-08-18 11:59:00,REFUNDED
31159,6,11,4695.60,2026-08-18 13:31:00,REFUNDED
31160,1,5,3413.60,2026-08-21 19:46:00,FAILED
31161,7,8,4372.70,2026-08-12 16:32:00,PENDING
31162,7,12,3518.60,2026-08-21 09:32:00,REFUNDED
31163,4,11,1973.50,2026-08-23 13:55:00,FAILED
31164,9,6,3812.20,2026-08-03 14:04:00,FAILED
31165,2,4,1498.40,2026-08-04 13:40:00,REFUNDED
31166,7,2,4302.30,2026-08-04 04:25:00,FAILED
31167,2,5,3545.90,2026-08-07 10:11:00,REFUNDED
31168,9,14,1958.20,2026-08-19 11:05:00,SUCCESS
31169,6,18,882.60,2026-08-04 15:16:00,PENDING
31170,10,19,3970.80,2026-08-29 20:33:00,REFUNDED
31171,4,12,4301.00,2026-08-28 12:46:00,REFUNDED
31172,10,13,1724.90,2026-08-01 20:19:00,FAILED
31173,1,8,4714.50,2026-08-10 07:52:00,PENDING
31174,10,3,4773.70,2026-08-02 10:37:00,PENDING
31175,6,13,3475.50,2026-08-02 13:26:00,PENDING
31176,6,13,3740.00,2026-08-16 14:39:00,SUCCESS
31177,1,1,NOT_A_NUMBER,2026-08-01 12:00:00,SUCCESS
31178,4,17,1809.40,2026-08-22 04:25:00,PENDING
31179,7,16,3585.20,2026-08-19 05:00:00,REFUNDED
31180,7,11,107.80,2026-08-08 02:30:00,PENDING
31181,1,9,3222.10,2026-08-07 18:44:00,SUCCESS
31182,10,5,905.00,2026-08-15 08:47:00,REFUNDED
31183,6,7,4729.70,2026-08-02 16:53:00,FAILED
31184,4,8,2955.00,2026-08-18 22:43:00,PENDING
31185,10,3,2223.50,2026-08-25 11:33:00,REFUNDED
31186,6,10,4055.50,2026-08-02 11:34:00,REFUNDED
31187,1,19,973.10,2026-08-11 00:34:00,PENDING
31188,2,9,1287.20,2026-08-10 20:20:00,FAILED
31189,1,1,5000,INVALID_DATE_TIME,SUCCESS
31190,1,13,3404.60,2026-08-17 21:49:00,REFUNDED
31191,8,10,4831.50,2026-08-14 07:20:00,PENDING
31192,5,2,3221.70,2026-08-24 03:27:00,PENDING
31193,1,16,2346.00,2026-08-10 16:56:00,REFUNDED
31194,4,5,1480.30,2026-08-04 15:59:00,PENDING
31195,1,8,4672.50,2026-08-14 11:08:00,SUCCESS
31196,8,14,755.40,2026-08-22 23:13:00,PENDING
31197,7,20,2583.90,2026-08-09 04:12:00,FAILED
31198,8,4,944.70,2026-08-30 16:27:00,SUCCESS
31199,3,13,2027.10,2026-08-24 01:05:00,SUCCESS
31200,7,5,4734.40,2026-08-15 22:27:00,SUCCESS
31201,1,15,1067.30,2026-08-14 10:43:00,REFUNDED
31202,9,18,1756.50,2026-08-23 08:57:00,PENDING
31203,10,1,2263.10,2026-08-23 21:37:00,PENDING
31204,7,17,1223.70,2026-08-09 15:57:00,FAILED
31205,1,20,246.00,2026-08-02 06:14:00,FAILED
31206,8,16,579.80,2026-08-16 03:17:00,PENDING
31207,5,16,1000.70,2026-08-16 17:57:00,FAILED
31208,4,11,437.70,2026-08-29 14:49:00,FAILED
31209,8,9,3026.60,2026-08-06 12:44:00,SUCCESS
31210,9,6,2507.80,2026-08-20 19:39:00,FAILED
31211,9,3,164.80,2026-08-13 03:37:00,REFUNDED
31212,4,12,4596.00,2026-08-19 16:03:00,SUCCESS
31213,8,8,736.80,2026-08-21 01:17:00,PENDING
31214,10,4,3237.50,2026-08-10 12:34:00,SUCCESS
31215,3,14,327.50,2026-08-18 16:36:00,SUCCESS
31216,6,10,4101.50,2026-08-28 04:18:00,REFUNDED
31217,7,11,1378.30,2026-08-23 16:50:00,REFUNDED
31218,6,7,2586.80,2026-08-22 18:15:00,SUCCESS
31219,10,11,3497.30,2026-08-04 23:14:00,REFUNDED
31220,1,5,2284.80,2026-08-14 17:20:00,SUCCESS
31221,8,13,3408.30,2026-08-05 07:07:00,PENDING
31222,8,3,1435.20,2026-08-09 11:46:00,SUCCESS
31223,8,19,4461.80,2026-08-05 15:51:00,PENDING
31224,1,11,2147.00,2026-08-27 16:07:00,PENDING
31225,6,10,4493.00,2026-08-18 09:45:00,SUCCESS
31226,7,19,1962.70,2026-08-11 06:05:00,REFUNDED
31227,4,12,1291.90,2026-08-23 06:06:00,PENDING
31228,6,15,3288.40,2026-08-22 12:22:00,PENDING
31229,1,3,3071.30,2026-08-03 13:03:00,SUCCESS
31230,7,15,2738.30,2026-08-25 03:22:00,REFUNDED
31231,10,2,1264.40,2026-08-09 08:35:00,SUCCESS
31232,9,14,4215.50,2026-08-30 15:20:00,FAILED
31233,2,6,3901.10,2026-08-18 21:49:00,FAILED
31234,1,1,65.90,2026-08-23 23:23:00,REFUNDED
31235,4,9,326.00,2026-08-14 05:29:00,FAILED
31236,5,6,2999.50,2026-08-22 23:30:00,PENDING
31237,9,17,2135.40,2026-08-08 07:10:00,REFUNDED
31238,10,7,2238.10,2026-08-03 14:24:00,SUCCESS
31239,4,1,1892.30,2026-08-20 14:08:00,FAILED
31240,6,7,2330.30,2026-08-13 04:11:00,PENDING
31241,9,15,4762.30,2026-08-16 01:05:00,PENDING
31242,7,3,1793.30,2026-08-25 14:08:00,FAILED
31243,4,18,2132.60,2026-08-25 23:14:00,PENDING
31244,4,5,1921.00,2026-08-10 12:25:00,PENDING
31245,6,3,1957.60,2026-08-23 18:09:00,PENDING
31246,6,19,4771.60,2026-08-28 05:22:00,SUCCESS
31247,6,15,3462.00,2026-08-26 03:15:00,FAILED
31248,1,1,NOT_A_NUMBER,2026-08-01 12:00:00,SUCCESS
31249,1,1,5000,2026-08-01 12:00:00,UNKNOWN_STATUS
31250,2,12,790.30,2026-08-19 21:52:00,SUCCESS
31251,2,10,2414.80,2026-08-11 14:39:00,FAILED
31252,9,4,4636.80,2026-08-12 11:27:00,PENDING
31253,4,9,3970.90,2026-08-09 15:16:00,SUCCESS
31254,2,13,175.50,2026-08-27 05:00:00,REFUNDED
31255,1,19,606.70,2026-08-29 21:21:00,SUCCESS
31256,4,16,1544.90,2026-08-16 19:28:00,SUCCESS
31257,1,16,4732.00,2026-08-27 17:07:00,PENDING
31258,9,20,154.90,2026-08-02 05:01:00,FAILED
31259,2,12,3332.70,2026-08-01 08:58:00,SUCCESS
31260,1,1,5000,INVALID_DATE_TIME,SUCCESS
31261,3,2,2911.70,2026-08-20 15:54:00,PENDING
31262,8,6,4309.50,2026-08-28 07:46:00,PENDING
31263,8,9,3928.10,2026-08-08 11:03:00,REFUNDED
31264,2,20,2805.20,2026-08-26 16:49:00,REFUNDED
31265,10,6,3570.70,2026-08-09 04:33:00,FAILED
31266,8,18,1982.40,2026-08-27 15:18:00,PENDING
31267,9,8,3743.30,2026-08-25 23:14:00,REFUNDED
31268,8,20,1633.60,2026-08-05 01:46:00,PENDING
31269,4,5,3622.80,2026-08-20 15:28:00,PENDING
31270,10,9,3714.90,2026-08-22 18:25:00,REFUNDED
31271,9,20,2335.20,2026-08-14 09:44:00,REFUNDED
31272,10,18,4608.50,2026-08-27 06:04:00,REFUNDED
31273,2,6,2338.80,2026-08-14 20:14:00,SUCCESS
31274,2,1,1889.90,2026-08-19 16:15:00,FAILED
31275,2,2,3347.10,2026-08-27 22:40:00,PENDING
31276,9,5,1704.80,2026-08-26 11:31:00,FAILED
31277,4,3,303.50,2026-08-28 20:59:00,FAILED
31278,6,18,2907.70,2026-08-16 01:51:00,REFUNDED
31279,5,19,1169.40,2026-08-11 18:24:00,FAILED
31280,10,9,3942.10,2026-08-28 08:48:00,FAILED
31281,10,7,4849.50,2026-08-29 04:00:00,PENDING
31282,3,18,3114.70,2026-08-19 11:28:00,REFUNDED
31283,7,20,2376.80,2026-08-04 17:34:00,PENDING
31284,3,20,1038.20,2026-08-15 08:37:00,REFUNDED
31285,1,2,2576.10,2026-08-16 11:37:00,SUCCESS
31286,9,19,984.80,2026-08-27 05:44:00,REFUNDED
31287,5,9,186.60,2026-08-25 13:32:00,REFUNDED
31288,1,16,736.80,2026-08-01 12:21:00,SUCCESS
31289,10,2,2204.30,2026-08-06 08:58:00,PENDING
31290,9,11,1822.90,2026-08-06 20:58:00,SUCCESS
31291,3,17,237.40,2026-08-23 02:40:00,PENDING
31292,6,19,3278.10,2026-08-22 14:04:00,FAILED
31293,9,5,1192.30,2026-08-19 13:01:00,SUCCESS
31294,2,8,3809.50,2026-08-20 20:50:00,FAILED
31295,4,8,661.60,2026-08-14 12:02:00,REFUNDED
31296,8,5,3927.80,2026-08-13 19:24:00,SUCCESS
31297,5,18,2717.30,2026-08-20 11:12:00,FAILED
31298,7,20,343.00,2026-08-31 02:53:00,REFUNDED
31299,9,4,4894.20,2026-08-20 15:35:00,PENDING
31300,7,8,2065.20,2026-08-26 10:26:00,SUCCESS
31301,2,1,2421.30,2026-08-07 11:47:00,SUCCESS
31302,7,16,4830.80,2026-08-28 17:52:00,PENDING
31303,9,19,2628.00,2026-08-14 16:17:00,REFUNDED
31304,10,19,4551.30,2026-08-07 03:34:00,PENDING
31305,10,2,604.90,2026-08-25 10:13:00,REFUNDED
31306,7,6,2202.90,2026-08-27 21:26:00,FAILED
31307,1,7,4371.80,2026-08-27 08:45:00,FAILED
31308,9,6,1897.30,2026-08-15 19:07:00,FAILED
31309,6,20,785.90,2026-08-05 04:00:00,SUCCESS
31310,1,10,4244.70,2026-08-29 08:08:00,FAILED
31311,3,20,4906.90,2026-08-30 02:37:00,REFUNDED
31312,6,9,4796.10,2026-08-24 20:05:00,REFUNDED
31313,3,6,2155.30,2026-08-19 20:06:00,FAILED
31314,7,19,318.80,2026-08-26 22:11:00,FAILED
31315,4,20,4932.10,2026-08-30 21:32:00,REFUNDED
31316,3,8,1680.10,2026-08-24 01:09:00,PENDING
31317,1,10,1250.50,2026-08-21 03:26:00,SUCCESS
31318,5,8,4121.00,2026-08-13 16:58:00,PENDING
31319,6,15,2732.70,2026-08-30 17:08:00,FAILED
31320,5,1,2049.00,2026-08-20 03:15:00,REFUNDED
31321,7,3,2449.30,2026-08-17 07:56:00,SUCCESS
31322,3,16,311.40,2026-08-23 19:08:00,PENDING
31323,1,6,406.50,2026-08-31 07:43:00,PENDING
31324,6,14,3506.60,2026-08-31 06:08:00,PENDING
31325,7,18,4413.30,2026-08-26 03:24:00,FAILED
31326,4,10,4188.20,2026-08-28 03:47:00,FAILED
31327,2,1,3391.60,2026-08-07 02:02:00,PENDING
31328,1,7,808.50,2026-08-29 04:19:00,PENDING
31329,4,15,3212.20,2026-08-20 01:39:00,PENDING
31330,5,16,2619.60,2026-08-25 09:30:00,REFUNDED
31331,3,19,589.50,2026-08-13 05:12:00,SUCCESS
31332,1,1,NOT_A_NUMBER,2026-08-01 12:00:00,SUCCESS
31333,3,1,3735.20,2026-08-25 14:10:00,SUCCESS
31334,4,15,4237.00,2026-08-06 10:20:00,SUCCESS
31335,7,5,2735.60,2026-08-24 04:15:00,SUCCESS
31336,6,14,218.20,2026-08-10 12:28:00,SUCCESS
31337,5,5,2670.60,2026-08-28 05:57:00,REFUNDED
31338,4,5,596.10,2026-08-30 16:44:00,PENDING
31339,4,19,3198.50,2026-08-13 11:50:00,FAILED
31340,4,9,3047.00,2026-08-23 21:56:00,FAILED
31341,1,1,2576.90,2026-08-13 15:16:00,REFUNDED
31342,4,19,1684.80,2026-08-08 23:46:00,FAILED
31343,4,8,3094.50,2026-08-13 19:04:00,SUCCESS
31344,1,10,4968.20,2026-08-04 21:16:00,REFUNDED
31345,3,3,2808.00,2026-08-22 04:56:00,PENDING
31346,4,2,1688.70,2026-08-29 16:26:00,FAILED
31347,6,1,3915.40,2026-08-29 19:47:00,REFUNDED
31348,3,18,2865.20,2026-08-05 16:54:00,PENDING
31349,2,8,3158.80,2026-08-26 11:46:00,SUCCESS
31350,9,18,2398.10,2026-08-29 08:53:00,SUCCESS
31351,7,3,299.70,2026-08-29 17:23:00,PENDING
31352,4,7,117.70,2026-08-10 06:12:00,PENDING
31353,7,18,1053.60,2026-08-30 03:50:00,FAILED
31354,7,19,4997.00,2026-08-04 13:42:00,FAILED
31355,2,7,3191.70,2026-08-15 22:32:00,PENDING
31356,9,20,3544.90,2026-08-13 16:18:00,SUCCESS
31357,8,3,1679.50,2026-08-23 13:00:00,SUCCESS
31358,1,11,102.50,2026-08-28 17:14:00,PENDING
31359,3,19,2286.80,2026-08-29 10:56:00,FAILED
31360,3,8,4307.30,2026-08-27 04:37:00,REFUNDED
31361,1,2,4096.50,2026-08-01 22:12:00,REFUNDED
31362,8,7,1317.30,2026-08-14 20:48:00,PENDING
31363,7,9,1988.30,2026-08-11 12:34:00,PENDING
31364,10,10,2635.40,2026-08-15 22:43:00,SUCCESS
31365,1,19,830.90,2026-08-14 21:18:00,SUCCESS
31366,9,10,3783.00,2026-08-09 03:57:00,REFUNDED
31367,3,5,3899.50,2026-08-13 14:59:00,SUCCESS
31368,5,10,955.30,2026-08-16 19:56:00,PENDING
31369,1,17,535.90,2026-08-03 19:12:00,REFUNDED
31370,4,14,4433.10,2026-08-05 02:56:00,PENDING
31371,3,5,1660.60,2026-08-21 19:31:00,PENDING
31372,4,13,4283.50,2026-08-12 17:22:00,PENDING
31373,7,4,4896.40,2026-08-11 03:04:00,SUCCESS
31374,2,16,1895.10,2026-08-07 18:21:00,SUCCESS
31375,9,12,734.00,2026-08-05 02:51:00,PENDING
31376,3,4,3845.00,2026-08-14 21:30:00,PENDING
31377,7,4,293.90,2026-08-23 10:05:00,REFUNDED
31378,2,2,3610.70,2026-08-18 04:48:00,SUCCESS
31379,4,1,958.50,2026-08-19 21:27:00,REFUNDED
31380,10,3,124.90,2026-08-18 15:12:00,FAILED
31381,6,19,3485.80,2026-08-15 02:53:00,SUCCESS
31382,7,14,942.80,2026-08-27 04:27:00,SUCCESS
31383,7,3,4647.20,2026-08-26 13:53:00,REFUNDED
31384,3,5,1190.50,2026-08-29 12:15:00,FAILED
31385,2,20,460.10,2026-08-16 08:30:00,SUCCESS
31386,9,18,3324.40,2026-08-28 22:29:00,SUCCESS
31387,10,13,641.80,2026-08-02 08:16:00,REFUNDED
31388,6,15,1739.80,2026-08-12 01:16:00,SUCCESS
31389,4,16,3162.80,2026-08-14 12:09:00,SUCCESS
31390,4,13,2724.90,2026-08-04 07:21:00,PENDING
31391,9,1,664.50,2026-08-23 22:39:00,REFUNDED
31392,7,13,675.90,2026-08-14 11:56:00,SUCCESS
31393,7,3,4396.40,2026-08-26 03:43:00,SUCCESS
31394,5,7,2306.70,2026-08-25 09:17:00,FAILED
31395,1,4,2671.50,2026-08-21 11:28:00,PENDING
31396,4,16,4099.40,2026-08-18 11:02:00,REFUNDED
31397,3,19,3925.50,2026-08-08 00:24:00,FAILED
31398,7,9,4909.00,2026-08-06 18:37:00,FAILED
31399,9,1,2928.60,2026-08-25 05:35:00,REFUNDED
31400,5,14,852.80,2026-08-18 03:39:00,SUCCESS
31401,9,5,638.60,2026-08-16 17:00:00,PENDING
31402,9,14,2215.60,2026-08-05 17:54:00,SUCCESS
31403,3,2,1844.60,2026-08-12 09:48:00,REFUNDED
31404,3,2,356.50,2026-08-13 11:48:00,REFUNDED
31405,6,7,3530.80,2026-08-11 18:49:00,PENDING
31406,9,17,533.80,2026-08-20 16:27:00,REFUNDED
31407,5,5,2983.70,2026-08-18 10:05:00,SUCCESS
31408,6,7,4185.00,2026-08-17 13:44:00,REFUNDED
31409,4,9,3958.10,2026-08-10 10:13:00,FAILED
31410,10,7,1000.00,2026-08-07 20:04:00,REFUNDED
31411,9,12,3963.20,2026-08-24 23:26:00,REFUNDED
31412,10,15,639.30,2026-08-06 10:27:00,FAILED
31413,10,6,3107.70,2026-08-22 09:34:00,SUCCESS
31414,7,3,2740.10,2026-08-30 08:22:00,PENDING
31415,9,18,521.50,2026-08-21 11:12:00,SUCCESS
31416,7,15,1133.20,2026-08-09 18:06:00,SUCCESS
31417,3,16,1081.80,2026-08-02 14:56:00,REFUNDED
31418,1,15,3340.10,2026-08-20 08:37:00,PENDING
31419,4,10,3760.30,2026-08-29 22:58:00,PENDING
31420,9,15,4573.80,2026-08-21 19:24:00,PENDING
31421,6,6,558.70,2026-08-02 01:52:00,FAILED
31422,1,20,4020.60,2026-08-27 00:52:00,FAILED
31423,9,14,3681.00,2026-08-15 06:31:00,FAILED
31424,7,12,482.40,2026-08-28 20:50:00,REFUNDED
31425,4,2,834.10,2026-08-16 03:11:00,PENDING
31426,9,5,2590.10,2026-08-28 22:23:00,REFUNDED
31427,2,2,4902.60,2026-08-16 06:22:00,REFUNDED
31428,7,4,3014.60,2026-08-28 12:59:00,REFUNDED
31429,6,8,270.70,2026-08-25 01:19:00,PENDING
31430,2,5,1540.10,2026-08-30 19:58:00,SUCCESS
31431,6,8,3805.40,2026-08-23 01:45:00,REFUNDED
31432,5,14,345.00,2026-08-17 07:49:00,SUCCESS
31433,1,1,5000,INVALID_DATE_TIME,SUCCESS
31434,2,19,872.10,2026-08-26 22:32:00,SUCCESS
31435,4,6,5004.50,2026-08-17 03:01:00,REFUNDED
31436,10,14,381.20,2026-08-03 03:34:00,SUCCESS
31437,5,7,102.80,2026-08-11 15:02:00,FAILED
31438,4,12,1048.00,2026-08-10 21:23:00,REFUNDED
31439,6,3,4667.10,2026-08-05 08:52:00,SUCCESS
31440,8,7,1547.10,2026-08-11 17:05:00,FAILED
31441,8,9,4840.50,2026-08-14 22:05:00,REFUNDED
31442,7,16,3452.40,2026-08-24 21:09:00,PENDING
31443,3,13,3455.40,2026-08-24 10:06:00,PENDING
31444,4,5,1639.50,2026-08-19 04:17:00,REFUNDED
31445,2,6,2032.40,2026-08-20 13:23:00,REFUNDED
31446,6,9,980.20,2026-08-01 13:32:00,FAILED
31447,1,9,2553.20,2026-08-18 14:31:00,SUCCESS
31448,7,19,395.10,2026-08-09 20:39:00,REFUNDED
31449,2,19,686.00,2026-08-27 15:25:00,SUCCESS
31450,2,8,4969.50,2026-08-25 16:31:00,REFUNDED
31451,1,1,5000,INVALID_DATE_TIME,SUCCESS
31452,3,17,3274.30,2026-08-17 03:38:00,PENDING
31453,1,1,5000,INVALID_DATE_TIME,SUCCESS
31454,3,20,928.90,2026-08-25 06:43:00,SUCCESS
31455,9,6,2985.00,2026-08-21 17:35:00,REFUNDED
31456,2,1,329.30,2026-08-14 15:50:00,REFUNDED
31457,7,16,315.30,2026-08-07 09:11:00,PENDING
31458,1,15,2234.10,2026-08-17 19:07:00,SUCCESS
31459,5,2,1509.10,2026-08-18 15:48:00,PENDING
31460,8,20,3091.10,2026-08-06 02:47:00,FAILED
31461,4,1,4652.10,2026-08-29 13:22:00,PENDING
31462,6,1,2446.50,2026-08-27 10:27:00,PENDING
31463,4,3,2059.80,2026-08-14 16:52:00,REFUNDED
31464,1,15,2196.30,2026-08-03 11:47:00,REFUNDED
31465,1,10,2039.60,2026-08-14 04:35:00,REFUNDED
31466,2,8,3051.50,2026-08-08 23:08:00,SUCCESS
31467,3,9,3716.60,2026-08-09 03:35:00,PENDING
31468,8,12,1039.60,2026-08-14 22:47:00,SUCCESS
31469,6,6,3551.70,2026-08-11 14:53:00,PENDING
31470,8,16,4581.20,2026-08-30 03:23:00,PENDING
31471,2,2,3419.30,2026-08-11 22:30:00,REFUNDED
31472,9,18,4077.20,2026-08-20 00:44:00,PENDING
31473,1,100.00
31474,3,11,433.30,2026-08-03 14:07:00,SUCCESS
31475,2,11,61.20,2026-08-15 00:12:00,SUCCESS
31476,6,5,2987.70,2026-08-19 16:20:00,FAILED
31477,1,11,4280.30,2026-08-08 12:52:00,SUCCESS
31478,6,6,708.50,2026-08-02 11:46:00,REFUNDED
31479,9,19,2959.80,2026-08-15 23:32:00,REFUNDED
31480,7,8,4496.30,2026-08-13 06:19:00,SUCCESS
31481,7,14,1915.20,2026-08-19 17:41:00,REFUNDED
31482,5,13,3360.40,2026-08-15 06:10:00,PENDING
31483,2,2,4477.00,2026-08-21 03:54:00,REFUNDED
31484,1,100.00
31485,9,15,4573.20,2026-08-24 15:54:00,SUCCESS
31486,3,20,769.30,2026-08-30 19:28:00,PENDING
31487,5,17,120.20,2026-08-06 12:07:00,REFUNDED
31488,3,19,379.10,2026-08-04 16:05:00,PENDING
31489,3,17,4673.00,2026-08-05 18:46:00,SUCCESS
31490,10,9,221.80,2026-08-21 21:12:00,REFUNDED
31491,8,20,4534.50,2026-08-12 21:24:00,FAILED
31492,5,5,4901.20,2026-08-01 09:12:00,REFUNDED
31493,2,2,4325.80,2026-08-02 20:30:00,FAILED
31494,8,15,1940.10,2026-08-16 07:17:00,SUCCESS
31495,1,8,146.80,2026-08-11 00:22:00,SUCCESS
31496,5,10,3313.60,2026-08-22 00:00:00,REFUNDED
31497,4,2,2823.70,2026-08-25 22:36:00,REFUNDED
31498,4,15,4723.70,2026-08-02 15:40:00,FAILED
31499,1,10,677.50,2026-08-30 08:14:00,REFUNDED
31500,7,20,4785.70,2026-08-11 10:47:00,FAILED
31501,5,18,861.70,2026-08-27 18:43:00,SUCCESS
31502,10,6,139.00,2026-08-02 22:16:00,SUCCESS
31503,10,5,704.30,2026-08-13 06:59:00,SUCCESS
31504,1,1,4988.70,2026-08-11 16:35:00,PENDING
31505,7,6,498.30,2026-08-11 18:04:00,FAILED
31506,2,14,3860.60,2026-08-15 12:15:00,REFUNDED
31507,7,13,4564.80,2026-08-27 23:11:00,REFUNDED
31508,10,10,4642.60,2026-08-20 09:51:00,SUCCESS
31509,1,5,448.60,2026-08-08 10:21:00,SUCCESS
31510,5,17,2894.80,2026-08-05 20:39:00,SUCCESS
31511,5,7,2597.40,2026-08-18 01:14:00,FAILED
31512,7,9,956.80,2026-08-19 10:21:00,FAILED
31513,5,20,3216.40,2026-08-22 23:09:00,PENDING
31514,3,5,2717.00,2026-08-18 15:10:00,FAILED
31515,9,20,2857.40,2026-08-30 14:54:00,REFUNDED
31516,4,9,4325.30,2026-08-11 12:08:00,REFUNDED
31517,3,15,2580.50,2026-08-27 02:13:00,SUCCESS
31518,8,15,682.10,2026-08-17 13:28:00,SUCCESS
31519,2,3,81.00,2026-08-17 23:56:00,FAILED
31520,6,1,4294.00,2026-08-13 15:11:00,PENDING
31521,7,17,3351.20,2026-08-24 01:55:00,REFUNDED
31522,4,20,3538.10,2026-08-27 04:19:00,REFUNDED
31523,8,2,2601.70,2026-08-21 13:57:00,PENDING
31524,10,5,2284.20,2026-08-20 05:06:00,SUCCESS
31525,6,2,3733.50,2026-08-23 01:35:00,PENDING
31526,6,4,719.50,2026-08-18 12:26:00,REFUNDED
31527,10,9,1336.20,2026-08-02 10:32:00,FAILED
31528,7,13,1630.40,2026-08-28 08:40:00,PENDING
31529,5,9,321.80,2026-08-03 06:23:00,SUCCESS
31530,7,18,3536.00,2026-08-29 20:56:00,REFUNDED
31531,1,20,4515.60,2026-08-09 12:24:00,PENDING
31532,2,9,1729.80,2026-08-08 00:01:00,REFUNDED
31533,7,7,3602.50,2026-08-29 09:28:00,FAILED
31534,8,12,4990.00,2026-08-20 10:26:00,PENDING
31535,6,18,3265.70,2026-08-02 19:47:00,SUCCESS
31536,8,20,3862.60,2026-08-26 05:44:00,SUCCESS
31537,4,20,4609.70,2026-08-17 16:41:00,REFUNDED
31538,4,6,160.60,2026-08-10 22:56:00,SUCCESS
31539,9,17,4582.10,2026-08-08 13:02:00,SUCCESS
31540,4,10,4217.00,2026-08-14 02:22:00,PENDING
31541,2,14,2644.80,2026-08-11 12:08:00,SUCCESS
31542,2,13,1791.00,2026-08-27 17:39:00,FAILED
31543,2,11,503.00,2026-08-30 22:21:00,REFUNDED
31544,9,14,423.50,2026-08-07 04:15:00,REFUNDED
31545,4,17,2887.70,2026-08-17 16:34:00,FAILED
31546,4,19,913.70,2026-08-04 08:23:00,REFUNDED
31547,7,12,1885.10,2026-08-07 09:07:00,FAILED
31548,3,8,4999.90,2026-08-22 13:12:00,REFUNDED
31549,6,18,4089.80,2026-08-02 07:53:00,FAILED
31550,4,12,211.30,2026-08-24 16:20:00,FAILED
31551,4,3,1977.40,2026-08-12 11:09:00,SUCCESS
31552,5,4,2204.50,2026-08-25 03:33:00,REFUNDED
31553,3,20,1809.70,2026-08-28 18:02:00,REFUNDED
31554,9,13,4671.70,2026-08-24 03:31:00,REFUNDED
31555,10,1,847.10,2026-08-27 11:00:00,FAILED
31556,2,20,3272.60,2026-08-07 04:06:00,FAILED
31557,8,8,2949.60,2026-08-02 06:24:00,PENDING
31558,9,6,4654.40,2026-08-29 06:55:00,REFUNDED
31559,10,13,4423.50,2026-08-15 08:50:00,SUCCESS
31560,3,20,1571.40,2026-08-21 12:20:00,FAILED
31561,2,1,118.40,2026-08-11 11:48:00,PENDING
31562,10,17,2808.90,2026-08-20 07:39:00,FAILED
31563,1,3,4328.70,2026-08-20 13:33:00,REFUNDED
31564,1,18,2325.40,2026-08-24 03:19:00,FAILED
31565,6,9,1593.80,2026-08-08 11:50:00,FAILED
31566,5,5,3714.50,2026-08-04 16:16:00,REFUNDED
31567,6,8,591.20,2026-08-23 13:34:00,PENDING
31568,6,11,4640.30,2026-08-03 06:59:00,PENDING
31569,8,19,1330.50,2026-08-29 11:43:00,PENDING
31570,2,3,2675.70,2026-08-11 13:12:00,PENDING
31571,4,15,3869.50,2026-08-19 15:52:00,SUCCESS
31572,10,2,1262.30,2026-08-25 13:38:00,SUCCESS
31573,9,9,336.00,2026-08-22 08:59:00,FAILED
31574,4,13,2890.80,2026-08-08 00:32:00,FAILED
31575,10,7,1043.80,2026-08-14 17:06:00,SUCCESS
31576,9,5,833.30,2026-08-29 06:14:00,REFUNDED
31577,5,7,3701.50,2026-08-28 19:12:00,PENDING
31578,6,10,362.10,2026-08-20 04:29:00,PENDING
31579,9,11,4752.40,2026-08-14 16:05:00,FAILED
31580,2,20,1120.30,2026-08-04 02:24:00,SUCCESS
31581,6,7,5037.00,2026-08-15 00:53:00,PENDING
31582,5,8,3062.70,2026-08-01 22:46:00,REFUNDED
31583,6,9,3480.70,2026-08-25 22:55:00,PENDING
31584,1,1,1324.60,2026-08-07 20:41:00,SUCCESS
31585,5,15,1866.00,2026-08-09 17:54:00,SUCCESS
31586,7,5,1340.00,2026-08-27 12:13:00,REFUNDED
31587,10,2,2049.00,2026-08-24 04:17:00,SUCCESS
31588,8,4,1602.20,2026-08-30 21:33:00,FAILED
31589,4,6,2596.30,2026-08-21 02:22:00,REFUNDED
31590,10,1,2246.20,2026-08-20 08:26:00,REFUNDED
31591,5,13,491.30,2026-08-16 10:14:00,REFUNDED
31592,3,16,3205.10,2026-08-27 21:53:00,REFUNDED
31593,5,10,1641.20,2026-08-04 12:37:00,SUCCESS
31594,7,12,4114.60,2026-08-21 23:55:00,REFUNDED
31595,4,6,5022.80,2026-08-27 12:17:00,PENDING
31596,8,6,3317.20,2026-08-16 03:34:00,PENDING
31597,8,4,3480.70,2026-08-27 13:42:00,REFUNDED
31598,1,4,1604.40,2026-08-15 08:00:00,SUCCESS
31599,1,5,3803.40,2026-08-05 23:16:00,SUCCESS
31600,1,8,3624.20,2026-08-27 09:37:00,REFUNDED
31601,2,14,4426.50,2026-08-21 21:30:00,REFUNDED
31602,7,1,4010.40,2026-08-17 21:55:00,FAILED
31603,10,16,402.30,2026-08-14 20:39:00,FAILED
31604,8,9,4853.40,2026-08-04 10:43:00,REFUNDED
31605,4,3,3037.70,2026-08-26 04:02:00,FAILED
31606,2,13,1083.20,2026-08-13 06:04:00,PENDING
31607,2,4,2967.00,2026-08-13 20:56:00,SUCCESS
31608,8,13,3818.10,2026-08-05 17:29:00,FAILED
31609,6,17,2968.40,2026-08-26 12:49:00,PENDING
31610,1,100.00
31611,1,3,334.20,2026-08-06 20:18:00,FAILED
31612,9,5,1487.60,2026-08-15 09:30:00,PENDING
31613,5,2,3474.10,2026-08-17 11:11:00,REFUNDED
31614,9,16,3532.30,2026-08-02 21:21:00,REFUNDED
31615,4,3,3138.80,2026-08-14 10:58:00,REFUNDED
31616,6,4,3692.50,2026-08-27 11:15:00,REFUNDED
31617,3,18,3916.80,2026-08-07 14:59:00,REFUNDED
31618,4,5,995.00,2026-08-12 16:55:00,PENDING
31619,9,15,3605.30,2026-08-12 03:25:00,SUCCESS
31620,5,6,2260.10,2026-08-21 05:48:00,SUCCESS
31621,8,11,4590.20,2026-08-11 16:01:00,REFUNDED
31622,5,20,1946.80,2026-08-14 08:46:00,REFUNDED
31623,8,19,4391.30,2026-08-12 08:02:00,REFUNDED
31624,9,20,4160.90,2026-08-03 23:36:00,PENDING
31625,2,17,1233.90,2026-08-29 07:58:00,FAILED
31626,3,7,328.50,2026-08-19 12:35:00,FAILED
31627,1,2,2128.20,2026-08-09 03:59:00,PENDING
31628,10,1,3035.30,2026-08-15 02:31:00,SUCCESS
31629,5,10,3713.20,2026-08-21 06:34:00,PENDING
31630,6,18,2510.10,2026-08-23 16:20:00,SUCCESS
31631,7,15,835.00,2026-08-15 11:00:00,REFUNDED
31632,1,9,74.00,2026-08-16 20:51:00,REFUNDED
31633,3,18,3949.70,2026-08-05 15:52:00,PENDING
31634,9,18,437.60,2026-08-04 23:14:00,FAILED
31635,6,9,2353.30,2026-08-08 10:41:00,FAILED
31636,1,12,1653.80,2026-08-10 14:56:00,REFUNDED
31637,4,5,4355.90,2026-08-13 00:01:00,SUCCESS
31638,8,2,1561.20,2026-08-28 04:03:00,SUCCESS
31639,10,13,1453.00,2026-08-21 13:48:00,SUCCESS
31640,1,5,4063.90,2026-08-04 09:43:00,SUCCESS
31641,4,8,4408.80,2026-08-25 20:44:00,FAILED
31642,7,20,3712.70,2026-08-26 09:18:00,REFUNDED
31643,7,8,2312.30,2026-08-03 05:35:00,FAILED
31644,1,3,1605.50,2026-08-28 16:02:00,FAILED
31645,8,11,4788.60,2026-08-27 18:58:00,PENDING
31646,4,7,1927.50,2026-08-16 09:10:00,FAILED
31647,3,2,4505.90,2026-08-27 03:55:00,REFUNDED
31648,2,4,953.50,2026-08-04 13:51:00,REFUNDED
31649,1,100.00
31650,5,19,2900.60,2026-08-22 16:07:00,SUCCESS
31651,4,15,4342.00,2026-08-24 11:48:00,PENDING
31652,7,16,4108.80,2026-08-06 14:50:00,SUCCESS
31653,6,20,4611.00,2026-08-25 15:31:00,FAILED
31654,5,20,661.30,2026-08-15 15:58:00,REFUNDED
31655,7,14,3463.10,2026-08-11 12:28:00,PENDING
31656,10,16,3062.10,2026-08-20 05:00:00,REFUNDED
31657,7,8,3311.60,2026-08-12 19:51:00,FAILED
31658,10,14,1289.80,2026-08-02 14:30:00,PENDING
31659,7,1,475.60,2026-08-07 09:51:00,FAILED
31660,5,5,127.40,2026-08-16 11:32:00,REFUNDED
31661,4,14,3072.10,2026-08-06 00:59:00,FAILED
31662,1,18,1324.00,2026-08-24 23:27:00,FAILED
31663,6,11,3694.40,2026-08-04 18:29:00,SUCCESS
31664,4,15,1846.20,2026-08-14 19:20:00,SUCCESS
31665,8,16,4250.30,2026-08-10 04:14:00,REFUNDED
31666,8,1,4001.20,2026-08-15 19:43:00,FAILED
31667,8,4,3554.60,2026-08-11 23:38:00,PENDING
31668,1,20,402.20,2026-08-10 17:33:00,REFUNDED
31669,8,1,5028.60,2026-08-29 23:08:00,PENDING
31670,7,20,2540.10,2026-08-26 14:36:00,REFUNDED
31671,5,13,3912.20,2026-08-15 10:57:00,SUCCESS
31672,10,10,1936.60,2026-08-29 15:39:00,FAILED
31673,7,18,1122.50,2026-08-16 21:57:00,FAILED
31674,4,1,2426.50,2026-08-30 02:13:00,SUCCESS
31675,4,9,2626.30,2026-08-07 05:00:00,FAILED
31676,8,13,2750.70,2026-08-15 17:45:00,PENDING
31677,8,3,3117.60,2026-08-30 23:50:00,FAILED
31678,7,14,4686.10,2026-08-18 07:59:00,SUCCESS
31679,7,5,709.80,2026-08-09 12:31:00,FAILED
31680,10,15,4785.60,2026-08-25 05:33:00,SUCCESS
31681,9,2,2599.80,2026-08-08 03:24:00,SUCCESS
31682,4,15,4172.60,2026-08-25 12:50:00,REFUNDED
31683,6,4,4680.20,2026-08-18 16:56:00,SUCCESS
31684,8,1,3055.60,2026-08-15 07:17:00,REFUNDED
31685,10,6,4775.90,2026-08-01 13:57:00,SUCCESS
31686,1,11,1559.70,2026-08-14 08:20:00,SUCCESS
31687,10,14,585.50,2026-08-28 04:12:00,REFUNDED
31688,10,3,2578.20,2026-08-21 04:56:00,FAILED
31689,3,16,4654.80,2026-08-25 18:13:00,SUCCESS
31690,5,2,3140.20,2026-08-13 21:54:00,PENDING
31691,3,19,866.70,2026-08-26 20:49:00,REFUNDED
31692,6,5,1833.50,2026-08-25 18:54:00,FAILED
31693,7,8,52.70,2026-08-18 04:46:00,SUCCESS
31694,8,16,4277.20,2026-08-30 19:17:00,REFUNDED
31695,5,5,4865.10,2026-08-23 21:49:00,REFUNDED
31696,6,5,2956.40,2026-08-21 07:12:00,PENDING
31697,5,13,212.00,2026-08-27 18:22:00,PENDING
31698,10,10,2387.50,2026-08-30 09:22:00,SUCCESS
31699,6,20,3444.10,2026-08-21 23:52:00,FAILED
31700,2,20,1193.00,2026-08-06 02:19:00,PENDING
31701,1,2,3995.00,2026-08-13 18:31:00,REFUNDED
31702,10,9,1058.20,2026-08-23 15:29:00,REFUNDED
31703,9,7,1267.30,2026-08-11 16:11:00,FAILED
31704,1,9,340.80,2026-08-18 09:03:00,SUCCESS
31705,9,2,1929.70,2026-08-23 10:14:00,SUCCESS
31706,4,15,1267.30,2026-08-05 07:23:00,FAILED
31707,6,15,4208.30,2026-08-30 04:04:00,SUCCESS
31708,10,1,1264.10,2026-08-17 01:38:00,REFUNDED
31709,7,18,1182.70,2026-08-14 14:36:00,PENDING
31710,9,17,1394.30,2026-08-12 14:14:00,SUCCESS
31711,6,6,889.40,2026-08-25 11:44:00,SUCCESS
31712,5,1,1165.00,2026-08-26 08:42:00,REFUNDED
31713,3,4,4194.40,2026-08-15 17:48:00,REFUNDED
31714,9,9,967.10,2026-08-26 22:36:00,FAILED
31715,1,4,1096.80,2026-08-21 02:50:00,REFUNDED
31716,3,3,561.90,2026-08-03 09:06:00,FAILED
31717,10,17,2280.20,2026-08-18 23:11:00,FAILED
31718,6,16,4706.60,2026-08-04 13:19:00,FAILED
31719,7,15,411.50,2026-08-07 01:36:00,PENDING
31720,8,4,1315.50,2026-08-11 21:05:00,FAILED
31721,5,9,4209.90,2026-08-14 15:30:00,FAILED
31722,3,19,3035.30,2026-08-28 21:11:00,SUCCESS
31723,3,1,365.90,2026-08-11 18:11:00,PENDING
31724,2,18,2097.80,2026-08-01 20:40:00,FAILED
31725,3,4,1177.90,2026-08-17 01:25:00,FAILED
31726,3,18,3981.60,2026-08-18 19:32:00,PENDING
31727,4,4,4250.80,2026-08-01 23:12:00,FAILED
31728,7,14,782.10,2026-08-13 15:27:00,REFUNDED
31729,1,3,1451.40,2026-08-23 21:56:00,PENDING
31730,10,18,4367.90,2026-08-07 17:35:00,PENDING
31731,7,9,3547.70,2026-08-14 07:51:00,SUCCESS
31732,8,19,4187.90,2026-08-07 04:25:00,REFUNDED
31733,10,14,670.30,2026-08-02 09:39:00,PENDING
31734,6,16,3646.30,2026-08-28 20:51:00,PENDING
31735,4,7,3522.90,2026-08-16 16:46:00,FAILED
31736,3,15,3650.70,2026-08-23 09:59:00,REFUNDED
31737,1,10,3851.80,2026-08-04 20:52:00,SUCCESS
31738,7,2,1430.50,2026-08-25 18:07:00,SUCCESS
31739,1,1,4895.10,2026-08-08 23:49:00,SUCCESS
31740,1,12,3266.50,2026-08-16 21:04:00,PENDING
31741,4,11,1641.90,2026-08-02 05:21:00,SUCCESS
31742,7,10,1329.00,2026-08-19 01:56:00,REFUNDED
31743,2,2,3689.30,2026-08-30 21:22:00,FAILED
31744,5,4,3766.00,2026-08-14 13:16:00,FAILED
31745,10,19,640.90,2026-08-23 09:35:00,FAILED
31746,4,17,633.80,2026-08-29 03:58:00,SUCCESS
31747,3,11,4140.60,2026-08-08 22:02:00,REFUNDED
31748,8,3,4128.10,2026-08-22 20:43:00,SUCCESS
31749,3,11,861.10,2026-08-18 05:24:00,REFUNDED
31750,9,9,2778.50,2026-08-14 05:57:00,REFUNDED
31751,6,16,2110.80,2026-08-20 07:02:00,PENDING
31752,5,20,2800.30,2026-08-08 02:16:00,FAILED
31753,8,2,3336.40,2026-08-01 21:17:00,FAILED
31754,6,10,4388.00,2026-08-01 09:16:00,SUCCESS
31755,7,3,682.40,2026-08-20 04:02:00,REFUNDED
31756,10,19,1229.10,2026-08-22 09:47:00,FAILED
31757,7,1,3526.30,2026-08-21 20:58:00,PENDING
31758,7,18,479.70,2026-08-13 09:40:00,REFUNDED
31759,7,11,284.60,2026-08-07 04:49:00,FAILED
31760,3,20,1527.40,2026-08-05 03:19:00,FAILED
31761,5,4,4219.70,2026-08-03 18:46:00,REFUNDED
31762,6,5,3160.00,2026-08-07 15:13:00,SUCCESS
31763,9,2,4635.30,2026-08-08 22:15:00,FAILED
31764,8,1,988.00,2026-08-12 06:42:00,SUCCESS
31765,6,11,2130.40,2026-08-16 01:12:00,REFUNDED
31766,9,17,3471.10,2026-08-22 16:30:00,REFUNDED
31767,9,18,768.40,2026-08-16 19:15:00,FAILED
31768,2,11,3869.00,2026-08-21 08:30:00,FAILED
31769,8,5,2478.90,2026-08-08 23:05:00,FAILED
31770,10,2,4843.90,2026-08-17 05:29:00,SUCCESS
31771,3,13,1053.40,2026-08-11 13:34:00,FAILED
31772,10,12,479.50,2026-08-28 05:15:00,SUCCESS
31773,9,3,644.00,2026-08-12 11:03:00,PENDING
31774,9,8,4569.10,2026-08-24 18:15:00,SUCCESS
31775,1,7,4634.80,2026-08-30 10:06:00,FAILED
31776,8,6,720.40,2026-08-19 23:41:00,PENDING
31777,6,19,3148.70,2026-08-02 11:37:00,REFUNDED
31778,1,15,2070.60,2026-08-11 04:08:00,REFUNDED
31779,8,11,768.90,2026-08-19 05:38:00,FAILED
31780,6,6,197.70,2026-08-21 08:33:00,PENDING
31781,5,9,1840.90,2026-08-19 09:48:00,REFUNDED
31782,10,6,4511.60,2026-08-03 18:01:00,PENDING
31783,4,19,1925.50,2026-08-04 19:05:00,REFUNDED
31784,4,6,2796.60,2026-08-02 04:25:00,SUCCESS
31785,2,4,413.20,2026-08-15 23:19:00,SUCCESS
31786,1,100.00
31787,1,14,4001.90,2026-08-10 00:28:00,SUCCESS
31788,5,15,1050.90,2026-08-09 23:27:00,REFUNDED
31789,10,18,4254.60,2026-08-17 09:36:00,FAILED
31790,8,10,3739.20,2026-08-21 00:15:00,SUCCESS
31791,4,1,4706.40,2026-08-11 04:49:00,SUCCESS
31792,4,9,1741.10,2026-08-21 05:08:00,FAILED
31793,9,2,4104.00,2026-08-29 09:02:00,REFUNDED
31794,3,3,1062.90,2026-08-17 00:23:00,PENDING
31795,5,20,1899.60,2026-08-13 09:32:00,FAILED
31796,6,11,1333.80,2026-08-29 16:52:00,SUCCESS
31797,2,20,1211.60,2026-08-26 04:28:00,PENDING
31798,2,10,671.10,2026-08-05 16:40:00,REFUNDED
31799,4,1,3148.30,2026-08-12 02:37:00,PENDING
31800,4,13,1454.30,2026-08-11 06:44:00,REFUNDED
31801,9,9,373.40,2026-08-15 16:51:00,REFUNDED
31802,7,20,3005.80,2026-08-14 20:41:00,FAILED
31803,4,10,1931.20,2026-08-28 12:27:00,FAILED
31804,2,19,1933.90,2026-08-03 01:25:00,SUCCESS
31805,2,12,4216.10,2026-08-28 14:04:00,PENDING
31806,3,2,3728.20,2026-08-28 09:46:00,SUCCESS
31807,3,12,879.70,2026-08-29 12:37:00,SUCCESS
31808,4,9,1480.00,2026-08-08 22:26:00,FAILED
31809,1,1,5000,2026-08-01 12:00:00,UNKNOWN_STATUS
31810,8,6,1515.60,2026-08-06 20:23:00,PENDING
31811,10,5,3219.20,2026-08-09 18:43:00,PENDING
31812,10,3,4122.50,2026-08-16 08:44:00,REFUNDED
31813,1,1,5000,2026-08-01 12:00:00,UNKNOWN_STATUS
31814,9,11,2646.40,2026-08-02 23:05:00,FAILED
31815,4,12,722.40,2026-08-07 02:41:00,PENDING
31816,9,4,1030.50,2026-08-04 08:41:00,SUCCESS
31817,7,13,865.00,2026-08-08 01:40:00,FAILED
31818,1,15,64.80,2026-08-10 03:42:00,FAILED
31819,8,7,499.80,2026-08-19 14:40:00,FAILED
31820,3,13,1021.30,2026-08-18 22:50:00,PENDING
31821,10,1,2486.70,2026-08-12 10:17:00,REFUNDED
31822,6,19,263.40,2026-08-03 18:08:00,FAILED
31823,7,13,3709.90,2026-08-02 04:54:00,FAILED
31824,7,8,1378.10,2026-08-03 18:16:00,PENDING
31825,1,19,281.50,2026-08-11 12:23:00,FAILED
31826,5,9,2710.30,2026-08-15 14:08:00,PENDING
31827,7,18,3704.10,2026-08-18 23:13:00,PENDING
31828,4,13,1642.30,2026-08-27 23:06:00,PENDING
31829,6,13,2247.20,2026-08-21 11:35:00,PENDING
31830,5,7,2175.80,2026-08-23 13:11:00,REFUNDED
31831,9,1,3214.60,2026-08-17 04:15:00,PENDING
31832,10,20,2576.60,2026-08-10 01:38:00,REFUNDED
31833,8,11,2152.60,2026-08-13 07:44:00,PENDING
31834,7,18,1182.80,2026-08-26 02:34:00,FAILED
31835,8,20,2240.50,2026-08-05 13:26:00,FAILED
31836,1,6,178.20,2026-08-10 20:53:00,FAILED
31837,3,18,1905.00,2026-08-23 09:52:00,PENDING
31838,4,20,1805.60,2026-08-28 17:29:00,PENDING
31839,2,16,1339.40,2026-08-29 02:50:00,SUCCESS
31840,6,4,939.10,2026-08-02 15:10:00,PENDING
31841,2,16,772.40,2026-08-19 09:59:00,SUCCESS
31842,2,20,3214.40,2026-08-29 02:17:00,FAILED
31843,3,2,3993.60,2026-08-22 22:53:00,SUCCESS
31844,3,11,1589.80,2026-08-11 01:13:00,REFUNDED
31845,4,9,324.90,2026-08-10 11:58:00,REFUNDED
31846,7,6,4945.90,2026-08-28 03:30:00,PENDING
31847,8,19,1790.00,2026-08-07 07:44:00,FAILED
31848,6,7,3263.00,2026-08-14 06:04:00,REFUNDED
31849,2,12,3917.80,2026-08-20 02:13:00,SUCCESS
31850,9,15,4541.80,2026-08-21 22:05:00,PENDING
31851,9,7,2829.90,2026-08-09 10:33:00,SUCCESS
31852,10,7,1035.50,2026-08-17 21:08:00,REFUNDED
31853,4,1,3108.70,2026-08-18 22:09:00,FAILED
31854,8,14,1220.40,2026-08-24 08:17:00,PENDING
31855,7,6,2650.60,2026-08-21 21:53:00,REFUNDED
31856,4,18,2174.70,2026-08-06 00:01:00,SUCCESS
31857,6,17,1521.30,2026-08-19 20:32:00,REFUNDED
31858,5,7,3762.40,2026-08-17 00:41:00,FAILED
31859,1,5,4674.20,2026-08-30 15:00:00,PENDING
31860,8,1,292.50,2026-08-18 20:39:00,PENDING
31861,6,10,1287.10,2026-08-07 04:46:00,SUCCESS
31862,7,4,1907.10,2026-08-02 21:12:00,PENDING
31863,6,3,746.00,2026-08-29 12:05:00,PENDING
31864,4,9,4368.80,2026-08-29 15:36:00,PENDING
31865,2,6,2188.30,2026-08-26 09:23:00,FAILED
31866,8,13,329.20,2026-08-11 19:12:00,SUCCESS
31867,1,9,3420.60,2026-08-27 07:26:00,PENDING
31868,9,11,2067.50,2026-08-10 14:01:00,SUCCESS
31869,7,3,2877.90,2026-08-15 20:49:00,PENDING
31870,8,9,5038.30,2026-08-28 04:26:00,PENDING
31871,8,10,2370.90,2026-08-03 16:56:00,FAILED
31872,2,12,4569.90,2026-08-03 07:18:00,REFUNDED
31873,6,16,4693.40,2026-08-30 07:32:00,FAILED
31874,10,9,3554.80,2026-08-12 19:49:00,REFUNDED
31875,2,11,3228.90,2026-08-22 20:59:00,FAILED
31876,10,12,3450.70,2026-08-08 20:09:00,SUCCESS
31877,8,17,3663.20,2026-08-11 17:03:00,FAILED
31878,9,5,2613.20,2026-08-11 02:48:00,SUCCESS
31879,9,18,1474.90,2026-08-06 09:32:00,REFUNDED
31880,9,13,3169.30,2026-08-02 17:17:00,SUCCESS
31881,4,17,2567.40,2026-08-12 06:46:00,PENDING
31882,7,16,3297.20,2026-08-01 20:34:00,REFUNDED
31883,7,1,702.80,2026-08-25 13:03:00,PENDING
31884,2,5,4628.40,2026-08-08 00:33:00,REFUNDED
31885,6,4,1738.50,2026-08-20 04:34:00,SUCCESS
31886,6,17,4194.80,2026-08-18 10:06:00,SUCCESS
31887,3,7,4182.30,2026-08-26 07:28:00,SUCCESS
31888,10,15,4207.90,2026-08-27 14:06:00,SUCCESS
31889,1,1,5000,2026-08-01 12:00:00,UNKNOWN_STATUS
31890,3,15,2395.50,2026-08-12 11:50:00,FAILED
31891,7,20,1455.50,2026-08-04 01:11:00,PENDING
31892,6,18,3139.40,2026-08-13 10:06:00,REFUNDED
31893,8,5,5036.70,2026-08-02 21:24:00,REFUNDED
31894,4,11,2400.60,2026-08-25 09:26:00,FAILED
31895,8,17,4713.90,2026-08-14 21:41:00,PENDING
31896,9,9,311.60,2026-08-12 07:31:00,REFUNDED
31897,5,12,2058.90,2026-08-08 05:28:00,PENDING
31898,5,15,1379.70,2026-08-08 05:03:00,PENDING
31899,8,2,3114.30,2026-08-28 16:18:00,FAILED
31900,4,20,1048.40,2026-08-20 20:41:00,PENDING
31901,7,10,1983.40,2026-08-07 20:09:00,FAILED
31902,8,18,3569.70,2026-08-13 03:02:00,REFUNDED
31903,6,10,1536.00,2026-08-21 07:17:00,PENDING
31904,5,6,3114.60,2026-08-24 21:11:00,PENDING
31905,2,10,1540.40,2026-08-05 15:20:00,PENDING
31906,6,12,815.00,2026-08-21 15:17:00,REFUNDED
31907,10,10,1670.00,2026-08-21 20:42:00,REFUNDED
31908,10,18,3215.50,2026-08-25 01:45:00,PENDING
31909,2,19,858.30,2026-08-29 18:23:00,SUCCESS
31910,2,18,4384.00,2026-08-29 13:18:00,PENDING
31911,5,17,3652.50,2026-08-06 02:44:00,PENDING
31912,9,20,2021.50,2026-08-04 08:01:00,FAILED
31913,8,16,5036.00,2026-08-30 07:57:00,FAILED
31914,8,6,974.50,2026-08-20 09:55:00,SUCCESS
31915,2,2,544.60,2026-08-30 12:14:00,PENDING
31916,8,13,404.50,2026-08-10 08:45:00,SUCCESS
31917,1,13,2945.10,2026-08-04 04:54:00,PENDING
31918,8,19,5000.50,2026-08-06 10:04:00,REFUNDED
31919,7,18,4854.70,2026-08-12 02:24:00,FAILED
31920,4,9,722.20,2026-08-02 17:23:00,REFUNDED
31921,8,3,1803.10,2026-08-11 09:00:00,FAILED
31922,6,16,4423.30,2026-08-03 18:21:00,SUCCESS
31923,3,7,5045.30,2026-08-26 14:31:00,PENDING
31924,10,5,1289.20,2026-08-28 04:46:00,PENDING
31925,1,9,2400.40,2026-08-21 03:04:00,REFUNDED
31926,8,20,4258.10,2026-08-19 16:42:00,FAILED
31927,9,19,4639.10,2026-08-09 19:52:00,PENDING
31928,7,12,2522.40,2026-08-16 07:06:00,PENDING
31929,7,11,1318.60,2026-08-26 00:26:00,REFUNDED
31930,1,1,5000,INVALID_DATE_TIME,SUCCESS
31931,2,18,1906.90,2026-08-19 16:30:00,FAILED
31932,2,15,2171.90,2026-08-20 10:49:00,SUCCESS
31933,9,12,4856.30,2026-08-06 17:01:00,PENDING
31934,4,9,5048.50,2026-08-02 10:35:00,SUCCESS
31935,3,12,629.20,2026-08-14 16:28:00,REFUNDED
31936,2,3,2317.80,2026-08-13 20:44:00,SUCCESS
31937,3,5,1817.40,2026-08-05 16:25:00,FAILED
31938,3,12,875.60,2026-08-01 22:14:00,REFUNDED
31939,1,16,1796.70,2026-08-08 17:12:00,PENDING
31940,6,12,1050.50,2026-08-10 06:51:00,FAILED
31941,9,20,2534.00,2026-08-23 19:23:00,SUCCESS
31942,6,13,931.60,2026-08-16 00:33:00,FAILED
31943,8,8,1190.10,2026-08-02 22:12:00,SUCCESS
31944,5,7,3729.10,2026-08-16 17:11:00,FAILED
31945,10,1,605.80,2026-08-27 10:57:00,REFUNDED
31946,1,17,1919.10,2026-08-12 07:16:00,REFUNDED
31947,1,1,5037.30,2026-08-15 00:00:00,FAILED
31948,8,6,2135.00,2026-08-11 08:35:00,REFUNDED
31949,2,5,803.90,2026-08-20 04:48:00,SUCCESS
31950,2,19,3481.60,2026-08-29 04:43:00,PENDING
31951,1,8,869.50,2026-08-23 18:47:00,SUCCESS
31952,6,10,304.50,2026-08-13 23:30:00,SUCCESS
31953,2,18,3803.40,2026-08-23 16:19:00,SUCCESS
31954,1,2,2814.70,2026-08-20 21:16:00,REFUNDED
31955,8,20,2296.60,2026-08-26 20:49:00,REFUNDED
31956,2,18,745.30,2026-08-26 15:10:00,REFUNDED
31957,3,10,2893.50,2026-08-11 20:32:00,FAILED
31958,5,2,3648.50,2026-08-21 22:19:00,REFUNDED
31959,7,3,3610.80,2026-08-31 04:17:00,FAILED
31960,1,10,1545.50,2026-08-02 02:29:00,PENDING
31961,4,10,4551.70,2026-08-10 12:09:00,FAILED
31962,1,18,1761.50,2026-08-01 16:14:00,FAILED
31963,1,1,NOT_A_NUMBER,2026-08-01 12:00:00,SUCCESS
31964,2,19,60.40,2026-08-24 06:00:00,FAILED
31965,2,2,3302.80,2026-08-03 06:03:00,PENDING
31966,1,14,2632.70,2026-08-07 14:15:00,FAILED
31967,4,17,4305.20,2026-08-09 15:55:00,FAILED
31968,8,3,599.70,2026-08-27 02:33:00,SUCCESS
31969,8,2,3816.50,2026-08-06 11:16:00,SUCCESS
31970,1,4,2648.00,2026-08-31 01:40:00,FAILED
31971,8,14,1204.80,2026-08-21 18:09:00,REFUNDED
31972,6,11,4045.90,2026-08-17 01:14:00,SUCCESS
31973,9,10,694.20,2026-08-18 16:17:00,PENDING
31974,1,20,2976.20,2026-08-14 02:47:00,SUCCESS
31975,6,7,1043.80,2026-08-17 06:09:00,FAILED
31976,5,15,1764.20,2026-08-16 18:41:00,REFUNDED
31977,4,12,3173.70,2026-08-16 14:10:00,SUCCESS
31978,9,16,3420.50,2026-08-27 00:01:00,SUCCESS
31979,8,10,125.40,2026-08-07 11:03:00,FAILED
31980,1,2,1551.60,2026-08-10 06:29:00,REFUNDED
31981,9,4,2356.80,2026-08-11 04:17:00,SUCCESS
31982,10,3,3483.90,2026-08-15 13:19:00,SUCCESS
31983,3,2,4505.70,2026-08-21 21:39:00,FAILED
31984,4,7,1246.00,2026-08-12 07:03:00,PENDING
31985,1,18,4994.30,2026-08-29 08:20:00,REFUNDED
31986,1,5,1579.20,2026-08-17 05:26:00,REFUNDED
31987,3,20,1368.40,2026-08-15 22:25:00,SUCCESS
31988,1,3,2362.70,2026-08-23 15:01:00,REFUNDED
31989,9,14,244.40,2026-08-27 18:09:00,FAILED
31990,3,10,1246.50,2026-08-01 09:54:00,REFUNDED
31991,1,1,3173.50,2026-08-19 21:38:00,SUCCESS
31992,8,16,1425.40,2026-08-19 13:16:00,FAILED
31993,7,15,238.80,2026-08-26 19:51:00,REFUNDED
31994,10,16,2775.30,2026-08-18 04:28:00,SUCCESS
31995,10,13,1645.10,2026-08-19 09:29:00,PENDING
31996,7,3,4030.20,2026-08-07 22:10:00,FAILED
31997,2,18,4799.50,2026-08-14 14:44:00,SUCCESS
31998,7,7,3001.30,2026-08-08 06:05:00,REFUNDED
31999,8,1,4075.40,2026-08-10 07:00:00,FAILED
32000,5,8,3490.70,2026-08-14 20:21:00,FAILED
32001,9,1,3642.10,2026-08-02 02:03:00,REFUNDED
32002,10,7,3548.30,2026-08-08 05:49:00,PENDING
32003,4,1,1647.60,2026-08-29 10:43:00,FAILED
32004,10,1,81.30,2026-08-06 09:23:00,SUCCESS
32005,1,19,2085.20,2026-08-07 04:03:00,FAILED
32006,5,12,2499.60,2026-08-29 04:11:00,FAILED
32007,5,9,1101.60,2026-08-17 00:08:00,REFUNDED
32008,8,4,2030.90,2026-08-18 02:40:00,PENDING
32009,9,2,4961.80,2026-08-26 02:41:00,REFUNDED
32010,3,2,311.10,2026-08-18 11:32:00,REFUNDED
32011,1,3,4608.90,2026-08-28 19:41:00,REFUNDED
32012,1,7,2533.30,2026-08-18 13:06:00,PENDING
32013,5,20,1580.80,2026-08-17 22:23:00,REFUNDED
32014,10,15,4560.30,2026-08-10 10:27:00,PENDING
32015,9,20,1734.60,2026-08-22 20:09:00,REFUNDED
32016,9,2,213.90,2026-08-06 09:25:00,REFUNDED
32017,7,12,2191.80,2026-08-12 04:46:00,SUCCESS
32018,2,2,1098.50,2026-08-07 17:07:00,FAILED
32019,5,3,1024.50,2026-08-05 08:33:00,REFUNDED
32020,2,6,1401.70,2026-08-04 18:15:00,PENDING
32021,5,15,4428.30,2026-08-17 03:22:00,SUCCESS
32022,7,7,3585.30,2026-08-09 02:09:00,REFUNDED
32023,4,20,3361.60,2026-08-15 10:45:00,PENDING
32024,2,11,1844.30,2026-08-26 23:03:00,SUCCESS
32025,8,15,5049.30,2026-08-17 04:42:00,SUCCESS
32026,4,1,4768.30,2026-08-12 09:27:00,SUCCESS
32027,6,11,4788.90,2026-08-06 21:02:00,REFUNDED
32028,7,13,2801.80,2026-08-14 19:50:00,PENDING
32029,2,5,1269.00,2026-08-19 05:02:00,SUCCESS
32030,6,19,332.90,2026-08-27 02:19:00,PENDING
32031,1,1,5000,2026-08-01 12:00:00,UNKNOWN_STATUS
32032,6,18,883.40,2026-08-08 12:10:00,PENDING
32033,1,16,1257.50,2026-08-20 08:07:00,FAILED
32034,5,18,691.20,2026-08-17 00:39:00,SUCCESS
32035,3,13,2895.70,2026-08-20 07:45:00,PENDING
32036,3,4,1700.70,2026-08-29 18:10:00,REFUNDED
32037,5,15,1390.80,2026-08-04 05:40:00,FAILED
32038,10,15,4147.60,2026-08-02 03:28:00,FAILED
32039,5,7,1931.70,2026-08-20 09:11:00,SUCCESS
32040,1,2,3573.80,2026-08-08 04:55:00,SUCCESS
32041,10,14,2185.40,2026-08-24 09:24:00,SUCCESS
32042,1,1,2430.40,2026-08-13 16:57:00,PENDING
32043,10,20,4431.20,2026-08-14 10:13:00,SUCCESS
32044,3,14,1564.30,2026-08-25 23:51:00,FAILED
32045,7,4,935.10,2026-08-26 20:01:00,SUCCESS
32046,3,13,3334.10,2026-08-26 10:04:00,SUCCESS
32047,4,4,3257.80,2026-08-17 10:12:00,REFUNDED
32048,2,10,251.60,2026-08-19 19:44:00,FAILED
32049,6,19,4043.60,2026-08-22 19:57:00,SUCCESS
32050,8,1,2402.80,2026-08-06 01:22:00,PENDING
32051,3,1,2110.10,2026-08-22 14:26:00,REFUNDED
32052,8,3,3491.30,2026-08-09 01:28:00,FAILED
32053,7,14,2974.30,2026-08-08 13:58:00,REFUNDED
32054,2,15,3795.90,2026-08-17 03:35:00,FAILED
32055,10,5,2655.90,2026-08-04 20:32:00,FAILED
32056,9,12,1763.70,2026-08-18 22:41:00,FAILED
32057,3,5,2682.60,2026-08-02 19:17:00,PENDING
32058,3,7,4983.70,2026-08-04 08:25:00,SUCCESS
32059,6,18,3306.10,2026-08-06 15:22:00,PENDING
32060,1,12,1531.40,2026-08-13 09:57:00,PENDING
32061,1,1,5000,2026-08-01 12:00:00,UNKNOWN_STATUS
32062,7,14,2171.20,2026-08-23 04:40:00,FAILED
32063,1,10,2102.60,2026-08-16 17:47:00,REFUNDED
32064,5,2,2969.60,2026-08-18 19:21:00,REFUNDED
32065,9,17,2869.60,2026-08-22 19:29:00,FAILED
32066,3,19,2945.50,2026-08-13 05:05:00,REFUNDED
32067,7,16,1777.00,2026-08-06 05:48:00,PENDING
32068,8,9,2050.50,2026-08-17 04:14:00,REFUNDED
32069,3,16,747.20,2026-08-30 21:15:00,SUCCESS
32070,6,4,2124.00,2026-08-22 08:37:00,REFUNDED
32071,5,17,1939.70,2026-08-07 11:34:00,FAILED
32072,2,14,200.40,2026-08-18 13:21:00,FAILED
32073,4,14,3828.10,2026-08-18 16:47:00,FAILED
32074,2,5,3432.70,2026-08-17 17:59:00,FAILED
32075,10,7,2204.90,2026-08-02 17:13:00,SUCCESS
32076,3,1,151.90,2026-08-12 11:57:00,REFUNDED
32077,7,7,4704.90,2026-08-06 19:06:00,FAILED
32078,7,1,877.10,2026-08-22 23:00:00,PENDING
32079,5,15,3224.40,2026-08-29 08:10:00,FAILED
32080,1,8,2353.50,2026-08-18 10:41:00,FAILED
32081,4,13,113.10,2026-08-25 10:17:00,REFUNDED
32082,9,17,482.10,2026-08-18 22:49:00,SUCCESS
32083,9,7,1338.50,2026-08-19 00:38:00,REFUNDED
32084,9,6,4813.00,2026-08-29 10:18:00,FAILED
32085,3,12,1000.60,2026-08-27 17:30:00,PENDING
32086,6,13,189.30,2026-08-24 22:42:00,PENDING
32087,5,15,2820.20,2026-08-15 06:35:00,PENDING
32088,6,20,4544.20,2026-08-26 14:06:00,FAILED
32089,1,7,3170.30,2026-08-18 03:57:00,PENDING
32090,5,1,4065.70,2026-08-25 19:33:00,PENDING
32091,10,6,1859.40,2026-08-29 04:00:00,REFUNDED
32092,6,14,2987.40,2026-08-03 01:35:00,PENDING
32093,9,5,328.20,2026-08-23 10:08:00,SUCCESS
32094,1,19,418.90,2026-08-16 02:36:00,REFUNDED
32095,2,18,4016.80,2026-08-30 02:34:00,SUCCESS
32096,1,9,1872.50,2026-08-06 20:39:00,PENDING
32097,8,18,981.40,2026-08-29 14:30:00,FAILED
32098,10,5,210.90,2026-08-24 04:32:00,REFUNDED
32099,6,6,468.10,2026-08-18 01:05:00,SUCCESS
32100,2,8,76.20,2026-08-27 03:56:00,FAILED
32101,10,19,3651.70,2026-08-11 00:09:00,PENDING
32102,7,4,2127.30,2026-08-25 19:33:00,PENDING
32103,3,16,3385.70,2026-08-07 01:46:00,FAILED
32104,4,5,3955.00,2026-08-08 19:19:00,REFUNDED
32105,1,18,3727.70,2026-08-19 09:36:00,REFUNDED
32106,9,15,3002.80,2026-08-16 19:16:00,FAILED
32107,3,1,1076.60,2026-08-09 01:49:00,REFUNDED
32108,6,9,849.50,2026-08-19 12:16:00,PENDING
32109,10,15,514.50,2026-08-18 16:48:00,FAILED
32110,2,19,2479.50,2026-08-20 18:27:00,REFUNDED
32111,1,1,4772.10,2026-08-20 14:20:00,REFUNDED
32112,10,11,4975.60,2026-08-26 17:00:00,PENDING
32113,4,9,1256.90,2026-08-10 14:10:00,REFUNDED
32114,7,19,1428.80,2026-08-12 04:44:00,FAILED
32115,5,3,4682.30,2026-08-21 20:02:00,REFUNDED
32116,2,3,5044.70,2026-08-30 20:13:00,FAILED
32117,4,4,2617.50,2026-08-11 05:50:00,SUCCESS
32118,1,11,3699.00,2026-08-13 23:23:00,REFUNDED
32119,5,6,4116.20,2026-08-02 09:00:00,SUCCESS
32120,7,11,3345.30,2026-08-16 01:53:00,SUCCESS
32121,1,15,4814.40,2026-08-27 01:49:00,FAILED
32122,3,20,909.50,2026-08-07 09:20:00,SUCCESS
32123,5,16,607.20,2026-08-29 06:52:00,REFUNDED
32124,6,2,996.90,2026-08-14 01:50:00,SUCCESS
32125,3,3,459.70,2026-08-27 10:54:00,FAILED
32126,10,13,114.30,2026-08-18 02:47:00,REFUNDED
32127,1,4,3333.60,2026-08-26 01:35:00,REFUNDED
32128,3,14,2004.20,2026-08-27 12:12:00,FAILED
32129,6,12,428.30,2026-08-18 21:06:00,REFUNDED
32130,2,15,1806.50,2026-08-13 02:20:00,SUCCESS
32131,4,19,2343.60,2026-08-08 11:38:00,PENDING
32132,8,3,1841.60,2026-08-28 16:00:00,PENDING
32133,8,15,1087.20,2026-08-30 22:24:00,SUCCESS
32134,5,1,3266.80,2026-08-28 05:36:00,PENDING
32135,4,1,2057.90,2026-08-16 02:01:00,FAILED
32136,3,7,3366.50,2026-08-02 03:58:00,PENDING
32137,5,5,268.20,2026-08-16 20:39:00,REFUNDED
32138,10,14,1772.80,2026-08-24 18:03:00,PENDING
32139,6,5,697.00,2026-08-28 14:22:00,REFUNDED
32140,4,9,923.20,2026-08-22 22:39:00,FAILED
32141,2,2,3907.70,2026-08-19 16:38:00,FAILED
32142,2,9,198.10,2026-08-21 18:59:00,FAILED
32143,6,14,4759.40,2026-08-18 12:28:00,PENDING
32144,4,8,3449.40,2026-08-07 06:59:00,PENDING
32145,7,1,4935.70,2026-08-16 07:27:00,PENDING
32146,2,10,2466.70,2026-08-21 02:39:00,FAILED
32147,3,9,3556.70,2026-08-08 11:38:00,REFUNDED
32148,7,15,1915.80,2026-08-19 15:04:00,PENDING
32149,10,17,3287.80,2026-08-08 09:09:00,FAILED
32150,9,20,4447.60,2026-08-04 14:30:00,FAILED
32151,6,12,2307.80,2026-08-25 17:14:00,PENDING
32152,9,19,3369.70,2026-08-13 05:23:00,REFUNDED
32153,10,5,3464.20,2026-08-18 16:15:00,REFUNDED
32154,9,7,3140.40,2026-08-24 07:41:00,PENDING
32155,4,7,1780.30,2026-08-08 16:29:00,SUCCESS
32156,4,4,243.20,2026-08-01 18:33:00,SUCCESS
32157,6,12,2755.00,2026-08-27 17:50:00,SUCCESS
32158,5,8,3884.70,2026-08-28 11:28:00,REFUNDED
32159,5,10,3936.40,2026-08-16 10:09:00,SUCCESS
32160,2,13,1780.30,2026-08-11 09:50:00,SUCCESS
32161,3,17,2414.30,2026-08-19 13:06:00,SUCCESS
32162,6,18,2585.10,2026-08-06 14:34:00,FAILED
32163,1,2,4135.60,2026-08-13 09:42:00,FAILED
32164,1,18,157.10,2026-08-04 22:11:00,SUCCESS
32165,5,13,1529.20,2026-08-28 13:54:00,REFUNDED
32166,4,19,3942.30,2026-08-06 10:08:00,SUCCESS
32167,3,16,4772.70,2026-08-17 10:18:00,SUCCESS
32168,9,11,2885.40,2026-08-23 00:25:00,SUCCESS
32169,7,5,2705.50,2026-08-04 00:21:00,REFUNDED
32170,6,15,3864.60,2026-08-31 01:44:00,PENDING
32171,6,15,4797.50,2026-08-28 00:59:00,FAILED
32172,9,20,3666.30,2026-08-24 10:10:00,FAILED
32173,1,4,4158.00,2026-08-13 07:48:00,FAILED
32174,9,12,4512.30,2026-08-21 13:39:00,FAILED
32175,3,12,3985.70,2026-08-31 05:01:00,PENDING
32176,7,8,4892.30,2026-08-09 05:03:00,REFUNDED
32177,5,5,2899.60,2026-08-24 14:36:00,REFUNDED
32178,3,12,2701.10,2026-08-16 02:36:00,PENDING
32179,3,15,516.90,2026-08-22 12:27:00,PENDING
32180,5,14,5034.00,2026-08-21 20:29:00,REFUNDED
32181,7,12,3909.10,2026-08-11 01:10:00,REFUNDED
32182,5,3,3739.20,2026-08-05 02:56:00,FAILED
32183,8,19,1224.50,2026-08-04 17:32:00,REFUNDED
32184,6,13,2835.50,2026-08-15 04:41:00,REFUNDED
32185,5,19,2582.80,2026-08-10 11:34:00,REFUNDED
32186,10,7,3756.60,2026-08-10 23:19:00,SUCCESS
32187,4,4,1384.00,2026-08-01 13:07:00,FAILED
32188,4,4,903.00,2026-08-09 19:38:00,PENDING
32189,2,16,3924.90,2026-08-02 12:27:00,FAILED
32190,8,12,3785.90,2026-08-26 12:00:00,FAILED
32191,10,13,3492.70,2026-08-05 19:50:00,FAILED
32192,7,9,4581.20,2026-08-08 16:19:00,PENDING
32193,7,6,3696.10,2026-08-18 01:52:00,FAILED
32194,4,19,3718.70,2026-08-30 23:52:00,PENDING
32195,3,7,4344.90,2026-08-03 11:50:00,SUCCESS
32196,5,4,3104.30,2026-08-07 09:43:00,FAILED
32197,9,4,4879.80,2026-08-13 08:13:00,FAILED
32198,8,11,4468.80,2026-08-29 16:15:00,REFUNDED
32199,6,11,483.90,2026-08-24 14:00:00,REFUNDED
32200,7,3,1160.90,2026-08-06 14:46:00,REFUNDED
32201,4,9,4292.60,2026-08-08 21:36:00,REFUNDED
32202,2,6,281.20,2026-08-24 11:14:00,SUCCESS
32203,6,3,4540.00,2026-08-30 00:57:00,SUCCESS
32204,5,4,1836.90,2026-08-25 15:12:00,SUCCESS
32205,4,14,3561.60,2026-08-11 08:53:00,REFUNDED
32206,1,6,1248.80,2026-08-12 17:09:00,PENDING
32207,7,8,1527.30,2026-08-06 12:06:00,PENDING
32208,2,6,1949.90,2026-08-27 12:27:00,FAILED
32209,10,18,2247.30,2026-08-17 20:47:00,FAILED
32210,8,4,1540.40,2026-08-04 11:39:00,SUCCESS
32211,1,1,5000,2026-08-01 12:00:00,UNKNOWN_STATUS
32212,1,2,2735.80,2026-08-11 05:55:00,FAILED
32213,2,5,3364.70,2026-08-13 15:38:00,SUCCESS
32214,3,7,4522.30,2026-08-16 00:24:00,REFUNDED
32215,1,9,3157.50,2026-08-25 01:06:00,SUCCESS
32216,6,16,2051.90,2026-08-17 11:20:00,REFUNDED
32217,10,9,1210.80,2026-08-16 00:10:00,SUCCESS
32218,10,18,2519.30,2026-08-24 17:13:00,REFUNDED
32219,3,7,4526.60,2026-08-05 19:44:00,REFUNDED
32220,2,1,2923.50,2026-08-24 22:10:00,PENDING
32221,8,6,1024.30,2026-08-09 15:17:00,REFUNDED
32222,5,2,2515.20,2026-08-21 18:23:00,REFUNDED
32223,1,11,877.30,2026-08-30 18:59:00,SUCCESS
32224,1,19,4026.30,2026-08-17 02:35:00,REFUNDED
32225,7,8,1005.80,2026-08-20 10:56:00,PENDING
32226,7,15,1403.50,2026-08-13 20:32:00,SUCCESS
32227,2,4,3925.80,2026-08-10 21:50:00,FAILED
32228,8,8,2426.90,2026-08-10 14:27:00,REFUNDED
32229,6,5,376.50,2026-08-11 09:29:00,REFUNDED
32230,8,19,3395.60,2026-08-24 14:33:00,FAILED
32231,8,8,962.40,2026-08-01 17:16:00,FAILED
32232,10,8,4114.70,2026-08-22 14:54:00,SUCCESS
32233,1,12,4278.10,2026-08-22 00:01:00,REFUNDED
32234,10,20,115.60,2026-08-28 16:35:00,REFUNDED
32235,3,14,2439.10,2026-08-31 02:17:00,SUCCESS
32236,10,7,1838.80,2026-08-21 00:20:00,PENDING
32237,7,20,4738.60,2026-08-23 19:38:00,FAILED
32238,10,4,4505.80,2026-08-08 08:42:00,FAILED
32239,10,11,2084.40,2026-08-21 08:21:00,PENDING
32240,10,14,635.40,2026-08-17 16:53:00,PENDING
32241,10,3,2968.80,2026-08-20 10:29:00,PENDING
32242,9,20,210.30,2026-08-21 05:25:00,REFUNDED
32243,7,18,2302.20,2026-08-15 18:36:00,PENDING
32244,6,20,3054.20,2026-08-24 12:27:00,REFUNDED
32245,10,1,107.90,2026-08-17 04:21:00,FAILED
32246,8,2,3204.10,2026-08-08 19:18:00,REFUNDED
32247,4,4,1121.50,2026-08-04 05:36:00,REFUNDED
32248,8,10,3860.50,2026-08-14 13:50:00,PENDING
32249,5,3,486.10,2026-08-06 23:20:00,PENDING
32250,7,6,648.70,2026-08-29 13:59:00,REFUNDED
32251,4,3,4881.40,2026-08-27 02:02:00,PENDING
32252,9,8,4267.50,2026-08-26 14:23:00,FAILED
32253,10,7,1109.30,2026-08-09 12:46:00,REFUNDED
32254,3,11,1228.00,2026-08-08 05:23:00,FAILED
32255,7,15,1467.30,2026-08-10 03:52:00,FAILED
32256,2,4,3956.50,2026-08-03 18:01:00,REFUNDED
32257,1,4,3539.50,2026-08-28 21:54:00,SUCCESS
32258,9,12,970.00,2026-08-14 16:28:00,PENDING
32259,1,7,286.60,2026-08-20 05:58:00,REFUNDED
32260,2,19,3297.80,2026-08-16 09:01:00,FAILED
32261,8,5,2854.00,2026-08-25 07:15:00,SUCCESS
32262,3,7,971.40,2026-08-26 06:12:00,REFUNDED
32263,10,16,417.00,2026-08-19 23:38:00,SUCCESS
32264,3,7,3691.00,2026-08-16 18:36:00,PENDING
32265,7,8,3553.10,2026-08-08 21:33:00,PENDING
32266,9,5,1913.90,2026-08-30 19:12:00,REFUNDED
32267,3,12,2184.60,2026-08-28 16:09:00,PENDING
32268,5,4,1399.20,2026-08-20 21:46:00,PENDING
32269,7,13,1693.20,2026-08-15 08:47:00,PENDING
32270,8,11,4467.30,2026-08-04 20:03:00,SUCCESS
32271,1,1,NOT_A_NUMBER,2026-08-01 12:00:00,SUCCESS
32272,1,3,4967.10,2026-08-19 12:03:00,REFUNDED
32273,3,2,604.10,2026-08-04 09:23:00,SUCCESS
32274,1,20,4339.40,2026-08-16 14:00:00,REFUNDED
32275,7,4,2781.40,2026-08-21 07:36:00,SUCCESS
32276,7,4,4993.90,2026-08-19 20:06:00,PENDING
32277,1,9,506.90,2026-08-27 21:39:00,REFUNDED
32278,4,3,3339.00,2026-08-28 07:15:00,FAILED
32279,2,4,4704.00,2026-08-12 01:16:00,PENDING
32280,8,2,1236.30,2026-08-21 01:19:00,REFUNDED
32281,8,17,1138.50,2026-08-18 04:54:00,SUCCESS
32282,1,3,142.30,2026-08-07 13:12:00,FAILED
32283,5,10,3238.00,2026-08-14 00:25:00,FAILED
32284,10,11,3631.60,2026-08-07 16:43:00,SUCCESS
32285,3,14,1181.20,2026-08-27 21:31:00,REFUNDED
32286,8,5,4004.60,2026-08-17 19:50:00,FAILED
32287,5,16,2527.70,2026-08-14 01:25:00,REFUNDED
32288,8,9,3295.40,2026-08-29 03:24:00,SUCCESS
32289,1,1,781.90,2026-08-14 23:37:00,SUCCESS
32290,1,10,2454.60,2026-08-10 18:05:00,REFUNDED
32291,2,2,4160.10,2026-08-27 22:52:00,SUCCESS
32292,3,15,1208.90,2026-08-07 09:59:00,FAILED
32293,10,4,669.70,2026-08-14 11:47:00,PENDING
32294,4,3,4133.40,2026-08-03 05:03:00,REFUNDED
32295,5,18,1046.80,2026-08-20 10:18:00,FAILED
32296,5,19,2030.90,2026-08-15 20:53:00,PENDING
32297,3,1,4763.70,2026-08-20 03:46:00,PENDING
32298,4,7,2393.60,2026-08-06 22:10:00,REFUNDED
32299,7,20,2100.10,2026-08-07 12:22:00,FAILED
32300,8,3,4727.70,2026-08-09 11:38:00,PENDING
32301,6,17,3578.80,2026-08-15 21:51:00,REFUNDED
32302,6,12,1983.10,2026-08-31 00:24:00,SUCCESS
32303,3,4,3593.50,2026-08-27 08:00:00,REFUNDED
32304,10,11,1489.00,2026-08-11 08:42:00,PENDING
32305,10,3,2471.30,2026-08-02 23:01:00,PENDING
32306,8,5,3128.00,2026-08-11 15:32:00,SUCCESS
32307,7,17,53.90,2026-08-12 20:16:00,PENDING
32308,8,17,2723.20,2026-08-26 06:45:00,PENDING
32309,3,6,4580.60,2026-08-04 01:18:00,PENDING
32310,10,17,182.00,2026-08-02 16:31:00,PENDING
32311,9,18,3373.90,2026-08-27 02:51:00,REFUNDED
32312,6,15,3846.90,2026-08-14 21:39:00,SUCCESS
32313,10,15,2576.60,2026-08-15 22:45:00,REFUNDED
32314,10,14,4703.00,2026-08-26 14:19:00,PENDING
32315,3,15,485.10,2026-08-25 18:28:00,REFUNDED
32316,10,2,2569.50,2026-08-12 10:24:00,PENDING
32317,6,1,1291.50,2026-08-29 14:51:00,PENDING
32318,9,19,1728.60,2026-08-17 15:47:00,SUCCESS
32319,4,14,4270.40,2026-08-27 05:42:00,REFUNDED
32320,8,14,2352.00,2026-08-08 23:40:00,REFUNDED
32321,5,11,4835.60,2026-08-20 22:48:00,SUCCESS
32322,8,14,2347.60,2026-08-03 08:13:00,SUCCESS
32323,5,4,1226.50,2026-08-15 14:25:00,FAILED
32324,8,8,1920.30,2026-08-01 21:12:00,REFUNDED
32325,8,20,436.30,2026-08-10 01:44:00,REFUNDED
32326,10,4,2487.80,2026-08-02 17:53:00,SUCCESS
32327,2,3,4218.50,2026-08-04 23:32:00,SUCCESS
32328,9,10,4093.00,2026-08-18 05:33:00,PENDING
32329,1,9,2283.60,2026-08-07 01:53:00,PENDING
32330,1,15,1744.20,2026-08-26 03:06:00,REFUNDED
32331,8,6,85.90,2026-08-07 07:06:00,SUCCESS
32332,9,15,2198.20,2026-08-24 13:36:00,SUCCESS
32333,4,16,3014.60,2026-08-10 04:36:00,PENDING
32334,3,13,839.30,2026-08-17 06:14:00,FAILED
32335,10,15,4907.50,2026-08-15 05:34:00,PENDING
32336,8,20,2742.90,2026-08-05 17:04:00,PENDING
32337,7,1,2884.90,2026-08-14 00:00:00,PENDING
32338,8,19,3085.10,2026-08-03 15:57:00,FAILED
32339,7,9,4634.90,2026-08-02 22:18:00,REFUNDED
32340,10,18,3078.40,2026-08-28 11:55:00,REFUNDED
32341,1,11,804.00,2026-08-23 02:37:00,PENDING
32342,7,4,1462.10,2026-08-25 05:15:00,PENDING
32343,10,3,4722.70,2026-08-29 20:44:00,FAILED
32344,2,4,2519.50,2026-08-21 10:08:00,REFUNDED
32345,2,5,2136.20,2026-08-30 11:00:00,FAILED
32346,1,9,1303.80,2026-08-30 10:39:00,FAILED
32347,4,16,2447.50,2026-08-07 19:48:00,REFUNDED
32348,8,11,98.30,2026-08-13 14:03:00,REFUNDED
32349,6,11,3585.50,2026-08-17 13:44:00,REFUNDED
32350,4,4,833.20,2026-08-25 22:08:00,REFUNDED
32351,6,8,4044.50,2026-08-04 09:55:00,REFUNDED
32352,8,4,4152.30,2026-08-25 03:54:00,REFUNDED
32353,9,8,3423.90,2026-08-16 11:14:00,PENDING
32354,1,100.00
32355,1,100.00
32356,9,16,3604.50,2026-08-23 15:31:00,PENDING
32357,1,13,3234.10,2026-08-07 08:34:00,SUCCESS
32358,10,9,4257.80,2026-08-28 22:48:00,REFUNDED
32359,10,2,4304.30,2026-08-21 10:46:00,FAILED
32360,3,8,770.00,2026-08-21 16:42:00,FAILED
32361,8,10,1005.10,2026-08-14 21:53:00,PENDING
32362,10,14,184.70,2026-08-20 06:21:00,REFUNDED
32363,2,19,2819.50,2026-08-28 21:51:00,SUCCESS
32364,5,16,4625.50,2026-08-21 16:26:00,FAILED
32365,3,20,4984.50,2026-08-25 15:18:00,PENDING
32366,7,5,4780.90,2026-08-15 01:25:00,FAILED
32367,7,4,3237.90,2026-08-25 12:09:00,PENDING
32368,2,15,1917.60,2026-08-27 09:52:00,REFUNDED
32369,4,17,4337.80,2026-08-27 23:15:00,PENDING
32370,2,8,3605.70,2026-08-18 04:20:00,FAILED
32371,6,18,194.70,2026-08-28 01:52:00,PENDING
32372,8,10,4289.60,2026-08-27 08:40:00,SUCCESS
32373,6,17,1093.50,2026-08-26 01:50:00,REFUNDED
32374,1,19,1442.10,2026-08-06 09:54:00,PENDING
32375,4,18,2797.90,2026-08-02 21:01:00,PENDING
32376,4,2,3789.50,2026-08-23 07:51:00,PENDING
32377,7,3,2075.20,2026-08-11 20:16:00,PENDING
32378,4,5,4247.80,2026-08-20 10:01:00,SUCCESS
32379,2,13,2176.20,2026-08-27 03:49:00,FAILED
32380,6,19,3831.20,2026-08-27 02:55:00,FAILED
32381,9,8,2231.40,2026-08-16 12:51:00,SUCCESS
32382,3,14,675.80,2026-08-27 23:40:00,PENDING
32383,1,10,3961.90,2026-08-02 09:30:00,SUCCESS
32384,5,14,573.70,2026-08-07 09:27:00,FAILED
32385,4,18,1420.70,2026-08-02 09:23:00,FAILED
32386,4,12,2734.40,2026-08-06 02:10:00,SUCCESS
32387,3,10,1525.80,2026-08-19 09:17:00,PENDING
32388,5,13,1292.70,2026-08-05 19:40:00,SUCCESS
32389,4,20,966.40,2026-08-19 12:11:00,SUCCESS
32390,8,20,1267.40,2026-08-20 13:27:00,PENDING
32391,1,9,111.40,2026-08-01 14:41:00,FAILED
32392,5,15,2080.60,2026-08-28 20:37:00,FAILED
32393,7,2,1755.20,2026-08-03 06:12:00,PENDING
32394,8,5,2934.00,2026-08-02 11:00:00,PENDING
32395,10,7,2015.40,2026-08-15 15:15:00,REFUNDED
32396,8,18,2575.60,2026-08-01 14:06:00,SUCCESS
32397,8,4,1407.00,2026-08-10 07:11:00,REFUNDED
32398,6,4,3085.40,2026-08-23 07:39:00,REFUNDED
32399,9,13,2336.20,2026-08-21 19:49:00,FAILED
32400,5,13,3871.30,2026-08-27 16:32:00,PENDING
32401,6,4,686.60,2026-08-10 15:27:00,REFUNDED
32402,6,20,2354.30,2026-08-01 22:09:00,REFUNDED
32403,6,7,3892.70,2026-08-15 00:56:00,SUCCESS
32404,10,8,3157.60,2026-08-30 05:05:00,SUCCESS
32405,1,12,2341.80,2026-08-23 17:37:00,REFUNDED
32406,6,14,1539.10,2026-08-07 07:06:00,SUCCESS
32407,8,12,4200.20,2026-08-05 10:50:00,REFUNDED
32408,6,17,1720.90,2026-08-06 17:50:00,REFUNDED
32409,7,9,3692.00,2026-08-25 13:21:00,REFUNDED
32410,6,8,4492.30,2026-08-19 23:11:00,SUCCESS
32411,6,4,3495.60,2026-08-09 07:08:00,PENDING
32412,7,12,3775.70,2026-08-17 22:38:00,REFUNDED
32413,4,12,3612.90,2026-08-05 00:00:00,SUCCESS
32414,7,20,893.90,2026-08-11 21:08:00,REFUNDED
32415,6,18,4689.30,2026-08-13 18:30:00,FAILED
32416,9,15,4401.30,2026-08-24 18:25:00,FAILED
32417,5,4,3284.60,2026-08-18 02:59:00,SUCCESS
32418,10,17,4926.30,2026-08-17 11:27:00,PENDING
32419,8,1,4396.10,2026-08-03 15:26:00,FAILED
32420,7,11,758.00,2026-08-25 15:23:00,SUCCESS
32421,1,11,180.20,2026-08-02 14:07:00,REFUNDED
32422,5,1,4579.30,2026-08-30 03:44:00,REFUNDED
32423,10,14,4555.20,2026-08-11 21:48:00,REFUNDED
32424,1,9,1245.00,2026-08-25 21:28:00,PENDING
32425,6,11,3883.20,2026-08-18 19:20:00,FAILED
32426,1,14,5023.10,2026-08-18 16:05:00,REFUNDED
32427,4,17,3032.40,2026-08-12 13:02:00,PENDING
32428,6,5,4574.60,2026-08-24 22:20:00,SUCCESS
32429,4,18,364.70,2026-08-26 15:27:00,SUCCESS
32430,2,19,2228.30,2026-08-30 01:01:00,REFUNDED
32431,9,16,3239.10,2026-08-23 11:54:00,SUCCESS
32432,5,18,1909.40,2026-08-08 02:43:00,REFUNDED
32433,4,14,2523.10,2026-08-21 20:34:00,PENDING
32434,9,2,674.90,2026-08-21 20:33:00,FAILED
32435,1,2,1890.50,2026-08-04 23:53:00,FAILED
32436,5,7,1429.90,2026-08-14 23:04:00,SUCCESS
32437,9,10,110.40,2026-08-13 07:36:00,PENDING
32438,2,17,608.40,2026-08-10 09:03:00,SUCCESS
32439,9,15,1472.10,2026-08-20 03:06:00,SUCCESS
32440,1,15,803.00,2026-08-20 23:38:00,PENDING
32441,4,15,4089.70,2026-08-10 14:16:00,PENDING
32442,5,4,1476.20,2026-08-04 01:39:00,SUCCESS
32443,8,11,106.40,2026-08-30 20:58:00,FAILED
32444,10,5,4046.30,2026-08-06 08:35:00,REFUNDED
32445,6,12,1479.70,2026-08-21 07:36:00,FAILED
32446,8,1,2188.90,2026-08-10 12:49:00,FAILED
32447,6,20,983.50,2026-08-12 15:17:00,SUCCESS
32448,3,14,921.60,2026-08-08 04:55:00,FAILED
32449,6,16,1245.80,2026-08-17 11:43:00,FAILED
32450,6,12,751.80,2026-08-09 18:07:00,PENDING
32451,2,8,2184.80,2026-08-24 21:11:00,SUCCESS
32452,4,16,4918.30,2026-08-16 17:10:00,REFUNDED
32453,9,3,3489.10,2026-08-30 06:51:00,SUCCESS
32454,6,12,2299.60,2026-08-30 17:05:00,SUCCESS
32455,8,20,4192.90,2026-08-03 22:05:00,REFUNDED
32456,9,18,3322.10,2026-08-03 16:32:00,SUCCESS
32457,8,12,766.30,2026-08-27 03:41:00,REFUNDED
32458,6,14,4362.40,2026-08-24 17:46:00,FAILED
32459,10,14,1942.40,2026-08-02 22:34:00,REFUNDED
32460,1,4,418.00,2026-08-14 16:38:00,REFUNDED
32461,6,8,225.40,2026-08-05 06:18:00,SUCCESS
32462,6,1,1399.90,2026-08-14 01:47:00,SUCCESS
32463,2,16,661.20,2026-08-09 09:36:00,PENDING
32464,3,11,3750.10,2026-08-17 18:23:00,SUCCESS
32465,5,6,467.50,2026-08-21 23:53:00,PENDING
32466,1,11,4557.80,2026-08-27 21:06:00,PENDING
32467,4,14,4675.60,2026-08-01 18:36:00,PENDING
32468,2,17,2504.90,2026-08-30 05:09:00,FAILED
32469,1,10,3316.10,2026-08-11 14:46:00,PENDING
32470,1,1,NOT_A_NUMBER,2026-08-01 12:00:00,SUCCESS
32471,7,6,2332.60,2026-08-03 14:42:00,PENDING
32472,8,10,1316.50,2026-08-01 20:18:00,REFUNDED
32473,8,12,4452.90,2026-08-27 04:14:00,REFUNDED
32474,2,14,3892.50,2026-08-08 11:19:00,SUCCESS
32475,8,20,3280.70,2026-08-26 07:54:00,PENDING
32476,4,6,3181.30,2026-08-27 22:21:00,REFUNDED
32477,9,20,4127.60,2026-08-17 11:09:00,SUCCESS
32478,5,13,4732.90,2026-08-23 14:59:00,PENDING
32479,6,9,3572.20,2026-08-18 01:57:00,PENDING
32480,4,9,4104.30,2026-08-29 13:49:00,PENDING
32481,2,3,1938.20,2026-08-30 03:52:00,SUCCESS
32482,2,9,644.10,2026-08-07 19:38:00,REFUNDED
32483,7,16,2172.10,2026-08-03 10:52:00,FAILED
32484,9,10,4845.70,2026-08-13 17:13:00,SUCCESS
32485,4,8,2399.70,2026-08-11 17:53:00,PENDING
32486,8,11,741.40,2026-08-07 02:56:00,REFUNDED
32487,7,2,1622.90,2026-08-01 15:36:00,REFUNDED
32488,2,1,2484.60,2026-08-21 11:58:00,REFUNDED
32489,9,18,3370.80,2026-08-15 20:50:00,REFUNDED
32490,1,9,3521.60,2026-08-15 01:31:00,SUCCESS
32491,4,3,2783.50,2026-08-07 03:41:00,FAILED
32492,3,5,856.00,2026-08-31 05:14:00,SUCCESS
32493,3,2,999.20,2026-08-08 03:05:00,PENDING
32494,6,10,3833.10,2026-08-30 23:03:00,SUCCESS
32495,1,9,3963.90,2026-08-05 10:51:00,SUCCESS
32496,2,7,2701.20,2026-08-15 18:55:00,FAILED
32497,1,8,2160.20,2026-08-18 02:44:00,PENDING
32498,6,20,576.10,2026-08-16 13:56:00,SUCCESS
32499,10,2,4888.60,2026-08-19 03:58:00,REFUNDED
32500,1,1,2176.30,2026-08-23 02:47:00,PENDING
32501,9,11,3758.10,2026-08-26 19:36:00,PENDING
32502,8,12,1791.00,2026-08-05 06:23:00,PENDING
32503,8,5,2185.10,2026-08-15 04:11:00,REFUNDED
32504,9,11,3066.30,2026-08-15 22:52:00,FAILED
32505,10,18,3074.90,2026-08-21 16:41:00,PENDING
32506,9,20,4724.80,2026-08-06 09:04:00,PENDING
32507,4,6,3422.40,2026-08-05 18:58:00,FAILED
32508,10,17,1253.90,2026-08-02 10:11:00,PENDING
32509,4,4,1841.70,2026-08-29 20:00:00,PENDING
32510,8,3,4400.00,2026-08-31 04:17:00,REFUNDED
32511,5,8,3373.80,2026-08-17 13:27:00,PENDING
32512,7,7,3270.20,2026-08-12 15:46:00,SUCCESS
32513,4,12,2242.10,2026-08-02 16:30:00,SUCCESS
32514,3,9,3611.40,2026-08-14 13:13:00,PENDING
32515,2,11,3708.90,2026-08-14 20:17:00,FAILED
32516,8,1,3223.90,2026-08-21 20:30:00,SUCCESS
32517,2,19,183.80,2026-08-15 17:12:00,PENDING
32518,3,14,412.60,2026-08-11 07:29:00,PENDING
32519,8,10,2325.20,2026-08-21 20:59:00,PENDING
32520,6,9,1410.90,2026-08-16 06:46:00,FAILED
32521,8,3,3343.50,2026-08-07 06:04:00,PENDING
32522,2,16,2251.60,2026-08-07 05:36:00,FAILED
32523,3,11,184.30,2026-08-02 15:33:00,SUCCESS
32524,10,19,4241.70,2026-08-24 00:43:00,FAILED
32525,1,14,3479.10,2026-08-09 08:10:00,REFUNDED
32526,1,16,3191.60,2026-08-04 11:49:00,PENDING
32527,4,1,3661.40,2026-08-27 21:45:00,FAILED
32528,3,11,4995.80,2026-08-05 17:22:00,SUCCESS
32529,9,3,1680.50,2026-08-28 16:53:00,REFUNDED
32530,9,3,3543.50,2026-08-22 17:47:00,PENDING
32531,3,9,4397.00,2026-08-21 04:36:00,PENDING
32532,5,8,4939.40,2026-08-08 12:55:00,REFUNDED
32533,2,20,2962.40,2026-08-23 00:34:00,PENDING
32534,7,3,4202.00,2026-08-19 23:03:00,FAILED
32535,6,16,3386.70,2026-08-23 14:18:00,REFUNDED
32536,4,11,2926.70,2026-08-20 10:18:00,PENDING
32537,5,5,1655.50,2026-08-18 00:39:00,PENDING
32538,4,17,898.20,2026-08-26 21:34:00,PENDING
32539,6,6,463.90,2026-08-27 23:26:00,REFUNDED
32540,2,1,2562.80,2026-08-08 03:23:00,FAILED
32541,9,2,4598.00,2026-08-04 06:18:00,SUCCESS
32542,3,10,4229.30,2026-08-09 05:58:00,FAILED
32543,1,15,3245.40,2026-08-02 17:33:00,PENDING
32544,3,3,2143.40,2026-08-20 12:02:00,SUCCESS
32545,2,5,702.00,2026-08-30 01:28:00,SUCCESS
32546,2,2,2638.80,2026-08-04 23:08:00,FAILED
32547,1,3,3149.80,2026-08-18 12:02:00,SUCCESS
32548,4,7,1829.70,2026-08-13 22:34:00,FAILED
32549,1,7,67.80,2026-08-27 09:55:00,SUCCESS
32550,6,16,4521.10,2026-08-28 04:48:00,FAILED
32551,1,100.00
32552,3,13,919.60,2026-08-24 15:46:00,SUCCESS
32553,5,17,4817.90,2026-08-28 12:57:00,PENDING
32554,9,18,4189.50,2026-08-24 02:02:00,REFUNDED
32555,8,11,3141.00,2026-08-25 19:36:00,REFUNDED
32556,6,13,1990.10,2026-08-12 11:58:00,SUCCESS
32557,9,11,682.40,2026-08-18 19:46:00,FAILED
32558,10,15,56.00,2026-08-24 15:40:00,REFUNDED
32559,10,5,3756.30,2026-08-03 13:31:00,FAILED
32560,6,8,1033.40,2026-08-09 23:42:00,REFUNDED
32561,5,1,2774.00,2026-08-18 04:59:00,FAILED
32562,7,17,1385.10,2026-08-05 12:02:00,PENDING
32563,4,8,3417.80,2026-08-23 19:53:00,REFUNDED
32564,5,2,237.70,2026-08-18 11:23:00,FAILED
32565,4,7,1126.10,2026-08-19 10:33:00,REFUNDED
32566,3,5,3786.70,2026-08-03 22:21:00,PENDING
32567,1,12,3884.70,2026-08-04 20:02:00,PENDING
32568,8,14,4665.40,2026-08-13 12:19:00,REFUNDED
32569,6,14,1807.10,2026-08-14 21:46:00,REFUNDED
32570,2,18,2165.80,2026-08-05 00:08:00,REFUNDED
32571,4,17,2330.30,2026-08-05 18:32:00,REFUNDED
32572,5,5,2665.30,2026-08-17 03:17:00,SUCCESS
32573,3,11,3360.20,2026-08-16 08:47:00,PENDING
32574,4,10,3828.90,2026-08-25 13:05:00,FAILED
32575,9,10,4021.70,2026-08-13 22:49:00,FAILED
32576,9,4,1702.10,2026-08-12 16:07:00,PENDING
32577,4,3,4595.50,2026-08-20 13:12:00,PENDING
32578,4,1,2500.80,2026-08-06 13:49:00,SUCCESS
32579,1,1,524.90,2026-08-05 09:52:00,FAILED
32580,6,19,4692.10,2026-08-20 00:13:00,PENDING
32581,4,19,2667.20,2026-08-07 09:37:00,PENDING
32582,4,9,3886.00,2026-08-18 20:53:00,PENDING
32583,1,17,4939.60,2026-08-04 21:43:00,PENDING
32584,5,8,4300.70,2026-08-11 11:21:00,REFUNDED
32585,10,9,4339.80,2026-08-29 09:37:00,PENDING
32586,7,9,3169.40,2026-08-19 18:05:00,FAILED
32587,8,17,2048.70,2026-08-22 14:41:00,PENDING
32588,6,17,960.50,2026-08-15 08:57:00,FAILED
32589,1,1,1656.30,2026-08-01 15:09:00,REFUNDED
32590,9,12,1649.30,2026-08-26 04:54:00,REFUNDED
32591,4,3,1809.40,2026-08-14 20:04:00,PENDING
32592,3,8,3364.50,2026-08-16 03:29:00,FAILED
32593,2,16,1628.40,2026-08-24 22:17:00,SUCCESS
32594,5,16,3457.30,2026-08-29 23:42:00,PENDING
32595,3,16,2195.20,2026-08-22 20:59:00,FAILED
32596,7,18,1811.00,2026-08-04 04:07:00,PENDING
32597,6,16,1232.70,2026-08-29 03:03:00,FAILED
32598,3,1,3770.30,2026-08-07 18:53:00,REFUNDED
32599,6,8,5021.10,2026-08-04 05:05:00,REFUNDED
32600,3,1,1213.30,2026-08-14 03:19:00,PENDING
32601,10,2,2009.90,2026-08-22 19:35:00,FAILED
32602,10,16,3280.70,2026-08-29 08:07:00,REFUNDED
32603,9,12,4563.00,2026-08-29 11:55:00,SUCCESS
32604,4,14,2709.30,2026-08-26 22:47:00,SUCCESS
32605,6,6,2084.70,2026-08-29 17:06:00,SUCCESS
32606,6,3,4257.00,2026-08-16 15:25:00,SUCCESS
32607,9,13,1657.20,2026-08-20 01:41:00,REFUNDED
32608,5,15,2221.40,2026-08-18 22:10:00,FAILED
32609,10,17,4219.00,2026-08-19 18:13:00,FAILED
32610,3,10,4763.20,2026-08-02 14:14:00,FAILED
32611,10,5,2521.90,2026-08-27 07:12:00,PENDING
32612,6,3,4881.30,2026-08-02 02:54:00,REFUNDED
32613,3,20,3924.00,2026-08-30 20:38:00,PENDING
32614,1,1,NOT_A_NUMBER,2026-08-01 12:00:00,SUCCESS
32615,5,13,2477.10,2026-08-13 11:06:00,PENDING
32616,2,16,3407.10,2026-08-20 20:50:00,PENDING
32617,10,15,1630.40,2026-08-12 15:45:00,FAILED
32618,6,11,1573.40,2026-08-04 11:30:00,FAILED
32619,5,20,4038.40,2026-08-27 03:46:00,PENDING
32620,1,2,1278.50,2026-08-19 21:14:00,REFUNDED
32621,2,10,1827.50,2026-08-28 03:46:00,FAILED
32622,7,15,2875.00,2026-08-21 20:56:00,REFUNDED
32623,4,8,4900.90,2026-08-21 06:03:00,FAILED
32624,4,9,3296.30,2026-08-03 09:52:00,SUCCESS
32625,7,9,1025.00,2026-08-30 10:21:00,REFUNDED
32626,4,9,1118.50,2026-08-06 09:12:00,SUCCESS
32627,2,20,642.20,2026-08-23 07:54:00,FAILED
32628,2,11,4520.50,2026-08-25 18:10:00,SUCCESS
32629,6,17,4512.60,2026-08-28 21:19:00,SUCCESS
32630,8,15,4456.10,2026-08-10 10:19:00,SUCCESS
32631,3,14,64.50,2026-08-29 13:46:00,SUCCESS
32632,10,1,1787.50,2026-08-01 20:53:00,REFUNDED
32633,5,17,4250.90,2026-08-13 06:01:00,FAILED
32634,5,9,4081.40,2026-08-19 05:52:00,PENDING
32635,10,3,2404.20,2026-08-29 00:34:00,SUCCESS
32636,6,13,3767.40,2026-08-19 18:21:00,SUCCESS
32637,3,7,776.60,2026-08-21 04:50:00,REFUNDED
32638,9,1,2300.20,2026-08-25 04:10:00,SUCCESS
32639,1,15,496.30,2026-08-19 19:30:00,PENDING
32640,1,100.00
32641,10,8,1853.10,2026-08-24 13:28:00,FAILED
32642,10,20,1736.50,2026-08-09 12:17:00,SUCCESS
32643,2,3,3314.80,2026-08-04 07:14:00,PENDING
32644,6,6,4716.40,2026-08-04 05:06:00,REFUNDED
32645,6,6,3096.20,2026-08-20 08:25:00,FAILED
32646,7,14,2790.00,2026-08-13 01:57:00,SUCCESS
32647,9,18,2514.20,2026-08-21 15:52:00,FAILED
32648,8,1,2610.00,2026-08-04 08:58:00,REFUNDED
32649,10,11,4504.80,2026-08-25 15:04:00,PENDING
32650,1,12,3365.70,2026-08-11 11:46:00,FAILED
32651,4,9,922.50,2026-08-02 06:29:00,PENDING
32652,4,11,58.50,2026-08-17 08:30:00,SUCCESS
32653,1,17,4194.00,2026-08-27 16:07:00,PENDING
32654,10,1,737.70,2026-08-12 02:18:00,REFUNDED
32655,1,4,2937.00,2026-08-01 19:20:00,FAILED
32656,5,16,298.00,2026-08-12 03:06:00,PENDING
32657,3,12,3959.10,2026-08-20 03:42:00,REFUNDED
32658,2,15,1101.30,2026-08-04 19:44:00,REFUNDED
32659,1,7,4577.30,2026-08-09 10:13:00,SUCCESS
32660,6,11,425.30,2026-08-15 23:39:00,REFUNDED
32661,4,18,3432.20,2026-08-23 10:12:00,FAILED
32662,3,6,3171.10,2026-08-04 23:38:00,FAILED
32663,1,9,473.20,2026-08-17 23:31:00,FAILED
32664,1,9,3246.20,2026-08-05 15:03:00,REFUNDED
32665,8,8,4039.60,2026-08-14 12:37:00,FAILED
32666,4,13,3885.30,2026-08-17 07:40:00,REFUNDED
32667,6,13,3371.00,2026-08-11 23:48:00,SUCCESS
32668,7,14,1073.20,2026-08-25 19:44:00,PENDING
32669,5,15,3678.40,2026-08-18 05:52:00,FAILED
32670,6,5,3252.10,2026-08-07 02:00:00,PENDING
32671,9,16,4237.70,2026-08-26 07:46:00,REFUNDED
32672,5,13,2634.90,2026-08-09 00:37:00,FAILED
32673,8,14,4399.50,2026-08-21 14:35:00,REFUNDED
32674,10,14,4149.00,2026-08-14 17:29:00,REFUNDED
32675,1,6,4910.00,2026-08-29 15:20:00,PENDING
32676,6,9,830.20,2026-08-17 16:56:00,PENDING
32677,2,17,3880.50,2026-08-17 19:33:00,SUCCESS
32678,7,8,2632.70,2026-08-13 12:43:00,PENDING
32679,2,17,4814.30,2026-08-05 08:14:00,REFUNDED
32680,7,11,2151.90,2026-08-18 01:57:00,SUCCESS
32681,2,11,2395.40,2026-08-28 04:32:00,REFUNDED
32682,4,8,2477.20,2026-08-29 07:09:00,REFUNDED
32683,7,2,3563.20,2026-08-30 18:32:00,SUCCESS
32684,8,13,2544.40,2026-08-19 00:57:00,FAILED
32685,7,6,2883.80,2026-08-09 12:14:00,REFUNDED
32686,8,3,2281.60,2026-08-12 04:15:00,FAILED
32687,10,11,2209.30,2026-08-20 08:30:00,REFUNDED
32688,6,6,3075.80,2026-08-22 14:08:00,REFUNDED
32689,10,12,2725.50,2026-08-20 06:23:00,PENDING
32690,1,10,3821.30,2026-08-07 16:00:00,PENDING
32691,6,17,1740.90,2026-08-27 05:46:00,PENDING
32692,10,1,3280.40,2026-08-20 20:17:00,SUCCESS
32693,7,15,3277.90,2026-08-24 02:10:00,FAILED
32694,6,13,2137.90,2026-08-09 07:04:00,FAILED
32695,5,9,3758.40,2026-08-06 02:31:00,FAILED
32696,1,1,5000,2026-08-01 12:00:00,UNKNOWN_STATUS
32697,2,10,4442.30,2026-08-11 01:19:00,SUCCESS
32698,4,16,1358.60,2026-08-04 07:29:00,FAILED
32699,7,8,4484.50,2026-08-17 00:42:00,FAILED
32700,5,16,4268.80,2026-08-29 14:24:00,FAILED
32701,9,6,2534.30,2026-08-30 06:33:00,PENDING
32702,1,12,1589.50,2026-08-03 22:24:00,REFUNDED
32703,1,8,4773.20,2026-08-27 22:44:00,FAILED
32704,2,4,823.50,2026-08-12 11:44:00,SUCCESS
32705,3,12,4069.30,2026-08-29 21:32:00,PENDING
32706,4,14,330.10,2026-08-03 01:24:00,FAILED
32707,9,18,4058.30,2026-08-07 23:27:00,REFUNDED
32708,7,20,3387.00,2026-08-07 22:31:00,PENDING
32709,2,7,1353.10,2026-08-26 13:02:00,SUCCESS
32710,9,1,4653.20,2026-08-27 03:46:00,SUCCESS
32711,7,2,2563.30,2026-08-18 06:03:00,SUCCESS
32712,1,5,1104.80,2026-08-24 23:23:00,FAILED
32713,2,18,3439.30,2026-08-24 14:14:00,FAILED
32714,10,7,1607.80,2026-08-22 19:04:00,PENDING
32715,2,1,2283.60,2026-08-22 06:30:00,FAILED
32716,1,18,2774.40,2026-08-08 06:01:00,REFUNDED
32717,6,7,4151.60,2026-08-13 10:23:00,FAILED
32718,4,14,1565.30,2026-08-08 00:33:00,SUCCESS
32719,7,18,2589.90,2026-08-13 21:56:00,PENDING
32720,3,12,677.40,2026-08-13 15:28:00,SUCCESS
32721,8,13,2165.00,2026-08-17 10:46:00,SUCCESS
32722,9,14,939.90,2026-08-07 02:35:00,FAILED
32723,9,3,3209.80,2026-08-24 03:47:00,FAILED
32724,6,8,825.80,2026-08-23 05:05:00,PENDING
32725,9,10,3911.90,2026-08-11 17:56:00,FAILED
32726,4,4,962.30,2026-08-17 18:23:00,FAILED
32727,9,19,1357.90,2026-08-30 15:50:00,PENDING
32728,6,10,1304.50,2026-08-31 02:17:00,PENDING
32729,5,12,3760.80,2026-08-22 00:45:00,REFUNDED
32730,9,9,4679.00,2026-08-23 23:17:00,REFUNDED
32731,4,8,2019.90,2026-08-05 19:24:00,FAILED
32732,8,17,3441.80,2026-08-19 03:23:00,FAILED
32733,1,3,741.50,2026-08-17 04:55:00,SUCCESS
32734,5,8,444.10,2026-08-13 22:19:00,SUCCESS
32735,8,20,100.50,2026-08-27 08:41:00,SUCCESS
32736,4,16,4864.50,2026-08-21 13:38:00,PENDING
32737,3,13,4132.10,2026-08-04 17:31:00,SUCCESS
32738,1,1,2396.00,2026-08-21 09:02:00,FAILED
32739,10,16,1030.70,2026-08-26 12:51:00,PENDING
32740,8,8,1836.10,2026-08-19 22:18:00,PENDING
32741,7,16,5038.90,2026-08-13 05:24:00,PENDING
32742,5,6,3212.30,2026-08-07 13:22:00,SUCCESS
32743,10,8,1975.10,2026-08-17 04:08:00,SUCCESS
32744,10,9,1700.80,2026-08-12 17:12:00,PENDING
32745,5,15,1924.80,2026-08-20 13:38:00,SUCCESS
32746,1,7,2317.20,2026-08-27 03:08:00,FAILED
32747,2,8,1360.80,2026-08-02 19:09:00,REFUNDED
32748,9,5,1617.10,2026-08-01 11:59:00,SUCCESS
32749,5,17,2897.70,2026-08-05 01:46:00,PENDING
32750,8,13,1818.80,2026-08-08 06:24:00,REFUNDED
32751,4,3,4778.50,2026-08-31 01:56:00,SUCCESS
32752,8,5,4925.00,2026-08-27 13:41:00,PENDING
32753,6,18,4422.40,2026-08-07 01:26:00,PENDING
32754,2,3,3283.30,2026-08-12 23:41:00,SUCCESS
32755,1,9,4994.90,2026-08-14 15:49:00,REFUNDED
32756,9,15,3273.40,2026-08-06 18:03:00,SUCCESS
32757,1,1,5000,INVALID_DATE_TIME,SUCCESS
32758,2,1,619.50,2026-08-08 19:42:00,FAILED
32759,5,19,1357.70,2026-08-16 09:58:00,FAILED
32760,3,18,1617.80,2026-08-29 13:51:00,FAILED
32761,6,2,1896.90,2026-08-21 04:49:00,SUCCESS
32762,5,17,3275.50,2026-08-20 13:41:00,SUCCESS
32763,5,14,543.60,2026-08-28 09:29:00,PENDING
32764,4,17,3654.60,2026-08-24 18:17:00,REFUNDED
32765,6,17,192.50,2026-08-19 18:40:00,PENDING
32766,9,11,4079.80,2026-08-26 19:46:00,PENDING
32767,5,18,4000.60,2026-08-08 10:49:00,FAILED
32768,6,5,1064.10,2026-08-16 13:24:00,REFUNDED
32769,1,8,4854.30,2026-08-17 04:15:00,REFUNDED
32770,7,1,3167.90,2026-08-14 03:07:00,REFUNDED
32771,7,12,2026.30,2026-08-30 23:04:00,REFUNDED
32772,8,1,3975.70,2026-08-18 06:50:00,SUCCESS
32773,2,17,1217.00,2026-08-26 19:20:00,FAILED
32774,4,4,3399.60,2026-08-18 21:49:00,FAILED
32775,5,18,3871.40,2026-08-03 10:08:00,REFUNDED
32776,8,10,3071.50,2026-08-08 06:39:00,FAILED
32777,7,19,3270.20,2026-08-05 07:22:00,FAILED
32778,7,20,2594.80,2026-08-08 04:33:00,REFUNDED
32779,5,12,4399.60,2026-08-17 06:26:00,SUCCESS
32780,1,4,210.90,2026-08-09 16:49:00,REFUNDED
32781,5,10,3286.10,2026-08-12 05:18:00,PENDING
32782,7,10,1600.50,2026-08-12 05:22:00,SUCCESS
32783,8,18,607.00,2026-08-02 07:35:00,FAILED
32784,1,6,830.20,2026-08-26 01:54:00,FAILED
32785,3,2,618.50,2026-08-26 20:13:00,SUCCESS
32786,6,18,2415.10,2026-08-24 20:11:00,REFUNDED
32787,3,7,3196.70,2026-08-24 06:56:00,FAILED
32788,10,4,2072.30,2026-08-12 00:23:00,PENDING
32789,2,6,2878.60,2026-08-13 00:53:00,FAILED
32790,1,2,3312.40,2026-08-27 09:03:00,PENDING
32791,10,9,4335.70,2026-08-04 07:40:00,PENDING
32792,10,5,4969.00,2026-08-03 23:33:00,FAILED
32793,2,5,1715.90,2026-08-11 19:03:00,PENDING
32794,1,4,2535.90,2026-08-30 20:42:00,REFUNDED
32795,1,4,3682.40,2026-08-29 01:16:00,SUCCESS
32796,6,13,915.90,2026-08-19 07:03:00,SUCCESS
32797,1,14,2902.80,2026-08-19 15:11:00,SUCCESS
32798,6,18,3935.80,2026-08-20 14:34:00,SUCCESS
32799,9,12,2622.90,2026-08-09 13:21:00,PENDING
32800,5,1,3215.20,2026-08-01 14:16:00,SUCCESS
32801,1,16,3131.10,2026-08-26 11:36:00,SUCCESS
32802,1,20,3239.90,2026-08-10 01:16:00,PENDING
32803,2,3,1007.60,2026-08-20 11:26:00,FAILED
32804,5,6,5013.50,2026-08-17 13:08:00,SUCCESS
32805,7,11,2378.20,2026-08-15 17:36:00,FAILED
32806,5,7,1963.90,2026-08-11 10:27:00,FAILED
32807,2,3,2834.40,2026-08-28 06:17:00,PENDING
32808,1,1,5000,2026-08-01 12:00:00,UNKNOWN_STATUS
32809,4,2,1305.70,2026-08-13 06:55:00,REFUNDED
32810,2,8,1261.10,2026-08-02 21:35:00,PENDING
32811,8,3,2523.90,2026-08-24 20:26:00,FAILED
32812,9,8,2040.40,2026-08-08 15:58:00,FAILED
32813,1,2,795.20,2026-08-28 15:55:00,REFUNDED
32814,3,8,3690.50,2026-08-06 22:43:00,PENDING
32815,7,7,466.50,2026-08-25 10:25:00,PENDING
32816,4,12,1783.90,2026-08-02 13:09:00,PENDING
32817,8,6,3265.40,2026-08-30 09:25:00,SUCCESS
32818,1,16,2024.20,2026-08-13 05:09:00,REFUNDED
32819,6,13,1271.10,2026-08-21 21:27:00,FAILED
32820,6,7,4063.40,2026-08-22 23:21:00,REFUNDED
32821,6,20,4744.30,2026-08-13 15:20:00,PENDING
32822,9,12,4344.90,2026-08-17 16:19:00,REFUNDED
32823,10,19,4754.00,2026-08-14 04:00:00,REFUNDED
32824,10,7,915.70,2026-08-07 14:06:00,REFUNDED
32825,1,15,1689.90,2026-08-19 01:56:00,PENDING
32826,2,18,1645.10,2026-08-18 06:16:00,PENDING
32827,4,13,4068.00,2026-08-21 20:11:00,SUCCESS
32828,3,1,2481.40,2026-08-01 22:59:00,PENDING
32829,7,8,4096.50,2026-08-02 01:29:00,FAILED
32830,8,6,792.30,2026-08-02 14:58:00,REFUNDED
32831,5,3,2490.60,2026-08-23 17:00:00,SUCCESS
32832,8,10,2333.20,2026-08-12 13:09:00,REFUNDED
32833,1,1,5000,2026-08-01 12:00:00,UNKNOWN_STATUS
32834,4,12,2836.30,2026-08-19 02:02:00,PENDING
32835,10,13,4415.90,2026-08-13 07:23:00,REFUNDED
32836,6,9,3825.50,2026-08-23 10:26:00,PENDING
32837,7,19,4622.30,2026-08-30 21:51:00,REFUNDED
32838,9,18,467.10,2026-08-02 13:27:00,PENDING
32839,9,17,306.00,2026-08-02 10:16:00,FAILED
32840,5,13,1784.80,2026-08-29 20:19:00,SUCCESS
32841,4,10,3377.50,2026-08-14 17:00:00,FAILED
32842,9,14,2119.10,2026-08-13 07:52:00,SUCCESS
32843,7,9,2839.10,2026-08-25 16:22:00,PENDING
32844,7,5,2138.60,2026-08-20 02:06:00,PENDING
32845,1,100.00
32846,3,4,399.80,2026-08-18 17:23:00,REFUNDED
32847,9,13,120.70,2026-08-04 07:06:00,SUCCESS
32848,5,1,2003.60,2026-08-30 18:44:00,SUCCESS
32849,2,18,4916.20,2026-08-29 08:47:00,REFUNDED
32850,6,10,934.10,2026-08-29 21:02:00,REFUNDED
32851,7,11,198.70,2026-08-22 00:21:00,PENDING
32852,3,16,2332.00,2026-08-06 16:10:00,PENDING
32853,4,20,1928.80,2026-08-04 16:40:00,PENDING
32854,10,20,2675.80,2026-08-20 09:44:00,REFUNDED
32855,1,15,924.70,2026-08-08 17:36:00,PENDING
32856,7,1,2109.60,2026-08-23 22:20:00,PENDING
32857,6,9,860.10,2026-08-11 06:42:00,SUCCESS
32858,8,5,1470.00,2026-08-06 03:07:00,REFUNDED
32859,6,7,1944.80,2026-08-28 14:54:00,SUCCESS
32860,7,19,3405.80,2026-08-09 07:16:00,FAILED
32861,1,19,150.40,2026-08-09 04:36:00,FAILED
32862,8,11,5010.30,2026-08-12 06:22:00,SUCCESS
32863,10,15,4208.60,2026-08-23 00:23:00,PENDING
32864,1,100.00
32865,9,7,888.90,2026-08-11 20:41:00,SUCCESS
32866,7,15,1898.60,2026-08-15 07:50:00,PENDING
32867,2,16,1326.40,2026-08-16 21:19:00,REFUNDED
32868,8,3,2348.50,2026-08-29 12:25:00,REFUNDED
32869,10,11,1087.10,2026-08-04 16:05:00,PENDING
32870,1,15,3212.30,2026-08-29 14:36:00,PENDING
32871,10,15,2545.40,2026-08-14 08:36:00,REFUNDED
32872,2,14,3078.80,2026-08-21 12:08:00,FAILED
32873,5,6,4793.70,2026-08-20 02:32:00,PENDING
32874,10,10,1379.70,2026-08-25 10:44:00,FAILED
32875,6,4,313.30,2026-08-09 01:15:00,REFUNDED
32876,2,15,4905.70,2026-08-28 03:17:00,REFUNDED
32877,8,18,4967.40,2026-08-28 21:35:00,REFUNDED
32878,4,12,204.90,2026-08-24 02:46:00,FAILED
32879,8,12,401.30,2026-08-02 03:26:00,PENDING
32880,1,8,4484.40,2026-08-14 09:41:00,SUCCESS
32881,3,19,4938.40,2026-08-20 10:15:00,FAILED
32882,5,8,2196.90,2026-08-30 13:59:00,REFUNDED
32883,3,5,2207.20,2026-08-07 14:05:00,PENDING
32884,4,13,3114.10,2026-08-25 19:10:00,PENDING
32885,9,5,2549.80,2026-08-23 02:23:00,SUCCESS
32886,6,7,1775.80,2026-08-21 05:06:00,SUCCESS
32887,2,19,2217.40,2026-08-24 05:02:00,FAILED
32888,8,18,1814.60,2026-08-23 11:04:00,SUCCESS
32889,6,9,2330.50,2026-08-04 13:00:00,SUCCESS
32890,9,15,3181.30,2026-08-07 04:36:00,PENDING
32891,2,7,3851.40,2026-08-15 08:12:00,FAILED
32892,7,16,3459.80,2026-08-18 13:43:00,REFUNDED
32893,7,7,1180.50,2026-08-22 10:58:00,SUCCESS
32894,6,1,3237.60,2026-08-10 15:54:00,REFUNDED
32895,1,100.00
32896,10,5,4497.90,2026-08-11 23:27:00,FAILED
32897,6,5,3601.80,2026-08-29 21:37:00,SUCCESS
32898,7,5,3331.80,2026-08-11 02:39:00,PENDING
32899,9,12,1029.80,2026-08-06 17:26:00,PENDING
32900,8,14,4787.30,2026-08-20 21:14:00,PENDING
32901,6,7,1116.70,2026-08-01 22:17:00,PENDING
32902,7,17,4394.10,2026-08-09 10:57:00,FAILED
32903,6,9,3037.60,2026-08-17 21:08:00,REFUNDED
32904,10,3,552.10,2026-08-22 23:34:00,PENDING
32905,2,13,3659.90,2026-08-10 16:13:00,FAILED
32906,3,17,4675.80,2026-08-23 18:14:00,FAILED
32907,5,16,4082.10,2026-08-25 20:18:00,SUCCESS
32908,6,20,3679.40,2026-08-16 06:16:00,REFUNDED
32909,1,1,5000,2026-08-01 12:00:00,UNKNOWN_STATUS
32910,6,11,4727.20,2026-08-22 03:12:00,FAILED
32911,6,1,3802.30,2026-08-10 21:32:00,SUCCESS
32912,1,3,200.30,2026-08-30 08:44:00,SUCCESS
32913,6,15,4854.70,2026-08-30 13:34:00,REFUNDED
32914,1,16,4166.70,2026-08-21 08:14:00,FAILED
32915,10,16,3171.90,2026-08-11 04:34:00,REFUNDED
32916,9,3,1452.50,2026-08-04 03:06:00,REFUNDED
32917,4,3,4003.80,2026-08-08 13:45:00,REFUNDED
32918,10,6,1886.80,2026-08-05 09:27:00,SUCCESS
32919,8,10,2305.60,2026-08-17 12:45:00,PENDING
32920,1,4,1107.70,2026-08-16 06:37:00,SUCCESS
32921,1,4,1475.30,2026-08-10 18:13:00,REFUNDED
32922,2,11,2099.50,2026-08-05 23:44:00,SUCCESS
32923,7,18,4583.30,2026-08-08 12:57:00,REFUNDED
32924,6,13,3119.00,2026-08-05 14:05:00,PENDING
32925,3,5,735.40,2026-08-22 03:51:00,SUCCESS
32926,5,11,2427.70,2026-08-04 09:01:00,PENDING
32927,9,1,1779.00,2026-08-15 22:11:00,REFUNDED
32928,1,12,4629.90,2026-08-20 17:08:00,PENDING
32929,5,2,2578.20,2026-08-21 03:31:00,SUCCESS
32930,2,15,4812.70,2026-08-30 08:22:00,PENDING
32931,2,11,3100.00,2026-08-19 15:14:00,SUCCESS
32932,6,19,4536.40,2026-08-28 03:01:00,REFUNDED
32933,8,17,3447.40,2026-08-31 02:45:00,PENDING
32934,1,2,4073.60,2026-08-14 18:55:00,PENDING
32935,1,100.00
32936,3,18,2187.70,2026-08-29 16:13:00,SUCCESS
32937,8,16,2993.30,2026-08-11 23:10:00,REFUNDED
32938,2,13,581.00,2026-08-13 19:06:00,FAILED
32939,7,8,5000.50,2026-08-12 19:56:00,SUCCESS
32940,10,20,1065.60,2026-08-29 23:51:00,FAILED
32941,5,7,1977.80,2026-08-22 15:53:00,REFUNDED
32942,6,8,3250.80,2026-08-24 05:26:00,PENDING
32943,4,5,4045.90,2026-08-03 06:14:00,FAILED
32944,1,6,1167.20,2026-08-21 05:40:00,FAILED
32945,7,8,3630.20,2026-08-02 21:05:00,FAILED
32946,5,2,3984.00,2026-08-15 09:51:00,REFUNDED
32947,6,11,3450.10,2026-08-07 04:19:00,REFUNDED
32948,10,14,3393.70,2026-08-28 18:20:00,FAILED
32949,3,4,4544.20,2026-08-10 02:14:00,REFUNDED
32950,1,100.00
32951,4,11,3967.60,2026-08-18 20:17:00,REFUNDED
32952,4,10,253.50,2026-08-23 04:45:00,SUCCESS
32953,9,4,410.70,2026-08-03 18:25:00,FAILED
32954,3,7,358.90,2026-08-30 06:01:00,PENDING
32955,1,100.00
32956,9,5,3860.10,2026-08-09 19:01:00,FAILED
32957,1,4,4463.20,2026-08-15 03:35:00,SUCCESS
32958,3,17,3020.00,2026-08-19 12:06:00,SUCCESS
32959,2,1,1450.10,2026-08-30 21:58:00,FAILED
32960,6,18,1612.10,2026-08-29 04:04:00,FAILED
32961,8,11,2111.10,2026-08-11 09:07:00,SUCCESS
32962,7,16,4929.70,2026-08-03 07:22:00,PENDING
32963,6,9,3216.50,2026-08-14 07:08:00,PENDING
32964,6,4,4323.30,2026-08-23 04:53:00,SUCCESS
32965,8,8,3389.20,2026-08-06 18:07:00,PENDING
32966,9,4,1010.70,2026-08-24 15:53:00,PENDING
32967,5,8,2330.10,2026-08-18 02:54:00,FAILED
32968,9,3,2470.30,2026-08-15 20:29:00,FAILED
32969,2,1,3782.20,2026-08-19 11:32:00,SUCCESS
32970,7,1,943.20,2026-08-15 01:02:00,SUCCESS
32971,8,5,2553.90,2026-08-11 10:46:00,SUCCESS
32972,5,9,3327.80,2026-08-24 22:30:00,FAILED
32973,10,12,1276.20,2026-08-18 21:05:00,PENDING
32974,1,1,5000,INVALID_DATE_TIME,SUCCESS
32975,10,2,4981.50,2026-08-10 13:06:00,SUCCESS
32976,3,20,3166.50,2026-08-27 02:25:00,SUCCESS
32977,6,18,453.40,2026-08-08 18:42:00,SUCCESS
32978,6,7,2935.90,2026-08-20 15:37:00,FAILED
32979,1,1,5000,INVALID_DATE_TIME,SUCCESS
32980,2,19,3593.00,2026-08-28 00:11:00,PENDING
32981,4,11,4299.70,2026-08-14 13:51:00,PENDING
32982,1,13,1158.20,2026-08-31 07:12:00,PENDING
32983,9,3,1752.30,2026-08-22 11:01:00,PENDING
32984,4,14,1125.60,2026-08-14 05:04:00,FAILED
32985,6,12,672.20,2026-08-22 04:46:00,SUCCESS
32986,3,19,4916.60,2026-08-06 02:03:00,SUCCESS
32987,9,4,2653.40,2026-08-06 01:51:00,REFUNDED
32988,7,2,457.80,2026-08-10 16:55:00,PENDING
32989,8,10,2598.30,2026-08-10 19:59:00,FAILED
32990,6,19,3968.90,2026-08-28 13:09:00,REFUNDED
32991,6,2,3942.00,2026-08-20 19:48:00,SUCCESS
32992,3,11,2775.20,2026-08-09 12:40:00,FAILED
32993,6,4,1934.20,2026-08-10 22:12:00,PENDING
32994,5,12,2228.60,2026-08-03 12:01:00,FAILED
32995,1,4,4202.30,2026-08-21 07:57:00,REFUNDED
32996,1,3,4744.20,2026-08-08 19:58:00,SUCCESS
32997,4,10,2952.70,2026-08-05 12:36:00,SUCCESS
32998,7,3,1465.00,2026-08-09 23:58:00,SUCCESS
32999,5,5,339.90,2026-08-09 02:26:00,SUCCESS
33000,9,2,2472.20,2026-08-10 21:53:00,PENDING
33001,7,16,1774.50,2026-08-30 16:53:00,PENDING
33002,10,13,4103.90,2026-08-30 09:51:00,PENDING
33003,1,1,1195.80,2026-08-15 19:29:00,SUCCESS
33004,9,3,291.90,2026-08-18 03:11:00,SUCCESS
33005,7,9,4091.90,2026-08-27 19:06:00,REFUNDED
33006,2,18,2975.70,2026-08-08 19:26:00,SUCCESS
33007,7,8,2715.20,2026-08-06 12:51:00,FAILED
33008,7,7,1860.70,2026-08-06 13:32:00,PENDING
33009,4,7,779.70,2026-08-10 16:31:00,REFUNDED
33010,1,7,1648.10,2026-08-28 21:01:00,FAILED
33011,5,17,451.00,2026-08-12 00:46:00,PENDING
33012,6,20,3299.50,2026-08-03 16:35:00,SUCCESS
33013,3,13,4209.20,2026-08-11 12:31:00,SUCCESS
33014,3,13,2108.20,2026-08-31 03:21:00,SUCCESS
33015,7,6,3599.00,2026-08-27 01:24:00,REFUNDED
33016,3,4,330.10,2026-08-20 01:48:00,REFUNDED
33017,8,2,1086.90,2026-08-03 09:01:00,FAILED
33018,10,12,3881.60,2026-08-30 21:30:00,FAILED
33019,4,9,4950.00,2026-08-15 08:47:00,SUCCESS
33020,9,6,3840.60,2026-08-28 16:02:00,SUCCESS
33021,8,8,2770.80,2026-08-23 11:48:00,SUCCESS
33022,4,5,1225.30,2026-08-15 08:55:00,REFUNDED
33023,9,9,3062.60,2026-08-20 15:43:00,REFUNDED
33024,8,14,4415.60,2026-08-27 20:21:00,SUCCESS
33025,9,19,895.90,2026-08-12 18:34:00,PENDING
33026,1,1,NOT_A_NUMBER,2026-08-01 12:00:00,SUCCESS
33027,5,16,3373.20,2026-08-26 17:04:00,SUCCESS
33028,5,8,2880.90,2026-08-24 09:36:00,FAILED
33029,9,4,2950.70,2026-08-03 08:33:00,REFUNDED
33030,2,6,703.80,2026-08-06 00:43:00,SUCCESS
33031,1,1,5000,2026-08-01 12:00:00,UNKNOWN_STATUS
33032,2,13,2452.70,2026-08-08 02:26:00,FAILED
33033,10,18,1990.70,2026-08-07 05:20:00,REFUNDED
33034,5,7,1084.00,2026-08-12 05:17:00,FAILED
33035,3,14,3572.70,2026-08-06 10:37:00,REFUNDED
33036,6,4,2316.10,2026-08-26 02:40:00,FAILED
33037,1,11,2599.60,2026-08-28 08:15:00,REFUNDED
33038,2,5,3550.10,2026-08-22 17:20:00,PENDING
33039,7,7,2753.80,2026-08-19 13:27:00,FAILED
33040,5,20,3844.00,2026-08-20 03:23:00,REFUNDED
33041,4,11,4277.00,2026-08-04 06:52:00,SUCCESS
33042,8,1,1315.30,2026-08-28 11:16:00,SUCCESS
33043,8,4,599.10,2026-08-30 02:42:00,SUCCESS
33044,2,15,712.30,2026-08-08 01:13:00,FAILED
33045,2,10,2129.00,2026-08-22 03:49:00,REFUNDED
33046,10,16,2936.40,2026-08-18 22:58:00,PENDING
33047,5,20,4665.20,2026-08-28 22:02:00,FAILED
33048,6,9,3761.70,2026-08-21 09:45:00,FAILED
33049,9,20,1894.80,2026-08-12 18:37:00,SUCCESS
33050,8,15,2724.90,2026-08-29 11:03:00,SUCCESS
33051,8,4,3181.20,2026-08-03 05:56:00,REFUNDED
33052,1,18,3230.80,2026-08-07 05:01:00,REFUNDED
33053,6,7,577.10,2026-08-14 19:38:00,REFUNDED
33054,5,8,2604.60,2026-08-10 09:29:00,SUCCESS
33055,6,13,2615.90,2026-08-27 00:36:00,SUCCESS
33056,7,5,3000.40,2026-08-30 01:41:00,FAILED
33057,5,19,4134.90,2026-08-14 02:04:00,SUCCESS
33058,2,9,882.70,2026-08-08 22:11:00,FAILED
33059,2,13,4901.00,2026-08-30 13:57:00,FAILED
33060,9,7,2655.20,2026-08-08 18:46:00,REFUNDED
33061,7,7,5046.90,2026-08-15 00:08:00,PENDING
33062,2,12,3531.00,2026-08-04 00:40:00,REFUNDED
33063,5,4,1683.80,2026-08-03 00:17:00,SUCCESS
33064,9,3,2627.80,2026-08-19 09:36:00,SUCCESS
33065,2,8,148.90,2026-08-03 15:31:00,PENDING
33066,5,10,2635.00,2026-08-11 07:29:00,PENDING
33067,5,4,1293.00,2026-08-12 10:54:00,SUCCESS
33068,3,2,3230.20,2026-08-16 06:36:00,PENDING
33069,5,7,4447.40,2026-08-23 17:05:00,REFUNDED
33070,2,14,1071.70,2026-08-14 12:49:00,SUCCESS
33071,3,11,4285.60,2026-08-14 17:58:00,FAILED
33072,3,15,1468.30,2026-08-24 00:20:00,SUCCESS
33073,9,8,3862.70,2026-08-24 00:40:00,PENDING
33074,4,19,4840.10,2026-08-11 06:34:00,SUCCESS
33075,3,19,2662.90,2026-08-22 19:07:00,PENDING
33076,6,1,3319.60,2026-08-22 16:36:00,SUCCESS
33077,8,7,1660.70,2026-08-21 03:26:00,PENDING
33078,10,18,4317.20,2026-08-12 11:54:00,REFUNDED
33079,6,13,4075.00,2026-08-26 00:40:00,SUCCESS
33080,9,2,4390.10,2026-08-29 11:08:00,SUCCESS
33081,3,19,4735.60,2026-08-15 04:55:00,SUCCESS
33082,2,9,218.70,2026-08-13 14:12:00,PENDING
33083,10,9,3173.60,2026-08-01 08:24:00,REFUNDED
33084,4,3,3997.90,2026-08-17 19:57:00,REFUNDED
33085,1,8,2992.30,2026-08-09 08:02:00,FAILED
33086,5,18,4172.50,2026-08-25 16:38:00,REFUNDED
33087,7,8,1045.90,2026-08-11 21:15:00,SUCCESS
33088,6,13,2979.40,2026-08-07 22:51:00,FAILED
33089,8,5,4385.80,2026-08-16 15:00:00,PENDING
33090,8,19,2255.10,2026-08-08 11:19:00,REFUNDED
33091,7,9,2399.00,2026-08-21 03:46:00,SUCCESS
33092,8,12,1285.80,2026-08-05 23:40:00,PENDING
33093,4,14,3496.40,2026-08-27 05:13:00,PENDING
33094,6,8,2888.60,2026-08-27 00:11:00,FAILED
33095,1,7,520.50,2026-08-22 21:52:00,PENDING
33096,7,19,443.90,2026-08-12 08:21:00,REFUNDED
33097,10,15,3601.60,2026-08-20 10:00:00,SUCCESS
33098,2,19,3622.90,2026-08-18 00:16:00,SUCCESS
33099,7,12,2740.20,2026-08-26 20:28:00,SUCCESS
33100,6,5,4164.40,2026-08-05 04:32:00,FAILED
33101,6,5,1657.50,2026-08-08 03:12:00,SUCCESS
33102,10,19,3076.90,2026-08-08 02:34:00,REFUNDED
33103,1,15,227.70,2026-08-15 06:20:00,SUCCESS
33104,5,5,1623.70,2026-08-07 07:33:00,PENDING
33105,2,12,1316.00,2026-08-08 21:31:00,REFUNDED
33106,7,20,3129.40,2026-08-30 03:44:00,PENDING
33107,10,10,1969.60,2026-08-26 20:47:00,SUCCESS
33108,8,12,3249.30,2026-08-12 14:36:00,SUCCESS
33109,6,13,3636.10,2026-08-17 15:37:00,FAILED
33110,1,12,1177.90,2026-08-25 09:48:00,FAILED
33111,7,16,1799.10,2026-08-28 12:39:00,SUCCESS
33112,4,9,4290.30,2026-08-16 18:36:00,PENDING
33113,6,20,1367.10,2026-08-10 08:57:00,FAILED
33114,6,4,1397.30,2026-08-27 21:40:00,FAILED
33115,1,4,3822.90,2026-08-31 04:14:00,FAILED
33116,1,17,4555.60,2026-08-20 04:24:00,FAILED
33117,3,15,4878.30,2026-08-05 16:59:00,SUCCESS
33118,5,16,4530.30,2026-08-29 04:12:00,FAILED
33119,2,5,2261.50,2026-08-18 05:51:00,REFUNDED
33120,6,15,788.50,2026-08-17 23:23:00,PENDING
33121,9,5,2276.80,2026-08-01 11:30:00,SUCCESS
33122,5,17,686.60,2026-08-14 07:57:00,REFUNDED
33123,9,19,1882.90,2026-08-09 01:47:00,PENDING
33124,5,5,915.80,2026-08-26 20:28:00,PENDING
33125,6,4,4284.10,2026-08-16 10:47:00,FAILED
33126,5,8,330.00,2026-08-12 15:51:00,REFUNDED
33127,10,2,3007.30,2026-08-04 00:52:00,REFUNDED
33128,7,4,2746.40,2026-08-14 22:36:00,PENDING
33129,3,20,4004.70,2026-08-07 16:31:00,REFUNDED
33130,7,10,1138.80,2026-08-26 16:50:00,SUCCESS
33131,7,14,1952.90,2026-08-28 13:24:00,REFUNDED
33132,5,2,3749.00,2026-08-12 18:45:00,REFUNDED
33133,8,18,3208.00,2026-08-27 01:34:00,REFUNDED
33134,1,1,5000,2026-08-01 12:00:00,UNKNOWN_STATUS
33135,8,5,1582.50,2026-08-04 14:58:00,FAILED
33136,4,10,4031.50,2026-08-08 05:09:00,REFUNDED
33137,5,17,2789.80,2026-08-20 23:05:00,PENDING
33138,4,19,1240.30,2026-08-22 14:13:00,PENDING
33139,6,1,224.90,2026-08-05 04:03:00,FAILED
33140,6,8,3822.70,2026-08-26 03:32:00,FAILED
33141,10,9,3049.40,2026-08-16 13:28:00,FAILED
33142,3,9,4033.30,2026-08-18 17:15:00,PENDING
33143,1,1,4535.80,2026-08-16 14:37:00,PENDING
33144,5,17,2886.70,2026-08-24 11:09:00,SUCCESS
33145,8,1,2403.40,2026-08-05 04:19:00,FAILED
33146,1,10,457.00,2026-08-15 10:19:00,FAILED
33147,3,18,2614.60,2026-08-01 16:23:00,REFUNDED
33148,1,17,4591.60,2026-08-02 18:18:00,REFUNDED
33149,3,16,3628.80,2026-08-05 00:52:00,REFUNDED
33150,4,15,4304.10,2026-08-24 04:11:00,SUCCESS
33151,10,10,1874.90,2026-08-28 19:01:00,PENDING
33152,10,18,2724.20,2026-08-09 03:03:00,REFUNDED
33153,5,5,1150.60,2026-08-05 07:28:00,PENDING
33154,9,16,927.20,2026-08-13 14:48:00,REFUNDED
33155,5,8,2279.00,2026-08-23 02:53:00,PENDING
33156,9,8,824.00,2026-08-06 20:36:00,FAILED
33157,10,16,236.30,2026-08-01 17:23:00,SUCCESS
33158,4,18,4798.20,2026-08-14 15:01:00,REFUNDED
33159,3,17,1963.50,2026-08-11 20:51:00,REFUNDED
33160,4,4,5004.70,2026-08-22 00:52:00,PENDING
33161,3,11,463.30,2026-08-06 11:16:00,REFUNDED
33162,2,6,1356.20,2026-08-04 18:27:00,FAILED
33163,10,2,742.30,2026-08-07 01:48:00,SUCCESS
33164,8,15,587.50,2026-08-21 13:03:00,FAILED
33165,7,13,732.20,2026-08-07 00:00:00,PENDING
33166,6,14,4182.30,2026-08-24 08:02:00,FAILED
33167,6,20,427.50,2026-08-13 16:50:00,PENDING
33168,1,8,294.60,2026-08-25 20:47:00,REFUNDED
33169,9,12,772.40,2026-08-11 04:34:00,FAILED
33170,6,10,551.30,2026-08-17 08:11:00,PENDING
33171,4,11,3432.00,2026-08-06 11:12:00,FAILED
33172,6,15,4052.80,2026-08-08 21:28:00,PENDING
33173,6,18,4342.00,2026-08-16 05:43:00,SUCCESS
33174,3,3,1244.30,2026-08-24 05:20:00,PENDING
33175,2,12,3555.20,2026-08-12 12:01:00,FAILED
33176,3,11,883.50,2026-08-21 05:57:00,SUCCESS
33177,1,8,4196.10,2026-08-04 18:31:00,SUCCESS
33178,1,13,4773.80,2026-08-30 03:38:00,FAILED
33179,10,17,2500.40,2026-08-04 09:06:00,SUCCESS
33180,1,8,4879.20,2026-08-06 22:51:00,SUCCESS
33181,2,2,4844.50,2026-08-23 08:56:00,FAILED
33182,4,6,4904.60,2026-08-28 22:50:00,SUCCESS
33183,4,14,3520.70,2026-08-17 14:44:00,REFUNDED
33184,5,5,2302.30,2026-08-14 09:47:00,REFUNDED
33185,5,15,4034.10,2026-08-02 13:22:00,PENDING
33186,7,2,2788.70,2026-08-14 19:59:00,PENDING
33187,7,14,3261.60,2026-08-19 19:36:00,SUCCESS
33188,5,12,2987.80,2026-08-23 01:24:00,SUCCESS
33189,5,14,4034.50,2026-08-27 01:08:00,PENDING
33190,5,20,3579.20,2026-08-30 02:44:00,FAILED
33191,4,13,406.00,2026-08-19 17:18:00,REFUNDED
33192,10,14,3680.70,2026-08-28 11:35:00,FAILED
33193,5,18,3689.70,2026-08-23 18:35:00,SUCCESS
33194,3,15,2419.50,2026-08-08 00:40:00,FAILED
33195,6,12,192.50,2026-08-27 21:26:00,SUCCESS
33196,10,8,4573.70,2026-08-11 06:12:00,REFUNDED
33197,8,3,3532.70,2026-08-15 00:39:00,SUCCESS
33198,4,12,2462.00,2026-08-29 05:39:00,FAILED
33199,3,11,4408.50,2026-08-17 04:11:00,REFUNDED
33200,10,9,2145.60,2026-08-02 07:06:00,SUCCESS
33201,5,4,2601.40,2026-08-08 21:14:00,PENDING
33202,3,12,3992.70,2026-08-25 02:24:00,PENDING
33203,1,9,2596.80,2026-08-09 23:04:00,SUCCESS
33204,10,17,1485.20,2026-08-06 06:33:00,SUCCESS
33205,7,9,4442.40,2026-08-08 16:57:00,SUCCESS
33206,9,7,2613.30,2026-08-29 20:47:00,SUCCESS
33207,1,1,3315.00,2026-08-10 09:08:00,SUCCESS
33208,8,14,2222.80,2026-08-28 00:59:00,FAILED
33209,9,10,2278.20,2026-08-19 12:41:00,SUCCESS
33210,5,4,1546.30,2026-08-29 09:09:00,SUCCESS
33211,5,8,692.70,2026-08-13 23:47:00,SUCCESS
33212,4,15,4181.10,2026-08-23 03:04:00,PENDING
33213,6,17,3051.70,2026-08-17 15:18:00,FAILED
33214,9,8,1955.40,2026-08-04 22:22:00,REFUNDED
33215,6,7,2269.60,2026-08-24 01:25:00,FAILED
33216,6,7,120.50,2026-08-22 07:09:00,SUCCESS
33217,9,9,3437.90,2026-08-17 16:55:00,PENDING
33218,7,15,1670.00,2026-08-14 16:10:00,SUCCESS
33219,1,8,206.30,2026-08-12 15:44:00,SUCCESS
33220,6,2,4502.20,2026-08-11 10:54:00,SUCCESS
33221,9,7,4735.30,2026-08-12 17:12:00,SUCCESS
33222,5,18,4256.40,2026-08-09 00:41:00,PENDING
33223,8,2,1183.40,2026-08-10 14:01:00,PENDING
33224,6,9,4493.90,2026-08-20 07:53:00,FAILED
33225,5,3,2394.80,2026-08-07 17:07:00,SUCCESS
33226,8,11,1690.20,2026-08-23 15:52:00,PENDING
33227,2,12,2538.50,2026-08-27 06:06:00,SUCCESS
33228,1,1,5000,INVALID_DATE_TIME,SUCCESS
33229,5,20,3449.90,2026-08-24 09:36:00,FAILED
33230,1,14,2708.20,2026-08-24 12:41:00,FAILED
33231,10,15,1631.90,2026-08-08 23:33:00,PENDING
33232,7,3,3465.50,2026-08-13 00:55:00,SUCCESS
33233,9,13,2530.80,2026-08-26 07:14:00,FAILED
33234,5,1,587.10,2026-08-29 07:54:00,FAILED
33235,3,20,2880.80,2026-08-07 15:23:00,FAILED
33236,8,6,5007.10,2026-08-30 13:07:00,FAILED
33237,8,1,3877.10,2026-08-26 18:31:00,REFUNDED
33238,2,17,4836.30,2026-08-17 21:50:00,SUCCESS
33239,10,16,3420.30,2026-08-27 21:06:00,REFUNDED
33240,5,7,4324.80,2026-08-15 20:12:00,REFUNDED
33241,3,8,421.50,2026-08-12 21:23:00,REFUNDED
33242,7,19,225.90,2026-08-26 23:19:00,PENDING
33243,2,14,4641.10,2026-08-29 08:37:00,PENDING
33244,10,8,4815.90,2026-08-11 09:17:00,SUCCESS
33245,10,14,1448.70,2026-08-07 02:46:00,PENDING
33246,3,19,4869.00,2026-08-13 18:20:00,REFUNDED
33247,10,11,295.40,2026-08-18 14:48:00,REFUNDED
33248,6,4,1226.20,2026-08-12 13:38:00,SUCCESS
33249,10,8,2266.30,2026-08-09 20:24:00,FAILED
33250,1,16,491.50,2026-08-30 00:48:00,SUCCESS
33251,2,15,2772.10,2026-08-25 06:11:00,PENDING
33252,9,11,4789.80,2026-08-27 11:54:00,FAILED
33253,9,2,4002.10,2026-08-26 00:55:00,REFUNDED
33254,9,2,170.80,2026-08-03 06:52:00,FAILED
33255,10,18,3931.70,2026-08-18 12:35:00,FAILED
33256,3,19,374.30,2026-08-18 09:22:00,PENDING
33257,8,8,4864.00,2026-08-04 04:09:00,FAILED
33258,4,15,1487.00,2026-08-12 11:57:00,REFUNDED
33259,10,10,4793.20,2026-08-29 16:49:00,FAILED
33260,9,3,3144.00,2026-08-04 08:21:00,SUCCESS
33261,8,2,1683.00,2026-08-14 21:55:00,PENDING
33262,5,3,4199.00,2026-08-03 17:06:00,PENDING
33263,6,2,3162.40,2026-08-06 14:39:00,FAILED
33264,8,20,2540.10,2026-08-09 19:58:00,FAILED
33265,8,14,4959.60,2026-08-19 06:56:00,FAILED
33266,5,4,1156.40,2026-08-15 00:05:00,PENDING
33267,7,1,3617.80,2026-08-18 15:59:00,FAILED
33268,8,9,3830.00,2026-08-08 14:07:00,SUCCESS
33269,3,16,911.10,2026-08-11 00:39:00,FAILED
33270,3,14,2764.70,2026-08-30 09:15:00,FAILED
33271,6,10,314.90,2026-08-29 19:54:00,REFUNDED
33272,7,13,569.40,2026-08-03 10:55:00,PENDING
33273,6,5,3384.40,2026-08-29 10:44:00,REFUNDED
33274,8,12,3511.80,2026-08-04 22:20:00,REFUNDED
33275,5,19,3218.80,2026-08-11 20:24:00,FAILED
33276,6,18,3651.10,2026-08-12 18:26:00,SUCCESS
33277,8,15,4305.90,2026-08-02 19:05:00,SUCCESS
33278,9,8,1295.90,2026-08-20 10:41:00,PENDING
33279,5,17,4920.50,2026-08-03 03:47:00,REFUNDED
33280,10,10,1326.90,2026-08-23 13:15:00,PENDING
33281,10,12,2906.40,2026-08-04 07:10:00,FAILED
33282,7,3,2282.90,2026-08-02 05:41:00,REFUNDED
33283,5,1,3735.10,2026-08-20 06:00:00,REFUNDED
33284,6,11,2779.60,2026-08-18 10:28:00,FAILED
33285,1,8,2574.40,2026-08-28 07:23:00,PENDING
33286,10,7,977.50,2026-08-09 20:11:00,SUCCESS
33287,1,5,712.20,2026-08-24 21:24:00,FAILED
33288,2,1,281.30,2026-08-01 17:52:00,SUCCESS
33289,4,3,3876.00,2026-08-06 07:03:00,PENDING
33290,1,4,447.20,2026-08-09 02:09:00,PENDING
33291,3,8,1524.50,2026-08-27 16:29:00,PENDING
33292,2,12,2645.40,2026-08-29 14:10:00,REFUNDED
33293,2,8,4530.40,2026-08-09 10:14:00,FAILED
33294,3,20,1536.40,2026-08-22 06:28:00,FAILED
33295,5,16,4627.00,2026-08-22 19:27:00,PENDING
33296,3,17,3201.50,2026-08-06 10:51:00,FAILED
33297,4,7,3699.20,2026-08-18 09:11:00,PENDING
33298,4,12,1286.60,2026-08-19 16:11:00,PENDING
33299,9,15,2457.80,2026-08-14 07:28:00,SUCCESS
33300,4,11,1047.80,2026-08-06 22:53:00,PENDING
33301,9,12,883.80,2026-08-26 10:22:00,PENDING
33302,2,6,2272.10,2026-08-03 21:30:00,REFUNDED
33303,6,1,2464.90,2026-08-23 07:09:00,SUCCESS
33304,2,8,60.30,2026-08-09 10:17:00,SUCCESS
33305,10,16,4889.40,2026-08-18 05:40:00,SUCCESS
33306,9,1,2858.30,2026-08-30 19:57:00,REFUNDED
33307,5,18,2303.70,2026-08-10 21:33:00,FAILED
33308,4,16,1721.40,2026-08-01 11:28:00,SUCCESS
33309,10,6,4625.90,2026-08-02 18:56:00,FAILED
33310,4,15,3532.90,2026-08-23 08:01:00,SUCCESS
33311,7,1,4655.90,2026-08-02 00:02:00,FAILED
33312,1,17,4016.20,2026-08-29 23:26:00,FAILED
33313,7,11,3839.00,2026-08-04 15:53:00,SUCCESS
33314,2,16,307.90,2026-08-05 18:21:00,FAILED
33315,7,8,2291.30,2026-08-14 02:29:00,SUCCESS
33316,5,6,1478.50,2026-08-07 11:33:00,PENDING
33317,3,4,1063.30,2026-08-08 08:43:00,PENDING
33318,3,4,2507.00,2026-08-08 05:48:00,SUCCESS
33319,3,12,4408.50,2026-08-23 10:54:00,PENDING
33320,8,8,3128.90,2026-08-10 06:54:00,SUCCESS
33321,3,10,965.20,2026-08-09 01:03:00,PENDING
33322,9,20,4820.50,2026-08-08 05:01:00,REFUNDED
33323,4,18,3354.40,2026-08-23 15:22:00,FAILED
33324,10,19,4296.10,2026-08-10 09:19:00,SUCCESS
33325,9,11,4422.40,2026-08-10 04:13:00,SUCCESS
33326,1,1,5000,2026-08-01 12:00:00,UNKNOWN_STATUS
33327,4,15,4675.60,2026-08-10 21:21:00,PENDING
33328,2,8,1228.20,2026-08-10 03:08:00,SUCCESS
33329,8,2,4773.40,2026-08-16 10:14:00,SUCCESS
33330,6,1,1731.30,2026-08-11 08:38:00,PENDING
33331,9,20,137.60,2026-08-13 17:22:00,SUCCESS
33332,7,12,2564.00,2026-08-21 22:49:00,FAILED
33333,7,10,3417.00,2026-08-26 21:24:00,PENDING
33334,1,9,3541.60,2026-08-26 04:14:00,REFUNDED
33335,1,12,3518.90,2026-08-19 11:35:00,FAILED
33336,7,13,4097.80,2026-08-26 08:42:00,REFUNDED
33337,7,1,1769.00,2026-08-11 23:51:00,REFUNDED
33338,1,16,4971.00,2026-08-30 05:36:00,REFUNDED
33339,10,14,3265.80,2026-08-13 00:20:00,PENDING
33340,1,9,2532.90,2026-08-28 05:49:00,PENDING
33341,5,18,130.10,2026-08-11 01:38:00,SUCCESS
33342,6,12,4474.90,2026-08-12 23:39:00,REFUNDED
33343,7,12,1844.20,2026-08-22 19:55:00,REFUNDED
33344,9,13,961.10,2026-08-12 01:20:00,FAILED
33345,4,11,1357.20,2026-08-29 21:44:00,SUCCESS
33346,1,15,2976.70,2026-08-01 14:03:00,PENDING
33347,8,18,787.00,2026-08-06 18:00:00,FAILED
33348,4,3,1143.80,2026-08-18 22:00:00,SUCCESS
33349,9,1,2744.90,2026-08-28 01:56:00,REFUNDED
33350,9,16,3256.50,2026-08-19 01:07:00,REFUNDED
33351,3,13,2373.90,2026-08-16 04:13:00,REFUNDED
33352,9,15,4956.00,2026-08-03 22:24:00,SUCCESS
33353,5,18,1496.90,2026-08-02 11:39:00,REFUNDED
33354,2,4,2696.90,2026-08-28 14:28:00,REFUNDED
33355,10,2,481.30,2026-08-02 11:27:00,FAILED
33356,3,5,1322.60,2026-08-25 23:39:00,SUCCESS
33357,3,17,2690.80,2026-08-27 22:38:00,FAILED
33358,2,5,4407.90,2026-08-28 09:51:00,PENDING
33359,1,20,3869.20,2026-08-28 07:16:00,SUCCESS
33360,1,4,2396.50,2026-08-03 11:27:00,SUCCESS
33361,2,9,1384.80,2026-08-25 10:40:00,REFUNDED
33362,1,15,3841.90,2026-08-03 21:05:00,REFUNDED
33363,8,3,1621.90,2026-08-03 17:06:00,REFUNDED
33364,4,14,123.00,2026-08-07 12:52:00,FAILED
33365,7,10,2541.10,2026-08-09 04:40:00,PENDING
33366,7,10,3337.80,2026-08-05 09:03:00,SUCCESS
33367,5,10,1036.60,2026-08-18 23:39:00,PENDING
33368,3,5,3294.40,2026-08-06 10:39:00,REFUNDED
33369,1,2,3048.80,2026-08-19 15:26:00,PENDING
33370,5,12,955.70,2026-08-05 21:46:00,REFUNDED
33371,3,12,4350.10,2026-08-22 01:34:00,PENDING
33372,10,4,2024.00,2026-08-21 06:14:00,PENDING
33373,3,3,4618.10,2026-08-22 00:08:00,REFUNDED
33374,2,19,4327.30,2026-08-05 15:45:00,FAILED
33375,9,9,759.30,2026-08-03 22:57:00,FAILED
33376,1,8,2368.50,2026-08-24 19:33:00,FAILED
33377,2,9,4109.10,2026-08-10 05:34:00,REFUNDED
33378,8,7,3107.60,2026-08-22 14:30:00,PENDING
33379,9,2,691.70,2026-08-29 16:44:00,SUCCESS
33380,1,1,NOT_A_NUMBER,2026-08-01 12:00:00,SUCCESS
33381,1,7,75.10,2026-08-02 20:03:00,SUCCESS
33382,4,13,2913.50,2026-08-01 20:09:00,SUCCESS
33383,2,3,3331.00,2026-08-22 16:02:00,REFUNDED
33384,4,18,4752.90,2026-08-25 09:57:00,FAILED
33385,6,15,1546.80,2026-08-20 18:54:00,SUCCESS
33386,7,16,1866.70,2026-08-11 01:37:00,SUCCESS
33387,3,14,4400.80,2026-08-25 14:42:00,PENDING
33388,2,10,1594.50,2026-08-30 10:50:00,FAILED
33389,4,7,4490.30,2026-08-27 13:04:00,SUCCESS
33390,2,3,1920.90,2026-08-15 17:44:00,SUCCESS
33391,10,16,4013.80,2026-08-21 00:15:00,REFUNDED
33392,10,3,2879.80,2026-08-05 20:00:00,FAILED
33393,6,11,3111.40,2026-08-21 19:42:00,REFUNDED
33394,9,8,4437.90,2026-08-08 09:42:00,SUCCESS
33395,8,4,4639.90,2026-08-27 12:43:00,REFUNDED
33396,5,14,4065.90,2026-08-16 23:50:00,FAILED
33397,10,16,4543.20,2026-08-26 02:05:00,SUCCESS
33398,6,2,991.20,2026-08-10 00:43:00,SUCCESS
33399,5,13,1687.60,2026-08-12 08:25:00,FAILED
33400,9,12,335.30,2026-08-30 13:15:00,SUCCESS
33401,3,13,2316.20,2026-08-16 19:12:00,PENDING
33402,10,8,4541.80,2026-08-30 21:22:00,PENDING
33403,5,19,1092.00,2026-08-21 18:58:00,FAILED
33404,5,8,2195.90,2026-08-22 07:42:00,PENDING
33405,3,11,3987.60,2026-08-16 07:57:00,PENDING
33406,10,1,2195.90,2026-08-19 19:27:00,FAILED
33407,8,4,2481.40,2026-08-25 02:57:00,REFUNDED
33408,8,8,2674.60,2026-08-23 23:37:00,FAILED
33409,10,20,4019.00,2026-08-19 01:16:00,SUCCESS
33410,2,2,4966.40,2026-08-30 02:15:00,SUCCESS
33411,5,7,3398.60,2026-08-23 14:02:00,FAILED
33412,7,10,4088.20,2026-08-03 11:42:00,FAILED
33413,5,6,473.60,2026-08-21 00:44:00,SUCCESS
33414,9,13,1077.40,2026-08-28 08:05:00,REFUNDED
33415,5,14,2646.40,2026-08-08 08:35:00,PENDING
33416,4,9,801.60,2026-08-09 07:10:00,FAILED
33417,7,11,1538.10,2026-08-14 00:37:00,PENDING
33418,1,6,4799.10,2026-08-23 16:14:00,REFUNDED
33419,8,4,1508.80,2026-08-19 00:33:00,SUCCESS
33420,2,16,1280.00,2026-08-04 21:55:00,SUCCESS
33421,1,8,969.20,2026-08-26 15:37:00,PENDING
33422,9,4,3282.20,2026-08-18 17:53:00,SUCCESS
33423,8,18,1189.90,2026-08-17 06:43:00,SUCCESS
33424,10,17,493.70,2026-08-17 14:04:00,PENDING
33425,10,18,3325.80,2026-08-04 03:21:00,PENDING
33426,10,5,4697.80,2026-08-09 17:21:00,SUCCESS
33427,6,14,4201.30,2026-08-02 09:51:00,FAILED
33428,4,9,1795.70,2026-08-20 22:56:00,REFUNDED
33429,7,12,410.50,2026-08-03 03:06:00,REFUNDED
33430,8,2,4002.50,2026-08-10 05:10:00,SUCCESS
33431,9,7,2380.60,2026-08-22 11:00:00,SUCCESS
33432,9,6,1670.80,2026-08-12 16:19:00,FAILED
33433,4,15,351.50,2026-08-14 12:21:00,SUCCESS
33434,5,19,2163.60,2026-08-03 15:48:00,SUCCESS
33435,7,11,1609.00,2026-08-30 09:13:00,REFUNDED
33436,4,9,4342.60,2026-08-20 04:05:00,SUCCESS
33437,10,17,4838.00,2026-08-19 16:10:00,FAILED
33438,3,17,2409.60,2026-08-26 12:27:00,SUCCESS
33439,4,18,2760.70,2026-08-07 20:47:00,FAILED
33440,8,15,1702.30,2026-08-11 11:44:00,REFUNDED
33441,7,15,4892.80,2026-08-04 10:03:00,PENDING
33442,1,1,5000,INVALID_DATE_TIME,SUCCESS
33443,4,4,3662.90,2026-08-14 00:47:00,REFUNDED
33444,5,16,250.70,2026-08-30 02:48:00,FAILED
33445,8,5,1701.50,2026-08-10 12:22:00,SUCCESS
33446,8,13,749.90,2026-08-16 19:14:00,REFUNDED
33447,2,19,3712.90,2026-08-02 08:17:00,FAILED
33448,3,5,3573.10,2026-08-02 20:50:00,PENDING
33449,3,16,3936.40,2026-08-27 15:57:00,SUCCESS
33450,2,6,2562.50,2026-08-26 03:33:00,PENDING
33451,8,16,3818.90,2026-08-18 04:45:00,PENDING
33452,9,6,522.00,2026-08-01 23:57:00,FAILED
33453,4,8,3710.50,2026-08-10 21:47:00,FAILED
33454,1,14,796.60,2026-08-15 06:26:00,SUCCESS
33455,5,12,1578.00,2026-08-22 22:05:00,PENDING
33456,3,11,4751.80,2026-08-07 18:06:00,REFUNDED
33457,1,9,490.70,2026-08-08 03:26:00,SUCCESS
33458,7,4,3527.20,2026-08-27 21:36:00,FAILED
33459,3,5,1917.80,2026-08-10 14:08:00,PENDING
33460,3,1,4706.50,2026-08-09 02:36:00,FAILED
33461,2,18,1082.50,2026-08-12 00:47:00,FAILED
33462,2,14,874.10,2026-08-02 14:37:00,FAILED
33463,5,8,54.10,2026-08-25 23:04:00,FAILED
33464,5,1,2809.00,2026-08-29 10:41:00,PENDING
33465,9,3,4580.50,2026-08-02 07:28:00,SUCCESS
33466,8,6,3555.40,2026-08-02 17:44:00,PENDING
33467,10,18,2046.40,2026-08-10 09:18:00,FAILED
33468,1,16,632.30,2026-08-25 03:01:00,FAILED
33469,5,14,176.00,2026-08-07 17:36:00,SUCCESS
33470,6,13,4407.90,2026-08-19 19:59:00,PENDING
33471,1,5,2399.50,2026-08-23 16:08:00,FAILED
33472,2,15,4548.40,2026-08-09 11:34:00,SUCCESS
33473,3,12,839.80,2026-08-22 13:05:00,REFUNDED
33474,8,5,716.00,2026-08-06 16:47:00,REFUNDED
33475,9,14,4639.70,2026-08-02 20:27:00,SUCCESS
33476,1,14,2515.10,2026-08-08 11:39:00,PENDING
33477,3,4,1502.80,2026-08-10 00:17:00,PENDING
33478,4,14,1209.70,2026-08-28 10:19:00,FAILED
33479,2,5,3906.90,2026-08-23 05:28:00,FAILED
33480,10,6,1806.60,2026-08-03 13:03:00,REFUNDED
33481,4,20,4647.00,2026-08-26 14:20:00,REFUNDED
33482,7,15,4471.50,2026-08-17 17:20:00,REFUNDED
33483,10,12,2523.20,2026-08-19 11:52:00,FAILED
33484,3,9,4538.50,2026-08-03 01:40:00,SUCCESS
33485,6,15,1307.10,2026-08-21 06:42:00,REFUNDED
33486,8,8,800.40,2026-08-05 00:14:00,PENDING
33487,9,18,182.10,2026-08-06 00:41:00,REFUNDED
33488,7,19,3611.80,2026-08-22 19:25:00,PENDING
33489,1,4,2616.50,2026-08-01 21:34:00,REFUNDED
33490,10,13,2528.40,2026-08-16 07:26:00,REFUNDED
33491,10,13,2224.90,2026-08-13 18:48:00,FAILED
33492,9,10,172.10,2026-08-02 22:14:00,FAILED
33493,4,5,737.30,2026-08-21 12:21:00,PENDING
33494,4,8,4444.10,2026-08-30 23:40:00,PENDING
33495,10,3,4788.70,2026-08-24 10:48:00,SUCCESS
33496,2,17,3765.00,2026-08-28 19:51:00,FAILED
33497,9,10,487.00,2026-08-05 15:53:00,FAILED
33498,4,3,2359.40,2026-08-06 05:22:00,REFUNDED
33499,5,16,383.20,2026-08-16 01:01:00,REFUNDED
33500,9,17,4468.30,2026-08-04 13:35:00,SUCCESS
33501,9,3,4783.00,2026-08-07 22:23:00,FAILED
33502,1,5,2347.70,2026-08-01 15:55:00,PENDING
33503,1,19,1709.60,2026-08-23 10:10:00,SUCCESS
33504,5,17,903.10,2026-08-28 09:45:00,REFUNDED
33505,9,6,2259.10,2026-08-30 02:05:00,FAILED
33506,6,14,1103.00,2026-08-30 22:10:00,SUCCESS
33507,8,4,1671.10,2026-08-19 19:28:00,REFUNDED
33508,10,14,4534.60,2026-08-06 21:01:00,REFUNDED
33509,1,5,2001.20,2026-08-12 17:22:00,REFUNDED
33510,2,9,4330.80,2026-08-09 03:27:00,PENDING
33511,8,20,4037.20,2026-08-14 07:51:00,FAILED
33512,9,6,4923.00,2026-08-17 01:29:00,FAILED
33513,8,14,5049.50,2026-08-30 07:59:00,PENDING
33514,1,17,2608.40,2026-08-21 01:14:00,FAILED
33515,5,2,4185.90,2026-08-16 13:07:00,PENDING
33516,5,17,4472.30,2026-08-17 06:26:00,FAILED
33517,4,20,4722.90,2026-08-05 03:13:00,FAILED
33518,4,2,204.40,2026-08-12 11:06:00,FAILED
33519,9,9,2396.50,2026-08-04 17:13:00,REFUNDED
33520,4,12,3995.50,2026-08-22 09:00:00,REFUNDED
33521,3,10,1669.10,2026-08-16 16:04:00,PENDING
33522,6,10,351.40,2026-08-25 02:04:00,SUCCESS
33523,8,6,3289.80,2026-08-06 09:24:00,PENDING
33524,5,2,3393.70,2026-08-12 07:24:00,SUCCESS
33525,7,2,3753.50,2026-08-17 00:46:00,FAILED
33526,2,5,3459.00,2026-08-02 08:35:00,FAILED
33527,1,6,4769.40,2026-08-29 01:52:00,REFUNDED
33528,6,3,2580.10,2026-08-10 19:05:00,PENDING
33529,9,4,1476.50,2026-08-18 17:46:00,SUCCESS
33530,10,19,4864.60,2026-08-09 22:45:00,SUCCESS
33531,7,10,3256.20,2026-08-16 10:23:00,FAILED
33532,8,12,4111.10,2026-08-22 04:02:00,SUCCESS
33533,9,15,4369.10,2026-08-07 04:03:00,REFUNDED
33534,2,3,1365.40,2026-08-30 15:59:00,PENDING
33535,9,16,380.20,2026-08-06 11:30:00,REFUNDED
33536,5,1,885.70,2026-08-27 14:26:00,REFUNDED
33537,2,10,1316.50,2026-08-08 16:24:00,REFUNDED
33538,4,10,730.80,2026-08-28 02:50:00,REFUNDED
33539,1,11,2405.30,2026-08-13 06:31:00,REFUNDED
33540,9,18,826.00,2026-08-31 01:36:00,PENDING
33541,8,16,1946.50,2026-08-24 09:31:00,FAILED
33542,9,18,1166.30,2026-08-13 18:16:00,SUCCESS
33543,9,8,2729.00,2026-08-13 13:25:00,PENDING
33544,3,5,251.10,2026-08-25 22:43:00,REFUNDED
33545,4,16,3346.90,2026-08-20 13:08:00,SUCCESS
33546,10,20,1367.40,2026-08-18 17:05:00,PENDING
33547,9,11,2830.00,2026-08-20 13:29:00,REFUNDED
33548,2,16,944.90,2026-08-11 08:12:00,SUCCESS
33549,7,15,3618.80,2026-08-27 14:07:00,REFUNDED
33550,8,10,5005.90,2026-08-26 18:55:00,FAILED
33551,9,4,3493.70,2026-08-17 04:20:00,REFUNDED
33552,1,13,669.50,2026-08-17 14:27:00,SUCCESS
33553,8,14,4378.80,2026-08-06 21:30:00,REFUNDED
33554,6,19,2916.80,2026-08-10 19:18:00,REFUNDED
33555,10,12,2448.10,2026-08-29 11:08:00,REFUNDED
33556,9,9,546.80,2026-08-07 17:28:00,SUCCESS
33557,8,4,439.60,2026-08-16 05:37:00,SUCCESS
33558,2,2,4446.80,2026-08-24 02:04:00,REFUNDED
33559,3,14,323.40,2026-08-31 04:42:00,PENDING
33560,4,11,2448.10,2026-08-11 21:12:00,FAILED
33561,1,1,2915.10,2026-08-26 14:01:00,SUCCESS
33562,6,17,4247.00,2026-08-04 04:51:00,FAILED
33563,7,2,2228.40,2026-08-29 03:56:00,FAILED
33564,7,13,271.20,2026-08-10 17:41:00,PENDING
33565,8,7,1448.10,2026-08-06 15:36:00,PENDING
33566,2,17,1477.90,2026-08-19 18:27:00,PENDING
33567,10,14,3394.20,2026-08-15 14:49:00,PENDING
33568,10,10,3632.80,2026-08-17 12:21:00,SUCCESS
33569,7,15,1345.50,2026-08-30 05:57:00,FAILED
33570,7,9,4255.10,2026-08-13 23:58:00,PENDING
33571,2,6,4425.00,2026-08-16 18:23:00,SUCCESS
33572,7,1,437.60,2026-08-26 03:26:00,FAILED
33573,7,3,4163.90,2026-08-02 13:10:00,PENDING
33574,1,10,173.10,2026-08-05 12:56:00,SUCCESS
33575,5,8,1428.50,2026-08-20 23:21:00,FAILED
33576,6,10,4040.10,2026-08-27 03:56:00,SUCCESS
33577,9,11,286.70,2026-08-15 20:19:00,FAILED
33578,1,1,NOT_A_NUMBER,2026-08-01 12:00:00,SUCCESS
33579,3,10,4587.20,2026-08-06 08:04:00,SUCCESS
33580,10,1,181.30,2026-08-22 16:53:00,REFUNDED
33581,6,19,4868.40,2026-08-13 22:25:00,FAILED
33582,5,4,4127.60,2026-08-02 12:45:00,REFUNDED
33583,7,2,892.90,2026-08-02 00:52:00,FAILED
33584,4,19,4447.00,2026-08-28 18:40:00,PENDING
33585,8,4,3565.50,2026-08-02 21:52:00,PENDING
33586,3,7,2951.00,2026-08-13 05:41:00,PENDING
33587,9,10,4655.00,2026-08-17 13:28:00,REFUNDED
33588,8,4,4556.30,2026-08-16 10:29:00,PENDING
33589,7,10,692.90,2026-08-06 21:25:00,REFUNDED
33590,6,14,1989.00,2026-08-02 06:25:00,FAILED
33591,2,2,531.00,2026-08-06 12:17:00,PENDING
33592,6,14,2916.50,2026-08-19 03:57:00,FAILED
33593,3,18,3519.00,2026-08-17 08:19:00,SUCCESS
33594,6,14,611.00,2026-08-15 06:00:00,REFUNDED
33595,6,3,2781.60,2026-08-22 18:17:00,REFUNDED
33596,7,9,406.10,2026-08-06 10:00:00,SUCCESS
33597,5,6,3133.10,2026-08-23 17:38:00,PENDING
33598,8,13,785.60,2026-08-23 11:29:00,FAILED
33599,2,10,3647.90,2026-08-09 18:55:00,PENDING
33600,7,1,2527.20,2026-08-06 23:39:00,PENDING
33601,1,15,2701.20,2026-08-29 22:33:00,FAILED
33602,10,14,5002.30,2026-08-04 19:40:00,PENDING
33603,1,1,169.80,2026-08-08 00:38:00,SUCCESS
33604,6,9,1031.60,2026-08-13 21:30:00,REFUNDED
33605,10,19,520.30,2026-08-18 10:07:00,FAILED
33606,2,15,4849.60,2026-08-14 20:29:00,SUCCESS
33607,1,13,4844.50,2026-08-12 10:53:00,PENDING
33608,2,16,464.70,2026-08-03 17:34:00,REFUNDED
33609,2,18,1260.20,2026-08-22 12:11:00,REFUNDED
33610,7,6,2009.40,2026-08-17 06:47:00,FAILED
33611,10,12,1992.80,2026-08-25 19:12:00,SUCCESS
33612,8,13,3189.50,2026-08-02 23:53:00,SUCCESS
33613,2,2,4335.60,2026-08-18 09:53:00,FAILED
33614,6,11,997.00,2026-08-21 08:58:00,FAILED
33615,1,4,2318.50,2026-08-12 16:32:00,PENDING
33616,10,12,4404.30,2026-08-07 15:10:00,REFUNDED
33617,2,13,2756.50,2026-08-17 08:08:00,FAILED
33618,8,10,3169.80,2026-08-02 04:31:00,FAILED
33619,1,16,2423.50,2026-08-22 19:21:00,SUCCESS
33620,1,1,5000,2026-08-01 12:00:00,UNKNOWN_STATUS
33621,8,11,3868.20,2026-08-17 21:09:00,PENDING
33622,3,17,2852.20,2026-08-13 03:03:00,PENDING
33623,2,10,1087.30,2026-08-18 02:22:00,SUCCESS
33624,6,13,542.40,2026-08-27 02:46:00,FAILED
33625,6,14,3265.20,2026-08-07 09:09:00,FAILED
33626,1,4,1468.00,2026-08-19 13:59:00,FAILED
33627,10,1,3471.60,2026-08-03 12:42:00,FAILED
33628,6,7,4266.90,2026-08-09 20:27:00,PENDING
33629,7,17,2619.30,2026-08-08 17:39:00,PENDING
33630,2,5,1111.50,2026-08-03 11:27:00,FAILED
33631,5,15,75.10,2026-08-17 19:13:00,SUCCESS
33632,9,4,2244.70,2026-08-22 21:59:00,SUCCESS
33633,8,20,4389.70,2026-08-22 13:08:00,FAILED
33634,10,7,1970.50,2026-08-02 19:10:00,SUCCESS
33635,6,13,4147.80,2026-08-25 17:09:00,SUCCESS
33636,6,19,1803.00,2026-08-08 23:34:00,REFUNDED
33637,4,13,4269.20,2026-08-06 10:59:00,SUCCESS
33638,9,15,332.40,2026-08-26 05:22:00,FAILED
33639,5,17,1927.30,2026-08-09 01:02:00,SUCCESS
33640,3,10,3678.00,2026-08-22 15:13:00,FAILED
33641,2,16,3970.70,2026-08-15 07:46:00,REFUNDED
33642,7,4,3354.30,2026-08-02 16:50:00,FAILED
33643,1,12,3050.90,2026-08-21 00:01:00,FAILED
33644,5,7,2323.20,2026-08-02 06:55:00,FAILED
33645,8,15,2872.00,2026-08-21 00:47:00,FAILED
33646,7,2,2761.70,2026-08-12 00:07:00,SUCCESS
33647,4,14,3256.20,2026-08-08 13:16:00,PENDING
33648,5,18,4511.60,2026-08-21 04:25:00,SUCCESS
33649,3,18,3341.90,2026-08-30 23:46:00,PENDING
33650,5,7,1024.40,2026-08-16 20:48:00,FAILED
33651,7,19,3422.10,2026-08-25 16:11:00,PENDING
33652,10,11,3913.40,2026-08-01 14:35:00,FAILED
33653,9,18,1042.30,2026-08-25 05:55:00,SUCCESS
33654,2,12,2612.60,2026-08-25 06:37:00,REFUNDED
33655,7,13,3961.80,2026-08-07 05:01:00,PENDING
33656,4,12,4382.60,2026-08-24 17:11:00,FAILED
33657,4,4,4528.60,2026-08-06 19:09:00,REFUNDED
33658,7,13,4304.50,2026-08-09 13:34:00,PENDING
33659,6,1,4601.90,2026-08-04 12:25:00,SUCCESS
33660,1,10,2613.30,2026-08-12 07:41:00,SUCCESS
33661,10,2,3397.40,2026-08-19 08:48:00,FAILED
33662,10,6,2559.40,2026-08-02 14:58:00,SUCCESS
33663,7,4,1795.80,2026-08-13 20:05:00,SUCCESS
33664,5,4,1573.90,2026-08-27 04:03:00,REFUNDED
33665,2,20,4636.30,2026-08-26 05:02:00,REFUNDED
33666,10,10,4939.70,2026-08-27 23:33:00,REFUNDED
33667,1,15,3697.50,2026-08-08 19:40:00,FAILED
33668,10,7,1855.00,2026-08-09 22:53:00,PENDING
33669,3,2,4289.10,2026-08-09 15:44:00,FAILED
33670,8,8,2647.40,2026-08-25 03:25:00,FAILED
33671,3,8,893.90,2026-08-07 13:59:00,PENDING
33672,8,9,1214.40,2026-08-13 16:36:00,SUCCESS
33673,4,17,3483.80,2026-08-01 20:16:00,SUCCESS
33674,2,7,4159.20,2026-08-23 06:02:00,PENDING
33675,9,5,4747.40,2026-08-28 07:07:00,REFUNDED
33676,9,13,2727.60,2026-08-02 06:04:00,SUCCESS
33677,1,17,83.20,2026-08-22 18:12:00,REFUNDED
33678,2,11,3422.20,2026-08-19 15:13:00,SUCCESS
33679,5,19,1847.20,2026-08-09 03:49:00,PENDING
33680,2,12,3712.50,2026-08-30 17:46:00,SUCCESS
33681,1,5,997.60,2026-08-10 07:52:00,PENDING
33682,5,6,1788.60,2026-08-24 21:58:00,FAILED
33683,10,9,1628.90,2026-08-29 03:50:00,SUCCESS
33684,6,15,2461.70,2026-08-23 19:55:00,PENDING
33685,6,3,2149.80,2026-08-24 15:10:00,FAILED
33686,5,13,1892.40,2026-08-14 22:01:00,SUCCESS
33687,10,8,162.90,2026-08-02 22:42:00,FAILED
33688,7,1,4905.30,2026-08-12 08:28:00,FAILED
33689,1,9,3281.10,2026-08-13 22:51:00,REFUNDED
33690,9,3,4133.10,2026-08-13 14:46:00,SUCCESS
33691,9,5,4960.50,2026-08-29 18:52:00,FAILED
33692,1,19,789.40,2026-08-15 03:51:00,PENDING
33693,8,20,3379.30,2026-08-28 05:33:00,REFUNDED
33694,9,19,1062.90,2026-08-02 08:07:00,REFUNDED
33695,5,20,3884.90,2026-08-30 08:37:00,FAILED
33696,2,9,3926.60,2026-08-26 10:10:00,SUCCESS
33697,4,18,3661.60,2026-08-11 17:01:00,REFUNDED
33698,5,1,3782.90,2026-08-14 16:48:00,REFUNDED
33699,4,1,4063.30,2026-08-25 23:09:00,REFUNDED
33700,2,4,1122.70,2026-08-16 15:34:00,FAILED
33701,2,17,355.50,2026-08-15 19:32:00,FAILED
33702,2,19,1819.40,2026-08-13 09:09:00,PENDING
33703,5,17,232.30,2026-08-30 11:21:00,SUCCESS
33704,9,18,2052.50,2026-08-30 04:02:00,REFUNDED
33705,6,7,3237.30,2026-08-20 04:17:00,SUCCESS
33706,10,9,4981.30,2026-08-13 04:05:00,REFUNDED
33707,10,3,4073.10,2026-08-25 01:18:00,FAILED
33708,6,10,3675.00,2026-08-28 00:13:00,SUCCESS
33709,10,19,3701.10,2026-08-13 20:40:00,REFUNDED
33710,2,15,1429.60,2026-08-05 10:22:00,REFUNDED
33711,3,18,2447.60,2026-08-17 04:29:00,FAILED
33712,9,2,706.20,2026-08-26 19:45:00,REFUNDED
33713,4,3,1928.80,2026-08-24 18:16:00,PENDING
33714,8,6,4269.80,2026-08-29 13:59:00,FAILED
33715,7,15,2701.20,2026-08-05 19:14:00,REFUNDED
33716,9,5,609.10,2026-08-06 09:04:00,SUCCESS
33717,4,15,3158.80,2026-08-05 12:07:00,PENDING
33718,9,4,3139.00,2026-08-15 02:48:00,SUCCESS
33719,10,18,2537.20,2026-08-25 04:17:00,FAILED
33720,5,8,410.10,2026-08-04 21:09:00,SUCCESS
33721,6,16,4752.70,2026-08-08 14:51:00,SUCCESS
33722,2,5,1772.60,2026-08-09 21:04:00,FAILED
33723,4,8,4019.30,2026-08-07 06:15:00,PENDING
33724,8,11,4715.10,2026-08-11 09:57:00,PENDING
33725,4,14,1171.70,2026-08-20 02:38:00,FAILED
33726,4,7,274.80,2026-08-18 13:43:00,FAILED
33727,8,17,4242.60,2026-08-26 00:46:00,PENDING
33728,9,8,1515.10,2026-08-09 06:37:00,REFUNDED
33729,9,8,4736.70,2026-08-27 02:26:00,FAILED
33730,10,15,4692.90,2026-08-18 18:01:00,FAILED
33731,6,13,1401.00,2026-08-18 21:11:00,SUCCESS
33732,3,7,777.90,2026-08-12 09:13:00,SUCCESS
33733,1,1,NOT_A_NUMBER,2026-08-01 12:00:00,SUCCESS
33734,4,16,1197.20,2026-08-26 16:05:00,SUCCESS
33735,7,20,1023.60,2026-08-18 14:02:00,PENDING
33736,9,17,1568.40,2026-08-14 14:12:00,SUCCESS
33737,10,8,258.50,2026-08-21 21:05:00,REFUNDED
33738,2,3,1901.30,2026-08-16 18:34:00,SUCCESS
33739,9,2,3223.00,2026-08-17 06:37:00,FAILED
33740,7,15,2903.20,2026-08-30 02:47:00,SUCCESS
33741,1,11,69.30,2026-08-11 11:29:00,REFUNDED
33742,2,14,2409.30,2026-08-20 17:28:00,FAILED
33743,5,2,2162.40,2026-08-02 03:36:00,FAILED
33744,7,20,596.20,2026-08-17 22:31:00,PENDING
33745,1,4,1036.10,2026-08-02 19:19:00,SUCCESS
33746,1,15,3765.00,2026-08-12 23:46:00,SUCCESS
33747,7,13,2268.40,2026-08-28 13:22:00,REFUNDED
33748,5,2,4973.70,2026-08-20 09:30:00,FAILED
33749,5,19,2152.40,2026-08-20 08:53:00,SUCCESS
33750,4,17,2497.40,2026-08-14 17:37:00,FAILED
33751,9,18,3664.50,2026-08-12 16:02:00,REFUNDED
33752,8,7,283.60,2026-08-26 19:12:00,FAILED
33753,6,1,3465.40,2026-08-08 04:52:00,PENDING
33754,9,1,927.60,2026-08-09 06:29:00,PENDING
33755,8,14,597.30,2026-08-04 16:19:00,REFUNDED
33756,3,18,1984.40,2026-08-30 22:15:00,PENDING
33757,9,11,4507.80,2026-08-31 04:54:00,PENDING
33758,8,18,827.30,2026-08-18 14:20:00,SUCCESS
33759,10,3,1763.20,2026-08-12 13:11:00,FAILED
33760,3,3,3205.20,2026-08-06 11:31:00,REFUNDED
33761,5,18,1653.10,2026-08-04 22:41:00,PENDING
33762,2,2,1439.70,2026-08-10 21:03:00,REFUNDED
33763,6,11,276.20,2026-08-06 19:26:00,REFUNDED
33764,2,15,2370.20,2026-08-03 22:03:00,FAILED
33765,8,20,4933.40,2026-08-14 08:44:00,REFUNDED
33766,8,4,3847.10,2026-08-14 22:08:00,FAILED
33767,6,19,2766.90,2026-08-23 04:02:00,SUCCESS
33768,8,1,2693.80,2026-08-29 19:01:00,FAILED
33769,7,1,5007.90,2026-08-15 10:47:00,REFUNDED
33770,3,18,3093.50,2026-08-02 21:29:00,REFUNDED
33771,1,5,2073.00,2026-08-06 05:35:00,FAILED
33772,7,9,762.30,2026-08-22 19:03:00,REFUNDED
33773,4,19,63.60,2026-08-08 05:36:00,FAILED
33774,1,4,4786.40,2026-08-13 07:32:00,FAILED
33775,5,19,4735.50,2026-08-08 23:51:00,FAILED
33776,6,14,2945.70,2026-08-11 07:58:00,REFUNDED
33777,2,10,2740.00,2026-08-09 02:57:00,FAILED
33778,2,9,4181.10,2026-08-27 11:16:00,PENDING
33779,5,18,1032.50,2026-08-25 12:08:00,SUCCESS
33780,6,15,748.80,2026-08-03 03:47:00,FAILED
33781,3,7,3673.40,2026-08-21 03:47:00,PENDING
33782,7,7,1225.90,2026-08-09 07:22:00,REFUNDED
33783,3,1,2004.50,2026-08-02 12:29:00,FAILED
33784,2,3,1244.20,2026-08-07 16:56:00,PENDING
33785,9,20,1632.60,2026-08-29 06:10:00,REFUNDED
33786,4,11,3844.80,2026-08-20 10:57:00,FAILED
33787,2,14,2006.10,2026-08-29 03:02:00,REFUNDED
33788,2,12,3905.30,2026-08-20 14:57:00,FAILED
33789,4,17,1686.50,2026-08-15 03:41:00,FAILED
33790,5,15,4550.30,2026-08-28 06:37:00,FAILED
33791,9,5,2267.90,2026-08-04 00:04:00,FAILED
33792,1,13,4605.80,2026-08-04 18:54:00,PENDING
33793,8,6,4865.00,2026-08-16 23:31:00,PENDING
33794,2,2,1562.60,2026-08-20 22:43:00,SUCCESS
33795,6,11,4267.90,2026-08-06 16:58:00,SUCCESS
33796,8,16,4361.10,2026-08-12 05:04:00,PENDING
33797,5,5,4499.80,2026-08-17 21:13:00,SUCCESS
33798,3,9,4806.40,2026-08-30 03:55:00,FAILED
33799,1,3,1461.70,2026-08-15 12:55:00,REFUNDED
33800,2,4,4608.60,2026-08-05 10:29:00,SUCCESS
33801,3,10,3547.60,2026-08-02 21:25:00,SUCCESS
33802,2,1,1717.40,2026-08-19 17:22:00,REFUNDED
33803,1,18,4756.20,2026-08-13 20:40:00,SUCCESS
33804,1,15,4977.20,2026-08-10 06:12:00,REFUNDED
33805,1,11,4957.30,2026-08-27 08:41:00,PENDING
33806,2,10,2689.00,2026-08-15 17:33:00,SUCCESS
33807,8,4,1076.10,2026-08-30 10:57:00,FAILED
33808,2,14,3357.60,2026-08-01 19:31:00,REFUNDED
33809,9,15,1920.30,2026-08-31 01:08:00,SUCCESS
33810,5,1,2490.30,2026-08-04 07:04:00,REFUNDED
33811,4,19,3681.30,2026-08-22 16:02:00,FAILED
33812,6,19,634.10,2026-08-16 00:05:00,FAILED
33813,3,18,3712.30,2026-08-28 13:32:00,FAILED
33814,4,14,4144.60,2026-08-07 19:16:00,SUCCESS
33815,1,12,3346.10,2026-08-30 06:07:00,PENDING
33816,7,2,339.40,2026-08-22 11:29:00,FAILED
33817,1,12,3188.40,2026-08-17 12:19:00,REFUNDED
33818,10,19,3894.50,2026-08-20 12:06:00,PENDING
33819,4,3,2396.10,2026-08-01 10:06:00,REFUNDED
33820,7,9,4221.70,2026-08-11 14:37:00,FAILED
33821,1,15,1799.50,2026-08-09 16:44:00,PENDING
33822,7,5,120.10,2026-08-24 09:07:00,SUCCESS
33823,4,18,1120.20,2026-08-13 18:56:00,REFUNDED
33824,3,16,1760.70,2026-08-27 03:05:00,FAILED
33825,7,6,3262.10,2026-08-10 10:41:00,FAILED
33826,10,14,4765.10,2026-08-06 18:45:00,REFUNDED
33827,3,19,2408.50,2026-08-07 21:46:00,FAILED
33828,9,13,4723.20,2026-08-14 13:36:00,FAILED
33829,6,14,2796.60,2026-08-14 07:16:00,FAILED
33830,5,17,1404.10,2026-08-14 04:42:00,REFUNDED
33831,10,3,3142.90,2026-08-21 17:20:00,FAILED
33832,2,13,3076.30,2026-08-03 08:26:00,SUCCESS
33833,7,3,2602.10,2026-08-18 08:01:00,REFUNDED
33834,7,19,4039.90,2026-08-25 04:56:00,FAILED
33835,5,4,624.60,2026-08-10 14:57:00,SUCCESS
33836,2,2,292.40,2026-08-23 16:36:00,FAILED
33837,10,5,1415.70,2026-08-24 20:05:00,PENDING
33838,9,4,4007.20,2026-08-15 23:05:00,FAILED
33839,4,18,3078.10,2026-08-17 06:46:00,REFUNDED
33840,8,4,3021.50,2026-08-02 21:27:00,REFUNDED
33841,5,7,1706.00,2026-08-29 11:20:00,REFUNDED
33842,7,3,2485.20,2026-08-07 03:20:00,FAILED
33843,3,13,245.50,2026-08-26 14:26:00,PENDING
33844,8,16,3036.10,2026-08-04 21:47:00,FAILED
33845,9,10,3504.00,2026-08-11 06:56:00,REFUNDED
33846,1,1,5000,2026-08-01 12:00:00,UNKNOWN_STATUS
33847,3,14,3502.00,2026-08-27 19:41:00,PENDING
33848,1,2,1590.70,2026-08-30 14:43:00,PENDING
33849,7,7,2282.00,2026-08-23 17:42:00,REFUNDED
33850,9,9,3665.70,2026-08-11 06:39:00,REFUNDED
33851,8,5,3170.30,2026-08-09 17:10:00,REFUNDED
33852,1,1,NOT_A_NUMBER,2026-08-01 12:00:00,SUCCESS
33853,9,18,4854.50,2026-08-13 14:17:00,FAILED
33854,9,18,3073.80,2026-08-21 17:41:00,PENDING
33855,8,19,782.50,2026-08-04 04:54:00,FAILED
33856,8,1,966.40,2026-08-10 03:12:00,REFUNDED
33857,2,17,3670.10,2026-08-11 10:36:00,FAILED
33858,9,9,1228.10,2026-08-06 16:08:00,SUCCESS
33859,4,15,2904.50,2026-08-14 06:14:00,SUCCESS
33860,2,14,4992.20,2026-08-20 21:55:00,FAILED
33861,6,8,4373.90,2026-08-29 21:27:00,FAILED
33862,4,9,2605.90,2026-08-05 13:30:00,REFUNDED
33863,6,19,3101.70,2026-08-11 13:25:00,PENDING
33864,3,14,3732.30,2026-08-27 18:40:00,SUCCESS
33865,3,13,4248.90,2026-08-16 03:56:00,PENDING
33866,9,5,3032.20,2026-08-15 02:40:00,FAILED
33867,2,8,3013.50,2026-08-30 22:37:00,REFUNDED
33868,10,11,1001.70,2026-08-21 01:37:00,PENDING
33869,6,4,1007.50,2026-08-25 00:53:00,PENDING
33870,3,11,1103.10,2026-08-03 05:45:00,SUCCESS
33871,8,18,1508.60,2026-08-10 22:07:00,REFUNDED
33872,4,5,3844.60,2026-08-20 05:04:00,PENDING
33873,6,15,2216.10,2026-08-24 13:05:00,SUCCESS
33874,5,16,3616.30,2026-08-19 19:42:00,PENDING
33875,6,20,4313.70,2026-08-25 16:12:00,REFUNDED
33876,2,1,2383.10,2026-08-16 08:35:00,SUCCESS
33877,9,1,4373.80,2026-08-09 11:24:00,PENDING
33878,4,1,1381.70,2026-08-27 07:55:00,REFUNDED
33879,1,19,99.80,2026-08-08 09:24:00,FAILED
33880,1,20,4119.20,2026-08-21 11:02:00,PENDING
33881,7,9,1243.10,2026-08-13 05:41:00,REFUNDED
33882,3,20,3141.40,2026-08-29 12:28:00,FAILED
33883,10,19,3337.80,2026-08-25 22:39:00,REFUNDED
33884,3,20,2284.30,2026-08-14 06:33:00,SUCCESS
33885,6,17,4627.30,2026-08-19 09:05:00,FAILED
33886,7,1,1411.80,2026-08-24 04:39:00,SUCCESS
33887,10,1,725.10,2026-08-15 18:46:00,PENDING
33888,9,16,1124.30,2026-08-19 11:49:00,FAILED
33889,10,16,4244.20,2026-08-15 21:50:00,FAILED
33890,7,7,2718.40,2026-08-19 07:18:00,REFUNDED
33891,3,1,2803.30,2026-08-17 10:46:00,SUCCESS
33892,1,11,1271.50,2026-08-17 21:51:00,FAILED
33893,2,6,1006.90,2026-08-08 17:08:00,FAILED
33894,2,7,2204.30,2026-08-17 04:20:00,SUCCESS
33895,7,8,4163.20,2026-08-01 22:59:00,REFUNDED
33896,9,4,643.90,2026-08-07 01:39:00,SUCCESS
33897,10,13,4237.90,2026-08-28 02:01:00,SUCCESS
33898,4,18,4998.10,2026-08-23 02:26:00,PENDING
33899,4,9,2459.60,2026-08-25 22:32:00,PENDING
33900,6,6,2973.00,2026-08-08 12:50:00,REFUNDED
33901,10,13,3202.30,2026-08-02 19:29:00,FAILED
33902,9,11,3174.10,2026-08-17 02:55:00,SUCCESS
33903,9,3,1511.60,2026-08-01 08:30:00,PENDING
33904,5,17,4303.70,2026-08-17 20:44:00,REFUNDED
33905,7,8,506.50,2026-08-05 19:33:00,FAILED
33906,6,20,1637.30,2026-08-05 17:56:00,FAILED
33907,2,18,2225.60,2026-08-23 15:15:00,FAILED
33908,5,9,3839.90,2026-08-23 19:46:00,SUCCESS
33909,9,15,3746.30,2026-08-28 21:52:00,PENDING
33910,9,7,2872.70,2026-08-08 21:46:00,FAILED
33911,10,1,2176.00,2026-08-09 05:29:00,FAILED
33912,10,16,1210.90,2026-08-04 02:16:00,SUCCESS
33913,3,16,4337.10,2026-08-24 01:22:00,PENDING
33914,1,5,4600.30,2026-08-08 15:12:00,PENDING
33915,1,13,2507.50,2026-08-27 11:45:00,REFUNDED
33916,10,15,4317.10,2026-08-04 12:32:00,REFUNDED
33917,6,20,1564.00,2026-08-25 17:15:00,REFUNDED
33918,2,3,4038.90,2026-08-20 08:21:00,SUCCESS
33919,7,8,1805.10,2026-08-17 09:56:00,FAILED
33920,4,13,3835.50,2026-08-26 19:47:00,FAILED
33921,2,6,330.50,2026-08-29 14:25:00,FAILED
33922,4,9,2874.40,2026-08-05 11:57:00,SUCCESS
33923,3,16,1854.10,2026-08-21 15:54:00,REFUNDED
33924,1,14,4060.20,2026-08-10 07:48:00,REFUNDED
33925,5,7,3672.60,2026-08-21 09:25:00,PENDING
33926,2,14,4721.50,2026-08-24 05:19:00,SUCCESS
33927,7,19,4630.20,2026-08-17 00:49:00,PENDING
33928,10,13,4126.00,2026-08-03 14:38:00,SUCCESS
33929,8,19,2875.60,2026-08-24 05:05:00,PENDING
33930,10,15,513.20,2026-08-16 15:06:00,PENDING
33931,5,6,396.40,2026-08-15 06:44:00,PENDING
33932,8,20,3536.30,2026-08-19 07:04:00,PENDING
33933,9,10,2738.70,2026-08-30 02:58:00,FAILED
33934,10,9,4891.40,2026-08-21 07:51:00,REFUNDED
33935,9,4,4305.40,2026-08-01 16:13:00,SUCCESS
33936,3,15,1831.80,2026-08-19 18:09:00,REFUNDED
33937,6,12,1212.60,2026-08-20 16:37:00,FAILED
33938,1,15,297.40,2026-08-16 04:43:00,REFUNDED
33939,6,6,1833.80,2026-08-12 16:51:00,REFUNDED
33940,6,14,1499.40,2026-08-26 03:04:00,FAILED
33941,5,15,4116.80,2026-08-30 20:02:00,PENDING
33942,8,13,1559.90,2026-08-18 07:28:00,REFUNDED
33943,9,1,4726.70,2026-08-12 02:30:00,SUCCESS
33944,10,9,691.30,2026-08-28 14:49:00,FAILED
33945,4,12,3817.40,2026-08-26 05:39:00,FAILED
33946,7,6,3989.30,2026-08-14 11:09:00,SUCCESS
33947,7,6,440.20,2026-08-28 12:58:00,SUCCESS
33948,2,20,533.50,2026-08-31 04:53:00,SUCCESS
33949,7,19,1655.20,2026-08-24 12:28:00,PENDING
33950,9,16,1228.30,2026-08-05 15:22:00,SUCCESS
33951,3,3,4759.80,2026-08-25 16:15:00,PENDING
33952,8,12,2843.50,2026-08-28 19:59:00,REFUNDED
33953,3,15,1435.40,2026-08-16 08:51:00,PENDING
33954,5,11,3852.50,2026-08-02 02:24:00,SUCCESS
33955,8,16,4712.20,2026-08-22 07:29:00,SUCCESS
33956,7,16,1711.60,2026-08-17 11:57:00,FAILED
33957,5,19,3789.80,2026-08-20 07:45:00,SUCCESS
33958,7,14,3086.70,2026-08-19 13:35:00,SUCCESS
33959,10,1,96.00,2026-08-29 04:41:00,PENDING
33960,5,8,3960.30,2026-08-02 06:36:00,FAILED
33961,1,11,2914.00,2026-08-06 03:31:00,FAILED
33962,9,10,3439.20,2026-08-03 17:46:00,FAILED
33963,3,12,4593.60,2026-08-15 05:11:00,SUCCESS
33964,1,14,1113.90,2026-08-10 23:36:00,SUCCESS
33965,1,12,4395.30,2026-08-30 16:57:00,PENDING
33966,4,14,2526.60,2026-08-27 19:52:00,PENDING
33967,4,4,1624.20,2026-08-29 08:16:00,SUCCESS
33968,10,13,135.60,2026-08-08 01:49:00,PENDING
33969,2,16,1519.60,2026-08-05 21:58:00,FAILED
33970,9,2,1290.70,2026-08-06 15:11:00,REFUNDED
33971,10,3,3322.90,2026-08-02 20:42:00,FAILED
33972,2,6,680.00,2026-08-09 10:32:00,PENDING
33973,9,11,3605.20,2026-08-13 14:16:00,SUCCESS
33974,6,20,1710.80,2026-08-20 06:10:00,SUCCESS
33975,9,5,4727.60,2026-08-15 20:35:00,PENDING
33976,2,18,4564.50,2026-08-09 03:11:00,FAILED
33977,9,8,4045.70,2026-08-24 23:11:00,FAILED
33978,5,19,2679.40,2026-08-24 17:59:00,PENDING
33979,6,5,4718.50,2026-08-27 03:39:00,SUCCESS
33980,5,11,947.60,2026-08-23 11:38:00,SUCCESS
33981,3,1,1030.90,2026-08-10 08:45:00,PENDING
33982,2,18,3518.10,2026-08-17 07:38:00,SUCCESS
33983,9,8,2011.40,2026-08-15 13:55:00,FAILED
33984,7,9,660.40,2026-08-27 11:36:00,SUCCESS
33985,1,16,2649.20,2026-08-10 15:29:00,REFUNDED
33986,5,1,3575.30,2026-08-18 15:38:00,REFUNDED
33987,4,20,2566.10,2026-08-23 06:36:00,REFUNDED
33988,9,8,1170.70,2026-08-20 03:12:00,FAILED
33989,2,6,2696.90,2026-08-27 05:54:00,PENDING
33990,5,11,2740.80,2026-08-25 00:07:00,PENDING
33991,6,17,2878.40,2026-08-22 13:53:00,REFUNDED
33992,3,13,613.70,2026-08-06 01:30:00,REFUNDED
33993,5,4,350.50,2026-08-19 03:18:00,FAILED
33994,1,1,2431.60,2026-08-27 05:18:00,REFUNDED
33995,4,16,4874.80,2026-08-14 03:21:00,REFUNDED
33996,8,18,2405.10,2026-08-13 08:24:00,PENDING
33997,10,19,3542.70,2026-08-22 20:57:00,FAILED
33998,7,17,500.80,2026-08-09 05:11:00,REFUNDED
33999,2,10,3447.80,2026-08-05 04:28:00,PENDING
34000,5,18,4229.00,2026-08-26 10:25:00,SUCCESS
34001,2,8,1023.00,2026-08-16 23:37:00,PENDING
34002,10,9,759.90,2026-08-23 18:59:00,REFUNDED
34003,3,9,2693.20,2026-08-12 18:10:00,SUCCESS
34004,4,15,4869.50,2026-08-09 18:48:00,FAILED
34005,3,20,2274.40,2026-08-07 22:53:00,SUCCESS
34006,7,8,2253.90,2026-08-23 16:17:00,SUCCESS
34007,8,7,3520.20,2026-08-27 05:14:00,FAILED
34008,2,11,593.60,2026-08-04 00:59:00,FAILED
34009,6,9,562.90,2026-08-26 20:11:00,SUCCESS
34010,5,4,325.20,2026-08-02 21:34:00,REFUNDED
34011,4,13,4471.90,2026-08-24 18:43:00,REFUNDED
34012,1,6,3641.10,2026-08-12 09:15:00,SUCCESS
34013,5,11,4984.20,2026-08-30 13:49:00,PENDING
34014,10,8,1009.60,2026-08-28 19:53:00,PENDING
34015,10,4,723.60,2026-08-18 19:02:00,FAILED
34016,1,3,2479.60,2026-08-26 21:15:00,REFUNDED
34017,2,1,1161.90,2026-08-22 11:05:00,FAILED
34018,9,5,359.30,2026-08-02 19:38:00,FAILED
34019,6,1,2153.90,2026-08-23 02:37:00,PENDING
34020,10,16,1080.10,2026-08-24 00:31:00,PENDING
34021,6,3,2271.80,2026-08-25 06:38:00,SUCCESS
34022,6,14,4684.50,2026-08-01 17:35:00,SUCCESS
34023,7,13,2942.80,2026-08-19 04:40:00,REFUNDED
34024,7,8,1908.80,2026-08-31 04:29:00,FAILED
34025,3,18,4146.30,2026-08-17 02:07:00,REFUNDED
34026,1,5,3015.80,2026-08-23 13:38:00,FAILED
34027,5,1,2993.80,2026-08-06 17:37:00,SUCCESS
34028,2,12,1795.60,2026-08-15 04:11:00,PENDING
34029,4,13,3342.00,2026-08-16 02:48:00,REFUNDED
34030,10,14,1404.00,2026-08-17 03:37:00,SUCCESS
34031,3,20,249.80,2026-08-30 05:08:00,REFUNDED
34032,7,7,4136.50,2026-08-29 06:17:00,REFUNDED
34033,4,12,4239.50,2026-08-01 12:42:00,REFUNDED
34034,7,20,2467.70,2026-08-27 11:51:00,REFUNDED
34035,10,20,4590.90,2026-08-03 13:41:00,FAILED
34036,8,2,726.90,2026-08-31 04:59:00,FAILED
34037,2,9,3862.30,2026-08-26 09:33:00,FAILED
34038,3,11,3815.80,2026-08-08 19:33:00,SUCCESS
34039,4,4,311.10,2026-08-25 04:15:00,REFUNDED
34040,5,18,2815.50,2026-08-09 09:31:00,FAILED
34041,6,14,2917.70,2026-08-27 20:01:00,PENDING
34042,2,18,4758.40,2026-08-21 10:29:00,SUCCESS
34043,1,1,1644.00,2026-08-17 20:36:00,PENDING
34044,1,17,262.60,2026-08-23 17:08:00,SUCCESS
34045,2,2,3827.90,2026-08-21 05:07:00,REFUNDED
34046,7,6,4783.90,2026-08-05 20:45:00,REFUNDED
34047,6,7,4121.30,2026-08-20 09:45:00,FAILED
34048,7,17,4587.00,2026-08-25 05:54:00,REFUNDED
34049,5,13,4925.00,2026-08-02 11:10:00,SUCCESS
34050,8,12,2798.80,2026-08-01 08:36:00,SUCCESS
34051,6,4,2682.70,2026-08-27 09:11:00,FAILED
34052,2,10,2661.70,2026-08-11 22:26:00,PENDING
34053,1,1,NOT_A_NUMBER,2026-08-01 12:00:00,SUCCESS
34054,1,8,4940.10,2026-08-07 17:11:00,REFUNDED
34055,2,11,3571.20,2026-08-08 03:43:00,SUCCESS
34056,3,3,3865.90,2026-08-06 14:08:00,SUCCESS
34057,1,6,1516.20,2026-08-01 19:19:00,SUCCESS
34058,3,20,4033.50,2026-08-23 15:18:00,PENDING
34059,2,14,4554.70,2026-08-03 04:23:00,REFUNDED
34060,4,8,550.20,2026-08-21 05:21:00,REFUNDED
34061,8,2,268.50,2026-08-08 05:02:00,FAILED
34062,9,17,2449.80,2026-08-14 17:06:00,REFUNDED
34063,10,14,422.30,2026-08-12 22:29:00,REFUNDED
34064,6,3,1864.30,2026-08-04 11:11:00,PENDING
34065,2,14,813.10,2026-08-22 02:44:00,FAILED
34066,3,11,1065.10,2026-08-21 01:13:00,PENDING
34067,7,2,82.00,2026-08-05 22:52:00,REFUNDED
34068,10,13,4524.60,2026-08-13 09:58:00,FAILED
34069,7,19,4586.90,2026-08-27 11:29:00,SUCCESS
34070,1,5,2078.90,2026-08-23 00:33:00,FAILED
34071,8,1,459.50,2026-08-14 01:34:00,SUCCESS
34072,6,10,1057.60,2026-08-17 15:30:00,FAILED
34073,4,14,3527.50,2026-08-28 12:49:00,PENDING
34074,6,2,3441.60,2026-08-20 17:06:00,PENDING
34075,2,8,3272.10,2026-08-19 18:57:00,PENDING
34076,10,19,831.60,2026-08-28 20:17:00,FAILED
34077,9,19,2060.60,2026-08-30 20:19:00,FAILED
34078,5,2,2092.90,2026-08-30 12:47:00,PENDING
34079,7,3,1864.20,2026-08-03 13:34:00,FAILED
34080,9,2,4101.90,2026-08-29 00:43:00,SUCCESS
34081,5,5,3271.80,2026-08-12 07:46:00,REFUNDED
34082,9,6,4564.00,2026-08-28 05:09:00,REFUNDED
34083,5,2,1130.60,2026-08-02 01:04:00,FAILED
34084,9,17,2772.90,2026-08-30 13:03:00,SUCCESS
34085,8,8,1843.80,2026-08-27 08:26:00,REFUNDED
34086,6,10,1066.50,2026-08-04 19:03:00,PENDING
34087,8,20,1781.40,2026-08-08 03:36:00,PENDING
34088,8,16,1272.70,2026-08-02 19:36:00,PENDING
34089,3,5,2715.60,2026-08-06 23:04:00,SUCCESS
34090,6,11,1908.90,2026-08-04 03:25:00,PENDING
34091,4,12,3683.60,2026-08-14 11:08:00,SUCCESS
34092,4,16,4188.40,2026-08-16 12:44:00,REFUNDED
34093,10,1,269.10,2026-08-24 06:49:00,FAILED
34094,5,15,4593.80,2026-08-22 11:25:00,FAILED
34095,10,10,4004.20,2026-08-29 18:53:00,REFUNDED
34096,7,16,596.90,2026-08-12 05:08:00,REFUNDED
34097,6,5,1626.50,2026-08-28 20:15:00,REFUNDED
34098,10,5,364.50,2026-08-15 16:51:00,SUCCESS
34099,5,18,300.50,2026-08-23 15:13:00,REFUNDED
34100,10,17,1212.20,2026-08-17 22:49:00,PENDING
34101,6,3,1353.50,2026-08-01 15:12:00,SUCCESS
34102,6,20,3779.80,2026-08-06 10:50:00,PENDING
34103,8,20,1853.50,2026-08-25 06:22:00,REFUNDED
34104,8,2,966.90,2026-08-28 21:10:00,FAILED
34105,2,16,2406.00,2026-08-30 22:14:00,FAILED
34106,6,3,3147.80,2026-08-03 13:32:00,REFUNDED
34107,3,16,1859.60,2026-08-31 00:33:00,SUCCESS
34108,5,7,1086.90,2026-08-05 01:55:00,SUCCESS
34109,7,3,1740.40,2026-08-27 06:15:00,PENDING
34110,3,14,4923.20,2026-08-15 12:30:00,PENDING
34111,4,16,1697.80,2026-08-11 23:14:00,FAILED
34112,9,14,3255.10,2026-08-28 12:21:00,SUCCESS
34113,8,19,530.30,2026-08-10 04:40:00,PENDING
34114,7,18,2332.60,2026-08-06 21:01:00,REFUNDED
34115,10,4,3591.70,2026-08-12 21:01:00,SUCCESS
34116,3,16,1426.50,2026-08-20 05:17:00,FAILED
34117,10,9,2035.20,2026-08-30 14:51:00,FAILED
34118,4,11,727.20,2026-08-14 17:53:00,FAILED
34119,2,1,4561.90,2026-08-17 10:13:00,PENDING
34120,4,11,456.50,2026-08-08 08:39:00,SUCCESS
34121,10,6,4952.40,2026-08-28 12:23:00,FAILED
34122,3,13,2855.20,2026-08-26 06:52:00,FAILED
34123,2,18,4176.10,2026-08-11 02:40:00,FAILED
34124,2,11,4182.10,2026-08-11 23:43:00,REFUNDED
34125,8,16,2214.00,2026-08-14 14:03:00,SUCCESS
34126,4,5,950.00,2026-08-30 02:03:00,PENDING
34127,4,8,737.80,2026-08-30 00:57:00,FAILED
34128,5,15,3013.30,2026-08-23 20:12:00,SUCCESS
34129,5,9,2232.50,2026-08-19 12:19:00,PENDING
34130,6,9,4936.40,2026-08-29 17:08:00,FAILED
34131,1,1,5000,2026-08-01 12:00:00,UNKNOWN_STATUS
34132,3,8,4163.00,2026-08-23 09:15:00,PENDING
34133,9,8,2837.30,2026-08-19 11:57:00,REFUNDED
34134,1,1,5000,INVALID_DATE_TIME,SUCCESS
34135,3,5,2023.40,2026-08-19 16:54:00,REFUNDED
34136,4,10,2026.70,2026-08-31 03:59:00,FAILED
34137,8,9,3609.70,2026-08-08 02:34:00,REFUNDED
34138,2,16,5000.00,2026-08-07 03:29:00,SUCCESS
34139,4,15,82.60,2026-08-05 15:12:00,REFUNDED
34140,6,4,4219.80,2026-08-09 03:29:00,FAILED
34141,6,14,4115.60,2026-08-31 01:12:00,SUCCESS
34142,1,1,NOT_A_NUMBER,2026-08-01 12:00:00,SUCCESS
34143,7,12,2067.60,2026-08-23 14:32:00,FAILED
34144,6,3,2032.50,2026-08-21 20:44:00,SUCCESS
34145,9,13,819.90,2026-08-12 19:43:00,FAILED
34146,1,2,2136.40,2026-08-07 13:47:00,PENDING
34147,5,1,2384.60,2026-08-19 14:17:00,SUCCESS
34148,8,5,1140.20,2026-08-31 06:25:00,SUCCESS
34149,4,12,2905.30,2026-08-16 12:45:00,SUCCESS
34150,9,18,5009.10,2026-08-01 10:26:00,SUCCESS
34151,10,1,5027.20,2026-08-10 01:57:00,PENDING
34152,10,1,2846.70,2026-08-08 11:31:00,REFUNDED
34153,7,9,1232.80,2026-08-05 06:44:00,REFUNDED
34154,5,1,1950.60,2026-08-14 06:42:00,FAILED
34155,7,17,1373.80,2026-08-15 05:24:00,FAILED
34156,7,6,3920.90,2026-08-29 04:42:00,FAILED
34157,1,13,1279.40,2026-08-22 10:04:00,SUCCESS
34158,10,8,1668.90,2026-08-31 07:05:00,REFUNDED
34159,2,17,4819.00,2026-08-14 09:28:00,PENDING
34160,5,16,2936.10,2026-08-24 03:51:00,FAILED
34161,9,3,3246.00,2026-08-09 19:11:00,SUCCESS
34162,3,15,2800.10,2026-08-22 03:59:00,FAILED
34163,2,19,1450.80,2026-08-03 08:07:00,PENDING
34164,10,9,3097.00,2026-08-27 06:14:00,REFUNDED
34165,5,20,2283.40,2026-08-01 09:24:00,PENDING
34166,5,2,479.00,2026-08-03 21:24:00,FAILED
34167,5,15,2372.90,2026-08-05 17:27:00,FAILED
34168,3,20,3714.40,2026-08-04 18:32:00,PENDING
34169,10,10,357.80,2026-08-04 09:44:00,PENDING
34170,10,13,4939.60,2026-08-08 06:34:00,FAILED
34171,3,1,3658.00,2026-08-05 07:40:00,PENDING
34172,4,4,268.90,2026-08-05 11:28:00,SUCCESS
34173,2,9,3228.30,2026-08-23 19:12:00,PENDING
34174,6,17,4090.30,2026-08-28 02:50:00,PENDING
34175,8,8,2285.10,2026-08-27 11:10:00,SUCCESS
34176,1,7,1464.40,2026-08-28 06:12:00,PENDING
34177,4,2,1550.30,2026-08-28 04:31:00,REFUNDED
34178,6,13,130.20,2026-08-11 12:13:00,PENDING
34179,5,1,3925.30,2026-08-23 09:25:00,REFUNDED
34180,9,5,3867.60,2026-08-09 00:26:00,FAILED
34181,10,20,4101.70,2026-08-21 04:04:00,FAILED
34182,4,2,3633.20,2026-08-17 15:49:00,FAILED
34183,9,16,1966.90,2026-08-13 21:56:00,PENDING
34184,3,8,1055.20,2026-08-02 12:39:00,REFUNDED
34185,10,3,4275.90,2026-08-05 02:18:00,PENDING
34186,6,1,4435.60,2026-08-26 08:56:00,FAILED
34187,7,6,4456.10,2026-08-17 15:26:00,SUCCESS
34188,6,10,2591.60,2026-08-14 21:35:00,FAILED
34189,9,19,407.50,2026-08-02 23:02:00,FAILED
34190,6,16,3575.10,2026-08-11 02:43:00,PENDING
34191,3,18,3877.50,2026-08-05 08:48:00,PENDING
34192,8,14,1289.90,2026-08-14 06:30:00,SUCCESS
34193,3,1,898.20,2026-08-02 23:47:00,FAILED
34194,2,5,4584.10,2026-08-03 15:41:00,SUCCESS
34195,2,5,3215.20,2026-08-09 16:52:00,FAILED
34196,3,2,412.20,2026-08-07 22:21:00,PENDING
34197,1,1,5000,INVALID_DATE_TIME,SUCCESS
34198,3,19,3108.50,2026-08-26 06:21:00,PENDING
34199,6,2,3219.40,2026-08-09 17:48:00,PENDING
34200,3,14,4714.00,2026-08-18 18:33:00,SUCCESS
34201,9,15,4351.10,2026-08-24 17:13:00,PENDING
34202,6,3,1830.80,2026-08-09 00:58:00,PENDING
34203,2,16,4800.50,2026-08-08 06:01:00,REFUNDED
34204,7,4,4437.60,2026-08-10 17:38:00,REFUNDED
34205,6,10,124.90,2026-08-02 23:35:00,FAILED
34206,10,5,4331.70,2026-08-27 04:59:00,PENDING
34207,4,7,4692.50,2026-08-26 13:07:00,FAILED
34208,1,12,541.70,2026-08-06 19:11:00,REFUNDED
34209,6,12,4147.20,2026-08-04 23:06:00,PENDING
34210,6,10,3776.00,2026-08-10 05:21:00,SUCCESS
34211,9,11,265.30,2026-08-04 05:14:00,REFUNDED
34212,2,7,4132.90,2026-08-08 01:30:00,REFUNDED
34213,2,10,1854.90,2026-08-11 21:10:00,FAILED
34214,1,6,1407.00,2026-08-02 01:38:00,REFUNDED
34215,9,1,966.30,2026-08-31 05:41:00,SUCCESS
34216,8,1,3274.50,2026-08-08 16:13:00,PENDING
34217,10,17,2951.20,2026-08-06 09:58:00,PENDING
34218,4,2,631.70,2026-08-06 08:12:00,SUCCESS
34219,1,100.00
34220,2,8,4964.10,2026-08-20 23:01:00,REFUNDED
34221,6,15,3149.90,2026-08-05 11:43:00,REFUNDED
34222,10,3,2835.90,2026-08-07 18:29:00,FAILED
34223,2,8,1966.00,2026-08-31 04:10:00,REFUNDED
34224,7,2,1499.80,2026-08-28 16:30:00,REFUNDED
34225,5,11,544.30,2026-08-23 13:22:00,FAILED
34226,6,1,1824.10,2026-08-13 04:43:00,REFUNDED
34227,9,3,2554.10,2026-08-01 19:00:00,REFUNDED
34228,10,9,3971.10,2026-08-18 04:55:00,REFUNDED
34229,6,1,1523.10,2026-08-26 15:01:00,SUCCESS
34230,2,10,2051.50,2026-08-19 10:12:00,REFUNDED
34231,3,2,2753.40,2026-08-30 16:30:00,REFUNDED
34232,3,2,3121.20,2026-08-18 06:47:00,PENDING
34233,4,1,4046.70,2026-08-07 21:50:00,SUCCESS
34234,5,8,1952.80,2026-08-13 06:51:00,SUCCESS
34235,8,7,4182.90,2026-08-10 11:02:00,PENDING
34236,8,7,1139.70,2026-08-21 18:47:00,PENDING
34237,6,18,4754.10,2026-08-31 06:08:00,REFUNDED
34238,7,11,3108.40,2026-08-02 13:52:00,SUCCESS
34239,2,4,2717.20,2026-08-13 16:23:00,FAILED
34240,2,3,2879.50,2026-08-26 19:59:00,FAILED
34241,6,5,471.70,2026-08-15 13:13:00,REFUNDED
34242,7,9,968.70,2026-08-03 12:28:00,REFUNDED
34243,5,9,1089.60,2026-08-17 06:39:00,PENDING
34244,10,20,1347.20,2026-08-09 23:22:00,FAILED
34245,8,6,1845.70,2026-08-17 18:50:00,SUCCESS
34246,1,15,3046.80,2026-08-09 17:06:00,REFUNDED
34247,9,17,1360.60,2026-08-07 13:39:00,FAILED
34248,2,6,2034.20,2026-08-29 12:29:00,SUCCESS
34249,2,14,1832.30,2026-08-25 02:32:00,PENDING
34250,6,1,4164.70,2026-08-26 15:54:00,REFUNDED
34251,4,7,766.70,2026-08-18 15:54:00,REFUNDED
34252,6,12,4904.10,2026-08-21 05:17:00,SUCCESS
34253,7,16,3160.90,2026-08-11 10:14:00,SUCCESS
34254,3,4,4363.00,2026-08-07 10:57:00,REFUNDED
34255,9,19,4553.60,2026-08-09 14:11:00,REFUNDED
34256,2,8,1916.60,2026-08-27 01:45:00,FAILED
34257,8,5,2355.40,2026-08-28 03:49:00,REFUNDED
34258,6,11,4127.60,2026-08-11 22:25:00,SUCCESS
34259,4,9,74.30,2026-08-15 13:12:00,REFUNDED
34260,4,10,1921.70,2026-08-01 12:31:00,PENDING
34261,6,2,780.30,2026-08-07 09:17:00,FAILED
34262,6,9,3075.10,2026-08-12 12:11:00,SUCCESS
34263,2,11,1292.00,2026-08-06 21:43:00,SUCCESS
34264,2,2,867.00,2026-08-14 18:59:00,REFUNDED
34265,8,11,4725.20,2026-08-09 13:12:00,FAILED
34266,10,17,2901.70,2026-08-02 18:37:00,FAILED
34267,10,3,2053.50,2026-08-12 04:45:00,PENDING
34268,5,5,4004.70,2026-08-06 17:48:00,PENDING
34269,8,15,3986.40,2026-08-13 01:51:00,REFUNDED
34270,9,7,4752.80,2026-08-04 22:28:00,FAILED
34271,5,17,391.20,2026-08-06 02:57:00,PENDING
34272,1,1,3264.70,2026-08-16 14:57:00,FAILED
34273,5,18,4339.10,2026-08-02 23:32:00,SUCCESS
34274,8,9,3310.10,2026-08-19 02:20:00,SUCCESS
34275,1,1,4221.30,2026-08-03 23:54:00,FAILED
34276,6,10,224.60,2026-08-03 21:18:00,FAILED
34277,2,14,1476.20,2026-08-25 22:11:00,PENDING
34278,1,3,3780.80,2026-08-09 13:35:00,REFUNDED
34279,3,6,3518.20,2026-08-30 03:10:00,SUCCESS
34280,6,1,883.10,2026-08-02 04:13:00,REFUNDED
34281,8,11,432.90,2026-08-08 03:43:00,FAILED
34282,4,9,347.50,2026-08-13 10:24:00,PENDING
34283,5,2,638.10,2026-08-02 06:17:00,PENDING
34284,9,3,3091.70,2026-08-14 04:26:00,SUCCESS
34285,5,5,3239.20,2026-08-27 20:10:00,PENDING
34286,8,16,2637.10,2026-08-06 09:18:00,SUCCESS
34287,5,16,537.10,2026-08-26 07:27:00,FAILED
34288,9,6,3904.10,2026-08-20 21:21:00,SUCCESS
34289,7,4,2821.60,2026-08-09 19:28:00,PENDING
34290,1,3,3370.50,2026-08-06 19:33:00,FAILED
34291,9,4,2546.60,2026-08-23 18:29:00,PENDING
34292,9,7,4776.40,2026-08-30 22:16:00,REFUNDED
34293,6,8,2468.00,2026-08-27 05:36:00,REFUNDED
34294,9,11,4305.50,2026-08-12 22:58:00,REFUNDED
34295,4,11,2772.40,2026-08-25 02:38:00,PENDING
34296,4,18,2720.40,2026-08-22 15:14:00,REFUNDED
34297,7,12,3165.40,2026-08-30 18:48:00,SUCCESS
34298,1,19,214.80,2026-08-23 01:18:00,PENDING
34299,8,11,4287.10,2026-08-12 23:26:00,FAILED
34300,9,10,3469.90,2026-08-16 13:46:00,FAILED
34301,3,2,2422.60,2026-08-03 17:39:00,REFUNDED
34302,10,3,2237.90,2026-08-22 12:15:00,PENDING
34303,7,15,1477.50,2026-08-02 20:49:00,FAILED
34304,1,5,458.80,2026-08-11 06:50:00,PENDING
34305,10,2,1986.20,2026-08-05 16:00:00,FAILED
34306,7,14,2009.10,2026-08-15 17:56:00,PENDING
34307,8,20,1300.20,2026-08-09 11:49:00,SUCCESS
34308,7,11,1667.00,2026-08-24 22:40:00,SUCCESS
34309,3,19,988.20,2026-08-31 00:40:00,SUCCESS
34310,2,18,4997.70,2026-08-22 04:46:00,SUCCESS
34311,7,19,1882.80,2026-08-02 07:06:00,PENDING
34312,1,1,5000,INVALID_DATE_TIME,SUCCESS
34313,2,6,2890.80,2026-08-26 00:25:00,REFUNDED
34314,2,6,1614.70,2026-08-19 10:38:00,FAILED
34315,4,15,3100.50,2026-08-23 03:06:00,SUCCESS
34316,9,13,2558.20,2026-08-03 07:09:00,FAILED
34317,10,7,2530.30,2026-08-25 22:02:00,PENDING
34318,4,5,4379.90,2026-08-31 01:14:00,PENDING
34319,6,5,3659.60,2026-08-25 11:23:00,SUCCESS
34320,3,10,1123.80,2026-08-28 02:47:00,FAILED
34321,6,7,816.80,2026-08-05 00:57:00,REFUNDED
34322,9,20,657.00,2026-08-03 00:46:00,FAILED
34323,5,1,2205.60,2026-08-07 22:54:00,REFUNDED
34324,1,3,3426.40,2026-08-03 01:54:00,FAILED
34325,5,4,2225.60,2026-08-26 23:33:00,REFUNDED
34326,5,14,3214.30,2026-08-22 16:43:00,FAILED
34327,5,12,1775.30,2026-08-05 11:04:00,PENDING
34328,6,8,2332.40,2026-08-22 19:58:00,PENDING
34329,4,9,1242.10,2026-08-12 19:08:00,SUCCESS
34330,2,13,731.00,2026-08-14 18:05:00,PENDING
34331,9,17,1881.70,2026-08-25 04:57:00,FAILED
34332,9,15,3512.80,2026-08-12 19:51:00,PENDING
34333,3,19,4630.60,2026-08-19 02:51:00,REFUNDED
34334,3,12,4642.50,2026-08-22 15:39:00,PENDING
34335,7,5,1359.40,2026-08-14 07:33:00,SUCCESS
34336,4,10,316.60,2026-08-05 03:38:00,REFUNDED
34337,5,20,205.70,2026-08-21 06:56:00,FAILED
34338,2,19,227.40,2026-08-07 15:30:00,PENDING
34339,8,17,3005.50,2026-08-22 11:36:00,REFUNDED
34340,10,4,1047.40,2026-08-24 20:24:00,SUCCESS
34341,9,8,4932.50,2026-08-28 23:14:00,FAILED
34342,5,2,575.60,2026-08-10 13:30:00,REFUNDED
34343,5,6,2998.50,2026-08-05 14:21:00,SUCCESS
34344,5,10,1981.80,2026-08-17 17:27:00,PENDING
34345,5,17,2249.00,2026-08-24 11:20:00,REFUNDED
34346,3,13,984.30,2026-08-16 08:46:00,REFUNDED
34347,10,3,1578.40,2026-08-22 01:59:00,FAILED
34348,8,20,658.00,2026-08-19 01:07:00,PENDING
34349,2,3,234.60,2026-08-30 16:21:00,PENDING
34350,2,15,1890.60,2026-08-01 19:49:00,SUCCESS
34351,1,4,3557.30,2026-08-28 13:56:00,PENDING
34352,7,15,4056.00,2026-08-17 07:26:00,PENDING
34353,8,7,2273.40,2026-08-24 11:41:00,FAILED
34354,4,10,3512.80,2026-08-24 07:58:00,PENDING
34355,2,4,4024.40,2026-08-10 23:42:00,SUCCESS
34356,7,3,229.40,2026-08-01 18:40:00,PENDING
34357,9,14,2688.20,2026-08-11 18:28:00,SUCCESS
34358,3,5,1930.00,2026-08-21 02:05:00,SUCCESS
34359,3,3,1760.80,2026-08-21 11:24:00,REFUNDED
34360,1,4,592.70,2026-08-02 09:49:00,SUCCESS
34361,5,16,2968.00,2026-08-27 15:41:00,PENDING
34362,9,4,1609.50,2026-08-28 20:04:00,FAILED
34363,5,13,4119.50,2026-08-28 06:04:00,REFUNDED
34364,6,2,4718.40,2026-08-20 12:36:00,REFUNDED
34365,6,1,2638.90,2026-08-11 10:26:00,SUCCESS
34366,9,13,1848.10,2026-08-25 21:04:00,PENDING
34367,10,12,3459.60,2026-08-12 12:44:00,PENDING
34368,5,1,2039.30,2026-08-09 09:07:00,FAILED
34369,8,11,2388.50,2026-08-06 20:43:00,SUCCESS
34370,2,11,4693.00,2026-08-18 02:25:00,FAILED
34371,9,20,1055.00,2026-08-17 23:41:00,PENDING
34372,2,8,4393.60,2026-08-22 07:16:00,REFUNDED
34373,3,19,2142.30,2026-08-09 20:37:00,SUCCESS
34374,10,18,739.20,2026-08-15 03:50:00,FAILED
34375,6,12,1621.20,2026-08-14 13:31:00,SUCCESS
34376,4,16,3548.20,2026-08-19 18:22:00,SUCCESS
34377,9,16,4480.00,2026-08-05 17:08:00,PENDING
34378,1,13,2756.40,2026-08-04 12:42:00,PENDING
34379,5,10,2641.00,2026-08-08 17:02:00,REFUNDED
34380,4,2,4014.10,2026-08-20 02:57:00,PENDING
34381,1,1,5000,2026-08-01 12:00:00,UNKNOWN_STATUS
34382,2,6,904.20,2026-08-21 09:41:00,FAILED
34383,7,16,4624.30,2026-08-20 07:04:00,FAILED
34384,6,1,336.20,2026-08-22 13:48:00,FAILED
34385,6,1,4287.70,2026-08-17 05:02:00,PENDING
34386,3,10,4498.60,2026-08-24 14:03:00,FAILED
34387,8,16,2404.50,2026-08-01 22:29:00,FAILED
34388,7,7,4573.00,2026-08-02 10:35:00,FAILED
34389,8,9,4118.70,2026-08-21 07:41:00,PENDING
34390,3,9,2168.00,2026-08-03 10:37:00,PENDING
34391,8,18,2664.10,2026-08-07 06:39:00,REFUNDED
34392,5,8,1651.70,2026-08-20 19:04:00,SUCCESS
34393,5,4,288.80,2026-08-11 22:22:00,FAILED
34394,9,3,3550.20,2026-08-23 20:41:00,PENDING
34395,5,8,1589.20,2026-08-11 02:21:00,SUCCESS
34396,1,18,3236.40,2026-08-19 09:24:00,REFUNDED
34397,2,8,4269.90,2026-08-02 09:36:00,FAILED
34398,6,12,3297.60,2026-08-04 16:26:00,SUCCESS
34399,10,11,413.80,2026-08-27 18:42:00,PENDING
34400,7,12,4557.50,2026-08-11 15:51:00,PENDING
34401,6,13,4521.90,2026-08-09 17:24:00,PENDING
34402,10,4,1613.60,2026-08-24 06:54:00,PENDING
34403,8,13,3733.70,2026-08-26 00:14:00,PENDING
34404,10,16,2189.50,2026-08-16 00:19:00,REFUNDED
34405,3,4,4043.70,2026-08-14 14:04:00,FAILED
34406,5,12,3740.70,2026-08-02 07:00:00,FAILED
34407,10,16,3940.30,2026-08-16 04:20:00,FAILED
34408,10,17,2424.80,2026-08-28 02:22:00,FAILED
34409,8,14,709.30,2026-08-15 04:34:00,REFUNDED
34410,7,17,628.40,2026-08-13 17:52:00,REFUNDED
34411,3,6,2795.50,2026-08-21 16:31:00,PENDING
34412,2,17,3110.50,2026-08-23 14:05:00,FAILED
34413,3,1,1775.10,2026-08-11 00:52:00,REFUNDED
34414,9,9,2058.50,2026-08-06 01:31:00,FAILED
34415,3,18,4964.80,2026-08-07 00:53:00,FAILED
34416,6,11,1780.00,2026-08-05 05:17:00,REFUNDED
34417,1,14,1426.60,2026-08-29 19:43:00,FAILED
34418,7,17,273.60,2026-08-18 17:42:00,PENDING
34419,7,9,1016.10,2026-08-28 18:12:00,FAILED
34420,2,12,1919.10,2026-08-15 09:22:00,REFUNDED
34421,3,15,740.70,2026-08-15 03:53:00,SUCCESS
34422,8,13,2464.20,2026-08-16 07:56:00,SUCCESS
34423,7,7,222.40,2026-08-24 00:07:00,SUCCESS
34424,6,4,3977.00,2026-08-15 04:19:00,FAILED
34425,1,1,NOT_A_NUMBER,2026-08-01 12:00:00,SUCCESS
34426,5,7,1121.40,2026-08-28 03:09:00,FAILED
34427,7,4,4504.70,2026-08-24 18:45:00,PENDING
34428,1,8,3220.50,2026-08-05 21:28:00,REFUNDED
34429,3,16,2068.20,2026-08-21 03:37:00,REFUNDED
34430,1,12,4914.60,2026-08-25 23:17:00,REFUNDED
34431,8,6,2659.40,2026-08-20 04:21:00,REFUNDED
34432,4,3,1967.00,2026-08-04 12:29:00,REFUNDED
34433,9,1,4024.90,2026-08-02 12:23:00,PENDING
34434,7,9,3307.90,2026-08-02 12:01:00,FAILED
34435,8,3,3586.30,2026-08-18 13:11:00,SUCCESS
34436,6,10,2823.50,2026-08-28 16:13:00,PENDING
34437,3,11,4446.30,2026-08-28 00:39:00,REFUNDED
34438,8,10,1324.00,2026-08-08 11:42:00,FAILED
34439,1,11,2792.60,2026-08-31 06:32:00,PENDING
34440,2,13,963.70,2026-08-03 12:36:00,SUCCESS
34441,1,100.00
34442,7,12,2056.90,2026-08-25 09:16:00,FAILED
34443,3,17,144.00,2026-08-21 02:26:00,SUCCESS
34444,8,10,3192.40,2026-08-06 06:23:00,SUCCESS
34445,7,2,874.00,2026-08-02 03:12:00,PENDING
34446,2,4,3864.80,2026-08-13 16:30:00,FAILED
34447,7,3,1635.30,2026-08-08 17:36:00,PENDING
34448,9,4,4092.00,2026-08-14 23:07:00,SUCCESS
34449,10,19,2458.70,2026-08-06 10:13:00,REFUNDED
34450,1,1,5000,INVALID_DATE_TIME,SUCCESS
34451,7,7,1871.10,2026-08-24 04:17:00,SUCCESS
34452,2,1,3773.10,2026-08-27 04:24:00,PENDING
34453,8,17,4115.60,2026-08-26 05:10:00,PENDING
34454,5,5,2597.40,2026-08-29 07:53:00,FAILED
34455,7,8,4057.30,2026-08-01 18:55:00,PENDING
34456,7,11,4316.90,2026-08-04 21:27:00,SUCCESS
34457,1,10,1281.60,2026-08-03 02:38:00,PENDING
34458,3,9,4290.90,2026-08-23 19:53:00,FAILED
34459,5,14,1316.10,2026-08-25 04:26:00,PENDING
34460,8,9,3177.50,2026-08-18 14:40:00,PENDING
34461,8,18,2765.80,2026-08-23 12:43:00,SUCCESS
34462,7,16,4287.90,2026-08-12 20:36:00,SUCCESS
34463,8,11,4805.70,2026-08-29 21:55:00,FAILED
34464,3,16,750.10,2026-08-20 18:15:00,SUCCESS
34465,10,11,573.30,2026-08-05 12:12:00,PENDING
34466,6,6,3093.50,2026-08-02 08:57:00,PENDING
34467,8,10,4673.00,2026-08-03 17:32:00,FAILED
34468,6,20,1154.20,2026-08-04 09:20:00,PENDING
34469,1,1,NOT_A_NUMBER,2026-08-01 12:00:00,SUCCESS
34470,8,12,4623.20,2026-08-24 13:02:00,PENDING
34471,2,4,4068.20,2026-08-30 01:24:00,REFUNDED
34472,9,7,3080.70,2026-08-27 15:45:00,SUCCESS
34473,4,16,446.70,2026-08-12 20:33:00,PENDING
34474,4,3,4772.80,2026-08-02 10:39:00,PENDING
34475,3,12,3485.10,2026-08-24 09:20:00,REFUNDED
34476,3,10,5000.70,2026-08-17 01:43:00,REFUNDED
34477,5,20,2670.00,2026-08-09 18:25:00,FAILED
34478,6,9,1919.10,2026-08-17 23:19:00,FAILED
34479,3,2,3821.90,2026-08-18 02:18:00,FAILED
34480,3,4,4488.60,2026-08-23 03:24:00,SUCCESS
34481,7,15,351.90,2026-08-07 11:46:00,REFUNDED
34482,3,16,1508.50,2026-08-17 18:59:00,FAILED
34483,5,2,3053.50,2026-08-17 21:39:00,REFUNDED
34484,8,1,4701.90,2026-08-20 20:16:00,SUCCESS
34485,8,17,773.10,2026-08-16 01:57:00,SUCCESS
34486,9,2,1192.10,2026-08-08 14:31:00,SUCCESS
34487,1,18,2960.70,2026-08-07 02:27:00,SUCCESS
34488,8,15,380.00,2026-08-20 03:07:00,SUCCESS
34489,5,8,4395.10,2026-08-21 14:04:00,REFUNDED
34490,6,19,964.90,2026-08-06 13:35:00,REFUNDED
34491,8,2,3567.30,2026-08-08 02:42:00,SUCCESS
34492,10,11,3844.80,2026-08-24 22:36:00,PENDING
34493,4,9,4302.40,2026-08-22 15:55:00,FAILED
34494,1,15,3254.60,2026-08-04 19:34:00,REFUNDED
34495,1,15,3108.60,2026-08-24 00:35:00,FAILED
34496,9,18,341.00,2026-08-15 11:56:00,PENDING
34497,1,18,1722.00,2026-08-26 09:45:00,FAILED
34498,9,7,1783.30,2026-08-25 15:37:00,FAILED
34499,9,12,4462.90,2026-08-22 06:17:00,SUCCESS
34500,9,11,1782.90,2026-08-15 11:26:00,PENDING
34501,1,16,3735.50,2026-08-15 17:51:00,PENDING
34502,9,14,4897.70,2026-08-14 18:45:00,PENDING
34503,7,20,876.40,2026-08-02 07:41:00,REFUNDED
34504,4,19,4953.20,2026-08-25 00:18:00,REFUNDED
34505,2,14,563.70,2026-08-27 03:06:00,PENDING
34506,8,5,722.30,2026-08-15 06:25:00,PENDING
34507,5,16,4498.40,2026-08-07 20:20:00,REFUNDED
34508,6,5,2646.70,2026-08-27 10:31:00,REFUNDED
34509,8,17,2353.50,2026-08-27 14:27:00,PENDING
34510,6,12,3001.50,2026-08-28 05:19:00,PENDING
34511,9,3,1410.30,2026-08-19 07:20:00,PENDING
34512,5,15,4175.90,2026-08-07 03:37:00,REFUNDED
34513,2,11,380.40,2026-08-25 09:06:00,REFUNDED
34514,6,1,4271.10,2026-08-20 15:42:00,REFUNDED
34515,1,2,4621.60,2026-08-15 23:26:00,FAILED
34516,2,7,1642.40,2026-08-30 14:33:00,PENDING
34517,7,3,4989.30,2026-08-25 21:16:00,SUCCESS
34518,5,19,4912.70,2026-08-28 00:47:00,PENDING
34519,4,18,3476.50,2026-08-17 07:15:00,REFUNDED
34520,1,19,2262.70,2026-08-13 09:30:00,SUCCESS
34521,7,6,358.30,2026-08-08 05:44:00,PENDING
34522,3,12,4993.30,2026-08-18 18:23:00,FAILED
34523,5,12,4066.50,2026-08-03 06:49:00,FAILED
34524,1,7,648.00,2026-08-27 15:47:00,REFUNDED
34525,5,14,3369.60,2026-08-25 00:29:00,PENDING
34526,8,19,1278.00,2026-08-13 15:43:00,SUCCESS
34527,3,1,3357.80,2026-08-29 11:14:00,REFUNDED
34528,4,18,3122.00,2026-08-21 23:16:00,REFUNDED
34529,4,8,1167.10,2026-08-18 04:22:00,FAILED
34530,5,2,1657.10,2026-08-28 06:36:00,FAILED
34531,5,9,4119.90,2026-08-28 08:45:00,FAILED
34532,6,3,2565.90,2026-08-18 06:23:00,FAILED
34533,10,10,2056.60,2026-08-30 04:55:00,REFUNDED
34534,1,1,5000,INVALID_DATE_TIME,SUCCESS
34535,7,11,2164.10,2026-08-17 08:22:00,REFUNDED
34536,9,8,526.70,2026-08-11 21:28:00,SUCCESS
34537,7,7,912.50,2026-08-11 00:51:00,FAILED
34538,4,19,4120.40,2026-08-22 22:18:00,REFUNDED
34539,4,20,4607.90,2026-08-08 21:24:00,REFUNDED
34540,1,19,3726.00,2026-08-20 16:27:00,PENDING
34541,8,16,2945.40,2026-08-22 18:42:00,FAILED
34542,6,20,4445.90,2026-08-28 15:48:00,REFUNDED
34543,2,10,4330.20,2026-08-30 11:54:00,PENDING
34544,5,18,3956.20,2026-08-18 09:46:00,PENDING
34545,8,8,2989.50,2026-08-28 03:19:00,FAILED
34546,9,13,3544.60,2026-08-20 09:01:00,SUCCESS
34547,8,19,2727.70,2026-08-27 14:32:00,REFUNDED
34548,2,7,2628.60,2026-08-11 19:09:00,FAILED
34549,6,18,755.40,2026-08-11 00:44:00,SUCCESS
34550,8,3,4741.20,2026-08-18 01:26:00,REFUNDED
34551,6,20,2678.90,2026-08-05 17:10:00,FAILED
34552,6,9,959.50,2026-08-13 12:43:00,FAILED
34553,4,10,3463.30,2026-08-09 14:01:00,FAILED
34554,5,3,1206.90,2026-08-18 15:18:00,REFUNDED
34555,4,1,4756.90,2026-08-11 07:14:00,SUCCESS
34556,4,11,417.20,2026-08-10 09:21:00,SUCCESS
34557,8,7,2356.50,2026-08-13 02:39:00,SUCCESS
34558,2,10,2552.10,2026-08-02 15:36:00,SUCCESS
34559,7,12,2013.60,2026-08-28 08:04:00,SUCCESS
34560,4,10,703.20,2026-08-26 11:34:00,FAILED
34561,3,5,4448.00,2026-08-28 17:43:00,REFUNDED
34562,5,1,4721.90,2026-08-29 02:51:00,FAILED
34563,1,11,706.50,2026-08-02 00:22:00,FAILED
34564,2,15,3123.60,2026-08-07 13:35:00,REFUNDED
34565,1,8,3088.10,2026-08-26 06:32:00,FAILED
34566,2,10,2371.20,2026-08-15 11:32:00,PENDING
34567,10,19,2777.70,2026-08-06 10:02:00,REFUNDED
34568,9,18,1929.90,2026-08-26 08:38:00,SUCCESS
34569,5,17,3900.90,2026-08-18 18:03:00,REFUNDED
34570,8,10,580.50,2026-08-27 13:36:00,REFUNDED
34571,4,11,2175.80,2026-08-25 20:01:00,FAILED
34572,9,2,548.00,2026-08-06 05:41:00,PENDING
34573,2,8,4571.60,2026-08-24 08:09:00,REFUNDED
34574,3,4,830.30,2026-08-01 08:52:00,SUCCESS
34575,7,13,2507.30,2026-08-11 19:41:00,FAILED
34576,2,15,3577.30,2026-08-03 23:29:00,REFUNDED
34577,7,9,4624.10,2026-08-10 17:19:00,PENDING
34578,1,6,1179.80,2026-08-22 06:54:00,FAILED
34579,5,1,3833.40,2026-08-16 21:56:00,PENDING
34580,9,7,4818.30,2026-08-10 23:00:00,PENDING
34581,6,8,2686.20,2026-08-17 20:44:00,FAILED
34582,5,4,1818.70,2026-08-04 05:12:00,FAILED
34583,8,3,4059.40,2026-08-10 14:11:00,PENDING
34584,5,2,4909.90,2026-08-17 21:32:00,REFUNDED
34585,6,20,57.70,2026-08-14 14:53:00,REFUNDED
34586,1,1,5000,2026-08-01 12:00:00,UNKNOWN_STATUS
34587,9,13,4112.40,2026-08-22 17:23:00,REFUNDED
34588,8,14,361.10,2026-08-19 22:20:00,PENDING
34589,5,13,2720.40,2026-08-25 02:02:00,REFUNDED
34590,5,4,2636.00,2026-08-16 14:32:00,SUCCESS
34591,5,5,3212.80,2026-08-30 19:31:00,REFUNDED
34592,10,18,3626.10,2026-08-28 04:44:00,REFUNDED
34593,5,10,1381.30,2026-08-12 23:54:00,PENDING
34594,2,15,1998.10,2026-08-04 18:05:00,SUCCESS
34595,8,9,2762.80,2026-08-25 05:38:00,SUCCESS
34596,10,18,1164.20,2026-08-26 00:15:00,SUCCESS
34597,2,6,1772.50,2026-08-28 10:41:00,SUCCESS
34598,1,18,1265.20,2026-08-29 23:33:00,SUCCESS
34599,2,15,4053.90,2026-08-02 09:56:00,FAILED
34600,5,19,2360.40,2026-08-18 11:30:00,SUCCESS
34601,1,15,4250.00,2026-08-08 19:10:00,FAILED
34602,4,15,2019.80,2026-08-02 05:11:00,SUCCESS
34603,5,1,742.70,2026-08-01 18:08:00,REFUNDED
34604,7,7,3322.90,2026-08-06 00:19:00,PENDING
34605,9,1,4446.20,2026-08-21 08:52:00,SUCCESS
34606,8,9,4834.90,2026-08-03 22:16:00,SUCCESS
34607,2,8,1991.40,2026-08-04 23:51:00,PENDING
34608,9,11,618.10,2026-08-23 19:48:00,SUCCESS
34609,9,13,3247.10,2026-08-30 22:39:00,PENDING
34610,10,17,1058.10,2026-08-02 23:34:00,REFUNDED
34611,4,1,775.90,2026-08-12 05:40:00,SUCCESS
34612,1,10,151.20,2026-08-06 14:49:00,REFUNDED
34613,6,3,480.40,2026-08-27 13:45:00,SUCCESS
34614,8,9,1181.50,2026-08-13 20:35:00,SUCCESS
34615,6,4,3083.50,2026-08-26 07:32:00,FAILED
34616,3,6,4066.40,2026-08-30 04:41:00,PENDING
34617,7,17,201.60,2026-08-07 14:01:00,FAILED
34618,2,9,3176.80,2026-08-06 18:24:00,REFUNDED
34619,7,20,2826.50,2026-08-06 19:53:00,SUCCESS
34620,7,12,4650.90,2026-08-11 01:49:00,FAILED
34621,3,18,1919.60,2026-08-19 15:36:00,REFUNDED
34622,2,8,3219.90,2026-08-09 00:35:00,SUCCESS
34623,8,1,1878.20,2026-08-20 23:08:00,SUCCESS
34624,1,4,3747.10,2026-08-04 07:30:00,FAILED
34625,5,17,422.70,2026-08-10 03:41:00,SUCCESS
34626,4,3,3349.10,2026-08-14 18:26:00,REFUNDED
34627,5,16,3468.00,2026-08-26 05:47:00,FAILED
34628,3,10,2584.90,2026-08-12 20:16:00,FAILED
34629,8,19,2412.00,2026-08-22 06:39:00,REFUNDED
34630,2,15,4125.60,2026-08-14 13:15:00,PENDING
34631,4,5,4782.00,2026-08-16 05:10:00,PENDING
34632,3,11,1762.60,2026-08-21 13:45:00,PENDING
34633,1,14,1782.60,2026-08-09 21:14:00,FAILED
34634,7,12,1464.50,2026-08-26 23:10:00,REFUNDED
34635,9,19,3697.20,2026-08-05 07:14:00,SUCCESS
34636,9,9,1418.20,2026-08-03 12:29:00,SUCCESS
34637,3,14,3089.20,2026-08-27 07:06:00,PENDING
34638,2,20,4724.20,2026-08-28 04:29:00,SUCCESS
34639,4,20,3105.20,2026-08-04 15:54:00,FAILED
34640,7,17,2081.70,2026-08-30 20:54:00,SUCCESS
34641,8,13,3462.50,2026-08-03 01:52:00,REFUNDED
34642,4,14,2952.00,2026-08-05 17:49:00,REFUNDED
34643,8,20,1514.30,2026-08-16 06:00:00,PENDING
34644,5,1,2646.10,2026-08-19 01:36:00,SUCCESS
34645,6,13,2165.30,2026-08-15 06:33:00,PENDING
34646,8,8,4365.50,2026-08-27 01:29:00,PENDING
34647,8,14,3427.80,2026-08-24 20:30:00,PENDING
34648,7,12,1964.60,2026-08-09 12:06:00,FAILED
34649,7,5,4238.80,2026-08-04 19:53:00,REFUNDED
34650,7,9,3842.70,2026-08-11 14:56:00,REFUNDED
34651,3,3,588.90,2026-08-19 09:54:00,FAILED
34652,9,9,4760.10,2026-08-17 04:58:00,REFUNDED
34653,2,7,1808.80,2026-08-19 13:45:00,SUCCESS
34654,8,16,1376.10,2026-08-21 20:21:00,PENDING
34655,10,4,1557.20,2026-08-06 02:57:00,FAILED
34656,7,10,3426.00,2026-08-19 15:07:00,REFUNDED
34657,2,11,5038.80,2026-08-25 07:57:00,SUCCESS
34658,3,17,2686.60,2026-08-06 12:29:00,FAILED
34659,5,14,2238.20,2026-08-14 10:07:00,FAILED
34660,5,6,4022.80,2026-08-08 15:55:00,SUCCESS
34661,5,3,2000.00,2026-08-28 09:22:00,PENDING
34662,3,3,2467.70,2026-08-09 21:11:00,PENDING
34663,7,16,4654.70,2026-08-16 10:41:00,SUCCESS
34664,1,100.00
34665,10,12,471.20,2026-08-05 13:07:00,REFUNDED
34666,3,12,681.00,2026-08-02 09:42:00,SUCCESS
34667,8,8,2755.00,2026-08-25 03:57:00,SUCCESS
34668,6,11,3067.20,2026-08-30 16:30:00,SUCCESS
34669,2,5,668.60,2026-08-24 12:04:00,FAILED
34670,2,9,3941.00,2026-08-24 19:50:00,SUCCESS
34671,9,18,3969.30,2026-08-19 10:11:00,FAILED
34672,1,13,1329.90,2026-08-11 09:08:00,REFUNDED
34673,8,14,4987.70,2026-08-05 03:25:00,PENDING
34674,3,17,4857.70,2026-08-09 12:00:00,FAILED
34675,6,10,4906.10,2026-08-14 22:02:00,REFUNDED
34676,10,9,1703.40,2026-08-21 21:38:00,FAILED
34677,4,16,3067.70,2026-08-05 01:16:00,REFUNDED
34678,1,10,3846.60,2026-08-09 22:29:00,SUCCESS
34679,6,12,3937.00,2026-08-15 10:23:00,FAILED
34680,5,13,228.80,2026-08-16 00:35:00,REFUNDED
34681,1,5,970.70,2026-08-26 15:38:00,REFUNDED
34682,6,10,2705.10,2026-08-29 00:23:00,SUCCESS
34683,1,20,3593.90,2026-08-29 22:48:00,FAILED
34684,7,15,2393.20,2026-08-19 20:38:00,SUCCESS
34685,4,16,1030.30,2026-08-08 15:21:00,SUCCESS
34686,9,18,2634.30,2026-08-08 17:52:00,SUCCESS
34687,6,9,3095.80,2026-08-20 02:42:00,REFUNDED
34688,9,10,2699.30,2026-08-02 05:00:00,FAILED
34689,8,14,2823.40,2026-08-24 16:22:00,FAILED
34690,5,9,3726.00,2026-08-04 00:51:00,PENDING
34691,6,11,3662.70,2026-08-21 09:56:00,FAILED
34692,5,1,1837.90,2026-08-11 10:39:00,REFUNDED
34693,6,19,1456.40,2026-08-02 02:49:00,REFUNDED
34694,6,18,2411.50,2026-08-23 11:38:00,REFUNDED
34695,7,13,173.80,2026-08-14 19:14:00,FAILED
34696,8,9,1492.50,2026-08-28 06:11:00,REFUNDED
34697,7,12,958.00,2026-08-15 20:13:00,REFUNDED
34698,9,2,2094.40,2026-08-23 02:54:00,REFUNDED
34699,7,9,620.80,2026-08-05 18:53:00,FAILED
34700,8,3,1928.80,2026-08-18 01:21:00,FAILED
34701,5,1,3799.90,2026-08-03 03:15:00,SUCCESS
34702,7,13,2707.90,2026-08-21 17:45:00,PENDING
34703,1,3,4972.00,2026-08-05 13:46:00,REFUNDED
34704,3,11,3572.00,2026-08-07 23:11:00,REFUNDED
34705,3,12,1414.10,2026-08-26 20:29:00,REFUNDED
34706,5,14,575.70,2026-08-16 05:22:00,PENDING
34707,3,19,2708.70,2026-08-22 02:28:00,REFUNDED
34708,9,5,1567.90,2026-08-07 01:01:00,FAILED
34709,1,13,3612.60,2026-08-13 13:44:00,REFUNDED
34710,6,18,2956.00,2026-08-09 21:49:00,PENDING
34711,10,20,3328.90,2026-08-04 03:52:00,FAILED
34712,2,19,4663.20,2026-08-05 22:07:00,FAILED
34713,8,17,2186.40,2026-08-09 05:56:00,SUCCESS
34714,3,18,612.10,2026-08-14 10:14:00,PENDING
34715,7,4,3041.90,2026-08-05 01:19:00,FAILED
34716,1,16,3356.00,2026-08-25 00:42:00,PENDING
34717,7,14,2175.40,2026-08-25 11:08:00,SUCCESS
34718,7,12,555.70,2026-08-20 11:17:00,SUCCESS
34719,5,7,2976.30,2026-08-23 02:26:00,SUCCESS
34720,10,19,2331.90,2026-08-06 03:45:00,REFUNDED
34721,2,5,2801.30,2026-08-27 02:14:00,PENDING
34722,10,20,123.40,2026-08-22 04:05:00,SUCCESS
34723,5,13,2021.10,2026-08-27 15:52:00,SUCCESS
34724,10,12,3516.60,2026-08-13 15:05:00,FAILED
34725,6,18,1908.50,2026-08-13 22:18:00,SUCCESS
34726,10,19,970.80,2026-08-03 23:37:00,SUCCESS
34727,6,7,1964.80,2026-08-15 10:55:00,SUCCESS
34728,6,20,1493.30,2026-08-13 22:39:00,FAILED
34729,6,7,1605.90,2026-08-01 21:07:00,SUCCESS
34730,9,14,2412.70,2026-08-29 12:56:00,REFUNDED
34731,2,10,284.10,2026-08-23 12:32:00,PENDING
34732,7,6,3550.80,2026-08-05 23:47:00,REFUNDED
34733,8,5,1543.60,2026-08-20 08:31:00,SUCCESS
34734,1,13,3370.30,2026-08-12 13:15:00,FAILED
34735,8,9,3853.20,2026-08-21 23:39:00,SUCCESS
34736,6,7,3843.50,2026-08-04 02:02:00,FAILED
34737,6,8,4993.50,2026-08-22 09:58:00,REFUNDED
34738,8,19,4562.90,2026-08-20 19:17:00,PENDING
34739,4,13,4297.50,2026-08-28 19:07:00,PENDING
34740,9,7,4349.60,2026-08-13 13:51:00,PENDING
34741,4,11,1055.30,2026-08-01 21:52:00,PENDING
34742,8,14,4986.50,2026-08-06 04:47:00,PENDING
34743,9,9,1986.80,2026-08-21 03:54:00,FAILED
34744,8,5,4675.60,2026-08-10 05:16:00,PENDING
34745,5,2,1397.80,2026-08-15 06:35:00,PENDING
34746,4,16,4926.70,2026-08-20 19:44:00,REFUNDED
34747,8,2,2657.60,2026-08-23 18:22:00,SUCCESS
34748,5,13,5031.20,2026-08-31 07:43:00,REFUNDED
34749,1,1,5000,2026-08-01 12:00:00,UNKNOWN_STATUS
34750,5,3,283.80,2026-08-20 23:16:00,FAILED
34751,5,15,290.90,2026-08-20 15:40:00,FAILED
34752,6,11,845.60,2026-08-15 19:44:00,FAILED
34753,1,1,5000,2026-08-01 12:00:00,UNKNOWN_STATUS
34754,9,10,3787.00,2026-08-05 14:56:00,PENDING
34755,6,10,4238.20,2026-08-21 14:20:00,FAILED
34756,7,11,3474.30,2026-08-21 10:11:00,PENDING
34757,1,1,NOT_A_NUMBER,2026-08-01 12:00:00,SUCCESS
34758,6,3,3204.40,2026-08-03 18:29:00,PENDING
34759,9,16,336.60,2026-08-20 13:46:00,SUCCESS
34760,10,12,1496.10,2026-08-11 03:48:00,SUCCESS
34761,10,6,3539.40,2026-08-29 21:20:00,REFUNDED
34762,2,9,953.40,2026-08-15 04:09:00,FAILED
34763,4,14,3865.70,2026-08-27 11:52:00,SUCCESS
34764,1,10,1637.60,2026-08-22 15:43:00,REFUNDED
34765,4,1,361.70,2026-08-29 10:39:00,PENDING
34766,10,14,4291.70,2026-08-05 15:55:00,REFUNDED
34767,3,1,1751.20,2026-08-04 16:34:00,REFUNDED
34768,6,9,4497.30,2026-08-27 06:46:00,SUCCESS
34769,5,13,2777.40,2026-08-25 17:12:00,FAILED
34770,5,8,3873.70,2026-08-24 14:56:00,FAILED
34771,9,9,4394.00,2026-08-13 18:22:00,FAILED
34772,10,2,1042.60,2026-08-22 02:42:00,PENDING
34773,3,5,3776.10,2026-08-16 14:02:00,PENDING
34774,5,3,3927.20,2026-08-24 19:21:00,FAILED
34775,7,20,1918.90,2026-08-18 03:56:00,SUCCESS
34776,5,18,3935.10,2026-08-07 19:13:00,SUCCESS
34777,9,18,3884.30,2026-08-07 03:05:00,FAILED
34778,2,18,4301.20,2026-08-19 22:25:00,REFUNDED
34779,4,20,1370.50,2026-08-09 13:12:00,SUCCESS
34780,3,16,4892.90,2026-08-09 12:44:00,SUCCESS
34781,8,10,4025.70,2026-08-30 12:29:00,PENDING
34782,7,8,306.70,2026-08-14 23:18:00,REFUNDED
34783,7,20,3721.10,2026-08-10 15:36:00,FAILED
34784,9,10,1081.00,2026-08-17 00:34:00,PENDING
34785,6,15,3842.10,2026-08-22 18:19:00,PENDING
34786,3,18,3625.80,2026-08-14 06:15:00,SUCCESS
34787,3,6,3179.30,2026-08-08 20:02:00,SUCCESS
34788,5,8,1911.90,2026-08-13 08:49:00,SUCCESS
34789,4,7,1421.90,2026-08-24 12:02:00,PENDING
34790,1,100.00
34791,1,18,219.00,2026-08-09 08:52:00,REFUNDED
34792,9,2,2794.40,2026-08-04 15:02:00,FAILED
34793,3,20,4354.40,2026-08-08 19:20:00,FAILED
34794,4,7,485.90,2026-08-06 05:20:00,PENDING
34795,10,8,3377.80,2026-08-12 09:19:00,REFUNDED
34796,8,16,4793.20,2026-08-30 08:36:00,REFUNDED
34797,8,9,3754.20,2026-08-03 02:22:00,REFUNDED
34798,6,2,3744.30,2026-08-30 22:46:00,PENDING
34799,3,5,3183.80,2026-08-02 09:12:00,PENDING
34800,5,9,4651.50,2026-08-29 21:18:00,SUCCESS
34801,4,4,4872.20,2026-08-08 19:40:00,SUCCESS
34802,4,7,2465.40,2026-08-12 03:34:00,REFUNDED
34803,2,5,4544.40,2026-08-23 18:35:00,PENDING
34804,3,7,1573.50,2026-08-30 06:10:00,SUCCESS
34805,2,1,1293.00,2026-08-16 15:55:00,PENDING
34806,4,2,3530.80,2026-08-14 18:59:00,REFUNDED
34807,1,20,3059.10,2026-08-21 05:09:00,SUCCESS
34808,7,12,3855.10,2026-08-28 22:13:00,PENDING
34809,9,8,1607.50,2026-08-20 22:13:00,PENDING
34810,1,19,697.10,2026-08-09 03:21:00,PENDING
34811,10,11,3304.90,2026-08-14 14:24:00,FAILED
34812,8,11,4546.70,2026-08-20 01:04:00,SUCCESS
34813,1,1,5000,INVALID_DATE_TIME,SUCCESS
34814,7,4,700.50,2026-08-06 16:18:00,PENDING
34815,9,15,2306.90,2026-08-07 07:16:00,PENDING
34816,7,18,2118.10,2026-08-24 19:25:00,SUCCESS
34817,8,9,1535.10,2026-08-10 02:31:00,SUCCESS
34818,7,18,2198.80,2026-08-27 04:46:00,SUCCESS
34819,7,9,3078.60,2026-08-01 16:52:00,REFUNDED
34820,4,5,657.20,2026-08-05 06:39:00,PENDING
34821,6,15,1442.20,2026-08-08 08:57:00,SUCCESS
34822,10,18,89.10,2026-08-03 10:06:00,SUCCESS
34823,5,8,5027.10,2026-08-21 18:19:00,REFUNDED
34824,5,17,4449.60,2026-08-09 00:55:00,SUCCESS
34825,5,1,1711.60,2026-08-06 04:17:00,PENDING
34826,5,15,3008.30,2026-08-09 06:45:00,FAILED
34827,2,11,3807.40,2026-08-13 01:58:00,PENDING
34828,4,3,1175.90,2026-08-15 14:11:00,REFUNDED
34829,6,10,996.00,2026-08-06 04:39:00,SUCCESS
34830,8,5,3915.70,2026-08-09 13:53:00,PENDING
34831,9,15,719.70,2026-08-26 09:25:00,PENDING
34832,3,10,2152.30,2026-08-10 21:27:00,PENDING
34833,1,1,NOT_A_NUMBER,2026-08-01 12:00:00,SUCCESS
34834,2,16,1944.10,2026-08-26 20:32:00,SUCCESS
34835,8,6,1336.60,2026-08-02 00:54:00,REFUNDED
34836,3,5,430.40,2026-08-08 08:27:00,REFUNDED
34837,10,4,1471.10,2026-08-27 03:48:00,FAILED
34838,2,11,4914.80,2026-08-19 13:24:00,REFUNDED
34839,2,8,1445.40,2026-08-25 07:06:00,REFUNDED
34840,7,5,1186.90,2026-08-21 05:07:00,PENDING
34841,6,16,4315.90,2026-08-08 10:24:00,SUCCESS
34842,5,6,1348.60,2026-08-12 21:38:00,SUCCESS
34843,8,13,151.40,2026-08-06 19:33:00,PENDING
34844,8,19,3578.60,2026-08-04 06:59:00,SUCCESS
34845,1,2,2069.30,2026-08-01 08:45:00,FAILED
34846,9,4,4888.30,2026-08-02 21:11:00,FAILED
34847,2,4,4437.20,2026-08-06 02:26:00,PENDING
34848,4,1,2948.00,2026-08-09 13:56:00,FAILED
34849,7,15,4945.80,2026-08-25 16:12:00,PENDING
34850,5,2,2903.70,2026-08-26 04:16:00,REFUNDED
34851,3,2,3546.60,2026-08-10 22:11:00,PENDING
34852,8,11,493.60,2026-08-02 20:26:00,REFUNDED
34853,1,5,4990.40,2026-08-29 01:24:00,PENDING
34854,10,16,3944.30,2026-08-05 09:18:00,FAILED
34855,10,18,5047.80,2026-08-26 11:20:00,PENDING
34856,8,10,3105.80,2026-08-01 16:50:00,PENDING
34857,3,15,978.50,2026-08-10 20:20:00,SUCCESS
34858,3,1,1893.30,2026-08-21 03:59:00,SUCCESS
34859,3,11,1337.60,2026-08-28 22:30:00,REFUNDED
34860,4,1,4863.40,2026-08-04 22:34:00,PENDING
34861,9,17,1206.90,2026-08-23 01:06:00,FAILED
34862,6,5,2232.40,2026-08-12 22:20:00,SUCCESS
34863,1,10,1907.10,2026-08-29 10:25:00,REFUNDED
34864,4,17,802.20,2026-08-15 18:22:00,REFUNDED
34865,10,9,1870.90,2026-08-26 09:12:00,PENDING
34866,9,9,1677.70,2026-08-26 04:22:00,SUCCESS
34867,5,19,4040.40,2026-08-23 09:58:00,SUCCESS
34868,4,3,1497.00,2026-08-17 21:40:00,PENDING
34869,1,1,5000,INVALID_DATE_TIME,SUCCESS
34870,2,9,3050.60,2026-08-17 14:43:00,PENDING
34871,7,9,1922.90,2026-08-05 14:59:00,REFUNDED
34872,10,2,1284.30,2026-08-29 11:22:00,SUCCESS
34873,9,19,4461.00,2026-08-18 01:04:00,FAILED
34874,9,5,3575.50,2026-08-05 00:39:00,SUCCESS
34875,1,13,3648.50,2026-08-29 17:09:00,SUCCESS
34876,2,8,2377.30,2026-08-20 19:30:00,PENDING
34877,9,11,2473.50,2026-08-15 15:42:00,FAILED
34878,10,3,558.60,2026-08-28 08:19:00,PENDING
34879,9,5,4765.50,2026-08-10 13:29:00,REFUNDED
34880,9,5,1210.00,2026-08-24 14:45:00,FAILED
34881,6,13,4284.20,2026-08-04 16:12:00,SUCCESS
34882,1,6,1054.90,2026-08-22 04:27:00,REFUNDED
34883,9,5,3145.60,2026-08-28 00:07:00,FAILED
34884,8,2,3517.40,2026-08-21 19:20:00,SUCCESS
34885,8,20,1318.80,2026-08-17 09:08:00,FAILED
34886,5,7,905.40,2026-08-30 15:53:00,FAILED
34887,8,17,3435.10,2026-08-23 23:06:00,REFUNDED
34888,8,16,3975.90,2026-08-13 00:16:00,PENDING
34889,4,9,4340.40,2026-08-23 01:36:00,REFUNDED
34890,6,18,293.30,2026-08-15 06:46:00,PENDING
34891,5,15,4241.60,2026-08-29 22:57:00,FAILED
34892,1,1,NOT_A_NUMBER,2026-08-01 12:00:00,SUCCESS
34893,3,8,4382.60,2026-08-13 01:40:00,PENDING
34894,7,10,3295.10,2026-08-07 04:14:00,PENDING
34895,9,4,74.90,2026-08-25 18:26:00,PENDING
34896,8,16,2349.40,2026-08-27 00:04:00,SUCCESS
34897,4,14,1538.90,2026-08-23 11:57:00,REFUNDED
34898,9,7,3095.20,2026-08-09 01:06:00,PENDING
34899,10,8,3020.50,2026-08-24 12:38:00,SUCCESS
34900,3,9,4902.10,2026-08-11 09:01:00,REFUNDED
34901,5,19,3363.20,2026-08-01 13:05:00,REFUNDED
34902,10,3,169.90,2026-08-04 19:35:00,PENDING
34903,7,9,889.50,2026-08-17 11:58:00,FAILED
34904,3,2,3527.10,2026-08-18 19:36:00,SUCCESS
34905,4,16,2783.90,2026-08-03 07:01:00,REFUNDED
34906,7,12,4262.50,2026-08-17 19:58:00,REFUNDED
34907,7,12,1956.20,2026-08-02 20:39:00,REFUNDED
34908,3,18,4941.60,2026-08-21 21:18:00,REFUNDED
34909,5,8,2482.70,2026-08-24 08:54:00,FAILED
34910,1,12,1469.60,2026-08-02 18:03:00,FAILED
34911,6,6,1826.40,2026-08-22 05:04:00,REFUNDED
34912,2,13,110.50,2026-08-11 21:39:00,PENDING
34913,7,5,4084.80,2026-08-26 18:41:00,SUCCESS
34914,7,8,709.20,2026-08-12 20:01:00,REFUNDED
34915,4,20,2026.40,2026-08-23 08:59:00,PENDING
34916,10,9,4678.40,2026-08-15 01:54:00,FAILED
34917,2,13,4346.30,2026-08-02 17:07:00,PENDING
34918,10,1,4115.60,2026-08-04 17:53:00,REFUNDED
34919,5,7,3254.80,2026-08-30 05:11:00,FAILED
34920,5,6,3736.40,2026-08-18 20:59:00,FAILED
34921,9,20,4708.90,2026-08-17 07:45:00,SUCCESS
34922,10,9,394.80,2026-08-13 06:00:00,FAILED
34923,7,12,4177.50,2026-08-04 07:00:00,FAILED
34924,2,16,679.60,2026-08-30 21:20:00,SUCCESS
34925,5,1,2204.20,2026-08-18 18:19:00,SUCCESS
34926,6,14,2923.10,2026-08-09 18:51:00,SUCCESS
34927,2,12,3842.00,2026-08-26 00:18:00,REFUNDED
34928,3,15,1841.70,2026-08-20 15:38:00,SUCCESS
34929,6,3,471.00,2026-08-28 01:32:00,SUCCESS
34930,6,11,3349.10,2026-08-28 10:01:00,REFUNDED
34931,6,11,4586.10,2026-08-12 09:48:00,SUCCESS
34932,2,20,289.50,2026-08-13 20:14:00,PENDING
34933,7,8,1538.10,2026-08-09 10:20:00,REFUNDED
34934,1,6,2532.20,2026-08-01 13:09:00,PENDING
34935,6,8,2839.00,2026-08-12 02:47:00,REFUNDED
34936,9,5,143.80,2026-08-05 13:34:00,FAILED
34937,2,10,1322.40,2026-08-13 02:53:00,FAILED
34938,2,10,3888.30,2026-08-29 05:57:00,REFUNDED
34939,10,1,3006.20,2026-08-25 19:45:00,PENDING
34940,5,16,4240.50,2026-08-26 09:21:00,PENDING
34941,3,5,4912.20,2026-08-29 22:29:00,FAILED
34942,4,4,3541.30,2026-08-23 00:40:00,FAILED
34943,8,5,1443.50,2026-08-03 11:13:00,PENDING
34944,2,11,4684.60,2026-08-13 00:14:00,SUCCESS
34945,10,10,247.90,2026-08-11 04:40:00,PENDING
34946,6,2,1503.40,2026-08-12 02:31:00,SUCCESS
34947,7,9,1719.20,2026-08-01 21:20:00,SUCCESS
34948,4,1,4037.70,2026-08-02 09:46:00,SUCCESS
34949,2,1,1150.10,2026-08-29 01:24:00,SUCCESS
34950,3,19,4160.70,2026-08-23 20:08:00,SUCCESS
34951,1,6,2439.70,2026-08-06 11:13:00,PENDING
34952,3,18,1963.10,2026-08-21 02:31:00,PENDING
34953,9,11,2167.80,2026-08-25 08:26:00,FAILED
34954,1,9,190.80,2026-08-22 11:14:00,PENDING
34955,1,18,3466.10,2026-08-10 13:22:00,SUCCESS
34956,9,13,4737.90,2026-08-15 14:57:00,PENDING
34957,6,14,2446.40,2026-08-12 03:11:00,FAILED
34958,2,11,2579.80,2026-08-18 19:15:00,FAILED
34959,5,2,3373.50,2026-08-09 17:30:00,FAILED
34960,5,4,2528.00,2026-08-17 20:57:00,SUCCESS
34961,10,11,2565.40,2026-08-21 02:21:00,FAILED
34962,8,18,1626.60,2026-08-06 04:54:00,PENDING
34963,4,20,1893.60,2026-08-20 06:17:00,SUCCESS
34964,2,18,701.20,2026-08-24 20:09:00,REFUNDED
34965,4,7,1652.80,2026-08-13 01:05:00,REFUNDED
34966,7,3,4801.70,2026-08-15 19:51:00,REFUNDED
34967,1,1,3901.60,2026-08-20 17:08:00,SUCCESS
34968,5,16,1465.00,2026-08-13 03:55:00,SUCCESS
34969,3,12,1149.60,2026-08-17 09:46:00,PENDING
34970,1,1,5000,2026-08-01 12:00:00,UNKNOWN_STATUS
34971,5,8,1136.30,2026-08-30 18:52:00,REFUNDED
34972,5,10,981.20,2026-08-29 11:44:00,SUCCESS
34973,4,20,3470.90,2026-08-03 07:36:00,REFUNDED
34974,1,3,1792.60,2026-08-20 12:18:00,REFUNDED
34975,1,9,945.20,2026-08-02 14:40:00,REFUNDED
34976,4,18,448.80,2026-08-21 03:41:00,PENDING
34977,8,7,770.50,2026-08-16 00:43:00,SUCCESS
34978,10,8,2578.70,2026-08-02 00:19:00,FAILED
34979,8,5,2260.90,2026-08-18 06:49:00,REFUNDED
34980,4,9,363.90,2026-08-27 17:51:00,REFUNDED
34981,9,3,1069.00,2026-08-13 16:30:00,SUCCESS
34982,4,9,3907.70,2026-08-05 13:57:00,REFUNDED
34983,3,16,208.60,2026-08-09 06:39:00,PENDING
34984,7,17,2614.90,2026-08-19 18:35:00,REFUNDED
34985,1,8,2953.70,2026-08-08 07:30:00,PENDING
34986,10,6,4803.10,2026-08-10 02:14:00,FAILED
34987,1,12,3712.10,2026-08-22 16:31:00,SUCCESS
34988,3,6,3476.10,2026-08-05 09:20:00,FAILED
34989,4,5,2470.90,2026-08-03 08:25:00,FAILED
34990,1,11,860.30,2026-08-02 00:53:00,PENDING
34991,1,15,4763.50,2026-08-11 04:05:00,SUCCESS
34992,7,20,424.30,2026-08-20 08:30:00,PENDING
34993,6,10,1963.70,2026-08-19 16:28:00,FAILED
34994,3,12,2593.70,2026-08-06 13:31:00,FAILED
34995,9,8,816.10,2026-08-25 15:50:00,PENDING
34996,6,15,2514.40,2026-08-17 04:52:00,SUCCESS
34997,7,12,3194.40,2026-08-20 19:06:00,SUCCESS
34998,4,18,4569.30,2026-08-21 21:36:00,REFUNDED
34999,7,19,3098.00,2026-08-07 19:46:00,SUCCESS
35000,4,15,2951.50,2026-08-15 06:46:00,FAILED
35001,4,6,3248.80,2026-08-14 12:42:00,FAILED
35002,10,2,265.40,2026-08-09 03:35:00,FAILED
35003,8,9,4497.90,2026-08-17 06:28:00,SUCCESS
35004,1,1,5000,INVALID_DATE_TIME,SUCCESS
35005,6,8,2032.70,2026-08-18 20:32:00,FAILED
35006,2,11,4680.90,2026-08-26 09:16:00,REFUNDED
35007,10,5,1338.30,2026-08-27 23:27:00,PENDING
35008,4,2,1734.90,2026-08-23 13:27:00,SUCCESS
35009,9,15,2130.10,2026-08-28 15:22:00,FAILED
35010,10,17,2695.00,2026-08-17 11:31:00,REFUNDED
35011,8,16,999.10,2026-08-14 22:28:00,SUCCESS
35012,1,19,3400.10,2026-08-02 20:37:00,REFUNDED
35013,9,1,3248.70,2026-08-15 10:03:00,PENDING
35014,7,17,2074.50,2026-08-10 22:39:00,FAILED
35015,7,17,3018.40,2026-08-11 17:08:00,PENDING
35016,3,18,3101.40,2026-08-10 06:13:00,SUCCESS
35017,4,10,4653.00,2026-08-02 14:08:00,SUCCESS
35018,7,1,3682.10,2026-08-27 09:13:00,PENDING
35019,10,8,1345.10,2026-08-28 07:20:00,PENDING
35020,8,11,3310.70,2026-08-14 00:28:00,FAILED
35021,6,12,775.00,2026-08-03 16:57:00,REFUNDED
35022,9,16,4474.80,2026-08-24 08:15:00,REFUNDED
35023,7,1,1950.30,2026-08-18 22:33:00,REFUNDED
35024,6,9,3547.60,2026-08-16 17:06:00,REFUNDED
35025,10,12,4084.00,2026-08-29 01:36:00,PENDING
35026,9,11,1514.40,2026-08-16 20:13:00,FAILED
35027,10,8,1530.40,2026-08-30 15:45:00,REFUNDED
35028,3,12,186.90,2026-08-18 06:45:00,REFUNDED
35029,1,1,5000,INVALID_DATE_TIME,SUCCESS
35030,6,9,4950.20,2026-08-20 15:18:00,SUCCESS
35031,10,5,1347.00,2026-08-05 02:32:00,REFUNDED
35032,6,14,222.50,2026-08-25 20:24:00,FAILED
35033,4,19,1260.40,2026-08-23 02:26:00,PENDING
35034,8,20,1480.20,2026-08-21 01:54:00,FAILED
35035,6,5,2125.90,2026-08-01 09:14:00,REFUNDED
35036,2,17,4543.20,2026-08-24 05:23:00,SUCCESS
35037,4,6,2957.10,2026-08-17 10:03:00,PENDING
35038,2,1,164.50,2026-08-10 11:31:00,PENDING
35039,3,5,1930.60,2026-08-17 07:40:00,SUCCESS
35040,5,20,4869.00,2026-08-25 04:10:00,FAILED
35041,9,10,2945.30,2026-08-13 09:01:00,FAILED
35042,1,2,4426.30,2026-08-05 02:51:00,SUCCESS
35043,10,11,590.80,2026-08-05 01:49:00,REFUNDED
35044,1,8,1321.10,2026-08-22 22:42:00,REFUNDED
35045,2,9,3483.90,2026-08-22 02:37:00,REFUNDED
35046,8,19,4363.00,2026-08-06 00:40:00,SUCCESS
35047,1,20,4768.80,2026-08-30 00:01:00,SUCCESS
35048,2,10,1286.30,2026-08-29 21:14:00,PENDING
35049,10,10,3367.60,2026-08-26 21:13:00,PENDING
35050,8,16,2133.60,2026-08-07 03:01:00,REFUNDED
35051,6,20,1086.70,2026-08-26 09:45:00,FAILED
35052,3,14,2777.00,2026-08-16 03:11:00,SUCCESS
35053,3,15,1995.40,2026-08-19 21:42:00,SUCCESS
35054,4,15,958.70,2026-08-09 20:59:00,SUCCESS
35055,2,12,3031.10,2026-08-15 10:05:00,PENDING
35056,9,8,1393.90,2026-08-25 12:29:00,FAILED
35057,4,10,3676.40,2026-08-22 18:59:00,FAILED
35058,8,2,4682.80,2026-08-22 17:34:00,SUCCESS
35059,6,7,1970.40,2026-08-06 15:47:00,SUCCESS
35060,6,12,2368.90,2026-08-17 14:09:00,FAILED
35061,9,19,3109.80,2026-08-17 06:14:00,SUCCESS
35062,2,18,3943.00,2026-08-12 06:29:00,SUCCESS
35063,2,18,3463.30,2026-08-16 00:43:00,FAILED
35064,6,6,5017.00,2026-08-28 17:56:00,REFUNDED
35065,2,20,3909.60,2026-08-25 23:10:00,REFUNDED
35066,1,2,1923.00,2026-08-29 00:04:00,PENDING
35067,7,18,3920.80,2026-08-12 19:15:00,REFUNDED
35068,8,2,2673.40,2026-08-15 09:57:00,SUCCESS
35069,2,4,139.50,2026-08-13 15:21:00,PENDING
35070,9,17,958.80,2026-08-09 20:05:00,FAILED
35071,4,4,3304.70,2026-08-14 04:11:00,REFUNDED
35072,4,3,322.10,2026-08-20 12:41:00,REFUNDED
35073,1,20,4248.80,2026-08-21 15:51:00,SUCCESS
35074,2,14,4577.80,2026-08-23 07:23:00,REFUNDED
35075,10,4,4272.40,2026-08-04 14:10:00,REFUNDED
35076,7,16,4165.70,2026-08-19 21:22:00,FAILED
35077,2,12,4661.90,2026-08-22 00:05:00,FAILED
35078,6,11,404.10,2026-08-07 10:59:00,SUCCESS
35079,10,20,678.90,2026-08-17 00:06:00,FAILED
35080,10,16,3678.40,2026-08-20 07:55:00,REFUNDED
35081,4,6,63.70,2026-08-16 22:49:00,SUCCESS
35082,6,12,441.00,2026-08-27 05:59:00,FAILED
35083,7,5,3715.20,2026-08-20 14:40:00,REFUNDED
35084,3,11,1197.50,2026-08-22 16:27:00,PENDING
35085,8,8,4325.80,2026-08-26 08:36:00,REFUNDED
35086,3,17,428.20,2026-08-03 19:05:00,PENDING
35087,8,10,729.50,2026-08-25 00:52:00,SUCCESS
35088,3,15,3795.30,2026-08-13 15:31:00,REFUNDED
35089,6,3,416.20,2026-08-05 05:02:00,FAILED
35090,6,9,3375.90,2026-08-29 12:13:00,FAILED
35091,8,18,1588.80,2026-08-24 08:02:00,FAILED
35092,8,4,3804.30,2026-08-18 00:32:00,FAILED
35093,7,15,4311.20,2026-08-26 12:33:00,SUCCESS
35094,10,15,2670.80,2026-08-03 04:25:00,PENDING
35095,7,3,704.40,2026-08-26 05:44:00,PENDING
35096,1,1,NOT_A_NUMBER,2026-08-01 12:00:00,SUCCESS
35097,7,18,2680.20,2026-08-22 07:25:00,SUCCESS
35098,9,1,947.20,2026-08-29 17:24:00,PENDING
35099,2,8,338.90,2026-08-08 14:10:00,REFUNDED
35100,2,12,4820.50,2026-08-28 08:51:00,PENDING
35101,3,7,3342.00,2026-08-29 05:17:00,PENDING
35102,5,15,3482.50,2026-08-30 04:00:00,REFUNDED
35103,4,18,3640.40,2026-08-02 17:52:00,FAILED
35104,1,11,173.80,2026-08-12 22:37:00,PENDING
35105,3,7,4953.90,2026-08-22 19:59:00,FAILED
35106,2,4,729.90,2026-08-21 21:40:00,PENDING
35107,9,18,2376.10,2026-08-30 01:56:00,PENDING
35108,9,9,2284.90,2026-08-10 20:22:00,REFUNDED
35109,3,6,1724.40,2026-08-06 09:24:00,REFUNDED
35110,5,4,176.80,2026-08-26 12:34:00,FAILED
35111,5,8,4417.40,2026-08-29 05:56:00,SUCCESS
35112,1,4,2071.00,2026-08-12 02:29:00,PENDING
35113,9,14,1019.70,2026-08-17 14:36:00,FAILED
35114,1,100.00
35115,5,16,4246.80,2026-08-10 09:33:00,REFUNDED
35116,9,14,1453.30,2026-08-20 02:13:00,PENDING
35117,2,18,3451.30,2026-08-16 11:24:00,REFUNDED
35118,8,15,1656.00,2026-08-28 09:19:00,FAILED
35119,6,15,3793.00,2026-08-02 09:45:00,PENDING
35120,5,12,2948.10,2026-08-01 11:47:00,REFUNDED
35121,10,5,3238.30,2026-08-27 13:09:00,PENDING
35122,3,6,1029.70,2026-08-03 09:31:00,PENDING
35123,8,6,3577.20,2026-08-09 17:26:00,SUCCESS
35124,1,6,3414.80,2026-08-28 02:25:00,REFUNDED
35125,5,13,1146.70,2026-08-02 17:36:00,SUCCESS
35126,4,9,4132.60,2026-08-22 04:22:00,PENDING
35127,2,20,655.50,2026-08-14 13:52:00,PENDING
35128,10,10,2734.10,2026-08-02 10:21:00,FAILED
35129,3,11,2742.90,2026-08-07 16:30:00,SUCCESS
35130,5,13,3566.70,2026-08-23 21:39:00,PENDING
35131,10,10,4679.10,2026-08-06 16:14:00,FAILED
35132,3,2,2745.70,2026-08-13 13:32:00,PENDING
35133,6,11,3501.30,2026-08-13 06:47:00,FAILED
35134,3,8,4185.10,2026-08-22 03:57:00,REFUNDED
35135,10,1,3905.80,2026-08-22 10:21:00,REFUNDED
35136,1,17,2431.70,2026-08-30 22:08:00,SUCCESS
35137,3,15,2497.90,2026-08-23 07:41:00,PENDING
35138,4,1,4205.30,2026-08-09 17:46:00,PENDING
35139,10,4,3779.50,2026-08-09 06:46:00,PENDING
35140,10,18,1548.70,2026-08-05 15:38:00,REFUNDED
35141,8,7,1406.90,2026-08-10 06:25:00,SUCCESS
35142,3,14,1434.70,2026-08-19 20:41:00,FAILED
35143,5,16,3670.60,2026-08-26 06:10:00,FAILED
35144,1,15,3416.20,2026-08-07 23:54:00,PENDING
35145,4,5,2694.70,2026-08-10 17:50:00,PENDING
35146,4,20,3475.30,2026-08-31 04:45:00,REFUNDED
35147,7,20,2196.30,2026-08-10 16:43:00,FAILED
35148,7,14,3567.00,2026-08-01 10:35:00,FAILED
35149,6,7,1527.60,2026-08-09 00:47:00,SUCCESS
35150,1,14,3279.00,2026-08-05 00:20:00,REFUNDED
35151,10,7,2948.90,2026-08-21 10:00:00,SUCCESS
35152,4,15,3803.70,2026-08-26 18:06:00,SUCCESS
35153,1,100.00
35154,3,18,1970.70,2026-08-29 13:08:00,PENDING
35155,10,12,1718.70,2026-08-17 22:02:00,SUCCESS
35156,4,7,1337.90,2026-08-13 09:06:00,SUCCESS
35157,9,4,3122.80,2026-08-20 19:30:00,SUCCESS
35158,3,18,4585.90,2026-08-25 12:16:00,FAILED
35159,9,19,1431.70,2026-08-26 09:52:00,FAILED
35160,10,2,4042.60,2026-08-30 23:27:00,FAILED
35161,2,13,1456.80,2026-08-29 14:16:00,SUCCESS
35162,5,14,747.20,2026-08-28 06:30:00,SUCCESS
35163,6,8,1170.80,2026-08-09 08:35:00,PENDING
35164,2,17,4830.50,2026-08-25 09:38:00,PENDING
35165,2,7,1220.30,2026-08-11 06:33:00,REFUNDED
35166,8,17,98.90,2026-08-17 08:26:00,FAILED
35167,6,8,3208.10,2026-08-09 21:06:00,PENDING
35168,5,5,2582.50,2026-08-21 13:46:00,PENDING
35169,9,11,3939.90,2026-08-19 01:54:00,REFUNDED
35170,1,19,3663.40,2026-08-08 05:57:00,SUCCESS
35171,5,4,1150.60,2026-08-21 14:41:00,FAILED
35172,8,15,1130.40,2026-08-26 09:14:00,REFUNDED
35173,6,20,685.60,2026-08-20 16:55:00,FAILED
35174,3,4,221.30,2026-08-05 01:49:00,PENDING
35175,7,18,4332.50,2026-08-26 08:51:00,SUCCESS
35176,4,18,2126.30,2026-08-25 03:48:00,FAILED
35177,10,2,4088.30,2026-08-08 19:29:00,FAILED
35178,10,15,4922.40,2026-08-30 17:33:00,REFUNDED
35179,10,2,1092.50,2026-08-23 07:03:00,PENDING
35180,1,15,3373.00,2026-08-21 11:42:00,REFUNDED
35181,8,17,2066.30,2026-08-13 14:12:00,PENDING
35182,6,1,2982.70,2026-08-06 16:26:00,REFUNDED
35183,8,13,2146.90,2026-08-14 07:55:00,SUCCESS
35184,9,9,2678.60,2026-08-10 00:11:00,REFUNDED
35185,4,17,4413.50,2026-08-30 17:57:00,PENDING
35186,2,9,725.40,2026-08-26 21:59:00,REFUNDED
35187,3,12,1593.60,2026-08-04 12:36:00,PENDING
35188,8,1,2238.10,2026-08-20 14:38:00,FAILED
35189,9,19,3798.30,2026-08-17 16:20:00,REFUNDED
35190,9,8,4630.40,2026-08-11 14:49:00,REFUNDED
35191,1,8,2609.90,2026-08-12 01:33:00,FAILED
35192,1,10,1647.40,2026-08-03 17:47:00,SUCCESS
35193,5,5,1324.80,2026-08-10 09:55:00,SUCCESS
35194,9,16,1831.00,2026-08-15 20:31:00,FAILED
35195,10,14,2714.10,2026-08-24 00:31:00,REFUNDED
35196,1,1,5000,INVALID_DATE_TIME,SUCCESS
35197,10,16,1407.40,2026-08-21 20:24:00,REFUNDED
35198,3,11,3168.50,2026-08-04 04:01:00,FAILED
35199,7,15,4092.30,2026-08-26 23:33:00,PENDING
35200,5,2,3490.60,2026-08-18 18:30:00,PENDING
35201,9,8,3326.40,2026-08-08 07:40:00,REFUNDED
35202,1,6,1905.30,2026-08-18 02:00:00,PENDING
35203,7,1,1189.50,2026-08-06 01:06:00,PENDING
35204,4,15,3344.30,2026-08-21 06:00:00,PENDING
35205,7,14,3044.50,2026-08-23 14:55:00,SUCCESS
35206,3,5,2423.10,2026-08-03 23:02:00,SUCCESS
35207,8,12,3163.40,2026-08-21 03:07:00,FAILED
35208,4,17,4805.90,2026-08-28 06:03:00,PENDING
35209,6,9,2966.20,2026-08-23 13:28:00,REFUNDED
35210,4,20,1261.30,2026-08-12 01:47:00,REFUNDED
35211,1,2,4725.40,2026-08-18 20:05:00,REFUNDED
35212,9,3,4961.30,2026-08-24 15:45:00,REFUNDED
35213,4,11,447.00,2026-08-26 22:10:00,PENDING
35214,8,20,1648.30,2026-08-05 07:51:00,REFUNDED
35215,4,20,3791.30,2026-08-21 13:09:00,SUCCESS
35216,4,10,2977.20,2026-08-19 13:12:00,PENDING
35217,1,17,1552.40,2026-08-22 04:31:00,PENDING
35218,7,14,1433.80,2026-08-27 16:52:00,REFUNDED
35219,5,10,2915.10,2026-08-24 11:50:00,SUCCESS
35220,9,12,4012.90,2026-08-23 16:03:00,REFUNDED
35221,8,15,436.20,2026-08-21 22:30:00,FAILED
35222,5,3,4401.00,2026-08-02 18:38:00,REFUNDED
35223,6,15,4058.90,2026-08-30 17:44:00,PENDING
35224,7,12,2955.10,2026-08-16 07:49:00,REFUNDED
35225,1,15,1066.20,2026-08-24 06:35:00,SUCCESS
35226,4,17,4017.70,2026-08-09 14:43:00,SUCCESS
35227,7,17,1458.10,2026-08-04 03:29:00,SUCCESS
35228,9,6,4573.90,2026-08-19 14:20:00,REFUNDED
35229,6,14,3309.70,2026-08-18 16:10:00,REFUNDED
35230,6,7,5034.10,2026-08-17 13:25:00,SUCCESS
35231,3,6,316.70,2026-08-26 10:38:00,REFUNDED
35232,9,10,3570.60,2026-08-04 07:59:00,SUCCESS
35233,7,6,1027.60,2026-08-03 21:25:00,PENDING
35234,6,10,159.30,2026-08-16 10:55:00,REFUNDED
35235,8,19,4978.30,2026-08-15 05:58:00,FAILED
35236,2,7,4979.90,2026-08-04 18:38:00,SUCCESS
35237,7,18,722.60,2026-08-14 05:11:00,PENDING
35238,2,4,1006.90,2026-08-03 05:55:00,REFUNDED
35239,8,20,3488.40,2026-08-09 13:42:00,PENDING
35240,5,8,854.40,2026-08-21 14:46:00,SUCCESS
35241,3,9,3679.50,2026-08-30 01:13:00,REFUNDED
35242,3,5,780.70,2026-08-31 06:41:00,PENDING
35243,3,3,3183.70,2026-08-18 03:50:00,PENDING
35244,10,11,4749.20,2026-08-16 10:19:00,REFUNDED
35245,6,12,2386.60,2026-08-07 09:48:00,SUCCESS
35246,2,1,887.60,2026-08-16 16:39:00,FAILED
35247,6,6,4847.10,2026-08-04 15:53:00,FAILED
35248,2,11,3500.80,2026-08-28 12:20:00,SUCCESS
35249,4,13,4764.30,2026-08-29 17:42:00,FAILED
35250,7,12,4424.10,2026-08-23 16:42:00,REFUNDED
35251,1,15,944.50,2026-08-19 22:28:00,FAILED
35252,10,17,907.90,2026-08-25 09:19:00,PENDING
35253,1,14,3866.90,2026-08-13 19:44:00,REFUNDED
35254,5,3,3485.70,2026-08-02 05:11:00,REFUNDED
35255,8,4,1147.40,2026-08-29 01:38:00,FAILED
35256,7,16,2883.60,2026-08-03 19:03:00,PENDING
35257,8,4,2824.20,2026-08-05 09:07:00,PENDING
35258,2,11,832.80,2026-08-20 02:47:00,SUCCESS
35259,7,3,1433.80,2026-08-21 23:25:00,FAILED
35260,10,16,3431.40,2026-08-22 05:07:00,FAILED
35261,1,6,516.80,2026-08-27 17:02:00,FAILED
35262,6,12,4462.20,2026-08-30 22:43:00,SUCCESS
35263,4,7,696.30,2026-08-07 17:26:00,PENDING
35264,8,12,4937.20,2026-08-17 13:49:00,SUCCESS
35265,8,2,4093.80,2026-08-01 19:14:00,PENDING
35266,10,14,2719.60,2026-08-12 20:03:00,PENDING
35267,10,14,2578.80,2026-08-18 03:44:00,REFUNDED
35268,7,2,1867.00,2026-08-29 04:47:00,SUCCESS
35269,4,8,593.20,2026-08-30 21:04:00,SUCCESS
35270,6,17,1165.10,2026-08-16 19:34:00,FAILED
35271,7,1,2720.80,2026-08-04 18:46:00,REFUNDED
35272,3,15,742.00,2026-08-30 03:58:00,REFUNDED
35273,3,11,3102.20,2026-08-02 13:46:00,FAILED
35274,7,12,728.00,2026-08-19 10:32:00,SUCCESS
35275,3,4,1337.20,2026-08-07 23:15:00,FAILED
35276,10,6,2282.90,2026-08-12 12:40:00,REFUNDED
35277,6,5,335.10,2026-08-02 09:42:00,PENDING
35278,9,17,4985.90,2026-08-15 06:49:00,REFUNDED
35279,9,1,2707.80,2026-08-18 21:46:00,FAILED
35280,10,17,166.00,2026-08-19 14:13:00,REFUNDED
35281,3,17,3477.60,2026-08-29 03:33:00,REFUNDED
35282,6,20,3450.40,2026-08-17 09:11:00,REFUNDED
35283,8,9,3834.40,2026-08-18 13:44:00,FAILED
35284,6,11,5011.60,2026-08-23 04:05:00,FAILED
35285,8,12,4085.50,2026-08-22 08:55:00,SUCCESS
35286,6,11,1617.40,2026-08-24 04:10:00,PENDING
35287,1,12,1482.40,2026-08-19 14:50:00,SUCCESS
35288,1,8,4705.30,2026-08-11 16:13:00,SUCCESS
35289,4,14,300.30,2026-08-27 05:04:00,SUCCESS
35290,2,1,2772.90,2026-08-20 23:25:00,SUCCESS
35291,8,1,2745.20,2026-08-24 21:40:00,PENDING
35292,10,20,4008.80,2026-08-07 06:14:00,REFUNDED
35293,3,3,4210.60,2026-08-11 03:05:00,REFUNDED
35294,10,7,3311.90,2026-08-23 11:24:00,FAILED
35295,8,15,868.60,2026-08-21 23:24:00,SUCCESS
35296,9,2,1523.10,2026-08-16 20:09:00,REFUNDED
35297,4,17,2403.10,2026-08-27 23:01:00,FAILED
35298,10,10,2153.20,2026-08-07 12:07:00,PENDING
35299,6,8,1495.20,2026-08-02 04:22:00,SUCCESS
35300,1,1,4398.60,2026-08-15 01:03:00,PENDING
35301,5,8,132.60,2026-08-27 13:14:00,FAILED
35302,8,3,919.40,2026-08-19 04:41:00,REFUNDED
35303,2,11,3778.50,2026-08-20 05:37:00,REFUNDED
35304,10,3,853.20,2026-08-08 07:13:00,SUCCESS
35305,10,2,4210.00,2026-08-23 01:25:00,REFUNDED
35306,9,15,2047.00,2026-08-18 08:37:00,SUCCESS
35307,9,11,2992.10,2026-08-29 03:29:00,FAILED
35308,6,6,2918.00,2026-08-03 17:09:00,FAILED
35309,5,17,2901.10,2026-08-16 08:29:00,REFUNDED
35310,7,14,3526.80,2026-08-15 20:11:00,FAILED
35311,2,19,1712.40,2026-08-27 21:32:00,SUCCESS
35312,2,13,3845.80,2026-08-08 12:56:00,REFUNDED
35313,6,7,5009.20,2026-08-17 18:00:00,FAILED
35314,2,20,567.00,2026-08-27 14:06:00,FAILED
35315,5,11,4106.60,2026-08-30 21:09:00,SUCCESS
35316,3,13,1629.20,2026-08-04 03:00:00,PENDING
35317,3,8,1094.80,2026-08-08 04:46:00,FAILED
35318,4,17,1350.60,2026-08-23 08:57:00,FAILED
35319,3,5,1450.10,2026-08-30 11:45:00,REFUNDED
35320,5,1,4747.40,2026-08-06 12:45:00,PENDING
35321,10,12,270.90,2026-08-27 17:11:00,SUCCESS
35322,8,2,1835.00,2026-08-09 01:10:00,REFUNDED
35323,10,7,3393.40,2026-08-22 08:38:00,FAILED
35324,6,1,286.30,2026-08-30 08:20:00,PENDING
35325,3,6,1344.70,2026-08-09 02:53:00,PENDING
35326,9,9,3027.10,2026-08-21 02:26:00,SUCCESS
35327,8,7,60.80,2026-08-27 23:54:00,FAILED
35328,8,6,4649.20,2026-08-03 18:48:00,FAILED
35329,1,100.00
35330,3,7,4308.30,2026-08-05 11:44:00,REFUNDED
35331,8,17,783.40,2026-08-20 09:43:00,REFUNDED
35332,2,10,252.80,2026-08-21 18:26:00,FAILED
35333,8,10,2154.10,2026-08-27 00:43:00,PENDING
35334,2,10,879.90,2026-08-25 14:26:00,SUCCESS
35335,6,11,895.10,2026-08-07 12:20:00,PENDING
35336,4,18,2527.50,2026-08-31 03:49:00,PENDING
35337,6,3,3063.10,2026-08-07 11:55:00,PENDING
35338,2,19,4551.00,2026-08-12 23:17:00,SUCCESS
35339,2,20,1329.30,2026-08-15 01:51:00,PENDING
35340,5,11,943.30,2026-08-06 15:02:00,FAILED
35341,3,13,484.90,2026-08-31 01:48:00,PENDING
35342,10,15,4286.80,2026-08-22 09:55:00,SUCCESS
35343,5,10,971.00,2026-08-24 16:26:00,SUCCESS
35344,9,9,3519.10,2026-08-15 10:25:00,SUCCESS
35345,6,15,4225.00,2026-08-22 21:09:00,PENDING
35346,4,6,4689.10,2026-08-04 12:45:00,FAILED
35347,4,4,1800.80,2026-08-18 23:55:00,FAILED
35348,5,14,1179.30,2026-08-25 21:48:00,SUCCESS
35349,5,14,979.50,2026-08-03 05:28:00,FAILED
35350,9,1,2426.30,2026-08-02 02:04:00,PENDING
35351,1,100.00
35352,7,7,2729.60,2026-08-08 03:23:00,REFUNDED
35353,10,10,1968.50,2026-08-12 16:11:00,REFUNDED
35354,1,5,3820.80,2026-08-16 12:35:00,REFUNDED
35355,5,18,4850.70,2026-08-17 06:19:00,REFUNDED
35356,2,8,2543.10,2026-08-06 10:51:00,SUCCESS
35357,6,12,3444.40,2026-08-09 12:22:00,PENDING
35358,9,8,404.90,2026-08-08 03:48:00,REFUNDED
35359,9,4,4806.20,2026-08-08 17:28:00,REFUNDED
35360,6,15,2548.80,2026-08-07 12:02:00,REFUNDED
35361,10,7,3777.70,2026-08-11 16:16:00,PENDING
35362,9,17,4403.50,2026-08-19 11:29:00,FAILED
35363,3,12,468.50,2026-08-29 13:21:00,FAILED
35364,2,7,1334.30,2026-08-02 16:24:00,PENDING
35365,2,3,4836.50,2026-08-16 06:57:00,FAILED
35366,2,3,536.00,2026-08-20 18:53:00,REFUNDED
35367,1,3,2174.40,2026-08-27 13:02:00,REFUNDED
35368,6,15,463.60,2026-08-18 08:39:00,FAILED
35369,6,13,3318.70,2026-08-06 14:36:00,REFUNDED
35370,3,10,538.00,2026-08-06 10:41:00,SUCCESS
35371,1,12,3814.00,2026-08-13 16:01:00,REFUNDED
35372,2,12,1184.00,2026-08-14 18:31:00,SUCCESS
35373,4,10,2619.90,2026-08-21 07:51:00,PENDING
35374,6,12,3890.20,2026-08-05 07:36:00,REFUNDED
35375,7,1,1216.60,2026-08-27 15:02:00,SUCCESS
35376,1,11,3173.40,2026-08-11 20:09:00,REFUNDED
35377,4,3,320.20,2026-08-25 21:28:00,REFUNDED
35378,4,15,3921.50,2026-08-09 09:09:00,SUCCESS
35379,6,2,1786.50,2026-08-18 18:09:00,SUCCESS
35380,6,13,1194.80,2026-08-21 12:27:00,FAILED
35381,8,11,4715.90,2026-08-04 05:02:00,PENDING
35382,5,1,1520.10,2026-08-17 12:57:00,PENDING
35383,1,100.00
35384,8,17,5012.40,2026-08-27 18:30:00,FAILED
35385,1,16,2285.70,2026-08-29 08:01:00,SUCCESS
35386,6,2,1299.20,2026-08-02 13:02:00,REFUNDED
35387,8,10,2320.50,2026-08-05 22:11:00,PENDING
35388,7,9,3009.10,2026-08-26 03:21:00,FAILED
35389,3,16,1231.80,2026-08-27 09:39:00,SUCCESS
35390,1,13,2141.00,2026-08-29 19:04:00,PENDING
35391,1,3,238.50,2026-08-10 03:46:00,FAILED
35392,5,4,1149.50,2026-08-26 14:24:00,SUCCESS
35393,10,16,4330.50,2026-08-23 14:04:00,FAILED
35394,1,16,1722.70,2026-08-05 05:43:00,REFUNDED
35395,9,14,2518.70,2026-08-03 00:41:00,PENDING
35396,8,9,707.10,2026-08-02 12:48:00,REFUNDED
35397,3,5,2696.30,2026-08-09 12:45:00,PENDING
35398,6,5,2842.10,2026-08-29 19:02:00,SUCCESS
35399,4,20,943.10,2026-08-07 01:49:00,SUCCESS
35400,3,17,3144.00,2026-08-06 08:39:00,PENDING
35401,1,6,1372.70,2026-08-21 05:19:00,FAILED
35402,6,19,2113.40,2026-08-05 15:03:00,PENDING
35403,1,19,613.10,2026-08-21 05:10:00,PENDING
35404,8,14,4682.60,2026-08-07 09:28:00,FAILED
35405,2,6,56.50,2026-08-01 12:16:00,FAILED
35406,9,8,719.60,2026-08-26 19:13:00,REFUNDED
35407,8,12,3968.10,2026-08-08 15:10:00,PENDING
35408,7,1,3591.00,2026-08-24 01:35:00,REFUNDED
35409,8,1,4197.80,2026-08-18 08:27:00,REFUNDED
35410,7,2,1918.90,2026-08-24 07:04:00,PENDING
35411,5,8,2806.70,2026-08-24 18:25:00,REFUNDED
35412,8,8,3555.10,2026-08-11 10:52:00,FAILED
35413,3,19,965.60,2026-08-13 06:52:00,FAILED
35414,5,20,2252.50,2026-08-17 03:20:00,REFUNDED
35415,2,17,452.40,2026-08-02 00:37:00,PENDING
35416,6,19,3018.80,2026-08-07 11:53:00,PENDING
35417,9,3,4496.30,2026-08-10 05:30:00,REFUNDED
35418,10,6,2183.30,2026-08-26 19:46:00,SUCCESS
35419,10,8,2591.40,2026-08-23 17:24:00,REFUNDED
35420,4,8,3255.00,2026-08-19 09:22:00,REFUNDED
35421,5,11,3967.60,2026-08-05 16:32:00,REFUNDED
35422,1,6,4278.70,2026-08-05 05:08:00,REFUNDED
35423,3,20,4017.50,2026-08-01 15:57:00,PENDING
35424,1,1,NOT_A_NUMBER,2026-08-01 12:00:00,SUCCESS
35425,6,5,4043.20,2026-08-20 19:52:00,PENDING
35426,5,9,4830.00,2026-08-14 15:47:00,PENDING
35427,1,4,3179.80,2026-08-22 18:49:00,REFUNDED
35428,1,15,4757.40,2026-08-09 07:03:00,REFUNDED
35429,8,1,4305.00,2026-08-11 09:22:00,PENDING
35430,5,11,455.40,2026-08-23 16:48:00,REFUNDED
35431,6,19,3466.90,2026-08-25 22:31:00,FAILED
35432,1,1,1702.20,2026-08-24 04:10:00,SUCCESS
35433,6,10,3852.70,2026-08-16 22:48:00,REFUNDED
35434,8,15,2760.50,2026-08-02 11:57:00,SUCCESS
35435,10,5,3112.40,2026-08-13 16:38:00,FAILED
35436,4,18,2986.20,2026-08-12 03:11:00,SUCCESS
35437,3,14,2985.10,2026-08-23 15:36:00,SUCCESS
35438,4,12,2940.60,2026-08-23 23:19:00,PENDING
35439,7,3,715.20,2026-08-19 01:33:00,PENDING
35440,7,9,541.00,2026-08-29 22:51:00,REFUNDED
35441,3,2,5024.30,2026-08-27 04:49:00,FAILED
35442,5,20,670.80,2026-08-25 00:37:00,SUCCESS
35443,6,18,983.50,2026-08-04 19:17:00,SUCCESS
35444,9,9,2963.60,2026-08-06 05:50:00,FAILED
35445,1,13,139.40,2026-08-27 18:11:00,SUCCESS
35446,1,1,5000,INVALID_DATE_TIME,SUCCESS
35447,6,4,4531.80,2026-08-21 22:38:00,PENDING
35448,5,11,3579.70,2026-08-29 02:18:00,PENDING
35449,4,6,2806.50,2026-08-07 19:22:00,SUCCESS
35450,6,16,1013.50,2026-08-16 13:39:00,SUCCESS
35451,7,16,3626.40,2026-08-26 06:21:00,SUCCESS
35452,10,20,1689.70,2026-08-27 04:22:00,FAILED
35453,2,13,2190.20,2026-08-12 01:02:00,PENDING
35454,4,5,4689.40,2026-08-01 22:27:00,FAILED
35455,6,8,3902.20,2026-08-23 16:03:00,PENDING
35456,2,8,3837.60,2026-08-27 14:48:00,REFUNDED
35457,8,20,1780.00,2026-08-27 11:34:00,SUCCESS
35458,4,4,1745.50,2026-08-19 23:58:00,REFUNDED
35459,2,13,2093.90,2026-08-19 05:33:00,PENDING
35460,6,15,3504.40,2026-08-13 15:30:00,REFUNDED
35461,8,15,3198.00,2026-08-07 08:33:00,REFUNDED
35462,6,13,2874.10,2026-08-28 04:47:00,FAILED
35463,8,15,152.00,2026-08-17 09:41:00,PENDING
35464,3,3,2751.70,2026-08-30 05:17:00,FAILED
35465,2,3,3433.50,2026-08-03 03:07:00,FAILED
35466,7,19,3023.60,2026-08-18 15:01:00,SUCCESS
35467,1,4,1578.90,2026-08-08 01:06:00,REFUNDED
35468,10,9,2178.60,2026-08-24 19:37:00,REFUNDED
35469,3,12,226.30,2026-08-05 23:19:00,SUCCESS
35470,8,6,1269.10,2026-08-02 18:10:00,REFUNDED
35471,3,4,2499.10,2026-08-14 03:49:00,SUCCESS
35472,9,1,4413.20,2026-08-18 20:39:00,SUCCESS
35473,7,14,366.50,2026-08-28 09:39:00,FAILED
35474,1,4,656.50,2026-08-18 05:14:00,SUCCESS
35475,2,19,629.20,2026-08-15 16:51:00,FAILED
35476,4,10,3127.20,2026-08-02 19:54:00,SUCCESS
35477,3,11,2472.10,2026-08-26 16:44:00,SUCCESS
35478,4,18,502.00,2026-08-30 14:20:00,PENDING
35479,7,7,2729.10,2026-08-13 00:14:00,FAILED
35480,8,3,3106.80,2026-08-08 03:27:00,PENDING
35481,5,16,1093.00,2026-08-12 12:11:00,SUCCESS
35482,8,9,449.00,2026-08-27 02:00:00,PENDING
35483,4,11,1013.70,2026-08-09 08:32:00,SUCCESS
35484,3,12,877.30,2026-08-12 22:37:00,PENDING
35485,3,11,4901.40,2026-08-25 13:46:00,REFUNDED
35486,8,19,981.30,2026-08-20 00:49:00,REFUNDED
35487,7,19,4472.80,2026-08-15 05:33:00,PENDING
35488,9,11,1076.20,2026-08-04 04:36:00,FAILED
35489,3,7,622.80,2026-08-29 14:04:00,FAILED
35490,7,10,2642.50,2026-08-07 21:33:00,FAILED
35491,9,18,2180.40,2026-08-24 06:38:00,REFUNDED
35492,7,12,4592.50,2026-08-03 14:38:00,REFUNDED
35493,5,20,783.30,2026-08-07 13:56:00,SUCCESS
35494,6,17,3364.70,2026-08-12 04:29:00,SUCCESS
35495,8,18,1264.10,2026-08-17 18:04:00,FAILED
35496,6,4,568.30,2026-08-22 16:58:00,FAILED
35497,8,5,3711.80,2026-08-20 06:30:00,SUCCESS
35498,6,9,4453.50,2026-08-12 22:08:00,PENDING
35499,4,2,1786.80,2026-08-09 10:16:00,PENDING
35500,1,1,NOT_A_NUMBER,2026-08-01 12:00:00,SUCCESS
35501,7,14,3779.10,2026-08-16 21:15:00,PENDING
35502,1,8,1168.70,2026-08-26 07:19:00,PENDING
35503,4,10,1685.60,2026-08-15 15:13:00,FAILED
35504,5,7,968.90,2026-08-23 08:54:00,PENDING
35505,8,10,3177.10,2026-08-12 08:34:00,SUCCESS
35506,2,9,2776.40,2026-08-20 00:48:00,PENDING
35507,8,16,2311.90,2026-08-12 13:19:00,FAILED
35508,5,10,4107.00,2026-08-02 21:38:00,SUCCESS
35509,7,7,3865.40,2026-08-09 11:17:00,REFUNDED
35510,2,13,1790.60,2026-08-03 23:19:00,REFUNDED
35511,9,18,4820.20,2026-08-04 10:05:00,REFUNDED
35512,4,5,3793.80,2026-08-28 19:26:00,SUCCESS
35513,1,8,3560.50,2026-08-28 05:30:00,REFUNDED
35514,1,16,3827.50,2026-08-04 03:33:00,REFUNDED
35515,10,3,1875.80,2026-08-29 16:14:00,SUCCESS
35516,1,11,4440.40,2026-08-20 20:20:00,REFUNDED
35517,6,19,3590.20,2026-08-24 04:36:00,FAILED
35518,3,10,3330.90,2026-08-26 01:29:00,PENDING
35519,2,14,1118.30,2026-08-04 22:45:00,PENDING
35520,7,1,3074.50,2026-08-13 14:41:00,PENDING
35521,6,4,2247.50,2026-08-12 01:58:00,PENDING
35522,3,15,2965.70,2026-08-15 15:06:00,REFUNDED
35523,4,17,1765.80,2026-08-01 19:11:00,FAILED
35524,1,10,453.90,2026-08-01 09:37:00,SUCCESS
35525,6,9,1146.30,2026-08-16 18:31:00,REFUNDED
35526,7,11,4262.20,2026-08-06 18:44:00,SUCCESS
35527,1,16,549.90,2026-08-12 14:16:00,SUCCESS
35528,6,5,3622.20,2026-08-19 10:05:00,SUCCESS
35529,10,6,2622.40,2026-08-13 13:28:00,REFUNDED
35530,9,2,481.60,2026-08-06 13:56:00,REFUNDED
35531,5,1,1796.90,2026-08-17 11:31:00,FAILED
35532,6,20,2376.90,2026-08-05 09:08:00,SUCCESS
35533,5,5,2883.20,2026-08-13 18:53:00,SUCCESS
35534,10,7,538.50,2026-08-25 01:23:00,SUCCESS
35535,7,18,4051.30,2026-08-12 07:54:00,PENDING
35536,5,15,3019.40,2026-08-24 11:15:00,REFUNDED
35537,2,16,884.70,2026-08-18 00:14:00,FAILED
35538,6,16,321.80,2026-08-14 15:08:00,REFUNDED
35539,1,16,2727.40,2026-08-14 05:37:00,FAILED
35540,2,11,4526.20,2026-08-11 19:02:00,SUCCESS
35541,5,5,557.10,2026-08-13 03:17:00,REFUNDED
35542,9,14,687.40,2026-08-14 06:50:00,FAILED
35543,3,17,1637.00,2026-08-14 14:43:00,REFUNDED
35544,7,7,3103.50,2026-08-08 00:22:00,SUCCESS
35545,3,16,613.80,2026-08-11 22:15:00,PENDING
35546,8,2,3007.90,2026-08-20 03:26:00,FAILED
35547,8,9,1737.20,2026-08-08 15:51:00,SUCCESS
35548,4,15,2326.50,2026-08-25 11:30:00,SUCCESS
35549,7,6,1751.90,2026-08-17 15:08:00,PENDING
35550,5,8,3911.20,2026-08-24 22:35:00,SUCCESS
35551,2,7,1153.00,2026-08-25 08:50:00,FAILED
35552,6,10,4633.20,2026-08-07 11:17:00,FAILED
35553,5,19,465.20,2026-08-16 00:46:00,SUCCESS
35554,9,15,3739.90,2026-08-23 06:47:00,REFUNDED
35555,1,1,5000,INVALID_DATE_TIME,SUCCESS
35556,10,13,346.80,2026-08-18 16:30:00,SUCCESS
35557,5,13,4497.20,2026-08-05 07:30:00,SUCCESS
35558,2,20,4381.70,2026-08-25 23:12:00,FAILED
35559,3,8,2241.10,2026-08-23 03:53:00,FAILED
35560,7,13,4040.30,2026-08-14 22:41:00,PENDING
35561,4,18,4978.60,2026-08-02 01:12:00,REFUNDED
35562,3,15,2369.80,2026-08-28 23:21:00,REFUNDED
35563,6,14,4504.50,2026-08-20 20:09:00,FAILED
35564,3,19,4935.40,2026-08-16 18:57:00,PENDING
35565,2,14,1238.30,2026-08-30 15:31:00,SUCCESS
35566,10,5,3612.40,2026-08-19 05:10:00,SUCCESS
35567,5,1,940.30,2026-08-10 01:46:00,SUCCESS
35568,5,14,925.80,2026-08-13 03:03:00,SUCCESS
35569,6,17,846.40,2026-08-14 02:29:00,REFUNDED
35570,2,8,2773.30,2026-08-20 02:38:00,PENDING
35571,7,12,498.10,2026-08-10 06:48:00,FAILED
35572,1,16,3084.00,2026-08-18 22:00:00,PENDING
35573,5,1,190.00,2026-08-16 17:54:00,REFUNDED
35574,3,1,3539.60,2026-08-02 07:50:00,FAILED
35575,4,6,4791.00,2026-08-17 08:21:00,FAILED
35576,7,4,144.50,2026-08-11 07:16:00,REFUNDED
35577,5,11,3081.90,2026-08-13 18:00:00,PENDING
35578,8,12,2604.10,2026-08-03 08:42:00,FAILED
35579,7,5,604.90,2026-08-17 15:35:00,SUCCESS
35580,2,1,2723.60,2026-08-11 12:09:00,SUCCESS
35581,4,14,2177.80,2026-08-31 05:51:00,SUCCESS
35582,1,6,148.90,2026-08-07 09:02:00,PENDING
35583,7,10,1817.10,2026-08-04 06:54:00,PENDING
35584,8,6,364.50,2026-08-17 20:05:00,PENDING
35585,1,14,3825.60,2026-08-29 05:09:00,SUCCESS
35586,1,9,1324.90,2026-08-09 16:05:00,FAILED
35587,8,18,4746.70,2026-08-22 02:36:00,SUCCESS
35588,3,3,4357.50,2026-08-24 10:12:00,PENDING
35589,4,3,1055.20,2026-08-08 14:18:00,FAILED
35590,5,12,3112.60,2026-08-01 13:35:00,SUCCESS
35591,1,14,2824.10,2026-08-30 10:31:00,PENDING
35592,5,6,3988.70,2026-08-06 20:46:00,REFUNDED
35593,3,9,591.40,2026-08-29 19:11:00,SUCCESS
35594,3,3,5034.10,2026-08-30 04:14:00,PENDING
35595,5,5,3389.30,2026-08-01 21:54:00,REFUNDED
35596,6,10,4760.20,2026-08-06 15:30:00,REFUNDED
35597,7,5,3439.10,2026-08-14 07:29:00,REFUNDED
35598,8,19,519.40,2026-08-13 02:00:00,SUCCESS
35599,7,10,4126.20,2026-08-09 16:29:00,REFUNDED
35600,3,15,4278.30,2026-08-17 12:35:00,REFUNDED
35601,7,9,1954.70,2026-08-14 07:02:00,PENDING
35602,7,10,3576.40,2026-08-09 02:38:00,SUCCESS
35603,5,17,4544.50,2026-08-05 11:18:00,PENDING
35604,10,15,2609.70,2026-08-07 19:41:00,SUCCESS
35605,6,11,2742.90,2026-08-03 16:22:00,PENDING
35606,10,20,1185.60,2026-08-31 00:43:00,REFUNDED
35607,3,19,3917.00,2026-08-22 08:53:00,FAILED
35608,10,12,2874.00,2026-08-26 21:38:00,FAILED
35609,8,10,732.10,2026-08-15 06:57:00,SUCCESS
35610,7,5,3994.10,2026-08-15 21:10:00,FAILED
35611,1,1,NOT_A_NUMBER,2026-08-01 12:00:00,SUCCESS
35612,6,18,882.10,2026-08-20 05:47:00,REFUNDED
35613,7,15,4387.70,2026-08-18 19:54:00,SUCCESS
35614,3,3,1754.30,2026-08-31 01:23:00,REFUNDED
35615,5,15,3401.10,2026-08-17 05:57:00,SUCCESS
35616,10,7,1300.90,2026-08-26 07:45:00,FAILED
35617,1,100.00
35618,9,11,3311.00,2026-08-02 05:33:00,SUCCESS
35619,5,2,3817.00,2026-08-30 05:37:00,PENDING
35620,5,6,1428.50,2026-08-14 17:53:00,REFUNDED
35621,9,20,1985.20,2026-08-09 00:39:00,PENDING
35622,8,2,4141.50,2026-08-19 22:17:00,FAILED
35623,2,13,3263.70,2026-08-10 19:17:00,FAILED
35624,9,17,4057.50,2026-08-08 02:49:00,PENDING
35625,9,5,2127.70,2026-08-24 12:15:00,REFUNDED
35626,1,5,390.30,2026-08-22 02:35:00,PENDING
35627,3,10,2327.80,2026-08-21 19:12:00,FAILED
35628,2,14,802.00,2026-08-26 23:08:00,SUCCESS
35629,6,17,3662.40,2026-08-23 21:31:00,SUCCESS
35630,3,12,457.00,2026-08-14 02:41:00,PENDING
35631,10,13,496.20,2026-08-20 00:11:00,SUCCESS
35632,8,6,133.50,2026-08-27 02:25:00,SUCCESS
35633,5,19,2210.70,2026-08-26 03:22:00,FAILED
35634,7,2,4931.60,2026-08-12 07:09:00,PENDING
35635,9,14,2098.30,2026-08-08 08:58:00,PENDING
35636,1,100.00
35637,3,8,4015.70,2026-08-14 16:10:00,FAILED
35638,5,19,4613.10,2026-08-02 06:59:00,REFUNDED
35639,1,8,4596.00,2026-08-01 10:09:00,REFUNDED
35640,1,3,2654.60,2026-08-25 22:32:00,PENDING
35641,9,1,2447.10,2026-08-24 10:46:00,FAILED
35642,10,20,209.40,2026-08-19 01:12:00,REFUNDED
35643,1,6,62.00,2026-08-09 21:55:00,PENDING
35644,1,7,3097.40,2026-08-14 21:39:00,SUCCESS
35645,6,11,3112.50,2026-08-21 17:08:00,FAILED
35646,4,8,2587.20,2026-08-29 11:13:00,FAILED
35647,7,14,4551.80,2026-08-10 09:56:00,REFUNDED
35648,5,16,3360.10,2026-08-29 20:48:00,FAILED
35649,9,17,3804.40,2026-08-02 20:32:00,PENDING
35650,2,8,1114.80,2026-08-28 02:38:00,SUCCESS
35651,9,19,2087.30,2026-08-10 02:12:00,REFUNDED
35652,9,14,4677.60,2026-08-23 07:23:00,SUCCESS
35653,10,6,3973.00,2026-08-25 17:16:00,REFUNDED
35654,1,9,1989.20,2026-08-10 14:14:00,REFUNDED
35655,10,5,361.00,2026-08-21 15:03:00,SUCCESS
35656,10,19,4863.20,2026-08-16 03:44:00,PENDING
35657,7,9,150.70,2026-08-09 20:22:00,FAILED
35658,7,11,3819.80,2026-08-22 01:01:00,PENDING
35659,7,13,2896.00,2026-08-07 06:23:00,SUCCESS
35660,1,2,1580.70,2026-08-09 10:28:00,PENDING
35661,3,18,3354.30,2026-08-09 07:16:00,REFUNDED
35662,3,16,444.50,2026-08-14 13:59:00,FAILED
35663,3,18,1085.80,2026-08-28 07:49:00,PENDING
35664,7,12,1043.90,2026-08-09 14:17:00,FAILED
35665,9,19,727.50,2026-08-14 23:48:00,REFUNDED
35666,1,12,4159.90,2026-08-08 05:30:00,REFUNDED
35667,10,4,1442.90,2026-08-14 19:26:00,SUCCESS
35668,8,1,4692.70,2026-08-12 23:10:00,PENDING
35669,2,2,3572.80,2026-08-03 15:14:00,REFUNDED
35670,7,14,1103.60,2026-08-21 10:59:00,SUCCESS
35671,5,5,3945.00,2026-08-22 08:47:00,REFUNDED
35672,6,18,5031.30,2026-08-30 14:00:00,SUCCESS
35673,1,17,235.70,2026-08-04 15:24:00,REFUNDED
35674,2,18,3545.70,2026-08-14 22:41:00,PENDING
35675,2,18,4227.10,2026-08-06 15:45:00,REFUNDED
35676,4,8,3883.10,2026-08-25 16:30:00,REFUNDED
35677,8,14,1656.40,2026-08-19 11:58:00,FAILED
35678,6,14,4097.10,2026-08-13 23:17:00,FAILED
35679,7,2,5005.30,2026-08-31 03:53:00,REFUNDED
35680,1,4,1286.30,2026-08-11 19:27:00,FAILED
35681,5,6,1476.40,2026-08-01 21:45:00,PENDING
35682,9,13,967.30,2026-08-04 12:43:00,FAILED
35683,6,2,2047.80,2026-08-09 22:02:00,REFUNDED
35684,1,1,NOT_A_NUMBER,2026-08-01 12:00:00,SUCCESS
35685,4,19,867.10,2026-08-03 03:24:00,FAILED
35686,10,10,3550.40,2026-08-24 10:24:00,PENDING
35687,7,10,4329.50,2026-08-17 06:52:00,SUCCESS
35688,4,8,2318.50,2026-08-09 08:43:00,FAILED
35689,1,19,4257.50,2026-08-23 18:20:00,REFUNDED
35690,3,11,4394.40,2026-08-20 03:20:00,PENDING
35691,5,6,3907.80,2026-08-09 10:58:00,FAILED
35692,8,10,1179.20,2026-08-14 12:33:00,FAILED
35693,10,12,645.10,2026-08-09 01:32:00,SUCCESS
35694,5,1,2904.20,2026-08-03 05:45:00,SUCCESS
35695,6,12,1739.90,2026-08-06 05:58:00,FAILED
35696,10,20,1751.30,2026-08-21 16:24:00,PENDING
35697,5,13,4338.10,2026-08-02 00:54:00,PENDING
35698,6,10,3362.00,2026-08-20 06:38:00,PENDING
35699,4,14,1637.20,2026-08-03 20:29:00,FAILED
35700,3,6,3525.80,2026-08-15 20:36:00,FAILED
35701,9,12,1005.30,2026-08-11 20:29:00,REFUNDED
35702,8,14,977.80,2026-08-13 17:25:00,FAILED
35703,8,12,2803.00,2026-08-25 02:30:00,PENDING
35704,7,20,4677.70,2026-08-26 11:38:00,SUCCESS
35705,9,14,4459.50,2026-08-21 12:17:00,PENDING
35706,5,18,4639.90,2026-08-06 20:07:00,FAILED
35707,7,11,3191.50,2026-08-06 15:41:00,FAILED
35708,6,2,2372.90,2026-08-24 16:13:00,FAILED
35709,4,12,1403.10,2026-08-05 19:52:00,REFUNDED
35710,5,6,328.60,2026-08-29 03:14:00,FAILED
35711,9,9,2831.10,2026-08-07 14:09:00,SUCCESS
35712,9,3,3750.10,2026-08-18 07:05:00,PENDING
35713,2,13,4769.20,2026-08-10 07:25:00,REFUNDED
35714,10,12,1449.00,2026-08-12 05:30:00,PENDING
35715,3,17,337.80,2026-08-02 23:09:00,FAILED
35716,10,5,2725.90,2026-08-30 09:46:00,FAILED
35717,8,20,2237.90,2026-08-22 10:34:00,REFUNDED
35718,1,3,1734.40,2026-08-10 14:04:00,PENDING
35719,10,10,3716.20,2026-08-08 11:58:00,FAILED
35720,9,18,3054.30,2026-08-08 15:35:00,REFUNDED
35721,10,3,1813.10,2026-08-20 12:57:00,FAILED
35722,5,16,1685.70,2026-08-08 20:57:00,REFUNDED
35723,7,16,4742.90,2026-08-12 18:25:00,FAILED
35724,8,18,768.00,2026-08-17 07:30:00,REFUNDED
35725,4,19,1661.60,2026-08-06 04:04:00,PENDING
35726,2,13,3427.40,2026-08-22 06:02:00,SUCCESS
35727,1,6,3661.70,2026-08-19 09:34:00,PENDING
35728,7,1,907.20,2026-08-03 22:54:00,SUCCESS
35729,9,18,1708.30,2026-08-09 02:23:00,SUCCESS
35730,9,17,985.50,2026-08-20 08:26:00,SUCCESS
35731,4,20,3536.00,2026-08-16 21:14:00,PENDING
35732,7,18,2629.80,2026-08-17 21:39:00,PENDING
35733,4,14,3526.20,2026-08-27 13:44:00,SUCCESS
35734,8,19,4642.80,2026-08-05 17:20:00,SUCCESS
35735,6,5,1126.80,2026-08-09 02:29:00,SUCCESS
35736,5,1,3392.10,2026-08-10 13:33:00,FAILED
35737,10,4,4434.90,2026-08-02 11:35:00,FAILED
35738,3,8,1647.30,2026-08-09 00:35:00,SUCCESS
35739,2,6,870.00,2026-08-05 09:24:00,REFUNDED
35740,7,8,3603.70,2026-08-22 19:34:00,PENDING
35741,8,19,3542.30,2026-08-09 09:13:00,FAILED
35742,9,5,268.50,2026-08-17 00:01:00,FAILED
35743,8,1,277.00,2026-08-29 22:42:00,PENDING
35744,8,17,1429.30,2026-08-02 06:38:00,REFUNDED
35745,6,12,227.90,2026-08-09 22:12:00,REFUNDED
35746,6,13,2205.20,2026-08-13 12:54:00,FAILED
35747,3,10,3648.20,2026-08-20 10:41:00,REFUNDED
35748,6,11,1871.00,2026-08-19 04:51:00,SUCCESS
35749,7,1,1013.60,2026-08-23 17:42:00,PENDING
35750,4,6,1866.20,2026-08-24 17:41:00,REFUNDED
35751,4,18,4105.10,2026-08-13 13:33:00,PENDING
35752,6,20,2862.80,2026-08-23 08:04:00,PENDING
35753,2,13,2904.30,2026-08-27 09:27:00,FAILED
35754,10,4,3552.90,2026-08-25 04:49:00,FAILED
35755,10,2,3453.30,2026-08-26 19:44:00,REFUNDED
35756,4,7,4908.70,2026-08-06 21:45:00,FAILED
35757,5,3,1393.70,2026-08-24 21:13:00,FAILED
35758,6,3,4015.70,2026-08-09 07:09:00,PENDING
35759,7,7,3899.00,2026-08-04 06:26:00,REFUNDED
35760,3,13,3914.30,2026-08-25 20:38:00,FAILED
35761,3,15,2200.60,2026-08-14 14:14:00,REFUNDED
35762,10,14,3247.20,2026-08-19 11:14:00,FAILED
35763,4,7,4084.70,2026-08-13 23:22:00,REFUNDED
35764,3,15,1945.30,2026-08-19 14:08:00,SUCCESS
35765,6,1,2515.00,2026-08-03 19:33:00,REFUNDED
35766,10,4,3715.80,2026-08-11 23:27:00,FAILED
35767,7,7,2915.50,2026-08-21 06:35:00,SUCCESS
35768,2,20,4791.60,2026-08-18 18:09:00,PENDING
35769,1,20,4908.60,2026-08-27 01:26:00,PENDING
35770,4,12,3543.60,2026-08-08 20:14:00,SUCCESS
35771,6,18,2033.40,2026-08-14 04:59:00,REFUNDED
35772,8,14,4993.00,2026-08-24 22:08:00,REFUNDED
35773,10,20,3488.10,2026-08-30 14:38:00,SUCCESS
35774,5,2,2591.80,2026-08-16 04:25:00,FAILED
35775,10,2,157.50,2026-08-29 04:23:00,SUCCESS
35776,7,2,2819.20,2026-08-25 06:23:00,REFUNDED
35777,3,1,2079.80,2026-08-19 01:20:00,SUCCESS
35778,7,18,3553.90,2026-08-12 01:52:00,PENDING
35779,8,17,3335.80,2026-08-23 10:34:00,PENDING
35780,6,9,2436.00,2026-08-23 05:24:00,REFUNDED
35781,3,14,445.70,2026-08-03 13:05:00,FAILED
35782,7,3,3338.20,2026-08-19 12:54:00,FAILED
35783,4,19,2830.10,2026-08-14 10:57:00,REFUNDED
35784,1,3,4851.00,2026-08-22 14:26:00,REFUNDED
35785,9,11,2467.90,2026-08-25 19:36:00,REFUNDED
35786,10,10,4079.10,2026-08-20 11:08:00,REFUNDED
35787,9,14,2705.50,2026-08-04 12:03:00,SUCCESS
35788,8,18,3940.20,2026-08-06 13:02:00,SUCCESS
35789,9,15,1325.60,2026-08-13 07:15:00,REFUNDED
35790,7,4,201.30,2026-08-25 18:22:00,REFUNDED
35791,2,15,1028.90,2026-08-09 05:11:00,SUCCESS
35792,8,4,4649.60,2026-08-15 05:11:00,REFUNDED
35793,3,7,746.50,2026-08-14 15:37:00,SUCCESS
35794,10,1,4800.00,2026-08-29 03:08:00,SUCCESS
35795,3,16,4217.60,2026-08-08 16:08:00,REFUNDED
35796,9,12,4146.80,2026-08-25 01:53:00,SUCCESS
35797,6,4,3144.30,2026-08-05 17:41:00,REFUNDED
35798,6,2,2291.90,2026-08-07 10:25:00,REFUNDED
35799,9,11,2669.90,2026-08-04 14:39:00,PENDING
35800,1,14,2297.60,2026-08-21 17:41:00,FAILED
35801,9,14,3775.40,2026-08-28 18:21:00,REFUNDED
35802,2,13,4674.60,2026-08-08 02:59:00,SUCCESS
35803,7,19,3798.70,2026-08-23 06:06:00,REFUNDED
35804,7,11,2643.90,2026-08-22 09:56:00,PENDING
35805,9,3,831.80,2026-08-06 10:10:00,REFUNDED
35806,3,5,2795.00,2026-08-11 11:49:00,SUCCESS
35807,4,4,2270.10,2026-08-17 17:39:00,SUCCESS
35808,5,16,2573.30,2026-08-19 15:30:00,SUCCESS
35809,4,11,2026.90,2026-08-05 06:02:00,SUCCESS
35810,4,10,3880.80,2026-08-18 00:47:00,SUCCESS
35811,1,1,2528.50,2026-08-26 17:06:00,FAILED
35812,9,13,739.00,2026-08-15 14:19:00,SUCCESS
35813,7,6,2661.30,2026-08-30 11:55:00,SUCCESS
35814,3,9,443.30,2026-08-24 08:33:00,PENDING
35815,5,6,2334.20,2026-08-22 23:54:00,PENDING
35816,8,18,2735.40,2026-08-26 19:43:00,REFUNDED
35817,5,13,4963.80,2026-08-29 23:19:00,REFUNDED
35818,3,9,1431.20,2026-08-28 11:10:00,PENDING
35819,10,20,4002.20,2026-08-15 21:48:00,FAILED
35820,10,17,3887.60,2026-08-28 03:34:00,REFUNDED
35821,5,9,4094.60,2026-08-08 13:00:00,PENDING
35822,2,5,3233.60,2026-08-09 15:43:00,FAILED
35823,5,9,415.20,2026-08-15 09:35:00,REFUNDED
35824,7,12,4199.60,2026-08-21 14:07:00,FAILED
35825,4,15,1189.40,2026-08-05 20:26:00,FAILED
35826,1,13,2216.30,2026-08-09 00:39:00,FAILED
35827,9,7,4627.60,2026-08-23 08:03:00,PENDING
35828,5,19,3738.30,2026-08-16 17:31:00,PENDING
35829,10,19,1847.40,2026-08-28 06:53:00,SUCCESS
35830,5,1,4454.50,2026-08-05 06:22:00,PENDING
35831,7,4,1956.20,2026-08-25 11:15:00,REFUNDED
35832,10,9,4258.20,2026-08-03 20:58:00,SUCCESS
35833,7,10,1855.70,2026-08-12 16:38:00,SUCCESS
35834,1,18,1224.70,2026-08-21 12:23:00,FAILED
35835,5,20,4894.60,2026-08-13 05:17:00,REFUNDED
35836,8,10,3851.90,2026-08-17 14:50:00,SUCCESS
35837,6,12,3344.20,2026-08-18 11:41:00,PENDING
35838,7,20,3567.10,2026-08-25 18:44:00,FAILED
35839,6,9,3013.70,2026-08-25 14:43:00,SUCCESS
35840,5,17,2179.30,2026-08-04 19:24:00,SUCCESS
35841,6,9,3740.60,2026-08-09 05:55:00,PENDING
35842,6,14,974.80,2026-08-05 07:31:00,PENDING
35843,7,15,2765.40,2026-08-22 01:51:00,REFUNDED
35844,6,15,3935.20,2026-08-29 02:21:00,PENDING
35845,10,12,3160.70,2026-08-31 07:55:00,SUCCESS
35846,7,19,4382.70,2026-08-20 17:08:00,FAILED
35847,3,3,410.90,2026-08-03 18:16:00,FAILED
35848,2,17,4172.20,2026-08-20 20:01:00,REFUNDED
35849,2,5,1351.80,2026-08-08 16:16:00,FAILED
35850,6,14,4613.20,2026-08-11 20:06:00,SUCCESS
35851,7,18,2945.30,2026-08-08 15:55:00,PENDING
35852,7,18,2316.90,2026-08-02 23:17:00,PENDING
35853,6,9,2868.50,2026-08-18 02:44:00,REFUNDED
35854,8,12,3937.10,2026-08-04 13:08:00,FAILED
35855,1,20,3645.50,2026-08-23 11:42:00,REFUNDED
35856,1,15,1004.20,2026-08-11 09:16:00,SUCCESS
35857,8,14,4504.30,2026-08-22 04:15:00,FAILED
35858,3,11,4605.80,2026-08-16 20:46:00,FAILED
35859,7,13,1795.50,2026-08-07 00:51:00,FAILED
35860,5,4,4009.20,2026-08-11 16:36:00,REFUNDED
35861,4,15,717.00,2026-08-12 08:40:00,SUCCESS
35862,1,2,2173.50,2026-08-25 14:41:00,FAILED
35863,4,19,144.10,2026-08-28 03:16:00,REFUNDED
35864,3,1,2321.10,2026-08-11 16:48:00,PENDING
35865,7,12,4704.30,2026-08-22 20:05:00,SUCCESS
35866,1,15,1493.80,2026-08-17 12:55:00,FAILED
35867,3,9,3605.10,2026-08-02 08:42:00,REFUNDED
35868,6,7,791.50,2026-08-16 14:49:00,SUCCESS
35869,5,9,1036.60,2026-08-01 08:22:00,PENDING
35870,9,4,2606.80,2026-08-29 02:39:00,PENDING
35871,8,15,3907.50,2026-08-29 00:06:00,FAILED
35872,7,17,3393.60,2026-08-05 09:25:00,FAILED
35873,7,18,763.10,2026-08-18 01:34:00,REFUNDED
35874,5,6,1841.30,2026-08-16 11:41:00,SUCCESS
35875,5,13,617.90,2026-08-23 21:35:00,PENDING
35876,8,6,3162.50,2026-08-14 05:54:00,REFUNDED
35877,4,13,4026.10,2026-08-22 05:24:00,SUCCESS
35878,2,13,260.50,2026-08-20 16:54:00,PENDING
35879,5,16,4319.20,2026-08-06 23:11:00,FAILED
35880,3,9,2222.60,2026-08-20 18:33:00,PENDING
35881,4,2,1527.80,2026-08-06 04:50:00,PENDING
35882,8,8,1007.60,2026-08-09 00:24:00,PENDING
35883,6,15,2952.90,2026-08-15 15:40:00,PENDING
35884,1,9,1079.90,2026-08-14 20:18:00,FAILED
35885,9,18,4462.30,2026-08-24 12:36:00,FAILED
35886,3,12,196.90,2026-08-26 16:37:00,SUCCESS
35887,5,6,3995.10,2026-08-28 12:48:00,FAILED
35888,5,8,3016.30,2026-08-27 02:33:00,PENDING
35889,1,16,1175.80,2026-08-05 23:59:00,PENDING
35890,4,14,1041.50,2026-08-22 14:18:00,FAILED
35891,2,1,4377.10,2026-08-21 02:21:00,SUCCESS
35892,6,20,1273.20,2026-08-07 22:14:00,PENDING
35893,7,15,3840.00,2026-08-04 02:59:00,SUCCESS
35894,10,15,2704.50,2026-08-05 17:17:00,PENDING
35895,7,5,3756.10,2026-08-13 14:58:00,FAILED
35896,4,2,55.60,2026-08-17 17:43:00,PENDING
35897,5,9,4944.80,2026-08-26 21:55:00,REFUNDED
35898,1,6,3429.90,2026-08-01 14:58:00,PENDING
35899,3,17,3935.30,2026-08-15 14:56:00,PENDING
35900,2,9,887.50,2026-08-24 20:20:00,FAILED
35901,4,15,4742.40,2026-08-06 18:07:00,SUCCESS
35902,1,14,1000.20,2026-08-27 03:33:00,REFUNDED
35903,3,3,3833.70,2026-08-27 01:01:00,PENDING
35904,7,18,2411.40,2026-08-09 15:16:00,REFUNDED
35905,10,17,1056.90,2026-08-19 06:05:00,SUCCESS
35906,9,3,1935.90,2026-08-19 01:51:00,SUCCESS
35907,10,9,1156.90,2026-08-26 10:02:00,FAILED
35908,3,13,4224.10,2026-08-30 13:05:00,FAILED
35909,4,20,2406.60,2026-08-01 11:56:00,REFUNDED
35910,8,7,2658.10,2026-08-19 23:46:00,PENDING
35911,8,10,1308.10,2026-08-01 09:11:00,PENDING
35912,8,17,1528.10,2026-08-18 17:10:00,FAILED
35913,1,1,5000,2026-08-01 12:00:00,UNKNOWN_STATUS
35914,4,16,788.60,2026-08-23 09:31:00,PENDING
35915,3,9,2458.40,2026-08-11 14:22:00,SUCCESS
35916,3,15,4259.60,2026-08-12 20:05:00,SUCCESS
35917,7,12,4148.00,2026-08-27 03:48:00,SUCCESS
35918,9,4,4544.00,2026-08-23 01:55:00,FAILED
35919,3,7,1641.60,2026-08-06 03:42:00,FAILED
35920,2,10,4957.50,2026-08-15 22:39:00,FAILED
35921,3,10,3768.10,2026-08-08 18:18:00,REFUNDED
35922,1,6,1151.20,2026-08-31 05:24:00,REFUNDED
35923,4,2,1600.50,2026-08-02 19:10:00,SUCCESS
35924,4,9,4134.80,2026-08-22 13:35:00,REFUNDED
35925,4,20,3952.30,2026-08-22 13:00:00,REFUNDED
35926,10,2,3323.50,2026-08-25 23:00:00,FAILED
35927,1,8,1278.00,2026-08-28 03:29:00,FAILED
35928,2,3,3339.80,2026-08-21 07:46:00,REFUNDED
35929,9,14,2416.90,2026-08-05 12:26:00,REFUNDED
35930,9,14,829.90,2026-08-29 07:04:00,SUCCESS
35931,9,13,3740.30,2026-08-12 06:51:00,REFUNDED
35932,6,11,2827.40,2026-08-21 06:35:00,SUCCESS
35933,6,18,3946.00,2026-08-22 21:19:00,SUCCESS
35934,5,9,2714.50,2026-08-14 05:35:00,FAILED
35935,7,20,2753.30,2026-08-20 14:07:00,REFUNDED
35936,6,4,769.60,2026-08-09 23:25:00,REFUNDED
35937,1,19,568.90,2026-08-27 00:07:00,REFUNDED
35938,3,16,1718.10,2026-08-21 19:29:00,SUCCESS
35939,7,2,1182.70,2026-08-07 03:37:00,REFUNDED
35940,4,2,2205.80,2026-08-15 20:39:00,PENDING
35941,2,16,2883.90,2026-08-05 01:17:00,REFUNDED
35942,4,9,762.50,2026-08-08 18:56:00,REFUNDED
35943,6,13,3069.60,2026-08-27 06:34:00,PENDING
35944,2,1,3855.70,2026-08-06 21:57:00,REFUNDED
35945,9,18,4132.80,2026-08-10 00:40:00,FAILED
35946,8,7,682.90,2026-08-16 17:20:00,SUCCESS
35947,1,1,2249.00,2026-08-04 19:28:00,REFUNDED
35948,6,1,4105.30,2026-08-02 12:20:00,REFUNDED
35949,4,3,3763.80,2026-08-31 07:44:00,FAILED
35950,10,10,1047.00,2026-08-11 16:38:00,FAILED
35951,2,18,2997.30,2026-08-27 05:43:00,FAILED
35952,6,13,2900.90,2026-08-14 11:28:00,SUCCESS
35953,2,16,2957.50,2026-08-14 11:07:00,SUCCESS
35954,8,15,162.20,2026-08-09 16:10:00,PENDING
35955,3,10,4378.40,2026-08-23 07:18:00,REFUNDED
35956,4,19,1822.70,2026-08-27 02:39:00,REFUNDED
35957,3,14,1732.40,2026-08-13 06:12:00,FAILED
35958,8,12,4143.30,2026-08-20 00:17:00,FAILED
35959,9,4,5016.70,2026-08-08 12:06:00,SUCCESS
35960,4,8,909.90,2026-08-24 06:44:00,PENDING
35961,5,5,71.10,2026-08-04 22:53:00,PENDING
35962,1,10,4565.60,2026-08-06 03:20:00,SUCCESS
35963,3,8,4979.60,2026-08-10 15:46:00,REFUNDED
35964,10,3,4495.80,2026-08-30 18:19:00,SUCCESS
35965,4,4,2178.80,2026-08-03 20:06:00,PENDING
35966,10,19,4047.80,2026-08-20 19:55:00,REFUNDED
35967,2,7,3121.40,2026-08-29 02:16:00,PENDING
35968,2,2,861.90,2026-08-06 22:49:00,REFUNDED
35969,2,17,2017.00,2026-08-07 08:57:00,REFUNDED
35970,2,7,2359.60,2026-08-25 22:49:00,SUCCESS
35971,1,18,3864.00,2026-08-13 06:03:00,REFUNDED
35972,7,3,3241.10,2026-08-27 12:04:00,REFUNDED
35973,4,2,1667.40,2026-08-02 23:10:00,REFUNDED
35974,3,20,4845.30,2026-08-15 16:38:00,FAILED
35975,7,3,2554.40,2026-08-20 08:16:00,SUCCESS
35976,10,15,4563.10,2026-08-08 02:06:00,REFUNDED
35977,7,7,1204.20,2026-08-25 03:42:00,FAILED
35978,4,6,2614.90,2026-08-04 06:04:00,SUCCESS
35979,4,18,3491.00,2026-08-23 09:08:00,PENDING
35980,1,16,2640.00,2026-08-15 01:57:00,SUCCESS
35981,5,1,1853.30,2026-08-04 13:45:00,PENDING
35982,7,6,3425.80,2026-08-10 03:56:00,PENDING
35983,1,10,999.20,2026-08-23 15:18:00,PENDING
35984,9,13,2588.50,2026-08-23 12:07:00,REFUNDED
35985,5,17,1454.70,2026-08-21 05:39:00,REFUNDED
35986,9,9,4728.90,2026-08-23 07:17:00,REFUNDED
35987,8,11,1537.70,2026-08-20 21:28:00,PENDING
35988,9,14,4346.00,2026-08-04 05:33:00,PENDING
35989,3,2,4004.50,2026-08-08 13:17:00,SUCCESS
35990,5,15,2795.30,2026-08-23 12:57:00,PENDING
35991,6,17,4267.30,2026-08-15 07:07:00,REFUNDED
35992,7,1,2255.00,2026-08-23 10:19:00,REFUNDED
35993,2,7,1948.50,2026-08-03 07:00:00,REFUNDED
35994,2,5,4625.30,2026-08-11 19:19:00,SUCCESS
35995,1,19,3615.20,2026-08-01 20:59:00,REFUNDED
35996,5,20,1378.70,2026-08-02 08:45:00,SUCCESS
35997,10,8,1732.80,2026-08-04 19:10:00,FAILED
35998,10,9,4906.70,2026-08-23 16:16:00,SUCCESS
35999,9,10,4824.40,2026-08-30 23:49:00,REFUNDED
36000,7,13,3229.60,2026-08-07 02:43:00,REFUNDED
36001,6,13,1648.50,2026-08-18 00:52:00,PENDING
36002,10,7,3619.80,2026-08-07 09:13:00,FAILED
36003,9,7,2962.30,2026-08-09 03:25:00,PENDING
36004,3,2,4979.90,2026-08-03 02:55:00,FAILED
36005,9,18,5048.20,2026-08-26 13:15:00,FAILED
36006,3,1,1016.10,2026-08-27 11:34:00,REFUNDED
36007,10,3,511.60,2026-08-02 17:44:00,REFUNDED
36008,6,1,4951.80,2026-08-02 08:11:00,PENDING
36009,8,18,623.50,2026-08-23 06:12:00,FAILED
36010,5,11,1069.70,2026-08-27 03:36:00,FAILED
36011,7,1,3076.60,2026-08-27 09:23:00,PENDING
36012,5,1,4599.60,2026-08-13 05:55:00,FAILED
36013,7,20,2854.60,2026-08-05 03:05:00,SUCCESS
36014,7,17,1932.70,2026-08-30 04:10:00,FAILED
36015,10,15,4756.20,2026-08-09 16:07:00,PENDING
36016,3,3,4717.80,2026-08-22 07:36:00,SUCCESS
36017,3,11,1065.00,2026-08-06 15:32:00,REFUNDED
36018,5,16,232.10,2026-08-02 01:04:00,FAILED
36019,6,3,3759.00,2026-08-16 19:55:00,REFUNDED
36020,4,7,2844.50,2026-08-26 10:52:00,PENDING
36021,8,13,710.60,2026-08-18 08:17:00,PENDING
36022,5,11,2809.80,2026-08-03 11:37:00,PENDING
36023,3,15,78.90,2026-08-06 23:25:00,FAILED
36024,9,8,4101.70,2026-08-30 13:09:00,SUCCESS
36025,5,4,866.90,2026-08-10 02:41:00,FAILED
36026,4,19,187.90,2026-08-20 03:57:00,SUCCESS
36027,1,1,5000,2026-08-01 12:00:00,UNKNOWN_STATUS
36028,6,2,4501.80,2026-08-21 00:33:00,REFUNDED
36029,4,13,1661.10,2026-08-17 04:59:00,PENDING
36030,4,8,163.90,2026-08-20 23:48:00,SUCCESS
36031,9,14,3803.50,2026-08-16 04:46:00,PENDING
36032,7,1,4403.30,2026-08-06 11:50:00,REFUNDED
36033,5,11,349.40,2026-08-25 21:24:00,REFUNDED
36034,4,16,2806.90,2026-08-28 03:21:00,PENDING
36035,1,5,2253.20,2026-08-15 15:34:00,SUCCESS
36036,2,2,1131.00,2026-08-01 11:32:00,REFUNDED
36037,3,2,3341.50,2026-08-18 15:01:00,SUCCESS
36038,1,4,3854.50,2026-08-24 13:09:00,SUCCESS
36039,2,11,2514.60,2026-08-24 18:37:00,REFUNDED
36040,7,14,1986.50,2026-08-13 22:10:00,SUCCESS
36041,2,18,1491.60,2026-08-24 18:59:00,FAILED
36042,2,16,4529.90,2026-08-09 00:17:00,PENDING
36043,9,20,3891.70,2026-08-04 01:27:00,FAILED
36044,4,7,1561.70,2026-08-11 20:30:00,REFUNDED
36045,3,5,2075.60,2026-08-27 19:34:00,FAILED
36046,3,14,4826.20,2026-08-26 20:47:00,REFUNDED
36047,7,16,2931.30,2026-08-25 10:35:00,REFUNDED
36048,5,10,3999.90,2026-08-02 14:31:00,PENDING
36049,10,10,3500.70,2026-08-18 06:18:00,PENDING
36050,7,17,5036.10,2026-08-16 17:51:00,REFUNDED
36051,5,20,2416.20,2026-08-17 06:00:00,SUCCESS
36052,8,5,1987.80,2026-08-17 20:35:00,SUCCESS
36053,10,16,3141.80,2026-08-08 03:35:00,FAILED
36054,1,5,3618.80,2026-08-27 13:02:00,REFUNDED
36055,5,4,1603.60,2026-08-07 06:16:00,PENDING
36056,8,7,570.00,2026-08-14 05:30:00,FAILED
36057,2,12,3889.90,2026-08-10 20:26:00,SUCCESS
36058,9,2,3137.90,2026-08-14 11:07:00,PENDING
36059,8,3,2336.40,2026-08-11 19:08:00,PENDING
36060,1,12,1245.40,2026-08-14 20:46:00,SUCCESS
36061,3,9,4268.10,2026-08-15 07:02:00,SUCCESS
36062,2,14,2792.70,2026-08-07 22:44:00,PENDING
36063,6,7,3422.30,2026-08-26 23:44:00,REFUNDED
36064,10,1,2888.80,2026-08-26 10:02:00,FAILED
36065,8,15,1576.80,2026-08-04 20:58:00,REFUNDED
36066,3,2,1959.80,2026-08-29 00:02:00,SUCCESS
36067,1,9,4739.90,2026-08-02 08:08:00,SUCCESS
36068,8,15,1361.70,2026-08-21 02:38:00,REFUNDED
36069,7,7,1931.10,2026-08-14 06:47:00,SUCCESS
36070,5,8,1491.70,2026-08-04 10:01:00,FAILED
36071,4,16,1441.20,2026-08-19 18:28:00,REFUNDED
36072,3,10,2256.80,2026-08-17 19:08:00,REFUNDED
36073,3,16,2523.40,2026-08-08 21:22:00,FAILED
36074,6,20,2122.00,2026-08-08 23:14:00,FAILED
36075,1,100.00
36076,1,8,2347.40,2026-08-03 21:54:00,SUCCESS
36077,9,13,2997.20,2026-08-19 19:11:00,PENDING
36078,9,16,3729.60,2026-08-25 14:34:00,PENDING
36079,1,3,4054.00,2026-08-26 23:10:00,REFUNDED
36080,6,20,1327.00,2026-08-25 16:42:00,FAILED
36081,5,5,2644.10,2026-08-15 15:16:00,SUCCESS
36082,1,1,5000,INVALID_DATE_TIME,SUCCESS
36083,4,12,1152.70,2026-08-13 03:55:00,REFUNDED
36084,2,11,917.30,2026-08-06 14:53:00,SUCCESS
36085,7,5,1178.70,2026-08-28 15:43:00,FAILED
36086,7,7,3975.90,2026-08-01 20:27:00,FAILED
36087,4,15,2018.20,2026-08-17 22:58:00,REFUNDED
36088,2,13,743.60,2026-08-23 04:13:00,SUCCESS
36089,6,1,197.70,2026-08-14 22:46:00,FAILED
36090,2,17,524.90,2026-08-17 06:28:00,SUCCESS
36091,8,18,3405.50,2026-08-24 15:40:00,REFUNDED
36092,8,9,2122.70,2026-08-15 01:44:00,SUCCESS
36093,7,19,950.20,2026-08-10 00:37:00,PENDING
36094,8,10,605.20,2026-08-08 14:41:00,PENDING
36095,7,6,5033.10,2026-08-26 12:04:00,FAILED
36096,3,9,1335.70,2026-08-19 21:07:00,FAILED
36097,6,14,3861.60,2026-08-17 07:09:00,FAILED
36098,9,5,3665.80,2026-08-20 04:33:00,FAILED
36099,6,4,2017.50,2026-08-28 03:36:00,PENDING
36100,9,19,4577.40,2026-08-14 14:54:00,SUCCESS
36101,1,18,507.00,2026-08-14 17:54:00,PENDING
36102,3,5,553.70,2026-08-17 19:30:00,PENDING
36103,9,18,2124.30,2026-08-06 06:22:00,REFUNDED
36104,1,7,929.90,2026-08-03 07:49:00,FAILED
36105,2,12,2874.60,2026-08-08 04:51:00,FAILED
36106,1,4,4746.70,2026-08-21 06:25:00,REFUNDED
36107,8,18,3774.70,2026-08-30 20:27:00,FAILED
36108,1,10,623.20,2026-08-26 17:10:00,FAILED
36109,2,11,3283.60,2026-08-16 07:43:00,PENDING
36110,9,13,1785.90,2026-08-08 23:04:00,SUCCESS
36111,8,4,2338.20,2026-08-02 15:00:00,SUCCESS
36112,3,17,3502.70,2026-08-01 22:23:00,PENDING
36113,5,4,2033.20,2026-08-04 23:34:00,REFUNDED
36114,3,19,346.10,2026-08-27 16:27:00,SUCCESS
36115,3,4,2873.80,2026-08-29 03:04:00,FAILED
36116,1,10,963.80,2026-08-29 10:58:00,REFUNDED
36117,8,16,4839.70,2026-08-15 16:06:00,FAILED
36118,7,2,4330.30,2026-08-12 13:01:00,SUCCESS
36119,6,4,859.00,2026-08-04 05:26:00,PENDING
36120,6,10,2389.20,2026-08-30 16:41:00,FAILED
36121,10,5,821.00,2026-08-28 19:36:00,REFUNDED
36122,3,17,4050.90,2026-08-14 16:16:00,PENDING
36123,2,3,2083.10,2026-08-13 16:09:00,SUCCESS
36124,3,9,3112.00,2026-08-17 06:35:00,SUCCESS
36125,9,17,2563.20,2026-08-14 23:18:00,SUCCESS
36126,10,18,4753.40,2026-08-18 23:32:00,SUCCESS
36127,2,3,2735.20,2026-08-15 19:39:00,PENDING
36128,3,8,1229.60,2026-08-13 17:12:00,SUCCESS
36129,1,1,5000,2026-08-01 12:00:00,UNKNOWN_STATUS
36130,6,14,3182.70,2026-08-09 18:17:00,FAILED
36131,2,12,2476.50,2026-08-17 07:25:00,SUCCESS
36132,4,2,4085.90,2026-08-02 00:10:00,FAILED
36133,3,18,613.30,2026-08-19 02:13:00,FAILED
36134,5,1,3041.80,2026-08-13 01:12:00,REFUNDED
36135,9,3,1050.00,2026-08-11 18:10:00,PENDING
36136,1,17,3981.90,2026-08-23 22:23:00,SUCCESS
36137,2,3,734.40,2026-08-03 18:45:00,PENDING
36138,7,8,4464.50,2026-08-21 07:20:00,FAILED
36139,2,9,2601.20,2026-08-06 10:44:00,PENDING
36140,7,20,2909.10,2026-08-04 03:00:00,FAILED
36141,7,8,124.10,2026-08-13 03:49:00,FAILED
36142,6,7,4911.10,2026-08-25 03:43:00,SUCCESS
36143,9,3,2885.80,2026-08-25 09:13:00,REFUNDED
36144,1,1,901.30,2026-08-29 11:27:00,PENDING
36145,10,7,3063.90,2026-08-23 13:47:00,PENDING
36146,10,18,3707.00,2026-08-30 19:24:00,PENDING
36147,1,6,2056.40,2026-08-07 17:59:00,PENDING
36148,10,7,1320.10,2026-08-28 21:34:00,PENDING
36149,4,4,2078.20,2026-08-09 23:37:00,PENDING
36150,1,100.00
36151,2,14,4768.50,2026-08-13 04:57:00,SUCCESS
36152,4,6,2622.30,2026-08-25 00:12:00,FAILED
36153,3,15,4313.60,2026-08-29 18:01:00,REFUNDED
36154,6,1,79.90,2026-08-16 15:41:00,FAILED
36155,2,7,472.30,2026-08-28 15:18:00,REFUNDED
36156,7,16,2547.80,2026-08-09 19:29:00,SUCCESS
36157,10,18,4209.90,2026-08-14 12:38:00,REFUNDED
36158,10,12,1210.20,2026-08-24 19:04:00,REFUNDED
36159,10,5,1105.10,2026-08-15 21:22:00,SUCCESS
36160,10,6,3347.70,2026-08-25 09:25:00,PENDING
36161,2,1,570.50,2026-08-14 13:05:00,REFUNDED
36162,7,11,4858.30,2026-08-18 23:19:00,REFUNDED
36163,3,3,4121.90,2026-08-25 01:04:00,PENDING
36164,1,1,5000,2026-08-01 12:00:00,UNKNOWN_STATUS
36165,3,15,1622.40,2026-08-11 19:48:00,FAILED
36166,7,2,3874.70,2026-08-27 22:17:00,SUCCESS
36167,3,4,4720.20,2026-08-16 10:53:00,REFUNDED
36168,6,15,1911.40,2026-08-24 07:08:00,PENDING
36169,9,14,2831.90,2026-08-20 10:40:00,REFUNDED
36170,6,17,1255.30,2026-08-19 00:23:00,SUCCESS
36171,2,14,4935.40,2026-08-09 16:43:00,SUCCESS
36172,7,14,1740.00,2026-08-28 11:36:00,REFUNDED
36173,7,9,2729.90,2026-08-13 00:56:00,SUCCESS
36174,10,14,2477.50,2026-08-17 10:25:00,FAILED
36175,3,5,4590.10,2026-08-03 06:45:00,FAILED
36176,2,13,1608.30,2026-08-06 22:53:00,FAILED
36177,2,8,868.20,2026-08-08 02:00:00,FAILED
36178,5,17,437.90,2026-08-03 02:43:00,PENDING
36179,7,15,3437.70,2026-08-16 07:19:00,SUCCESS
36180,7,8,3933.90,2026-08-03 19:31:00,SUCCESS
36181,5,11,4796.40,2026-08-15 21:24:00,REFUNDED
36182,1,10,1321.70,2026-08-09 18:06:00,PENDING
36183,10,20,3750.60,2026-08-11 11:16:00,FAILED
36184,3,16,1825.90,2026-08-13 17:32:00,REFUNDED
36185,3,7,2860.80,2026-08-23 04:03:00,SUCCESS
36186,10,16,531.60,2026-08-16 22:21:00,PENDING
36187,9,13,1793.00,2026-08-09 02:47:00,SUCCESS
36188,10,19,269.30,2026-08-18 21:53:00,FAILED
36189,4,18,619.00,2026-08-03 21:16:00,PENDING
36190,7,5,1220.80,2026-08-31 00:34:00,PENDING
36191,4,8,4411.10,2026-08-10 02:21:00,FAILED
36192,5,8,4617.90,2026-08-11 20:31:00,PENDING
36193,5,12,4596.00,2026-08-24 12:51:00,SUCCESS
36194,5,15,5045.70,2026-08-09 15:33:00,PENDING
36195,5,10,1351.40,2026-08-18 15:44:00,REFUNDED
36196,4,20,5049.60,2026-08-06 15:04:00,SUCCESS
36197,4,20,3647.50,2026-08-31 06:09:00,REFUNDED
36198,7,1,1794.30,2026-08-15 17:54:00,SUCCESS
36199,3,8,2911.50,2026-08-22 15:33:00,PENDING
36200,7,4,155.40,2026-08-25 18:07:00,FAILED
36201,1,10,3167.10,2026-08-19 14:53:00,SUCCESS
36202,2,12,2437.10,2026-08-25 22:06:00,FAILED
36203,5,19,152.80,2026-08-13 00:26:00,SUCCESS
36204,1,20,1656.00,2026-08-04 12:13:00,REFUNDED
36205,8,5,4140.90,2026-08-18 13:09:00,SUCCESS
36206,1,11,2742.20,2026-08-02 18:33:00,SUCCESS
36207,2,13,4680.60,2026-08-03 06:45:00,FAILED
36208,4,18,2982.10,2026-08-13 18:50:00,REFUNDED
36209,10,5,5048.60,2026-08-09 17:26:00,FAILED
36210,2,6,1855.30,2026-08-23 15:31:00,FAILED
36211,1,1,5000,2026-08-01 12:00:00,UNKNOWN_STATUS
36212,9,10,2594.30,2026-08-01 14:58:00,PENDING
36213,1,20,4146.60,2026-08-16 12:47:00,FAILED
36214,1,6,2633.00,2026-08-07 04:10:00,SUCCESS
36215,1,1,NOT_A_NUMBER,2026-08-01 12:00:00,SUCCESS
36216,5,9,4280.00,2026-08-19 04:36:00,FAILED
36217,3,3,4036.70,2026-08-25 16:20:00,PENDING
36218,8,7,3568.40,2026-08-24 08:41:00,FAILED
36219,3,13,2215.70,2026-08-11 06:15:00,FAILED
36220,5,18,479.50,2026-08-03 00:07:00,REFUNDED
36221,5,19,670.40,2026-08-10 09:29:00,PENDING
36222,3,1,1793.10,2026-08-20 12:58:00,REFUNDED
36223,5,16,3058.50,2026-08-02 13:01:00,SUCCESS
36224,5,5,3689.40,2026-08-31 04:22:00,PENDING
36225,8,19,1101.00,2026-08-22 23:48:00,FAILED
36226,3,1,3514.20,2026-08-05 02:31:00,FAILED
36227,7,10,1436.70,2026-08-20 12:33:00,REFUNDED
36228,1,1,2415.50,2026-08-02 13:43:00,REFUNDED
36229,5,3,850.90,2026-08-08 14:21:00,PENDING
36230,1,8,3539.70,2026-08-26 23:53:00,PENDING
36231,9,1,658.50,2026-08-09 01:14:00,REFUNDED
36232,9,15,3868.00,2026-08-16 11:06:00,REFUNDED
36233,9,1,733.10,2026-08-26 01:56:00,SUCCESS
36234,8,11,2419.70,2026-08-28 20:58:00,SUCCESS
36235,3,12,1241.90,2026-08-29 13:34:00,SUCCESS
36236,2,3,1029.80,2026-08-10 00:40:00,PENDING
36237,4,14,3837.90,2026-08-17 15:12:00,SUCCESS
36238,8,10,4874.60,2026-08-05 04:17:00,SUCCESS
36239,2,1,3941.30,2026-08-11 18:10:00,PENDING
36240,1,20,3685.50,2026-08-01 08:32:00,SUCCESS
36241,10,3,2595.00,2026-08-24 16:18:00,SUCCESS
36242,9,1,3495.70,2026-08-17 10:46:00,PENDING
36243,8,9,4948.90,2026-08-27 01:58:00,REFUNDED
36244,10,7,2441.00,2026-08-28 21:05:00,PENDING
36245,8,5,3028.30,2026-08-22 09:15:00,REFUNDED
36246,4,7,4349.70,2026-08-22 04:46:00,REFUNDED
36247,7,5,2910.10,2026-08-31 04:09:00,SUCCESS
36248,10,18,4051.20,2026-08-21 17:17:00,FAILED
36249,1,3,4233.40,2026-08-03 00:51:00,SUCCESS
36250,9,19,377.00,2026-08-05 17:46:00,REFUNDED
36251,6,18,1906.50,2026-08-07 21:00:00,FAILED
36252,4,11,773.50,2026-08-07 05:49:00,SUCCESS
36253,4,5,543.10,2026-08-14 14:41:00,SUCCESS
36254,2,20,1847.00,2026-08-04 13:12:00,SUCCESS
36255,8,16,1092.70,2026-08-25 21:26:00,REFUNDED
36256,7,11,1966.10,2026-08-05 15:58:00,FAILED
36257,2,12,5009.20,2026-08-20 00:34:00,REFUNDED
36258,3,1,1977.60,2026-08-02 18:26:00,PENDING
36259,2,8,4014.70,2026-08-16 07:05:00,PENDING
36260,4,13,531.40,2026-08-10 01:42:00,PENDING
36261,4,14,3720.30,2026-08-19 19:57:00,PENDING
36262,6,18,2495.90,2026-08-27 18:35:00,SUCCESS
36263,5,15,2168.10,2026-08-21 13:56:00,SUCCESS
36264,6,12,4757.70,2026-08-16 05:17:00,PENDING
36265,9,15,307.70,2026-08-19 05:08:00,PENDING
36266,8,12,2765.30,2026-08-03 12:15:00,REFUNDED
36267,10,17,4375.80,2026-08-28 00:14:00,FAILED
36268,10,6,1337.40,2026-08-07 22:30:00,SUCCESS
36269,9,10,2401.40,2026-08-29 05:37:00,SUCCESS
36270,8,6,2149.40,2026-08-24 00:15:00,SUCCESS
36271,10,1,2200.90,2026-08-31 02:52:00,FAILED
36272,3,14,3021.60,2026-08-26 09:31:00,PENDING
36273,8,17,3386.50,2026-08-14 08:04:00,PENDING
36274,10,17,625.30,2026-08-22 18:21:00,REFUNDED
36275,9,13,1935.90,2026-08-22 07:39:00,SUCCESS
36276,3,15,4326.60,2026-08-19 13:19:00,PENDING
36277,1,11,137.70,2026-08-17 12:22:00,FAILED
36278,5,6,2200.70,2026-08-15 14:22:00,PENDING
36279,1,20,4130.20,2026-08-08 09:10:00,FAILED
36280,10,19,4425.10,2026-08-30 03:16:00,REFUNDED
36281,9,10,1340.70,2026-08-31 04:48:00,PENDING
36282,10,11,5004.40,2026-08-30 15:50:00,PENDING
36283,4,1,2136.30,2026-08-09 00:44:00,SUCCESS
36284,3,16,430.10,2026-08-10 23:51:00,PENDING
36285,8,20,2261.60,2026-08-23 08:00:00,REFUNDED
36286,2,15,2223.80,2026-08-04 07:11:00,FAILED
36287,1,12,3474.50,2026-08-19 00:01:00,REFUNDED
36288,3,11,3751.20,2026-08-13 03:49:00,SUCCESS
36289,1,5,3983.70,2026-08-23 14:50:00,REFUNDED
36290,6,14,2039.70,2026-08-09 23:37:00,REFUNDED
36291,1,10,3557.90,2026-08-25 08:29:00,SUCCESS
36292,5,17,1658.10,2026-08-03 13:34:00,PENDING
36293,4,7,3196.50,2026-08-23 23:04:00,SUCCESS
36294,10,1,307.90,2026-08-18 20:54:00,PENDING
36295,1,1,5000,INVALID_DATE_TIME,SUCCESS
36296,8,13,1698.20,2026-08-16 06:51:00,PENDING
36297,9,3,668.40,2026-08-12 19:23:00,FAILED
36298,2,18,4077.10,2026-08-17 20:42:00,FAILED
36299,3,10,4126.30,2026-08-15 00:47:00,PENDING
36300,5,18,1271.80,2026-08-24 20:58:00,PENDING
36301,9,15,3384.70,2026-08-07 21:51:00,PENDING
36302,1,2,2253.70,2026-08-16 04:17:00,SUCCESS
36303,2,8,3603.50,2026-08-30 21:58:00,PENDING
36304,9,13,4266.90,2026-08-02 23:59:00,SUCCESS
36305,9,5,2635.10,2026-08-09 00:30:00,SUCCESS
36306,1,9,3303.00,2026-08-19 20:03:00,SUCCESS
36307,1,4,4820.50,2026-08-28 12:44:00,REFUNDED
36308,7,6,625.30,2026-08-07 13:28:00,PENDING
36309,2,18,316.40,2026-08-26 08:55:00,FAILED
36310,8,19,621.50,2026-08-07 12:56:00,REFUNDED
36311,6,12,3136.40,2026-08-27 08:11:00,FAILED
36312,2,8,2344.70,2026-08-03 05:39:00,FAILED
36313,5,12,1632.10,2026-08-05 20:32:00,FAILED
36314,1,20,158.00,2026-08-05 10:33:00,SUCCESS
36315,6,5,70.20,2026-08-02 13:07:00,SUCCESS
36316,7,3,2368.80,2026-08-05 22:47:00,SUCCESS
36317,8,11,3639.50,2026-08-13 23:23:00,PENDING
36318,1,5,1344.20,2026-08-01 16:34:00,FAILED
36319,7,18,4474.90,2026-08-19 19:10:00,SUCCESS
36320,7,16,415.70,2026-08-27 04:03:00,FAILED
36321,4,8,3946.80,2026-08-14 10:17:00,FAILED
36322,7,18,3567.40,2026-08-27 21:05:00,FAILED
36323,2,18,4918.00,2026-08-02 13:26:00,SUCCESS
36324,5,9,979.60,2026-08-24 06:30:00,REFUNDED
36325,1,9,954.00,2026-08-02 01:14:00,FAILED
36326,8,7,1743.30,2026-08-06 09:00:00,REFUNDED
36327,1,2,3961.80,2026-08-13 03:10:00,REFUNDED
36328,9,2,3450.20,2026-08-12 21:27:00,SUCCESS
36329,9,4,2982.60,2026-08-25 21:43:00,REFUNDED
36330,6,18,3083.90,2026-08-23 09:49:00,PENDING
36331,7,19,262.00,2026-08-20 12:58:00,SUCCESS
36332,2,19,1638.00,2026-08-05 12:35:00,SUCCESS
36333,3,9,4400.60,2026-08-08 09:33:00,PENDING
36334,3,3,1831.70,2026-08-31 03:04:00,SUCCESS
36335,1,13,1201.30,2026-08-26 06:30:00,FAILED
36336,6,4,430.40,2026-08-09 10:10:00,PENDING
36337,1,12,70.40,2026-08-28 12:39:00,FAILED
36338,6,13,4579.70,2026-08-02 16:23:00,FAILED
36339,6,4,1163.80,2026-08-18 19:53:00,FAILED
36340,4,18,3685.80,2026-08-29 12:43:00,PENDING
36341,6,9,2222.30,2026-08-23 20:15:00,SUCCESS
36342,3,6,3137.20,2026-08-09 04:49:00,SUCCESS
36343,8,17,2857.00,2026-08-07 21:09:00,FAILED
36344,6,17,3789.10,2026-08-08 15:48:00,FAILED
36345,9,7,990.40,2026-08-18 11:33:00,REFUNDED
36346,5,17,3293.20,2026-08-26 17:32:00,REFUNDED
36347,7,18,442.30,2026-08-07 20:54:00,REFUNDED
36348,7,3,2437.40,2026-08-09 11:06:00,REFUNDED
36349,4,15,1143.50,2026-08-10 15:40:00,SUCCESS
36350,9,14,4997.00,2026-08-15 12:05:00,PENDING
36351,4,19,382.70,2026-08-09 14:32:00,FAILED
36352,4,19,3149.20,2026-08-26 06:48:00,SUCCESS
36353,5,9,1991.70,2026-08-15 22:14:00,REFUNDED
36354,2,6,4795.10,2026-08-06 21:49:00,REFUNDED
36355,10,14,2961.80,2026-08-23 00:43:00,FAILED
36356,7,19,2259.60,2026-08-04 14:51:00,REFUNDED
36357,8,11,721.90,2026-08-16 01:28:00,PENDING
36358,1,1,NOT_A_NUMBER,2026-08-01 12:00:00,SUCCESS
36359,5,2,3694.40,2026-08-06 18:03:00,REFUNDED
36360,4,15,707.80,2026-08-01 23:35:00,PENDING
36361,10,17,2049.70,2026-08-05 14:46:00,FAILED
36362,3,6,3705.30,2026-08-29 05:44:00,REFUNDED
36363,1,1,NOT_A_NUMBER,2026-08-01 12:00:00,SUCCESS
36364,3,20,830.90,2026-08-09 11:29:00,FAILED
36365,9,1,125.20,2026-08-01 17:05:00,FAILED
36366,1,4,562.50,2026-08-16 15:33:00,FAILED
36367,4,5,4069.50,2026-08-26 08:08:00,PENDING
36368,1,1,NOT_A_NUMBER,2026-08-01 12:00:00,SUCCESS
36369,5,17,2242.50,2026-08-28 21:55:00,SUCCESS
36370,9,4,3688.90,2026-08-11 10:14:00,REFUNDED
36371,4,16,2715.90,2026-08-10 23:29:00,SUCCESS
36372,9,19,2646.20,2026-08-19 02:58:00,PENDING
36373,5,1,739.40,2026-08-27 04:58:00,REFUNDED
36374,7,3,259.10,2026-08-13 06:57:00,PENDING
36375,3,17,1270.40,2026-08-21 19:15:00,REFUNDED
36376,4,5,4542.10,2026-08-20 23:58:00,SUCCESS
36377,1,1,5000,2026-08-01 12:00:00,UNKNOWN_STATUS
36378,9,1,196.80,2026-08-10 07:18:00,FAILED
36379,10,2,4841.10,2026-08-18 00:30:00,FAILED
36380,3,3,1997.90,2026-08-22 23:54:00,FAILED
36381,10,1,2672.10,2026-08-29 18:38:00,REFUNDED
36382,4,16,1601.60,2026-08-02 15:53:00,PENDING
36383,9,16,4883.90,2026-08-16 02:03:00,PENDING
36384,2,6,1565.60,2026-08-04 01:35:00,SUCCESS
36385,4,9,4650.20,2026-08-15 21:34:00,PENDING
36386,7,5,800.00,2026-08-21 04:17:00,PENDING
36387,7,1,277.50,2026-08-08 22:14:00,FAILED
36388,10,6,1833.90,2026-08-15 19:40:00,REFUNDED
36389,5,20,3695.20,2026-08-08 14:20:00,FAILED
36390,6,7,2307.90,2026-08-03 17:34:00,SUCCESS
36391,7,8,2685.90,2026-08-14 07:32:00,PENDING
36392,4,8,1523.40,2026-08-24 15:53:00,REFUNDED
36393,6,5,3749.60,2026-08-08 21:36:00,PENDING
36394,1,8,4368.10,2026-08-26 01:29:00,PENDING
36395,5,12,1668.60,2026-08-28 04:16:00,REFUNDED
36396,3,14,3942.20,2026-08-26 13:00:00,REFUNDED
36397,9,6,2534.80,2026-08-11 18:59:00,REFUNDED
36398,7,14,2688.90,2026-08-10 08:41:00,FAILED
36399,8,15,3950.40,2026-08-19 23:13:00,PENDING
36400,4,9,586.10,2026-08-02 16:30:00,SUCCESS
36401,6,19,1790.30,2026-08-23 19:23:00,FAILED
36402,8,15,3750.70,2026-08-21 02:18:00,FAILED
36403,9,16,3909.20,2026-08-15 15:35:00,PENDING
36404,8,16,1251.60,2026-08-03 08:42:00,FAILED
36405,9,15,2393.40,2026-08-02 23:52:00,PENDING
36406,8,11,56.50,2026-08-15 21:16:00,PENDING
36407,3,19,2323.70,2026-08-09 02:57:00,SUCCESS
36408,8,8,151.90,2026-08-27 22:31:00,FAILED
36409,2,18,2127.80,2026-08-08 06:36:00,PENDING
36410,5,3,3190.20,2026-08-18 22:57:00,FAILED
36411,6,15,1654.60,2026-08-14 23:05:00,SUCCESS
36412,6,7,2596.50,2026-08-29 01:47:00,SUCCESS
36413,2,11,2540.80,2026-08-30 19:04:00,PENDING
36414,3,4,2139.60,2026-08-02 15:12:00,SUCCESS
36415,9,9,700.80,2026-08-19 07:48:00,PENDING
36416,1,17,133.40,2026-08-21 20:43:00,SUCCESS
36417,6,18,2782.70,2026-08-01 21:25:00,FAILED
36418,6,2,1442.40,2026-08-24 18:34:00,REFUNDED
36419,7,19,3785.90,2026-08-16 11:23:00,PENDING
36420,6,7,900.10,2026-08-26 15:15:00,SUCCESS
36421,1,19,4063.20,2026-08-28 20:30:00,SUCCESS
36422,2,16,4299.90,2026-08-22 19:59:00,PENDING
36423,4,1,2702.80,2026-08-05 11:40:00,FAILED
36424,7,17,4680.30,2026-08-10 22:30:00,PENDING
36425,1,19,1370.50,2026-08-09 17:31:00,REFUNDED
36426,2,17,4503.50,2026-08-03 15:32:00,PENDING
36427,9,16,179.40,2026-08-05 13:00:00,SUCCESS
36428,2,19,181.90,2026-08-26 23:22:00,FAILED
36429,4,3,2655.50,2026-08-26 03:17:00,FAILED
36430,3,7,3596.50,2026-08-05 12:49:00,SUCCESS
36431,6,1,1556.00,2026-08-31 05:55:00,SUCCESS
36432,2,9,2185.80,2026-08-13 16:54:00,FAILED
36433,10,14,2401.20,2026-08-12 21:41:00,FAILED
36434,1,11,4636.10,2026-08-19 23:20:00,PENDING
36435,1,20,1689.50,2026-08-06 16:32:00,REFUNDED
36436,6,18,2747.80,2026-08-09 07:29:00,PENDING
36437,2,20,2354.10,2026-08-06 23:51:00,SUCCESS
36438,7,9,1701.50,2026-08-10 23:45:00,PENDING
36439,1,3,2896.80,2026-08-12 01:26:00,SUCCESS
36440,4,3,3713.90,2026-08-08 19:58:00,SUCCESS
36441,9,20,1058.20,2026-08-12 11:55:00,PENDING
36442,6,2,1168.10,2026-08-13 21:26:00,SUCCESS
36443,5,10,4841.50,2026-08-13 09:11:00,FAILED
36444,10,17,1943.20,2026-08-16 06:46:00,FAILED
36445,5,10,4155.90,2026-08-04 07:23:00,REFUNDED
36446,8,2,4392.60,2026-08-17 13:57:00,REFUNDED
36447,3,17,1143.50,2026-08-11 18:09:00,REFUNDED
36448,5,7,2393.90,2026-08-27 17:06:00,REFUNDED
36449,5,7,4908.90,2026-08-30 15:25:00,PENDING
36450,9,3,2971.80,2026-08-11 01:07:00,PENDING
36451,2,13,2634.10,2026-08-23 15:30:00,PENDING
36452,9,4,3529.40,2026-08-17 07:26:00,SUCCESS
36453,4,17,507.90,2026-08-12 21:11:00,REFUNDED
36454,8,13,281.30,2026-08-05 20:00:00,SUCCESS
36455,8,1,3538.60,2026-08-20 14:59:00,PENDING
36456,8,20,3302.30,2026-08-27 21:43:00,PENDING
36457,7,2,2745.10,2026-08-08 06:56:00,REFUNDED
36458,3,17,1134.30,2026-08-29 15:16:00,PENDING
36459,8,8,549.60,2026-08-07 23:37:00,REFUNDED
36460,2,18,2165.10,2026-08-07 18:04:00,FAILED
36461,9,9,3358.20,2026-08-29 09:58:00,FAILED
36462,3,17,319.50,2026-08-30 11:42:00,SUCCESS
36463,7,15,482.50,2026-08-07 02:25:00,SUCCESS
36464,5,11,3225.80,2026-08-09 05:05:00,SUCCESS
36465,2,11,2230.10,2026-08-27 05:00:00,REFUNDED
36466,5,6,2829.70,2026-08-10 08:25:00,PENDING
36467,1,20,742.60,2026-08-05 17:51:00,REFUNDED
36468,8,12,2909.80,2026-08-24 12:46:00,SUCCESS
36469,6,9,2233.00,2026-08-16 20:00:00,SUCCESS
36470,1,12,248.80,2026-08-26 15:55:00,REFUNDED
36471,8,5,1405.40,2026-08-11 10:12:00,FAILED
36472,6,3,115.90,2026-08-31 03:07:00,PENDING
36473,6,9,4329.20,2026-08-09 16:30:00,FAILED
36474,2,10,1318.00,2026-08-21 17:29:00,FAILED
36475,9,5,3079.20,2026-08-10 11:01:00,REFUNDED
36476,4,9,3373.20,2026-08-22 00:53:00,SUCCESS
36477,3,6,3486.40,2026-08-19 08:18:00,FAILED
36478,10,4,2023.50,2026-08-19 09:58:00,PENDING
36479,9,11,4463.50,2026-08-14 23:18:00,PENDING
36480,1,10,1797.10,2026-08-05 02:22:00,FAILED
36481,9,13,4610.60,2026-08-03 19:24:00,REFUNDED
36482,10,20,1021.40,2026-08-11 15:02:00,FAILED
36483,1,13,773.40,2026-08-24 13:25:00,FAILED
36484,5,1,4657.40,2026-08-04 08:39:00,FAILED
36485,7,20,2417.40,2026-08-30 19:21:00,FAILED
36486,5,3,4452.70,2026-08-24 17:50:00,FAILED
36487,4,3,4663.40,2026-08-28 00:26:00,FAILED
36488,8,19,1741.60,2026-08-05 00:10:00,REFUNDED
36489,2,12,2317.30,2026-08-21 18:19:00,SUCCESS
36490,9,13,4283.30,2026-08-17 05:46:00,FAILED
36491,1,8,243.00,2026-08-23 02:26:00,REFUNDED
36492,1,1,2673.20,2026-08-17 21:51:00,PENDING
36493,8,10,1769.00,2026-08-12 20:00:00,SUCCESS
36494,8,9,325.70,2026-08-14 16:50:00,FAILED
36495,3,18,3342.10,2026-08-13 00:39:00,SUCCESS
36496,7,19,1387.40,2026-08-19 02:28:00,SUCCESS
36497,6,18,2601.80,2026-08-08 01:53:00,SUCCESS
36498,2,13,507.70,2026-08-13 16:44:00,REFUNDED
36499,2,17,2737.30,2026-08-17 21:47:00,FAILED
36500,10,10,4147.90,2026-08-25 19:23:00,FAILED
36501,4,17,67.60,2026-08-20 21:29:00,PENDING
36502,1,15,3227.00,2026-08-10 10:30:00,PENDING
36503,3,3,1960.30,2026-08-23 22:40:00,FAILED
36504,6,2,3854.80,2026-08-15 16:42:00,REFUNDED
36505,4,2,1940.00,2026-08-30 05:27:00,REFUNDED
36506,2,3,4451.30,2026-08-07 19:52:00,PENDING
36507,6,2,4591.80,2026-08-29 21:17:00,PENDING
36508,1,1,5000,INVALID_DATE_TIME,SUCCESS
36509,4,6,1256.30,2026-08-06 02:26:00,REFUNDED
36510,8,7,4388.20,2026-08-02 06:00:00,PENDING
36511,7,11,634.60,2026-08-23 13:35:00,FAILED
36512,6,10,1155.40,2026-08-24 23:23:00,SUCCESS
36513,6,19,2918.50,2026-08-04 21:39:00,SUCCESS
36514,10,4,4819.80,2026-08-17 01:23:00,REFUNDED
36515,6,7,1275.30,2026-08-27 03:40:00,SUCCESS
36516,5,8,1440.40,2026-08-04 23:57:00,SUCCESS
36517,1,17,1255.20,2026-08-16 05:03:00,PENDING
36518,3,2,2302.60,2026-08-12 12:51:00,PENDING
36519,6,15,1426.60,2026-08-07 12:22:00,PENDING
36520,2,6,3597.50,2026-08-30 15:59:00,REFUNDED
36521,1,11,3409.90,2026-08-01 18:49:00,PENDING
36522,1,6,1636.40,2026-08-02 01:16:00,FAILED
36523,2,5,4501.50,2026-08-14 17:53:00,PENDING
36524,9,12,2772.30,2026-08-20 17:56:00,PENDING
36525,5,7,1150.30,2026-08-08 18:42:00,REFUNDED
36526,6,4,1665.10,2026-08-12 01:05:00,REFUNDED
36527,9,6,790.30,2026-08-05 09:06:00,FAILED
36528,2,16,4237.10,2026-08-03 23:59:00,FAILED
36529,4,5,4233.20,2026-08-24 21:35:00,SUCCESS
36530,8,6,818.20,2026-08-24 14:01:00,PENDING
36531,5,3,3689.70,2026-08-30 02:25:00,REFUNDED
36532,9,13,3154.30,2026-08-12 06:44:00,PENDING
36533,5,7,2277.80,2026-08-03 20:14:00,SUCCESS
36534,6,9,3665.30,2026-08-06 06:26:00,FAILED
36535,7,15,647.20,2026-08-10 02:35:00,FAILED
36536,5,12,1478.50,2026-08-16 05:31:00,SUCCESS
36537,8,9,3515.90,2026-08-29 09:50:00,REFUNDED
36538,2,20,4044.10,2026-08-19 22:21:00,SUCCESS
36539,1,12,3167.20,2026-08-05 12:58:00,REFUNDED
36540,2,6,395.40,2026-08-20 14:58:00,PENDING
36541,5,3,3430.30,2026-08-07 17:49:00,SUCCESS
36542,2,17,1990.80,2026-08-20 19:55:00,REFUNDED
36543,10,1,3307.30,2026-08-08 08:32:00,REFUNDED
36544,4,14,1521.10,2026-08-04 05:30:00,SUCCESS
36545,8,18,3867.90,2026-08-23 22:23:00,FAILED
36546,10,14,3713.50,2026-08-12 20:17:00,PENDING
36547,2,15,1960.00,2026-08-23 21:40:00,PENDING
36548,3,8,2394.40,2026-08-13 06:14:00,REFUNDED
36549,7,18,4983.20,2026-08-16 13:19:00,REFUNDED
36550,6,7,2922.00,2026-08-01 15:51:00,REFUNDED
36551,5,16,423.80,2026-08-07 04:29:00,SUCCESS
36552,8,11,4533.00,2026-08-15 04:07:00,SUCCESS
36553,5,20,4274.40,2026-08-02 14:52:00,REFUNDED
36554,2,18,2304.00,2026-08-20 15:18:00,FAILED
36555,5,12,4546.70,2026-08-04 05:28:00,FAILED
36556,4,19,318.80,2026-08-27 15:48:00,FAILED
36557,7,5,2384.70,2026-08-11 10:09:00,PENDING
36558,5,4,544.80,2026-08-31 05:33:00,FAILED
36559,3,4,2636.90,2026-08-14 23:25:00,REFUNDED
36560,10,4,1053.30,2026-08-09 15:49:00,REFUNDED
36561,9,2,4631.20,2026-08-10 14:38:00,SUCCESS
36562,5,1,4668.40,2026-08-18 03:44:00,REFUNDED
36563,1,1,5000,2026-08-01 12:00:00,UNKNOWN_STATUS
36564,10,8,2686.90,2026-08-06 00:59:00,SUCCESS
36565,8,1,1954.90,2026-08-21 18:14:00,PENDING
36566,1,18,2974.70,2026-08-26 11:21:00,FAILED
36567,1,100.00
36568,10,12,4899.90,2026-08-24 18:38:00,REFUNDED
36569,9,12,1606.10,2026-08-26 11:27:00,REFUNDED
36570,6,8,287.30,2026-08-07 16:56:00,PENDING
36571,6,14,1735.90,2026-08-31 03:31:00,PENDING
36572,3,10,1825.10,2026-08-08 18:18:00,REFUNDED
36573,6,2,2315.60,2026-08-02 16:08:00,PENDING
36574,6,4,1687.00,2026-08-28 09:16:00,REFUNDED
36575,1,19,2890.20,2026-08-20 18:45:00,PENDING
36576,5,9,2664.30,2026-08-26 00:20:00,FAILED
36577,6,17,2610.20,2026-08-26 09:42:00,REFUNDED
36578,4,9,3452.20,2026-08-11 03:19:00,PENDING
36579,6,20,4484.40,2026-08-05 07:09:00,SUCCESS
36580,10,4,2860.00,2026-08-06 01:53:00,SUCCESS
36581,2,6,1582.20,2026-08-29 02:34:00,REFUNDED
36582,1,12,820.60,2026-08-19 15:02:00,FAILED
36583,1,6,4667.20,2026-08-01 22:00:00,REFUNDED
36584,6,1,499.40,2026-08-09 04:38:00,PENDING
36585,5,2,3782.10,2026-08-05 04:10:00,SUCCESS
36586,10,4,113.10,2026-08-20 21:34:00,FAILED
36587,7,1,3179.10,2026-08-30 11:55:00,REFUNDED
36588,3,3,2956.10,2026-08-15 05:22:00,FAILED
36589,9,4,2481.80,2026-08-14 03:26:00,REFUNDED
36590,6,7,2776.70,2026-08-07 05:09:00,PENDING
36591,3,2,1020.80,2026-08-18 17:08:00,SUCCESS
36592,1,2,3635.50,2026-08-03 00:36:00,PENDING
36593,8,14,3092.20,2026-08-21 02:39:00,FAILED
36594,4,14,874.70,2026-08-18 14:36:00,REFUNDED
36595,2,6,4212.60,2026-08-22 22:47:00,SUCCESS
36596,8,11,4104.00,2026-08-09 22:17:00,PENDING
36597,8,11,3572.00,2026-08-12 10:13:00,PENDING
36598,8,2,4048.60,2026-08-17 19:13:00,FAILED
36599,9,20,2788.60,2026-08-25 13:14:00,SUCCESS
36600,10,11,4205.00,2026-08-11 20:42:00,PENDING
36601,8,5,2332.30,2026-08-14 15:28:00,REFUNDED
36602,10,10,1669.70,2026-08-25 18:19:00,REFUNDED
36603,3,18,591.70,2026-08-28 10:33:00,PENDING
36604,7,4,419.80,2026-08-20 22:26:00,REFUNDED
36605,5,1,2519.90,2026-08-19 22:09:00,FAILED
36606,5,4,4201.90,2026-08-09 02:15:00,REFUNDED
36607,1,1,5000,INVALID_DATE_TIME,SUCCESS
36608,1,8,2752.60,2026-08-16 00:11:00,REFUNDED
36609,2,6,2955.40,2026-08-01 21:46:00,FAILED
36610,8,10,4217.60,2026-08-10 20:17:00,SUCCESS
36611,10,9,5034.80,2026-08-21 21:05:00,REFUNDED
36612,6,4,2950.00,2026-08-27 20:04:00,PENDING
36613,4,17,3724.80,2026-08-21 18:45:00,FAILED
36614,4,18,2030.10,2026-08-28 04:58:00,FAILED
36615,3,7,2726.00,2026-08-20 15:36:00,REFUNDED
36616,9,14,3248.60,2026-08-04 20:18:00,REFUNDED
36617,9,17,85.60,2026-08-11 17:18:00,REFUNDED
36618,6,20,3508.70,2026-08-24 21:56:00,FAILED
36619,5,11,2188.10,2026-08-19 04:32:00,PENDING
36620,4,6,345.90,2026-08-26 08:23:00,REFUNDED
36621,5,6,2006.00,2026-08-10 13:21:00,PENDING
36622,10,10,4971.50,2026-08-14 13:42:00,REFUNDED
36623,1,7,402.10,2026-08-27 07:49:00,FAILED
36624,4,5,1807.10,2026-08-12 04:22:00,SUCCESS
36625,8,19,1900.40,2026-08-27 06:41:00,FAILED
36626,8,4,3816.70,2026-08-30 08:55:00,FAILED
36627,10,3,1545.60,2026-08-19 17:37:00,FAILED
36628,2,15,4939.80,2026-08-29 07:49:00,SUCCESS
36629,3,19,1336.90,2026-08-27 09:23:00,PENDING
36630,4,15,4848.60,2026-08-20 10:18:00,SUCCESS
36631,4,6,3537.70,2026-08-25 05:12:00,FAILED
36632,4,3,2097.90,2026-08-15 13:04:00,PENDING
36633,8,15,2556.50,2026-08-02 19:26:00,SUCCESS
36634,6,10,4764.40,2026-08-05 15:31:00,SUCCESS
36635,6,20,3923.50,2026-08-19 04:34:00,FAILED
36636,9,10,4642.50,2026-08-17 23:05:00,SUCCESS
36637,6,20,4286.90,2026-08-26 12:22:00,FAILED
36638,10,9,2835.50,2026-08-25 02:28:00,REFUNDED
36639,5,13,4854.40,2026-08-07 22:27:00,FAILED
36640,10,3,4394.10,2026-08-22 11:39:00,FAILED
36641,1,14,75.60,2026-08-11 07:28:00,PENDING
36642,5,18,4298.10,2026-08-09 10:25:00,SUCCESS
36643,5,9,438.70,2026-08-10 09:07:00,SUCCESS
36644,3,3,2693.60,2026-08-10 21:02:00,REFUNDED
36645,2,2,2667.50,2026-08-21 01:14:00,FAILED
36646,4,12,3039.00,2026-08-07 06:03:00,REFUNDED
36647,3,4,1830.90,2026-08-25 04:14:00,FAILED
36648,7,18,3253.80,2026-08-02 10:16:00,REFUNDED
36649,9,14,409.10,2026-08-26 14:45:00,FAILED
36650,4,11,3405.80,2026-08-14 08:30:00,FAILED
36651,10,20,1909.90,2026-08-15 21:04:00,REFUNDED
36652,8,13,4385.20,2026-08-05 12:51:00,FAILED
36653,8,20,526.70,2026-08-05 03:31:00,REFUNDED
36654,3,17,2180.10,2026-08-09 06:29:00,FAILED
36655,7,12,328.60,2026-08-22 14:50:00,SUCCESS
36656,4,5,93.90,2026-08-27 08:13:00,PENDING
36657,2,1,3142.80,2026-08-25 05:08:00,PENDING
36658,4,12,3189.50,2026-08-09 10:00:00,PENDING
36659,1,1,NOT_A_NUMBER,2026-08-01 12:00:00,SUCCESS
36660,4,12,2841.80,2026-08-17 21:35:00,SUCCESS
36661,10,10,4318.70,2026-08-14 03:38:00,FAILED
36662,4,9,1083.80,2026-08-28 22:16:00,FAILED
36663,6,20,4721.40,2026-08-07 03:39:00,PENDING
36664,5,20,456.90,2026-08-21 19:46:00,SUCCESS
36665,7,9,1122.00,2026-08-02 03:46:00,REFUNDED
36666,8,1,2133.00,2026-08-30 13:47:00,FAILED
36667,5,16,3261.20,2026-08-17 15:22:00,SUCCESS
36668,4,7,710.90,2026-08-20 16:24:00,SUCCESS
36669,3,13,909.50,2026-08-09 21:20:00,REFUNDED
36670,5,15,1929.90,2026-08-08 13:40:00,PENDING
36671,2,17,4751.10,2026-08-03 15:34:00,PENDING
36672,9,8,3276.70,2026-08-19 21:45:00,REFUNDED
36673,7,2,4142.80,2026-08-29 02:03:00,FAILED
36674,4,3,845.50,2026-08-05 05:02:00,FAILED
36675,9,13,3045.80,2026-08-02 23:24:00,PENDING
36676,8,3,2184.10,2026-08-30 10:33:00,PENDING
36677,7,16,3771.60,2026-08-26 14:09:00,REFUNDED
36678,2,4,1635.70,2026-08-04 16:53:00,SUCCESS
36679,6,18,4653.30,2026-08-08 20:43:00,FAILED
36680,10,8,4242.00,2026-08-25 13:18:00,REFUNDED
36681,6,12,4284.90,2026-08-18 20:23:00,PENDING
36682,9,16,2542.60,2026-08-10 12:46:00,SUCCESS
36683,3,8,3988.10,2026-08-26 21:32:00,REFUNDED
36684,10,14,4634.60,2026-08-03 13:57:00,REFUNDED
36685,9,15,2994.90,2026-08-09 07:47:00,SUCCESS
36686,8,17,2408.20,2026-08-24 13:19:00,SUCCESS
36687,8,19,790.10,2026-08-02 18:20:00,FAILED
36688,7,4,2924.00,2026-08-27 19:03:00,SUCCESS
36689,8,9,4066.70,2026-08-22 12:34:00,SUCCESS
36690,7,18,4764.70,2026-08-13 06:40:00,SUCCESS
36691,7,3,3703.50,2026-08-20 10:55:00,FAILED
36692,2,6,3072.70,2026-08-01 21:27:00,FAILED
36693,5,14,4253.70,2026-08-26 09:22:00,REFUNDED
36694,4,14,2872.00,2026-08-13 01:51:00,PENDING
36695,1,8,4402.60,2026-08-19 11:28:00,REFUNDED
36696,10,3,4982.60,2026-08-02 17:03:00,SUCCESS
36697,6,17,3836.00,2026-08-18 13:41:00,PENDING
36698,10,8,991.30,2026-08-04 03:50:00,PENDING
36699,7,1,2990.40,2026-08-05 09:04:00,PENDING
36700,7,5,1145.50,2026-08-12 17:01:00,FAILED
36701,1,20,497.30,2026-08-04 04:56:00,PENDING
36702,2,10,1702.90,2026-08-09 12:48:00,REFUNDED
36703,8,4,1135.00,2026-08-12 02:48:00,SUCCESS
36704,9,20,805.30,2026-08-25 17:04:00,FAILED
36705,5,5,580.70,2026-08-24 08:47:00,SUCCESS
36706,9,15,1801.60,2026-08-24 05:06:00,SUCCESS
36707,7,15,3301.80,2026-08-13 01:50:00,PENDING
36708,9,18,405.80,2026-08-18 03:59:00,FAILED
36709,8,6,4661.30,2026-08-10 08:39:00,SUCCESS
36710,7,7,3666.20,2026-08-20 13:58:00,REFUNDED
36711,4,7,4620.10,2026-08-04 21:11:00,SUCCESS
36712,9,15,484.50,2026-08-18 10:55:00,FAILED
36713,3,2,2810.70,2026-08-30 16:12:00,FAILED
36714,1,10,1076.10,2026-08-15 16:20:00,PENDING
36715,8,20,3945.30,2026-08-24 16:46:00,PENDING
36716,10,7,2006.60,2026-08-03 03:27:00,PENDING
36717,2,15,2892.80,2026-08-18 20:42:00,FAILED
36718,2,15,4678.20,2026-08-28 19:53:00,FAILED
36719,1,7,4302.00,2026-08-28 11:40:00,REFUNDED
36720,3,18,4277.60,2026-08-06 12:19:00,PENDING
36721,7,20,2299.00,2026-08-28 09:36:00,REFUNDED
36722,9,14,4359.00,2026-08-29 05:48:00,PENDING
36723,5,4,1830.70,2026-08-17 19:50:00,FAILED
36724,6,13,3696.70,2026-08-03 06:02:00,FAILED
36725,10,16,2616.00,2026-08-04 01:25:00,FAILED
36726,5,11,2907.60,2026-08-04 01:33:00,FAILED
36727,2,10,1832.10,2026-08-26 20:37:00,PENDING
36728,3,9,245.20,2026-08-13 02:41:00,PENDING
36729,8,17,1360.60,2026-08-03 07:32:00,FAILED
36730,3,10,4593.80,2026-08-05 18:46:00,SUCCESS
36731,9,3,1287.80,2026-08-29 02:57:00,REFUNDED
36732,1,1,NOT_A_NUMBER,2026-08-01 12:00:00,SUCCESS
36733,4,2,2205.70,2026-08-17 12:17:00,FAILED
36734,6,19,2608.60,2026-08-05 10:53:00,PENDING
36735,7,18,2814.20,2026-08-28 03:34:00,PENDING
36736,2,16,4489.50,2026-08-17 07:34:00,PENDING
36737,8,7,4208.00,2026-08-05 00:53:00,FAILED
36738,4,17,2877.40,2026-08-28 20:05:00,PENDING
36739,3,11,586.30,2026-08-20 12:24:00,PENDING
36740,2,3,2958.80,2026-08-03 22:29:00,REFUNDED
36741,2,14,1829.60,2026-08-05 12:30:00,PENDING
36742,2,2,100.90,2026-08-31 04:15:00,PENDING
36743,7,5,4316.70,2026-08-03 22:52:00,REFUNDED
36744,2,11,3855.20,2026-08-07 06:19:00,SUCCESS
36745,5,14,4385.40,2026-08-13 05:50:00,PENDING
36746,10,12,1392.60,2026-08-02 10:57:00,REFUNDED
36747,8,17,600.20,2026-08-13 23:56:00,FAILED
36748,10,3,3705.60,2026-08-01 16:55:00,REFUNDED
36749,2,15,2698.80,2026-08-08 09:35:00,SUCCESS
36750,6,9,2299.40,2026-08-28 09:50:00,PENDING
36751,4,19,1107.80,2026-08-13 05:17:00,PENDING
36752,4,12,3399.40,2026-08-10 00:52:00,SUCCESS
36753,8,4,4224.40,2026-08-21 13:08:00,PENDING
36754,3,15,965.90,2026-08-24 09:05:00,SUCCESS
36755,6,7,1702.40,2026-08-01 13:40:00,FAILED
36756,4,6,4601.90,2026-08-21 11:05:00,FAILED
36757,2,10,3651.30,2026-08-05 11:58:00,FAILED
36758,1,6,3885.00,2026-08-08 05:30:00,REFUNDED
36759,10,9,780.60,2026-08-26 14:29:00,PENDING
36760,6,7,2831.90,2026-08-20 15:16:00,REFUNDED
36761,3,16,4473.40,2026-08-19 09:30:00,FAILED
36762,7,8,4759.30,2026-08-19 08:31:00,PENDING
36763,4,2,3124.40,2026-08-20 19:39:00,SUCCESS
36764,7,3,577.00,2026-08-26 09:25:00,FAILED
36765,8,7,396.60,2026-08-05 10:02:00,REFUNDED
36766,5,12,4224.40,2026-08-14 18:56:00,PENDING
36767,4,20,3163.70,2026-08-15 06:10:00,SUCCESS
36768,8,1,2027.20,2026-08-10 02:37:00,SUCCESS
36769,9,20,4953.70,2026-08-21 10:51:00,SUCCESS
36770,7,18,865.60,2026-08-26 09:36:00,REFUNDED
36771,9,6,663.60,2026-08-04 17:31:00,PENDING
36772,1,6,838.20,2026-08-02 05:01:00,PENDING
36773,3,6,1730.40,2026-08-01 23:46:00,PENDING
36774,6,10,1004.60,2026-08-10 03:40:00,PENDING
36775,5,8,4989.10,2026-08-24 13:16:00,FAILED
36776,1,9,3608.30,2026-08-22 21:20:00,FAILED
36777,6,17,301.80,2026-08-04 12:36:00,REFUNDED
36778,1,8,3348.30,2026-08-05 11:16:00,SUCCESS
36779,1,100.00
36780,3,19,942.40,2026-08-26 14:39:00,SUCCESS
36781,4,2,662.30,2026-08-21 08:09:00,SUCCESS
36782,10,4,1941.70,2026-08-02 17:46:00,PENDING
36783,10,20,338.00,2026-08-07 15:37:00,SUCCESS
36784,2,9,3101.60,2026-08-28 04:45:00,SUCCESS
36785,7,14,2558.70,2026-08-10 08:18:00,REFUNDED
36786,2,2,3151.00,2026-08-23 13:58:00,REFUNDED
36787,6,3,1188.30,2026-08-27 17:06:00,SUCCESS
36788,6,5,224.80,2026-08-20 11:17:00,SUCCESS
36789,8,11,1326.90,2026-08-13 20:57:00,FAILED
36790,9,7,1777.30,2026-08-09 14:00:00,REFUNDED
36791,1,6,568.50,2026-08-21 20:42:00,FAILED
36792,7,1,4336.60,2026-08-30 23:25:00,REFUNDED
36793,10,13,1611.20,2026-08-17 18:08:00,REFUNDED
36794,6,20,1717.10,2026-08-21 16:18:00,SUCCESS
36795,6,15,2398.00,2026-08-16 03:54:00,SUCCESS
36796,6,4,3479.60,2026-08-20 18:50:00,REFUNDED
36797,5,14,3274.10,2026-08-08 22:40:00,PENDING
36798,3,5,3613.50,2026-08-19 11:53:00,FAILED
36799,7,14,2598.90,2026-08-05 17:50:00,SUCCESS
36800,4,5,4317.60,2026-08-03 16:28:00,PENDING
36801,8,20,1454.50,2026-08-25 23:41:00,PENDING
36802,7,17,1213.00,2026-08-11 02:46:00,PENDING
36803,3,5,2725.40,2026-08-15 04:06:00,FAILED
36804,2,3,2133.20,2026-08-23 12:34:00,SUCCESS
36805,3,16,2636.30,2026-08-14 00:25:00,PENDING
36806,7,18,4477.50,2026-08-05 14:10:00,REFUNDED
36807,9,17,3014.20,2026-08-18 01:08:00,REFUNDED
36808,2,7,4613.50,2026-08-17 16:14:00,PENDING
36809,10,9,3826.70,2026-08-15 01:40:00,FAILED
36810,3,19,3746.00,2026-08-03 22:09:00,FAILED
36811,2,1,2243.20,2026-08-07 19:26:00,REFUNDED
36812,10,18,4382.20,2026-08-18 09:31:00,FAILED
36813,4,12,4971.10,2026-08-17 00:21:00,SUCCESS
36814,9,14,1960.20,2026-08-22 14:40:00,REFUNDED
36815,2,2,647.30,2026-08-28 11:00:00,PENDING
36816,6,5,97.40,2026-08-22 01:49:00,FAILED
36817,8,8,2106.60,2026-08-25 15:06:00,REFUNDED
36818,1,1,5000,INVALID_DATE_TIME,SUCCESS
36819,1,13,4944.70,2026-08-11 20:00:00,REFUNDED
36820,10,18,4213.20,2026-08-03 16:37:00,REFUNDED
36821,10,10,553.40,2026-08-23 21:08:00,PENDING
36822,6,5,1657.50,2026-08-17 18:47:00,SUCCESS
36823,4,7,497.80,2026-08-06 05:30:00,SUCCESS
36824,2,18,824.70,2026-08-04 11:34:00,REFUNDED
36825,5,14,1616.90,2026-08-14 14:59:00,REFUNDED
36826,9,9,4732.20,2026-08-17 22:03:00,FAILED
36827,3,10,490.50,2026-08-07 13:03:00,SUCCESS
36828,1,11,1057.90,2026-08-23 22:57:00,REFUNDED
36829,6,7,282.10,2026-08-22 00:48:00,REFUNDED
36830,3,3,3031.70,2026-08-15 16:49:00,FAILED
36831,5,10,3007.30,2026-08-03 23:59:00,REFUNDED
36832,9,2,3690.90,2026-08-21 22:28:00,FAILED
36833,7,8,3816.40,2026-08-03 19:34:00,SUCCESS
36834,7,7,3147.90,2026-08-10 19:59:00,FAILED
36835,9,4,2764.00,2026-08-16 00:52:00,FAILED
36836,9,10,529.80,2026-08-24 22:40:00,REFUNDED
36837,7,17,982.50,2026-08-13 17:02:00,REFUNDED
36838,9,18,231.80,2026-08-21 06:59:00,SUCCESS
36839,7,10,69.30,2026-08-24 04:52:00,REFUNDED
36840,9,1,3512.50,2026-08-17 17:26:00,REFUNDED
36841,5,16,1478.60,2026-08-07 21:05:00,PENDING
36842,5,19,2387.20,2026-08-08 11:49:00,PENDING
36843,5,16,2831.00,2026-08-21 19:44:00,PENDING
36844,1,1,5000,INVALID_DATE_TIME,SUCCESS
36845,3,8,1714.70,2026-08-02 18:55:00,REFUNDED
36846,3,9,3266.60,2026-08-09 13:56:00,FAILED
36847,3,1,873.10,2026-08-20 13:38:00,PENDING
36848,8,3,3296.60,2026-08-07 20:08:00,PENDING
36849,1,11,3125.70,2026-08-04 10:39:00,REFUNDED
36850,4,3,4408.20,2026-08-26 08:13:00,SUCCESS
36851,10,3,4465.60,2026-08-25 04:28:00,SUCCESS
36852,4,16,695.10,2026-08-06 01:45:00,FAILED
36853,3,11,2707.90,2026-08-13 10:02:00,REFUNDED
36854,10,6,3647.90,2026-08-30 04:05:00,FAILED
36855,9,9,528.50,2026-08-11 19:51:00,FAILED
36856,2,17,724.40,2026-08-10 21:30:00,REFUNDED
36857,10,16,4418.30,2026-08-18 21:41:00,FAILED
36858,8,19,1513.20,2026-08-01 12:43:00,FAILED
36859,7,19,4448.90,2026-08-15 14:06:00,PENDING
36860,3,6,2276.20,2026-08-10 07:34:00,PENDING
36861,10,15,3989.80,2026-08-30 06:26:00,SUCCESS
36862,6,13,868.00,2026-08-26 22:03:00,PENDING
36863,4,12,3457.50,2026-08-12 11:29:00,PENDING
36864,10,1,4543.30,2026-08-20 16:17:00,FAILED
36865,6,7,2236.00,2026-08-15 06:01:00,REFUNDED
36866,7,16,737.80,2026-08-27 23:37:00,PENDING
36867,5,18,355.10,2026-08-23 10:57:00,PENDING
36868,4,4,3787.10,2026-08-20 16:54:00,PENDING
36869,8,19,1222.90,2026-08-12 06:55:00,REFUNDED
36870,9,8,264.90,2026-08-15 20:05:00,SUCCESS
36871,10,2,4880.60,2026-08-17 08:02:00,SUCCESS
36872,3,18,464.80,2026-08-29 12:52:00,REFUNDED
36873,8,9,4532.60,2026-08-04 12:02:00,SUCCESS
36874,1,1,5000,2026-08-01 12:00:00,UNKNOWN_STATUS
36875,8,9,2512.10,2026-08-23 23:05:00,REFUNDED
36876,2,5,2717.00,2026-08-21 10:17:00,REFUNDED
36877,10,3,2288.80,2026-08-28 00:11:00,REFUNDED
36878,1,13,3139.20,2026-08-29 10:37:00,SUCCESS
36879,1,1,3355.70,2026-08-25 12:56:00,SUCCESS
36880,9,9,3951.40,2026-08-29 02:07:00,FAILED
36881,6,11,4717.50,2026-08-05 18:09:00,REFUNDED
36882,2,17,2362.90,2026-08-29 06:39:00,REFUNDED
36883,7,13,3611.90,2026-08-22 23:16:00,PENDING
36884,2,19,2768.40,2026-08-27 03:15:00,REFUNDED
36885,3,8,4505.50,2026-08-05 10:10:00,PENDING
36886,2,6,709.20,2026-08-11 07:19:00,PENDING
36887,7,19,3085.40,2026-08-03 09:35:00,REFUNDED
36888,3,14,3949.80,2026-08-01 11:13:00,FAILED
36889,5,7,1179.00,2026-08-17 20:15:00,PENDING
36890,7,18,2686.70,2026-08-25 21:57:00,REFUNDED
36891,2,1,2560.40,2026-08-10 18:35:00,SUCCESS
36892,7,2,3695.00,2026-08-27 05:28:00,PENDING
36893,2,14,3612.60,2026-08-11 12:17:00,FAILED
36894,1,1,5000,INVALID_DATE_TIME,SUCCESS
36895,1,13,2378.20,2026-08-06 02:28:00,PENDING
36896,3,17,4726.50,2026-08-11 19:58:00,REFUNDED
36897,7,8,3891.30,2026-08-29 01:35:00,REFUNDED
36898,4,20,569.90,2026-08-15 18:56:00,PENDING
36899,2,5,4708.00,2026-08-07 12:23:00,FAILED
36900,7,8,2066.50,2026-08-16 18:02:00,SUCCESS
36901,2,13,2698.60,2026-08-12 18:16:00,REFUNDED
36902,4,14,3656.40,2026-08-22 14:29:00,FAILED
36903,3,6,1817.20,2026-08-02 15:08:00,REFUNDED
36904,10,13,4634.20,2026-08-07 18:36:00,PENDING
36905,1,1,5000,INVALID_DATE_TIME,SUCCESS
36906,7,9,2885.70,2026-08-25 06:45:00,FAILED
36907,4,19,3892.10,2026-08-01 19:34:00,FAILED
36908,1,4,4307.10,2026-08-13 06:42:00,SUCCESS
36909,2,5,1472.30,2026-08-16 22:18:00,SUCCESS
36910,9,8,4474.90,2026-08-07 20:19:00,PENDING
36911,1,5,2622.60,2026-08-15 11:28:00,PENDING
36912,9,6,1909.40,2026-08-07 11:29:00,PENDING
36913,9,2,4702.80,2026-08-12 04:58:00,SUCCESS
36914,8,16,359.50,2026-08-19 11:58:00,REFUNDED
36915,9,9,3518.80,2026-08-13 00:45:00,SUCCESS
36916,2,10,2259.70,2026-08-24 06:59:00,SUCCESS
36917,7,14,3422.50,2026-08-19 23:51:00,FAILED
36918,9,18,2038.60,2026-08-04 23:19:00,REFUNDED
36919,5,5,4812.10,2026-08-19 03:05:00,FAILED
36920,5,2,1180.30,2026-08-26 05:44:00,SUCCESS
36921,4,11,4640.40,2026-08-17 11:00:00,FAILED
36922,5,5,1987.30,2026-08-27 20:22:00,FAILED
36923,9,19,2531.00,2026-08-07 08:31:00,FAILED
36924,2,1,2386.10,2026-08-26 02:14:00,REFUNDED
36925,2,7,1384.50,2026-08-12 20:13:00,SUCCESS
36926,6,14,3664.30,2026-08-08 20:52:00,REFUNDED
36927,1,1,5000,INVALID_DATE_TIME,SUCCESS
36928,10,15,2514.90,2026-08-24 11:18:00,REFUNDED
36929,5,15,3609.30,2026-08-21 23:35:00,FAILED
36930,2,15,3023.70,2026-08-18 06:54:00,PENDING
36931,1,5,1744.20,2026-08-15 00:26:00,SUCCESS
36932,9,9,3686.00,2026-08-09 04:04:00,FAILED
36933,9,5,2662.60,2026-08-14 22:27:00,REFUNDED
36934,9,6,4919.40,2026-08-19 01:51:00,PENDING
36935,6,15,4442.80,2026-08-26 11:56:00,FAILED
36936,6,14,3426.70,2026-08-01 14:03:00,REFUNDED
36937,7,12,4642.80,2026-08-06 15:32:00,PENDING
36938,4,13,1136.00,2026-08-30 03:18:00,FAILED
36939,8,20,3564.00,2026-08-24 18:37:00,PENDING
36940,2,17,2430.20,2026-08-05 03:02:00,FAILED
36941,8,19,4355.40,2026-08-04 19:08:00,FAILED
36942,8,15,4643.30,2026-08-25 19:56:00,SUCCESS
36943,6,10,4035.30,2026-08-06 05:28:00,PENDING
36944,1,1,433.90,2026-08-12 05:42:00,SUCCESS
36945,7,8,1195.50,2026-08-23 00:58:00,FAILED
36946,10,19,1622.70,2026-08-16 03:45:00,SUCCESS
36947,8,11,1326.60,2026-08-03 02:52:00,FAILED
36948,7,13,4616.90,2026-08-06 15:45:00,PENDING
36949,4,5,4282.40,2026-08-25 16:29:00,PENDING
36950,6,11,2984.50,2026-08-02 02:22:00,PENDING
36951,3,15,4827.40,2026-08-14 13:15:00,REFUNDED
36952,4,4,3700.80,2026-08-10 20:26:00,FAILED
36953,2,3,4407.00,2026-08-15 11:12:00,REFUNDED
36954,3,16,3852.80,2026-08-18 22:16:00,SUCCESS
36955,3,18,1415.30,2026-08-03 09:40:00,SUCCESS
36956,1,1,2463.20,2026-08-06 22:03:00,SUCCESS
36957,4,12,1927.90,2026-08-22 04:05:00,FAILED
36958,4,10,3737.10,2026-08-05 11:44:00,PENDING
36959,7,7,740.40,2026-08-25 17:23:00,PENDING
36960,8,14,2290.50,2026-08-04 17:47:00,SUCCESS
36961,10,15,445.00,2026-08-20 10:39:00,PENDING
36962,6,14,4651.30,2026-08-10 19:04:00,PENDING
36963,1,8,241.10,2026-08-02 06:42:00,REFUNDED
36964,9,1,1769.10,2026-08-17 20:31:00,REFUNDED
36965,3,14,3801.10,2026-08-12 15:25:00,SUCCESS
36966,9,6,1018.40,2026-08-26 05:05:00,FAILED
36967,3,19,822.00,2026-08-31 00:53:00,PENDING
36968,8,9,4535.30,2026-08-01 10:51:00,REFUNDED
36969,9,1,3851.10,2026-08-14 06:33:00,PENDING
36970,9,3,3689.80,2026-08-06 00:50:00,FAILED
36971,10,14,1308.30,2026-08-01 12:11:00,PENDING
36972,2,17,188.00,2026-08-24 10:25:00,SUCCESS
36973,3,16,2292.10,2026-08-28 01:40:00,SUCCESS
36974,7,10,1016.00,2026-08-09 19:12:00,FAILED
36975,10,9,744.50,2026-08-10 08:51:00,PENDING
36976,4,15,1150.50,2026-08-08 04:07:00,REFUNDED
36977,5,15,2735.70,2026-08-26 12:51:00,SUCCESS
36978,8,18,405.50,2026-08-07 21:21:00,FAILED
36979,7,4,3597.00,2026-08-23 13:59:00,REFUNDED
36980,7,14,2364.60,2026-08-24 16:53:00,PENDING
36981,7,6,2454.40,2026-08-29 10:37:00,REFUNDED
36982,9,9,3400.00,2026-08-06 02:14:00,SUCCESS
36983,4,6,2048.40,2026-08-06 06:10:00,REFUNDED
36984,5,14,2278.50,2026-08-24 21:03:00,PENDING
36985,1,17,691.90,2026-08-22 16:22:00,SUCCESS
36986,4,19,3564.20,2026-08-30 09:08:00,REFUNDED
36987,4,11,4283.60,2026-08-17 13:24:00,PENDING
36988,1,9,4322.00,2026-08-04 16:22:00,REFUNDED
36989,9,18,4613.80,2026-08-16 05:04:00,SUCCESS
36990,9,5,4431.00,2026-08-07 02:12:00,FAILED
36991,9,10,604.10,2026-08-02 22:27:00,REFUNDED
36992,5,3,3636.40,2026-08-01 08:27:00,FAILED
36993,5,1,1589.10,2026-08-17 18:04:00,PENDING
36994,4,4,4185.80,2026-08-24 18:37:00,REFUNDED
36995,1,15,2829.60,2026-08-27 07:36:00,REFUNDED
36996,2,2,1891.80,2026-08-02 04:11:00,REFUNDED
36997,8,18,851.90,2026-08-21 18:13:00,SUCCESS
36998,5,16,3122.30,2026-08-02 22:03:00,FAILED
36999,1,1,5000,2026-08-01 12:00:00,UNKNOWN_STATUS
37000,2,11,1004.30,2026-08-29 16:42:00,SUCCESS
37001,5,7,4740.80,2026-08-25 12:53:00,PENDING
37002,6,2,4149.60,2026-08-24 14:32:00,REFUNDED
37003,4,20,1403.90,2026-08-07 06:25:00,SUCCESS
37004,8,5,2608.10,2026-08-19 04:29:00,PENDING
37005,8,2,4673.90,2026-08-15 14:01:00,SUCCESS
37006,1,10,869.10,2026-08-24 23:57:00,SUCCESS
37007,3,12,3678.60,2026-08-16 17:53:00,REFUNDED
37008,4,18,458.40,2026-08-14 04:22:00,SUCCESS
37009,1,10,4680.60,2026-08-18 22:04:00,SUCCESS
37010,8,1,1755.00,2026-08-17 10:44:00,REFUNDED
37011,1,12,3696.40,2026-08-02 02:04:00,FAILED
37012,7,19,2075.00,2026-08-16 20:25:00,SUCCESS
37013,9,15,4890.90,2026-08-21 18:52:00,FAILED
37014,1,17,1311.60,2026-08-12 09:32:00,PENDING
37015,1,4,2502.80,2026-08-15 23:32:00,FAILED
37016,9,15,1320.10,2026-08-14 11:07:00,PENDING
37017,9,6,1651.80,2026-08-11 02:34:00,SUCCESS
37018,8,10,1935.30,2026-08-02 14:01:00,REFUNDED
37019,7,9,4532.80,2026-08-13 05:19:00,FAILED
37020,2,18,5036.10,2026-08-20 23:18:00,FAILED
37021,3,17,2244.80,2026-08-18 16:20:00,SUCCESS
37022,5,7,728.70,2026-08-30 22:30:00,PENDING
37023,5,20,1046.70,2026-08-05 19:21:00,PENDING
37024,9,18,984.30,2026-08-20 03:02:00,FAILED
37025,6,19,512.70,2026-08-06 19:31:00,PENDING
37026,2,11,4428.40,2026-08-02 16:50:00,FAILED
37027,1,13,1159.70,2026-08-10 15:18:00,REFUNDED
37028,9,16,3056.60,2026-08-09 11:26:00,SUCCESS
37029,1,2,3031.90,2026-08-06 21:50:00,SUCCESS
37030,6,14,1985.20,2026-08-28 10:37:00,FAILED
37031,1,15,2948.40,2026-08-17 09:49:00,PENDING
37032,9,11,2292.50,2026-08-01 17:15:00,FAILED
37033,1,18,3213.60,2026-08-05 21:36:00,FAILED
37034,8,12,2104.40,2026-08-11 17:30:00,PENDING
37035,10,6,1091.60,2026-08-27 02:21:00,FAILED
37036,9,14,165.50,2026-08-22 06:23:00,PENDING
37037,4,17,109.80,2026-08-23 16:35:00,SUCCESS
37038,8,5,1661.80,2026-08-15 06:24:00,REFUNDED
37039,4,6,3698.40,2026-08-14 21:49:00,SUCCESS
37040,2,14,443.30,2026-08-04 15:57:00,SUCCESS
37041,9,11,929.10,2026-08-14 11:14:00,REFUNDED
37042,8,7,4410.30,2026-08-10 14:33:00,SUCCESS
37043,5,3,1684.60,2026-08-14 09:46:00,FAILED
37044,7,9,1671.10,2026-08-14 09:20:00,SUCCESS
37045,7,17,215.00,2026-08-18 16:19:00,REFUNDED
37046,6,4,4673.10,2026-08-05 07:21:00,FAILED
37047,3,6,440.80,2026-08-13 23:44:00,PENDING
37048,3,7,3562.80,2026-08-07 10:12:00,PENDING
37049,9,19,1488.40,2026-08-27 14:03:00,FAILED
37050,2,3,4621.80,2026-08-19 10:49:00,REFUNDED
37051,6,2,3253.70,2026-08-20 17:55:00,SUCCESS
37052,9,14,941.30,2026-08-16 21:51:00,SUCCESS
37053,10,2,2128.60,2026-08-31 03:48:00,FAILED
37054,9,13,3843.70,2026-08-12 01:08:00,FAILED
37055,10,3,3810.80,2026-08-29 23:21:00,FAILED
37056,10,16,1769.10,2026-08-03 08:26:00,REFUNDED
37057,4,5,1413.20,2026-08-10 22:53:00,PENDING
37058,9,5,3994.40,2026-08-29 02:49:00,SUCCESS
37059,5,3,3654.50,2026-08-06 21:53:00,REFUNDED
37060,4,2,428.60,2026-08-14 21:57:00,SUCCESS
37061,9,12,514.50,2026-08-04 19:37:00,FAILED
37062,4,4,2445.40,2026-08-09 06:52:00,SUCCESS
37063,9,4,3342.80,2026-08-07 18:12:00,PENDING
37064,8,13,4984.20,2026-08-03 10:48:00,PENDING
37065,8,19,5036.90,2026-08-26 04:14:00,SUCCESS
37066,2,14,4905.50,2026-08-30 02:16:00,REFUNDED
37067,6,20,636.40,2026-08-18 05:52:00,PENDING
37068,7,6,3556.70,2026-08-24 06:01:00,SUCCESS
37069,1,15,3571.40,2026-08-20 20:29:00,SUCCESS
37070,1,13,3719.90,2026-08-27 23:52:00,SUCCESS
37071,3,14,4717.00,2026-08-03 21:43:00,PENDING
37072,4,5,536.10,2026-08-26 11:49:00,FAILED
37073,2,12,4857.20,2026-08-09 22:15:00,PENDING
37074,5,13,3291.40,2026-08-19 01:11:00,SUCCESS
37075,7,18,748.20,2026-08-27 00:06:00,PENDING
37076,9,12,905.00,2026-08-11 13:28:00,REFUNDED
37077,1,1,NOT_A_NUMBER,2026-08-01 12:00:00,SUCCESS
37078,2,15,2718.10,2026-08-08 06:01:00,FAILED
37079,6,20,4582.70,2026-08-18 08:11:00,REFUNDED
37080,10,2,3390.70,2026-08-17 15:32:00,REFUNDED
37081,4,2,3678.80,2026-08-25 09:45:00,PENDING
37082,3,6,3790.30,2026-08-21 16:44:00,SUCCESS
37083,6,4,5041.20,2026-08-01 23:14:00,PENDING
37084,8,12,516.80,2026-08-14 23:17:00,SUCCESS
37085,1,1,5000,INVALID_DATE_TIME,SUCCESS
37086,3,11,384.70,2026-08-14 22:04:00,REFUNDED
37087,6,18,1493.00,2026-08-28 07:10:00,FAILED
37088,7,13,3546.30,2026-08-16 10:59:00,FAILED
37089,9,9,546.30,2026-08-05 17:30:00,PENDING
37090,9,2,3600.80,2026-08-11 23:59:00,REFUNDED
37091,8,3,340.80,2026-08-05 03:04:00,PENDING
37092,2,10,195.60,2026-08-04 19:13:00,SUCCESS
37093,1,100.00
37094,9,9,3643.90,2026-08-25 18:35:00,SUCCESS
37095,5,3,3426.50,2026-08-29 04:06:00,SUCCESS
37096,8,7,4155.60,2026-08-07 05:26:00,FAILED
37097,4,3,4055.40,2026-08-11 20:43:00,REFUNDED
37098,5,10,234.90,2026-08-28 09:57:00,FAILED
37099,1,6,2662.60,2026-08-24 04:19:00,SUCCESS
37100,3,16,78.30,2026-08-09 17:42:00,FAILED
37101,6,7,4898.30,2026-08-02 18:26:00,REFUNDED
37102,5,2,508.40,2026-08-23 04:10:00,FAILED
37103,4,13,1904.50,2026-08-19 14:14:00,FAILED
37104,8,5,3836.70,2026-08-24 11:22:00,PENDING
37105,2,11,4221.60,2026-08-25 12:54:00,PENDING
37106,3,5,1021.30,2026-08-15 07:03:00,REFUNDED
37107,6,5,708.70,2026-08-13 07:54:00,REFUNDED
37108,1,8,3934.60,2026-08-07 03:57:00,PENDING
37109,3,5,869.00,2026-08-29 07:45:00,SUCCESS
37110,3,20,4294.90,2026-08-29 08:15:00,SUCCESS
37111,4,19,4392.50,2026-08-28 07:24:00,REFUNDED
37112,10,16,1875.90,2026-08-11 22:25:00,REFUNDED
37113,2,18,4238.40,2026-08-16 17:22:00,PENDING
37114,2,7,1869.50,2026-08-10 19:09:00,REFUNDED
37115,7,14,5018.50,2026-08-09 13:18:00,REFUNDED
37116,2,10,240.60,2026-08-20 07:09:00,FAILED
37117,1,1,NOT_A_NUMBER,2026-08-01 12:00:00,SUCCESS
37118,10,20,2767.60,2026-08-20 21:29:00,PENDING
37119,2,1,836.50,2026-08-19 20:57:00,SUCCESS
37120,10,7,2498.40,2026-08-02 20:11:00,SUCCESS
37121,5,2,1666.50,2026-08-06 16:45:00,SUCCESS
37122,1,8,4032.60,2026-08-03 02:41:00,PENDING
37123,5,8,3537.60,2026-08-09 23:49:00,SUCCESS
37124,7,13,4826.90,2026-08-05 22:00:00,SUCCESS
37125,3,19,3862.20,2026-08-09 19:39:00,PENDING
37126,10,10,3506.20,2026-08-13 08:16:00,FAILED
37127,4,11,1470.50,2026-08-13 09:33:00,FAILED
37128,10,4,1407.90,2026-08-19 07:19:00,PENDING
37129,4,5,1685.60,2026-08-31 00:53:00,FAILED
37130,8,1,3553.90,2026-08-14 14:51:00,REFUNDED
37131,8,11,552.60,2026-08-02 13:13:00,SUCCESS
37132,5,3,1495.80,2026-08-02 23:14:00,SUCCESS
37133,4,20,249.50,2026-08-30 17:51:00,REFUNDED
37134,2,4,1192.00,2026-08-03 05:25:00,REFUNDED
37135,8,8,218.10,2026-08-05 06:40:00,REFUNDED
37136,9,10,2853.80,2026-08-10 21:04:00,FAILED
37137,10,6,518.70,2026-08-12 21:38:00,REFUNDED
37138,4,14,3608.60,2026-08-29 11:51:00,SUCCESS
37139,7,13,499.50,2026-08-26 21:15:00,PENDING
37140,3,7,3018.30,2026-08-13 18:29:00,REFUNDED
37141,6,13,1671.00,2026-08-05 07:49:00,FAILED
37142,9,6,961.00,2026-08-21 13:36:00,FAILED
37143,6,1,4976.40,2026-08-29 16:34:00,REFUNDED
37144,8,19,698.60,2026-08-25 05:14:00,PENDING
37145,9,15,4609.90,2026-08-19 14:05:00,SUCCESS
37146,5,8,290.80,2026-08-24 00:31:00,REFUNDED
37147,7,13,4116.40,2026-08-24 01:54:00,PENDING
37148,1,9,2710.10,2026-08-30 07:28:00,PENDING
37149,10,7,3935.10,2026-08-13 11:41:00,FAILED
37150,1,19,4561.70,2026-08-01 21:17:00,PENDING
37151,1,13,2673.50,2026-08-18 17:18:00,SUCCESS
37152,3,13,2094.80,2026-08-31 02:55:00,SUCCESS
37153,7,10,4712.80,2026-08-22 19:58:00,SUCCESS
37154,2,9,2042.80,2026-08-10 18:18:00,FAILED
37155,3,3,2309.20,2026-08-29 07:19:00,REFUNDED
37156,9,7,3535.00,2026-08-17 02:05:00,FAILED
37157,8,11,3251.80,2026-08-23 01:32:00,FAILED
37158,2,17,3861.50,2026-08-09 11:37:00,FAILED
37159,7,1,547.10,2026-08-31 07:23:00,SUCCESS
37160,9,15,4350.40,2026-08-20 00:14:00,FAILED
37161,2,2,1892.70,2026-08-16 21:50:00,PENDING
37162,4,6,3265.00,2026-08-16 11:39:00,REFUNDED
37163,1,7,2904.40,2026-08-04 00:27:00,FAILED
37164,3,20,3799.40,2026-08-02 01:21:00,PENDING
37165,9,3,2071.00,2026-08-08 18:04:00,REFUNDED
37166,7,3,1308.30,2026-08-11 17:09:00,REFUNDED
37167,1,2,145.70,2026-08-23 16:15:00,SUCCESS
37168,7,16,3358.40,2026-08-19 23:09:00,PENDING
37169,8,14,2263.10,2026-08-08 02:16:00,SUCCESS
37170,6,1,4096.90,2026-08-12 02:50:00,PENDING
37171,9,19,1016.30,2026-08-28 07:44:00,SUCCESS
37172,5,10,4333.50,2026-08-07 23:03:00,REFUNDED
37173,10,18,891.70,2026-08-28 19:09:00,FAILED
37174,1,1,5000,2026-08-01 12:00:00,UNKNOWN_STATUS
37175,10,13,1557.40,2026-08-06 23:29:00,REFUNDED
37176,3,9,567.50,2026-08-28 18:32:00,SUCCESS
37177,6,10,5048.90,2026-08-08 07:10:00,SUCCESS
37178,4,15,1930.30,2026-08-28 14:45:00,REFUNDED
37179,6,5,2468.20,2026-08-23 23:21:00,SUCCESS
37180,2,6,4372.20,2026-08-01 17:18:00,PENDING
37181,5,8,4931.30,2026-08-26 17:31:00,REFUNDED
37182,4,13,700.20,2026-08-03 01:01:00,REFUNDED
37183,4,7,3528.90,2026-08-11 06:50:00,FAILED
37184,8,14,219.70,2026-08-10 19:26:00,REFUNDED
37185,5,7,179.00,2026-08-24 15:32:00,SUCCESS
37186,2,18,2176.20,2026-08-23 20:19:00,PENDING
37187,5,18,3019.90,2026-08-13 16:03:00,FAILED
37188,10,17,1513.40,2026-08-06 18:07:00,PENDING
37189,7,1,747.00,2026-08-07 14:12:00,FAILED
37190,2,15,1055.60,2026-08-06 02:29:00,PENDING
37191,2,17,3425.90,2026-08-12 13:22:00,PENDING
37192,1,5,3447.60,2026-08-23 09:32:00,FAILED
37193,7,7,4639.30,2026-08-18 02:53:00,FAILED
37194,1,10,4531.00,2026-08-29 07:02:00,PENDING
37195,8,13,3190.80,2026-08-12 15:47:00,FAILED
37196,7,8,3101.90,2026-08-04 21:47:00,FAILED
37197,10,16,3982.80,2026-08-20 06:29:00,PENDING
37198,1,1,NOT_A_NUMBER,2026-08-01 12:00:00,SUCCESS
37199,7,17,2724.10,2026-08-07 20:28:00,REFUNDED
37200,1,5,3282.10,2026-08-19 18:19:00,REFUNDED
37201,1,14,3416.80,2026-08-15 23:32:00,SUCCESS
37202,10,16,3866.40,2026-08-24 01:41:00,PENDING
37203,5,16,4459.30,2026-08-19 10:49:00,PENDING
37204,5,5,1603.00,2026-08-13 20:46:00,REFUNDED
37205,10,12,4923.90,2026-08-27 19:50:00,PENDING
37206,3,15,1148.70,2026-08-25 00:26:00,SUCCESS
37207,2,13,199.10,2026-08-20 21:58:00,SUCCESS
37208,5,12,1614.10,2026-08-10 12:38:00,SUCCESS
37209,10,3,924.30,2026-08-01 11:41:00,FAILED
37210,5,10,154.40,2026-08-29 01:17:00,REFUNDED
37211,9,17,1018.10,2026-08-03 05:56:00,PENDING
37212,4,16,3662.10,2026-08-01 10:09:00,REFUNDED
37213,8,9,2986.80,2026-08-26 19:40:00,PENDING
37214,10,14,3414.60,2026-08-29 06:33:00,PENDING
37215,5,16,4601.70,2026-08-28 23:09:00,PENDING
37216,10,16,396.60,2026-08-01 17:29:00,REFUNDED
37217,4,13,3537.60,2026-08-09 07:36:00,PENDING
37218,6,20,73.80,2026-08-21 12:25:00,PENDING
37219,2,18,3143.20,2026-08-31 07:22:00,FAILED
37220,5,19,3336.00,2026-08-02 18:26:00,PENDING
37221,1,4,1828.10,2026-08-24 01:07:00,PENDING
37222,1,10,4730.10,2026-08-23 13:05:00,REFUNDED
37223,1,14,3941.20,2026-08-26 08:54:00,SUCCESS
37224,5,19,915.00,2026-08-18 04:45:00,PENDING
37225,9,18,2523.90,2026-08-15 02:07:00,PENDING
37226,2,6,1419.30,2026-08-27 18:10:00,REFUNDED
37227,8,10,1542.00,2026-08-29 19:27:00,PENDING
37228,1,9,3437.10,2026-08-02 18:22:00,REFUNDED
37229,5,6,234.00,2026-08-12 05:04:00,PENDING
37230,3,11,4088.00,2026-08-10 15:19:00,FAILED
37231,4,14,2536.40,2026-08-29 13:25:00,PENDING
37232,2,2,458.60,2026-08-12 23:10:00,SUCCESS
37233,7,10,2791.30,2026-08-20 03:58:00,FAILED
37234,10,5,3047.50,2026-08-10 21:51:00,PENDING
37235,4,20,657.30,2026-08-12 16:46:00,REFUNDED
37236,8,12,503.70,2026-08-06 05:59:00,SUCCESS
37237,10,10,3767.20,2026-08-29 06:58:00,FAILED
37238,10,1,4173.30,2026-08-05 22:07:00,PENDING
37239,10,18,553.00,2026-08-12 06:04:00,REFUNDED
37240,7,18,611.60,2026-08-12 08:36:00,REFUNDED
37241,4,9,1097.50,2026-08-15 02:54:00,SUCCESS
37242,10,20,2077.30,2026-08-05 12:33:00,FAILED
37243,1,17,4165.80,2026-08-23 04:45:00,FAILED
37244,9,5,2747.10,2026-08-27 00:37:00,FAILED
37245,7,2,3229.70,2026-08-30 03:07:00,SUCCESS
37246,6,20,2132.30,2026-08-28 20:30:00,REFUNDED
37247,10,18,241.70,2026-08-18 10:39:00,PENDING
37248,10,6,3178.10,2026-08-01 20:28:00,REFUNDED
37249,4,5,1341.90,2026-08-12 03:12:00,SUCCESS
37250,4,18,3342.30,2026-08-10 10:21:00,REFUNDED
37251,2,8,4294.60,2026-08-28 12:13:00,PENDING
37252,8,8,2464.70,2026-08-02 00:04:00,FAILED
37253,9,2,1731.50,2026-08-17 23:25:00,REFUNDED
37254,9,18,3047.70,2026-08-22 01:43:00,FAILED
37255,7,3,5008.80,2026-08-06 23:41:00,REFUNDED
37256,9,1,2913.10,2026-08-29 09:20:00,PENDING
37257,5,17,1732.40,2026-08-28 20:06:00,PENDING
37258,9,12,2214.40,2026-08-21 02:37:00,FAILED
37259,9,9,3064.80,2026-08-30 00:59:00,REFUNDED
37260,8,13,4176.70,2026-08-11 05:46:00,SUCCESS
37261,10,9,391.80,2026-08-23 10:16:00,REFUNDED
37262,5,4,1854.50,2026-08-02 19:14:00,FAILED
37263,4,1,1056.40,2026-08-01 22:48:00,SUCCESS
37264,8,12,1322.70,2026-08-04 17:37:00,FAILED
37265,2,3,3280.50,2026-08-07 07:35:00,SUCCESS
37266,6,13,1686.80,2026-08-03 11:32:00,FAILED
37267,10,12,2504.00,2026-08-07 14:38:00,REFUNDED
37268,1,19,69.00,2026-08-07 05:26:00,SUCCESS
37269,6,5,467.50,2026-08-07 11:35:00,SUCCESS
37270,2,2,218.70,2026-08-25 08:55:00,SUCCESS
37271,9,11,2482.40,2026-08-02 04:31:00,REFUNDED
37272,8,17,4087.10,2026-08-17 20:55:00,FAILED
37273,9,4,3193.40,2026-08-15 12:01:00,FAILED
37274,8,12,4128.80,2026-08-03 12:48:00,REFUNDED
37275,9,9,3263.30,2026-08-18 12:24:00,REFUNDED
37276,10,10,2662.90,2026-08-19 06:56:00,FAILED
37277,9,4,2339.80,2026-08-29 21:51:00,FAILED
37278,1,9,3718.20,2026-08-20 17:44:00,FAILED
37279,1,9,4203.90,2026-08-21 20:33:00,PENDING
37280,6,6,246.50,2026-08-23 14:51:00,FAILED
37281,1,6,3664.70,2026-08-08 06:09:00,PENDING
37282,7,8,3925.60,2026-08-11 11:47:00,FAILED
37283,7,8,3516.90,2026-08-27 02:02:00,REFUNDED
37284,1,17,2950.60,2026-08-09 22:25:00,REFUNDED
37285,2,13,1153.50,2026-08-03 13:58:00,SUCCESS
37286,2,6,3807.80,2026-08-23 20:33:00,FAILED
37287,4,15,2026.20,2026-08-02 04:30:00,PENDING
37288,4,17,1974.10,2026-08-08 01:40:00,PENDING
37289,4,6,4627.90,2026-08-16 13:59:00,SUCCESS
37290,7,10,211.10,2026-08-21 06:17:00,FAILED
37291,9,8,104.90,2026-08-21 23:24:00,FAILED
37292,6,1,4427.60,2026-08-06 10:48:00,PENDING
37293,6,2,4753.00,2026-08-29 12:36:00,SUCCESS
37294,6,20,437.40,2026-08-14 23:00:00,PENDING
37295,2,15,1557.30,2026-08-23 20:19:00,FAILED
37296,4,3,3805.50,2026-08-13 09:36:00,PENDING
37297,7,2,699.70,2026-08-22 19:02:00,FAILED
37298,4,15,620.80,2026-08-13 01:26:00,FAILED
37299,4,5,115.00,2026-08-16 09:21:00,SUCCESS
37300,6,4,657.30,2026-08-10 02:58:00,REFUNDED
37301,7,2,494.00,2026-08-26 19:41:00,SUCCESS
37302,7,19,4693.50,2026-08-23 13:22:00,SUCCESS
37303,3,8,2670.10,2026-08-06 23:25:00,SUCCESS
37304,5,3,2684.60,2026-08-23 23:52:00,PENDING
37305,7,20,884.20,2026-08-26 04:48:00,FAILED
37306,8,14,3091.60,2026-08-13 23:38:00,FAILED
37307,6,1,1055.20,2026-08-27 01:51:00,FAILED
37308,1,1,5000,2026-08-01 12:00:00,UNKNOWN_STATUS
37309,9,7,4105.00,2026-08-24 07:48:00,PENDING
37310,1,1,1120.10,2026-08-06 21:36:00,FAILED
37311,8,18,1644.30,2026-08-27 02:36:00,REFUNDED
37312,6,10,2930.20,2026-08-25 07:12:00,REFUNDED
37313,5,11,1514.70,2026-08-30 13:54:00,SUCCESS
37314,9,5,3440.80,2026-08-17 21:26:00,FAILED
37315,7,16,485.70,2026-08-25 16:37:00,REFUNDED
37316,4,8,55.50,2026-08-29 07:57:00,SUCCESS
37317,4,7,1856.00,2026-08-15 22:25:00,FAILED
37318,3,15,3121.70,2026-08-18 09:26:00,REFUNDED
37319,1,1,NOT_A_NUMBER,2026-08-01 12:00:00,SUCCESS
37320,10,4,2159.60,2026-08-16 06:44:00,FAILED
37321,9,18,1186.60,2026-08-18 07:08:00,PENDING
37322,4,13,1559.40,2026-08-26 13:14:00,REFUNDED
37323,6,12,4825.60,2026-08-25 13:44:00,SUCCESS
37324,2,13,1176.70,2026-08-03 19:16:00,PENDING
37325,5,2,4368.40,2026-08-05 06:58:00,REFUNDED
37326,5,13,2356.70,2026-08-23 01:28:00,SUCCESS
37327,1,12,3444.50,2026-08-10 12:55:00,FAILED
37328,4,1,300.60,2026-08-25 11:45:00,SUCCESS
37329,8,20,221.70,2026-08-24 19:04:00,REFUNDED
37330,8,12,2452.90,2026-08-29 09:41:00,PENDING
37331,1,10,832.30,2026-08-07 13:21:00,REFUNDED
37332,8,2,76.70,2026-08-30 04:17:00,PENDING
37333,5,2,3438.00,2026-08-07 23:55:00,FAILED
37334,1,13,1969.90,2026-08-10 14:29:00,REFUNDED
37335,9,15,2616.90,2026-08-11 02:57:00,PENDING
37336,1,100.00
37337,7,18,1532.60,2026-08-02 02:42:00,SUCCESS
37338,10,15,3891.60,2026-08-20 20:33:00,PENDING
37339,1,16,1262.60,2026-08-02 11:22:00,SUCCESS
37340,6,12,254.80,2026-08-24 08:20:00,SUCCESS
37341,6,5,1349.30,2026-08-11 20:38:00,REFUNDED
37342,7,4,911.50,2026-08-13 19:41:00,REFUNDED
37343,5,11,1232.40,2026-08-12 16:39:00,REFUNDED
37344,9,8,590.20,2026-08-19 05:22:00,SUCCESS
37345,5,4,1052.50,2026-08-26 01:49:00,SUCCESS
37346,9,5,4773.30,2026-08-03 19:11:00,FAILED
37347,8,18,3447.10,2026-08-06 04:08:00,PENDING
37348,5,13,3667.60,2026-08-18 05:25:00,PENDING
37349,10,6,2388.20,2026-08-16 00:29:00,SUCCESS
37350,10,20,2244.20,2026-08-03 01:09:00,REFUNDED
37351,2,17,311.50,2026-08-04 17:15:00,FAILED
37352,5,16,1368.60,2026-08-18 03:08:00,REFUNDED
37353,8,4,626.00,2026-08-18 23:12:00,REFUNDED
37354,2,3,3659.50,2026-08-04 03:01:00,FAILED
37355,1,11,5000.90,2026-08-10 09:23:00,SUCCESS
37356,8,19,1406.90,2026-08-27 23:16:00,PENDING
37357,10,10,141.30,2026-08-11 11:39:00,REFUNDED
37358,2,13,1911.00,2026-08-10 01:43:00,FAILED
37359,7,11,2159.30,2026-08-27 13:50:00,PENDING
37360,3,3,4218.20,2026-08-24 03:28:00,PENDING
37361,1,10,4297.00,2026-08-23 22:43:00,REFUNDED
37362,9,17,63.70,2026-08-12 23:44:00,FAILED
37363,6,13,741.00,2026-08-11 05:08:00,PENDING
37364,2,20,1734.50,2026-08-29 21:44:00,FAILED
37365,3,2,4922.20,2026-08-01 13:57:00,SUCCESS
37366,1,4,4560.40,2026-08-05 10:32:00,SUCCESS
37367,7,17,1594.10,2026-08-22 18:06:00,PENDING
37368,6,17,1107.50,2026-08-24 11:51:00,PENDING
37369,8,14,1431.50,2026-08-24 18:05:00,PENDING
37370,7,1,4842.30,2026-08-17 00:48:00,REFUNDED
37371,7,18,2155.20,2026-08-05 07:27:00,PENDING
37372,4,10,4039.70,2026-08-12 04:43:00,REFUNDED
37373,7,4,4325.30,2026-08-06 14:25:00,FAILED
37374,10,3,3561.10,2026-08-26 14:22:00,PENDING
37375,9,18,971.50,2026-08-27 12:09:00,SUCCESS
37376,9,6,1039.40,2026-08-08 17:43:00,REFUNDED
37377,1,18,1173.30,2026-08-08 23:31:00,FAILED
37378,1,6,1013.00,2026-08-15 04:32:00,PENDING
37379,3,7,1197.00,2026-08-05 11:21:00,SUCCESS
37380,4,19,4934.70,2026-08-28 00:49:00,SUCCESS
37381,2,10,985.40,2026-08-11 00:31:00,PENDING
37382,8,18,1405.90,2026-08-22 14:56:00,REFUNDED
37383,4,19,4315.80,2026-08-07 12:15:00,FAILED
37384,5,17,1219.80,2026-08-22 13:30:00,PENDING
37385,6,10,2866.00,2026-08-26 05:54:00,FAILED
37386,3,19,77.20,2026-08-01 17:24:00,FAILED
37387,6,20,2945.60,2026-08-01 20:53:00,SUCCESS
37388,6,4,3605.70,2026-08-22 13:20:00,PENDING
37389,8,13,2744.00,2026-08-16 08:39:00,SUCCESS
37390,5,2,2805.60,2026-08-29 15:19:00,FAILED
37391,8,12,4324.30,2026-08-06 23:01:00,PENDING
37392,7,7,4926.20,2026-08-08 17:57:00,SUCCESS
37393,2,20,3830.80,2026-08-24 23:06:00,PENDING
37394,3,10,3693.60,2026-08-14 15:49:00,FAILED
37395,7,14,2595.10,2026-08-05 09:17:00,REFUNDED
37396,2,16,3645.60,2026-08-26 22:32:00,SUCCESS
37397,10,8,2778.10,2026-08-29 05:21:00,SUCCESS
37398,7,4,4409.70,2026-08-16 11:01:00,FAILED
37399,2,12,3635.10,2026-08-27 07:39:00,FAILED
37400,8,13,718.70,2026-08-27 00:00:00,SUCCESS
37401,9,9,3342.70,2026-08-01 21:28:00,SUCCESS
37402,4,20,1552.20,2026-08-17 02:39:00,REFUNDED
37403,7,17,3087.90,2026-08-12 05:34:00,FAILED
37404,9,3,1144.80,2026-08-22 13:07:00,REFUNDED
37405,4,4,4613.90,2026-08-28 03:48:00,SUCCESS
37406,2,10,2450.50,2026-08-11 07:24:00,FAILED
37407,4,19,2825.70,2026-08-01 20:25:00,SUCCESS
37408,6,19,1923.60,2026-08-01 22:27:00,PENDING
37409,1,15,4924.20,2026-08-01 09:48:00,FAILED
37410,4,15,1808.10,2026-08-14 10:57:00,SUCCESS
37411,1,17,1403.20,2026-08-29 05:38:00,FAILED
37412,1,15,2510.70,2026-08-08 00:39:00,SUCCESS
37413,3,20,572.80,2026-08-12 13:13:00,FAILED
37414,8,5,2285.70,2026-08-04 12:03:00,REFUNDED
37415,1,17,894.80,2026-08-19 05:43:00,REFUNDED
37416,5,12,363.10,2026-08-28 21:25:00,PENDING
37417,5,4,453.70,2026-08-20 13:49:00,PENDING
37418,3,20,546.30,2026-08-26 02:29:00,REFUNDED
37419,4,4,622.60,2026-08-08 06:22:00,SUCCESS
37420,9,4,4785.30,2026-08-21 21:01:00,SUCCESS
37421,7,5,3437.60,2026-08-27 01:02:00,SUCCESS
37422,8,12,1070.00,2026-08-25 06:48:00,SUCCESS
37423,2,2,2787.80,2026-08-13 21:05:00,FAILED
37424,6,9,4045.10,2026-08-14 20:12:00,SUCCESS
37425,3,2,2392.50,2026-08-28 20:43:00,PENDING
37426,2,9,3170.30,2026-08-24 23:43:00,PENDING
37427,6,19,4413.00,2026-08-23 19:11:00,FAILED
37428,2,11,832.80,2026-08-28 01:12:00,REFUNDED
37429,10,4,1543.80,2026-08-23 19:57:00,REFUNDED
37430,2,5,1469.00,2026-08-28 11:34:00,REFUNDED
37431,4,9,3475.10,2026-08-07 23:22:00,PENDING
37432,8,8,1637.90,2026-08-16 09:13:00,FAILED
37433,6,4,4939.50,2026-08-19 03:46:00,REFUNDED
37434,2,1,4267.00,2026-08-02 00:25:00,REFUNDED
37435,1,14,471.20,2026-08-27 04:41:00,REFUNDED
37436,4,6,157.20,2026-08-02 08:58:00,PENDING
37437,9,7,4899.50,2026-08-19 18:30:00,REFUNDED
37438,9,14,4238.90,2026-08-31 07:18:00,PENDING
37439,2,12,2679.30,2026-08-20 00:38:00,REFUNDED
37440,3,5,3444.50,2026-08-24 03:55:00,SUCCESS
37441,10,6,3612.80,2026-08-24 01:21:00,SUCCESS
37442,7,9,5024.70,2026-08-16 21:15:00,FAILED
37443,5,3,4551.10,2026-08-26 13:01:00,PENDING
37444,6,20,2873.70,2026-08-18 16:35:00,FAILED
37445,3,20,4488.40,2026-08-20 11:30:00,REFUNDED
37446,1,1,5000,INVALID_DATE_TIME,SUCCESS
37447,8,15,4933.80,2026-08-08 16:35:00,REFUNDED
37448,1,19,3655.10,2026-08-29 07:25:00,REFUNDED
37449,10,19,3650.50,2026-08-30 18:52:00,FAILED
37450,9,8,1756.80,2026-08-25 14:30:00,SUCCESS
37451,4,16,393.30,2026-08-27 01:19:00,SUCCESS
37452,5,16,697.90,2026-08-28 13:44:00,SUCCESS
37453,4,1,3870.50,2026-08-26 10:19:00,REFUNDED
37454,6,13,1838.70,2026-08-28 03:20:00,FAILED
37455,7,12,1003.90,2026-08-14 12:50:00,PENDING
37456,2,1,3078.80,2026-08-30 12:47:00,REFUNDED
37457,6,2,4119.10,2026-08-26 22:49:00,REFUNDED
37458,6,3,2116.30,2026-08-18 18:32:00,PENDING
37459,5,9,939.10,2026-08-23 11:07:00,SUCCESS
37460,4,11,3935.90,2026-08-02 13:31:00,FAILED
37461,2,16,979.80,2026-08-15 19:34:00,SUCCESS
37462,4,18,3032.00,2026-08-24 12:29:00,REFUNDED
37463,1,17,3731.90,2026-08-17 13:32:00,SUCCESS
37464,3,3,3921.50,2026-08-14 11:45:00,FAILED
37465,4,6,4871.10,2026-08-28 23:23:00,REFUNDED
37466,6,7,854.00,2026-08-16 02:52:00,PENDING
37467,9,12,4667.40,2026-08-02 01:08:00,FAILED
37468,10,4,4908.30,2026-08-08 03:33:00,REFUNDED
37469,2,3,474.70,2026-08-22 14:56:00,PENDING
37470,3,13,2437.90,2026-08-20 19:12:00,SUCCESS
37471,2,1,2493.80,2026-08-05 02:23:00,FAILED
37472,2,6,442.80,2026-08-02 19:50:00,REFUNDED
37473,1,19,1055.80,2026-08-27 00:08:00,REFUNDED
37474,6,11,170.60,2026-08-14 08:51:00,PENDING
37475,5,13,2918.90,2026-08-20 18:00:00,SUCCESS
37476,9,4,4514.70,2026-08-17 13:19:00,PENDING
37477,9,2,2251.00,2026-08-06 18:04:00,SUCCESS
37478,8,3,4477.10,2026-08-17 09:02:00,FAILED
37479,10,1,1346.60,2026-08-19 12:18:00,SUCCESS
37480,3,5,4773.30,2026-08-18 00:04:00,FAILED
37481,4,3,815.40,2026-08-20 04:49:00,FAILED
37482,7,12,1084.70,2026-08-07 09:25:00,SUCCESS
37483,2,4,4537.00,2026-08-19 10:49:00,FAILED
37484,7,8,2894.10,2026-08-02 17:05:00,FAILED
37485,3,3,748.70,2026-08-18 10:51:00,PENDING
37486,10,13,4081.40,2026-08-05 20:22:00,REFUNDED
37487,3,1,1495.90,2026-08-27 21:10:00,SUCCESS
37488,10,2,1900.50,2026-08-08 22:06:00,SUCCESS
37489,3,4,1322.80,2026-08-14 09:11:00,REFUNDED
37490,5,16,3865.20,2026-08-20 19:31:00,SUCCESS
37491,8,15,2773.00,2026-08-25 21:56:00,REFUNDED
37492,1,19,1898.10,2026-08-25 22:14:00,PENDING
37493,10,19,2864.70,2026-08-07 19:37:00,SUCCESS
37494,2,19,2623.90,2026-08-14 23:47:00,FAILED
37495,2,16,1376.30,2026-08-27 22:40:00,REFUNDED
37496,3,13,4741.20,2026-08-14 13:17:00,SUCCESS
37497,6,1,4693.50,2026-08-02 00:54:00,REFUNDED
37498,2,10,4235.90,2026-08-04 05:36:00,SUCCESS
37499,10,1,2882.80,2026-08-06 16:11:00,SUCCESS
37500,6,1,4943.40,2026-08-09 11:11:00,FAILED
37501,2,17,3509.30,2026-08-13 08:21:00,PENDING
37502,1,16,2654.60,2026-08-24 22:20:00,PENDING
37503,10,12,1705.00,2026-08-25 22:42:00,PENDING
37504,3,1,3179.70,2026-08-16 21:08:00,FAILED
37505,7,8,3939.40,2026-08-01 12:18:00,SUCCESS
37506,5,20,2838.00,2026-08-19 23:15:00,PENDING
37507,8,17,1101.60,2026-08-21 16:10:00,SUCCESS
37508,10,2,240.10,2026-08-05 19:04:00,REFUNDED
37509,3,14,3949.40,2026-08-15 15:03:00,PENDING
37510,7,7,1797.50,2026-08-01 20:18:00,FAILED
37511,1,14,4981.90,2026-08-19 14:46:00,REFUNDED
37512,7,4,746.60,2026-08-01 09:02:00,SUCCESS
37513,8,7,1662.80,2026-08-03 19:12:00,PENDING
37514,1,15,345.50,2026-08-24 23:58:00,PENDING
37515,6,7,3235.90,2026-08-18 11:08:00,SUCCESS
37516,7,15,3001.10,2026-08-14 23:27:00,PENDING
37517,2,8,861.10,2026-08-15 17:14:00,PENDING
37518,3,4,3548.70,2026-08-10 08:04:00,REFUNDED
37519,5,5,4001.70,2026-08-11 17:53:00,SUCCESS
37520,3,9,3244.50,2026-08-06 20:08:00,PENDING
37521,5,19,1008.10,2026-08-12 14:58:00,REFUNDED
37522,6,20,1688.90,2026-08-05 05:52:00,FAILED
37523,1,100.00
37524,9,15,3374.80,2026-08-11 01:10:00,FAILED
37525,6,18,2864.60,2026-08-13 11:48:00,REFUNDED
37526,4,4,4016.90,2026-08-27 10:30:00,SUCCESS
37527,5,4,972.10,2026-08-20 06:59:00,FAILED
37528,10,9,451.00,2026-08-09 16:29:00,FAILED
37529,1,5,1215.60,2026-08-02 11:28:00,SUCCESS
37530,8,19,2061.30,2026-08-12 10:34:00,REFUNDED
37531,10,20,3904.30,2026-08-06 14:06:00,REFUNDED
37532,10,7,3729.60,2026-08-22 18:38:00,REFUNDED
37533,10,13,2527.10,2026-08-01 10:33:00,REFUNDED
37534,6,18,1785.20,2026-08-05 16:13:00,FAILED
37535,10,8,2780.20,2026-08-19 03:15:00,FAILED
37536,3,13,2772.20,2026-08-24 02:33:00,SUCCESS
37537,6,15,4729.20,2026-08-27 20:43:00,PENDING
37538,4,2,3032.70,2026-08-13 16:24:00,REFUNDED
37539,7,14,2019.30,2026-08-05 03:27:00,SUCCESS
37540,10,19,3702.50,2026-08-18 20:20:00,PENDING
37541,8,6,4931.60,2026-08-17 06:07:00,REFUNDED
37542,2,1,827.50,2026-08-04 00:46:00,FAILED
37543,9,14,4451.60,2026-08-23 17:35:00,SUCCESS
37544,5,12,284.90,2026-08-07 12:48:00,SUCCESS
37545,2,7,3075.30,2026-08-29 04:54:00,FAILED
37546,7,13,414.10,2026-08-02 08:19:00,FAILED
37547,9,17,2079.10,2026-08-10 11:47:00,PENDING
37548,9,20,4792.40,2026-08-12 23:49:00,PENDING
37549,8,1,2784.70,2026-08-14 10:18:00,REFUNDED
37550,10,16,3579.70,2026-08-29 07:13:00,PENDING
37551,8,3,4513.90,2026-08-05 14:20:00,SUCCESS
37552,9,15,2728.10,2026-08-29 22:45:00,FAILED
37553,10,3,2033.60,2026-08-18 14:44:00,REFUNDED
37554,9,11,1954.60,2026-08-25 11:53:00,SUCCESS
37555,5,9,1168.50,2026-08-14 07:33:00,FAILED
37556,6,16,2373.80,2026-08-21 19:58:00,REFUNDED
37557,8,10,4011.50,2026-08-11 13:56:00,SUCCESS
37558,5,7,4391.00,2026-08-06 01:54:00,PENDING
37559,9,1,2223.50,2026-08-01 08:00:00,FAILED
37560,1,16,2432.70,2026-08-14 11:45:00,SUCCESS
37561,4,19,526.50,2026-08-23 01:00:00,SUCCESS
37562,10,9,2831.80,2026-08-11 15:21:00,PENDING
37563,6,3,2859.30,2026-08-07 18:28:00,REFUNDED
37564,3,15,2497.20,2026-08-10 12:03:00,SUCCESS
37565,2,4,1409.70,2026-08-28 00:53:00,PENDING
37566,5,10,395.40,2026-08-18 05:43:00,SUCCESS
37567,4,9,4749.40,2026-08-13 11:32:00,PENDING
37568,3,17,4502.40,2026-08-16 23:23:00,PENDING
37569,1,1,NOT_A_NUMBER,2026-08-01 12:00:00,SUCCESS
37570,4,3,1243.10,2026-08-09 04:30:00,PENDING
37571,1,100.00
37572,5,8,3274.30,2026-08-29 18:59:00,REFUNDED
37573,10,5,2502.30,2026-08-18 19:24:00,PENDING
37574,10,6,1721.10,2026-08-25 17:21:00,REFUNDED
37575,8,14,1488.60,2026-08-13 12:06:00,FAILED
37576,8,8,2042.60,2026-08-16 02:38:00,PENDING
37577,5,9,3554.50,2026-08-09 15:13:00,PENDING
37578,6,9,1935.10,2026-08-13 06:37:00,PENDING
37579,8,15,1070.10,2026-08-11 11:34:00,PENDING
37580,2,12,2266.60,2026-08-22 06:41:00,SUCCESS
37581,1,1,5000,2026-08-01 12:00:00,UNKNOWN_STATUS
37582,6,10,1453.40,2026-08-24 16:30:00,SUCCESS
37583,8,14,1981.00,2026-08-18 03:19:00,REFUNDED
37584,9,6,1665.50,2026-08-03 15:29:00,FAILED
37585,7,5,1122.10,2026-08-16 19:05:00,REFUNDED
37586,9,8,700.00,2026-08-04 13:12:00,SUCCESS
37587,1,20,3185.30,2026-08-29 01:52:00,PENDING
37588,10,15,3161.60,2026-08-07 03:06:00,FAILED
37589,10,12,3052.50,2026-08-09 05:55:00,FAILED
37590,10,10,4959.60,2026-08-30 13:28:00,REFUNDED
37591,8,13,3707.00,2026-08-01 19:02:00,FAILED
37592,10,10,4037.00,2026-08-08 11:43:00,SUCCESS
37593,8,7,4346.70,2026-08-02 18:22:00,SUCCESS
37594,8,15,3315.90,2026-08-25 06:46:00,FAILED
37595,3,5,758.20,2026-08-26 23:17:00,PENDING
37596,10,4,3094.80,2026-08-19 02:05:00,PENDING
37597,10,19,1596.80,2026-08-18 17:16:00,FAILED
37598,2,2,744.20,2026-08-10 01:49:00,REFUNDED
37599,6,13,2440.70,2026-08-19 11:05:00,PENDING
37600,9,3,1745.40,2026-08-12 07:56:00,SUCCESS
37601,8,4,2376.10,2026-08-29 11:00:00,REFUNDED
37602,6,13,4649.40,2026-08-15 04:08:00,SUCCESS
37603,5,12,2235.20,2026-08-21 09:17:00,PENDING
37604,9,6,2472.90,2026-08-28 01:15:00,REFUNDED
37605,6,6,2094.80,2026-08-09 12:16:00,FAILED
37606,1,9,2920.40,2026-08-28 18:26:00,PENDING
37607,2,18,1498.10,2026-08-18 03:08:00,SUCCESS
37608,8,7,1678.90,2026-08-07 21:45:00,SUCCESS
37609,8,15,1639.90,2026-08-28 22:38:00,REFUNDED
37610,3,2,1546.80,2026-08-14 22:58:00,FAILED
37611,5,20,3262.40,2026-08-08 20:12:00,REFUNDED
37612,6,15,769.80,2026-08-18 15:17:00,REFUNDED
37613,7,16,1619.50,2026-08-06 02:58:00,FAILED
37614,2,5,2993.00,2026-08-06 05:13:00,REFUNDED
37615,9,2,4704.10,2026-08-24 16:38:00,FAILED
37616,7,1,349.80,2026-08-12 08:25:00,PENDING
37617,10,1,251.40,2026-08-24 21:47:00,FAILED
37618,10,3,1019.80,2026-08-07 16:00:00,PENDING
37619,10,10,4738.40,2026-08-07 22:00:00,REFUNDED
37620,8,11,1164.40,2026-08-18 12:21:00,FAILED
37621,8,1,1414.80,2026-08-14 11:16:00,FAILED
37622,5,16,1551.10,2026-08-22 15:57:00,REFUNDED
37623,8,4,3185.30,2026-08-21 19:42:00,SUCCESS
37624,4,1,1636.80,2026-08-29 17:37:00,REFUNDED
37625,5,19,1904.50,2026-08-17 07:20:00,FAILED
37626,8,3,2761.60,2026-08-27 19:13:00,REFUNDED
37627,6,12,5007.50,2026-08-12 09:43:00,SUCCESS
37628,3,10,2592.90,2026-08-30 09:53:00,FAILED
37629,7,13,2630.10,2026-08-13 23:59:00,SUCCESS
37630,3,4,1487.00,2026-08-19 20:27:00,SUCCESS
37631,7,10,2088.20,2026-08-08 04:58:00,SUCCESS
37632,5,12,2912.10,2026-08-05 10:07:00,REFUNDED
37633,10,4,4685.20,2026-08-30 18:12:00,PENDING
37634,5,4,3030.00,2026-08-15 15:12:00,PENDING
37635,8,15,3905.20,2026-08-25 07:55:00,REFUNDED
37636,9,12,1109.30,2026-08-26 17:18:00,PENDING
37637,3,1,3600.60,2026-08-11 15:02:00,FAILED
37638,7,13,3567.20,2026-08-16 11:20:00,PENDING
37639,4,12,1741.80,2026-08-06 11:41:00,SUCCESS
37640,7,15,3449.30,2026-08-28 04:26:00,REFUNDED
37641,10,10,348.70,2026-08-23 07:47:00,SUCCESS
37642,10,14,3670.30,2026-08-25 05:22:00,PENDING
37643,10,5,3744.00,2026-08-20 00:08:00,PENDING
37644,2,20,2408.00,2026-08-12 10:04:00,REFUNDED
37645,10,19,4812.60,2026-08-21 18:45:00,SUCCESS
37646,9,6,4552.70,2026-08-21 05:53:00,REFUNDED
37647,1,10,140.20,2026-08-30 17:45:00,PENDING
37648,3,20,2270.20,2026-08-18 18:47:00,FAILED
37649,4,8,331.70,2026-08-14 09:20:00,PENDING
37650,4,10,3418.50,2026-08-10 04:16:00,SUCCESS
37651,3,14,3683.50,2026-08-24 09:34:00,PENDING
37652,1,1,4347.70,2026-08-14 10:10:00,REFUNDED
37653,9,17,910.60,2026-08-30 12:54:00,REFUNDED
37654,1,8,2173.60,2026-08-19 17:19:00,REFUNDED
37655,6,7,511.80,2026-08-28 03:26:00,REFUNDED
37656,8,15,2535.70,2026-08-15 22:52:00,SUCCESS
37657,2,17,1775.50,2026-08-11 22:31:00,SUCCESS
37658,5,13,4801.30,2026-08-09 08:11:00,PENDING
37659,10,8,613.90,2026-08-25 22:19:00,FAILED
37660,10,1,1488.50,2026-08-24 17:53:00,FAILED
37661,6,10,163.00,2026-08-15 12:49:00,FAILED
37662,1,2,2001.10,2026-08-15 11:37:00,SUCCESS
37663,5,9,482.40,2026-08-17 21:58:00,REFUNDED
37664,4,17,2029.80,2026-08-21 23:07:00,PENDING
37665,3,6,4578.20,2026-08-04 23:58:00,REFUNDED
37666,7,8,857.80,2026-08-15 06:53:00,PENDING
37667,1,4,1167.10,2026-08-20 08:27:00,FAILED
37668,2,6,595.20,2026-08-06 01:27:00,SUCCESS
37669,4,2,4717.40,2026-08-10 08:29:00,SUCCESS
37670,7,11,4595.80,2026-08-03 13:29:00,REFUNDED
37671,7,18,1523.30,2026-08-16 23:41:00,PENDING
37672,10,10,4671.20,2026-08-02 05:28:00,FAILED
37673,4,7,2332.20,2026-08-02 10:41:00,FAILED
37674,2,18,432.10,2026-08-09 02:38:00,SUCCESS
37675,5,5,1790.40,2026-08-11 09:00:00,SUCCESS
37676,6,8,617.70,2026-08-07 03:29:00,FAILED
37677,2,16,4572.50,2026-08-26 01:59:00,FAILED
37678,7,14,2115.10,2026-08-26 23:54:00,SUCCESS
37679,4,15,1631.80,2026-08-21 02:34:00,FAILED
37680,3,14,4978.20,2026-08-30 10:12:00,FAILED
37681,3,9,2933.00,2026-08-11 07:48:00,SUCCESS
37682,3,5,1293.50,2026-08-11 16:19:00,FAILED
37683,5,10,671.90,2026-08-14 17:10:00,FAILED
37684,5,2,552.80,2026-08-02 04:55:00,FAILED
37685,9,11,4660.80,2026-08-15 19:22:00,REFUNDED
37686,4,15,2776.90,2026-08-28 05:42:00,REFUNDED
37687,4,9,3871.90,2026-08-17 07:12:00,FAILED
37688,9,9,2765.50,2026-08-15 19:33:00,PENDING
37689,3,14,2439.00,2026-08-18 13:58:00,PENDING
37690,7,10,4327.40,2026-08-19 20:16:00,FAILED
37691,10,8,2243.80,2026-08-20 18:15:00,FAILED
37692,5,19,3887.70,2026-08-19 12:03:00,SUCCESS
37693,5,4,4323.20,2026-08-14 07:35:00,REFUNDED
37694,5,4,1907.70,2026-08-29 03:00:00,FAILED
37695,9,5,463.80,2026-08-10 06:55:00,SUCCESS
37696,6,7,3711.80,2026-08-17 13:04:00,FAILED
37697,1,10,1819.30,2026-08-26 11:08:00,PENDING
37698,1,5,3351.00,2026-08-30 08:26:00,SUCCESS
37699,7,12,1538.00,2026-08-25 05:54:00,PENDING
37700,6,12,2455.90,2026-08-22 18:12:00,REFUNDED
37701,3,10,4980.10,2026-08-06 07:53:00,REFUNDED
37702,7,6,4638.80,2026-08-30 03:13:00,PENDING
37703,2,4,3073.60,2026-08-08 12:11:00,PENDING
37704,9,16,117.70,2026-08-24 11:11:00,PENDING
37705,6,14,4579.90,2026-08-05 09:09:00,SUCCESS
37706,3,5,3569.10,2026-08-02 23:45:00,PENDING
37707,5,18,4330.00,2026-08-17 12:14:00,SUCCESS
37708,6,17,4115.70,2026-08-14 20:28:00,PENDING
37709,10,5,1311.40,2026-08-14 16:15:00,FAILED
37710,10,2,3796.70,2026-08-28 22:51:00,SUCCESS
37711,3,9,2703.90,2026-08-14 05:54:00,FAILED
37712,7,6,5017.50,2026-08-08 04:35:00,SUCCESS
37713,2,4,191.80,2026-08-23 04:50:00,FAILED
37714,10,3,2768.30,2026-08-07 02:28:00,SUCCESS
37715,6,18,4277.30,2026-08-01 18:18:00,REFUNDED
37716,4,14,2480.80,2026-08-30 00:30:00,REFUNDED
37717,5,5,1229.10,2026-08-27 17:20:00,REFUNDED
37718,2,17,642.00,2026-08-22 11:48:00,FAILED
37719,1,14,357.70,2026-08-28 07:20:00,PENDING
37720,10,6,4153.20,2026-08-17 07:08:00,SUCCESS
37721,7,17,2333.20,2026-08-15 13:49:00,SUCCESS
37722,8,10,2889.20,2026-08-08 13:51:00,REFUNDED
37723,7,9,4411.50,2026-08-05 12:50:00,REFUNDED
37724,6,6,4530.20,2026-08-02 05:26:00,SUCCESS
37725,10,6,3670.80,2026-08-12 09:52:00,FAILED
37726,3,13,4942.00,2026-08-02 13:47:00,PENDING
37727,6,18,2254.90,2026-08-26 00:38:00,PENDING
37728,7,18,4657.30,2026-08-30 05:12:00,PENDING
37729,2,8,3324.60,2026-08-06 00:13:00,REFUNDED
37730,8,9,94.20,2026-08-08 14:29:00,FAILED
37731,3,19,3405.50,2026-08-24 14:24:00,PENDING
37732,9,14,3920.80,2026-08-27 21:48:00,FAILED
37733,2,4,1413.50,2026-08-11 19:12:00,REFUNDED
37734,9,19,1140.80,2026-08-11 02:46:00,PENDING
37735,3,3,1447.00,2026-08-13 15:38:00,PENDING
37736,1,15,611.40,2026-08-05 06:44:00,REFUNDED
37737,2,5,3040.90,2026-08-03 11:27:00,PENDING
37738,8,8,541.70,2026-08-26 10:52:00,FAILED
37739,5,12,4492.80,2026-08-23 22:17:00,SUCCESS
37740,5,8,2550.90,2026-08-09 00:08:00,FAILED
37741,7,15,1097.70,2026-08-12 00:20:00,SUCCESS
37742,10,13,3455.80,2026-08-14 01:19:00,SUCCESS
37743,1,18,4196.90,2026-08-05 09:04:00,FAILED
37744,4,5,3759.80,2026-08-28 16:36:00,REFUNDED
37745,10,20,2628.70,2026-08-23 16:35:00,SUCCESS
37746,6,16,2642.70,2026-08-28 05:10:00,FAILED
37747,3,3,3403.20,2026-08-26 17:25:00,FAILED
37748,9,10,3910.00,2026-08-16 14:24:00,SUCCESS
37749,3,6,740.00,2026-08-06 02:30:00,FAILED
37750,3,11,4304.00,2026-08-07 04:43:00,PENDING
37751,4,5,324.70,2026-08-15 01:47:00,SUCCESS
37752,10,9,1051.80,2026-08-07 15:39:00,REFUNDED
37753,4,1,2160.50,2026-08-25 16:05:00,REFUNDED
37754,1,16,1371.70,2026-08-02 01:08:00,REFUNDED
37755,5,15,2700.60,2026-08-30 00:37:00,PENDING
37756,10,10,1995.90,2026-08-13 16:21:00,FAILED
37757,7,18,269.10,2026-08-25 20:54:00,FAILED
37758,3,12,4206.80,2026-08-01 09:06:00,REFUNDED
37759,4,20,1836.40,2026-08-30 00:44:00,FAILED
37760,5,12,3667.70,2026-08-07 07:04:00,PENDING
37761,1,16,2224.50,2026-08-16 16:59:00,REFUNDED
37762,5,5,4137.70,2026-08-21 09:46:00,FAILED
37763,3,18,3519.90,2026-08-15 06:55:00,PENDING
37764,9,1,1256.10,2026-08-06 05:46:00,REFUNDED
37765,9,16,2260.30,2026-08-24 17:19:00,SUCCESS
37766,4,18,1126.50,2026-08-09 12:00:00,FAILED
37767,1,1,5000,2026-08-01 12:00:00,UNKNOWN_STATUS
37768,1,16,722.30,2026-08-13 07:53:00,REFUNDED
37769,4,1,716.70,2026-08-11 07:46:00,FAILED
37770,5,9,2253.20,2026-08-28 13:11:00,PENDING
37771,1,14,3318.70,2026-08-06 23:04:00,PENDING
37772,8,13,3667.40,2026-08-20 10:35:00,REFUNDED
37773,2,19,317.10,2026-08-04 16:47:00,PENDING
37774,9,2,3105.80,2026-08-02 15:28:00,REFUNDED
37775,8,7,2736.80,2026-08-20 18:20:00,PENDING
37776,2,11,205.80,2026-08-30 09:39:00,SUCCESS
37777,2,19,2707.10,2026-08-08 09:24:00,FAILED
37778,1,1,NOT_A_NUMBER,2026-08-01 12:00:00,SUCCESS
37779,3,11,3469.90,2026-08-24 23:22:00,FAILED
37780,3,10,957.30,2026-08-24 04:53:00,SUCCESS
37781,5,18,535.70,2026-08-16 01:50:00,PENDING
37782,8,1,3084.60,2026-08-20 23:58:00,PENDING
37783,9,5,795.40,2026-08-17 23:30:00,FAILED
37784,3,19,4766.60,2026-08-20 06:32:00,REFUNDED
37785,7,20,2837.40,2026-08-16 15:42:00,PENDING
37786,3,3,1948.60,2026-08-25 17:20:00,SUCCESS
37787,6,13,1386.60,2026-08-06 10:06:00,FAILED
37788,9,2,54.50,2026-08-05 20:26:00,SUCCESS
37789,8,6,725.80,2026-08-07 18:42:00,FAILED
37790,3,9,3092.80,2026-08-03 03:37:00,SUCCESS
37791,10,8,4062.10,2026-08-03 21:02:00,REFUNDED
37792,10,6,3668.30,2026-08-02 16:34:00,SUCCESS
37793,2,14,2065.00,2026-08-14 20:26:00,FAILED
37794,10,19,2350.30,2026-08-04 04:05:00,FAILED
37795,4,14,3425.30,2026-08-18 09:14:00,PENDING
37796,4,17,3944.60,2026-08-28 15:51:00,FAILED
37797,1,1,5000,2026-08-01 12:00:00,UNKNOWN_STATUS
37798,3,16,1207.30,2026-08-01 11:24:00,REFUNDED
37799,2,8,4198.30,2026-08-14 00:58:00,SUCCESS
37800,1,16,2127.10,2026-08-05 13:39:00,SUCCESS
37801,1,1,4232.90,2026-08-26 00:31:00,FAILED
37802,1,1,5000,INVALID_DATE_TIME,SUCCESS
37803,6,8,3502.90,2026-08-02 16:04:00,PENDING
37804,7,20,875.40,2026-08-12 02:15:00,PENDING
37805,1,9,747.10,2026-08-09 06:54:00,SUCCESS
37806,8,2,989.70,2026-08-12 12:57:00,PENDING
37807,1,1,5000,INVALID_DATE_TIME,SUCCESS
37808,3,18,340.60,2026-08-26 10:14:00,REFUNDED
37809,5,15,3223.70,2026-08-27 09:23:00,SUCCESS
37810,5,7,4677.70,2026-08-26 02:21:00,REFUNDED
37811,3,16,2804.00,2026-08-05 16:10:00,FAILED
37812,3,1,1192.00,2026-08-25 06:12:00,PENDING
37813,1,11,3082.80,2026-08-28 00:33:00,PENDING
37814,1,7,3670.50,2026-08-20 08:33:00,REFUNDED
37815,1,2,2334.10,2026-08-01 23:57:00,SUCCESS
37816,5,12,4711.20,2026-08-14 01:51:00,REFUNDED
37817,2,4,59.20,2026-08-04 19:50:00,PENDING
37818,8,20,316.00,2026-08-27 08:04:00,PENDING
37819,4,13,1932.30,2026-08-12 17:52:00,FAILED
37820,8,3,2347.70,2026-08-22 16:07:00,PENDING
37821,1,2,182.60,2026-08-09 10:07:00,REFUNDED
37822,2,17,1061.90,2026-08-23 19:49:00,SUCCESS
37823,2,4,3369.80,2026-08-25 18:51:00,PENDING
37824,10,14,4573.70,2026-08-08 04:48:00,SUCCESS
37825,8,19,3051.10,2026-08-05 10:17:00,SUCCESS
37826,1,7,4085.70,2026-08-04 07:40:00,SUCCESS
37827,7,19,2247.60,2026-08-22 00:31:00,FAILED
37828,5,13,2594.90,2026-08-31 06:20:00,REFUNDED
37829,8,7,1368.00,2026-08-23 22:08:00,FAILED
37830,2,1,2745.20,2026-08-09 16:21:00,PENDING
37831,1,1,3407.80,2026-08-03 23:50:00,SUCCESS
37832,4,1,3524.50,2026-08-25 00:15:00,PENDING
37833,7,16,339.40,2026-08-25 03:05:00,FAILED
37834,6,9,2541.70,2026-08-27 08:13:00,SUCCESS
37835,9,14,2006.40,2026-08-19 15:23:00,SUCCESS
37836,1,19,4000.70,2026-08-01 20:46:00,FAILED
37837,1,13,3847.80,2026-08-23 17:53:00,REFUNDED
37838,3,4,1055.30,2026-08-06 05:07:00,FAILED
37839,2,6,4650.30,2026-08-25 01:44:00,SUCCESS
37840,4,15,4594.60,2026-08-18 21:51:00,REFUNDED
37841,1,7,1473.90,2026-08-16 11:33:00,REFUNDED
37842,5,13,156.30,2026-08-12 10:03:00,SUCCESS
37843,10,12,1323.40,2026-08-21 17:37:00,REFUNDED
37844,9,8,4748.20,2026-08-30 15:18:00,FAILED
37845,5,20,2859.50,2026-08-30 09:45:00,FAILED
37846,9,17,1369.70,2026-08-30 23:54:00,PENDING
37847,6,13,3021.30,2026-08-26 17:08:00,PENDING
37848,7,9,4483.90,2026-08-06 06:50:00,FAILED
37849,4,18,4583.40,2026-08-04 11:11:00,REFUNDED
37850,5,15,573.00,2026-08-09 17:22:00,FAILED
37851,8,15,3319.00,2026-08-05 09:34:00,SUCCESS
37852,10,9,250.40,2026-08-04 03:15:00,REFUNDED
37853,6,3,1997.90,2026-08-22 17:45:00,REFUNDED
37854,8,19,2607.80,2026-08-03 10:16:00,PENDING
37855,9,11,2242.80,2026-08-19 12:30:00,FAILED
37856,2,4,1217.20,2026-08-14 15:41:00,REFUNDED
37857,3,11,4834.70,2026-08-17 11:17:00,SUCCESS
37858,9,13,855.10,2026-08-05 11:21:00,FAILED
37859,5,6,340.80,2026-08-27 23:44:00,PENDING
37860,2,9,188.80,2026-08-06 00:12:00,REFUNDED
37861,2,11,853.80,2026-08-25 18:40:00,SUCCESS
37862,8,10,1034.60,2026-08-29 01:14:00,REFUNDED
37863,10,18,350.40,2026-08-12 22:31:00,REFUNDED
37864,10,13,4428.50,2026-08-08 20:18:00,SUCCESS
37865,10,13,4314.20,2026-08-20 16:29:00,FAILED
37866,10,9,3952.30,2026-08-24 02:56:00,PENDING
37867,5,10,577.00,2026-08-14 11:55:00,PENDING
37868,8,3,286.00,2026-08-13 12:52:00,SUCCESS
37869,8,18,1006.80,2026-08-21 17:58:00,SUCCESS
37870,8,9,4447.90,2026-08-08 01:41:00,REFUNDED
37871,8,16,364.60,2026-08-07 16:40:00,PENDING
37872,8,4,946.90,2026-08-22 20:53:00,SUCCESS
37873,3,10,3632.70,2026-08-03 00:50:00,REFUNDED
37874,2,9,2495.10,2026-08-09 21:02:00,SUCCESS
37875,5,6,551.10,2026-08-18 08:53:00,REFUNDED
37876,6,4,274.30,2026-08-08 16:57:00,FAILED
37877,9,20,3171.50,2026-08-19 21:12:00,REFUNDED
37878,10,8,3228.70,2026-08-20 08:50:00,FAILED
37879,5,4,3541.20,2026-08-10 23:07:00,PENDING
37880,6,12,3332.00,2026-08-02 08:41:00,SUCCESS
37881,3,4,4901.60,2026-08-03 12:16:00,SUCCESS
37882,3,14,2120.90,2026-08-15 07:02:00,FAILED
37883,3,7,4091.80,2026-08-17 21:47:00,PENDING
37884,10,15,715.90,2026-08-15 07:58:00,SUCCESS
37885,8,6,4958.60,2026-08-19 16:39:00,PENDING
37886,6,19,1338.20,2026-08-21 10:37:00,SUCCESS
37887,7,9,1383.60,2026-08-10 10:11:00,SUCCESS
37888,1,20,1283.00,2026-08-11 10:33:00,PENDING
37889,3,3,3814.10,2026-08-14 03:55:00,REFUNDED
37890,2,10,287.50,2026-08-17 21:23:00,FAILED
37891,4,20,4340.30,2026-08-17 08:53:00,FAILED
37892,5,1,2704.80,2026-08-27 09:25:00,FAILED
37893,10,16,724.20,2026-08-11 17:04:00,FAILED
37894,1,16,2788.00,2026-08-13 02:17:00,REFUNDED
37895,3,5,2867.90,2026-08-15 15:19:00,PENDING
37896,3,2,4901.00,2026-08-22 23:39:00,SUCCESS
37897,9,19,242.30,2026-08-22 09:05:00,PENDING
37898,5,14,2413.50,2026-08-30 08:30:00,PENDING
37899,3,9,4118.30,2026-08-19 07:43:00,FAILED
37900,8,9,1822.40,2026-08-16 01:33:00,PENDING
37901,7,3,1852.00,2026-08-12 21:25:00,REFUNDED
37902,1,9,3553.10,2026-08-30 23:15:00,PENDING
37903,8,1,3173.30,2026-08-06 21:19:00,SUCCESS
37904,5,14,2540.80,2026-08-24 21:36:00,PENDING
37905,5,3,2268.80,2026-08-16 08:17:00,PENDING
37906,4,19,2984.90,2026-08-08 02:29:00,PENDING
37907,1,1,3711.00,2026-08-18 20:37:00,PENDING
37908,8,13,1465.00,2026-08-13 20:58:00,FAILED
37909,2,14,1134.20,2026-08-21 09:15:00,FAILED
37910,1,1,NOT_A_NUMBER,2026-08-01 12:00:00,SUCCESS
37911,6,7,1680.70,2026-08-15 19:27:00,SUCCESS
37912,2,9,1428.20,2026-08-03 05:26:00,SUCCESS
37913,2,7,4047.20,2026-08-21 01:37:00,SUCCESS
37914,2,18,3083.40,2026-08-04 17:53:00,FAILED
37915,3,7,1181.10,2026-08-22 14:01:00,SUCCESS
37916,1,6,617.40,2026-08-21 07:27:00,REFUNDED
37917,1,12,2988.50,2026-08-05 08:02:00,SUCCESS
37918,9,13,384.60,2026-08-26 21:08:00,REFUNDED
37919,7,18,947.90,2026-08-03 00:57:00,SUCCESS
37920,5,2,5003.20,2026-08-26 14:17:00,REFUNDED
37921,7,19,944.90,2026-08-29 01:46:00,SUCCESS
37922,6,4,1388.30,2026-08-04 09:24:00,PENDING
37923,4,8,1026.70,2026-08-03 17:30:00,PENDING
37924,10,10,3272.90,2026-08-21 08:35:00,FAILED
37925,9,3,3491.40,2026-08-09 06:26:00,PENDING
37926,3,6,2873.10,2026-08-03 10:37:00,FAILED
37927,8,14,4546.10,2026-08-09 15:57:00,REFUNDED
37928,2,12,2526.50,2026-08-07 00:22:00,REFUNDED
37929,4,12,3611.80,2026-08-13 01:40:00,SUCCESS
37930,7,19,2237.50,2026-08-27 16:42:00,REFUNDED
37931,10,11,4563.40,2026-08-15 01:24:00,REFUNDED
37932,7,1,4851.20,2026-08-18 09:23:00,SUCCESS
37933,9,6,3123.80,2026-08-21 14:24:00,REFUNDED
37934,9,6,252.70,2026-08-01 21:31:00,PENDING
37935,8,8,1164.00,2026-08-09 09:43:00,REFUNDED
37936,6,11,1490.30,2026-08-11 07:20:00,SUCCESS
37937,4,11,3492.20,2026-08-22 13:55:00,FAILED
37938,10,5,2377.80,2026-08-27 13:39:00,SUCCESS
37939,2,19,1610.00,2026-08-04 06:46:00,PENDING
37940,2,7,4658.30,2026-08-04 18:50:00,REFUNDED
37941,10,7,2602.80,2026-08-11 07:47:00,PENDING
37942,8,19,3254.50,2026-08-19 18:50:00,PENDING
37943,10,8,1193.10,2026-08-19 19:46:00,REFUNDED
37944,8,8,1393.60,2026-08-16 01:08:00,PENDING
37945,7,8,2099.70,2026-08-10 04:03:00,FAILED
37946,1,2,881.80,2026-08-09 04:38:00,PENDING
37947,1,1,NOT_A_NUMBER,2026-08-01 12:00:00,SUCCESS
37948,1,12,2011.40,2026-08-29 06:52:00,SUCCESS
37949,5,17,180.60,2026-08-14 08:52:00,FAILED
37950,2,20,4357.30,2026-08-24 17:20:00,FAILED
37951,6,15,3480.90,2026-08-30 04:56:00,REFUNDED
37952,6,4,556.20,2026-08-07 23:33:00,FAILED
37953,1,1,4998.60,2026-08-04 22:38:00,PENDING
37954,6,20,4202.20,2026-08-07 21:35:00,SUCCESS
37955,9,19,136.90,2026-08-20 09:15:00,PENDING
37956,9,11,2833.40,2026-08-18 21:23:00,REFUNDED
37957,10,13,263.60,2026-08-03 22:58:00,PENDING
37958,5,5,4892.40,2026-08-01 14:24:00,FAILED
37959,2,8,1685.70,2026-08-24 23:07:00,REFUNDED
37960,6,5,1238.70,2026-08-02 00:25:00,PENDING
37961,1,1,5000,2026-08-01 12:00:00,UNKNOWN_STATUS
37962,5,18,1034.70,2026-08-08 07:01:00,REFUNDED
37963,10,6,4815.50,2026-08-06 23:56:00,SUCCESS
37964,6,17,491.20,2026-08-25 09:10:00,SUCCESS
37965,8,5,3225.80,2026-08-29 13:05:00,SUCCESS
37966,10,10,1820.60,2026-08-19 00:53:00,SUCCESS
37967,7,14,3586.90,2026-08-23 03:28:00,PENDING
37968,10,19,2603.00,2026-08-06 16:30:00,PENDING
37969,1,15,3302.50,2026-08-06 02:16:00,REFUNDED
37970,6,2,492.00,2026-08-06 01:27:00,FAILED
37971,1,7,4801.70,2026-08-06 06:14:00,FAILED
37972,6,5,955.50,2026-08-01 10:06:00,PENDING
37973,8,12,3021.80,2026-08-23 16:18:00,PENDING
37974,2,19,3817.20,2026-08-13 23:13:00,FAILED
37975,2,6,1087.70,2026-08-09 02:08:00,FAILED
37976,4,3,614.90,2026-08-03 11:27:00,SUCCESS
37977,4,9,1090.20,2026-08-10 15:42:00,PENDING
37978,4,10,2798.10,2026-08-07 16:39:00,FAILED
37979,3,10,2811.90,2026-08-29 13:59:00,PENDING
37980,7,8,1060.30,2026-08-27 21:06:00,SUCCESS
37981,2,18,3315.10,2026-08-22 14:41:00,FAILED
37982,2,5,1212.60,2026-08-12 21:51:00,SUCCESS
37983,10,12,2360.40,2026-08-15 12:25:00,REFUNDED
37984,9,18,4295.90,2026-08-20 11:22:00,FAILED
37985,8,2,3394.50,2026-08-16 08:06:00,REFUNDED
37986,4,15,3697.20,2026-08-09 04:51:00,SUCCESS
37987,9,6,1504.50,2026-08-01 10:11:00,REFUNDED
37988,10,19,3464.50,2026-08-19 05:52:00,FAILED
37989,5,14,1546.10,2026-08-19 04:51:00,SUCCESS
37990,6,19,683.50,2026-08-07 11:39:00,PENDING
37991,5,9,4402.00,2026-08-07 16:24:00,REFUNDED
37992,2,11,4209.70,2026-08-31 01:43:00,FAILED
37993,7,12,3956.80,2026-08-17 08:52:00,PENDING
37994,1,14,1366.30,2026-08-15 13:09:00,PENDING
37995,10,20,1713.70,2026-08-30 22:55:00,FAILED
37996,2,13,2440.60,2026-08-12 00:56:00,PENDING
37997,2,17,3742.20,2026-08-07 12:10:00,FAILED
37998,3,9,2260.00,2026-08-18 00:41:00,PENDING
37999,7,5,1679.30,2026-08-12 09:49:00,FAILED
38000,1,100.00
38001,9,19,4181.30,2026-08-04 14:34:00,REFUNDED
38002,2,6,892.60,2026-08-15 12:35:00,PENDING
38003,9,10,563.90,2026-08-07 16:09:00,FAILED
38004,4,2,1829.10,2026-08-30 14:55:00,REFUNDED
38005,8,18,2712.90,2026-08-08 19:22:00,SUCCESS
38006,8,9,200.20,2026-08-25 10:04:00,FAILED
38007,7,14,3983.60,2026-08-09 17:42:00,SUCCESS
38008,7,13,3151.40,2026-08-21 17:20:00,REFUNDED
38009,9,11,4085.40,2026-08-04 22:05:00,REFUNDED
38010,5,15,2987.80,2026-08-05 20:53:00,PENDING
38011,1,19,4232.20,2026-08-13 04:24:00,PENDING
38012,5,13,58.80,2026-08-26 05:36:00,REFUNDED
38013,10,1,3318.00,2026-08-14 23:27:00,FAILED
38014,5,7,1707.70,2026-08-06 18:38:00,FAILED
38015,9,13,5005.40,2026-08-09 07:47:00,REFUNDED
38016,1,8,4126.80,2026-08-05 18:33:00,SUCCESS
38017,1,1,NOT_A_NUMBER,2026-08-01 12:00:00,SUCCESS
38018,7,5,2486.00,2026-08-12 01:21:00,FAILED
38019,1,19,3357.90,2026-08-20 21:30:00,PENDING
38020,10,13,3864.50,2026-08-06 06:41:00,PENDING
38021,3,11,3165.50,2026-08-25 23:42:00,PENDING
38022,8,5,480.90,2026-08-16 02:05:00,FAILED
38023,10,10,684.40,2026-08-16 11:24:00,SUCCESS
38024,1,16,1425.20,2026-08-03 04:52:00,REFUNDED
38025,1,12,1080.50,2026-08-21 23:18:00,REFUNDED
38026,4,16,2633.60,2026-08-12 06:18:00,SUCCESS
38027,7,11,3057.70,2026-08-15 21:37:00,FAILED
38028,7,2,3232.90,2026-08-04 04:48:00,REFUNDED
38029,8,13,934.90,2026-08-03 00:34:00,SUCCESS
38030,7,17,4116.20,2026-08-05 15:54:00,REFUNDED
38031,3,1,2921.20,2026-08-09 01:09:00,FAILED
38032,6,4,224.00,2026-08-27 02:30:00,REFUNDED
38033,8,11,233.10,2026-08-12 05:28:00,PENDING
38034,5,14,4294.60,2026-08-19 03:42:00,FAILED
38035,1,13,2765.60,2026-08-15 20:01:00,REFUNDED
38036,4,6,4354.70,2026-08-04 16:49:00,SUCCESS
38037,4,14,2534.30,2026-08-20 08:45:00,REFUNDED
38038,7,9,2365.60,2026-08-09 02:40:00,PENDING
38039,8,18,4814.70,2026-08-16 06:57:00,PENDING
38040,3,5,2550.50,2026-08-07 13:10:00,FAILED
38041,6,7,876.50,2026-08-21 07:03:00,SUCCESS
38042,4,9,2408.60,2026-08-12 03:54:00,FAILED
38043,2,8,2771.40,2026-08-14 07:30:00,PENDING
38044,3,19,2716.00,2026-08-12 17:06:00,FAILED
38045,7,1,648.10,2026-08-12 11:58:00,FAILED
38046,6,20,4701.90,2026-08-23 20:27:00,SUCCESS
38047,4,2,3172.50,2026-08-23 13:57:00,SUCCESS
38048,3,20,699.40,2026-08-29 03:19:00,SUCCESS
38049,3,9,3964.50,2026-08-11 06:41:00,SUCCESS
38050,10,13,3963.10,2026-08-17 19:08:00,FAILED
38051,6,8,4280.10,2026-08-16 17:55:00,FAILED
38052,5,3,4591.70,2026-08-16 14:01:00,PENDING
38053,10,11,4015.20,2026-08-13 20:09:00,FAILED
38054,10,2,1817.80,2026-08-16 15:55:00,PENDING
38055,10,15,3338.60,2026-08-29 19:37:00,REFUNDED
38056,4,17,2646.60,2026-08-02 18:25:00,SUCCESS
38057,8,19,4313.70,2026-08-06 02:56:00,SUCCESS
38058,3,5,2999.10,2026-08-25 00:29:00,REFUNDED
38059,7,10,1209.00,2026-08-20 13:06:00,REFUNDED
38060,5,17,2089.90,2026-08-16 19:54:00,PENDING
38061,8,5,995.70,2026-08-12 23:39:00,REFUNDED
38062,3,13,1423.40,2026-08-16 13:26:00,SUCCESS
38063,8,10,4108.80,2026-08-13 05:16:00,FAILED
38064,6,6,2029.90,2026-08-10 07:54:00,REFUNDED
38065,3,9,2936.50,2026-08-22 14:19:00,FAILED
38066,8,11,3967.00,2026-08-05 20:47:00,REFUNDED
38067,3,6,1033.20,2026-08-12 01:25:00,SUCCESS
38068,4,20,2303.10,2026-08-10 00:41:00,FAILED
38069,10,5,2964.40,2026-08-21 02:48:00,SUCCESS
38070,4,2,4192.80,2026-08-18 22:19:00,FAILED
38071,2,6,2991.30,2026-08-08 00:24:00,PENDING
38072,8,12,1151.30,2026-08-02 16:02:00,SUCCESS
38073,7,14,1959.60,2026-08-21 00:59:00,REFUNDED
38074,5,7,4456.40,2026-08-14 16:22:00,PENDING
38075,1,11,2510.80,2026-08-02 08:16:00,REFUNDED
38076,3,14,1968.30,2026-08-18 03:55:00,REFUNDED
38077,1,1,5000,INVALID_DATE_TIME,SUCCESS
38078,3,7,4712.80,2026-08-26 23:18:00,REFUNDED
38079,1,2,134.50,2026-08-28 11:20:00,REFUNDED
38080,5,10,4592.20,2026-08-26 08:49:00,PENDING
38081,1,17,3855.40,2026-08-19 19:10:00,SUCCESS
38082,3,19,2001.50,2026-08-11 12:26:00,PENDING
38083,6,13,2565.20,2026-08-15 14:27:00,REFUNDED
38084,7,18,2115.70,2026-08-17 20:47:00,PENDING
38085,7,9,2840.20,2026-08-29 03:05:00,SUCCESS
38086,9,3,4315.50,2026-08-28 15:10:00,SUCCESS
38087,4,5,4926.30,2026-08-10 17:24:00,FAILED
38088,10,14,898.90,2026-08-07 07:51:00,PENDING
38089,1,1,5000,2026-08-01 12:00:00,UNKNOWN_STATUS
38090,5,7,4287.30,2026-08-25 11:06:00,REFUNDED
38091,4,19,3781.70,2026-08-13 11:57:00,SUCCESS
38092,10,19,1517.00,2026-08-01 15:20:00,SUCCESS
38093,3,13,3065.80,2026-08-04 04:17:00,PENDING
38094,3,13,739.70,2026-08-09 09:30:00,REFUNDED
38095,9,15,2848.30,2026-08-28 23:43:00,SUCCESS
38096,9,4,724.50,2026-08-05 22:59:00,SUCCESS
38097,5,1,2565.30,2026-08-24 19:43:00,PENDING
38098,4,6,4196.40,2026-08-12 15:51:00,SUCCESS
38099,4,16,1386.80,2026-08-09 11:07:00,PENDING
38100,4,12,4907.70,2026-08-28 19:19:00,REFUNDED
38101,10,2,4386.60,2026-08-23 03:23:00,PENDING
38102,6,7,4551.10,2026-08-24 10:24:00,FAILED
38103,1,1,4371.40,2026-08-26 15:42:00,SUCCESS
38104,5,8,999.50,2026-08-23 02:18:00,SUCCESS
38105,10,3,4231.40,2026-08-17 04:21:00,SUCCESS
38106,6,2,1223.60,2026-08-21 21:42:00,REFUNDED
38107,4,5,542.70,2026-08-18 16:00:00,SUCCESS
38108,8,18,3127.70,2026-08-05 05:44:00,REFUNDED
38109,10,3,2536.70,2026-08-14 13:55:00,SUCCESS
38110,5,18,1869.00,2026-08-29 04:46:00,SUCCESS
38111,1,1,NOT_A_NUMBER,2026-08-01 12:00:00,SUCCESS
38112,9,10,2113.90,2026-08-26 15:40:00,REFUNDED
38113,2,6,4421.80,2026-08-05 17:01:00,FAILED
38114,4,6,3095.40,2026-08-18 09:14:00,FAILED
38115,4,3,3433.60,2026-08-22 10:37:00,REFUNDED
38116,5,11,3631.00,2026-08-17 11:45:00,FAILED
38117,10,14,1362.10,2026-08-20 14:51:00,PENDING
38118,8,20,4452.60,2026-08-30 23:32:00,SUCCESS
38119,10,5,3787.30,2026-08-07 12:02:00,FAILED
38120,2,14,4574.30,2026-08-28 21:53:00,PENDING
38121,4,9,4040.30,2026-08-31 06:55:00,REFUNDED
38122,1,20,2147.50,2026-08-08 06:32:00,PENDING
38123,9,9,2262.60,2026-08-02 05:49:00,FAILED
38124,1,14,1664.70,2026-08-30 05:30:00,FAILED
38125,10,19,2634.30,2026-08-13 21:33:00,REFUNDED
38126,4,18,3896.10,2026-08-10 03:11:00,FAILED
38127,9,13,2963.60,2026-08-16 21:09:00,SUCCESS
38128,1,15,792.20,2026-08-18 04:58:00,SUCCESS
38129,7,9,2852.10,2026-08-18 01:57:00,REFUNDED
38130,5,11,531.80,2026-08-15 20:29:00,SUCCESS
38131,1,17,3754.00,2026-08-25 12:22:00,SUCCESS
38132,1,2,487.00,2026-08-23 02:42:00,SUCCESS
38133,8,4,1629.80,2026-08-29 22:31:00,SUCCESS
38134,6,18,499.70,2026-08-21 17:30:00,REFUNDED
38135,8,7,3209.40,2026-08-01 16:13:00,SUCCESS
38136,8,12,262.90,2026-08-03 16:44:00,FAILED
38137,1,8,1083.10,2026-08-31 04:04:00,SUCCESS
38138,7,13,261.00,2026-08-23 22:59:00,PENDING
38139,5,19,765.70,2026-08-30 11:17:00,FAILED
38140,7,8,783.70,2026-08-18 01:32:00,REFUNDED
38141,3,7,1241.50,2026-08-04 07:31:00,SUCCESS
38142,7,8,3398.10,2026-08-10 17:44:00,SUCCESS
38143,5,7,4852.40,2026-08-13 15:59:00,FAILED
38144,4,2,355.20,2026-08-28 08:02:00,REFUNDED
38145,6,18,3517.50,2026-08-25 21:15:00,FAILED
38146,7,15,3627.00,2026-08-22 00:32:00,FAILED
38147,9,5,445.90,2026-08-24 08:58:00,FAILED
38148,6,3,1946.70,2026-08-18 22:24:00,REFUNDED
38149,8,8,4109.90,2026-08-05 06:46:00,PENDING
38150,9,10,3442.90,2026-08-17 08:32:00,REFUNDED
38151,2,14,3887.40,2026-08-18 11:00:00,PENDING
38152,5,9,3001.00,2026-08-11 09:22:00,SUCCESS
38153,2,5,350.80,2026-08-23 20:59:00,PENDING
38154,5,5,3857.70,2026-08-27 21:59:00,SUCCESS
38155,2,4,2205.70,2026-08-21 12:45:00,PENDING
38156,9,7,568.70,2026-08-14 20:02:00,SUCCESS
38157,9,13,2569.00,2026-08-21 13:49:00,PENDING
38158,4,1,3024.10,2026-08-23 13:07:00,REFUNDED
38159,10,12,3819.10,2026-08-15 13:40:00,FAILED
38160,3,11,585.30,2026-08-27 05:53:00,REFUNDED
38161,9,13,3713.20,2026-08-08 09:17:00,REFUNDED
38162,6,6,4666.50,2026-08-29 16:32:00,SUCCESS
38163,10,19,4164.10,2026-08-29 05:29:00,PENDING
38164,3,5,5017.80,2026-08-19 19:59:00,SUCCESS
38165,9,19,2822.80,2026-08-08 17:36:00,REFUNDED
38166,10,2,4758.70,2026-08-18 18:04:00,SUCCESS
38167,4,16,470.30,2026-08-02 15:31:00,PENDING
38168,10,7,1764.10,2026-08-01 21:53:00,REFUNDED
38169,3,13,2137.10,2026-08-09 16:51:00,SUCCESS
38170,2,19,1816.90,2026-08-12 19:34:00,SUCCESS
38171,5,12,3832.60,2026-08-27 02:24:00,REFUNDED
38172,6,1,4239.50,2026-08-04 18:25:00,PENDING
38173,4,15,2901.20,2026-08-15 15:58:00,PENDING
38174,7,2,4373.50,2026-08-27 22:52:00,SUCCESS
38175,4,12,2737.30,2026-08-15 21:27:00,PENDING
38176,10,1,665.10,2026-08-29 23:47:00,REFUNDED
38177,2,3,1163.80,2026-08-14 06:16:00,REFUNDED
38178,1,1,3637.10,2026-08-17 09:16:00,REFUNDED
38179,5,5,1842.40,2026-08-21 03:50:00,PENDING
38180,8,15,276.10,2026-08-23 21:29:00,PENDING
38181,3,17,1598.30,2026-08-14 20:19:00,PENDING
38182,8,2,4820.80,2026-08-04 14:24:00,SUCCESS
38183,6,18,4474.20,2026-08-27 22:19:00,SUCCESS
38184,3,7,1398.10,2026-08-08 17:18:00,SUCCESS
38185,5,8,3203.40,2026-08-27 14:54:00,SUCCESS
38186,1,20,2776.10,2026-08-28 11:00:00,SUCCESS
38187,10,10,4719.30,2026-08-05 11:45:00,SUCCESS
38188,3,10,3080.30,2026-08-04 19:42:00,SUCCESS
38189,3,3,1640.20,2026-08-02 22:56:00,FAILED
38190,7,6,2441.80,2026-08-18 04:45:00,FAILED
38191,9,8,4905.70,2026-08-24 00:30:00,PENDING
38192,2,5,2614.70,2026-08-11 19:06:00,REFUNDED
38193,10,12,3042.20,2026-08-12 17:46:00,SUCCESS
38194,3,19,4334.80,2026-08-20 17:08:00,PENDING
38195,10,1,2525.70,2026-08-22 18:01:00,FAILED
38196,7,5,2110.30,2026-08-11 13:14:00,PENDING
38197,8,18,218.10,2026-08-10 09:54:00,FAILED
38198,6,3,4370.70,2026-08-18 23:03:00,FAILED
38199,2,4,2828.60,2026-08-28 08:01:00,FAILED
38200,5,10,313.70,2026-08-18 06:54:00,FAILED
38201,3,18,780.50,2026-08-12 23:16:00,REFUNDED
38202,7,7,4404.30,2026-08-19 13:54:00,SUCCESS
38203,3,4,4618.50,2026-08-30 14:49:00,FAILED
38204,4,19,2537.40,2026-08-11 07:50:00,PENDING
38205,1,10,1265.30,2026-08-20 15:00:00,FAILED
38206,2,8,4009.90,2026-08-24 17:24:00,SUCCESS
38207,3,7,2157.60,2026-08-01 11:52:00,PENDING
38208,7,10,888.00,2026-08-25 05:45:00,PENDING
38209,5,13,4465.60,2026-08-02 07:57:00,REFUNDED
38210,7,7,1689.30,2026-08-08 08:07:00,REFUNDED
38211,2,19,1314.40,2026-08-11 22:22:00,REFUNDED
38212,2,15,3367.20,2026-08-15 09:14:00,REFUNDED
38213,1,17,1483.30,2026-08-17 09:59:00,FAILED
38214,9,2,4364.20,2026-08-08 06:21:00,PENDING
38215,9,7,4500.00,2026-08-08 18:57:00,SUCCESS
38216,10,1,2553.40,2026-08-24 14:22:00,SUCCESS
38217,4,6,4862.20,2026-08-12 04:36:00,FAILED
38218,3,15,2690.20,2026-08-21 03:36:00,FAILED
38219,4,4,2385.50,2026-08-14 17:04:00,PENDING
38220,7,7,2579.90,2026-08-26 10:36:00,PENDING
38221,4,16,2517.60,2026-08-04 11:55:00,FAILED
38222,6,12,4812.00,2026-08-18 00:25:00,FAILED
38223,5,8,1129.90,2026-08-22 13:55:00,PENDING
38224,1,8,2940.70,2026-08-08 00:50:00,PENDING
38225,2,7,1475.30,2026-08-06 05:35:00,SUCCESS
38226,6,15,2403.30,2026-08-18 00:07:00,FAILED
38227,7,19,2630.50,2026-08-18 14:59:00,PENDING
38228,3,18,1775.80,2026-08-26 03:01:00,REFUNDED
38229,10,12,3725.00,2026-08-10 07:44:00,SUCCESS
38230,1,100.00
38231,4,18,1259.60,2026-08-09 18:58:00,SUCCESS
38232,4,11,3676.10,2026-08-10 10:46:00,FAILED
38233,10,13,2524.40,2026-08-25 06:42:00,FAILED
38234,7,6,1692.40,2026-08-08 04:04:00,SUCCESS
38235,6,1,2339.30,2026-08-09 06:26:00,REFUNDED
38236,6,17,2068.80,2026-08-11 13:50:00,FAILED
38237,3,6,215.30,2026-08-12 18:02:00,PENDING
38238,9,13,2328.00,2026-08-29 16:34:00,SUCCESS
38239,3,2,4042.80,2026-08-25 22:54:00,PENDING
38240,1,1,5000,INVALID_DATE_TIME,SUCCESS
38241,1,15,3518.00,2026-08-08 18:06:00,FAILED
38242,9,16,4832.30,2026-08-15 16:18:00,PENDING
38243,8,12,194.00,2026-08-14 08:47:00,FAILED
38244,10,18,976.00,2026-08-15 08:31:00,SUCCESS
38245,9,9,2743.30,2026-08-21 21:08:00,REFUNDED
38246,6,14,2909.80,2026-08-26 20:28:00,SUCCESS
38247,2,18,1946.20,2026-08-19 15:56:00,REFUNDED
38248,6,1,2899.10,2026-08-07 14:46:00,PENDING
38249,1,6,4527.50,2026-08-04 09:35:00,PENDING
38250,5,8,1742.50,2026-08-24 03:40:00,REFUNDED
38251,3,3,889.80,2026-08-01 23:33:00,SUCCESS
38252,6,3,1014.10,2026-08-14 00:43:00,PENDING
38253,2,7,4437.70,2026-08-08 02:27:00,REFUNDED
38254,9,10,5023.70,2026-08-12 17:07:00,REFUNDED
38255,4,17,982.50,2026-08-23 18:45:00,PENDING
38256,4,7,1585.20,2026-08-14 11:47:00,FAILED
38257,8,7,211.30,2026-08-10 05:41:00,REFUNDED
38258,6,14,2976.00,2026-08-01 22:14:00,SUCCESS
38259,10,1,3511.70,2026-08-03 11:50:00,PENDING
38260,6,12,2354.10,2026-08-10 21:22:00,FAILED
38261,10,10,3764.20,2026-08-04 00:37:00,SUCCESS
38262,9,4,4732.80,2026-08-10 17:25:00,PENDING
38263,6,7,4306.30,2026-08-04 20:56:00,FAILED
38264,6,15,1714.20,2026-08-17 20:13:00,REFUNDED
38265,8,16,1779.40,2026-08-23 02:15:00,SUCCESS
38266,5,2,3811.20,2026-08-16 14:46:00,SUCCESS
38267,6,9,2062.50,2026-08-10 23:45:00,FAILED
38268,5,9,822.40,2026-08-11 08:35:00,PENDING
38269,6,18,361.90,2026-08-30 00:52:00,PENDING
38270,10,18,2381.90,2026-08-20 08:05:00,REFUNDED
38271,4,8,3915.80,2026-08-20 23:48:00,REFUNDED
38272,8,19,2594.20,2026-08-28 19:40:00,FAILED
38273,10,10,1181.10,2026-08-30 16:36:00,FAILED
38274,5,17,842.30,2026-08-24 09:31:00,REFUNDED
38275,5,5,1503.10,2026-08-27 17:42:00,PENDING
38276,1,17,1872.00,2026-08-22 23:14:00,REFUNDED
38277,9,19,698.10,2026-08-11 16:00:00,PENDING
38278,5,7,4042.60,2026-08-14 22:13:00,REFUNDED
38279,5,18,4563.60,2026-08-11 15:46:00,SUCCESS
38280,5,5,4690.40,2026-08-10 11:56:00,PENDING
38281,10,16,4411.10,2026-08-11 20:49:00,REFUNDED
38282,5,20,659.70,2026-08-20 23:36:00,SUCCESS
38283,5,17,336.00,2026-08-18 04:26:00,REFUNDED
38284,3,14,4414.00,2026-08-02 03:30:00,REFUNDED
38285,5,12,4322.70,2026-08-08 08:13:00,SUCCESS
38286,9,12,3294.90,2026-08-06 00:52:00,SUCCESS
38287,6,12,3460.10,2026-08-21 20:14:00,FAILED
38288,1,1,NOT_A_NUMBER,2026-08-01 12:00:00,SUCCESS
38289,7,11,3062.30,2026-08-03 10:54:00,REFUNDED
38290,9,1,4067.90,2026-08-11 06:26:00,SUCCESS
38291,6,14,2846.90,2026-08-24 02:28:00,REFUNDED
38292,9,18,311.50,2026-08-24 10:12:00,PENDING
38293,7,11,3851.50,2026-08-10 00:00:00,PENDING
38294,5,5,3862.00,2026-08-02 07:21:00,SUCCESS
38295,1,2,882.10,2026-08-20 04:55:00,FAILED
38296,7,5,3013.90,2026-08-15 19:27:00,FAILED
38297,4,6,2614.00,2026-08-22 10:39:00,PENDING
38298,9,8,4609.50,2026-08-31 07:10:00,PENDING
38299,10,9,1165.10,2026-08-02 12:01:00,FAILED
38300,3,7,1638.60,2026-08-26 17:30:00,FAILED
38301,1,9,2297.10,2026-08-30 20:53:00,SUCCESS
38302,9,16,2830.10,2026-08-24 14:11:00,PENDING
38303,9,14,460.70,2026-08-06 11:23:00,REFUNDED
38304,2,9,1644.30,2026-08-11 09:58:00,FAILED
38305,3,16,1237.80,2026-08-30 20:32:00,SUCCESS
38306,3,9,1227.40,2026-08-06 20:06:00,SUCCESS
38307,2,15,626.70,2026-08-07 04:17:00,SUCCESS
38308,6,20,1908.50,2026-08-09 05:41:00,PENDING
38309,6,8,4084.50,2026-08-13 09:23:00,PENDING
38310,4,8,5021.30,2026-08-20 13:10:00,FAILED
38311,4,6,502.40,2026-08-07 18:34:00,PENDING
38312,3,20,1507.30,2026-08-03 22:48:00,REFUNDED
38313,6,14,3207.40,2026-08-30 20:39:00,PENDING
38314,3,8,2397.80,2026-08-12 16:48:00,PENDING
38315,10,10,4115.20,2026-08-20 16:04:00,FAILED
38316,8,12,861.30,2026-08-28 20:53:00,SUCCESS
38317,6,15,214.10,2026-08-31 04:41:00,PENDING
38318,7,16,4897.60,2026-08-09 21:42:00,FAILED
38319,1,19,182.20,2026-08-05 10:18:00,REFUNDED
38320,5,19,2527.40,2026-08-03 19:58:00,REFUNDED
38321,7,8,933.80,2026-08-12 19:34:00,REFUNDED
38322,9,7,5047.10,2026-08-28 19:36:00,REFUNDED
38323,9,16,3533.60,2026-08-04 11:32:00,SUCCESS
38324,8,19,3601.30,2026-08-16 18:02:00,SUCCESS
38325,4,13,4092.80,2026-08-01 20:37:00,REFUNDED
38326,10,12,4095.20,2026-08-27 16:36:00,REFUNDED
38327,6,20,1327.50,2026-08-13 21:59:00,REFUNDED
38328,8,16,3154.50,2026-08-12 02:23:00,REFUNDED
38329,8,10,4124.20,2026-08-16 20:26:00,FAILED
38330,5,11,4091.20,2026-08-08 17:25:00,PENDING
38331,9,10,2190.00,2026-08-24 14:58:00,REFUNDED
38332,2,19,1990.30,2026-08-11 01:20:00,PENDING
38333,5,14,2430.70,2026-08-18 00:35:00,SUCCESS
38334,8,10,2656.80,2026-08-05 22:09:00,PENDING
38335,2,7,5020.50,2026-08-05 16:18:00,PENDING
38336,1,8,4740.90,2026-08-18 04:34:00,FAILED
38337,6,8,3870.40,2026-08-19 06:04:00,FAILED
38338,10,18,4440.40,2026-08-16 02:53:00,FAILED
38339,4,8,3155.60,2026-08-14 00:27:00,PENDING
38340,4,6,3698.40,2026-08-23 22:28:00,FAILED
38341,10,16,1493.50,2026-08-11 03:51:00,PENDING
38342,3,4,4148.10,2026-08-05 15:46:00,FAILED
38343,5,15,638.80,2026-08-19 03:43:00,SUCCESS
38344,7,1,166.20,2026-08-30 15:31:00,REFUNDED
38345,5,3,3137.90,2026-08-06 10:16:00,PENDING
38346,9,15,4353.60,2026-08-20 08:41:00,REFUNDED
38347,4,14,5038.70,2026-08-13 11:32:00,SUCCESS
38348,5,20,4998.60,2026-08-04 09:33:00,FAILED
38349,3,10,4562.90,2026-08-24 17:10:00,REFUNDED
38350,1,15,2981.70,2026-08-08 02:09:00,SUCCESS
38351,1,5,2841.30,2026-08-29 15:49:00,FAILED
38352,4,10,324.10,2026-08-22 08:43:00,REFUNDED
38353,10,20,3758.30,2026-08-10 23:59:00,REFUNDED
38354,7,19,4481.90,2026-08-17 20:37:00,REFUNDED
38355,10,12,3173.40,2026-08-16 12:40:00,FAILED
38356,1,8,4451.60,2026-08-16 00:24:00,PENDING
38357,1,19,1611.50,2026-08-27 10:35:00,FAILED
38358,7,9,4286.00,2026-08-24 09:50:00,REFUNDED
38359,9,12,395.90,2026-08-19 23:07:00,SUCCESS
38360,5,11,2355.50,2026-08-24 09:31:00,FAILED
38361,5,17,2329.90,2026-08-20 04:29:00,REFUNDED
38362,5,18,382.90,2026-08-18 03:31:00,PENDING
38363,4,5,4083.10,2026-08-22 09:01:00,FAILED
38364,9,19,2776.80,2026-08-11 11:51:00,FAILED
38365,7,4,4598.00,2026-08-28 05:25:00,PENDING
38366,4,3,2920.00,2026-08-01 15:19:00,PENDING
38367,10,6,4071.20,2026-08-25 18:04:00,REFUNDED
38368,10,12,573.50,2026-08-24 04:57:00,SUCCESS
38369,2,15,3770.40,2026-08-04 00:47:00,FAILED
38370,3,5,763.20,2026-08-05 06:59:00,FAILED
38371,6,4,4772.70,2026-08-25 03:04:00,PENDING
38372,6,4,2660.80,2026-08-28 04:21:00,REFUNDED
38373,9,19,2821.70,2026-08-30 00:22:00,FAILED
38374,2,6,741.30,2026-08-12 16:26:00,SUCCESS
38375,7,18,585.00,2026-08-21 04:58:00,REFUNDED
38376,3,6,2979.60,2026-08-18 20:08:00,REFUNDED
38377,5,7,1830.50,2026-08-28 06:41:00,SUCCESS
38378,7,10,1846.30,2026-08-27 11:27:00,FAILED
38379,6,6,3431.10,2026-08-10 12:09:00,REFUNDED
38380,9,8,4560.90,2026-08-14 22:52:00,REFUNDED
38381,8,11,4468.90,2026-08-23 22:17:00,REFUNDED
38382,9,8,3604.10,2026-08-21 09:22:00,SUCCESS
38383,3,10,4433.00,2026-08-26 22:02:00,PENDING
38384,6,17,2255.10,2026-08-24 02:59:00,REFUNDED
38385,6,11,3969.20,2026-08-06 20:34:00,FAILED
38386,3,7,512.40,2026-08-18 19:17:00,SUCCESS
38387,3,18,2531.30,2026-08-16 00:06:00,REFUNDED
38388,9,20,3616.30,2026-08-20 14:46:00,SUCCESS
38389,7,11,4809.10,2026-08-18 21:29:00,PENDING
38390,8,12,203.10,2026-08-14 18:08:00,PENDING
38391,7,10,1381.60,2026-08-24 12:47:00,PENDING
38392,3,5,4707.50,2026-08-09 18:42:00,FAILED
38393,7,6,1839.40,2026-08-13 16:11:00,SUCCESS
38394,5,11,1546.00,2026-08-02 06:47:00,FAILED
38395,4,5,3371.20,2026-08-23 05:02:00,REFUNDED
38396,4,5,2978.20,2026-08-25 13:24:00,SUCCESS
38397,8,11,153.70,2026-08-28 15:44:00,PENDING
38398,8,12,511.90,2026-08-22 12:52:00,FAILED
38399,3,13,1518.00,2026-08-06 13:23:00,PENDING
38400,1,100.00
38401,6,14,1554.40,2026-08-22 12:16:00,SUCCESS
38402,1,1,NOT_A_NUMBER,2026-08-01 12:00:00,SUCCESS
38403,9,19,3728.90,2026-08-09 20:34:00,SUCCESS
38404,5,16,1844.30,2026-08-25 03:22:00,PENDING
38405,2,2,161.90,2026-08-05 23:27:00,PENDING
38406,5,7,1966.10,2026-08-24 15:19:00,FAILED
38407,1,7,2478.30,2026-08-24 21:35:00,PENDING
38408,2,8,1034.70,2026-08-25 16:47:00,REFUNDED
38409,5,6,2099.20,2026-08-15 19:08:00,PENDING
38410,4,12,1535.10,2026-08-19 09:25:00,PENDING
38411,3,7,191.90,2026-08-15 11:42:00,REFUNDED
38412,9,6,1026.40,2026-08-10 19:30:00,SUCCESS
38413,6,19,4901.60,2026-08-22 13:22:00,REFUNDED
38414,10,6,4415.40,2026-08-05 09:46:00,REFUNDED
38415,3,4,3364.90,2026-08-31 06:39:00,REFUNDED
38416,7,11,2297.70,2026-08-15 05:35:00,PENDING
38417,6,3,5044.90,2026-08-04 06:29:00,PENDING
38418,8,7,2160.60,2026-08-13 18:33:00,REFUNDED
38419,9,5,3837.50,2026-08-10 17:16:00,SUCCESS
38420,3,19,1985.60,2026-08-03 22:11:00,FAILED
38421,1,4,4343.70,2026-08-26 20:18:00,FAILED
38422,7,11,590.10,2026-08-01 09:42:00,PENDING
38423,5,17,4978.60,2026-08-05 01:15:00,FAILED
38424,1,17,2337.70,2026-08-15 20:01:00,REFUNDED
38425,9,15,2937.60,2026-08-23 02:31:00,FAILED
38426,1,1,660.80,2026-08-24 16:36:00,PENDING
38427,2,11,365.70,2026-08-13 19:01:00,PENDING
38428,10,14,173.20,2026-08-20 15:07:00,FAILED
38429,6,6,2567.70,2026-08-07 07:34:00,PENDING
38430,2,3,110.40,2026-08-19 02:00:00,SUCCESS
38431,10,16,2225.20,2026-08-27 17:27:00,FAILED
38432,10,19,3312.80,2026-08-05 05:22:00,REFUNDED
38433,5,7,3619.10,2026-08-16 04:44:00,SUCCESS
38434,8,9,1140.90,2026-08-16 16:35:00,PENDING
38435,3,13,2947.60,2026-08-29 22:52:00,REFUNDED
38436,6,17,3432.10,2026-08-25 06:09:00,PENDING
38437,2,5,4696.40,2026-08-22 22:10:00,PENDING
38438,8,2,1398.30,2026-08-16 15:53:00,SUCCESS
38439,2,6,2740.80,2026-08-23 11:11:00,REFUNDED
38440,2,6,2653.20,2026-08-24 12:55:00,SUCCESS
38441,5,20,1242.20,2026-08-18 09:25:00,FAILED
38442,5,3,1977.60,2026-08-02 18:10:00,SUCCESS
38443,6,9,1323.80,2026-08-29 02:41:00,REFUNDED
38444,3,15,3696.40,2026-08-21 05:44:00,FAILED
38445,8,10,3032.20,2026-08-07 21:24:00,SUCCESS
38446,9,9,3488.00,2026-08-19 22:48:00,PENDING
38447,6,2,1326.60,2026-08-18 10:00:00,REFUNDED
38448,8,11,3607.50,2026-08-23 10:46:00,PENDING
38449,8,20,3068.30,2026-08-24 17:57:00,PENDING
38450,7,2,4853.70,2026-08-02 19:48:00,PENDING
38451,2,12,3177.50,2026-08-02 08:26:00,SUCCESS
38452,1,3,3835.80,2026-08-08 19:22:00,SUCCESS
38453,8,6,3092.40,2026-08-28 20:11:00,REFUNDED
38454,10,2,2526.40,2026-08-01 20:29:00,FAILED
38455,4,5,1600.50,2026-08-09 06:45:00,REFUNDED
38456,6,10,4863.60,2026-08-23 13:28:00,PENDING
38457,2,11,4765.90,2026-08-27 23:08:00,SUCCESS
38458,4,4,305.00,2026-08-30 09:05:00,PENDING
38459,7,10,3859.30,2026-08-13 03:02:00,SUCCESS
38460,2,2,4526.40,2026-08-23 17:30:00,REFUNDED
38461,2,19,1549.00,2026-08-22 07:44:00,PENDING
38462,5,18,2217.50,2026-08-18 07:59:00,SUCCESS
38463,4,9,3846.50,2026-08-20 13:04:00,FAILED
38464,3,19,3425.00,2026-08-17 22:12:00,FAILED
38465,1,14,5023.40,2026-08-05 23:27:00,REFUNDED
38466,5,14,4593.30,2026-08-11 12:30:00,FAILED
38467,3,10,4327.80,2026-08-26 22:13:00,PENDING
38468,8,16,1237.80,2026-08-27 02:50:00,FAILED
38469,8,5,1249.10,2026-08-29 11:42:00,PENDING
38470,8,16,3253.60,2026-08-20 16:07:00,FAILED
38471,9,19,323.50,2026-08-15 22:31:00,REFUNDED
38472,6,17,1901.10,2026-08-21 21:44:00,REFUNDED
38473,2,16,4583.10,2026-08-24 06:07:00,SUCCESS
38474,5,5,4557.40,2026-08-25 10:00:00,SUCCESS
38475,6,17,812.00,2026-08-30 22:32:00,PENDING
38476,6,12,4923.70,2026-08-17 18:01:00,PENDING
38477,4,12,2668.20,2026-08-19 10:46:00,SUCCESS
38478,2,7,409.30,2026-08-06 10:26:00,SUCCESS
38479,5,13,2770.30,2026-08-05 16:21:00,REFUNDED
38480,9,15,1223.10,2026-08-24 11:01:00,FAILED
38481,1,3,2377.30,2026-08-22 02:03:00,PENDING
38482,9,17,2649.30,2026-08-24 18:50:00,REFUNDED
38483,3,6,2127.60,2026-08-29 14:54:00,SUCCESS
38484,2,1,2155.10,2026-08-25 15:09:00,PENDING
38485,5,8,3197.90,2026-08-23 18:33:00,FAILED
38486,9,14,1508.20,2026-08-29 21:29:00,REFUNDED
38487,6,3,738.30,2026-08-04 07:59:00,SUCCESS
38488,6,19,3579.70,2026-08-01 17:20:00,FAILED
38489,10,12,2880.50,2026-08-23 16:16:00,REFUNDED
38490,1,19,3548.30,2026-08-28 00:28:00,PENDING
38491,4,13,4262.80,2026-08-26 00:34:00,FAILED
38492,1,12,3679.10,2026-08-05 01:33:00,PENDING
38493,9,2,2393.40,2026-08-05 00:35:00,SUCCESS
38494,7,19,2899.60,2026-08-21 07:10:00,SUCCESS
38495,3,8,2718.20,2026-08-20 09:03:00,FAILED
38496,10,19,2842.90,2026-08-28 09:17:00,FAILED
38497,7,20,4530.50,2026-08-25 22:56:00,FAILED
38498,6,20,4628.70,2026-08-25 06:50:00,FAILED
38499,6,4,2876.10,2026-08-18 16:36:00,SUCCESS
38500,5,17,1321.70,2026-08-26 13:51:00,SUCCESS
38501,8,14,1266.40,2026-08-22 21:27:00,PENDING
38502,5,8,4153.90,2026-08-08 20:32:00,REFUNDED
38503,4,13,1669.90,2026-08-27 07:47:00,SUCCESS
38504,6,5,206.30,2026-08-21 02:08:00,REFUNDED
38505,5,1,2579.70,2026-08-06 10:37:00,SUCCESS
38506,1,1,5000,2026-08-01 12:00:00,UNKNOWN_STATUS
38507,6,2,1357.80,2026-08-07 12:48:00,PENDING
38508,1,1,5000,2026-08-01 12:00:00,UNKNOWN_STATUS
38509,8,11,4962.80,2026-08-04 19:44:00,FAILED
38510,4,7,2629.90,2026-08-07 08:43:00,SUCCESS
38511,9,10,3449.50,2026-08-05 16:58:00,FAILED
38512,4,12,1281.00,2026-08-29 20:09:00,SUCCESS
38513,9,20,3058.60,2026-08-13 17:46:00,PENDING
38514,4,7,2186.70,2026-08-05 10:04:00,REFUNDED
38515,7,8,2772.90,2026-08-01 23:56:00,PENDING
38516,7,8,1124.80,2026-08-28 05:52:00,REFUNDED
38517,4,5,2850.20,2026-08-16 21:42:00,FAILED
38518,9,16,2699.10,2026-08-16 18:54:00,REFUNDED
38519,4,2,4597.70,2026-08-26 20:00:00,SUCCESS
38520,6,9,3663.80,2026-08-07 09:56:00,FAILED
38521,8,10,2545.10,2026-08-25 01:29:00,FAILED
38522,6,18,1034.30,2026-08-29 23:45:00,SUCCESS
38523,3,12,4977.10,2026-08-02 15:33:00,PENDING
38524,3,18,5049.60,2026-08-29 00:56:00,PENDING
38525,9,12,4872.70,2026-08-16 02:49:00,SUCCESS
38526,9,18,3584.70,2026-08-22 19:00:00,REFUNDED
38527,1,1,5000,2026-08-01 12:00:00,UNKNOWN_STATUS
38528,2,5,4087.80,2026-08-08 08:08:00,PENDING
38529,6,13,3883.80,2026-08-21 09:58:00,PENDING
38530,5,6,361.60,2026-08-21 11:32:00,REFUNDED
38531,2,16,875.80,2026-08-01 11:15:00,SUCCESS
38532,1,1,1898.70,2026-08-14 14:04:00,PENDING
38533,6,9,3371.70,2026-08-19 17:02:00,FAILED
38534,2,7,3018.20,2026-08-16 13:38:00,PENDING
38535,1,15,3753.80,2026-08-23 03:05:00,PENDING
38536,8,12,251.00,2026-08-06 21:22:00,SUCCESS
38537,3,4,358.60,2026-08-22 15:40:00,PENDING
38538,5,14,642.30,2026-08-18 08:12:00,PENDING
38539,1,4,4894.80,2026-08-17 21:03:00,SUCCESS
38540,1,7,4860.20,2026-08-18 12:25:00,REFUNDED
38541,1,20,3199.80,2026-08-17 02:09:00,SUCCESS
38542,6,16,2474.90,2026-08-13 12:20:00,REFUNDED
38543,9,1,2480.90,2026-08-11 13:04:00,PENDING
38544,2,19,2088.70,2026-08-19 14:29:00,PENDING
38545,9,12,1822.50,2026-08-07 16:21:00,FAILED
38546,3,8,1629.80,2026-08-01 14:26:00,PENDING
38547,1,1,5000,2026-08-01 12:00:00,UNKNOWN_STATUS
38548,9,19,3350.00,2026-08-15 23:43:00,SUCCESS
38549,7,1,4679.00,2026-08-25 09:48:00,FAILED
38550,7,6,1988.80,2026-08-28 14:00:00,REFUNDED
38551,1,1,3327.30,2026-08-26 03:51:00,REFUNDED
38552,2,13,4282.30,2026-08-16 01:41:00,REFUNDED
38553,5,1,4661.00,2026-08-11 12:30:00,SUCCESS
38554,6,10,4212.30,2026-08-02 17:48:00,REFUNDED
38555,3,10,509.40,2026-08-29 18:12:00,REFUNDED
38556,3,7,1188.70,2026-08-24 06:46:00,PENDING
38557,4,17,4034.70,2026-08-11 08:48:00,REFUNDED
38558,2,20,4990.00,2026-08-24 14:17:00,REFUNDED
38559,9,17,3779.40,2026-08-30 20:35:00,REFUNDED
38560,1,3,1077.50,2026-08-29 23:43:00,REFUNDED
38561,8,20,148.40,2026-08-24 04:48:00,REFUNDED
38562,3,12,4043.40,2026-08-17 11:34:00,SUCCESS
38563,7,15,943.50,2026-08-29 06:35:00,FAILED
38564,9,20,1197.30,2026-08-19 14:02:00,FAILED
38565,5,3,93.00,2026-08-20 04:04:00,FAILED
38566,2,6,2005.20,2026-08-23 05:17:00,REFUNDED
38567,1,100.00
38568,3,13,2506.70,2026-08-22 22:52:00,SUCCESS
38569,4,18,2120.80,2026-08-31 00:46:00,FAILED
38570,5,8,3315.90,2026-08-25 04:27:00,SUCCESS
38571,5,17,2750.20,2026-08-12 04:04:00,FAILED
38572,2,8,2286.10,2026-08-22 12:48:00,FAILED
38573,2,19,2508.90,2026-08-27 04:07:00,PENDING
38574,3,17,3244.00,2026-08-07 19:17:00,REFUNDED
38575,5,10,2740.30,2026-08-04 10:21:00,FAILED
38576,6,6,3673.10,2026-08-29 16:21:00,REFUNDED
38577,3,12,380.20,2026-08-24 06:12:00,PENDING
38578,4,7,990.80,2026-08-02 05:24:00,PENDING
38579,2,8,2446.90,2026-08-23 12:40:00,PENDING
38580,3,11,163.60,2026-08-18 22:21:00,REFUNDED
38581,9,16,2705.60,2026-08-25 23:43:00,PENDING
38582,3,7,3306.40,2026-08-28 15:47:00,REFUNDED
38583,10,16,864.20,2026-08-26 12:52:00,PENDING
38584,6,14,506.70,2026-08-19 11:33:00,REFUNDED
38585,6,18,1828.30,2026-08-17 19:18:00,FAILED
38586,8,3,510.80,2026-08-23 20:23:00,PENDING
38587,8,7,4997.10,2026-08-21 17:18:00,PENDING
38588,7,3,4281.40,2026-08-23 20:27:00,FAILED
38589,8,15,609.00,2026-08-24 17:25:00,PENDING
38590,7,9,461.90,2026-08-06 09:24:00,REFUNDED
38591,1,16,4353.60,2026-08-14 17:22:00,REFUNDED
38592,1,2,4406.20,2026-08-02 05:28:00,REFUNDED
38593,9,6,2584.90,2026-08-06 22:17:00,PENDING
38594,2,13,1473.60,2026-08-13 05:43:00,PENDING
38595,9,8,2569.10,2026-08-11 04:46:00,PENDING
38596,9,16,4748.90,2026-08-14 13:18:00,REFUNDED
38597,5,4,2681.00,2026-08-24 06:54:00,SUCCESS
38598,9,12,884.80,2026-08-26 13:29:00,SUCCESS
38599,4,20,1630.30,2026-08-05 17:42:00,FAILED
38600,9,7,3017.40,2026-08-12 08:55:00,FAILED
38601,2,15,1043.80,2026-08-29 04:52:00,REFUNDED
38602,7,12,2490.90,2026-08-03 13:24:00,FAILED
38603,4,7,4913.50,2026-08-10 10:15:00,SUCCESS
38604,8,4,141.20,2026-08-25 23:34:00,PENDING
38605,2,17,1479.20,2026-08-06 22:32:00,SUCCESS
38606,5,15,789.10,2026-08-17 05:52:00,REFUNDED
38607,10,13,2187.70,2026-08-13 04:38:00,PENDING
38608,7,19,3535.10,2026-08-04 08:39:00,REFUNDED
38609,5,12,4696.80,2026-08-06 06:11:00,SUCCESS
38610,6,16,359.30,2026-08-30 12:25:00,PENDING
38611,6,14,3206.20,2026-08-29 11:52:00,SUCCESS
38612,1,1,5000,2026-08-01 12:00:00,UNKNOWN_STATUS
38613,6,13,1859.30,2026-08-09 17:13:00,FAILED
38614,2,13,1952.80,2026-08-03 14:24:00,FAILED
38615,3,10,302.80,2026-08-02 01:58:00,SUCCESS
38616,2,16,3147.70,2026-08-10 18:43:00,REFUNDED
38617,6,11,2440.30,2026-08-14 04:08:00,PENDING
38618,3,10,1847.10,2026-08-05 13:53:00,SUCCESS
38619,5,14,1953.50,2026-08-18 05:38:00,FAILED
38620,9,4,2270.90,2026-08-17 05:00:00,PENDING
38621,7,8,1797.10,2026-08-15 03:42:00,FAILED
38622,9,19,2335.90,2026-08-28 17:27:00,FAILED
38623,10,1,2048.40,2026-08-16 00:07:00,REFUNDED
38624,6,2,841.50,2026-08-01 16:38:00,FAILED
38625,7,14,1745.70,2026-08-02 06:24:00,SUCCESS
38626,4,9,136.80,2026-08-26 10:48:00,SUCCESS
38627,5,20,2248.10,2026-08-08 05:58:00,REFUNDED
38628,1,10,1674.30,2026-08-13 20:26:00,FAILED
38629,5,17,709.60,2026-08-22 22:50:00,REFUNDED
38630,6,5,2177.30,2026-08-13 12:30:00,SUCCESS
38631,2,9,1609.40,2026-08-26 16:34:00,FAILED
38632,3,5,518.60,2026-08-11 23:46:00,PENDING
38633,4,2,4741.10,2026-08-15 08:28:00,FAILED
38634,4,9,3607.80,2026-08-10 00:44:00,REFUNDED
38635,1,18,3618.70,2026-08-01 22:37:00,PENDING
38636,8,12,1730.80,2026-08-21 10:17:00,REFUNDED
38637,10,13,270.10,2026-08-17 22:38:00,SUCCESS
38638,5,14,3683.60,2026-08-04 11:52:00,PENDING
38639,2,16,4481.60,2026-08-16 09:52:00,SUCCESS
38640,8,17,3713.50,2026-08-13 21:14:00,REFUNDED
38641,8,14,641.30,2026-08-03 11:54:00,FAILED
38642,2,10,4437.90,2026-08-21 18:38:00,PENDING
38643,1,8,1226.20,2026-08-21 14:04:00,SUCCESS
38644,5,2,226.30,2026-08-27 21:26:00,REFUNDED
38645,6,10,652.70,2026-08-11 21:25:00,REFUNDED
38646,10,8,522.60,2026-08-31 06:56:00,REFUNDED
38647,3,14,1446.50,2026-08-12 16:05:00,FAILED
38648,8,8,2276.20,2026-08-21 16:54:00,FAILED
38649,8,16,3109.30,2026-08-29 03:13:00,PENDING
38650,7,1,467.80,2026-08-12 02:21:00,PENDING
38651,6,7,846.60,2026-08-14 03:39:00,PENDING
38652,9,17,4382.80,2026-08-17 01:08:00,PENDING
38653,6,8,4018.40,2026-08-05 02:28:00,FAILED
38654,10,12,453.10,2026-08-24 21:55:00,REFUNDED
38655,6,14,2119.50,2026-08-30 14:03:00,REFUNDED
38656,7,19,3811.80,2026-08-17 16:40:00,FAILED
38657,7,17,4540.50,2026-08-25 17:34:00,FAILED
38658,2,7,4274.10,2026-08-28 01:00:00,REFUNDED
38659,1,17,598.50,2026-08-27 01:45:00,PENDING
38660,4,18,1824.00,2026-08-25 05:03:00,SUCCESS
38661,9,12,649.30,2026-08-28 23:49:00,REFUNDED
38662,1,12,890.20,2026-08-27 10:56:00,PENDING
38663,4,2,351.60,2026-08-13 00:19:00,PENDING
38664,3,9,2175.30,2026-08-04 12:46:00,SUCCESS
38665,4,11,4471.70,2026-08-23 11:14:00,PENDING
38666,8,20,1359.30,2026-08-12 01:04:00,REFUNDED
38667,5,6,1476.90,2026-08-29 15:22:00,SUCCESS
38668,5,9,2809.80,2026-08-17 15:00:00,FAILED
38669,7,15,145.70,2026-08-23 21:33:00,SUCCESS
38670,4,14,2233.90,2026-08-08 21:37:00,SUCCESS
38671,4,5,2001.70,2026-08-27 10:25:00,FAILED
38672,9,5,3231.60,2026-08-13 00:41:00,REFUNDED
38673,7,3,4714.00,2026-08-06 01:08:00,SUCCESS
38674,4,5,2542.40,2026-08-14 07:10:00,PENDING
38675,10,6,3401.60,2026-08-09 11:39:00,FAILED
38676,8,14,1605.10,2026-08-18 05:45:00,FAILED
38677,4,2,1021.70,2026-08-20 01:49:00,PENDING
38678,5,14,2128.40,2026-08-09 08:59:00,PENDING
38679,3,6,2670.50,2026-08-29 21:44:00,PENDING
38680,4,4,4745.80,2026-08-24 09:30:00,SUCCESS
38681,6,12,2251.90,2026-08-15 19:02:00,FAILED
38682,8,8,2335.50,2026-08-12 18:44:00,PENDING
38683,4,10,4856.80,2026-08-20 05:06:00,PENDING
38684,1,1,5000,2026-08-01 12:00:00,UNKNOWN_STATUS
38685,3,19,2320.80,2026-08-15 16:06:00,REFUNDED
38686,2,8,2557.20,2026-08-07 11:12:00,REFUNDED
38687,5,14,3119.10,2026-08-16 05:29:00,REFUNDED
38688,8,14,520.40,2026-08-26 21:18:00,SUCCESS
38689,10,7,593.10,2026-08-31 00:39:00,FAILED
38690,9,9,2528.20,2026-08-01 17:09:00,SUCCESS
38691,7,20,2994.80,2026-08-22 21:44:00,REFUNDED
38692,5,15,2449.90,2026-08-14 00:13:00,SUCCESS
38693,10,19,4137.10,2026-08-01 20:05:00,SUCCESS
38694,2,13,2853.30,2026-08-26 22:25:00,SUCCESS
38695,10,9,1614.90,2026-08-21 08:21:00,REFUNDED
38696,1,8,810.10,2026-08-21 02:22:00,PENDING
38697,2,12,391.90,2026-08-10 03:05:00,REFUNDED
38698,1,3,1624.70,2026-08-27 01:17:00,REFUNDED
38699,2,20,3834.60,2026-08-08 14:20:00,REFUNDED
38700,1,4,2259.30,2026-08-12 18:12:00,FAILED
38701,7,18,1654.90,2026-08-06 02:29:00,FAILED
38702,2,17,1302.50,2026-08-02 06:09:00,REFUNDED
38703,1,18,4527.60,2026-08-18 19:07:00,SUCCESS
38704,5,18,2853.50,2026-08-08 13:29:00,SUCCESS
38705,8,20,3655.30,2026-08-04 16:28:00,SUCCESS
38706,4,6,2675.50,2026-08-27 04:29:00,REFUNDED
38707,6,14,2153.30,2026-08-04 20:35:00,PENDING
38708,7,12,5035.10,2026-08-03 21:37:00,FAILED
38709,4,7,135.60,2026-08-01 09:15:00,SUCCESS
38710,8,4,4996.40,2026-08-25 06:10:00,PENDING
38711,1,6,4613.40,2026-08-05 21:23:00,FAILED
38712,9,17,1587.50,2026-08-02 16:30:00,REFUNDED
38713,1,15,3706.30,2026-08-17 17:26:00,REFUNDED
38714,6,18,2779.80,2026-08-15 14:05:00,PENDING
38715,10,3,3402.70,2026-08-01 20:44:00,PENDING
38716,5,13,667.80,2026-08-02 21:13:00,PENDING
38717,2,14,3965.50,2026-08-16 14:49:00,PENDING
38718,9,6,1498.00,2026-08-25 20:24:00,PENDING
38719,9,10,504.20,2026-08-31 02:50:00,FAILED
38720,8,18,989.70,2026-08-27 17:16:00,REFUNDED
38721,2,18,1512.30,2026-08-15 07:39:00,REFUNDED
38722,2,10,3948.50,2026-08-10 05:45:00,FAILED
38723,6,16,4986.40,2026-08-27 21:51:00,FAILED
38724,2,5,3312.10,2026-08-31 00:38:00,REFUNDED
38725,9,17,2200.50,2026-08-04 08:40:00,REFUNDED
38726,7,11,3735.40,2026-08-04 04:24:00,FAILED
38727,1,1,5000,INVALID_DATE_TIME,SUCCESS
38728,6,16,2607.40,2026-08-12 18:33:00,PENDING
38729,7,1,2690.20,2026-08-27 22:10:00,PENDING
38730,10,9,2152.20,2026-08-09 03:00:00,PENDING
38731,10,7,1519.40,2026-08-04 04:53:00,FAILED
38732,8,18,1871.70,2026-08-07 16:57:00,SUCCESS
38733,4,18,763.50,2026-08-28 14:33:00,PENDING
38734,10,16,3398.90,2026-08-02 02:18:00,FAILED
38735,2,2,3932.90,2026-08-15 02:07:00,PENDING
38736,3,10,500.00,2026-08-20 23:25:00,PENDING
38737,2,13,2379.40,2026-08-26 22:29:00,FAILED
38738,6,5,1731.30,2026-08-15 03:48:00,PENDING
38739,7,1,373.20,2026-08-17 14:00:00,PENDING
38740,9,4,4540.60,2026-08-25 05:37:00,FAILED
38741,3,16,4932.50,2026-08-25 20:20:00,PENDING
38742,6,13,4159.60,2026-08-19 13:38:00,FAILED
38743,6,18,2566.20,2026-08-08 09:17:00,FAILED
38744,3,10,3394.20,2026-08-06 22:10:00,REFUNDED
38745,7,16,3953.50,2026-08-22 18:07:00,SUCCESS
38746,8,3,1928.30,2026-08-28 19:40:00,PENDING
38747,10,8,4062.60,2026-08-24 03:07:00,FAILED
38748,5,5,2128.60,2026-08-23 05:55:00,PENDING
38749,8,1,1554.20,2026-08-03 10:59:00,SUCCESS
38750,9,7,418.50,2026-08-24 10:24:00,SUCCESS
38751,9,17,1946.00,2026-08-23 04:11:00,SUCCESS
38752,1,5,704.80,2026-08-12 07:41:00,FAILED
38753,5,1,1715.20,2026-08-03 21:10:00,PENDING
38754,6,2,3548.70,2026-08-24 18:40:00,PENDING
38755,10,1,1007.80,2026-08-30 03:12:00,FAILED
38756,8,19,967.10,2026-08-27 11:43:00,FAILED
38757,4,17,143.20,2026-08-20 09:52:00,PENDING
38758,3,12,86.60,2026-08-15 19:54:00,PENDING
38759,4,6,3443.10,2026-08-12 19:02:00,FAILED
38760,2,10,4082.80,2026-08-02 12:32:00,REFUNDED
38761,7,1,2457.60,2026-08-23 23:20:00,SUCCESS
38762,9,6,1922.00,2026-08-25 16:51:00,REFUNDED
38763,6,13,1043.30,2026-08-07 18:43:00,PENDING
38764,1,100.00
38765,10,12,2201.50,2026-08-12 06:31:00,REFUNDED
38766,2,7,1442.30,2026-08-11 22:58:00,FAILED
38767,7,12,1701.70,2026-08-14 19:28:00,SUCCESS
38768,7,10,3281.00,2026-08-05 15:01:00,REFUNDED
38769,7,6,182.40,2026-08-09 18:16:00,FAILED
38770,1,2,1697.70,2026-08-28 17:47:00,SUCCESS
38771,8,6,3022.70,2026-08-21 23:58:00,SUCCESS
38772,3,3,3666.60,2026-08-17 18:41:00,SUCCESS
38773,10,18,2067.00,2026-08-08 08:29:00,FAILED
38774,6,9,3686.00,2026-08-02 15:31:00,REFUNDED
38775,9,17,1849.60,2026-08-08 23:39:00,REFUNDED
38776,3,6,492.20,2026-08-22 17:34:00,SUCCESS
38777,3,4,1188.20,2026-08-29 02:58:00,SUCCESS
38778,5,8,2760.20,2026-08-05 00:06:00,SUCCESS
38779,5,14,1726.20,2026-08-27 14:39:00,FAILED
38780,7,6,180.90,2026-08-13 19:18:00,SUCCESS
38781,4,7,1900.60,2026-08-19 16:13:00,FAILED
38782,3,5,3387.40,2026-08-14 01:06:00,FAILED
38783,5,17,791.50,2026-08-15 02:52:00,SUCCESS
38784,9,13,1635.50,2026-08-27 17:52:00,REFUNDED
38785,5,17,288.80,2026-08-09 09:59:00,SUCCESS
38786,7,15,4764.50,2026-08-25 07:27:00,SUCCESS
38787,6,5,2116.60,2026-08-22 18:09:00,REFUNDED
38788,1,1,5000,2026-08-01 12:00:00,UNKNOWN_STATUS
38789,10,19,2026.60,2026-08-15 11:22:00,FAILED
38790,1,7,426.20,2026-08-14 05:22:00,FAILED
38791,5,12,1158.40,2026-08-11 05:43:00,PENDING
38792,9,7,4136.50,2026-08-27 06:32:00,FAILED
38793,7,3,3618.80,2026-08-26 22:08:00,REFUNDED
38794,6,4,3734.70,2026-08-17 10:19:00,FAILED
38795,3,1,916.20,2026-08-18 11:08:00,REFUNDED
38796,2,12,4722.90,2026-08-28 21:23:00,REFUNDED
38797,7,10,4085.70,2026-08-12 19:01:00,SUCCESS
38798,7,11,4965.10,2026-08-29 08:06:00,REFUNDED
38799,9,9,734.10,2026-08-08 01:11:00,REFUNDED
38800,3,6,3021.30,2026-08-13 00:52:00,PENDING
38801,10,19,803.40,2026-08-06 18:53:00,SUCCESS
38802,8,20,3094.30,2026-08-07 23:41:00,PENDING
38803,2,14,87.80,2026-08-25 16:08:00,PENDING
38804,9,9,3566.90,2026-08-15 16:51:00,FAILED
38805,1,8,665.10,2026-08-04 09:47:00,REFUNDED
38806,9,13,338.00,2026-08-11 15:31:00,SUCCESS
38807,3,13,4648.90,2026-08-26 21:10:00,SUCCESS
38808,3,6,289.90,2026-08-18 10:06:00,REFUNDED
38809,2,4,1824.90,2026-08-22 21:39:00,FAILED
38810,8,10,2444.90,2026-08-05 18:38:00,REFUNDED
38811,1,6,4123.50,2026-08-12 20:06:00,SUCCESS
38812,4,5,4469.30,2026-08-08 06:20:00,FAILED
38813,6,14,4298.70,2026-08-21 20:13:00,REFUNDED
38814,7,19,4834.60,2026-08-07 08:56:00,PENDING
38815,1,15,4931.30,2026-08-10 17:00:00,REFUNDED
38816,10,4,944.70,2026-08-18 10:41:00,FAILED
38817,2,15,1357.40,2026-08-28 17:05:00,SUCCESS
38818,1,14,1039.70,2026-08-08 14:06:00,PENDING
38819,7,15,530.90,2026-08-09 21:01:00,REFUNDED
38820,6,10,2736.20,2026-08-29 01:16:00,PENDING
38821,7,10,1568.20,2026-08-29 03:09:00,REFUNDED
38822,3,2,1948.70,2026-08-09 05:25:00,SUCCESS
38823,8,12,4457.20,2026-08-12 10:20:00,REFUNDED
38824,7,7,2834.40,2026-08-21 22:37:00,PENDING
38825,7,19,3494.30,2026-08-11 16:19:00,SUCCESS
38826,7,15,1400.00,2026-08-07 21:54:00,FAILED
38827,3,8,3304.20,2026-08-02 15:20:00,SUCCESS
38828,7,11,840.00,2026-08-14 10:40:00,FAILED
38829,8,11,1904.70,2026-08-25 22:22:00,PENDING
38830,3,16,2014.70,2026-08-27 01:22:00,SUCCESS
38831,2,16,4570.40,2026-08-19 04:16:00,SUCCESS
38832,6,3,4344.10,2026-08-10 17:36:00,REFUNDED
38833,9,7,1241.10,2026-08-02 21:15:00,SUCCESS
38834,2,2,2127.80,2026-08-19 22:49:00,REFUNDED
38835,2,15,684.10,2026-08-17 15:45:00,REFUNDED
38836,8,13,210.30,2026-08-10 02:45:00,REFUNDED
38837,3,1,4040.90,2026-08-04 21:32:00,REFUNDED
38838,10,4,1552.60,2026-08-18 21:59:00,REFUNDED
38839,4,1,4713.10,2026-08-21 12:19:00,REFUNDED
38840,9,5,75.50,2026-08-28 23:18:00,PENDING
38841,8,18,4976.70,2026-08-19 17:00:00,SUCCESS
38842,6,14,347.70,2026-08-11 02:17:00,PENDING
38843,10,11,3644.10,2026-08-18 12:41:00,FAILED
38844,10,9,3153.00,2026-08-12 08:43:00,PENDING
38845,3,2,4323.30,2026-08-12 02:58:00,REFUNDED
38846,2,13,307.60,2026-08-28 12:04:00,REFUNDED
38847,6,20,4268.00,2026-08-24 07:36:00,REFUNDED
38848,1,100.00
38849,2,9,1283.60,2026-08-15 03:54:00,SUCCESS
38850,6,20,3382.80,2026-08-09 03:28:00,FAILED
38851,3,15,2206.40,2026-08-19 11:37:00,FAILED
38852,9,8,1334.40,2026-08-29 14:42:00,FAILED
38853,3,13,4099.10,2026-08-05 13:14:00,REFUNDED
38854,1,1,NOT_A_NUMBER,2026-08-01 12:00:00,SUCCESS
38855,2,1,335.70,2026-08-19 10:27:00,FAILED
38856,9,18,253.30,2026-08-07 20:32:00,SUCCESS
38857,1,15,4456.90,2026-08-18 14:16:00,FAILED
38858,10,3,1477.80,2026-08-16 13:54:00,PENDING
38859,6,4,4310.50,2026-08-06 06:28:00,SUCCESS
38860,4,19,1604.80,2026-08-05 11:25:00,FAILED
38861,8,19,1146.80,2026-08-10 20:59:00,REFUNDED
38862,9,20,1282.60,2026-08-27 15:32:00,SUCCESS
38863,1,20,4239.60,2026-08-05 17:48:00,PENDING
38864,5,16,2443.70,2026-08-19 05:51:00,SUCCESS
38865,5,14,3354.60,2026-08-30 15:17:00,SUCCESS
38866,10,10,2264.40,2026-08-27 02:19:00,SUCCESS
38867,2,16,2170.00,2026-08-01 22:27:00,PENDING
38868,4,13,3508.00,2026-08-11 11:11:00,SUCCESS
38869,8,10,1006.40,2026-08-23 20:28:00,PENDING
38870,8,19,4362.30,2026-08-11 08:36:00,SUCCESS
38871,5,4,2549.90,2026-08-30 20:07:00,PENDING
38872,2,10,4973.60,2026-08-01 14:29:00,FAILED
38873,2,14,1462.70,2026-08-16 12:20:00,FAILED
38874,2,10,867.70,2026-08-17 17:24:00,SUCCESS
38875,8,6,3703.40,2026-08-24 22:24:00,REFUNDED
38876,9,9,2243.90,2026-08-06 08:32:00,SUCCESS
38877,9,5,3035.10,2026-08-06 04:20:00,PENDING
38878,5,14,2955.30,2026-08-08 11:00:00,PENDING
38879,2,15,1797.40,2026-08-20 13:10:00,PENDING
38880,6,16,4837.10,2026-08-27 16:58:00,REFUNDED
38881,1,16,4890.90,2026-08-23 14:49:00,PENDING
38882,9,16,2487.90,2026-08-08 21:57:00,SUCCESS
38883,3,13,1401.00,2026-08-26 06:09:00,SUCCESS
38884,5,4,3865.80,2026-08-12 10:58:00,SUCCESS
38885,9,19,3903.50,2026-08-25 05:58:00,REFUNDED
38886,8,8,3890.70,2026-08-05 01:42:00,PENDING
38887,6,16,1892.20,2026-08-07 12:24:00,REFUNDED
38888,3,14,715.60,2026-08-27 19:32:00,PENDING
38889,1,7,3511.20,2026-08-22 18:02:00,FAILED
38890,9,19,4327.70,2026-08-05 17:04:00,FAILED
38891,7,18,4669.80,2026-08-27 16:12:00,SUCCESS
38892,7,12,2835.40,2026-08-13 09:15:00,FAILED
38893,7,12,187.00,2026-08-10 07:55:00,SUCCESS
38894,6,19,4958.60,2026-08-17 18:05:00,PENDING
38895,5,1,4034.00,2026-08-29 20:03:00,SUCCESS
38896,6,19,4515.10,2026-08-04 06:26:00,REFUNDED
38897,4,15,3261.00,2026-08-25 17:07:00,FAILED
38898,1,19,2170.10,2026-08-15 19:28:00,FAILED
38899,2,9,903.50,2026-08-28 00:00:00,SUCCESS
38900,9,18,792.70,2026-08-20 17:50:00,REFUNDED
38901,7,3,2201.70,2026-08-16 18:36:00,PENDING
38902,7,20,4761.60,2026-08-23 11:52:00,REFUNDED
38903,10,5,2926.30,2026-08-10 10:29:00,SUCCESS
38904,1,7,987.00,2026-08-17 03:44:00,REFUNDED
38905,2,11,277.70,2026-08-12 03:54:00,SUCCESS
38906,6,4,1000.40,2026-08-02 16:35:00,REFUNDED
38907,1,10,3358.20,2026-08-19 00:48:00,REFUNDED
38908,10,17,3209.90,2026-08-05 15:38:00,REFUNDED
38909,10,10,3937.70,2026-08-06 15:26:00,SUCCESS
38910,3,13,4968.70,2026-08-28 01:49:00,REFUNDED
38911,6,20,1843.90,2026-08-11 00:53:00,PENDING
38912,9,16,2362.90,2026-08-02 11:51:00,PENDING
38913,7,1,2769.30,2026-08-23 07:25:00,FAILED
38914,8,14,3663.90,2026-08-08 08:22:00,PENDING
38915,10,8,1904.80,2026-08-02 21:03:00,SUCCESS
38916,10,12,3806.40,2026-08-21 06:31:00,PENDING
38917,7,4,606.60,2026-08-28 08:41:00,SUCCESS
38918,2,2,2586.20,2026-08-04 04:32:00,SUCCESS
38919,4,9,3375.90,2026-08-07 19:55:00,SUCCESS
38920,3,5,4924.00,2026-08-10 03:49:00,FAILED
38921,1,6,1234.00,2026-08-24 06:04:00,REFUNDED
38922,4,17,2727.80,2026-08-04 17:45:00,FAILED
38923,10,15,3816.60,2026-08-21 18:41:00,FAILED
38924,1,6,4886.90,2026-08-07 13:56:00,REFUNDED
38925,9,19,84.00,2026-08-16 13:55:00,FAILED
38926,2,15,4047.80,2026-08-02 05:16:00,PENDING
38927,8,12,1689.30,2026-08-25 08:07:00,FAILED
38928,10,13,2132.00,2026-08-11 21:30:00,FAILED
38929,6,15,3718.90,2026-08-14 09:58:00,FAILED
38930,9,18,3774.50,2026-08-02 10:37:00,PENDING
38931,1,14,2467.50,2026-08-24 10:25:00,FAILED
38932,6,8,173.10,2026-08-15 12:59:00,REFUNDED
38933,8,20,3001.90,2026-08-02 16:26:00,PENDING
38934,2,18,4441.10,2026-08-25 16:25:00,SUCCESS
38935,9,3,3155.40,2026-08-03 16:59:00,PENDING
38936,3,15,62.70,2026-08-22 12:37:00,REFUNDED
38937,3,5,2003.60,2026-08-19 03:28:00,FAILED
38938,2,10,4247.30,2026-08-17 01:13:00,REFUNDED
38939,2,12,4996.50,2026-08-12 07:17:00,FAILED
38940,9,9,4174.40,2026-08-04 07:26:00,REFUNDED
38941,5,13,4295.70,2026-08-07 22:41:00,REFUNDED
38942,8,7,3451.10,2026-08-11 20:04:00,REFUNDED
38943,8,20,132.30,2026-08-18 03:00:00,REFUNDED
38944,9,12,4620.60,2026-08-10 14:06:00,PENDING
38945,8,14,4168.10,2026-08-24 04:10:00,SUCCESS
38946,4,10,3318.90,2026-08-23 18:45:00,FAILED
38947,10,19,731.30,2026-08-23 08:18:00,PENDING
38948,4,16,4550.90,2026-08-02 21:03:00,PENDING
38949,4,13,2964.20,2026-08-16 21:35:00,FAILED
38950,1,11,938.00,2026-08-24 19:42:00,SUCCESS
38951,6,2,194.20,2026-08-13 13:14:00,FAILED
38952,8,9,463.90,2026-08-02 09:49:00,FAILED
38953,6,5,1226.70,2026-08-09 12:45:00,PENDING
38954,7,8,1319.90,2026-08-12 07:34:00,PENDING
38955,2,4,280.60,2026-08-25 08:30:00,PENDING
38956,1,1,5000,2026-08-01 12:00:00,UNKNOWN_STATUS
38957,9,13,203.90,2026-08-06 03:42:00,PENDING
38958,5,13,4004.80,2026-08-11 15:17:00,REFUNDED
38959,7,8,4963.60,2026-08-10 02:28:00,PENDING
38960,9,9,1284.00,2026-08-17 00:44:00,REFUNDED
38961,2,16,1482.80,2026-08-12 05:28:00,PENDING
38962,3,19,94.90,2026-08-23 10:26:00,PENDING
38963,7,6,3430.20,2026-08-12 01:49:00,PENDING
38964,2,9,4313.30,2026-08-09 03:39:00,REFUNDED
38965,4,11,3862.90,2026-08-06 19:25:00,FAILED
38966,10,12,4173.60,2026-08-22 02:57:00,FAILED
38967,8,10,2683.40,2026-08-16 13:20:00,REFUNDED
38968,4,19,2155.60,2026-08-24 08:43:00,SUCCESS
38969,4,2,3732.20,2026-08-26 02:35:00,SUCCESS
38970,1,11,1937.60,2026-08-01 23:54:00,PENDING
38971,2,13,202.70,2026-08-20 16:41:00,REFUNDED
38972,6,15,1427.00,2026-08-24 07:38:00,REFUNDED
38973,9,7,3709.00,2026-08-11 16:30:00,REFUNDED
38974,7,6,2584.10,2026-08-14 08:02:00,FAILED
38975,10,3,4907.50,2026-08-23 17:23:00,PENDING
38976,3,9,3124.10,2026-08-24 11:01:00,REFUNDED
38977,4,18,239.80,2026-08-08 05:14:00,REFUNDED
38978,6,17,4954.00,2026-08-30 06:04:00,FAILED
38979,6,11,3191.20,2026-08-12 04:20:00,REFUNDED
38980,7,16,3573.00,2026-08-08 18:41:00,FAILED
38981,1,5,4271.30,2026-08-11 14:39:00,SUCCESS
38982,7,4,465.30,2026-08-30 10:15:00,PENDING
38983,4,12,2853.30,2026-08-22 21:42:00,SUCCESS
38984,4,13,1191.90,2026-08-08 11:02:00,SUCCESS
38985,10,5,573.20,2026-08-03 13:17:00,SUCCESS
38986,9,9,2288.70,2026-08-21 22:17:00,SUCCESS
38987,6,10,4643.00,2026-08-12 05:45:00,PENDING
38988,3,6,2648.10,2026-08-04 21:57:00,PENDING
38989,4,1,3692.30,2026-08-04 00:43:00,PENDING
38990,5,17,3924.30,2026-08-30 04:43:00,REFUNDED
38991,4,10,3699.50,2026-08-11 15:55:00,PENDING
38992,10,1,4436.50,2026-08-30 23:07:00,SUCCESS
38993,8,10,264.30,2026-08-17 06:01:00,FAILED
38994,3,10,2136.20,2026-08-03 22:35:00,REFUNDED
38995,4,17,1314.00,2026-08-07 03:14:00,REFUNDED
38996,2,20,4520.80,2026-08-16 23:37:00,REFUNDED
38997,1,17,4074.40,2026-08-23 11:11:00,FAILED
38998,2,12,2240.60,2026-08-19 02:10:00,FAILED
38999,2,19,2450.30,2026-08-29 05:49:00,FAILED
39000,7,9,2013.50,2026-08-24 08:46:00,FAILED
39001,1,7,2826.30,2026-08-20 03:02:00,SUCCESS
39002,3,20,3579.50,2026-08-12 08:41:00,PENDING
39003,5,8,3886.20,2026-08-16 01:12:00,FAILED
39004,8,4,991.20,2026-08-23 17:28:00,PENDING
39005,6,18,4991.10,2026-08-19 07:51:00,FAILED
39006,2,18,3002.70,2026-08-11 23:56:00,SUCCESS
39007,1,16,1476.20,2026-08-28 01:26:00,FAILED
39008,10,19,2796.90,2026-08-30 10:48:00,SUCCESS
39009,10,20,4938.70,2026-08-10 14:41:00,FAILED
39010,8,19,3744.80,2026-08-30 10:17:00,FAILED
39011,7,9,2415.90,2026-08-14 13:11:00,REFUNDED
39012,1,6,2011.40,2026-08-04 18:28:00,REFUNDED
39013,3,4,4124.00,2026-08-23 11:48:00,REFUNDED
39014,2,10,1737.80,2026-08-25 16:30:00,REFUNDED
39015,7,7,3474.50,2026-08-10 01:10:00,FAILED
39016,10,13,2806.90,2026-08-23 02:57:00,PENDING
39017,2,16,4906.90,2026-08-16 15:47:00,FAILED
39018,3,16,1244.90,2026-08-11 08:34:00,SUCCESS
39019,5,2,1977.90,2026-08-18 15:53:00,REFUNDED
39020,4,14,254.10,2026-08-14 13:18:00,PENDING
39021,5,18,1611.90,2026-08-12 21:38:00,SUCCESS
39022,7,12,1307.80,2026-08-03 11:24:00,PENDING
39023,10,4,3797.30,2026-08-20 11:51:00,PENDING
39024,4,18,3612.70,2026-08-18 19:01:00,SUCCESS
39025,6,19,2372.90,2026-08-01 10:32:00,REFUNDED
39026,9,17,2470.10,2026-08-21 08:40:00,REFUNDED
39027,8,9,1763.70,2026-08-28 20:15:00,REFUNDED
39028,10,16,3135.00,2026-08-04 19:36:00,PENDING
39029,4,14,1930.40,2026-08-19 22:21:00,REFUNDED
39030,6,5,3185.00,2026-08-08 09:25:00,SUCCESS
39031,3,2,1438.40,2026-08-15 07:00:00,SUCCESS
39032,8,10,2643.10,2026-08-04 08:07:00,PENDING
39033,9,17,3115.60,2026-08-25 19:13:00,REFUNDED
39034,7,2,1651.80,2026-08-25 16:04:00,FAILED
39035,5,2,3660.60,2026-08-05 04:56:00,PENDING
39036,4,3,4909.90,2026-08-04 08:04:00,REFUNDED
39037,9,13,3781.00,2026-08-11 07:44:00,PENDING
39038,5,17,2076.70,2026-08-03 23:49:00,FAILED
39039,9,8,311.00,2026-08-11 22:39:00,SUCCESS
39040,6,13,3896.10,2026-08-05 11:58:00,REFUNDED
39041,9,14,3483.10,2026-08-19 05:40:00,FAILED
39042,9,5,1517.60,2026-08-28 02:54:00,REFUNDED
39043,4,13,1613.10,2026-08-28 13:14:00,FAILED
39044,10,18,386.70,2026-08-04 02:13:00,SUCCESS
39045,9,19,1431.90,2026-08-28 02:12:00,PENDING
39046,10,5,1359.60,2026-08-09 01:44:00,REFUNDED
39047,8,10,3917.00,2026-08-13 12:55:00,SUCCESS
39048,4,16,3546.30,2026-08-10 12:47:00,REFUNDED
39049,4,12,1796.30,2026-08-14 01:03:00,SUCCESS
39050,6,4,467.30,2026-08-03 11:46:00,PENDING
39051,7,17,2701.60,2026-08-23 23:49:00,PENDING
39052,10,17,4169.20,2026-08-27 23:54:00,PENDING
39053,8,13,3586.10,2026-08-23 08:51:00,FAILED
39054,9,8,3823.30,2026-08-27 02:26:00,FAILED
39055,8,18,4841.00,2026-08-29 13:37:00,SUCCESS
39056,8,19,119.60,2026-08-30 02:32:00,FAILED
39057,6,18,3406.20,2026-08-03 07:19:00,REFUNDED
39058,2,18,1515.50,2026-08-18 08:52:00,PENDING
39059,5,11,3465.90,2026-08-15 18:59:00,REFUNDED
39060,1,12,2622.70,2026-08-05 02:45:00,REFUNDED
39061,3,18,2027.50,2026-08-10 00:00:00,PENDING
39062,1,3,1255.50,2026-08-16 05:09:00,SUCCESS
39063,6,1,1651.10,2026-08-01 08:32:00,PENDING
39064,7,14,3313.20,2026-08-10 10:48:00,FAILED
39065,10,10,4735.50,2026-08-03 00:48:00,SUCCESS
39066,8,16,4067.90,2026-08-29 04:26:00,FAILED
39067,1,5,3944.70,2026-08-02 03:42:00,PENDING
39068,10,19,2376.20,2026-08-23 06:26:00,SUCCESS
39069,7,1,4590.40,2026-08-02 13:22:00,SUCCESS
39070,9,2,2396.20,2026-08-12 17:18:00,PENDING
39071,3,16,1244.30,2026-08-10 15:55:00,FAILED
39072,8,11,2225.30,2026-08-08 02:56:00,PENDING
39073,2,15,2595.10,2026-08-03 15:52:00,FAILED
39074,5,19,737.20,2026-08-08 23:24:00,SUCCESS
39075,9,5,2859.80,2026-08-16 09:49:00,FAILED
39076,6,10,2239.40,2026-08-06 15:19:00,PENDING
39077,5,12,3076.60,2026-08-06 12:00:00,REFUNDED
39078,9,11,3981.00,2026-08-15 23:09:00,REFUNDED
39079,3,8,3118.30,2026-08-24 08:36:00,FAILED
39080,7,18,462.20,2026-08-10 19:59:00,FAILED
39081,3,9,1261.20,2026-08-05 08:04:00,REFUNDED
39082,10,17,2353.00,2026-08-28 13:03:00,REFUNDED
39083,8,19,4522.20,2026-08-18 22:27:00,REFUNDED
39084,2,3,888.90,2026-08-18 20:04:00,PENDING
39085,6,12,1696.80,2026-08-08 07:57:00,FAILED
39086,9,3,4500.60,2026-08-30 00:51:00,FAILED
39087,7,5,1522.70,2026-08-13 07:26:00,FAILED
39088,2,2,4830.70,2026-08-09 03:26:00,PENDING
39089,5,2,4768.80,2026-08-23 15:50:00,REFUNDED
39090,1,10,1659.20,2026-08-02 12:52:00,PENDING
39091,3,4,171.20,2026-08-13 07:04:00,SUCCESS
39092,9,20,1689.50,2026-08-30 18:02:00,PENDING
39093,7,12,4469.90,2026-08-11 16:29:00,REFUNDED
39094,8,6,4240.40,2026-08-01 13:47:00,PENDING
39095,4,18,2167.70,2026-08-22 07:37:00,REFUNDED
39096,3,6,2325.30,2026-08-19 13:16:00,REFUNDED
39097,4,16,1797.90,2026-08-29 21:28:00,FAILED
39098,6,17,1794.60,2026-08-12 16:11:00,SUCCESS
39099,2,6,2378.00,2026-08-05 17:15:00,PENDING
39100,9,9,1004.10,2026-08-24 06:13:00,FAILED
39101,8,14,2600.70,2026-08-08 11:12:00,SUCCESS
39102,2,14,2967.00,2026-08-21 10:39:00,REFUNDED
39103,10,6,3159.80,2026-08-24 22:28:00,REFUNDED
39104,1,14,4680.90,2026-08-14 02:37:00,REFUNDED
39105,7,9,1634.10,2026-08-04 01:34:00,REFUNDED
39106,6,14,1972.80,2026-08-05 03:03:00,SUCCESS
39107,1,13,3203.80,2026-08-28 07:27:00,REFUNDED
39108,10,15,1820.60,2026-08-29 18:29:00,FAILED
39109,10,4,4181.30,2026-08-20 22:17:00,PENDING
39110,4,3,2954.40,2026-08-16 09:27:00,REFUNDED
39111,4,13,4105.90,2026-08-12 08:28:00,SUCCESS
39112,9,2,3461.70,2026-08-29 15:39:00,SUCCESS
39113,5,12,1642.20,2026-08-02 13:16:00,FAILED
39114,8,17,2663.20,2026-08-18 11:39:00,PENDING
39115,2,4,1384.80,2026-08-13 12:59:00,SUCCESS
39116,9,3,1027.70,2026-08-22 06:30:00,FAILED
39117,4,3,337.90,2026-08-25 02:28:00,REFUNDED
39118,6,4,4360.10,2026-08-15 13:23:00,FAILED
39119,6,9,1441.80,2026-08-10 08:43:00,PENDING
39120,2,11,82.00,2026-08-25 05:37:00,PENDING
39121,5,2,1038.70,2026-08-30 20:08:00,SUCCESS
39122,9,3,2247.90,2026-08-16 14:24:00,FAILED
39123,7,10,4058.70,2026-08-26 00:06:00,FAILED
39124,3,4,823.60,2026-08-26 06:48:00,REFUNDED
39125,3,12,2669.40,2026-08-26 04:33:00,FAILED
39126,1,11,4852.80,2026-08-12 13:54:00,SUCCESS
39127,8,15,963.40,2026-08-30 14:10:00,SUCCESS
39128,5,2,2868.60,2026-08-12 08:17:00,PENDING
39129,7,14,1662.00,2026-08-28 11:42:00,REFUNDED
39130,8,3,1382.50,2026-08-06 12:31:00,PENDING
39131,9,2,1611.70,2026-08-02 14:41:00,REFUNDED
39132,2,16,4337.70,2026-08-25 10:31:00,PENDING
39133,5,2,2674.30,2026-08-08 12:25:00,SUCCESS
39134,2,9,2814.10,2026-08-03 14:03:00,REFUNDED
39135,10,4,3976.60,2026-08-30 11:11:00,FAILED
39136,6,9,107.40,2026-08-04 21:51:00,SUCCESS
39137,1,2,976.20,2026-08-03 21:18:00,REFUNDED
39138,10,16,1966.00,2026-08-06 13:28:00,SUCCESS
39139,8,10,4316.00,2026-08-23 06:56:00,REFUNDED
39140,6,16,760.10,2026-08-06 06:43:00,SUCCESS
39141,4,18,844.50,2026-08-18 17:24:00,REFUNDED
39142,1,3,2789.60,2026-08-02 22:15:00,REFUNDED
39143,8,6,452.90,2026-08-08 17:41:00,REFUNDED
39144,3,1,70.00,2026-08-30 09:04:00,SUCCESS
39145,9,19,1188.20,2026-08-02 22:36:00,PENDING
39146,6,16,554.20,2026-08-23 07:48:00,PENDING
39147,10,6,3361.80,2026-08-15 16:58:00,PENDING
39148,5,7,4590.70,2026-08-26 09:29:00,SUCCESS
39149,8,16,844.80,2026-08-22 12:06:00,PENDING
39150,4,8,706.20,2026-08-07 23:11:00,SUCCESS
39151,3,7,83.20,2026-08-06 14:08:00,SUCCESS
39152,3,17,727.80,2026-08-05 22:49:00,PENDING
39153,9,11,2066.80,2026-08-09 01:43:00,PENDING
39154,8,15,1665.50,2026-08-19 08:40:00,REFUNDED
39155,6,11,196.80,2026-08-29 13:27:00,SUCCESS
39156,3,14,4627.20,2026-08-16 22:23:00,PENDING
39157,8,2,913.60,2026-08-03 07:16:00,PENDING
39158,4,12,4645.50,2026-08-02 12:36:00,REFUNDED
39159,6,20,492.70,2026-08-25 06:44:00,SUCCESS
39160,2,17,4015.00,2026-08-30 21:53:00,REFUNDED
39161,8,7,2772.90,2026-08-11 17:26:00,REFUNDED
39162,2,11,4175.90,2026-08-22 02:20:00,REFUNDED
39163,8,20,2545.80,2026-08-28 21:13:00,SUCCESS
39164,3,2,4792.10,2026-08-19 00:17:00,PENDING
39165,9,2,2758.20,2026-08-25 20:36:00,REFUNDED
39166,5,2,2054.80,2026-08-20 19:32:00,PENDING
39167,10,9,3163.80,2026-08-06 02:07:00,SUCCESS
39168,1,1,NOT_A_NUMBER,2026-08-01 12:00:00,SUCCESS
39169,4,4,2766.40,2026-08-18 20:48:00,REFUNDED
39170,1,6,4937.00,2026-08-18 01:32:00,PENDING
39171,1,1,NOT_A_NUMBER,2026-08-01 12:00:00,SUCCESS
39172,7,8,1699.20,2026-08-26 13:59:00,SUCCESS
39173,1,3,122.50,2026-08-14 12:25:00,REFUNDED
39174,3,17,2267.70,2026-08-28 10:55:00,REFUNDED
39175,9,1,3260.20,2026-08-08 21:46:00,PENDING
39176,7,7,2355.70,2026-08-20 16:25:00,SUCCESS
39177,10,2,3955.10,2026-08-23 20:11:00,SUCCESS
39178,2,17,3650.20,2026-08-15 19:06:00,SUCCESS
39179,5,15,1251.30,2026-08-11 21:42:00,REFUNDED
39180,3,15,4366.00,2026-08-22 17:28:00,SUCCESS
39181,10,6,3939.50,2026-08-06 07:30:00,SUCCESS
39182,3,6,736.80,2026-08-16 19:52:00,SUCCESS
39183,8,10,1886.10,2026-08-29 03:57:00,FAILED
39184,9,19,3203.50,2026-08-18 01:32:00,FAILED
39185,1,5,1080.60,2026-08-15 17:56:00,REFUNDED
39186,10,12,3867.30,2026-08-14 06:18:00,PENDING
39187,10,11,4739.50,2026-08-06 00:56:00,FAILED
39188,6,12,4395.00,2026-08-18 09:14:00,REFUNDED
39189,7,20,1103.00,2026-08-06 20:53:00,FAILED
39190,2,12,4417.50,2026-08-21 23:45:00,FAILED
39191,9,19,3144.90,2026-08-03 05:26:00,SUCCESS
39192,2,2,2329.30,2026-08-30 01:53:00,REFUNDED
39193,10,17,4538.20,2026-08-26 01:42:00,SUCCESS
39194,1,20,3079.70,2026-08-27 18:36:00,PENDING
39195,1,17,4937.80,2026-08-13 14:46:00,FAILED
39196,7,16,2091.00,2026-08-28 11:10:00,FAILED
39197,5,20,356.50,2026-08-30 19:37:00,SUCCESS
39198,5,5,309.30,2026-08-10 11:54:00,REFUNDED
39199,5,3,3492.50,2026-08-09 03:45:00,REFUNDED
39200,10,16,3980.80,2026-08-05 18:46:00,PENDING
39201,9,20,3518.90,2026-08-24 03:08:00,PENDING
39202,6,18,3065.10,2026-08-31 03:08:00,FAILED
39203,7,11,2118.00,2026-08-29 18:38:00,PENDING
39204,5,5,5039.00,2026-08-13 23:27:00,FAILED
39205,3,7,508.60,2026-08-26 20:35:00,REFUNDED
39206,9,12,2716.60,2026-08-21 04:42:00,REFUNDED
39207,4,15,1942.30,2026-08-02 20:11:00,PENDING
39208,2,2,2336.80,2026-08-11 07:54:00,FAILED
39209,6,13,2733.00,2026-08-26 23:35:00,SUCCESS
39210,10,10,4984.50,2026-08-03 22:04:00,REFUNDED
39211,2,9,2931.90,2026-08-17 09:32:00,FAILED
39212,1,4,3454.90,2026-08-05 21:44:00,PENDING
39213,9,12,4600.60,2026-08-17 21:35:00,REFUNDED
39214,9,4,4380.60,2026-08-19 07:48:00,FAILED
39215,5,20,2501.40,2026-08-14 11:18:00,REFUNDED
39216,6,9,470.60,2026-08-22 22:19:00,PENDING
39217,9,16,961.80,2026-08-24 17:27:00,FAILED
39218,2,9,672.50,2026-08-01 08:51:00,SUCCESS
39219,9,15,4656.30,2026-08-09 03:35:00,REFUNDED
39220,5,12,1180.50,2026-08-28 13:35:00,REFUNDED
39221,3,16,2806.80,2026-08-10 08:03:00,REFUNDED
39222,10,2,1991.80,2026-08-05 17:50:00,SUCCESS
39223,2,3,847.60,2026-08-04 22:47:00,PENDING
39224,6,17,3174.20,2026-08-16 22:55:00,SUCCESS
39225,9,3,4174.90,2026-08-13 06:18:00,SUCCESS
39226,8,8,3036.60,2026-08-23 04:32:00,SUCCESS
39227,1,4,645.70,2026-08-22 22:15:00,PENDING
39228,7,16,3991.90,2026-08-19 10:59:00,REFUNDED
39229,2,4,255.40,2026-08-30 10:35:00,SUCCESS
39230,4,8,422.30,2026-08-12 08:15:00,PENDING
39231,4,10,1097.60,2026-08-06 12:05:00,PENDING
39232,4,1,4337.30,2026-08-19 09:57:00,PENDING
39233,9,4,2725.00,2026-08-26 02:06:00,PENDING
39234,6,16,4547.40,2026-08-23 23:38:00,FAILED
39235,6,8,1846.20,2026-08-23 22:07:00,PENDING
39236,3,16,5009.90,2026-08-13 18:50:00,FAILED
39237,10,9,4039.10,2026-08-24 18:50:00,PENDING
39238,6,14,2621.30,2026-08-15 11:15:00,SUCCESS
39239,5,5,97.60,2026-08-13 05:52:00,PENDING
39240,7,10,1050.20,2026-08-28 23:12:00,REFUNDED
39241,6,11,1163.20,2026-08-17 19:44:00,SUCCESS
39242,7,11,1659.50,2026-08-24 23:32:00,REFUNDED
39243,2,18,726.60,2026-08-26 20:10:00,PENDING
39244,1,12,3940.60,2026-08-04 03:35:00,PENDING
39245,3,7,3828.50,2026-08-21 06:38:00,SUCCESS
39246,1,13,2020.60,2026-08-27 16:00:00,REFUNDED
39247,4,15,4654.50,2026-08-02 03:15:00,SUCCESS
39248,8,13,1863.30,2026-08-17 19:51:00,FAILED
39249,8,20,4451.10,2026-08-09 00:15:00,FAILED
39250,8,12,1091.10,2026-08-05 11:27:00,SUCCESS
39251,8,5,4992.70,2026-08-04 09:47:00,FAILED
39252,2,17,2102.80,2026-08-20 15:28:00,PENDING
39253,6,10,3651.00,2026-08-09 01:15:00,REFUNDED
39254,6,11,4198.10,2026-08-16 17:37:00,SUCCESS
39255,8,15,3960.00,2026-08-21 23:07:00,SUCCESS
39256,9,5,4568.10,2026-08-28 08:10:00,REFUNDED
39257,6,2,3220.00,2026-08-08 11:36:00,PENDING
39258,4,18,86.00,2026-08-19 18:02:00,SUCCESS
39259,1,5,692.90,2026-08-07 06:36:00,SUCCESS
39260,6,1,868.40,2026-08-12 23:17:00,REFUNDED
39261,8,7,1661.50,2026-08-23 01:53:00,SUCCESS
39262,5,14,1607.10,2026-08-19 05:49:00,REFUNDED
39263,2,18,1472.90,2026-08-30 09:29:00,REFUNDED
39264,10,16,4091.20,2026-08-25 14:50:00,SUCCESS
39265,7,7,2812.80,2026-08-26 20:14:00,FAILED
39266,9,17,2485.30,2026-08-17 11:04:00,PENDING
39267,2,1,3903.80,2026-08-24 08:08:00,FAILED
39268,9,17,4390.70,2026-08-23 03:15:00,REFUNDED
39269,1,20,846.10,2026-08-07 11:37:00,SUCCESS
39270,4,9,4218.70,2026-08-08 19:32:00,SUCCESS
39271,5,1,4654.80,2026-08-15 16:30:00,REFUNDED
39272,8,19,1237.60,2026-08-10 05:08:00,SUCCESS
39273,5,8,2735.00,2026-08-05 21:58:00,FAILED
39274,7,12,3696.30,2026-08-10 21:08:00,PENDING
39275,7,7,3763.90,2026-08-13 12:32:00,REFUNDED
39276,6,17,552.50,2026-08-31 06:36:00,SUCCESS
39277,5,16,2103.20,2026-08-24 00:42:00,FAILED
39278,10,5,1676.60,2026-08-23 08:20:00,FAILED
39279,7,17,4737.60,2026-08-28 19:10:00,FAILED
39280,7,14,192.60,2026-08-13 04:11:00,PENDING
39281,9,8,274.50,2026-08-21 21:23:00,SUCCESS
39282,6,9,3231.60,2026-08-09 16:17:00,FAILED
39283,7,11,171.70,2026-08-21 04:54:00,FAILED
39284,7,16,2461.80,2026-08-02 02:07:00,PENDING
39285,10,20,4200.90,2026-08-04 03:22:00,FAILED
39286,5,15,837.40,2026-08-25 09:53:00,REFUNDED
39287,9,6,3441.40,2026-08-09 10:20:00,PENDING
39288,1,1,5000,INVALID_DATE_TIME,SUCCESS
39289,1,9,4807.40,2026-08-07 12:16:00,SUCCESS
39290,3,1,4750.50,2026-08-27 02:30:00,REFUNDED
39291,6,4,2149.90,2026-08-07 22:56:00,SUCCESS
39292,1,16,1507.80,2026-08-14 20:01:00,FAILED
39293,10,3,1444.00,2026-08-08 02:58:00,FAILED
39294,7,11,1994.60,2026-08-17 04:53:00,FAILED
39295,2,11,2392.10,2026-08-10 04:35:00,PENDING
39296,9,16,4828.00,2026-08-08 20:37:00,REFUNDED
39297,3,16,2166.30,2026-08-29 00:42:00,FAILED
39298,2,12,2101.80,2026-08-07 01:22:00,SUCCESS
39299,8,2,3302.60,2026-08-14 00:59:00,REFUNDED
39300,8,10,2946.50,2026-08-11 19:57:00,REFUNDED
39301,2,3,3151.10,2026-08-26 04:19:00,REFUNDED
39302,4,9,2335.10,2026-08-29 20:42:00,SUCCESS
39303,7,15,3923.00,2026-08-29 22:14:00,FAILED
39304,7,16,2065.80,2026-08-30 07:03:00,FAILED
39305,2,11,3744.30,2026-08-01 22:11:00,FAILED
39306,2,16,3862.80,2026-08-13 15:38:00,REFUNDED
39307,9,6,2678.10,2026-08-03 03:38:00,FAILED
39308,8,3,477.60,2026-08-04 05:06:00,SUCCESS
39309,6,5,130.90,2026-08-15 02:59:00,SUCCESS
39310,6,18,4952.20,2026-08-04 21:22:00,SUCCESS
39311,7,20,3133.40,2026-08-05 07:21:00,FAILED
39312,9,14,1807.20,2026-08-07 23:37:00,PENDING
39313,2,13,2850.50,2026-08-30 15:25:00,SUCCESS
39314,7,9,2099.20,2026-08-02 16:25:00,PENDING
39315,9,20,2681.40,2026-08-21 21:56:00,REFUNDED
39316,7,2,2740.90,2026-08-17 20:41:00,SUCCESS
39317,6,10,1893.90,2026-08-19 19:11:00,REFUNDED
39318,10,5,3893.00,2026-08-02 19:17:00,PENDING
39319,9,13,4754.70,2026-08-30 09:33:00,SUCCESS
39320,3,13,4738.30,2026-08-12 13:00:00,REFUNDED
39321,7,12,4088.20,2026-08-22 02:02:00,SUCCESS
39322,9,4,4417.10,2026-08-07 22:21:00,SUCCESS
39323,7,6,643.90,2026-08-16 22:32:00,PENDING
39324,4,10,3198.70,2026-08-20 21:11:00,SUCCESS
39325,9,13,660.40,2026-08-30 05:05:00,REFUNDED
39326,9,12,592.80,2026-08-11 20:34:00,SUCCESS
39327,7,1,2661.80,2026-08-27 14:01:00,REFUNDED
39328,7,4,4662.00,2026-08-02 21:56:00,PENDING
39329,10,16,793.70,2026-08-18 03:38:00,PENDING
39330,6,9,4524.70,2026-08-23 20:42:00,PENDING
39331,4,14,3275.40,2026-08-03 19:14:00,SUCCESS
39332,1,19,4839.00,2026-08-19 01:32:00,REFUNDED
39333,8,16,4714.20,2026-08-09 18:51:00,PENDING
39334,7,12,266.50,2026-08-18 23:55:00,SUCCESS
39335,1,8,1614.60,2026-08-01 14:48:00,SUCCESS
39336,6,11,314.10,2026-08-28 09:11:00,REFUNDED
39337,6,20,587.20,2026-08-26 17:25:00,PENDING
39338,9,2,3311.20,2026-08-30 10:18:00,PENDING
39339,7,7,996.00,2026-08-19 09:53:00,FAILED
39340,9,16,4235.30,2026-08-09 20:27:00,REFUNDED
39341,10,15,3666.90,2026-08-30 00:42:00,REFUNDED
39342,7,3,970.90,2026-08-30 11:46:00,PENDING
39343,6,11,483.80,2026-08-30 12:18:00,PENDING
39344,5,17,3715.20,2026-08-28 01:45:00,SUCCESS
39345,7,6,3887.40,2026-08-01 13:51:00,REFUNDED
39346,9,15,3422.00,2026-08-27 01:08:00,SUCCESS
39347,6,6,4400.10,2026-08-29 21:25:00,PENDING
39348,6,16,1757.40,2026-08-19 23:29:00,SUCCESS
39349,1,20,528.70,2026-08-17 10:43:00,PENDING
39350,7,13,739.40,2026-08-11 19:00:00,FAILED
39351,3,14,1846.60,2026-08-13 09:54:00,PENDING
39352,3,8,3404.60,2026-08-11 14:53:00,REFUNDED
39353,3,19,4249.70,2026-08-30 13:43:00,PENDING
39354,3,13,4706.50,2026-08-04 16:21:00,FAILED
39355,9,4,2838.30,2026-08-14 08:35:00,REFUNDED
39356,4,15,4098.40,2026-08-05 04:47:00,SUCCESS
39357,9,4,4254.10,2026-08-31 01:30:00,REFUNDED
39358,3,19,731.10,2026-08-26 14:34:00,REFUNDED
39359,10,14,2168.10,2026-08-19 16:42:00,PENDING
39360,6,19,2088.60,2026-08-02 16:24:00,FAILED
39361,2,1,3238.90,2026-08-12 15:13:00,SUCCESS
39362,3,13,3624.90,2026-08-17 04:08:00,REFUNDED
39363,9,16,4646.70,2026-08-28 08:30:00,FAILED
39364,2,1,172.20,2026-08-29 07:01:00,FAILED
39365,1,3,2517.80,2026-08-05 22:27:00,FAILED
39366,6,8,4639.90,2026-08-26 10:44:00,FAILED
39367,2,10,2275.40,2026-08-16 15:21:00,SUCCESS
39368,10,18,3003.50,2026-08-21 08:35:00,SUCCESS
39369,3,1,4632.80,2026-08-05 02:50:00,FAILED
39370,10,5,4164.30,2026-08-02 13:21:00,PENDING
39371,6,13,1873.90,2026-08-20 09:35:00,PENDING
39372,6,12,1541.20,2026-08-07 10:13:00,PENDING
39373,3,12,1776.50,2026-08-27 04:02:00,SUCCESS
39374,8,18,2310.90,2026-08-27 14:51:00,FAILED
39375,8,13,193.50,2026-08-24 09:12:00,SUCCESS
39376,5,2,565.40,2026-08-27 08:04:00,REFUNDED
39377,2,4,4886.10,2026-08-22 21:28:00,FAILED
39378,9,17,3813.30,2026-08-22 20:13:00,PENDING
39379,10,11,4230.90,2026-08-01 16:03:00,PENDING
39380,1,20,4597.50,2026-08-09 23:47:00,REFUNDED
39381,5,18,4775.40,2026-08-24 05:19:00,SUCCESS
39382,8,2,4278.80,2026-08-27 01:57:00,PENDING
39383,4,3,2827.50,2026-08-16 17:04:00,PENDING
39384,7,3,4913.10,2026-08-28 09:56:00,PENDING
39385,6,12,2705.70,2026-08-30 00:17:00,FAILED
39386,4,11,4688.70,2026-08-13 03:13:00,PENDING
39387,4,17,4522.90,2026-08-06 02:20:00,REFUNDED
39388,2,12,1230.40,2026-08-01 20:04:00,REFUNDED
39389,4,17,1611.70,2026-08-22 07:46:00,SUCCESS
39390,4,11,4134.10,2026-08-12 15:10:00,FAILED
39391,10,2,4009.70,2026-08-29 18:06:00,SUCCESS
39392,10,2,1897.10,2026-08-11 03:57:00,PENDING
39393,3,7,3461.80,2026-08-25 00:13:00,SUCCESS
39394,2,17,1023.80,2026-08-26 18:33:00,PENDING
39395,4,10,1895.70,2026-08-12 16:34:00,PENDING
39396,9,18,1393.20,2026-08-25 18:16:00,PENDING
39397,1,19,3739.30,2026-08-05 19:02:00,SUCCESS
39398,3,7,4640.50,2026-08-17 19:05:00,PENDING
39399,9,3,3282.10,2026-08-05 08:01:00,REFUNDED
39400,2,13,2247.80,2026-08-26 01:27:00,FAILED
39401,10,1,1389.80,2026-08-18 04:18:00,REFUNDED
39402,4,12,1158.60,2026-08-25 13:19:00,REFUNDED
39403,5,5,822.00,2026-08-10 19:53:00,PENDING
39404,9,6,3523.70,2026-08-08 13:10:00,REFUNDED
39405,6,4,906.30,2026-08-17 19:05:00,FAILED
39406,8,5,3118.80,2026-08-30 13:56:00,REFUNDED
39407,7,12,4434.20,2026-08-17 07:22:00,REFUNDED
39408,8,13,3620.40,2026-08-28 05:52:00,PENDING
39409,10,8,991.80,2026-08-01 21:40:00,REFUNDED
39410,9,2,58.50,2026-08-15 06:11:00,PENDING
39411,9,7,3654.20,2026-08-23 23:09:00,FAILED
39412,10,6,753.00,2026-08-29 06:16:00,REFUNDED
39413,5,11,444.60,2026-08-03 02:01:00,REFUNDED
39414,8,8,1355.70,2026-08-15 01:58:00,FAILED
39415,6,11,2807.40,2026-08-16 23:52:00,FAILED
39416,8,18,3613.60,2026-08-30 23:51:00,PENDING
39417,9,15,857.60,2026-08-12 08:24:00,PENDING
39418,3,12,1267.30,2026-08-07 12:34:00,REFUNDED
39419,7,15,640.60,2026-08-03 00:38:00,REFUNDED
39420,6,10,967.60,2026-08-10 15:44:00,PENDING
39421,3,17,783.80,2026-08-03 01:49:00,PENDING
39422,4,12,651.50,2026-08-29 12:55:00,FAILED
39423,8,6,2504.30,2026-08-16 01:32:00,PENDING
39424,5,12,1619.20,2026-08-21 04:30:00,FAILED
39425,4,10,3402.60,2026-08-05 07:07:00,FAILED
39426,6,2,1070.70,2026-08-18 09:21:00,FAILED
39427,10,16,5048.10,2026-08-04 16:17:00,REFUNDED
39428,6,3,518.30,2026-08-28 14:31:00,SUCCESS
39429,9,12,832.50,2026-08-07 20:59:00,FAILED
39430,1,14,2271.40,2026-08-10 22:12:00,PENDING
39431,1,1,5000,INVALID_DATE_TIME,SUCCESS
39432,9,3,1353.20,2026-08-04 00:25:00,FAILED
39433,4,1,1818.30,2026-08-22 20:33:00,PENDING
39434,5,4,947.60,2026-08-12 11:55:00,PENDING
39435,5,7,3986.00,2026-08-28 11:14:00,SUCCESS
39436,2,19,2666.60,2026-08-07 13:54:00,PENDING
39437,9,19,3138.10,2026-08-11 04:50:00,REFUNDED
39438,9,14,898.50,2026-08-12 14:26:00,REFUNDED
39439,10,7,3417.20,2026-08-08 03:56:00,PENDING
39440,2,16,1514.60,2026-08-15 03:24:00,SUCCESS
39441,1,6,3156.30,2026-08-11 08:40:00,FAILED
39442,2,12,3867.70,2026-08-19 01:52:00,SUCCESS
39443,3,1,183.20,2026-08-13 11:52:00,PENDING
39444,1,13,4888.40,2026-08-30 04:03:00,SUCCESS
39445,7,18,574.00,2026-08-30 19:23:00,FAILED
39446,3,15,4625.80,2026-08-10 05:11:00,REFUNDED
39447,9,15,3097.10,2026-08-28 12:30:00,FAILED
39448,8,6,3757.20,2026-08-19 22:14:00,SUCCESS
39449,7,9,780.20,2026-08-16 06:57:00,SUCCESS
39450,5,4,2041.50,2026-08-07 11:45:00,FAILED
39451,8,5,4353.90,2026-08-13 22:17:00,PENDING
39452,9,14,4532.40,2026-08-10 13:54:00,FAILED
39453,6,16,1802.50,2026-08-21 04:31:00,SUCCESS
39454,2,14,1464.50,2026-08-02 09:28:00,REFUNDED
39455,9,9,2012.30,2026-08-17 12:59:00,PENDING
39456,1,100.00
39457,3,1,2898.80,2026-08-13 06:01:00,FAILED
39458,3,7,3717.90,2026-08-17 19:35:00,FAILED
39459,6,11,1744.00,2026-08-04 18:59:00,SUCCESS
39460,4,19,4941.30,2026-08-10 08:17:00,REFUNDED
39461,4,18,1090.10,2026-08-22 02:38:00,FAILED
39462,5,4,4348.00,2026-08-24 13:57:00,REFUNDED
39463,5,7,4854.90,2026-08-05 07:14:00,REFUNDED
39464,10,17,1517.10,2026-08-08 10:08:00,PENDING
39465,1,6,2114.50,2026-08-24 13:46:00,SUCCESS
39466,1,100.00
39467,4,11,2549.90,2026-08-02 18:19:00,FAILED
39468,5,9,4015.00,2026-08-22 22:21:00,SUCCESS
39469,5,10,872.90,2026-08-23 03:45:00,SUCCESS
39470,9,9,3636.40,2026-08-22 10:14:00,FAILED
39471,4,8,3653.50,2026-08-14 02:11:00,FAILED
39472,4,8,277.20,2026-08-25 15:31:00,REFUNDED
39473,5,14,2048.80,2026-08-05 07:59:00,REFUNDED
39474,9,1,1645.10,2026-08-15 15:01:00,REFUNDED
39475,4,3,211.70,2026-08-09 18:09:00,REFUNDED
39476,5,19,2988.20,2026-08-24 02:46:00,FAILED
39477,10,19,4421.00,2026-08-30 01:39:00,SUCCESS
39478,5,19,3307.20,2026-08-07 10:09:00,SUCCESS
39479,7,20,4110.60,2026-08-03 12:32:00,PENDING
39480,7,5,2489.70,2026-08-09 23:11:00,SUCCESS
39481,4,5,2702.40,2026-08-07 11:54:00,FAILED
39482,7,20,2756.50,2026-08-22 22:34:00,SUCCESS
39483,8,7,3231.30,2026-08-03 11:12:00,FAILED
39484,2,7,824.70,2026-08-14 14:06:00,FAILED
39485,4,3,790.70,2026-08-26 15:15:00,FAILED
39486,10,18,3069.90,2026-08-24 16:41:00,FAILED
39487,8,14,4389.80,2026-08-25 23:19:00,PENDING
39488,5,19,4809.10,2026-08-23 06:48:00,PENDING
39489,3,14,4939.40,2026-08-25 13:03:00,FAILED
39490,2,7,3614.10,2026-08-30 21:50:00,FAILED
39491,7,6,2426.70,2026-08-19 13:20:00,FAILED
39492,6,17,4133.10,2026-08-17 12:07:00,FAILED
39493,7,13,3762.10,2026-08-06 22:20:00,PENDING
39494,6,4,3332.40,2026-08-19 11:15:00,FAILED
39495,3,13,1600.70,2026-08-23 16:19:00,REFUNDED
39496,10,5,2789.60,2026-08-22 16:47:00,FAILED
39497,3,19,2211.40,2026-08-16 04:57:00,PENDING
39498,9,13,1326.70,2026-08-24 00:59:00,PENDING
39499,1,3,3932.40,2026-08-10 03:59:00,FAILED
39500,4,9,995.00,2026-08-10 05:06:00,PENDING
39501,2,1,1242.60,2026-08-06 08:41:00,FAILED
39502,7,3,4066.10,2026-08-11 01:31:00,FAILED
39503,4,5,843.20,2026-08-11 01:39:00,PENDING
39504,6,3,4995.80,2026-08-02 17:50:00,FAILED
39505,9,11,747.40,2026-08-11 20:58:00,REFUNDED
39506,7,9,3347.40,2026-08-04 06:34:00,FAILED
39507,1,15,3314.30,2026-08-12 22:10:00,PENDING
39508,5,11,184.70,2026-08-11 12:56:00,REFUNDED
39509,10,15,4060.20,2026-08-31 06:09:00,REFUNDED
39510,2,9,4950.80,2026-08-08 07:45:00,REFUNDED
39511,9,20,2493.70,2026-08-21 06:21:00,FAILED
39512,4,17,2075.60,2026-08-19 13:03:00,FAILED
39513,8,2,2506.40,2026-08-24 02:29:00,SUCCESS
39514,6,5,4186.30,2026-08-22 16:37:00,REFUNDED
39515,10,8,547.10,2026-08-14 00:49:00,SUCCESS
39516,6,14,2551.80,2026-08-09 10:31:00,SUCCESS
39517,4,7,292.00,2026-08-31 00:41:00,PENDING
39518,4,16,1612.30,2026-08-08 05:40:00,FAILED
39519,1,5,3152.60,2026-08-19 07:54:00,SUCCESS
39520,2,12,4728.50,2026-08-11 20:49:00,FAILED
39521,3,1,3870.00,2026-08-09 14:29:00,SUCCESS
39522,5,3,1871.60,2026-08-10 15:55:00,SUCCESS
39523,9,2,1010.60,2026-08-14 12:00:00,REFUNDED
39524,9,20,4803.10,2026-08-10 03:46:00,SUCCESS
39525,5,8,2747.20,2026-08-05 23:31:00,SUCCESS
39526,6,17,1185.70,2026-08-08 08:18:00,SUCCESS
39527,3,7,1785.40,2026-08-15 10:31:00,FAILED
39528,6,1,1808.60,2026-08-30 21:25:00,FAILED
39529,7,18,3905.50,2026-08-12 16:01:00,SUCCESS
39530,3,16,709.90,2026-08-30 00:37:00,SUCCESS
39531,1,1,NOT_A_NUMBER,2026-08-01 12:00:00,SUCCESS
39532,8,14,2694.80,2026-08-04 14:35:00,SUCCESS
39533,7,4,1666.50,2026-08-12 03:49:00,SUCCESS
39534,8,11,2810.30,2026-08-07 05:52:00,SUCCESS
39535,10,3,1605.50,2026-08-12 02:47:00,PENDING
39536,6,15,2961.90,2026-08-25 00:44:00,SUCCESS
39537,7,12,4032.00,2026-08-02 16:23:00,SUCCESS
39538,5,1,406.30,2026-08-17 19:44:00,FAILED
39539,9,10,1324.20,2026-08-30 19:20:00,REFUNDED
39540,9,4,4607.40,2026-08-08 08:26:00,FAILED
39541,7,1,2151.70,2026-08-06 21:13:00,PENDING
39542,1,9,3257.10,2026-08-13 11:08:00,SUCCESS
39543,10,4,2319.40,2026-08-03 04:21:00,FAILED
39544,4,11,793.70,2026-08-21 11:02:00,REFUNDED
39545,2,15,104.60,2026-08-11 10:33:00,REFUNDED
39546,8,7,1576.90,2026-08-29 08:14:00,FAILED
39547,1,12,4137.20,2026-08-29 07:50:00,SUCCESS
39548,1,16,3546.00,2026-08-17 13:14:00,FAILED
39549,1,9,2743.10,2026-08-03 21:31:00,FAILED
39550,3,17,2181.60,2026-08-29 08:10:00,PENDING
39551,2,16,2677.60,2026-08-24 03:27:00,SUCCESS
39552,4,15,4580.80,2026-08-08 17:57:00,SUCCESS
39553,6,18,986.90,2026-08-24 04:30:00,SUCCESS
39554,9,5,3698.60,2026-08-26 07:46:00,PENDING
39555,3,9,3936.80,2026-08-02 11:59:00,SUCCESS
39556,2,20,3874.40,2026-08-26 02:46:00,PENDING
39557,6,11,2677.30,2026-08-29 04:55:00,PENDING
39558,9,15,2117.70,2026-08-11 05:11:00,FAILED
39559,9,20,2602.80,2026-08-19 10:07:00,PENDING
39560,6,13,4248.80,2026-08-24 07:46:00,REFUNDED
39561,7,9,4263.50,2026-08-29 07:48:00,REFUNDED
39562,9,1,2260.90,2026-08-27 19:31:00,PENDING
39563,1,8,2701.70,2026-08-02 18:26:00,FAILED
39564,10,20,1240.40,2026-08-18 22:47:00,SUCCESS
39565,10,9,1609.90,2026-08-03 02:01:00,SUCCESS
39566,10,15,512.10,2026-08-10 06:45:00,FAILED
39567,6,9,1919.40,2026-08-27 13:13:00,FAILED
39568,4,9,379.70,2026-08-29 03:13:00,SUCCESS
39569,9,11,4800.10,2026-08-16 18:28:00,REFUNDED
39570,8,1,1064.10,2026-08-02 13:47:00,REFUNDED
39571,3,5,2626.40,2026-08-30 13:20:00,PENDING
39572,6,11,944.30,2026-08-21 05:56:00,FAILED
39573,4,1,3449.80,2026-08-18 20:45:00,SUCCESS
39574,9,18,943.10,2026-08-05 20:06:00,PENDING
39575,2,5,3095.70,2026-08-30 23:02:00,FAILED
39576,5,17,1459.60,2026-08-27 20:42:00,SUCCESS
39577,9,11,914.60,2026-08-02 11:44:00,FAILED
39578,7,15,3587.70,2026-08-03 15:22:00,FAILED
39579,1,4,3554.60,2026-08-21 19:24:00,REFUNDED
39580,2,1,2759.70,2026-08-10 05:26:00,PENDING
39581,10,9,168.60,2026-08-25 18:58:00,SUCCESS
39582,2,14,252.70,2026-08-16 01:05:00,REFUNDED
39583,10,13,2397.00,2026-08-18 20:57:00,FAILED
39584,6,20,2838.90,2026-08-12 02:13:00,FAILED
39585,9,13,550.40,2026-08-01 12:20:00,PENDING
39586,6,6,2809.60,2026-08-27 23:00:00,REFUNDED
39587,9,6,4375.40,2026-08-06 09:59:00,SUCCESS
39588,8,16,365.30,2026-08-19 11:32:00,SUCCESS
39589,7,14,3403.30,2026-08-17 14:30:00,PENDING
39590,1,3,3339.60,2026-08-08 12:47:00,SUCCESS
39591,8,19,176.20,2026-08-13 17:14:00,FAILED
39592,4,1,1350.10,2026-08-21 09:45:00,REFUNDED
39593,7,4,1654.30,2026-08-07 09:14:00,PENDING
39594,1,10,2874.00,2026-08-21 00:50:00,REFUNDED
39595,1,1,5000,2026-08-01 12:00:00,UNKNOWN_STATUS
39596,4,18,4467.90,2026-08-22 20:54:00,PENDING
39597,9,10,137.90,2026-08-20 01:10:00,REFUNDED
39598,1,5,1678.60,2026-08-25 07:27:00,FAILED
39599,10,20,1016.10,2026-08-28 18:14:00,SUCCESS
39600,8,5,4760.00,2026-08-14 11:45:00,FAILED
39601,8,11,4606.60,2026-08-04 17:10:00,FAILED
39602,2,4,4021.80,2026-08-29 19:28:00,FAILED
39603,1,17,2729.80,2026-08-28 17:37:00,REFUNDED
39604,8,13,2629.60,2026-08-11 20:13:00,FAILED
39605,6,4,4102.70,2026-08-18 06:22:00,SUCCESS
39606,3,19,1504.50,2026-08-21 14:43:00,PENDING
39607,3,3,1923.90,2026-08-05 15:44:00,FAILED
39608,10,2,2192.00,2026-08-04 06:18:00,REFUNDED
39609,1,15,541.50,2026-08-03 11:39:00,SUCCESS
39610,1,11,4619.80,2026-08-11 16:21:00,PENDING
39611,5,3,1462.20,2026-08-05 07:38:00,REFUNDED
39612,7,4,4610.90,2026-08-21 07:14:00,PENDING
39613,8,19,4666.90,2026-08-12 12:13:00,SUCCESS
39614,2,15,3385.90,2026-08-19 04:03:00,PENDING
39615,9,12,4172.90,2026-08-18 16:21:00,PENDING
39616,10,10,2118.40,2026-08-08 02:58:00,SUCCESS
39617,5,15,1741.70,2026-08-30 03:14:00,SUCCESS
39618,3,5,654.90,2026-08-07 03:58:00,PENDING
39619,6,14,1741.00,2026-08-13 02:54:00,SUCCESS
39620,9,17,2738.80,2026-08-27 10:17:00,PENDING
39621,4,20,4823.50,2026-08-17 09:17:00,REFUNDED
39622,3,11,1258.10,2026-08-18 10:28:00,FAILED
39623,1,1,5000,2026-08-01 12:00:00,UNKNOWN_STATUS
39624,6,1,1214.50,2026-08-22 22:15:00,FAILED
39625,3,14,4889.70,2026-08-13 03:35:00,REFUNDED
39626,4,5,3502.60,2026-08-22 02:53:00,SUCCESS
39627,10,8,4194.60,2026-08-17 05:28:00,REFUNDED
39628,1,100.00
39629,9,1,3693.80,2026-08-22 00:13:00,PENDING
39630,5,2,1437.40,2026-08-04 19:08:00,FAILED
39631,5,10,1584.00,2026-08-22 10:46:00,FAILED
39632,6,13,1489.50,2026-08-30 05:45:00,SUCCESS
39633,9,14,491.00,2026-08-11 03:45:00,REFUNDED
39634,7,15,4581.80,2026-08-22 20:00:00,REFUNDED
39635,6,14,3525.80,2026-08-05 22:46:00,REFUNDED
39636,4,9,968.80,2026-08-10 04:52:00,FAILED
39637,6,5,1243.20,2026-08-24 15:36:00,REFUNDED
39638,8,3,2995.40,2026-08-18 12:34:00,FAILED
39639,8,12,1297.70,2026-08-14 21:52:00,PENDING
39640,10,9,2262.40,2026-08-18 14:49:00,REFUNDED
39641,1,9,3903.90,2026-08-18 15:25:00,PENDING
39642,7,5,3627.90,2026-08-15 05:46:00,SUCCESS
39643,9,19,4597.70,2026-08-24 07:20:00,REFUNDED
39644,2,7,96.30,2026-08-21 14:29:00,FAILED
39645,5,20,3024.80,2026-08-18 04:38:00,SUCCESS
39646,10,11,4223.70,2026-08-13 15:55:00,REFUNDED
39647,1,15,3999.50,2026-08-23 15:08:00,REFUNDED
39648,9,8,2522.40,2026-08-27 16:40:00,FAILED
39649,4,6,2304.60,2026-08-06 14:36:00,FAILED
39650,8,10,2224.00,2026-08-04 23:20:00,FAILED
39651,6,17,3408.10,2026-08-07 00:58:00,FAILED
39652,7,1,3315.00,2026-08-20 21:47:00,FAILED
39653,2,10,927.10,2026-08-30 06:30:00,SUCCESS
39654,6,3,2310.00,2026-08-27 09:07:00,PENDING
39655,3,6,2725.30,2026-08-21 09:40:00,FAILED
39656,7,2,5019.60,2026-08-18 16:22:00,REFUNDED
39657,3,9,276.50,2026-08-24 08:56:00,PENDING
39658,2,16,1367.90,2026-08-24 20:35:00,FAILED
39659,6,3,4856.50,2026-08-04 13:50:00,PENDING
39660,3,6,2597.50,2026-08-04 21:18:00,REFUNDED
39661,10,18,2409.70,2026-08-10 02:06:00,SUCCESS
39662,7,19,2435.30,2026-08-28 21:42:00,FAILED
39663,3,3,4446.20,2026-08-20 14:13:00,FAILED
39664,8,14,3188.30,2026-08-11 03:48:00,PENDING
39665,6,9,1781.10,2026-08-01 21:51:00,REFUNDED
39666,9,4,3855.30,2026-08-21 07:21:00,FAILED
39667,7,10,1790.90,2026-08-29 21:30:00,SUCCESS
39668,1,1,5000,INVALID_DATE_TIME,SUCCESS
39669,8,7,1459.80,2026-08-18 19:05:00,REFUNDED
39670,4,8,799.90,2026-08-04 17:45:00,PENDING
39671,2,20,2650.00,2026-08-07 22:29:00,PENDING
39672,3,8,3274.80,2026-08-13 06:47:00,REFUNDED
39673,8,20,1701.40,2026-08-25 17:16:00,FAILED
39674,1,20,3477.60,2026-08-08 18:34:00,FAILED
39675,7,4,4387.30,2026-08-02 13:47:00,SUCCESS
39676,8,10,1139.80,2026-08-19 13:20:00,PENDING
39677,5,15,4111.40,2026-08-09 08:04:00,REFUNDED
39678,4,18,3045.00,2026-08-30 20:01:00,FAILED
39679,6,8,3469.60,2026-08-18 22:40:00,REFUNDED
39680,8,13,2241.70,2026-08-20 11:07:00,PENDING
39681,1,2,609.00,2026-08-25 12:52:00,REFUNDED
39682,3,14,1912.30,2026-08-03 06:26:00,REFUNDED
39683,2,12,1674.00,2026-08-03 04:19:00,SUCCESS
39684,9,6,922.10,2026-08-08 00:11:00,REFUNDED
39685,4,7,4620.20,2026-08-03 21:33:00,REFUNDED
39686,4,9,1674.60,2026-08-04 12:28:00,PENDING
39687,6,1,4181.70,2026-08-10 08:42:00,FAILED
39688,5,8,3292.90,2026-08-21 03:06:00,SUCCESS
39689,4,13,3387.00,2026-08-12 11:35:00,SUCCESS
39690,3,9,403.80,2026-08-28 12:58:00,FAILED
39691,6,1,1963.00,2026-08-03 03:45:00,REFUNDED
39692,2,6,3504.30,2026-08-05 15:50:00,REFUNDED
39693,5,5,3511.60,2026-08-18 22:53:00,PENDING
39694,5,7,1460.70,2026-08-14 04:16:00,REFUNDED
39695,6,17,905.20,2026-08-07 01:52:00,FAILED
39696,4,2,3273.40,2026-08-26 16:32:00,PENDING
39697,1,20,2392.20,2026-08-02 22:47:00,PENDING
39698,4,10,500.20,2026-08-03 21:18:00,PENDING
39699,1,6,2022.70,2026-08-20 14:31:00,SUCCESS
39700,1,1,NOT_A_NUMBER,2026-08-01 12:00:00,SUCCESS
39701,3,13,4055.70,2026-08-15 23:09:00,PENDING
39702,10,20,4547.90,2026-08-04 13:12:00,PENDING
39703,1,19,3537.60,2026-08-23 07:36:00,REFUNDED
39704,6,7,2742.10,2026-08-13 21:52:00,PENDING
39705,8,6,4484.50,2026-08-12 14:49:00,REFUNDED
39706,7,4,133.00,2026-08-12 06:52:00,SUCCESS
39707,2,15,4822.70,2026-08-01 18:58:00,PENDING
39708,3,14,3579.20,2026-08-06 19:10:00,PENDING
39709,5,14,3813.70,2026-08-02 02:02:00,PENDING
39710,2,9,3458.90,2026-08-30 02:59:00,PENDING
39711,8,3,2247.30,2026-08-27 02:28:00,FAILED
39712,1,12,1354.90,2026-08-27 22:27:00,REFUNDED
39713,1,1,5000,INVALID_DATE_TIME,SUCCESS
39714,2,16,749.40,2026-08-30 20:27:00,REFUNDED
39715,3,19,3686.40,2026-08-03 23:13:00,PENDING
39716,6,14,235.20,2026-08-06 04:34:00,SUCCESS
39717,2,6,3156.50,2026-08-29 17:21:00,REFUNDED
39718,5,6,2816.60,2026-08-20 08:04:00,FAILED
39719,1,19,404.00,2026-08-25 13:33:00,PENDING
39720,4,9,1259.50,2026-08-14 15:47:00,PENDING
39721,8,2,4756.60,2026-08-27 04:38:00,PENDING
39722,10,6,2620.80,2026-08-16 13:48:00,SUCCESS
39723,8,20,2932.40,2026-08-13 00:15:00,PENDING
39724,2,7,3818.00,2026-08-07 17:54:00,PENDING
39725,5,5,2464.20,2026-08-18 12:23:00,FAILED
39726,8,4,3303.70,2026-08-21 14:56:00,SUCCESS
39727,3,12,3466.10,2026-08-07 18:12:00,SUCCESS
39728,5,16,280.00,2026-08-31 03:26:00,SUCCESS
39729,9,2,5025.30,2026-08-07 03:10:00,REFUNDED
39730,9,7,2304.50,2026-08-03 13:36:00,FAILED
39731,6,8,3580.00,2026-08-11 23:10:00,SUCCESS
39732,10,1,1228.50,2026-08-23 02:17:00,REFUNDED
39733,5,1,91.00,2026-08-10 13:32:00,FAILED
39734,6,3,1362.30,2026-08-13 07:27:00,REFUNDED
39735,5,16,4767.00,2026-08-27 00:44:00,SUCCESS
39736,6,10,168.90,2026-08-14 21:31:00,FAILED
39737,2,7,2454.50,2026-08-22 10:53:00,FAILED
39738,9,7,745.00,2026-08-15 23:50:00,SUCCESS
39739,4,20,2327.80,2026-08-28 08:19:00,REFUNDED
39740,4,2,4182.90,2026-08-08 12:26:00,SUCCESS
39741,4,15,1371.10,2026-08-14 04:37:00,SUCCESS
39742,2,1,1245.60,2026-08-17 20:03:00,REFUNDED
39743,2,16,2167.30,2026-08-22 15:46:00,SUCCESS
39744,1,1,5000,INVALID_DATE_TIME,SUCCESS
39745,6,18,266.70,2026-08-11 00:29:00,SUCCESS
39746,5,18,2876.00,2026-08-11 08:19:00,FAILED
39747,2,14,3407.40,2026-08-29 11:05:00,FAILED
39748,1,14,4631.00,2026-08-11 08:31:00,REFUNDED
39749,1,1,5000,INVALID_DATE_TIME,SUCCESS
39750,2,14,3277.30,2026-08-04 00:32:00,SUCCESS
39751,4,4,3262.20,2026-08-16 23:35:00,SUCCESS
39752,3,17,3341.00,2026-08-18 02:35:00,PENDING
39753,10,2,3432.30,2026-08-19 21:00:00,PENDING
39754,9,3,4051.80,2026-08-17 23:21:00,SUCCESS
39755,10,20,3383.30,2026-08-16 16:18:00,PENDING
39756,10,1,4260.60,2026-08-31 06:23:00,PENDING
39757,1,12,1499.30,2026-08-24 22:53:00,PENDING
39758,2,2,3189.50,2026-08-22 13:54:00,SUCCESS
39759,6,13,3924.90,2026-08-13 10:22:00,PENDING
39760,10,15,279.30,2026-08-22 20:24:00,FAILED
39761,10,3,3351.60,2026-08-14 05:13:00,REFUNDED
39762,5,19,1939.30,2026-08-20 19:13:00,REFUNDED
39763,2,8,2062.90,2026-08-13 05:01:00,REFUNDED
39764,6,12,2729.00,2026-08-01 16:45:00,REFUNDED
39765,6,10,4005.00,2026-08-28 07:43:00,REFUNDED
39766,8,17,2052.60,2026-08-17 15:01:00,REFUNDED
39767,2,3,4967.90,2026-08-01 12:43:00,REFUNDED
39768,6,5,3477.80,2026-08-03 09:26:00,SUCCESS
39769,5,18,1800.40,2026-08-25 03:38:00,PENDING
39770,3,13,1481.40,2026-08-26 15:45:00,SUCCESS
39771,1,3,5024.40,2026-08-25 10:24:00,PENDING
39772,6,11,1370.50,2026-08-21 07:32:00,SUCCESS
39773,10,16,3961.30,2026-08-21 01:16:00,REFUNDED
39774,1,13,1785.80,2026-08-03 20:38:00,SUCCESS
39775,8,1,3088.80,2026-08-17 04:53:00,SUCCESS
39776,1,1,NOT_A_NUMBER,2026-08-01 12:00:00,SUCCESS
39777,8,11,1724.00,2026-08-21 10:15:00,FAILED
39778,4,17,626.90,2026-08-16 07:05:00,FAILED
39779,8,4,4883.90,2026-08-30 05:25:00,REFUNDED
39780,6,20,4657.30,2026-08-03 23:42:00,PENDING
39781,3,1,3576.50,2026-08-12 13:22:00,PENDING
39782,4,12,4729.40,2026-08-25 18:37:00,SUCCESS
39783,8,4,2228.00,2026-08-07 18:31:00,PENDING
39784,2,18,5042.90,2026-08-29 14:38:00,REFUNDED
39785,2,13,3579.30,2026-08-23 05:18:00,SUCCESS
39786,5,17,2478.30,2026-08-04 15:15:00,SUCCESS
39787,9,3,149.30,2026-08-22 09:57:00,PENDING
39788,8,9,1626.50,2026-08-22 06:44:00,SUCCESS
39789,2,20,2082.20,2026-08-06 01:14:00,FAILED
39790,9,11,3500.90,2026-08-17 01:34:00,SUCCESS
39791,7,15,1437.00,2026-08-23 01:38:00,FAILED
39792,2,14,4313.80,2026-08-11 16:38:00,SUCCESS
39793,6,10,4357.40,2026-08-03 12:44:00,SUCCESS
39794,10,16,1731.40,2026-08-15 14:15:00,SUCCESS
39795,4,14,1935.80,2026-08-09 09:00:00,PENDING
39796,6,15,2919.10,2026-08-14 02:44:00,PENDING
39797,7,16,3635.40,2026-08-27 07:07:00,SUCCESS
39798,5,7,4869.20,2026-08-10 08:56:00,FAILED
39799,10,14,4658.60,2026-08-22 04:58:00,SUCCESS
39800,2,15,684.10,2026-08-13 00:52:00,FAILED
39801,1,14,3274.70,2026-08-23 06:26:00,PENDING
39802,3,7,3833.40,2026-08-17 02:42:00,SUCCESS
39803,9,9,312.50,2026-08-15 15:56:00,REFUNDED
39804,5,6,4657.50,2026-08-08 09:48:00,FAILED
39805,8,6,1772.10,2026-08-27 13:35:00,PENDING
39806,6,20,4880.70,2026-08-02 04:58:00,FAILED
39807,9,7,2405.10,2026-08-05 23:36:00,SUCCESS
39808,9,9,277.10,2026-08-30 18:35:00,SUCCESS
39809,2,7,2543.60,2026-08-04 15:57:00,REFUNDED
39810,4,6,1478.30,2026-08-09 21:58:00,FAILED
39811,8,3,2026.80,2026-08-02 15:31:00,SUCCESS
39812,6,2,3682.70,2026-08-26 01:08:00,PENDING
39813,10,9,665.70,2026-08-29 11:24:00,FAILED
39814,1,5,4403.60,2026-08-17 11:03:00,FAILED
39815,7,8,2949.70,2026-08-11 07:19:00,REFUNDED
39816,4,5,2630.00,2026-08-15 05:30:00,FAILED
39817,7,2,4943.80,2026-08-12 02:10:00,SUCCESS
39818,3,20,58.90,2026-08-30 04:01:00,FAILED
39819,8,8,2984.10,2026-08-13 02:46:00,FAILED
39820,4,13,363.70,2026-08-07 17:44:00,SUCCESS
39821,7,12,3719.70,2026-08-13 00:06:00,FAILED
39822,7,4,4903.30,2026-08-20 09:30:00,SUCCESS
39823,5,12,2944.90,2026-08-09 16:28:00,SUCCESS
39824,5,9,3605.00,2026-08-19 12:36:00,PENDING
39825,2,6,1104.50,2026-08-09 16:33:00,SUCCESS
39826,10,10,1773.10,2026-08-22 09:09:00,REFUNDED
39827,1,11,2549.60,2026-08-24 02:44:00,FAILED
39828,2,20,2959.70,2026-08-09 08:59:00,FAILED
39829,1,100.00
39830,1,9,1569.30,2026-08-07 06:38:00,SUCCESS
39831,7,16,4063.60,2026-08-08 23:18:00,FAILED
39832,10,16,4839.40,2026-08-28 09:36:00,SUCCESS
39833,7,13,838.50,2026-08-14 22:49:00,SUCCESS
39834,9,4,3236.50,2026-08-28 05:15:00,FAILED
39835,2,14,508.20,2026-08-27 21:51:00,REFUNDED
39836,2,15,2541.90,2026-08-23 11:32:00,REFUNDED
39837,2,9,3318.60,2026-08-30 12:48:00,SUCCESS
39838,8,15,4577.30,2026-08-30 05:58:00,REFUNDED
39839,2,7,2597.30,2026-08-21 02:19:00,FAILED
39840,5,11,3872.60,2026-08-29 23:00:00,REFUNDED
39841,9,10,2626.60,2026-08-30 16:04:00,PENDING
39842,1,100.00
39843,7,17,121.00,2026-08-04 09:12:00,REFUNDED
39844,5,10,3614.60,2026-08-01 18:55:00,FAILED
39845,5,17,1957.00,2026-08-30 15:17:00,REFUNDED
39846,3,8,2889.50,2026-08-28 19:39:00,FAILED
39847,1,13,4420.30,2026-08-02 22:05:00,FAILED
39848,2,4,4431.70,2026-08-14 20:31:00,PENDING
39849,4,2,837.10,2026-08-12 12:36:00,PENDING
39850,7,7,2955.50,2026-08-07 10:02:00,PENDING
39851,10,2,4514.50,2026-08-15 06:53:00,PENDING
39852,1,4,1865.80,2026-08-05 18:13:00,REFUNDED
39853,10,11,1651.20,2026-08-15 07:08:00,REFUNDED
39854,6,7,4626.00,2026-08-23 23:07:00,SUCCESS
39855,9,16,3773.10,2026-08-15 03:27:00,SUCCESS
39856,10,19,1449.80,2026-08-31 07:42:00,PENDING
39857,5,5,4202.10,2026-08-14 16:21:00,FAILED
39858,1,20,1310.30,2026-08-26 01:38:00,SUCCESS
39859,10,9,3712.90,2026-08-18 15:04:00,SUCCESS
39860,9,8,216.80,2026-08-27 19:16:00,FAILED
39861,6,19,1885.60,2026-08-22 04:25:00,REFUNDED
39862,5,5,1421.10,2026-08-22 13:45:00,FAILED
39863,9,1,1538.40,2026-08-10 03:52:00,REFUNDED
39864,2,8,3508.50,2026-08-15 22:29:00,FAILED
39865,10,16,738.00,2026-08-07 07:32:00,REFUNDED
39866,1,1,5000,2026-08-01 12:00:00,UNKNOWN_STATUS
39867,5,5,3452.90,2026-08-20 07:12:00,SUCCESS
39868,8,11,3814.60,2026-08-20 20:02:00,SUCCESS
39869,6,2,950.20,2026-08-03 22:50:00,SUCCESS
39870,7,4,4775.10,2026-08-20 06:31:00,FAILED
39871,3,16,3654.60,2026-08-14 20:14:00,SUCCESS
39872,2,13,2421.90,2026-08-29 15:22:00,PENDING
39873,3,6,1679.60,2026-08-05 02:45:00,SUCCESS
39874,1,1,5000,INVALID_DATE_TIME,SUCCESS
39875,9,2,1381.70,2026-08-10 02:17:00,REFUNDED
39876,8,16,4165.50,2026-08-03 04:12:00,FAILED
39877,10,5,97.30,2026-08-17 03:30:00,SUCCESS
39878,5,1,232.40,2026-08-21 08:08:00,REFUNDED
39879,8,15,394.30,2026-08-09 23:37:00,REFUNDED
39880,1,9,3625.60,2026-08-28 23:17:00,REFUNDED
39881,1,17,4988.10,2026-08-06 23:38:00,REFUNDED
39882,2,17,3299.40,2026-08-04 04:29:00,FAILED
39883,5,11,2764.30,2026-08-14 18:38:00,PENDING
39884,3,17,335.30,2026-08-26 07:32:00,SUCCESS
39885,10,10,3261.60,2026-08-23 14:09:00,SUCCESS
39886,3,3,2555.20,2026-08-21 08:36:00,REFUNDED
39887,3,3,470.90,2026-08-30 13:55:00,REFUNDED
39888,9,10,4589.50,2026-08-19 07:59:00,SUCCESS
39889,10,16,3089.50,2026-08-04 14:20:00,FAILED
39890,3,15,3364.80,2026-08-12 12:24:00,FAILED
39891,5,13,106.40,2026-08-09 15:48:00,PENDING
39892,8,17,2921.40,2026-08-28 03:19:00,FAILED
39893,7,11,1247.40,2026-08-11 08:04:00,SUCCESS
39894,5,13,3059.10,2026-08-05 07:42:00,PENDING
39895,9,20,2686.90,2026-08-06 15:55:00,PENDING
39896,8,3,2748.60,2026-08-09 09:25:00,PENDING
39897,1,100.00
39898,7,14,2171.00,2026-08-18 13:20:00,SUCCESS
39899,2,2,3836.10,2026-08-01 12:14:00,SUCCESS
39900,6,13,2843.00,2026-08-05 13:16:00,PENDING
39901,6,6,520.90,2026-08-05 13:54:00,PENDING
39902,6,1,1374.30,2026-08-24 19:05:00,FAILED
39903,5,15,2753.90,2026-08-22 21:00:00,REFUNDED
39904,4,7,4293.10,2026-08-06 20:36:00,REFUNDED
39905,4,5,2428.50,2026-08-25 09:23:00,SUCCESS
39906,7,14,1545.50,2026-08-06 19:52:00,REFUNDED
39907,7,17,1988.10,2026-08-15 20:58:00,SUCCESS
39908,3,2,4207.50,2026-08-11 09:10:00,REFUNDED
39909,6,7,568.40,2026-08-01 12:54:00,FAILED
39910,1,1,3959.20,2026-08-29 00:16:00,REFUNDED
39911,4,11,2061.40,2026-08-13 03:31:00,FAILED
39912,9,4,247.10,2026-08-27 13:18:00,SUCCESS
39913,10,9,3595.00,2026-08-30 19:37:00,PENDING
39914,2,9,4451.80,2026-08-19 02:07:00,REFUNDED
39915,2,9,2599.20,2026-08-10 21:23:00,REFUNDED
39916,3,7,2715.60,2026-08-23 10:09:00,SUCCESS
39917,2,10,1509.30,2026-08-06 11:50:00,SUCCESS
39918,1,10,397.90,2026-08-15 17:01:00,PENDING
39919,6,18,5018.20,2026-08-03 12:56:00,FAILED
39920,5,4,3459.30,2026-08-19 05:15:00,FAILED
39921,5,8,3309.90,2026-08-23 20:05:00,FAILED
39922,6,2,2160.00,2026-08-17 02:18:00,SUCCESS
39923,6,10,131.40,2026-08-14 18:13:00,PENDING
39924,6,10,1748.80,2026-08-15 02:29:00,PENDING
39925,2,10,4878.70,2026-08-29 10:49:00,SUCCESS
39926,10,2,2770.70,2026-08-17 16:35:00,PENDING
39927,6,17,4894.60,2026-08-23 03:18:00,FAILED
39928,10,9,4089.90,2026-08-27 04:29:00,FAILED
39929,7,9,305.10,2026-08-20 02:16:00,SUCCESS
39930,10,2,2547.40,2026-08-08 18:52:00,FAILED
39931,9,10,944.40,2026-08-04 02:56:00,REFUNDED
39932,5,9,1680.60,2026-08-17 19:26:00,SUCCESS
39933,3,9,3836.90,2026-08-04 20:25:00,FAILED
39934,9,4,2840.70,2026-08-26 19:04:00,SUCCESS
39935,6,7,456.50,2026-08-08 02:13:00,SUCCESS
39936,9,8,4127.00,2026-08-12 06:52:00,REFUNDED
39937,8,2,4985.40,2026-08-02 12:00:00,FAILED
39938,7,3,4045.10,2026-08-09 03:08:00,SUCCESS
39939,10,10,3904.10,2026-08-10 21:45:00,FAILED
39940,6,15,4420.40,2026-08-10 16:02:00,PENDING
39941,7,17,1294.00,2026-08-20 16:53:00,PENDING
39942,10,13,3420.00,2026-08-14 05:14:00,SUCCESS
39943,1,2,1224.10,2026-08-11 04:28:00,SUCCESS
39944,2,15,913.10,2026-08-18 13:20:00,REFUNDED
39945,5,8,4691.30,2026-08-15 13:19:00,PENDING
39946,8,15,683.20,2026-08-29 15:35:00,PENDING
39947,3,17,4098.90,2026-08-27 10:14:00,REFUNDED
39948,2,8,2330.50,2026-08-28 12:55:00,SUCCESS
39949,1,19,1271.20,2026-08-29 22:28:00,PENDING
39950,7,2,2293.80,2026-08-14 18:56:00,FAILED
39951,10,4,1032.50,2026-08-25 01:34:00,PENDING
39952,4,12,3131.60,2026-08-21 18:49:00,PENDING
39953,2,15,3568.10,2026-08-06 11:28:00,SUCCESS
39954,10,8,1093.30,2026-08-18 06:50:00,REFUNDED
39955,5,13,2716.90,2026-08-08 21:11:00,PENDING
39956,3,4,1241.30,2026-08-25 10:55:00,FAILED
39957,5,12,625.50,2026-08-08 16:30:00,REFUNDED
39958,3,15,279.90,2026-08-29 05:03:00,REFUNDED
39959,5,11,209.30,2026-08-17 06:52:00,REFUNDED
39960,8,18,3682.70,2026-08-16 06:14:00,FAILED
39961,7,19,1015.50,2026-08-04 19:35:00,PENDING
39962,1,17,2905.40,2026-08-18 08:52:00,PENDING
39963,6,14,4358.70,2026-08-23 08:01:00,PENDING
39964,3,20,4932.70,2026-08-13 14:52:00,REFUNDED
39965,3,16,693.60,2026-08-05 10:48:00,SUCCESS
39966,9,2,3581.50,2026-08-08 22:28:00,SUCCESS
39967,5,14,1700.40,2026-08-13 11:10:00,FAILED
39968,9,15,2657.90,2026-08-11 22:37:00,PENDING
39969,10,5,2738.00,2026-08-08 01:19:00,PENDING
39970,3,18,616.20,2026-08-30 17:10:00,SUCCESS
39971,5,18,3387.80,2026-08-06 17:17:00,FAILED
39972,7,18,440.30,2026-08-21 00:31:00,REFUNDED
39973,10,13,4400.90,2026-08-13 14:42:00,SUCCESS
39974,6,20,1367.30,2026-08-24 19:49:00,SUCCESS
39975,1,7,1538.20,2026-08-08 05:52:00,FAILED
39976,1,15,4493.90,2026-08-09 08:11:00,REFUNDED
39977,8,9,4287.00,2026-08-19 12:04:00,FAILED
39978,4,4,2206.20,2026-08-20 16:56:00,SUCCESS
39979,3,9,4215.00,2026-08-20 13:55:00,FAILED
39980,6,13,1085.10,2026-08-13 23:14:00,PENDING
39981,1,12,4254.00,2026-08-14 09:46:00,FAILED
39982,2,17,2115.50,2026-08-18 05:04:00,SUCCESS
39983,1,1,NOT_A_NUMBER,2026-08-01 12:00:00,SUCCESS
39984,5,14,1819.30,2026-08-24 19:55:00,PENDING
39985,8,5,4784.10,2026-08-30 02:08:00,SUCCESS
39986,1,4,1207.10,2026-08-22 18:57:00,REFUNDED
39987,10,8,1372.70,2026-08-19 07:02:00,REFUNDED
39988,6,15,4250.10,2026-08-18 10:03:00,SUCCESS
39989,10,13,4379.20,2026-08-10 12:24:00,REFUNDED
39990,3,19,4684.40,2026-08-07 07:01:00,PENDING
39991,1,1,2258.70,2026-08-09 01:43:00,FAILED
39992,3,20,3205.70,2026-08-10 15:44:00,PENDING
39993,2,5,5038.10,2026-08-22 13:53:00,FAILED
39994,9,8,2896.20,2026-08-20 13:22:00,REFUNDED
39995,10,18,4189.40,2026-08-09 02:51:00,REFUNDED
39996,5,7,1041.20,2026-08-14 13:25:00,SUCCESS
39997,7,16,1593.30,2026-08-27 00:36:00,PENDING
39998,4,20,2019.80,2026-08-22 03:55:00,SUCCESS
39999,6,14,4610.80,2026-08-22 12:09:00,REFUNDED
40000,7,12,4946.80,2026-08-25 03:22:00,PENDING
