id,merchant_id,outlet_id,bill_total,transaction_time,status
10001,3,8,2443.00,2026-08-12 00:22:00,REFUNDED
10002,9,4,4813.40,2026-08-13 21:53:00,FAILED
10003,1,11,868.20,2026-08-23 09:45:00,FAILED
10004,3,20,3172.90,2026-08-24 14:53:00,FAILED
10005,7,2,2965.80,2026-08-26 21:03:00,FAILED
10006,1,20,1951.30,2026-08-22 06:54:00,REFUNDED
10007,3,13,3501.00,2026-08-03 21:35:00,FAILED
10008,1,2,1419.60,2026-08-07 06:16:00,FAILED
10009,2,1,3868.10,2026-08-10 13:00:00,PENDING
10010,1,2,1664.20,2026-08-21 12:15:00,SUCCESS
10011,9,18,1314.90,2026-08-07 23:56:00,FAILED
10012,10,7,148.70,2026-08-28 09:51:00,FAILED
10013,2,7,163.40,2026-08-26 02:17:00,REFUNDED
10014,4,13,1980.80,2026-08-14 23:15:00,REFUNDED
10015,10,12,829.50,2026-08-01 12:14:00,REFUNDED
10016,10,15,4865.20,2026-08-02 18:49:00,PENDING
10017,1,11,3058.70,2026-08-14 06:41:00,FAILED
10018,9,19,868.40,2026-08-09 00:31:00,REFUNDED
10019,5,5,2987.90,2026-08-05 01:55:00,FAILED
10020,4,9,483.10,2026-08-26 19:21:00,SUCCESS
10021,10,14,1531.40,2026-08-15 06:38:00,FAILED
10022,10,8,3210.60,2026-08-05 02:53:00,SUCCESS
10023,5,13,4705.20,2026-08-15 02:01:00,SUCCESS
10024,7,1,2458.90,2026-08-15 11:25:00,FAILED
10025,7,18,186.30,2026-08-13 07:43:00,PENDING
10026,10,6,2883.90,2026-08-04 21:36:00,SUCCESS
10027,5,19,4243.60,2026-08-25 20:29:00,SUCCESS
10028,8,2,521.40,2026-08-14 20:21:00,FAILED
10029,10,19,4635.70,2026-08-16 17:41:00,REFUNDED
10030,4,10,1500.10,2026-08-27 23:20:00,SUCCESS
10031,2,2,3781.20,2026-08-04 23:39:00,PENDING
10032,10,16,1556.80,2026-08-05 09:01:00,SUCCESS
10033,7,9,1927.30,2026-08-14 05:06:00,REFUNDED
10034,5,15,746.10,2026-08-16 21:47:00,REFUNDED
10035,4,11,2435.80,2026-08-19 14:27:00,REFUNDED
10036,1,12,1377.50,2026-08-10 16:55:00,SUCCESS
10037,10,5,1462.80,2026-08-27 09:22:00,SUCCESS
10038,6,8,4941.50,2026-08-17 08:51:00,FAILED
10039,3,14,2326.90,2026-08-09 14:08:00,REFUNDED
10040,10,14,1105.00,2026-08-19 13:49:00,PENDING
10041,1,14,3103.40,2026-08-12 16:11:00,PENDING
10042,5,16,3157.40,2026-08-29 22:01:00,SUCCESS
10043,9,7,982.90,2026-08-30 02:18:00,PENDING
10044,9,10,2043.80,2026-08-04 22:00:00,REFUNDED
10045,8,5,1812.40,2026-08-24 02:54:00,PENDING
10046,6,4,518.50,2026-08-21 16:12:00,REFUNDED
10047,1,18,1704.80,2026-08-02 01:31:00,PENDING
10048,10,13,4388.00,2026-08-02 08:03:00,REFUNDED
10049,4,17,3326.30,2026-08-07 16:58:00,PENDING
10050,2,13,1819.00,2026-08-01 17:57:00,REFUNDED
10051,6,13,795.60,2026-08-12 23:37:00,SUCCESS
10052,2,2,3589.80,2026-08-11 05:31:00,SUCCESS
10053,7,1,1249.00,2026-08-13 04:05:00,PENDING
10054,5,11,2507.00,2026-08-24 14:09:00,PENDING
10055,4,12,1593.10,2026-08-12 03:34:00,REFUNDED
10056,4,4,3132.40,2026-08-29 19:07:00,FAILED
10057,10,19,4057.50,2026-08-10 13:11:00,PENDING
10058,1,11,3125.50,2026-08-25 03:51:00,REFUNDED
10059,2,12,701.80,2026-08-10 18:54:00,REFUNDED
10060,9,8,1520.30,2026-08-13 07:06:00,REFUNDED
10061,1,20,927.60,2026-08-19 13:05:00,SUCCESS
10062,10,19,4268.70,2026-08-29 07:21:00,REFUNDED
10063,10,9,2199.20,2026-08-20 01:04:00,FAILED
10064,2,19,2451.10,2026-08-09 08:38:00,FAILED
10065,8,16,1558.00,2026-08-06 10:38:00,SUCCESS
10066,6,2,2373.80,2026-08-19 23:16:00,FAILED
10067,7,19,3176.80,2026-08-24 21:03:00,SUCCESS
10068,7,18,4038.10,2026-08-05 09:48:00,PENDING
10069,5,5,3722.20,2026-08-08 01:43:00,FAILED
10070,3,16,2139.00,2026-08-02 08:57:00,SUCCESS
10071,4,5,2048.40,2026-08-25 18:43:00,SUCCESS
10072,7,20,4672.00,2026-08-12 03:11:00,FAILED
10073,3,15,2975.10,2026-08-23 19:50:00,PENDING
10074,4,10,415.60,2026-08-08 22:03:00,PENDING
10075,5,2,69.80,2026-08-24 06:13:00,FAILED
10076,2,15,3466.50,2026-08-13 22:06:00,SUCCESS
10077,4,5,999.60,2026-08-28 13:39:00,FAILED
10078,6,16,1167.60,2026-08-12 05:30:00,REFUNDED
10079,10,8,3874.50,2026-08-30 02:55:00,SUCCESS
10080,1,15,1370.40,2026-08-23 21:00:00,SUCCESS
10081,2,9,3745.80,2026-08-24 21:55:00,FAILED
10082,8,3,3868.50,2026-08-03 01:43:00,FAILED
10083,9,17,2370.60,2026-08-28 11:44:00,FAILED
10084,10,20,3881.30,2026-08-16 23:38:00,FAILED
10085,4,4,4920.40,2026-08-03 11:41:00,PENDING
10086,4,8,1497.60,2026-08-06 11:11:00,SUCCESS
10087,6,3,3386.80,2026-08-24 16:06:00,FAILED
10088,7,12,671.10,2026-08-09 12:37:00,PENDING
10089,8,3,4286.90,2026-08-09 18:59:00,SUCCESS
10090,7,15,2767.10,2026-08-19 17:02:00,FAILED
10091,2,10,3717.60,2026-08-21 21:29:00,FAILED
10092,3,6,4773.10,2026-08-07 00:04:00,SUCCESS
10093,10,7,4292.80,2026-08-06 18:21:00,REFUNDED
10094,10,14,415.90,2026-08-20 19:48:00,PENDING
10095,1,4,4358.50,2026-08-08 01:58:00,REFUNDED
10096,7,7,4323.70,2026-08-05 04:12:00,SUCCESS
10097,4,3,4710.10,2026-08-30 11:08:00,REFUNDED
10098,1,17,3101.20,2026-08-12 01:03:00,FAILED
10099,6,16,3670.60,2026-08-02 10:01:00,REFUNDED
10100,5,11,4129.50,2026-08-18 20:36:00,REFUNDED
10101,10,2,4262.60,2026-08-20 04:03:00,SUCCESS
10102,5,14,202.90,2026-08-04 03:41:00,SUCCESS
10103,7,15,2736.10,2026-08-18 18:07:00,SUCCESS
10104,7,18,4126.80,2026-08-24 21:03:00,SUCCESS
10105,8,17,644.80,2026-08-07 06:10:00,PENDING
10106,4,8,4936.30,2026-08-22 19:39:00,FAILED
10107,4,6,553.10,2026-08-23 08:53:00,SUCCESS
10108,3,2,1567.90,2026-08-30 19:11:00,SUCCESS
10109,8,13,4767.90,2026-08-19 19:48:00,FAILED
10110,2,11,2164.10,2026-08-29 17:30:00,REFUNDED
10111,10,5,2993.40,2026-08-21 02:20:00,PENDING
10112,10,1,2891.60,2026-08-28 08:06:00,FAILED
10113,7,10,1427.50,2026-08-27 04:46:00,SUCCESS
10114,10,15,1106.70,2026-08-16 23:31:00,PENDING
10115,4,1,2552.10,2026-08-08 21:03:00,REFUNDED
10116,8,6,3142.50,2026-08-27 06:00:00,REFUNDED
10117,3,2,1311.30,2026-08-13 15:00:00,SUCCESS
10118,5,3,4736.90,2026-08-03 22:30:00,SUCCESS
10119,5,12,3995.30,2026-08-17 03:59:00,PENDING
10120,1,3,4218.10,2026-08-05 09:36:00,PENDING
10121,10,12,2545.20,2026-08-11 03:34:00,SUCCESS
10122,10,8,2513.20,2026-08-05 11:18:00,FAILED
10123,9,13,4815.80,2026-08-13 07:52:00,PENDING
10124,3,4,4798.40,2026-08-21 09:23:00,SUCCESS
10125,6,8,459.70,2026-08-09 13:31:00,SUCCESS
10126,9,9,1759.80,2026-08-03 20:25:00,SUCCESS
10127,1,16,2085.70,2026-08-04 12:48:00,FAILED
10128,1,15,684.90,2026-08-10 11:04:00,PENDING
10129,8,1,1865.30,2026-08-30 08:13:00,SUCCESS
10130,2,16,2756.40,2026-08-05 16:21:00,PENDING
10131,10,7,1647.20,2026-08-14 02:27:00,SUCCESS
10132,1,9,2476.00,2026-08-07 14:00:00,FAILED
10133,9,2,1884.70,2026-08-24 06:56:00,PENDING
10134,9,16,4007.40,2026-08-15 01:31:00,PENDING
10135,8,3,1308.00,2026-08-08 08:07:00,FAILED
10136,2,10,2471.10,2026-08-16 18:09:00,PENDING
10137,1,3,1349.20,2026-08-20 16:49:00,PENDING
10138,2,6,691.40,2026-08-29 05:37:00,SUCCESS
10139,5,8,2517.30,2026-08-26 18:47:00,SUCCESS
10140,8,4,4049.60,2026-08-16 12:09:00,SUCCESS
10141,6,1,1972.00,2026-08-30 11:56:00,REFUNDED
10142,8,11,2428.60,2026-08-05 04:48:00,FAILED
10143,1,2,4951.80,2026-08-28 00:56:00,PENDING
10144,6,2,2160.00,2026-08-08 19:47:00,PENDING
10145,4,15,3369.80,2026-08-28 20:03:00,REFUNDED
10146,1,6,2294.80,2026-08-06 23:36:00,SUCCESS
10147,7,2,662.20,2026-08-25 16:02:00,PENDING
10148,10,13,1652.80,2026-08-20 03:57:00,PENDING
10149,6,16,573.80,2026-08-12 23:58:00,SUCCESS
10150,9,1,3924.10,2026-08-14 19:00:00,REFUNDED
10151,3,7,1329.30,2026-08-22 14:24:00,PENDING
10152,9,1,3397.20,2026-08-15 21:42:00,FAILED
10153,4,6,4778.00,2026-08-02 03:50:00,PENDING
10154,10,3,2574.70,2026-08-25 13:07:00,FAILED
10155,2,11,4194.00,2026-08-07 14:01:00,REFUNDED
10156,6,11,4103.60,2026-08-17 06:33:00,REFUNDED
10157,4,5,311.00,2026-08-06 07:55:00,SUCCESS
10158,9,19,1875.20,2026-08-06 03:51:00,SUCCESS
10159,4,10,1767.10,2026-08-06 15:34:00,PENDING
10160,10,16,1004.50,2026-08-17 22:13:00,FAILED
10161,1,100.00
10162,10,1,1541.20,2026-08-26 11:16:00,FAILED
10163,8,10,4457.90,2026-08-09 06:06:00,SUCCESS
10164,9,12,1280.40,2026-08-30 17:09:00,SUCCESS
10165,3,7,3030.70,2026-08-10 16:15:00,PENDING
10166,9,2,1202.10,2026-08-15 10:00:00,PENDING
10167,10,12,2307.00,2026-08-28 23:36:00,SUCCESS
10168,8,10,3280.40,2026-08-28 08:34:00,PENDING
10169,10,20,4338.80,2026-08-23 03:18:00,FAILED
10170,7,16,1859.10,2026-08-18 09:09:00,SUCCESS
10171,10,10,644.20,2026-08-28 19:35:00,SUCCESS
10172,3,1,236.50,2026-08-14 09:23:00,REFUNDED
10173,5,7,433.10,2026-08-19 17:29:00,REFUNDED
10174,10,4,441.70,2026-08-16 20:31:00,REFUNDED
10175,6,19,3826.30,2026-08-19 13:47:00,SUCCESS
10176,10,19,2239.10,2026-08-04 18:22:00,FAILED
10177,9,20,2875.20,2026-08-19 06:11:00,FAILED
10178,2,8,4342.60,2026-08-01 19:48:00,REFUNDED
10179,1,16,3314.10,2026-08-08 11:42:00,REFUNDED
10180,4,15,4498.60,2026-08-25 13:22:00,FAILED
10181,1,4,911.00,2026-08-30 09:52:00,SUCCESS
10182,1,7,4666.90,2026-08-08 04:23:00,FAILED
10183,1,100.00
10184,1,20,3862.90,2026-08-21 06:30:00,PENDING
10185,10,17,4836.00,2026-08-15 12:48:00,PENDING
10186,5,8,1339.90,2026-08-06 05:16:00,PENDING
10187,5,16,119.50,2026-08-28 10:08:00,SUCCESS
10188,2,15,1931.90,2026-08-22 07:00:00,FAILED
10189,5,4,2770.60,2026-08-06 07:54:00,PENDING
10190,9,9,1731.60,2026-08-26 23:46:00,SUCCESS
10191,2,11,3758.10,2026-08-26 05:43:00,FAILED
10192,5,7,844.00,2026-08-07 06:17:00,FAILED
10193,9,16,4689.70,2026-08-09 12:47:00,PENDING
10194,1,17,2985.10,2026-08-28 12:20:00,FAILED
10195,8,6,3582.70,2026-08-05 15:15:00,PENDING
10196,7,3,3460.40,2026-08-19 23:44:00,FAILED
10197,9,3,4906.40,2026-08-04 22:47:00,PENDING
10198,7,6,1664.30,2026-08-13 10:44:00,PENDING
10199,5,13,5045.40,2026-08-28 07:36:00,FAILED
10200,4,9,2515.40,2026-08-26 07:44:00,REFUNDED
10201,7,11,4072.00,2026-08-03 22:48:00,SUCCESS
10202,3,17,3715.80,2026-08-09 15:56:00,PENDING
10203,9,5,1325.80,2026-08-12 02:03:00,REFUNDED
10204,9,7,3108.60,2026-08-30 16:24:00,SUCCESS
10205,2,14,3316.20,2026-08-24 16:29:00,SUCCESS
10206,8,8,2175.10,2026-08-27 21:44:00,SUCCESS
10207,1,15,3144.60,2026-08-23 10:04:00,PENDING
10208,2,4,238.20,2026-08-16 18:46:00,SUCCESS
10209,6,3,2212.80,2026-08-07 18:12:00,REFUNDED
10210,6,1,2683.00,2026-08-29 16:48:00,REFUNDED
10211,9,19,2424.60,2026-08-04 00:44:00,REFUNDED
10212,4,6,1483.10,2026-08-06 06:24:00,REFUNDED
10213,8,8,3956.90,2026-08-15 14:19:00,PENDING
10214,7,17,1103.60,2026-08-05 16:35:00,REFUNDED
10215,7,16,1369.40,2026-08-01 17:24:00,SUCCESS
10216,5,8,1925.60,2026-08-26 04:31:00,REFUNDED
10217,9,16,4694.30,2026-08-17 05:57:00,REFUNDED
10218,8,6,2382.20,2026-08-02 03:55:00,SUCCESS
10219,10,8,1913.40,2026-08-19 19:23:00,REFUNDED
10220,8,11,1956.10,2026-08-15 13:42:00,FAILED
10221,2,14,1051.20,2026-08-08 17:37:00,FAILED
10222,7,3,1933.80,2026-08-31 01:02:00,SUCCESS
10223,1,8,3356.40,2026-08-30 11:31:00,FAILED
10224,7,1,4761.30,2026-08-22 19:38:00,SUCCESS
10225,7,6,4224.50,2026-08-27 14:31:00,FAILED
10226,6,5,3631.50,2026-08-08 16:28:00,FAILED
10227,7,1,3368.80,2026-08-04 10:05:00,SUCCESS
10228,7,11,2788.40,2026-08-08 17:00:00,SUCCESS
10229,7,9,3864.10,2026-08-05 06:00:00,REFUNDED
10230,10,5,4952.00,2026-08-04 12:11:00,REFUNDED
10231,4,20,2448.20,2026-08-28 09:51:00,SUCCESS
10232,10,11,1413.20,2026-08-29 11:07:00,FAILED
10233,2,2,678.60,2026-08-04 08:03:00,SUCCESS
10234,8,11,4446.20,2026-08-03 12:16:00,REFUNDED
10235,5,5,2288.70,2026-08-13 02:59:00,FAILED
10236,4,3,4832.70,2026-08-09 13:49:00,FAILED
10237,1,1,5000,INVALID_DATE_TIME,SUCCESS
10238,4,12,1958.10,2026-08-01 22:33:00,SUCCESS
10239,9,11,3446.40,2026-08-15 01:20:00,PENDING
10240,10,14,1135.90,2026-08-24 08:23:00,FAILED
10241,3,10,3535.00,2026-08-14 10:53:00,PENDING
10242,2,14,1102.90,2026-08-03 05:29:00,SUCCESS
10243,5,9,2077.80,2026-08-26 03:12:00,PENDING
10244,9,2,1564.50,2026-08-20 07:16:00,PENDING
10245,2,3,2443.50,2026-08-11 10:21:00,SUCCESS
10246,6,7,1996.10,2026-08-24 03:05:00,PENDING
10247,8,14,2312.30,2026-08-06 02:33:00,REFUNDED
10248,6,16,4892.30,2026-08-29 12:48:00,REFUNDED
10249,9,20,2232.20,2026-08-25 05:27:00,REFUNDED
10250,8,17,3354.80,2026-08-02 08:21:00,REFUNDED
10251,4,12,806.60,2026-08-24 14:11:00,FAILED
10252,10,16,3270.20,2026-08-25 06:50:00,FAILED
10253,9,2,1910.60,2026-08-04 17:27:00,SUCCESS
10254,6,17,2914.20,2026-08-08 17:07:00,FAILED
10255,6,5,3094.20,2026-08-04 07:40:00,FAILED
10256,4,12,1285.70,2026-08-22 04:10:00,REFUNDED
10257,8,10,1878.10,2026-08-20 01:54:00,REFUNDED
10258,4,16,4549.50,2026-08-06 10:04:00,FAILED
10259,3,15,4452.90,2026-08-19 02:46:00,PENDING
10260,7,2,4272.10,2026-08-31 00:27:00,REFUNDED
10261,7,6,2970.50,2026-08-20 02:47:00,SUCCESS
10262,1,18,3927.70,2026-08-25 16:39:00,PENDING
10263,1,19,958.20,2026-08-26 20:21:00,REFUNDED
10264,10,2,1118.90,2026-08-30 22:52:00,SUCCESS
10265,5,13,621.10,2026-08-10 01:33:00,SUCCESS
10266,8,1,3810.20,2026-08-13 03:29:00,PENDING
10267,6,9,4204.30,2026-08-14 15:15:00,SUCCESS
10268,2,17,1939.50,2026-08-01 10:37:00,REFUNDED
10269,3,9,564.50,2026-08-11 04:16:00,REFUNDED
10270,10,15,2675.80,2026-08-21 02:21:00,SUCCESS
10271,10,14,4693.50,2026-08-20 08:14:00,REFUNDED
10272,4,19,3155.20,2026-08-06 23:21:00,SUCCESS
10273,8,14,4538.60,2026-08-19 02:09:00,FAILED
10274,1,18,1495.70,2026-08-29 11:59:00,SUCCESS
10275,2,9,1051.70,2026-08-01 11:37:00,FAILED
10276,7,8,1296.30,2026-08-12 12:29:00,REFUNDED
10277,4,9,707.90,2026-08-11 19:08:00,PENDING
10278,3,18,4559.70,2026-08-05 04:33:00,FAILED
10279,5,1,4962.70,2026-08-21 03:04:00,FAILED
10280,8,7,1899.30,2026-08-06 04:46:00,REFUNDED
10281,10,7,3138.20,2026-08-22 21:57:00,FAILED
10282,8,12,3209.30,2026-08-15 02:02:00,SUCCESS
10283,1,2,4444.50,2026-08-24 22:33:00,FAILED
10284,7,14,733.00,2026-08-03 18:38:00,SUCCESS
10285,4,20,4285.70,2026-08-17 09:45:00,FAILED
10286,6,13,1787.40,2026-08-03 12:56:00,REFUNDED
10287,10,6,2482.20,2026-08-29 19:24:00,SUCCESS
10288,1,100.00
10289,8,3,3804.00,2026-08-13 17:12:00,REFUNDED
10290,4,5,4525.10,2026-08-04 13:39:00,FAILED
10291,1,16,3686.00,2026-08-23 23:41:00,SUCCESS
10292,8,8,3345.90,2026-08-03 07:02:00,PENDING
10293,5,5,373.20,2026-08-30 08:35:00,REFUNDED
10294,2,18,3296.80,2026-08-20 21:09:00,REFUNDED
10295,5,12,3842.40,2026-08-07 22:30:00,FAILED
10296,10,16,3534.10,2026-08-23 13:59:00,FAILED
10297,3,14,693.50,2026-08-03 08:16:00,SUCCESS
10298,1,13,666.10,2026-08-30 21:51:00,SUCCESS
10299,4,14,3607.90,2026-08-07 10:27:00,FAILED
10300,1,16,3029.60,2026-08-22 17:58:00,SUCCESS
10301,10,12,1898.20,2026-08-05 10:26:00,PENDING
10302,7,10,1323.00,2026-08-26 12:03:00,FAILED
10303,4,4,1888.30,2026-08-03 02:39:00,SUCCESS
10304,1,7,1411.50,2026-08-05 14:39:00,PENDING
10305,2,9,724.70,2026-08-18 17:00:00,REFUNDED
10306,10,20,4880.30,2026-08-25 12:09:00,FAILED
10307,3,2,1206.70,2026-08-09 20:57:00,PENDING
10308,1,10,2067.40,2026-08-06 18:26:00,FAILED
10309,1,1,NOT_A_NUMBER,2026-08-01 12:00:00,SUCCESS
10310,9,13,2453.60,2026-08-03 08:30:00,FAILED
10311,3,11,2926.70,2026-08-28 11:02:00,REFUNDED
10312,4,7,3913.50,2026-08-28 02:13:00,REFUNDED
10313,4,1,4148.10,2026-08-23 13:24:00,REFUNDED
10314,7,4,3778.50,2026-08-19 08:22:00,FAILED
10315,7,10,3675.40,2026-08-09 08:47:00,FAILED
10316,10,16,2325.50,2026-08-01 10:25:00,SUCCESS
10317,10,5,1651.80,2026-08-09 08:05:00,SUCCESS
10318,1,5,3600.20,2026-08-17 07:58:00,REFUNDED
10319,10,8,2978.90,2026-08-10 11:44:00,PENDING
10320,10,8,116.50,2026-08-05 01:10:00,SUCCESS
10321,1,7,2056.50,2026-08-11 15:15:00,PENDING
10322,4,8,2834.50,2026-08-07 07:33:00,FAILED
10323,7,4,421.90,2026-08-10 14:28:00,REFUNDED
10324,4,11,3447.40,2026-08-07 23:26:00,PENDING
10325,4,17,859.50,2026-08-27 23:16:00,SUCCESS
10326,1,100.00
10327,5,19,2122.80,2026-08-18 11:22:00,SUCCESS
10328,9,18,1246.00,2026-08-10 22:07:00,REFUNDED
10329,5,20,1806.70,2026-08-23 11:44:00,PENDING
10330,10,13,599.20,2026-08-08 03:16:00,REFUNDED
10331,5,8,3298.90,2026-08-06 02:18:00,FAILED
10332,2,14,3355.80,2026-08-12 00:47:00,REFUNDED
10333,7,8,2654.10,2026-08-29 21:14:00,REFUNDED
10334,3,12,1770.30,2026-08-05 00:12:00,REFUNDED
10335,4,20,1555.70,2026-08-25 17:17:00,PENDING
10336,3,14,2079.20,2026-08-08 00:30:00,PENDING
10337,7,19,4983.40,2026-08-04 21:35:00,FAILED
10338,8,4,545.70,2026-08-12 17:00:00,FAILED
10339,4,8,550.10,2026-08-06 03:36:00,PENDING
10340,7,12,3411.70,2026-08-18 16:01:00,SUCCESS
10341,2,14,4759.20,2026-08-16 14:09:00,FAILED
10342,7,14,1415.30,2026-08-19 18:58:00,PENDING
10343,3,4,1588.40,2026-08-13 04:57:00,PENDING
10344,9,10,1779.70,2026-08-24 12:59:00,FAILED
10345,7,13,5039.60,2026-08-06 04:13:00,REFUNDED
10346,7,16,2041.50,2026-08-03 19:40:00,PENDING
10347,9,5,4346.00,2026-08-25 12:10:00,FAILED
10348,2,16,2748.00,2026-08-04 21:32:00,FAILED
10349,5,16,4052.90,2026-08-20 04:12:00,REFUNDED
10350,2,11,1953.20,2026-08-06 15:00:00,FAILED
10351,6,4,2466.70,2026-08-27 06:56:00,PENDING
10352,6,9,3024.00,2026-08-11 08:25:00,FAILED
10353,4,1,2123.80,2026-08-28 10:14:00,REFUNDED
10354,4,11,4612.10,2026-08-28 14:31:00,FAILED
10355,3,15,3774.20,2026-08-19 23:01:00,REFUNDED
10356,8,8,1550.50,2026-08-28 04:02:00,FAILED
10357,9,9,4893.90,2026-08-06 04:49:00,FAILED
10358,6,10,3732.20,2026-08-22 01:09:00,FAILED
10359,2,19,4273.10,2026-08-22 12:11:00,FAILED
10360,8,4,2993.30,2026-08-02 23:27:00,SUCCESS
10361,6,3,5007.70,2026-08-22 11:30:00,REFUNDED
10362,3,14,4070.90,2026-08-27 02:57:00,REFUNDED
10363,2,6,1238.60,2026-08-23 23:12:00,SUCCESS
10364,5,8,2812.20,2026-08-13 05:08:00,PENDING
10365,5,3,2790.50,2026-08-03 13:38:00,SUCCESS
10366,6,20,2370.50,2026-08-05 07:47:00,SUCCESS
10367,3,12,200.80,2026-08-22 23:14:00,REFUNDED
10368,1,1,NOT_A_NUMBER,2026-08-01 12:00:00,SUCCESS
10369,3,9,1848.60,2026-08-20 05:59:00,REFUNDED
10370,4,15,80.90,2026-08-02 11:09:00,FAILED
10371,1,10,1837.30,2026-08-22 14:01:00,SUCCESS
10372,5,12,3336.60,2026-08-30 17:52:00,PENDING
10373,8,11,3572.70,2026-08-17 07:24:00,FAILED
10374,7,17,1213.10,2026-08-27 06:28:00,SUCCESS
10375,4,3,1006.60,2026-08-09 12:02:00,REFUNDED
10376,2,5,888.60,2026-08-04 08:00:00,FAILED
10377,10,13,4881.70,2026-08-28 23:16:00,PENDING
10378,5,19,4789.20,2026-08-18 02:51:00,PENDING
10379,3,5,2951.60,2026-08-18 13:40:00,SUCCESS
10380,4,16,3044.10,2026-08-11 12:50:00,PENDING
10381,7,16,3737.90,2026-08-04 06:11:00,PENDING
10382,7,3,2482.60,2026-08-23 03:30:00,PENDING
10383,9,6,4559.50,2026-08-10 07:21:00,SUCCESS
10384,7,12,1298.10,2026-08-07 21:40:00,FAILED
10385,4,18,2167.60,2026-08-07 01:27:00,REFUNDED
10386,1,12,3846.60,2026-08-25 20:33:00,FAILED
10387,2,19,1673.90,2026-08-30 10:19:00,PENDING
10388,7,20,2923.10,2026-08-25 23:41:00,PENDING
10389,1,20,1094.80,2026-08-17 19:38:00,FAILED
10390,8,5,66.60,2026-08-15 00:29:00,REFUNDED
10391,3,10,2971.70,2026-08-25 14:53:00,REFUNDED
10392,1,1,NOT_A_NUMBER,2026-08-01 12:00:00,SUCCESS
10393,9,17,3186.50,2026-08-21 03:53:00,REFUNDED
10394,10,13,792.20,2026-08-25 05:36:00,FAILED
10395,2,2,425.30,2026-08-28 15:19:00,REFUNDED
10396,6,10,3520.70,2026-08-01 20:49:00,SUCCESS
10397,5,18,2506.70,2026-08-21 05:25:00,FAILED
10398,2,8,3877.70,2026-08-29 19:33:00,SUCCESS
10399,1,5,1678.80,2026-08-14 03:04:00,SUCCESS
10400,9,1,2150.50,2026-08-21 23:09:00,FAILED
10401,5,18,4861.90,2026-08-04 19:10:00,PENDING
10402,9,4,1026.40,2026-08-10 17:35:00,REFUNDED
10403,3,5,3468.20,2026-08-19 20:12:00,REFUNDED
10404,6,16,3074.80,2026-08-08 15:55:00,REFUNDED
10405,1,17,2343.60,2026-08-02 10:23:00,SUCCESS
10406,1,100.00
10407,6,18,4887.30,2026-08-18 10:50:00,REFUNDED
10408,7,6,375.00,2026-08-01 19:38:00,PENDING
10409,3,17,4475.80,2026-08-17 01:26:00,PENDING
10410,8,19,3298.50,2026-08-13 19:21:00,PENDING
10411,4,19,384.10,2026-08-21 02:07:00,SUCCESS
10412,7,11,1119.00,2026-08-02 06:45:00,REFUNDED
10413,6,3,4459.20,2026-08-28 23:42:00,PENDING
10414,2,1,4074.60,2026-08-14 22:40:00,PENDING
10415,8,8,3634.10,2026-08-29 21:05:00,REFUNDED
10416,5,3,467.20,2026-08-19 12:11:00,FAILED
10417,6,12,848.50,2026-08-31 01:26:00,REFUNDED
10418,3,20,3619.60,2026-08-26 17:23:00,PENDING
10419,3,2,2481.90,2026-08-06 10:04:00,REFUNDED
10420,1,1,NOT_A_NUMBER,2026-08-01 12:00:00,SUCCESS
10421,2,7,740.40,2026-08-09 09:16:00,PENDING
10422,4,13,3796.90,2026-08-27 15:46:00,REFUNDED
10423,1,19,2386.40,2026-08-16 22:13:00,REFUNDED
10424,6,20,1497.10,2026-08-19 22:08:00,REFUNDED
10425,8,11,4849.80,2026-08-06 19:16:00,PENDING
10426,9,8,1705.10,2026-08-09 06:28:00,REFUNDED
10427,4,20,4510.00,2026-08-19 17:49:00,FAILED
10428,10,2,3335.20,2026-08-16 21:02:00,PENDING
10429,8,19,4634.50,2026-08-05 00:09:00,FAILED
10430,8,15,2483.50,2026-08-18 11:40:00,REFUNDED
10431,3,2,2940.00,2026-08-26 03:35:00,REFUNDED
10432,1,4,1694.20,2026-08-25 15:24:00,SUCCESS
10433,10,11,4685.20,2026-08-28 08:15:00,SUCCESS
10434,9,19,2313.40,2026-08-24 04:41:00,PENDING
10435,10,3,4162.30,2026-08-13 06:46:00,FAILED
10436,7,5,3201.20,2026-08-20 04:28:00,FAILED
10437,8,1,373.50,2026-08-24 03:49:00,REFUNDED
10438,1,15,3392.40,2026-08-09 20:40:00,PENDING
10439,5,9,4125.40,2026-08-23 03:51:00,REFUNDED
10440,2,18,4023.50,2026-08-29 08:57:00,FAILED
10441,4,9,1560.30,2026-08-13 11:48:00,SUCCESS
10442,7,11,1139.90,2026-08-24 06:54:00,SUCCESS
10443,9,9,4860.50,2026-08-09 23:17:00,SUCCESS
10444,1,5,4570.70,2026-08-19 05:54:00,REFUNDED
10445,1,11,1343.40,2026-08-08 20:14:00,FAILED
10446,10,2,2905.50,2026-08-01 16:58:00,SUCCESS
10447,4,11,3365.90,2026-08-04 09:03:00,REFUNDED
10448,10,18,1846.20,2026-08-28 18:40:00,PENDING
10449,8,2,2616.10,2026-08-06 09:19:00,REFUNDED
10450,3,18,1633.30,2026-08-08 06:28:00,PENDING
10451,3,10,261.80,2026-08-22 09:26:00,FAILED
10452,5,10,3441.50,2026-08-04 08:14:00,SUCCESS
10453,2,18,4127.00,2026-08-10 21:56:00,PENDING
10454,10,12,755.70,2026-08-16 04:40:00,REFUNDED
10455,9,10,4882.50,2026-08-19 21:36:00,PENDING
10456,9,18,433.60,2026-08-20 02:48:00,PENDING
10457,3,13,4855.20,2026-08-31 01:32:00,REFUNDED
10458,1,9,4396.20,2026-08-30 23:04:00,PENDING
10459,1,1,5000,INVALID_DATE_TIME,SUCCESS
10460,7,17,4263.50,2026-08-28 22:05:00,PENDING
10461,6,18,3502.30,2026-08-10 13:15:00,FAILED
10462,8,4,3397.90,2026-08-01 08:09:00,SUCCESS
10463,3,12,4133.30,2026-08-28 16:59:00,PENDING
10464,4,13,3628.10,2026-08-04 06:25:00,FAILED
10465,9,5,898.80,2026-08-20 08:13:00,SUCCESS
10466,4,4,4736.50,2026-08-18 22:25:00,FAILED
10467,10,18,4374.90,2026-08-03 00:46:00,FAILED
10468,5,19,828.30,2026-08-23 12:35:00,FAILED
10469,7,19,3592.60,2026-08-05 19:31:00,REFUNDED
10470,6,10,1143.00,2026-08-31 03:48:00,SUCCESS
10471,4,12,2162.60,2026-08-31 05:40:00,SUCCESS
10472,5,18,508.50,2026-08-07 18:17:00,SUCCESS
10473,3,13,1171.80,2026-08-09 00:08:00,PENDING
10474,9,2,4398.20,2026-08-18 10:26:00,SUCCESS
10475,7,12,4802.00,2026-08-16 07:46:00,FAILED
10476,7,14,948.70,2026-08-19 18:56:00,SUCCESS
10477,2,20,3972.50,2026-08-05 15:51:00,REFUNDED
10478,8,3,3876.30,2026-08-14 12:26:00,FAILED
10479,7,6,4000.50,2026-08-23 00:31:00,FAILED
10480,3,17,1813.10,2026-08-24 14:52:00,SUCCESS
10481,9,17,3515.00,2026-08-15 05:08:00,PENDING
10482,4,20,3434.70,2026-08-11 23:22:00,REFUNDED
10483,2,15,2806.10,2026-08-11 01:52:00,PENDING
10484,9,14,4079.70,2026-08-04 18:50:00,SUCCESS
10485,9,17,3436.00,2026-08-04 02:59:00,PENDING
10486,5,9,916.80,2026-08-16 15:33:00,PENDING
10487,4,19,972.90,2026-08-08 09:55:00,FAILED
10488,3,18,3227.10,2026-08-26 05:33:00,PENDING
10489,2,6,2880.80,2026-08-02 02:00:00,PENDING
10490,7,7,2755.00,2026-08-21 12:33:00,SUCCESS
10491,2,20,3537.00,2026-08-01 17:07:00,FAILED
10492,1,2,3834.20,2026-08-19 22:13:00,REFUNDED
10493,5,5,3818.00,2026-08-12 14:58:00,SUCCESS
10494,2,6,4517.80,2026-08-03 00:13:00,SUCCESS
10495,7,5,393.40,2026-08-15 16:13:00,SUCCESS
10496,6,3,2840.60,2026-08-21 00:30:00,PENDING
10497,1,3,2777.40,2026-08-05 23:32:00,FAILED
10498,9,16,3011.00,2026-08-02 05:08:00,PENDING
10499,2,18,775.80,2026-08-11 19:17:00,PENDING
10500,10,14,3862.80,2026-08-23 13:45:00,FAILED
10501,4,2,2421.60,2026-08-14 06:02:00,PENDING
10502,1,11,3921.40,2026-08-30 00:44:00,PENDING
10503,9,3,3537.20,2026-08-03 23:30:00,FAILED
10504,1,17,2753.70,2026-08-02 03:41:00,REFUNDED
10505,9,5,3689.40,2026-08-02 14:20:00,SUCCESS
10506,7,18,2791.40,2026-08-16 22:17:00,PENDING
10507,8,18,3668.40,2026-08-19 20:26:00,REFUNDED
10508,9,10,432.60,2026-08-12 19:41:00,FAILED
10509,10,19,95.30,2026-08-25 19:50:00,PENDING
10510,9,14,4528.70,2026-08-13 06:45:00,PENDING
10511,4,6,3074.60,2026-08-18 01:25:00,SUCCESS
10512,2,4,4670.90,2026-08-22 05:17:00,SUCCESS
10513,8,13,712.10,2026-08-25 04:28:00,SUCCESS
10514,5,7,2919.10,2026-08-12 23:43:00,PENDING
10515,8,7,2830.10,2026-08-05 16:02:00,SUCCESS
10516,2,19,4454.20,2026-08-23 00:57:00,SUCCESS
10517,2,18,3754.00,2026-08-03 07:54:00,SUCCESS
10518,3,13,2803.10,2026-08-26 22:28:00,FAILED
10519,10,16,2307.20,2026-08-30 21:55:00,SUCCESS
10520,6,1,3400.70,2026-08-23 23:31:00,REFUNDED
10521,10,4,301.60,2026-08-24 10:50:00,FAILED
10522,1,16,2544.20,2026-08-03 14:59:00,PENDING
10523,9,13,3396.50,2026-08-12 22:50:00,SUCCESS
10524,9,8,356.90,2026-08-05 05:13:00,FAILED
10525,1,16,2084.90,2026-08-11 22:26:00,SUCCESS
10526,3,5,2205.30,2026-08-22 03:29:00,FAILED
10527,1,4,2897.20,2026-08-17 05:12:00,PENDING
10528,10,12,90.90,2026-08-28 16:07:00,SUCCESS
10529,2,11,1915.80,2026-08-16 08:48:00,REFUNDED
10530,4,18,412.80,2026-08-25 19:06:00,PENDING
10531,8,11,3127.10,2026-08-30 21:35:00,REFUNDED
10532,8,9,733.00,2026-08-25 13:29:00,FAILED
10533,8,20,1185.40,2026-08-10 08:03:00,PENDING
10534,9,16,473.70,2026-08-19 11:09:00,PENDING
10535,2,6,5043.40,2026-08-13 04:00:00,PENDING
10536,5,20,4734.20,2026-08-05 01:06:00,PENDING
10537,3,3,2327.70,2026-08-30 21:18:00,FAILED
10538,10,16,1748.40,2026-08-14 07:32:00,REFUNDED
10539,2,13,1199.00,2026-08-20 07:14:00,REFUNDED
10540,9,5,2158.20,2026-08-10 21:56:00,PENDING
10541,3,3,1524.40,2026-08-30 07:19:00,PENDING
10542,9,2,1818.60,2026-08-21 17:32:00,PENDING
10543,2,18,1158.10,2026-08-16 22:21:00,SUCCESS
10544,10,13,3140.20,2026-08-01 22:01:00,SUCCESS
10545,9,3,3554.60,2026-08-26 23:26:00,FAILED
10546,1,6,2100.00,2026-08-02 18:33:00,REFUNDED
10547,4,16,4016.40,2026-08-16 15:04:00,REFUNDED
10548,9,14,2780.00,2026-08-18 21:04:00,SUCCESS
10549,1,6,4708.40,2026-08-21 07:13:00,FAILED
10550,1,11,2616.40,2026-08-27 02:27:00,FAILED
10551,5,6,2289.80,2026-08-24 12:18:00,FAILED
10552,8,8,3918.70,2026-08-12 06:57:00,PENDING
10553,6,3,3244.40,2026-08-31 01:40:00,PENDING
10554,1,11,2252.00,2026-08-05 00:15:00,PENDING
10555,8,13,4315.50,2026-08-13 00:29:00,FAILED
10556,7,20,1719.00,2026-08-26 00:59:00,REFUNDED
10557,7,18,4111.20,2026-08-22 10:33:00,FAILED
10558,7,5,718.70,2026-08-29 08:40:00,PENDING
10559,1,14,874.10,2026-08-23 06:14:00,REFUNDED
10560,4,4,3403.30,2026-08-23 21:50:00,FAILED
10561,5,1,3101.10,2026-08-21 02:18:00,REFUNDED
10562,5,12,2097.40,2026-08-16 00:16:00,PENDING
10563,3,15,2396.20,2026-08-01 11:13:00,PENDING
10564,9,20,1395.40,2026-08-08 13:25:00,REFUNDED
10565,5,9,4187.20,2026-08-02 02:38:00,PENDING
10566,1,11,985.20,2026-08-24 13:17:00,SUCCESS
10567,3,11,1332.20,2026-08-09 02:06:00,PENDING
10568,7,13,548.80,2026-08-08 06:39:00,FAILED
10569,3,20,2544.00,2026-08-25 12:21:00,REFUNDED
10570,8,3,1279.60,2026-08-08 10:29:00,REFUNDED
10571,6,3,3815.70,2026-08-27 15:43:00,SUCCESS
10572,9,17,3304.10,2026-08-25 12:57:00,SUCCESS
10573,10,19,3485.50,2026-08-28 07:46:00,SUCCESS
10574,4,3,721.90,2026-08-28 20:30:00,REFUNDED
10575,3,8,989.00,2026-08-04 01:06:00,SUCCESS
10576,5,1,4174.10,2026-08-21 02:18:00,SUCCESS
10577,9,2,4987.30,2026-08-05 19:54:00,PENDING
10578,6,5,690.10,2026-08-18 06:35:00,FAILED
10579,4,8,1951.60,2026-08-03 10:32:00,PENDING
10580,5,4,1720.50,2026-08-07 02:48:00,SUCCESS
10581,7,20,4944.60,2026-08-10 05:35:00,SUCCESS
10582,4,16,198.90,2026-08-27 18:13:00,FAILED
10583,4,2,1021.30,2026-08-26 06:16:00,PENDING
10584,4,7,3422.40,2026-08-13 08:32:00,SUCCESS
10585,2,6,3925.60,2026-08-09 07:58:00,REFUNDED
10586,4,19,2948.70,2026-08-22 00:02:00,PENDING
10587,2,3,1904.80,2026-08-23 03:48:00,FAILED
10588,5,8,4942.80,2026-08-25 15:02:00,PENDING
10589,2,9,2897.70,2026-08-12 19:03:00,FAILED
10590,6,15,1831.30,2026-08-24 06:46:00,REFUNDED
10591,4,15,3770.80,2026-08-30 19:41:00,REFUNDED
10592,5,10,4092.00,2026-08-06 01:15:00,REFUNDED
10593,7,4,2675.80,2026-08-30 02:13:00,FAILED
10594,4,11,4304.40,2026-08-29 00:41:00,SUCCESS
10595,6,7,1565.30,2026-08-11 07:40:00,REFUNDED
10596,3,1,2799.90,2026-08-16 21:40:00,REFUNDED
10597,2,15,2008.10,2026-08-14 09:33:00,FAILED
10598,9,16,1237.00,2026-08-08 19:10:00,FAILED
10599,4,2,1191.80,2026-08-12 10:13:00,REFUNDED
10600,2,8,1430.40,2026-08-21 21:18:00,PENDING
10601,1,9,1715.20,2026-08-05 18:37:00,PENDING
10602,6,18,967.60,2026-08-05 06:43:00,SUCCESS
10603,4,5,1070.90,2026-08-08 17:21:00,PENDING
10604,3,15,3947.70,2026-08-26 15:45:00,SUCCESS
10605,6,14,2593.20,2026-08-10 12:00:00,PENDING
10606,7,14,3837.60,2026-08-30 05:48:00,PENDING
10607,6,3,437.70,2026-08-19 07:40:00,PENDING
10608,6,1,3753.20,2026-08-03 23:27:00,SUCCESS
10609,3,13,2784.90,2026-08-04 22:56:00,SUCCESS
10610,4,7,4282.80,2026-08-28 08:59:00,REFUNDED
10611,8,18,1322.30,2026-08-22 03:29:00,REFUNDED
10612,9,4,1605.00,2026-08-04 12:31:00,REFUNDED
10613,5,5,488.10,2026-08-07 04:55:00,PENDING
10614,7,19,2997.10,2026-08-25 21:43:00,REFUNDED
10615,1,11,2999.40,2026-08-15 20:59:00,FAILED
10616,1,17,4518.30,2026-08-18 21:28:00,PENDING
10617,10,16,1212.40,2026-08-30 07:13:00,PENDING
10618,6,10,4503.00,2026-08-28 10:29:00,SUCCESS
10619,5,4,435.40,2026-08-28 10:07:00,REFUNDED
10620,7,11,5019.20,2026-08-26 01:26:00,FAILED
10621,7,14,1082.20,2026-08-28 19:42:00,SUCCESS
10622,7,18,576.60,2026-08-22 17:27:00,SUCCESS
10623,4,7,1996.20,2026-08-15 02:10:00,REFUNDED
10624,7,2,913.40,2026-08-16 12:58:00,PENDING
10625,3,1,3128.30,2026-08-30 10:14:00,PENDING
10626,5,12,1950.90,2026-08-21 09:25:00,FAILED
10627,2,5,347.10,2026-08-08 20:37:00,PENDING
10628,4,14,2823.00,2026-08-13 07:05:00,PENDING
10629,5,20,2543.60,2026-08-08 20:35:00,FAILED
10630,1,9,4369.10,2026-08-22 13:30:00,FAILED
10631,6,11,1612.40,2026-08-07 21:04:00,SUCCESS
10632,3,20,4949.20,2026-08-09 14:45:00,PENDING
10633,8,15,4322.80,2026-08-04 20:44:00,PENDING
10634,5,12,2943.90,2026-08-10 08:27:00,REFUNDED
10635,8,7,2867.90,2026-08-20 09:44:00,REFUNDED
10636,6,7,2126.90,2026-08-29 01:47:00,REFUNDED
10637,3,17,1680.40,2026-08-20 18:29:00,SUCCESS
10638,7,18,2104.50,2026-08-06 13:25:00,PENDING
10639,5,16,4175.10,2026-08-21 07:50:00,REFUNDED
10640,2,8,318.50,2026-08-06 08:17:00,PENDING
10641,4,5,1529.30,2026-08-28 02:25:00,PENDING
10642,2,14,943.60,2026-08-18 23:07:00,PENDING
10643,4,19,301.40,2026-08-07 09:24:00,REFUNDED
10644,1,8,4693.70,2026-08-19 20:34:00,REFUNDED
10645,6,11,3503.10,2026-08-12 04:46:00,PENDING
10646,7,1,2149.50,2026-08-16 07:49:00,REFUNDED
10647,7,8,3439.40,2026-08-05 04:18:00,FAILED
10648,5,6,1940.10,2026-08-14 11:07:00,PENDING
10649,9,8,2529.80,2026-08-15 11:35:00,REFUNDED
10650,6,18,3680.10,2026-08-02 16:40:00,REFUNDED
10651,10,20,3761.10,2026-08-04 06:22:00,PENDING
10652,1,8,512.20,2026-08-24 16:24:00,SUCCESS
10653,10,1,2036.40,2026-08-03 01:14:00,FAILED
10654,4,8,996.70,2026-08-13 21:49:00,PENDING
10655,7,15,1516.30,2026-08-06 14:55:00,FAILED
10656,5,20,4932.70,2026-08-26 18:33:00,FAILED
10657,6,17,2770.60,2026-08-16 10:51:00,REFUNDED
10658,7,15,942.40,2026-08-31 07:18:00,FAILED
10659,5,9,4526.10,2026-08-28 05:25:00,REFUNDED
10660,9,1,4917.40,2026-08-17 18:51:00,SUCCESS
10661,6,2,2377.30,2026-08-25 01:44:00,REFUNDED
10662,8,20,4577.40,2026-08-21 17:51:00,FAILED
10663,2,1,247.00,2026-08-07 14:09:00,FAILED
10664,5,16,4598.60,2026-08-10 16:18:00,PENDING
10665,9,2,871.70,2026-08-03 18:53:00,REFUNDED
10666,9,10,556.30,2026-08-09 00:59:00,SUCCESS
10667,3,3,439.50,2026-08-15 08:19:00,REFUNDED
10668,2,17,2841.00,2026-08-05 14:36:00,SUCCESS
10669,8,2,4543.90,2026-08-15 12:15:00,SUCCESS
10670,9,13,2499.20,2026-08-23 17:42:00,FAILED
10671,5,18,3143.40,2026-08-13 08:03:00,SUCCESS
10672,3,15,2528.50,2026-08-25 18:01:00,SUCCESS
10673,4,9,538.10,2026-08-30 11:05:00,FAILED
10674,9,4,2801.30,2026-08-02 00:49:00,PENDING
10675,8,18,4518.60,2026-08-01 10:10:00,FAILED
10676,9,9,3734.30,2026-08-21 02:06:00,PENDING
10677,7,20,4446.10,2026-08-25 15:13:00,PENDING
10678,7,9,2368.40,2026-08-06 20:21:00,PENDING
10679,2,17,1040.30,2026-08-07 06:18:00,FAILED
10680,1,17,4757.40,2026-08-05 09:05:00,REFUNDED
10681,1,1,4571.70,2026-08-15 06:11:00,REFUNDED
10682,4,12,3042.50,2026-08-09 01:40:00,REFUNDED
10683,7,20,432.50,2026-08-23 15:06:00,REFUNDED
10684,2,16,498.50,2026-08-08 00:07:00,SUCCESS
10685,5,9,4658.60,2026-08-30 08:16:00,REFUNDED
10686,8,5,2889.90,2026-08-02 11:40:00,FAILED
10687,5,14,3296.70,2026-08-02 10:19:00,REFUNDED
10688,9,16,486.00,2026-08-27 19:53:00,FAILED
10689,7,15,3235.20,2026-08-21 21:29:00,FAILED
10690,7,17,3136.60,2026-08-04 02:22:00,PENDING
10691,10,17,4999.10,2026-08-10 00:31:00,FAILED
10692,2,1,2232.60,2026-08-04 23:47:00,SUCCESS
10693,4,9,747.30,2026-08-10 15:25:00,SUCCESS
10694,4,18,2221.60,2026-08-10 18:36:00,SUCCESS
10695,1,14,3885.60,2026-08-01 18:21:00,FAILED
10696,2,7,4460.10,2026-08-19 08:23:00,SUCCESS
10697,10,16,4409.10,2026-08-17 15:30:00,REFUNDED
10698,1,4,2206.10,2026-08-15 16:20:00,PENDING
10699,8,9,3302.60,2026-08-03 05:34:00,FAILED
10700,1,19,3969.70,2026-08-20 06:56:00,SUCCESS
10701,3,18,2880.10,2026-08-08 21:11:00,PENDING
10702,7,10,3183.10,2026-08-19 06:00:00,FAILED
10703,1,1,199.10,2026-08-16 14:34:00,PENDING
10704,5,14,4312.00,2026-08-28 03:36:00,FAILED
10705,2,15,191.20,2026-08-11 23:47:00,FAILED
10706,10,4,1356.30,2026-08-28 21:47:00,FAILED
10707,6,15,3180.30,2026-08-10 06:35:00,SUCCESS
10708,10,13,1048.20,2026-08-06 19:38:00,SUCCESS
10709,7,14,363.60,2026-08-16 01:29:00,FAILED
10710,5,2,1913.30,2026-08-08 00:57:00,PENDING
10711,5,11,1254.60,2026-08-19 12:09:00,PENDING
10712,6,11,4927.70,2026-08-09 18:28:00,SUCCESS
10713,7,9,3991.10,2026-08-18 04:51:00,SUCCESS
10714,3,20,3258.00,2026-08-19 13:20:00,SUCCESS
10715,4,19,412.40,2026-08-03 23:30:00,REFUNDED
10716,4,5,1942.20,2026-08-04 02:01:00,SUCCESS
10717,2,4,4492.50,2026-08-14 00:17:00,REFUNDED
10718,4,12,1029.20,2026-08-02 13:59:00,PENDING
10719,6,18,3431.70,2026-08-06 20:28:00,PENDING
10720,2,15,2472.00,2026-08-19 22:32:00,SUCCESS
10721,7,18,3041.20,2026-08-21 12:11:00,REFUNDED
10722,3,16,2836.60,2026-08-19 12:48:00,PENDING
10723,10,17,3725.80,2026-08-19 08:02:00,SUCCESS
10724,4,16,2916.50,2026-08-23 13:13:00,REFUNDED
10725,5,6,1131.50,2026-08-16 16:36:00,REFUNDED
10726,7,14,2051.30,2026-08-13 19:36:00,REFUNDED
10727,3,3,4540.90,2026-08-27 05:14:00,PENDING
10728,3,16,1283.30,2026-08-01 21:28:00,SUCCESS
10729,2,19,4381.30,2026-08-23 07:44:00,PENDING
10730,3,19,1089.20,2026-08-04 05:22:00,SUCCESS
10731,1,3,3575.00,2026-08-08 20:00:00,REFUNDED
10732,6,11,1496.20,2026-08-23 17:29:00,PENDING
10733,1,20,1160.90,2026-08-18 18:20:00,PENDING
10734,8,7,1852.30,2026-08-29 20:05:00,FAILED
10735,2,8,1284.60,2026-08-22 08:38:00,SUCCESS
10736,2,4,531.60,2026-08-23 05:21:00,SUCCESS
10737,5,5,362.90,2026-08-21 05:22:00,SUCCESS
10738,3,4,2719.50,2026-08-10 00:48:00,PENDING
10739,4,10,4342.60,2026-08-03 15:00:00,REFUNDED
10740,1,100.00
10741,4,14,4007.50,2026-08-13 02:59:00,PENDING
10742,6,8,2468.40,2026-08-08 08:34:00,SUCCESS
10743,2,13,1957.20,2026-08-14 10:28:00,REFUNDED
10744,7,20,3110.20,2026-08-11 02:35:00,REFUNDED
10745,5,3,4578.50,2026-08-13 15:17:00,REFUNDED
10746,10,19,340.50,2026-08-27 00:32:00,FAILED
10747,8,15,4706.30,2026-08-01 15:02:00,SUCCESS
10748,2,14,2667.80,2026-08-07 06:18:00,REFUNDED
10749,2,8,493.80,2026-08-08 11:05:00,FAILED
10750,2,6,985.30,2026-08-11 09:41:00,FAILED
10751,2,11,4716.10,2026-08-04 08:23:00,PENDING
10752,9,14,898.30,2026-08-05 23:43:00,FAILED
10753,3,10,3825.70,2026-08-31 00:48:00,FAILED
10754,5,14,3690.80,2026-08-21 10:34:00,FAILED
10755,4,4,4844.80,2026-08-22 08:18:00,REFUNDED
10756,7,12,1019.10,2026-08-19 11:18:00,PENDING
10757,4,11,3943.80,2026-08-04 06:20:00,REFUNDED
10758,9,5,3279.50,2026-08-24 22:16:00,FAILED
10759,4,13,4029.90,2026-08-09 16:26:00,PENDING
10760,4,7,3369.00,2026-08-13 02:10:00,SUCCESS
10761,1,15,2762.40,2026-08-22 11:15:00,REFUNDED
10762,4,19,4722.80,2026-08-06 09:10:00,REFUNDED
10763,5,16,2358.70,2026-08-09 18:32:00,SUCCESS
10764,5,18,2465.40,2026-08-18 09:58:00,REFUNDED
10765,9,6,2952.70,2026-08-13 04:16:00,SUCCESS
10766,1,1,NOT_A_NUMBER,2026-08-01 12:00:00,SUCCESS
10767,3,10,3081.30,2026-08-24 03:04:00,FAILED
10768,1,1,3387.00,2026-08-27 10:04:00,REFUNDED
10769,6,11,3142.00,2026-08-08 06:45:00,PENDING
10770,6,19,4074.90,2026-08-26 21:09:00,PENDING
10771,4,11,82.00,2026-08-14 05:26:00,SUCCESS
10772,2,8,3649.40,2026-08-11 16:06:00,SUCCESS
10773,7,20,3052.80,2026-08-03 09:02:00,REFUNDED
10774,8,15,458.30,2026-08-28 19:43:00,FAILED
10775,8,15,2750.40,2026-08-22 02:03:00,REFUNDED
10776,4,9,2783.10,2026-08-13 23:43:00,FAILED
10777,8,3,845.90,2026-08-04 23:02:00,FAILED
10778,3,1,4384.30,2026-08-26 04:46:00,FAILED
10779,10,13,4400.10,2026-08-29 21:35:00,REFUNDED
10780,6,20,5040.10,2026-08-09 00:09:00,REFUNDED
10781,10,6,544.30,2026-08-23 11:02:00,FAILED
10782,8,6,4803.20,2026-08-09 02:34:00,FAILED
10783,9,9,4757.40,2026-08-02 11:33:00,REFUNDED
10784,8,17,2438.10,2026-08-27 13:45:00,PENDING
10785,6,7,2203.70,2026-08-08 09:06:00,PENDING
10786,7,2,2524.00,2026-08-30 00:56:00,FAILED
10787,6,18,4860.60,2026-08-08 00:50:00,SUCCESS
10788,7,18,3255.00,2026-08-11 04:34:00,FAILED
10789,6,15,202.40,2026-08-18 08:17:00,PENDING
10790,2,14,4960.90,2026-08-19 07:51:00,FAILED
10791,3,4,3412.30,2026-08-11 14:42:00,SUCCESS
10792,3,13,197.30,2026-08-15 23:31:00,PENDING
10793,8,4,516.30,2026-08-22 03:13:00,REFUNDED
10794,9,8,65.60,2026-08-24 03:32:00,FAILED
10795,10,5,3768.60,2026-08-10 08:54:00,PENDING
10796,9,15,4001.30,2026-08-30 21:16:00,REFUNDED
10797,8,4,4274.70,2026-08-14 17:23:00,SUCCESS
10798,8,8,1561.20,2026-08-17 15:25:00,PENDING
10799,8,3,3313.70,2026-08-16 15:28:00,SUCCESS
10800,4,15,466.60,2026-08-04 10:11:00,PENDING
10801,5,10,4050.90,2026-08-28 05:08:00,REFUNDED
10802,4,9,3745.30,2026-08-12 09:44:00,PENDING
10803,3,5,2079.70,2026-08-02 20:21:00,FAILED
10804,7,17,2941.40,2026-08-30 13:41:00,FAILED
10805,3,19,822.80,2026-08-27 00:52:00,FAILED
10806,4,14,2358.30,2026-08-06 11:34:00,REFUNDED
10807,3,13,1127.80,2026-08-15 17:15:00,PENDING
10808,6,12,650.10,2026-08-03 18:08:00,FAILED
10809,1,9,2473.70,2026-08-11 20:45:00,FAILED
10810,9,15,1610.50,2026-08-28 10:34:00,REFUNDED
10811,4,12,2742.00,2026-08-29 07:06:00,PENDING
10812,1,9,3693.70,2026-08-30 20:17:00,REFUNDED
10813,5,20,3857.40,2026-08-23 18:37:00,REFUNDED
10814,4,9,1046.50,2026-08-04 00:33:00,SUCCESS
10815,4,14,1739.40,2026-08-12 09:01:00,FAILED
10816,2,7,3646.40,2026-08-02 20:26:00,PENDING
10817,8,10,3028.50,2026-08-23 22:54:00,FAILED
10818,7,4,3375.10,2026-08-03 15:40:00,SUCCESS
10819,4,17,124.10,2026-08-07 11:19:00,PENDING
10820,4,14,89.40,2026-08-17 15:12:00,PENDING
10821,6,5,4481.10,2026-08-15 16:19:00,FAILED
10822,5,1,387.40,2026-08-07 19:40:00,SUCCESS
10823,6,8,4195.70,2026-08-24 01:00:00,FAILED
10824,8,11,3003.60,2026-08-10 16:23:00,SUCCESS
10825,7,6,3652.90,2026-08-30 02:04:00,REFUNDED
10826,4,20,585.10,2026-08-02 02:32:00,SUCCESS
10827,8,10,177.50,2026-08-25 07:42:00,FAILED
10828,4,7,4704.30,2026-08-16 11:27:00,FAILED
10829,10,16,4136.20,2026-08-19 05:21:00,FAILED
10830,1,7,991.30,2026-08-30 15:18:00,FAILED
10831,7,3,965.60,2026-08-29 11:39:00,SUCCESS
10832,1,12,1028.20,2026-08-30 21:37:00,SUCCESS
10833,4,5,1390.20,2026-08-30 04:19:00,REFUNDED
10834,7,19,1644.20,2026-08-30 18:31:00,PENDING
10835,9,4,2372.30,2026-08-09 11:03:00,PENDING
10836,3,17,3547.40,2026-08-14 09:50:00,FAILED
10837,10,16,3953.70,2026-08-25 10:05:00,SUCCESS
10838,1,14,2406.30,2026-08-25 23:01:00,FAILED
10839,8,20,4470.60,2026-08-23 04:54:00,REFUNDED
10840,6,3,2352.20,2026-08-03 11:12:00,REFUNDED
10841,4,4,3991.40,2026-08-14 10:34:00,REFUNDED
10842,7,3,4312.90,2026-08-27 10:42:00,REFUNDED
10843,8,13,2316.10,2026-08-18 11:51:00,PENDING
10844,6,7,3692.90,2026-08-20 07:43:00,FAILED
10845,3,9,3314.60,2026-08-05 22:44:00,FAILED
10846,1,13,2395.50,2026-08-30 16:35:00,SUCCESS
10847,1,17,366.70,2026-08-07 10:04:00,SUCCESS
10848,5,7,136.20,2026-08-01 23:07:00,FAILED
10849,8,15,1507.10,2026-08-16 22:27:00,SUCCESS
10850,8,17,137.50,2026-08-23 02:23:00,REFUNDED
10851,2,18,1279.40,2026-08-04 07:12:00,FAILED
10852,2,9,3093.10,2026-08-02 10:34:00,PENDING
10853,9,4,1931.50,2026-08-31 01:59:00,REFUNDED
10854,3,18,4711.00,2026-08-05 06:24:00,SUCCESS
10855,8,9,1363.20,2026-08-09 23:45:00,PENDING
10856,8,5,2712.80,2026-08-16 04:51:00,REFUNDED
10857,10,11,1064.20,2026-08-15 04:02:00,REFUNDED
10858,2,15,1551.60,2026-08-11 06:28:00,REFUNDED
10859,10,3,1408.90,2026-08-12 04:28:00,SUCCESS
10860,9,9,897.40,2026-08-03 00:08:00,PENDING
10861,7,19,4613.80,2026-08-06 09:06:00,PENDING
10862,3,12,3818.20,2026-08-27 13:24:00,SUCCESS
10863,10,12,930.60,2026-08-28 09:16:00,PENDING
10864,1,5,1552.00,2026-08-15 08:34:00,SUCCESS
10865,7,6,1351.30,2026-08-23 08:21:00,SUCCESS
10866,1,1,4624.70,2026-08-17 13:35:00,REFUNDED
10867,7,14,3540.90,2026-08-30 20:40:00,PENDING
10868,1,10,1267.00,2026-08-20 16:40:00,SUCCESS
10869,6,13,1810.00,2026-08-06 17:39:00,FAILED
10870,4,16,1657.00,2026-08-17 07:36:00,REFUNDED
10871,4,12,1757.10,2026-08-15 04:05:00,PENDING
10872,9,16,4345.90,2026-08-30 00:00:00,SUCCESS
10873,7,4,4637.60,2026-08-30 19:37:00,SUCCESS
10874,9,19,4233.90,2026-08-24 16:09:00,PENDING
10875,1,9,955.70,2026-08-05 04:23:00,FAILED
10876,1,4,4983.60,2026-08-15 17:10:00,FAILED
10877,3,17,845.40,2026-08-10 04:12:00,REFUNDED
10878,7,16,4712.10,2026-08-06 10:53:00,FAILED
10879,7,5,2982.50,2026-08-13 04:02:00,SUCCESS
10880,3,7,1527.90,2026-08-17 13:12:00,REFUNDED
10881,9,11,1161.90,2026-08-06 22:26:00,PENDING
10882,6,3,1062.40,2026-08-07 03:03:00,PENDING
10883,3,10,3462.50,2026-08-03 00:55:00,REFUNDED
10884,9,20,686.10,2026-08-16 16:21:00,PENDING
10885,1,12,1932.20,2026-08-22 19:28:00,SUCCESS
10886,4,3,1926.00,2026-08-20 10:00:00,PENDING
10887,6,12,2791.40,2026-08-30 01:09:00,REFUNDED
10888,3,19,4333.00,2026-08-02 17:36:00,FAILED
10889,3,9,3761.90,2026-08-30 10:47:00,SUCCESS
10890,10,7,391.50,2026-08-05 16:16:00,FAILED
10891,6,10,1809.00,2026-08-10 21:00:00,REFUNDED
10892,10,6,3494.90,2026-08-03 00:53:00,FAILED
10893,9,5,950.80,2026-08-22 12:28:00,FAILED
10894,9,3,2533.00,2026-08-15 00:43:00,SUCCESS
10895,7,5,3529.40,2026-08-02 00:03:00,PENDING
10896,6,3,927.60,2026-08-13 00:57:00,SUCCESS
10897,7,6,3185.90,2026-08-14 15:17:00,PENDING
10898,6,4,2072.50,2026-08-25 00:25:00,FAILED
10899,2,18,836.90,2026-08-20 04:46:00,REFUNDED
10900,1,20,3371.40,2026-08-28 22:24:00,SUCCESS
10901,3,3,3784.60,2026-08-07 00:46:00,SUCCESS
10902,10,12,2741.70,2026-08-02 19:31:00,FAILED
10903,2,6,1530.50,2026-08-13 08:55:00,REFUNDED
10904,1,12,4598.60,2026-08-12 00:56:00,REFUNDED
10905,8,4,4587.10,2026-08-30 03:24:00,FAILED
10906,5,18,4458.80,2026-08-17 08:55:00,FAILED
10907,6,7,4286.10,2026-08-16 15:16:00,PENDING
10908,6,10,3550.10,2026-08-04 10:47:00,FAILED
10909,9,20,2058.00,2026-08-01 21:32:00,PENDING
10910,10,15,324.40,2026-08-08 00:16:00,FAILED
10911,6,8,958.60,2026-08-08 15:28:00,REFUNDED
10912,9,14,1291.30,2026-08-13 17:49:00,SUCCESS
10913,3,5,4710.00,2026-08-16 19:30:00,FAILED
10914,10,20,1243.10,2026-08-30 06:52:00,PENDING
10915,9,12,4234.40,2026-08-23 08:50:00,SUCCESS
10916,7,17,2763.20,2026-08-27 21:29:00,PENDING
10917,8,11,911.50,2026-08-19 01:12:00,PENDING
10918,3,5,2185.70,2026-08-08 14:04:00,PENDING
10919,9,13,3896.70,2026-08-14 18:42:00,REFUNDED
10920,1,1,563.80,2026-08-08 12:51:00,REFUNDED
10921,4,16,4265.60,2026-08-23 13:37:00,SUCCESS
10922,1,1,5000,2026-08-01 12:00:00,UNKNOWN_STATUS
10923,5,4,2022.80,2026-08-14 08:00:00,PENDING
10924,8,13,4328.80,2026-08-11 02:29:00,PENDING
10925,1,16,53.70,2026-08-06 01:15:00,PENDING
10926,9,20,1430.20,2026-08-14 02:19:00,SUCCESS
10927,3,8,2608.70,2026-08-08 03:54:00,FAILED
10928,1,1,NOT_A_NUMBER,2026-08-01 12:00:00,SUCCESS
10929,6,17,765.20,2026-08-19 03:48:00,FAILED
10930,3,8,3130.30,2026-08-20 01:03:00,PENDING
10931,9,16,1879.30,2026-08-29 00:27:00,PENDING
10932,4,6,2892.30,2026-08-24 22:20:00,FAILED
10933,4,7,460.30,2026-08-11 00:27:00,FAILED
10934,1,8,4985.50,2026-08-03 01:59:00,SUCCESS
10935,9,19,3856.70,2026-08-14 04:39:00,FAILED
10936,8,12,4767.90,2026-08-18 01:39:00,FAILED
10937,1,6,269.50,2026-08-15 23:56:00,REFUNDED
10938,4,17,2081.20,2026-08-09 10:08:00,FAILED
10939,8,13,1615.20,2026-08-27 20:50:00,FAILED
10940,1,1,282.80,2026-08-17 03:32:00,PENDING
10941,4,1,1205.60,2026-08-06 04:27:00,FAILED
10942,2,11,2994.90,2026-08-17 07:16:00,SUCCESS
10943,8,16,4159.10,2026-08-21 11:48:00,REFUNDED
10944,10,15,2964.90,2026-08-08 11:34:00,PENDING
10945,8,9,1377.00,2026-08-28 09:36:00,SUCCESS
10946,2,20,837.60,2026-08-29 02:33:00,FAILED
10947,4,6,4508.50,2026-08-31 03:28:00,FAILED
10948,7,5,148.30,2026-08-15 11:39:00,FAILED
10949,1,1,5000,2026-08-01 12:00:00,UNKNOWN_STATUS
10950,6,13,871.80,2026-08-18 22:18:00,PENDING
10951,3,14,3982.40,2026-08-27 19:45:00,FAILED
10952,4,4,1878.60,2026-08-13 19:09:00,FAILED
10953,10,10,3018.90,2026-08-15 19:50:00,PENDING
10954,10,3,1033.50,2026-08-02 03:01:00,REFUNDED
10955,4,10,1828.70,2026-08-05 05:48:00,REFUNDED
10956,9,18,1385.90,2026-08-04 12:36:00,REFUNDED
10957,5,8,3154.40,2026-08-29 15:19:00,REFUNDED
10958,7,11,1245.20,2026-08-06 00:29:00,SUCCESS
10959,3,15,3007.90,2026-08-02 05:17:00,PENDING
10960,7,15,1467.20,2026-08-10 21:55:00,FAILED
10961,7,20,3220.80,2026-08-16 04:36:00,REFUNDED
10962,5,1,1167.00,2026-08-27 22:09:00,SUCCESS
10963,1,1,NOT_A_NUMBER,2026-08-01 12:00:00,SUCCESS
10964,2,14,1834.50,2026-08-02 13:37:00,REFUNDED
10965,8,17,578.90,2026-08-02 02:29:00,PENDING
10966,5,8,1418.00,2026-08-26 20:34:00,PENDING
10967,7,16,1446.90,2026-08-23 11:08:00,FAILED
10968,3,13,2354.70,2026-08-20 17:30:00,REFUNDED
10969,5,9,3347.70,2026-08-07 05:25:00,PENDING
10970,6,20,2004.00,2026-08-10 09:43:00,PENDING
10971,7,15,2354.40,2026-08-01 19:39:00,SUCCESS
10972,10,8,1463.40,2026-08-23 01:44:00,REFUNDED
10973,10,3,3093.20,2026-08-22 09:25:00,REFUNDED
10974,6,3,3944.40,2026-08-11 04:15:00,PENDING
10975,9,2,488.50,2026-08-05 23:06:00,FAILED
10976,3,4,1460.00,2026-08-29 01:14:00,FAILED
10977,2,13,3185.20,2026-08-19 01:37:00,REFUNDED
10978,7,14,2677.70,2026-08-26 05:18:00,REFUNDED
10979,4,13,3397.50,2026-08-11 01:08:00,FAILED
10980,1,1,3351.00,2026-08-15 14:00:00,FAILED
10981,4,10,3370.40,2026-08-06 12:31:00,SUCCESS
10982,4,1,3679.20,2026-08-09 21:45:00,REFUNDED
10983,6,18,4124.10,2026-08-22 21:34:00,FAILED
10984,5,8,1652.00,2026-08-23 11:55:00,PENDING
10985,8,12,3501.40,2026-08-03 14:31:00,REFUNDED
10986,5,10,1625.40,2026-08-10 16:00:00,FAILED
10987,1,6,1092.70,2026-08-10 10:17:00,REFUNDED
10988,10,10,1914.00,2026-08-05 13:48:00,REFUNDED
10989,2,5,2522.50,2026-08-13 04:01:00,SUCCESS
10990,9,4,580.80,2026-08-30 12:16:00,REFUNDED
10991,7,17,4854.30,2026-08-12 05:04:00,REFUNDED
10992,8,1,1469.20,2026-08-19 19:23:00,SUCCESS
10993,10,16,4322.00,2026-08-03 13:10:00,PENDING
10994,2,14,4403.60,2026-08-09 22:08:00,SUCCESS
10995,5,15,3457.10,2026-08-04 20:14:00,PENDING
10996,6,16,2957.70,2026-08-25 15:49:00,FAILED
10997,5,4,715.30,2026-08-01 13:26:00,SUCCESS
10998,2,6,1856.60,2026-08-27 21:26:00,SUCCESS
10999,3,7,2703.30,2026-08-27 03:51:00,SUCCESS
11000,7,17,2023.10,2026-08-05 21:27:00,PENDING
11001,6,5,1208.60,2026-08-23 10:24:00,REFUNDED
11002,3,14,1013.40,2026-08-22 03:38:00,PENDING
11003,10,5,4817.40,2026-08-25 17:12:00,REFUNDED
11004,8,12,1352.60,2026-08-07 05:40:00,REFUNDED
11005,7,11,2501.20,2026-08-11 16:48:00,REFUNDED
11006,4,5,4636.50,2026-08-20 19:42:00,PENDING
11007,6,12,3374.60,2026-08-21 21:39:00,FAILED
11008,2,14,4920.90,2026-08-29 22:46:00,PENDING
11009,5,18,4603.10,2026-08-06 20:33:00,FAILED
11010,6,9,2703.10,2026-08-04 11:50:00,FAILED
11011,8,16,3583.50,2026-08-23 13:21:00,FAILED
11012,4,7,1866.60,2026-08-14 18:05:00,REFUNDED
11013,1,12,4497.70,2026-08-27 01:25:00,REFUNDED
11014,6,16,1794.30,2026-08-22 15:47:00,SUCCESS
11015,5,17,2243.90,2026-08-22 09:14:00,FAILED
11016,10,12,1984.60,2026-08-16 09:18:00,PENDING
11017,6,6,3063.10,2026-08-07 02:49:00,SUCCESS
11018,1,100.00
11019,10,2,4917.00,2026-08-14 15:40:00,SUCCESS
11020,7,5,4252.60,2026-08-01 21:31:00,SUCCESS
11021,1,5,3286.30,2026-08-02 09:23:00,SUCCESS
11022,1,15,4725.60,2026-08-08 08:53:00,FAILED
11023,7,1,3368.70,2026-08-28 08:53:00,FAILED
11024,2,10,4066.00,2026-08-27 17:09:00,REFUNDED
11025,10,14,2976.00,2026-08-05 22:30:00,SUCCESS
11026,5,19,3395.50,2026-08-25 05:42:00,FAILED
11027,2,13,53.00,2026-08-07 06:21:00,REFUNDED
11028,9,15,2321.00,2026-08-08 22:29:00,REFUNDED
11029,2,6,3855.20,2026-08-03 15:43:00,REFUNDED
11030,5,7,1460.60,2026-08-14 00:52:00,REFUNDED
11031,1,8,3616.60,2026-08-10 04:24:00,SUCCESS
11032,3,3,1586.60,2026-08-17 18:18:00,PENDING
11033,6,16,1707.20,2026-08-31 01:03:00,SUCCESS
11034,9,11,4699.70,2026-08-13 02:14:00,REFUNDED
11035,7,7,1242.90,2026-08-03 05:00:00,PENDING
11036,1,4,203.00,2026-08-09 18:44:00,REFUNDED
11037,8,18,1450.30,2026-08-28 16:38:00,SUCCESS
11038,8,16,3385.80,2026-08-13 04:19:00,FAILED
11039,1,7,3284.70,2026-08-20 16:12:00,PENDING
11040,10,14,1883.00,2026-08-01 10:12:00,SUCCESS
11041,3,20,2484.20,2026-08-08 06:23:00,FAILED
11042,2,4,3857.90,2026-08-19 14:02:00,REFUNDED
11043,7,17,2109.60,2026-08-08 09:41:00,REFUNDED
11044,4,7,4998.60,2026-08-27 23:34:00,PENDING
11045,5,17,549.60,2026-08-08 19:43:00,REFUNDED
11046,7,6,4335.10,2026-08-03 00:23:00,REFUNDED
11047,4,17,3719.90,2026-08-09 21:36:00,FAILED
11048,9,12,4937.40,2026-08-20 13:44:00,FAILED
11049,10,11,441.50,2026-08-30 11:10:00,PENDING
11050,4,13,2022.80,2026-08-11 14:04:00,SUCCESS
11051,8,6,2935.50,2026-08-29 00:56:00,REFUNDED
11052,5,13,4421.40,2026-08-26 20:42:00,REFUNDED
11053,9,16,1636.10,2026-08-28 09:29:00,PENDING
11054,5,2,3199.40,2026-08-10 15:04:00,PENDING
11055,2,15,503.70,2026-08-24 10:42:00,REFUNDED
11056,2,9,4629.10,2026-08-10 11:51:00,SUCCESS
11057,1,12,1850.30,2026-08-04 10:48:00,REFUNDED
11058,5,20,4639.30,2026-08-28 18:46:00,FAILED
11059,7,13,1855.10,2026-08-29 19:52:00,PENDING
11060,10,18,1220.50,2026-08-10 20:51:00,FAILED
11061,5,9,2232.00,2026-08-11 07:11:00,PENDING
11062,7,7,3299.20,2026-08-30 01:53:00,PENDING
11063,7,14,3266.60,2026-08-05 01:17:00,PENDING
11064,2,4,1649.80,2026-08-20 20:05:00,FAILED
11065,1,2,545.30,2026-08-11 05:32:00,REFUNDED
11066,7,10,599.50,2026-08-21 23:00:00,SUCCESS
11067,1,18,3720.30,2026-08-07 02:13:00,PENDING
11068,2,12,1362.20,2026-08-29 21:29:00,REFUNDED
11069,1,20,4824.30,2026-08-25 07:02:00,REFUNDED
11070,3,20,4243.60,2026-08-09 19:59:00,SUCCESS
11071,10,14,3377.60,2026-08-12 18:14:00,FAILED
11072,4,8,4263.80,2026-08-15 05:36:00,PENDING
11073,7,12,3481.30,2026-08-23 06:55:00,REFUNDED
11074,8,18,701.20,2026-08-05 02:49:00,SUCCESS
11075,6,1,1484.60,2026-08-09 23:31:00,FAILED
11076,6,20,3758.40,2026-08-03 12:28:00,FAILED
11077,9,19,3448.30,2026-08-02 04:00:00,PENDING
11078,5,3,4340.30,2026-08-23 15:33:00,FAILED
11079,7,18,1741.00,2026-08-23 19:35:00,REFUNDED
11080,8,5,2490.40,2026-08-29 14:02:00,FAILED
11081,4,9,128.30,2026-08-02 17:02:00,REFUNDED
11082,1,1,NOT_A_NUMBER,2026-08-01 12:00:00,SUCCESS
11083,7,9,1442.40,2026-08-21 03:59:00,SUCCESS
11084,2,3,4899.40,2026-08-14 23:44:00,SUCCESS
11085,3,9,2243.20,2026-08-28 03:55:00,PENDING
11086,7,20,2232.60,2026-08-09 20:55:00,REFUNDED
11087,6,19,3649.40,2026-08-07 23:02:00,FAILED
11088,7,13,2364.80,2026-08-17 03:46:00,REFUNDED
11089,2,4,1012.20,2026-08-26 00:58:00,REFUNDED
11090,6,16,828.30,2026-08-11 03:18:00,SUCCESS
11091,6,19,4691.80,2026-08-27 02:49:00,REFUNDED
11092,3,7,4935.80,2026-08-18 05:22:00,FAILED
11093,6,7,4570.30,2026-08-05 16:05:00,SUCCESS
11094,1,16,298.10,2026-08-27 08:01:00,PENDING
11095,6,9,163.60,2026-08-02 03:54:00,FAILED
11096,3,7,4558.80,2026-08-12 08:52:00,FAILED
11097,8,1,95.90,2026-08-27 00:01:00,FAILED
11098,3,3,131.10,2026-08-04 09:09:00,PENDING
11099,2,11,1624.60,2026-08-23 12:07:00,PENDING
11100,8,4,1189.30,2026-08-31 06:37:00,FAILED
11101,4,5,1514.40,2026-08-07 15:22:00,SUCCESS
11102,1,3,304.70,2026-08-08 21:17:00,REFUNDED
11103,1,1,NOT_A_NUMBER,2026-08-01 12:00:00,SUCCESS
11104,2,1,3785.30,2026-08-16 08:17:00,FAILED
11105,3,8,1126.00,2026-08-13 21:28:00,SUCCESS
11106,7,13,1875.60,2026-08-29 15:39:00,PENDING
11107,10,15,3293.40,2026-08-03 16:57:00,SUCCESS
11108,8,20,4931.30,2026-08-09 14:54:00,FAILED
11109,6,18,4280.90,2026-08-26 09:18:00,PENDING
11110,4,4,3824.10,2026-08-01 19:28:00,SUCCESS
11111,4,11,1765.80,2026-08-29 18:03:00,SUCCESS
11112,2,19,2538.10,2026-08-16 22:54:00,REFUNDED
11113,4,3,1674.80,2026-08-28 17:12:00,PENDING
11114,7,4,3254.80,2026-08-08 16:08:00,FAILED
11115,10,19,4939.50,2026-08-12 13:37:00,FAILED
11116,2,5,3445.30,2026-08-28 16:21:00,REFUNDED
11117,9,15,1142.70,2026-08-07 05:27:00,SUCCESS
11118,8,13,2265.10,2026-08-27 21:09:00,PENDING
11119,8,20,4044.00,2026-08-23 05:08:00,REFUNDED
11120,1,9,1808.00,2026-08-08 11:06:00,REFUNDED
11121,4,10,4854.80,2026-08-07 04:31:00,PENDING
11122,4,16,3662.40,2026-08-17 16:08:00,FAILED
11123,3,10,4891.80,2026-08-20 14:51:00,SUCCESS
11124,3,12,3769.50,2026-08-13 02:10:00,SUCCESS
11125,8,15,1420.10,2026-08-28 19:43:00,SUCCESS
11126,3,1,3919.80,2026-08-11 21:10:00,PENDING
11127,1,1,NOT_A_NUMBER,2026-08-01 12:00:00,SUCCESS
11128,9,14,2416.00,2026-08-25 21:05:00,REFUNDED
11129,5,17,2245.10,2026-08-11 11:32:00,SUCCESS
11130,5,16,4494.30,2026-08-18 10:42:00,PENDING
11131,7,6,2965.90,2026-08-04 15:22:00,PENDING
11132,9,6,1386.00,2026-08-30 03:54:00,FAILED
11133,2,11,3096.10,2026-08-11 19:57:00,PENDING
11134,10,6,2722.90,2026-08-27 21:12:00,PENDING
11135,10,11,792.80,2026-08-27 13:37:00,PENDING
11136,3,10,1907.40,2026-08-23 05:11:00,REFUNDED
11137,8,12,1010.80,2026-08-03 04:53:00,SUCCESS
11138,5,6,1600.80,2026-08-10 20:09:00,PENDING
11139,2,19,3569.80,2026-08-18 08:28:00,PENDING
11140,4,1,209.40,2026-08-29 08:40:00,PENDING
11141,5,12,3706.90,2026-08-07 15:56:00,REFUNDED
11142,6,18,3430.10,2026-08-08 20:45:00,FAILED
11143,1,10,1888.50,2026-08-24 19:21:00,PENDING
11144,10,13,2663.20,2026-08-30 04:45:00,FAILED
11145,7,5,3502.40,2026-08-15 08:29:00,REFUNDED
11146,3,15,2306.40,2026-08-10 02:01:00,SUCCESS
11147,3,17,2470.40,2026-08-14 21:29:00,REFUNDED
11148,10,11,4545.80,2026-08-08 06:17:00,REFUNDED
11149,4,14,4283.40,2026-08-18 03:51:00,REFUNDED
11150,2,7,551.70,2026-08-10 12:04:00,FAILED
11151,3,13,699.80,2026-08-14 22:27:00,PENDING
11152,8,17,1158.30,2026-08-03 22:52:00,PENDING
11153,6,15,146.70,2026-08-16 17:23:00,PENDING
11154,5,16,1573.70,2026-08-16 08:21:00,FAILED
11155,10,13,1531.00,2026-08-04 09:44:00,PENDING
11156,9,13,3663.10,2026-08-09 02:42:00,FAILED
11157,9,9,3304.30,2026-08-13 17:32:00,SUCCESS
11158,1,15,2588.50,2026-08-03 10:19:00,PENDING
11159,3,8,2387.10,2026-08-26 07:52:00,REFUNDED
11160,3,18,2051.40,2026-08-09 16:51:00,SUCCESS
11161,8,17,3778.90,2026-08-23 12:21:00,SUCCESS
11162,1,9,433.60,2026-08-02 09:56:00,PENDING
11163,1,11,605.10,2026-08-17 01:12:00,FAILED
11164,3,5,1564.10,2026-08-26 20:52:00,SUCCESS
11165,5,4,4538.60,2026-08-01 14:24:00,PENDING
11166,3,10,3626.20,2026-08-21 22:58:00,REFUNDED
11167,2,6,1551.30,2026-08-17 11:27:00,SUCCESS
11168,1,4,4917.60,2026-08-12 01:10:00,PENDING
11169,4,20,4451.00,2026-08-24 07:05:00,REFUNDED
11170,6,15,2830.10,2026-08-29 14:18:00,REFUNDED
11171,7,2,4794.50,2026-08-18 06:16:00,SUCCESS
11172,2,4,1603.20,2026-08-05 05:14:00,PENDING
11173,4,8,488.70,2026-08-16 10:57:00,SUCCESS
11174,1,12,3789.20,2026-08-16 14:42:00,REFUNDED
11175,7,14,4747.10,2026-08-26 02:32:00,SUCCESS
11176,1,10,4815.10,2026-08-05 03:09:00,SUCCESS
11177,5,15,2417.30,2026-08-14 04:13:00,FAILED
11178,10,12,3854.60,2026-08-17 17:27:00,FAILED
11179,10,17,467.00,2026-08-11 17:16:00,FAILED
11180,10,13,4865.90,2026-08-22 08:12:00,REFUNDED
11181,9,13,3691.60,2026-08-27 05:16:00,REFUNDED
11182,8,12,1678.80,2026-08-30 09:29:00,REFUNDED
11183,10,9,3960.70,2026-08-16 21:28:00,REFUNDED
11184,7,12,4399.60,2026-08-17 21:36:00,PENDING
11185,1,19,2381.10,2026-08-28 11:09:00,SUCCESS
11186,1,6,92.90,2026-08-22 11:18:00,PENDING
11187,4,4,108.70,2026-08-29 17:07:00,PENDING
11188,1,13,4959.20,2026-08-10 22:29:00,PENDING
11189,7,13,969.00,2026-08-11 01:16:00,FAILED
11190,8,2,1022.30,2026-08-17 17:42:00,PENDING
11191,6,20,4689.90,2026-08-16 11:45:00,FAILED
11192,1,20,2094.70,2026-08-28 12:49:00,SUCCESS
11193,8,4,3541.30,2026-08-13 16:15:00,PENDING
11194,9,12,1632.70,2026-08-26 14:18:00,SUCCESS
11195,6,18,380.20,2026-08-19 07:59:00,PENDING
11196,3,12,3567.90,2026-08-15 20:03:00,REFUNDED
11197,9,12,1931.00,2026-08-20 01:34:00,SUCCESS
11198,7,9,54.40,2026-08-14 22:00:00,PENDING
11199,6,13,507.80,2026-08-31 05:33:00,SUCCESS
11200,3,14,774.40,2026-08-30 08:32:00,FAILED
11201,5,12,3722.50,2026-08-18 16:40:00,REFUNDED
11202,1,16,4843.60,2026-08-26 14:27:00,SUCCESS
11203,1,12,4492.30,2026-08-08 10:04:00,FAILED
11204,2,19,635.40,2026-08-17 04:45:00,PENDING
11205,10,16,3294.20,2026-08-11 22:29:00,PENDING
11206,5,3,2842.70,2026-08-11 13:39:00,FAILED
11207,1,18,2111.30,2026-08-05 13:54:00,SUCCESS
11208,10,3,4778.40,2026-08-05 22:31:00,SUCCESS
11209,10,14,4066.40,2026-08-10 00:01:00,REFUNDED
11210,1,1,5000,2026-08-01 12:00:00,UNKNOWN_STATUS
11211,6,10,4427.70,2026-08-03 07:01:00,FAILED
11212,3,6,1394.70,2026-08-12 00:46:00,FAILED
11213,2,12,3554.50,2026-08-07 01:27:00,PENDING
11214,6,12,4918.60,2026-08-07 18:47:00,SUCCESS
11215,6,19,4775.40,2026-08-05 10:35:00,SUCCESS
11216,6,19,363.70,2026-08-13 04:28:00,PENDING
11217,7,3,718.00,2026-08-30 21:47:00,FAILED
11218,4,13,2643.90,2026-08-21 16:26:00,FAILED
11219,2,5,4474.10,2026-08-07 17:48:00,REFUNDED
11220,1,8,4625.50,2026-08-25 14:12:00,REFUNDED
11221,2,6,581.30,2026-08-08 09:49:00,SUCCESS
11222,3,11,2164.30,2026-08-19 10:04:00,FAILED
11223,3,16,3924.40,2026-08-20 11:37:00,FAILED
11224,7,6,4514.00,2026-08-21 03:19:00,FAILED
11225,5,19,5020.20,2026-08-21 08:25:00,PENDING
11226,1,3,1552.60,2026-08-14 05:14:00,SUCCESS
11227,1,14,316.30,2026-08-23 01:04:00,FAILED
11228,7,5,868.70,2026-08-11 15:51:00,FAILED
11229,10,16,3750.80,2026-08-25 00:21:00,SUCCESS
11230,7,18,829.60,2026-08-16 03:28:00,REFUNDED
11231,9,13,3649.10,2026-08-02 00:52:00,FAILED
11232,7,16,1362.00,2026-08-11 19:03:00,PENDING
11233,9,5,2822.60,2026-08-17 19:04:00,REFUNDED
11234,2,14,2545.90,2026-08-25 18:58:00,REFUNDED
11235,6,18,203.00,2026-08-22 12:59:00,REFUNDED
11236,5,17,4456.60,2026-08-07 03:49:00,REFUNDED
11237,6,17,4273.70,2026-08-13 16:44:00,REFUNDED
11238,8,7,1995.10,2026-08-27 08:22:00,PENDING
11239,2,9,1443.70,2026-08-23 14:34:00,FAILED
11240,4,7,2149.20,2026-08-14 11:45:00,FAILED
11241,4,5,3516.60,2026-08-02 02:43:00,SUCCESS
11242,4,9,3197.20,2026-08-17 13:57:00,SUCCESS
11243,4,10,311.90,2026-08-01 23:21:00,FAILED
11244,8,1,3612.50,2026-08-17 11:07:00,PENDING
11245,8,2,675.30,2026-08-05 04:59:00,REFUNDED
11246,2,7,471.80,2026-08-08 02:39:00,REFUNDED
11247,9,19,2119.20,2026-08-06 07:33:00,PENDING
11248,5,7,346.80,2026-08-28 08:56:00,REFUNDED
11249,7,8,3518.00,2026-08-14 14:38:00,SUCCESS
11250,3,20,78.70,2026-08-15 15:18:00,SUCCESS
11251,4,17,3743.90,2026-08-03 19:33:00,REFUNDED
11252,7,3,201.90,2026-08-11 05:14:00,PENDING
11253,7,20,570.40,2026-08-27 04:07:00,FAILED
11254,2,5,3324.60,2026-08-24 08:46:00,FAILED
11255,1,1,5000,2026-08-01 12:00:00,UNKNOWN_STATUS
11256,1,1,NOT_A_NUMBER,2026-08-01 12:00:00,SUCCESS
11257,3,9,4867.60,2026-08-15 00:01:00,REFUNDED
11258,4,18,4274.50,2026-08-27 16:24:00,REFUNDED
11259,7,19,4111.00,2026-08-06 19:06:00,SUCCESS
11260,10,4,1502.70,2026-08-29 20:13:00,SUCCESS
11261,4,18,4429.30,2026-08-27 15:26:00,FAILED
11262,7,10,1298.30,2026-08-24 16:19:00,SUCCESS
11263,7,2,241.70,2026-08-28 21:56:00,SUCCESS
11264,3,19,1038.30,2026-08-29 05:24:00,PENDING
11265,10,2,4197.50,2026-08-28 22:47:00,REFUNDED
11266,2,5,4167.80,2026-08-16 16:15:00,SUCCESS
11267,5,1,2111.60,2026-08-09 05:28:00,FAILED
11268,6,1,2292.40,2026-08-02 16:30:00,PENDING
11269,5,16,693.30,2026-08-05 04:04:00,SUCCESS
11270,9,16,3699.40,2026-08-28 10:35:00,FAILED
11271,7,12,4611.50,2026-08-29 16:39:00,PENDING
11272,10,6,3388.50,2026-08-02 16:00:00,FAILED
11273,6,5,4534.90,2026-08-06 19:18:00,SUCCESS
11274,4,12,3676.50,2026-08-18 23:28:00,PENDING
11275,3,2,2847.40,2026-08-02 10:35:00,SUCCESS
11276,4,2,3906.90,2026-08-25 01:07:00,PENDING
11277,1,20,4685.90,2026-08-08 07:28:00,PENDING
11278,5,8,4834.60,2026-08-08 13:06:00,REFUNDED
11279,1,12,2943.30,2026-08-18 12:29:00,REFUNDED
11280,1,11,2545.10,2026-08-20 04:09:00,REFUNDED
11281,9,19,1499.00,2026-08-23 03:02:00,FAILED
11282,4,3,2817.60,2026-08-17 10:37:00,REFUNDED
11283,7,17,1515.30,2026-08-12 13:35:00,REFUNDED
11284,8,6,4248.80,2026-08-09 14:16:00,REFUNDED
11285,10,12,274.50,2026-08-06 02:10:00,PENDING
11286,10,8,520.30,2026-08-15 14:18:00,PENDING
11287,10,10,3704.80,2026-08-13 02:03:00,FAILED
11288,7,8,2220.20,2026-08-28 20:16:00,REFUNDED
11289,10,5,1597.50,2026-08-19 22:42:00,PENDING
11290,6,13,2038.40,2026-08-04 02:21:00,REFUNDED
11291,9,7,2797.20,2026-08-14 17:06:00,PENDING
11292,6,3,4369.10,2026-08-24 08:57:00,PENDING
11293,4,6,169.20,2026-08-02 16:54:00,REFUNDED
11294,4,9,3133.20,2026-08-25 06:13:00,SUCCESS
11295,5,9,3612.80,2026-08-10 21:15:00,SUCCESS
11296,7,8,2366.20,2026-08-05 01:17:00,FAILED
11297,9,7,4724.90,2026-08-30 13:24:00,REFUNDED
11298,10,6,543.10,2026-08-08 23:37:00,FAILED
11299,5,2,699.70,2026-08-30 15:05:00,SUCCESS
11300,4,6,721.00,2026-08-04 13:16:00,SUCCESS
11301,5,6,364.60,2026-08-26 15:27:00,REFUNDED
11302,7,5,3520.20,2026-08-22 16:00:00,FAILED
11303,1,15,5006.10,2026-08-24 03:48:00,PENDING
11304,9,14,2131.90,2026-08-27 08:51:00,FAILED
11305,7,15,3159.90,2026-08-24 16:37:00,REFUNDED
11306,1,15,4982.60,2026-08-06 00:17:00,FAILED
11307,8,8,1700.30,2026-08-29 23:43:00,REFUNDED
11308,10,19,2324.80,2026-08-19 20:30:00,REFUNDED
11309,7,2,396.90,2026-08-26 22:32:00,FAILED
11310,7,7,2852.70,2026-08-09 03:42:00,SUCCESS
11311,3,5,3040.10,2026-08-14 18:57:00,REFUNDED
11312,7,16,3051.60,2026-08-20 04:38:00,PENDING
11313,1,3,1315.40,2026-08-19 00:11:00,FAILED
11314,5,4,467.70,2026-08-24 10:49:00,PENDING
11315,4,8,1005.70,2026-08-29 08:02:00,REFUNDED
11316,5,1,4542.40,2026-08-14 07:44:00,FAILED
11317,9,11,1897.20,2026-08-16 22:15:00,SUCCESS
11318,7,11,3813.10,2026-08-15 07:32:00,FAILED
11319,7,11,2568.90,2026-08-18 09:21:00,FAILED
11320,6,20,4680.50,2026-08-23 16:38:00,PENDING
11321,4,4,2465.10,2026-08-30 03:37:00,FAILED
11322,6,2,1253.30,2026-08-04 16:42:00,FAILED
11323,1,10,1880.30,2026-08-20 08:37:00,PENDING
11324,8,5,4120.60,2026-08-22 10:24:00,PENDING
11325,6,2,4851.50,2026-08-27 07:22:00,FAILED
11326,9,14,4948.10,2026-08-09 17:06:00,REFUNDED
11327,3,6,3290.10,2026-08-23 21:17:00,SUCCESS
11328,3,10,136.70,2026-08-21 09:18:00,FAILED
11329,1,20,3613.60,2026-08-27 12:27:00,REFUNDED
11330,1,1,NOT_A_NUMBER,2026-08-01 12:00:00,SUCCESS
11331,5,16,3011.50,2026-08-18 19:45:00,PENDING
11332,2,1,2322.20,2026-08-13 15:11:00,SUCCESS
11333,8,18,357.90,2026-08-11 00:25:00,REFUNDED
11334,8,5,947.90,2026-08-13 14:54:00,SUCCESS
11335,2,6,1855.90,2026-08-22 13:55:00,FAILED
11336,9,7,2484.90,2026-08-18 12:42:00,FAILED
11337,3,10,2635.10,2026-08-06 01:51:00,PENDING
11338,1,14,3456.00,2026-08-28 17:53:00,PENDING
11339,10,19,2646.20,2026-08-24 23:39:00,SUCCESS
11340,9,20,2932.40,2026-08-27 07:41:00,FAILED
11341,1,5,710.60,2026-08-18 04:40:00,PENDING
11342,2,19,2158.80,2026-08-24 00:12:00,SUCCESS
11343,9,3,4636.50,2026-08-30 06:54:00,FAILED
11344,3,14,1440.10,2026-08-29 01:49:00,PENDING
11345,3,20,2037.00,2026-08-16 06:41:00,FAILED
11346,2,20,1423.50,2026-08-03 22:10:00,PENDING
11347,7,14,4928.50,2026-08-24 15:32:00,FAILED
11348,7,16,371.80,2026-08-10 00:28:00,SUCCESS
11349,6,13,302.00,2026-08-20 01:40:00,REFUNDED
11350,5,9,3734.40,2026-08-13 05:12:00,PENDING
11351,6,1,3365.20,2026-08-08 21:07:00,FAILED
11352,4,17,478.10,2026-08-03 13:26:00,REFUNDED
11353,4,13,4684.60,2026-08-16 07:51:00,FAILED
11354,8,14,2849.40,2026-08-02 18:47:00,SUCCESS
11355,6,3,3695.50,2026-08-17 07:08:00,FAILED
11356,3,14,4051.70,2026-08-26 01:52:00,FAILED
11357,3,14,1858.90,2026-08-14 12:39:00,REFUNDED
11358,9,4,3421.40,2026-08-24 02:26:00,SUCCESS
11359,9,19,3690.30,2026-08-10 04:54:00,REFUNDED
11360,2,11,4700.70,2026-08-16 03:16:00,PENDING
11361,2,15,3329.30,2026-08-24 02:21:00,FAILED
11362,6,3,2147.40,2026-08-08 12:36:00,REFUNDED
11363,3,13,2529.70,2026-08-29 03:38:00,SUCCESS
11364,2,20,4470.90,2026-08-20 18:39:00,PENDING
11365,3,5,4583.90,2026-08-19 22:57:00,SUCCESS
11366,9,19,3630.40,2026-08-27 05:51:00,SUCCESS
11367,10,10,72.20,2026-08-16 09:46:00,PENDING
11368,8,6,2877.60,2026-08-08 09:49:00,PENDING
11369,8,9,4927.00,2026-08-07 21:10:00,PENDING
11370,1,13,3404.60,2026-08-10 07:36:00,FAILED
11371,5,20,4119.80,2026-08-30 12:07:00,FAILED
11372,4,13,2558.00,2026-08-09 01:44:00,REFUNDED
11373,5,10,4380.40,2026-08-30 18:03:00,REFUNDED
11374,7,20,1206.90,2026-08-13 06:49:00,PENDING
11375,7,12,3875.80,2026-08-05 05:25:00,SUCCESS
11376,6,11,4401.10,2026-08-20 09:09:00,SUCCESS
11377,7,9,1097.10,2026-08-01 21:46:00,PENDING
11378,6,15,4952.10,2026-08-13 01:27:00,FAILED
11379,7,12,2579.70,2026-08-24 18:21:00,FAILED
11380,5,15,2885.60,2026-08-14 10:01:00,SUCCESS
11381,10,20,1746.40,2026-08-05 11:21:00,SUCCESS
11382,4,10,4274.30,2026-08-27 22:12:00,SUCCESS
11383,1,1,NOT_A_NUMBER,2026-08-01 12:00:00,SUCCESS
11384,4,4,3709.50,2026-08-09 02:05:00,REFUNDED
11385,3,12,3752.00,2026-08-23 03:30:00,REFUNDED
11386,8,3,1312.90,2026-08-10 15:11:00,REFUNDED
11387,4,2,3125.10,2026-08-06 13:05:00,REFUNDED
11388,2,16,3638.20,2026-08-26 06:37:00,REFUNDED
11389,7,5,4423.90,2026-08-21 03:46:00,SUCCESS
11390,1,5,4465.30,2026-08-29 07:47:00,SUCCESS
11391,9,6,2658.50,2026-08-22 08:49:00,PENDING
11392,6,20,2254.70,2026-08-09 00:12:00,REFUNDED
11393,8,16,2260.00,2026-08-07 23:03:00,FAILED
11394,3,2,1497.40,2026-08-23 02:56:00,FAILED
11395,10,4,2164.90,2026-08-06 09:06:00,FAILED
11396,6,1,2714.80,2026-08-31 04:48:00,SUCCESS
11397,8,10,3660.70,2026-08-01 16:09:00,REFUNDED
11398,9,4,2940.60,2026-08-01 23:00:00,FAILED
11399,7,3,3075.70,2026-08-31 00:15:00,PENDING
11400,9,2,230.90,2026-08-21 19:36:00,SUCCESS
11401,10,3,61.60,2026-08-27 19:01:00,PENDING
11402,3,16,4579.20,2026-08-22 18:41:00,PENDING
11403,3,5,4425.80,2026-08-04 20:05:00,SUCCESS
11404,8,14,2823.50,2026-08-30 20:32:00,FAILED
11405,10,11,4329.50,2026-08-16 23:34:00,SUCCESS
11406,6,14,2087.40,2026-08-27 23:37:00,FAILED
11407,4,15,2499.10,2026-08-07 12:10:00,REFUNDED
11408,8,19,4074.60,2026-08-17 02:37:00,REFUNDED
11409,6,7,1095.70,2026-08-23 03:37:00,FAILED
11410,9,17,3864.30,2026-08-30 06:59:00,FAILED
11411,7,17,613.60,2026-08-08 15:25:00,FAILED
11412,1,19,3605.60,2026-08-12 00:42:00,PENDING
11413,10,8,2126.40,2026-08-25 07:14:00,FAILED
11414,7,16,2009.20,2026-08-15 12:05:00,PENDING
11415,2,2,1708.00,2026-08-11 02:32:00,SUCCESS
11416,5,4,3320.60,2026-08-16 05:51:00,REFUNDED
11417,2,19,3826.40,2026-08-22 10:21:00,REFUNDED
11418,2,4,1674.40,2026-08-18 05:15:00,PENDING
11419,9,2,3262.30,2026-08-26 10:14:00,PENDING
11420,10,6,4245.10,2026-08-04 19:25:00,REFUNDED
11421,10,12,832.20,2026-08-11 20:36:00,SUCCESS
11422,7,2,1512.90,2026-08-20 16:18:00,PENDING
11423,9,12,2116.50,2026-08-04 18:05:00,PENDING
11424,7,5,2717.70,2026-08-19 15:56:00,SUCCESS
11425,4,4,2193.00,2026-08-08 23:50:00,REFUNDED
11426,5,1,4168.60,2026-08-30 06:43:00,PENDING
11427,7,5,1892.80,2026-08-01 23:09:00,REFUNDED
11428,5,4,2838.40,2026-08-12 18:14:00,PENDING
11429,9,10,971.10,2026-08-11 12:17:00,SUCCESS
11430,6,8,2957.70,2026-08-17 12:17:00,SUCCESS
11431,10,18,3595.00,2026-08-08 02:49:00,FAILED
11432,2,12,370.30,2026-08-02 02:06:00,SUCCESS
11433,3,20,2190.10,2026-08-18 04:45:00,REFUNDED
11434,9,6,1429.90,2026-08-11 06:00:00,FAILED
11435,4,4,2357.60,2026-08-28 17:04:00,PENDING
11436,3,9,4634.20,2026-08-05 22:28:00,REFUNDED
11437,8,18,2285.70,2026-08-24 22:42:00,FAILED
11438,10,5,3265.70,2026-08-02 07:46:00,FAILED
11439,6,3,1598.20,2026-08-04 09:49:00,FAILED
11440,2,4,2336.90,2026-08-24 07:49:00,PENDING
11441,7,13,388.30,2026-08-21 02:59:00,REFUNDED
11442,10,18,3657.10,2026-08-24 11:59:00,FAILED
11443,6,15,1888.60,2026-08-18 14:48:00,PENDING
11444,10,16,1687.40,2026-08-27 10:21:00,REFUNDED
11445,10,15,2675.80,2026-08-18 15:50:00,FAILED
11446,2,7,832.80,2026-08-21 18:14:00,PENDING
11447,2,12,2277.80,2026-08-09 18:26:00,SUCCESS
11448,1,17,4691.40,2026-08-25 18:32:00,REFUNDED
11449,10,3,4736.10,2026-08-12 22:44:00,REFUNDED
11450,9,2,2671.90,2026-08-06 17:21:00,REFUNDED
11451,9,2,1935.30,2026-08-25 07:57:00,FAILED
11452,9,15,4469.30,2026-08-11 16:28:00,FAILED
11453,4,1,2187.20,2026-08-18 00:23:00,PENDING
11454,4,5,506.50,2026-08-30 12:25:00,PENDING
11455,2,6,2679.60,2026-08-29 15:42:00,SUCCESS
11456,5,13,1896.60,2026-08-20 02:42:00,REFUNDED
11457,8,19,2217.80,2026-08-25 20:49:00,PENDING
11458,9,8,1187.20,2026-08-25 02:51:00,PENDING
11459,10,13,3257.80,2026-08-29 00:00:00,PENDING
11460,2,4,4746.00,2026-08-17 07:20:00,PENDING
11461,2,9,298.60,2026-08-26 01:05:00,SUCCESS
11462,4,20,3169.70,2026-08-25 10:19:00,PENDING
11463,8,14,1603.30,2026-08-18 00:47:00,REFUNDED
11464,10,4,3714.40,2026-08-06 16:20:00,FAILED
11465,10,16,1247.00,2026-08-15 14:39:00,FAILED
11466,8,2,4016.80,2026-08-15 17:27:00,FAILED
11467,4,16,5003.40,2026-08-03 13:25:00,SUCCESS
11468,8,6,4868.90,2026-08-03 17:46:00,FAILED
11469,7,4,3360.60,2026-08-26 13:33:00,REFUNDED
11470,5,10,4003.30,2026-08-02 05:21:00,SUCCESS
11471,1,6,3224.00,2026-08-26 07:20:00,REFUNDED
11472,8,13,4438.20,2026-08-02 17:39:00,SUCCESS
11473,2,14,2492.30,2026-08-03 07:17:00,FAILED
11474,7,19,4965.80,2026-08-14 17:11:00,PENDING
11475,10,5,1016.30,2026-08-21 12:42:00,REFUNDED
11476,8,2,2074.90,2026-08-18 12:54:00,FAILED
11477,1,1,1712.40,2026-08-12 08:35:00,FAILED
11478,8,8,3129.70,2026-08-09 21:52:00,REFUNDED
11479,4,4,1591.00,2026-08-09 03:36:00,SUCCESS
11480,6,12,4442.40,2026-08-01 21:21:00,SUCCESS
11481,6,4,2611.50,2026-08-21 21:38:00,FAILED
11482,6,20,4648.70,2026-08-26 07:15:00,PENDING
11483,2,7,3905.90,2026-08-20 22:27:00,SUCCESS
11484,6,19,2341.70,2026-08-12 05:25:00,SUCCESS
11485,8,18,4102.20,2026-08-03 10:48:00,SUCCESS
11486,8,12,1229.10,2026-08-29 11:17:00,FAILED
11487,10,19,1781.00,2026-08-23 12:29:00,PENDING
11488,9,8,3278.30,2026-08-25 00:37:00,SUCCESS
11489,7,10,4048.80,2026-08-17 19:41:00,SUCCESS
11490,10,1,1997.20,2026-08-03 18:49:00,PENDING
11491,1,1,NOT_A_NUMBER,2026-08-01 12:00:00,SUCCESS
11492,8,15,2179.30,2026-08-29 08:57:00,REFUNDED
11493,5,8,2967.30,2026-08-23 08:16:00,SUCCESS
11494,4,1,2540.90,2026-08-30 09:29:00,REFUNDED
11495,4,13,4699.80,2026-08-14 00:52:00,REFUNDED
11496,4,16,1580.90,2026-08-15 09:09:00,PENDING
11497,10,8,4086.80,2026-08-25 03:51:00,PENDING
11498,2,8,4362.20,2026-08-24 18:06:00,FAILED
11499,9,4,83.00,2026-08-14 18:20:00,FAILED
11500,8,13,3954.40,2026-08-08 06:44:00,REFUNDED
11501,6,19,3208.00,2026-08-15 18:25:00,FAILED
11502,5,7,1962.80,2026-08-22 16:30:00,PENDING
11503,6,5,1356.00,2026-08-25 10:59:00,PENDING
11504,7,1,4990.00,2026-08-01 20:21:00,SUCCESS
11505,2,11,2939.80,2026-08-23 12:22:00,PENDING
11506,7,17,1529.60,2026-08-30 14:03:00,FAILED
11507,2,20,2829.40,2026-08-20 16:27:00,REFUNDED
11508,7,8,803.70,2026-08-03 07:47:00,SUCCESS
11509,4,20,2177.50,2026-08-13 22:53:00,PENDING
11510,1,8,76.00,2026-08-20 20:27:00,FAILED
11511,7,17,464.40,2026-08-14 23:48:00,SUCCESS
11512,1,2,2411.30,2026-08-29 11:06:00,FAILED
11513,4,10,4964.00,2026-08-11 08:37:00,REFUNDED
11514,9,7,2908.00,2026-08-12 15:31:00,FAILED
11515,5,3,1047.00,2026-08-08 01:09:00,REFUNDED
11516,4,7,3570.70,2026-08-03 08:22:00,REFUNDED
11517,1,12,2883.70,2026-08-09 06:45:00,SUCCESS
11518,5,7,2715.50,2026-08-29 12:22:00,REFUNDED
11519,4,6,1191.50,2026-08-16 02:22:00,PENDING
11520,6,4,3778.50,2026-08-22 00:15:00,REFUNDED
11521,1,3,4193.10,2026-08-20 19:21:00,FAILED
11522,4,10,2901.90,2026-08-03 20:49:00,REFUNDED
11523,1,15,2612.90,2026-08-26 06:20:00,PENDING
11524,3,19,3550.60,2026-08-01 18:18:00,FAILED
11525,2,12,3092.00,2026-08-04 14:12:00,SUCCESS
11526,1,1,NOT_A_NUMBER,2026-08-01 12:00:00,SUCCESS
11527,10,18,189.30,2026-08-21 14:00:00,SUCCESS
11528,4,19,1122.90,2026-08-13 04:00:00,FAILED
11529,6,14,1105.00,2026-08-08 20:29:00,PENDING
11530,9,16,74.20,2026-08-22 10:10:00,FAILED
11531,3,16,3739.90,2026-08-03 17:12:00,FAILED
11532,6,3,3804.80,2026-08-21 01:04:00,PENDING
11533,10,17,3045.70,2026-08-19 20:32:00,SUCCESS
11534,9,5,3386.70,2026-08-24 01:53:00,FAILED
11535,6,1,403.30,2026-08-02 06:44:00,PENDING
11536,7,1,4117.80,2026-08-01 13:55:00,REFUNDED
11537,1,3,1261.90,2026-08-19 14:16:00,FAILED
11538,7,2,3207.60,2026-08-24 23:38:00,FAILED
11539,5,9,2501.40,2026-08-11 22:00:00,PENDING
11540,9,8,1621.80,2026-08-31 06:08:00,FAILED
11541,6,6,3022.60,2026-08-06 19:43:00,FAILED
11542,4,9,5023.40,2026-08-21 18:11:00,SUCCESS
11543,1,19,4596.80,2026-08-06 19:04:00,REFUNDED
11544,5,16,2482.70,2026-08-30 12:42:00,REFUNDED
11545,8,6,4358.50,2026-08-08 20:48:00,REFUNDED
11546,10,15,1880.50,2026-08-19 03:36:00,REFUNDED
11547,7,8,974.60,2026-08-06 10:02:00,SUCCESS
11548,9,6,3547.00,2026-08-21 18:29:00,PENDING
11549,6,4,2095.50,2026-08-16 00:21:00,REFUNDED
11550,8,8,3930.60,2026-08-02 11:53:00,FAILED
11551,1,1,NOT_A_NUMBER,2026-08-01 12:00:00,SUCCESS
11552,9,10,1979.70,2026-08-27 22:15:00,REFUNDED
11553,2,6,3735.60,2026-08-18 08:50:00,SUCCESS
11554,1,100.00
11555,9,13,3405.50,2026-08-19 10:23:00,REFUNDED
11556,3,3,2269.40,2026-08-11 09:01:00,SUCCESS
11557,5,19,956.90,2026-08-14 21:32:00,PENDING
11558,3,5,277.40,2026-08-19 07:23:00,PENDING
11559,5,5,3612.50,2026-08-29 00:11:00,FAILED
11560,2,13,2279.40,2026-08-11 19:43:00,PENDING
11561,6,14,4533.60,2026-08-01 08:34:00,PENDING
11562,9,8,1809.20,2026-08-14 03:38:00,REFUNDED
11563,3,10,4224.50,2026-08-09 20:18:00,PENDING
11564,7,4,1850.00,2026-08-25 14:20:00,PENDING
11565,5,8,643.60,2026-08-03 17:35:00,PENDING
11566,4,18,143.70,2026-08-26 09:05:00,FAILED
11567,6,7,2319.50,2026-08-19 09:11:00,REFUNDED
11568,10,9,3087.40,2026-08-01 18:31:00,REFUNDED
11569,7,10,2335.00,2026-08-26 21:05:00,FAILED
11570,4,5,3097.60,2026-08-30 09:56:00,PENDING
11571,8,1,1083.20,2026-08-07 10:37:00,REFUNDED
11572,7,13,1593.50,2026-08-09 17:22:00,SUCCESS
11573,7,12,1424.50,2026-08-11 03:49:00,FAILED
11574,7,19,894.10,2026-08-30 15:17:00,REFUNDED
11575,4,10,2150.00,2026-08-30 11:34:00,FAILED
11576,8,14,4534.90,2026-08-12 22:25:00,REFUNDED
11577,9,6,4406.00,2026-08-30 16:20:00,SUCCESS
11578,6,18,1315.60,2026-08-03 15:39:00,REFUNDED
11579,9,13,1591.90,2026-08-10 14:24:00,SUCCESS
11580,10,20,509.90,2026-08-03 06:27:00,FAILED
11581,7,13,3788.10,2026-08-12 06:53:00,PENDING
11582,10,3,1461.70,2026-08-29 10:40:00,SUCCESS
11583,6,9,451.10,2026-08-29 16:47:00,FAILED
11584,5,16,319.80,2026-08-09 15:34:00,FAILED
11585,6,4,4417.70,2026-08-16 02:52:00,REFUNDED
11586,10,3,1889.50,2026-08-15 20:06:00,PENDING
11587,7,11,5016.70,2026-08-28 13:30:00,SUCCESS
11588,4,4,3804.00,2026-08-22 08:59:00,FAILED
11589,7,17,3456.00,2026-08-24 12:33:00,REFUNDED
11590,1,1,2163.40,2026-08-08 13:38:00,SUCCESS
11591,5,10,3484.30,2026-08-06 03:37:00,FAILED
11592,3,10,1506.50,2026-08-30 16:59:00,REFUNDED
11593,6,14,1144.90,2026-08-23 22:56:00,REFUNDED
11594,8,20,3095.10,2026-08-30 05:13:00,REFUNDED
11595,8,19,2953.60,2026-08-21 04:22:00,SUCCESS
11596,10,1,3656.10,2026-08-11 22:04:00,SUCCESS
11597,5,12,1289.30,2026-08-03 18:27:00,SUCCESS
11598,6,2,4820.20,2026-08-10 21:55:00,SUCCESS
11599,2,15,4049.20,2026-08-26 04:06:00,REFUNDED
11600,5,15,3723.20,2026-08-10 20:08:00,SUCCESS
11601,7,11,483.50,2026-08-16 22:16:00,SUCCESS
11602,2,20,2443.30,2026-08-07 15:36:00,FAILED
11603,2,19,4683.10,2026-08-06 16:17:00,SUCCESS
11604,10,5,1826.30,2026-08-08 07:26:00,FAILED
11605,1,10,2631.60,2026-08-24 08:51:00,REFUNDED
11606,5,12,4899.70,2026-08-24 03:36:00,PENDING
11607,5,5,4422.00,2026-08-18 03:31:00,PENDING
11608,7,14,546.10,2026-08-02 16:52:00,SUCCESS
11609,4,19,459.70,2026-08-04 22:23:00,FAILED
11610,1,6,4664.00,2026-08-02 19:00:00,FAILED
11611,4,6,2982.00,2026-08-01 14:22:00,SUCCESS
11612,1,10,1841.40,2026-08-24 18:51:00,REFUNDED
11613,5,7,2714.60,2026-08-03 06:19:00,REFUNDED
11614,10,18,4385.90,2026-08-07 06:40:00,FAILED
11615,9,6,3202.10,2026-08-11 14:16:00,FAILED
11616,10,17,51.20,2026-08-02 03:20:00,PENDING
11617,3,5,324.20,2026-08-17 10:16:00,REFUNDED
11618,1,1,240.10,2026-08-18 21:59:00,PENDING
11619,3,16,4256.10,2026-08-03 15:53:00,PENDING
11620,8,11,3246.80,2026-08-17 12:33:00,REFUNDED
11621,5,10,2874.90,2026-08-08 18:32:00,REFUNDED
11622,5,11,2682.70,2026-08-25 21:04:00,SUCCESS
11623,9,9,106.30,2026-08-28 11:02:00,PENDING
11624,5,13,844.90,2026-08-27 18:02:00,PENDING
11625,6,20,4478.00,2026-08-12 13:29:00,SUCCESS
11626,7,14,2421.50,2026-08-24 09:45:00,SUCCESS
11627,1,18,2076.10,2026-08-05 12:25:00,PENDING
11628,10,1,931.10,2026-08-20 14:07:00,PENDING
11629,1,12,3978.10,2026-08-10 05:54:00,PENDING
11630,6,3,4149.30,2026-08-06 17:30:00,PENDING
11631,4,10,2031.70,2026-08-28 18:14:00,REFUNDED
11632,7,16,937.40,2026-08-19 13:34:00,PENDING
11633,2,19,2562.40,2026-08-19 03:56:00,REFUNDED
11634,4,1,1236.40,2026-08-27 23:53:00,REFUNDED
11635,1,1,462.50,2026-08-08 21:32:00,SUCCESS
11636,1,14,638.00,2026-08-06 23:14:00,PENDING
11637,1,10,1379.20,2026-08-19 09:30:00,PENDING
11638,5,17,304.50,2026-08-22 16:01:00,FAILED
11639,2,3,3054.80,2026-08-04 14:27:00,PENDING
11640,3,11,4923.90,2026-08-22 09:45:00,REFUNDED
11641,2,7,3649.60,2026-08-04 01:56:00,SUCCESS
11642,8,18,1166.30,2026-08-10 23:43:00,REFUNDED
11643,8,19,2669.80,2026-08-18 01:41:00,REFUNDED
11644,1,15,4538.40,2026-08-29 11:57:00,REFUNDED
11645,1,5,741.90,2026-08-08 12:14:00,SUCCESS
11646,6,13,470.50,2026-08-25 05:52:00,PENDING
11647,2,17,578.70,2026-08-02 09:40:00,SUCCESS
11648,6,19,426.40,2026-08-18 07:31:00,SUCCESS
11649,6,12,4419.50,2026-08-18 11:56:00,SUCCESS
11650,9,3,3978.10,2026-08-28 12:28:00,FAILED
11651,4,1,117.00,2026-08-16 05:20:00,REFUNDED
11652,1,17,3689.00,2026-08-23 06:02:00,SUCCESS
11653,6,20,1508.30,2026-08-09 09:08:00,FAILED
11654,4,2,1437.40,2026-08-30 20:52:00,FAILED
11655,1,16,3929.30,2026-08-26 09:31:00,SUCCESS
11656,4,16,2056.00,2026-08-26 08:08:00,PENDING
11657,2,11,2924.00,2026-08-26 07:05:00,REFUNDED
11658,2,6,233.10,2026-08-15 01:13:00,FAILED
11659,9,20,550.90,2026-08-04 21:06:00,PENDING
11660,6,13,4198.30,2026-08-06 08:54:00,SUCCESS
11661,7,3,85.40,2026-08-23 17:04:00,REFUNDED
11662,2,6,710.00,2026-08-30 11:49:00,FAILED
11663,8,15,4132.10,2026-08-23 16:54:00,FAILED
11664,10,16,2389.90,2026-08-15 02:47:00,FAILED
11665,5,8,806.00,2026-08-12 03:10:00,FAILED
11666,6,2,2813.20,2026-08-21 05:40:00,SUCCESS
11667,4,14,2789.80,2026-08-24 14:01:00,REFUNDED
11668,10,17,4182.70,2026-08-16 20:36:00,REFUNDED
11669,1,5,3992.80,2026-08-03 19:48:00,REFUNDED
11670,3,2,2368.70,2026-08-06 01:57:00,PENDING
11671,1,1,5000,INVALID_DATE_TIME,SUCCESS
11672,9,6,1186.10,2026-08-06 19:09:00,SUCCESS
11673,7,13,1380.70,2026-08-30 16:29:00,FAILED
11674,3,18,74.20,2026-08-17 13:59:00,FAILED
11675,9,6,2992.10,2026-08-18 00:11:00,SUCCESS
11676,5,10,2511.10,2026-08-23 22:01:00,REFUNDED
11677,1,15,2738.30,2026-08-20 02:31:00,PENDING
11678,3,7,925.20,2026-08-03 05:41:00,SUCCESS
11679,8,2,1719.10,2026-08-03 00:37:00,REFUNDED
11680,10,13,1913.20,2026-08-19 09:56:00,SUCCESS
11681,4,2,3652.50,2026-08-01 17:21:00,REFUNDED
11682,4,10,3341.20,2026-08-06 00:23:00,REFUNDED
11683,5,4,4306.20,2026-08-19 08:17:00,PENDING
11684,4,15,248.90,2026-08-04 04:54:00,PENDING
11685,9,4,3591.00,2026-08-02 01:06:00,SUCCESS
11686,9,2,4805.60,2026-08-19 16:13:00,PENDING
11687,9,11,2353.00,2026-08-26 15:36:00,REFUNDED
11688,1,13,1732.40,2026-08-09 10:57:00,REFUNDED
11689,6,16,2444.80,2026-08-05 06:30:00,PENDING
11690,7,12,2526.60,2026-08-25 10:58:00,SUCCESS
11691,4,11,1081.00,2026-08-21 17:47:00,FAILED
11692,3,1,73.00,2026-08-11 06:58:00,PENDING
11693,3,16,157.30,2026-08-02 16:22:00,REFUNDED
11694,1,4,4983.70,2026-08-15 04:31:00,REFUNDED
11695,3,16,3878.70,2026-08-21 23:14:00,SUCCESS
11696,2,13,2858.80,2026-08-14 05:33:00,FAILED
11697,6,11,1029.50,2026-08-20 07:50:00,FAILED
11698,5,12,1643.30,2026-08-18 05:54:00,REFUNDED
11699,2,11,827.90,2026-08-19 04:55:00,PENDING
11700,3,16,2457.70,2026-08-03 06:54:00,REFUNDED
11701,7,6,286.10,2026-08-18 05:05:00,SUCCESS
11702,2,18,2518.40,2026-08-05 15:56:00,PENDING
11703,3,7,4135.90,2026-08-31 07:52:00,FAILED
11704,5,8,3276.20,2026-08-17 20:42:00,SUCCESS
11705,9,10,3941.60,2026-08-12 20:29:00,REFUNDED
11706,7,2,1439.80,2026-08-12 06:14:00,PENDING
11707,10,4,1628.50,2026-08-03 23:49:00,SUCCESS
11708,9,19,1077.30,2026-08-31 02:26:00,SUCCESS
11709,8,19,158.50,2026-08-08 14:54:00,FAILED
11710,10,3,897.90,2026-08-18 06:23:00,FAILED
11711,2,4,1580.20,2026-08-04 23:30:00,PENDING
11712,8,16,3002.20,2026-08-24 10:18:00,SUCCESS
11713,5,14,2909.60,2026-08-09 23:47:00,REFUNDED
11714,6,15,384.70,2026-08-09 03:58:00,PENDING
11715,6,8,3873.60,2026-08-04 03:23:00,FAILED
11716,1,5,1303.40,2026-08-02 06:05:00,SUCCESS
11717,1,1,NOT_A_NUMBER,2026-08-01 12:00:00,SUCCESS
11718,2,10,1099.90,2026-08-13 20:43:00,PENDING
11719,6,17,3831.10,2026-08-18 20:12:00,PENDING
11720,5,8,333.20,2026-08-15 13:05:00,REFUNDED
11721,2,2,126.30,2026-08-29 07:15:00,REFUNDED
11722,7,16,2232.60,2026-08-29 12:01:00,SUCCESS
11723,4,8,4250.70,2026-08-23 19:19:00,PENDING
11724,10,3,1896.70,2026-08-11 02:56:00,REFUNDED
11725,3,9,2109.40,2026-08-09 08:31:00,PENDING
11726,3,15,2851.10,2026-08-10 08:38:00,SUCCESS
11727,3,12,3751.90,2026-08-26 08:12:00,PENDING
11728,8,17,633.60,2026-08-02 21:29:00,SUCCESS
11729,8,1,1024.90,2026-08-09 00:22:00,REFUNDED
11730,9,7,1393.40,2026-08-20 19:19:00,FAILED
11731,9,3,3091.10,2026-08-13 07:50:00,FAILED
11732,2,12,3223.70,2026-08-16 12:52:00,SUCCESS
11733,8,3,1352.90,2026-08-03 16:04:00,PENDING
11734,8,19,4578.20,2026-08-03 14:53:00,SUCCESS
11735,5,1,3257.70,2026-08-24 14:01:00,SUCCESS
11736,2,8,5008.30,2026-08-23 00:01:00,REFUNDED
11737,6,15,3925.10,2026-08-18 00:40:00,REFUNDED
11738,10,1,2293.70,2026-08-06 22:33:00,REFUNDED
11739,9,19,1855.90,2026-08-21 13:15:00,REFUNDED
11740,10,14,4816.60,2026-08-21 11:22:00,SUCCESS
11741,3,9,4478.20,2026-08-25 11:31:00,SUCCESS
11742,4,16,79.50,2026-08-15 17:31:00,REFUNDED
11743,2,5,65.50,2026-08-07 17:56:00,PENDING
11744,4,6,943.90,2026-08-19 15:30:00,SUCCESS
11745,2,4,639.50,2026-08-13 18:47:00,FAILED
11746,10,5,4535.60,2026-08-03 08:48:00,PENDING
11747,8,13,611.20,2026-08-25 10:11:00,PENDING
11748,9,17,2499.80,2026-08-12 13:50:00,SUCCESS
11749,3,1,2362.10,2026-08-19 17:51:00,SUCCESS
11750,6,11,1307.90,2026-08-09 18:39:00,SUCCESS
11751,7,4,406.60,2026-08-26 10:54:00,SUCCESS
11752,2,3,236.40,2026-08-02 11:47:00,SUCCESS
11753,10,17,4104.20,2026-08-31 00:19:00,FAILED
11754,7,6,622.30,2026-08-05 22:23:00,REFUNDED
11755,10,2,4975.70,2026-08-07 06:50:00,FAILED
11756,8,10,3369.30,2026-08-24 13:33:00,PENDING
11757,3,20,3453.30,2026-08-26 07:55:00,FAILED
11758,7,16,4850.40,2026-08-02 08:47:00,FAILED
11759,10,7,982.50,2026-08-14 02:07:00,PENDING
11760,4,20,3704.90,2026-08-03 10:21:00,SUCCESS
11761,2,17,576.70,2026-08-06 08:34:00,REFUNDED
11762,4,5,120.50,2026-08-08 21:11:00,PENDING
11763,1,2,1995.20,2026-08-06 01:10:00,REFUNDED
11764,1,6,3997.90,2026-08-10 20:19:00,FAILED
11765,2,9,2276.90,2026-08-16 03:32:00,FAILED
11766,10,2,2447.30,2026-08-11 13:31:00,PENDING
11767,3,14,2539.60,2026-08-23 07:40:00,REFUNDED
11768,2,15,2020.90,2026-08-24 17:38:00,SUCCESS
11769,1,100.00
11770,1,16,371.50,2026-08-01 12:25:00,FAILED
11771,3,2,4128.40,2026-08-14 13:53:00,SUCCESS
11772,4,4,4463.80,2026-08-22 00:32:00,REFUNDED
11773,2,18,1285.20,2026-08-07 14:06:00,FAILED
11774,5,10,4033.90,2026-08-23 08:15:00,FAILED
11775,5,16,386.50,2026-08-14 17:48:00,REFUNDED
11776,8,13,4478.40,2026-08-21 15:39:00,PENDING
11777,6,16,4498.40,2026-08-15 13:31:00,SUCCESS
11778,1,3,3650.40,2026-08-27 14:11:00,PENDING
11779,9,15,3214.00,2026-08-15 08:49:00,FAILED
11780,1,6,3339.50,2026-08-30 14:45:00,REFUNDED
11781,3,1,4567.90,2026-08-10 07:57:00,REFUNDED
11782,10,11,3910.70,2026-08-05 05:53:00,PENDING
11783,7,16,4423.60,2026-08-11 05:56:00,PENDING
11784,2,4,2065.80,2026-08-24 15:53:00,REFUNDED
11785,6,6,3407.90,2026-08-30 21:23:00,REFUNDED
11786,1,6,3229.40,2026-08-31 01:19:00,SUCCESS
11787,2,9,2695.00,2026-08-12 22:23:00,FAILED
11788,2,20,372.30,2026-08-16 14:05:00,SUCCESS
11789,8,15,3622.10,2026-08-28 04:23:00,REFUNDED
11790,5,13,4217.80,2026-08-14 02:10:00,REFUNDED
11791,3,19,2541.30,2026-08-19 19:10:00,FAILED
11792,1,5,4111.90,2026-08-15 19:12:00,REFUNDED
11793,3,1,599.30,2026-08-30 11:07:00,PENDING
11794,2,14,1601.10,2026-08-17 22:30:00,REFUNDED
11795,2,2,805.20,2026-08-26 03:26:00,FAILED
11796,1,100.00
11797,10,12,2827.40,2026-08-11 22:42:00,PENDING
11798,6,2,3012.90,2026-08-30 21:00:00,PENDING
11799,6,6,1669.10,2026-08-15 23:09:00,SUCCESS
11800,4,8,3362.90,2026-08-29 23:17:00,FAILED
11801,3,9,508.70,2026-08-09 01:36:00,PENDING
11802,3,10,1205.30,2026-08-20 15:13:00,PENDING
11803,9,19,2978.10,2026-08-20 16:55:00,REFUNDED
11804,1,11,758.00,2026-08-05 21:19:00,SUCCESS
11805,2,17,2788.50,2026-08-15 13:30:00,SUCCESS
11806,6,8,3097.30,2026-08-17 19:29:00,SUCCESS
11807,6,16,3832.90,2026-08-30 02:59:00,REFUNDED
11808,10,18,2026.40,2026-08-26 23:32:00,SUCCESS
11809,8,4,2862.40,2026-08-17 06:59:00,FAILED
11810,3,3,1664.50,2026-08-29 16:29:00,SUCCESS
11811,4,10,4536.90,2026-08-17 14:15:00,REFUNDED
11812,4,19,2096.20,2026-08-24 06:47:00,SUCCESS
11813,1,5,2982.50,2026-08-17 07:17:00,FAILED
11814,6,10,2632.30,2026-08-23 00:30:00,PENDING
11815,9,9,4464.60,2026-08-15 17:42:00,FAILED
11816,3,8,280.10,2026-08-05 22:11:00,SUCCESS
11817,10,18,4854.70,2026-08-17 12:03:00,SUCCESS
11818,8,12,1510.30,2026-08-15 11:35:00,SUCCESS
11819,2,13,2490.10,2026-08-29 16:38:00,REFUNDED
11820,6,10,4163.30,2026-08-24 13:23:00,PENDING
11821,5,10,3716.00,2026-08-22 23:50:00,SUCCESS
11822,7,6,4318.10,2026-08-05 07:11:00,REFUNDED
11823,7,8,4495.50,2026-08-07 08:46:00,PENDING
11824,10,20,1735.60,2026-08-19 08:30:00,REFUNDED
11825,5,1,877.00,2026-08-17 20:23:00,SUCCESS
11826,2,14,2605.60,2026-08-18 09:05:00,SUCCESS
11827,5,19,88.80,2026-08-02 02:02:00,PENDING
11828,4,18,1658.50,2026-08-10 19:30:00,SUCCESS
11829,6,7,3305.60,2026-08-28 00:08:00,REFUNDED
11830,8,15,3509.90,2026-08-17 11:57:00,PENDING
11831,6,15,4646.80,2026-08-06 12:27:00,SUCCESS
11832,1,1,1759.10,2026-08-28 00:33:00,FAILED
11833,2,18,832.40,2026-08-08 07:18:00,FAILED
11834,10,15,4706.80,2026-08-03 20:17:00,PENDING
11835,9,8,1578.10,2026-08-24 08:48:00,FAILED
11836,5,2,782.10,2026-08-29 04:06:00,PENDING
11837,5,6,2190.00,2026-08-15 10:37:00,REFUNDED
11838,9,11,3547.40,2026-08-11 19:02:00,SUCCESS
11839,2,7,1989.80,2026-08-17 01:48:00,FAILED
11840,4,11,299.30,2026-08-16 13:51:00,REFUNDED
11841,7,6,4650.30,2026-08-14 08:22:00,SUCCESS
11842,10,16,4416.00,2026-08-29 05:10:00,PENDING
11843,7,2,2260.30,2026-08-30 04:30:00,FAILED
11844,2,6,4078.00,2026-08-22 02:48:00,PENDING
11845,1,4,1546.50,2026-08-25 19:06:00,REFUNDED
11846,7,16,4148.60,2026-08-14 00:16:00,PENDING
11847,10,18,3752.50,2026-08-15 00:33:00,SUCCESS
11848,3,12,191.90,2026-08-08 07:27:00,FAILED
11849,6,2,709.60,2026-08-02 11:37:00,FAILED
11850,2,19,1954.50,2026-08-24 09:09:00,SUCCESS
11851,4,17,1212.40,2026-08-04 06:37:00,REFUNDED
11852,3,6,4564.40,2026-08-11 22:13:00,FAILED
11853,10,8,1691.50,2026-08-10 02:37:00,PENDING
11854,10,14,4169.50,2026-08-28 16:18:00,PENDING
11855,8,16,1531.30,2026-08-14 06:52:00,REFUNDED
11856,2,19,2092.80,2026-08-21 15:01:00,REFUNDED
11857,2,7,3327.60,2026-08-08 02:33:00,SUCCESS
11858,1,7,510.40,2026-08-15 18:08:00,FAILED
11859,3,16,3965.40,2026-08-25 18:50:00,PENDING
11860,8,16,1973.60,2026-08-02 04:57:00,SUCCESS
11861,3,5,1714.80,2026-08-15 02:23:00,PENDING
11862,9,15,4702.60,2026-08-28 08:25:00,SUCCESS
11863,5,18,2685.80,2026-08-22 11:59:00,REFUNDED
11864,10,4,4279.70,2026-08-06 15:24:00,SUCCESS
11865,3,14,1170.00,2026-08-09 03:18:00,FAILED
11866,4,2,5022.00,2026-08-24 20:14:00,REFUNDED
11867,10,7,2802.70,2026-08-11 16:40:00,PENDING
11868,6,2,4431.80,2026-08-21 21:06:00,SUCCESS
11869,10,12,4260.50,2026-08-15 18:14:00,PENDING
11870,3,16,1543.80,2026-08-29 17:05:00,REFUNDED
11871,5,18,110.10,2026-08-22 22:53:00,REFUNDED
11872,3,16,4904.40,2026-08-11 10:04:00,PENDING
11873,5,2,1794.20,2026-08-03 10:51:00,FAILED
11874,7,19,3135.00,2026-08-02 06:34:00,FAILED
11875,8,13,2366.70,2026-08-19 10:20:00,PENDING
11876,7,2,454.70,2026-08-11 21:12:00,PENDING
11877,5,2,4804.90,2026-08-11 08:59:00,FAILED
11878,7,3,623.40,2026-08-14 23:50:00,FAILED
11879,7,4,187.00,2026-08-22 06:17:00,FAILED
11880,10,14,602.50,2026-08-26 22:41:00,SUCCESS
11881,4,7,2315.00,2026-08-08 21:27:00,REFUNDED
11882,4,17,465.60,2026-08-29 18:54:00,FAILED
11883,1,3,4438.10,2026-08-05 10:55:00,FAILED
11884,4,12,1334.10,2026-08-23 04:07:00,FAILED
11885,6,19,4846.60,2026-08-12 15:05:00,SUCCESS
11886,7,3,926.60,2026-08-14 15:32:00,PENDING
11887,9,17,1153.30,2026-08-07 10:00:00,PENDING
11888,7,20,2509.20,2026-08-07 19:24:00,SUCCESS
11889,9,1,2546.80,2026-08-12 00:17:00,SUCCESS
11890,10,18,1495.20,2026-08-26 10:56:00,REFUNDED
11891,2,18,3444.80,2026-08-16 06:05:00,SUCCESS
11892,2,5,2039.70,2026-08-18 03:35:00,REFUNDED
11893,3,18,529.00,2026-08-26 23:19:00,FAILED
11894,5,3,1497.40,2026-08-15 18:39:00,PENDING
11895,9,16,3149.30,2026-08-07 14:36:00,FAILED
11896,3,17,4904.70,2026-08-16 04:08:00,REFUNDED
11897,2,4,4657.40,2026-08-28 10:50:00,REFUNDED
11898,1,19,493.10,2026-08-15 21:53:00,PENDING
11899,4,18,4938.40,2026-08-20 10:08:00,PENDING
11900,5,3,443.40,2026-08-14 22:30:00,PENDING
11901,5,13,4189.40,2026-08-19 12:42:00,SUCCESS
11902,9,18,730.00,2026-08-04 05:38:00,REFUNDED
11903,6,15,2892.10,2026-08-22 01:55:00,REFUNDED
11904,1,1,5000,2026-08-01 12:00:00,UNKNOWN_STATUS
11905,9,5,1786.30,2026-08-16 01:42:00,FAILED
11906,1,11,2709.50,2026-08-05 12:53:00,FAILED
11907,10,1,4364.70,2026-08-19 11:05:00,SUCCESS
11908,7,5,4698.30,2026-08-02 05:55:00,SUCCESS
11909,6,6,3715.60,2026-08-15 09:33:00,PENDING
11910,8,6,3683.60,2026-08-14 09:42:00,PENDING
11911,2,8,489.20,2026-08-23 07:07:00,SUCCESS
11912,9,20,3960.30,2026-08-29 01:08:00,REFUNDED
11913,1,20,319.40,2026-08-11 13:11:00,FAILED
11914,2,19,4056.10,2026-08-25 10:39:00,PENDING
11915,7,15,1762.00,2026-08-11 10:35:00,REFUNDED
11916,3,19,2967.70,2026-08-27 02:48:00,REFUNDED
11917,2,1,3487.20,2026-08-20 09:32:00,FAILED
11918,5,14,3584.60,2026-08-10 05:49:00,REFUNDED
11919,9,5,428.40,2026-08-27 13:07:00,PENDING
11920,1,10,1763.40,2026-08-25 15:58:00,SUCCESS
11921,4,19,2180.30,2026-08-09 20:10:00,SUCCESS
11922,4,1,3064.50,2026-08-29 04:45:00,FAILED
11923,5,15,3587.20,2026-08-11 02:45:00,FAILED
11924,8,8,2518.60,2026-08-12 17:53:00,REFUNDED
11925,1,14,2468.10,2026-08-28 23:43:00,SUCCESS
11926,9,8,1333.60,2026-08-01 20:24:00,PENDING
11927,2,6,1890.10,2026-08-03 04:18:00,PENDING
11928,5,1,1457.40,2026-08-12 18:36:00,PENDING
11929,6,20,3027.60,2026-08-14 02:38:00,PENDING
11930,6,20,2212.20,2026-08-26 05:41:00,PENDING
11931,4,13,1809.90,2026-08-27 06:06:00,FAILED
11932,9,6,1095.90,2026-08-14 03:08:00,SUCCESS
11933,5,10,2894.30,2026-08-09 06:49:00,PENDING
11934,3,20,1033.20,2026-08-25 20:50:00,REFUNDED
11935,3,4,3953.10,2026-08-22 17:46:00,REFUNDED
11936,8,8,565.40,2026-08-26 17:41:00,FAILED
11937,3,4,3004.50,2026-08-19 18:54:00,FAILED
11938,5,3,434.20,2026-08-30 01:39:00,PENDING
11939,6,5,4779.50,2026-08-10 03:46:00,REFUNDED
11940,3,12,2104.40,2026-08-22 01:18:00,REFUNDED
11941,8,10,4001.60,2026-08-06 09:35:00,FAILED
11942,10,17,2954.00,2026-08-04 15:30:00,PENDING
11943,3,8,3878.60,2026-08-17 01:51:00,PENDING
11944,5,3,1466.80,2026-08-29 23:16:00,FAILED
11945,1,8,1041.90,2026-08-31 05:06:00,SUCCESS
11946,4,8,3023.00,2026-08-11 05:28:00,PENDING
11947,7,10,4309.90,2026-08-17 05:38:00,REFUNDED
11948,2,8,2860.60,2026-08-04 11:26:00,FAILED
11949,1,13,4086.00,2026-08-15 00:06:00,SUCCESS
11950,5,19,2477.40,2026-08-29 15:53:00,PENDING
11951,4,12,205.70,2026-08-18 10:53:00,SUCCESS
11952,5,4,1351.80,2026-08-06 19:24:00,SUCCESS
11953,3,9,1368.10,2026-08-01 23:26:00,SUCCESS
11954,1,9,2662.90,2026-08-19 01:43:00,FAILED
11955,2,14,59.60,2026-08-08 21:01:00,SUCCESS
11956,9,6,4894.20,2026-08-17 01:58:00,SUCCESS
11957,6,7,3231.70,2026-08-17 06:07:00,FAILED
11958,8,20,180.20,2026-08-24 20:47:00,SUCCESS
11959,8,20,3830.20,2026-08-09 12:13:00,FAILED
11960,8,19,2344.30,2026-08-05 10:52:00,FAILED
11961,2,10,4212.10,2026-08-08 01:24:00,FAILED
11962,4,20,1396.50,2026-08-27 19:58:00,FAILED
11963,10,15,4488.30,2026-08-10 22:40:00,SUCCESS
11964,7,18,3564.80,2026-08-12 11:09:00,PENDING
11965,5,1,2680.70,2026-08-24 02:09:00,REFUNDED
11966,3,19,4223.00,2026-08-06 23:59:00,PENDING
11967,4,1,218.10,2026-08-18 01:16:00,PENDING
11968,9,12,2577.80,2026-08-26 04:21:00,PENDING
11969,5,19,4934.60,2026-08-24 11:30:00,FAILED
11970,7,3,3565.10,2026-08-11 02:33:00,REFUNDED
11971,7,19,332.40,2026-08-21 04:53:00,SUCCESS
11972,10,1,4283.20,2026-08-16 12:10:00,PENDING
11973,7,20,3650.20,2026-08-04 11:22:00,REFUNDED
11974,2,11,273.30,2026-08-22 09:06:00,FAILED
11975,10,20,3480.10,2026-08-20 20:13:00,FAILED
11976,3,8,4385.20,2026-08-03 08:25:00,REFUNDED
11977,1,18,2552.60,2026-08-01 17:14:00,PENDING
11978,10,5,3989.90,2026-08-29 06:01:00,FAILED
11979,2,15,4678.10,2026-08-01 14:59:00,REFUNDED
11980,4,14,2949.60,2026-08-02 19:03:00,SUCCESS
11981,2,10,3190.30,2026-08-28 16:17:00,SUCCESS
11982,8,4,2939.70,2026-08-15 12:32:00,FAILED
11983,3,17,2460.00,2026-08-18 06:19:00,REFUNDED
11984,6,3,1572.00,2026-08-31 01:49:00,REFUNDED
11985,1,17,3276.30,2026-08-09 00:06:00,PENDING
11986,1,9,2195.40,2026-08-27 05:20:00,PENDING
11987,7,13,2976.30,2026-08-02 13:15:00,FAILED
11988,5,20,2027.30,2026-08-05 07:52:00,SUCCESS
11989,8,15,1800.10,2026-08-01 17:18:00,REFUNDED
11990,7,20,4043.00,2026-08-11 16:27:00,PENDING
11991,7,13,2170.60,2026-08-03 00:08:00,SUCCESS
11992,6,2,2935.40,2026-08-13 13:24:00,PENDING
11993,6,8,1968.00,2026-08-09 08:57:00,FAILED
11994,1,17,2360.10,2026-08-28 18:51:00,PENDING
11995,5,8,3210.30,2026-08-18 23:52:00,REFUNDED
11996,8,1,5023.70,2026-08-09 05:36:00,FAILED
11997,1,10,4653.50,2026-08-12 10:06:00,SUCCESS
11998,2,17,760.10,2026-08-02 09:53:00,FAILED
11999,1,19,4977.90,2026-08-12 23:11:00,FAILED
12000,4,18,852.10,2026-08-10 13:03:00,FAILED
12001,1,6,3013.60,2026-08-09 12:53:00,FAILED
12002,2,4,4828.20,2026-08-13 05:12:00,REFUNDED
12003,1,1,5000,2026-08-01 12:00:00,UNKNOWN_STATUS
12004,10,16,3919.70,2026-08-16 12:43:00,PENDING
12005,7,5,916.20,2026-08-12 13:18:00,SUCCESS
12006,10,10,1714.00,2026-08-22 08:03:00,REFUNDED
12007,2,7,670.30,2026-08-28 05:35:00,REFUNDED
12008,6,12,3573.30,2026-08-12 01:44:00,FAILED
12009,9,18,1131.90,2026-08-20 22:28:00,REFUNDED
12010,4,1,4925.20,2026-08-01 18:12:00,PENDING
12011,8,2,3393.40,2026-08-06 09:25:00,SUCCESS
12012,4,11,324.00,2026-08-20 06:59:00,REFUNDED
12013,6,9,1224.70,2026-08-12 16:01:00,PENDING
12014,1,14,3494.00,2026-08-19 20:09:00,FAILED
12015,6,19,2240.90,2026-08-06 22:49:00,SUCCESS
12016,1,8,4767.30,2026-08-28 00:16:00,SUCCESS
12017,10,20,2959.40,2026-08-18 10:51:00,SUCCESS
12018,9,10,3304.80,2026-08-27 15:15:00,FAILED
12019,9,2,205.10,2026-08-10 06:28:00,FAILED
12020,3,11,4463.20,2026-08-06 07:52:00,PENDING
12021,8,17,2269.90,2026-08-03 18:43:00,FAILED
12022,1,19,1879.70,2026-08-14 12:13:00,REFUNDED
12023,8,15,864.80,2026-08-14 09:14:00,PENDING
12024,9,16,4250.10,2026-08-02 21:37:00,PENDING
12025,7,16,4303.90,2026-08-02 15:43:00,PENDING
12026,1,12,3366.60,2026-08-28 00:32:00,SUCCESS
12027,4,4,4900.50,2026-08-27 02:04:00,REFUNDED
12028,4,4,1390.80,2026-08-12 06:59:00,REFUNDED
12029,9,7,4893.50,2026-08-26 14:37:00,SUCCESS
12030,9,11,4729.00,2026-08-17 17:45:00,FAILED
12031,8,18,337.50,2026-08-15 00:40:00,SUCCESS
12032,10,5,2916.10,2026-08-03 18:32:00,PENDING
12033,9,18,3331.80,2026-08-04 03:21:00,PENDING
12034,5,5,1893.90,2026-08-19 03:29:00,REFUNDED
12035,5,4,1165.60,2026-08-10 06:14:00,SUCCESS
12036,7,1,3920.90,2026-08-03 22:10:00,PENDING
12037,4,11,1399.90,2026-08-26 11:34:00,FAILED
12038,9,20,1236.30,2026-08-05 04:25:00,SUCCESS
12039,8,13,4881.30,2026-08-10 09:38:00,FAILED
12040,3,13,1378.70,2026-08-13 15:07:00,PENDING
12041,10,12,4082.50,2026-08-27 07:19:00,SUCCESS
12042,1,5,4053.80,2026-08-16 03:44:00,REFUNDED
12043,6,9,4279.60,2026-08-20 11:21:00,SUCCESS
12044,10,14,67.80,2026-08-09 09:14:00,FAILED
12045,1,9,774.90,2026-08-02 23:12:00,SUCCESS
12046,4,3,4416.60,2026-08-23 06:00:00,PENDING
12047,2,10,4337.10,2026-08-15 21:00:00,FAILED
12048,10,12,2036.30,2026-08-29 00:20:00,FAILED
12049,4,12,3376.30,2026-08-03 04:26:00,FAILED
12050,4,5,3973.10,2026-08-02 05:14:00,FAILED
12051,3,1,813.90,2026-08-17 22:55:00,FAILED
12052,2,14,1559.00,2026-08-30 05:56:00,PENDING
12053,8,14,3630.20,2026-08-27 14:21:00,PENDING
12054,1,17,1437.40,2026-08-12 19:37:00,FAILED
12055,7,5,150.80,2026-08-29 19:06:00,SUCCESS
12056,4,8,1376.60,2026-08-25 00:45:00,SUCCESS
12057,2,9,231.20,2026-08-10 20:54:00,FAILED
12058,5,11,4870.90,2026-08-30 12:33:00,PENDING
12059,10,12,1720.50,2026-08-15 01:37:00,FAILED
12060,1,17,2707.80,2026-08-06 11:49:00,SUCCESS
12061,10,4,291.70,2026-08-29 07:11:00,REFUNDED
12062,7,1,2491.70,2026-08-10 07:16:00,PENDING
12063,2,18,4081.90,2026-08-15 12:35:00,SUCCESS
12064,8,5,1870.90,2026-08-25 09:31:00,SUCCESS
12065,3,11,1557.80,2026-08-17 23:56:00,REFUNDED
12066,3,11,3387.20,2026-08-31 02:10:00,FAILED
12067,4,11,4878.10,2026-08-12 13:42:00,FAILED
12068,4,3,3285.70,2026-08-09 19:36:00,REFUNDED
12069,7,19,4215.50,2026-08-05 11:28:00,FAILED
12070,9,5,4620.20,2026-08-16 23:14:00,PENDING
12071,4,4,2453.10,2026-08-12 10:33:00,PENDING
12072,8,12,638.10,2026-08-15 11:50:00,FAILED
12073,4,13,717.80,2026-08-20 22:06:00,FAILED
12074,2,12,2103.90,2026-08-04 21:08:00,FAILED
12075,8,3,844.50,2026-08-11 19:17:00,SUCCESS
12076,7,1,1808.30,2026-08-15 00:19:00,FAILED
12077,3,19,4921.80,2026-08-28 00:59:00,PENDING
12078,3,3,3027.50,2026-08-12 23:23:00,FAILED
12079,9,8,2181.70,2026-08-28 06:18:00,REFUNDED
12080,7,11,2426.70,2026-08-20 11:18:00,PENDING
12081,9,14,2475.90,2026-08-12 13:40:00,REFUNDED
12082,6,3,1588.00,2026-08-08 03:49:00,REFUNDED
12083,7,10,2780.90,2026-08-05 06:04:00,PENDING
12084,1,10,487.00,2026-08-22 07:35:00,PENDING
12085,8,11,2819.90,2026-08-08 22:26:00,FAILED
12086,10,18,4297.80,2026-08-20 04:41:00,PENDING
12087,7,8,3063.80,2026-08-18 11:08:00,FAILED
12088,5,19,2351.90,2026-08-26 09:23:00,SUCCESS
12089,6,20,3033.80,2026-08-28 09:23:00,REFUNDED
12090,7,8,1031.30,2026-08-22 19:28:00,REFUNDED
12091,7,6,4499.30,2026-08-10 13:09:00,REFUNDED
12092,10,5,3636.40,2026-08-06 23:45:00,REFUNDED
12093,4,18,1251.30,2026-08-26 00:41:00,SUCCESS
12094,4,10,1641.30,2026-08-10 23:28:00,SUCCESS
12095,6,3,3012.90,2026-08-03 12:25:00,REFUNDED
12096,3,13,1704.50,2026-08-02 07:44:00,PENDING
12097,4,2,2379.10,2026-08-27 09:13:00,SUCCESS
12098,10,15,3895.60,2026-08-11 22:01:00,PENDING
12099,1,1,5000,2026-08-01 12:00:00,UNKNOWN_STATUS
12100,6,5,4700.90,2026-08-29 10:07:00,PENDING
12101,8,4,1571.70,2026-08-19 06:31:00,SUCCESS
12102,7,4,2591.90,2026-08-10 18:20:00,REFUNDED
12103,3,7,368.10,2026-08-02 00:34:00,REFUNDED
12104,5,8,2553.20,2026-08-13 04:50:00,SUCCESS
12105,8,20,3592.50,2026-08-05 07:56:00,FAILED
12106,6,19,3825.20,2026-08-27 09:16:00,FAILED
12107,1,1,5000,2026-08-01 12:00:00,UNKNOWN_STATUS
12108,4,18,4832.40,2026-08-29 11:50:00,PENDING
12109,5,18,4686.50,2026-08-13 06:45:00,PENDING
12110,6,4,4328.50,2026-08-19 15:02:00,REFUNDED
12111,1,8,989.30,2026-08-23 13:16:00,FAILED
12112,1,2,2702.70,2026-08-18 06:13:00,SUCCESS
12113,3,11,1467.30,2026-08-10 04:37:00,PENDING
12114,7,3,2443.30,2026-08-16 19:20:00,FAILED
12115,1,1,NOT_A_NUMBER,2026-08-01 12:00:00,SUCCESS
12116,8,17,3747.20,2026-08-17 20:54:00,SUCCESS
12117,5,18,990.60,2026-08-25 11:40:00,PENDING
12118,4,20,3356.60,2026-08-18 21:54:00,PENDING
12119,8,7,3337.30,2026-08-15 18:53:00,SUCCESS
12120,6,9,3632.30,2026-08-24 20:30:00,SUCCESS
12121,2,4,3166.90,2026-08-09 10:11:00,REFUNDED
12122,10,15,1588.50,2026-08-11 14:41:00,FAILED
12123,6,2,3136.40,2026-08-01 13:08:00,SUCCESS
12124,2,1,1926.30,2026-08-05 10:43:00,PENDING
12125,2,16,2179.20,2026-08-03 17:49:00,SUCCESS
12126,10,14,2975.40,2026-08-19 23:18:00,FAILED
12127,6,15,1929.60,2026-08-11 20:08:00,SUCCESS
12128,1,1,5000,2026-08-01 12:00:00,UNKNOWN_STATUS
12129,9,1,2696.80,2026-08-23 16:45:00,PENDING
12130,6,15,2891.50,2026-08-27 00:41:00,FAILED
12131,7,2,61.40,2026-08-18 12:17:00,PENDING
12132,7,1,550.00,2026-08-22 14:22:00,PENDING
12133,5,4,2134.00,2026-08-25 00:19:00,SUCCESS
12134,6,20,4632.30,2026-08-27 20:56:00,FAILED
12135,7,12,1049.90,2026-08-08 07:14:00,PENDING
12136,6,19,605.00,2026-08-07 01:29:00,SUCCESS
12137,2,4,4072.00,2026-08-12 12:31:00,FAILED
12138,1,6,2447.70,2026-08-04 18:04:00,FAILED
12139,4,16,2145.10,2026-08-17 17:45:00,PENDING
12140,6,10,1513.40,2026-08-26 16:18:00,FAILED
12141,3,5,4156.30,2026-08-05 19:19:00,SUCCESS
12142,1,17,1419.40,2026-08-07 02:05:00,FAILED
12143,6,19,639.30,2026-08-27 16:52:00,PENDING
12144,8,10,2831.90,2026-08-27 22:42:00,SUCCESS
12145,8,1,4264.10,2026-08-24 19:24:00,PENDING
12146,4,20,381.00,2026-08-17 01:20:00,SUCCESS
12147,5,20,4031.00,2026-08-19 11:12:00,REFUNDED
12148,1,12,1973.90,2026-08-14 10:02:00,SUCCESS
12149,10,7,2873.10,2026-08-14 02:21:00,REFUNDED
12150,6,2,1061.50,2026-08-12 20:04:00,REFUNDED
12151,7,16,2150.70,2026-08-18 10:45:00,PENDING
12152,5,12,1829.60,2026-08-28 12:22:00,SUCCESS
12153,9,18,1872.70,2026-08-09 18:18:00,PENDING
12154,3,11,2963.90,2026-08-23 00:46:00,PENDING
12155,1,17,2258.60,2026-08-21 00:31:00,FAILED
12156,1,8,3409.30,2026-08-05 18:22:00,PENDING
12157,7,8,861.50,2026-08-30 11:49:00,FAILED
12158,4,1,3703.40,2026-08-23 03:33:00,SUCCESS
12159,7,9,4621.10,2026-08-14 07:29:00,SUCCESS
12160,8,1,1373.50,2026-08-28 07:57:00,PENDING
12161,4,19,3171.40,2026-08-26 06:21:00,SUCCESS
12162,6,17,1005.00,2026-08-09 22:13:00,PENDING
12163,2,12,4374.60,2026-08-18 23:56:00,SUCCESS
12164,7,12,1048.10,2026-08-03 22:42:00,PENDING
12165,6,7,4409.00,2026-08-24 22:04:00,PENDING
12166,10,14,712.40,2026-08-16 05:49:00,SUCCESS
12167,4,2,2003.00,2026-08-11 03:45:00,REFUNDED
12168,5,9,2740.60,2026-08-10 07:54:00,FAILED
12169,10,15,1886.90,2026-08-14 15:16:00,PENDING
12170,3,7,91.00,2026-08-10 08:34:00,REFUNDED
12171,2,14,3974.90,2026-08-14 22:38:00,PENDING
12172,10,20,3991.00,2026-08-26 15:46:00,FAILED
12173,7,14,354.30,2026-08-22 04:03:00,PENDING
12174,8,3,561.60,2026-08-19 15:30:00,SUCCESS
12175,10,14,4510.70,2026-08-22 14:31:00,SUCCESS
12176,4,20,1332.50,2026-08-17 01:14:00,FAILED
12177,2,12,1319.80,2026-08-03 16:32:00,PENDING
12178,5,6,718.40,2026-08-07 15:31:00,REFUNDED
12179,3,15,3847.80,2026-08-03 07:26:00,PENDING
12180,7,14,4389.70,2026-08-08 07:19:00,FAILED
12181,5,13,2994.70,2026-08-25 22:23:00,SUCCESS
12182,5,20,183.60,2026-08-07 23:37:00,SUCCESS
12183,9,5,219.30,2026-08-20 16:03:00,FAILED
12184,6,2,3207.80,2026-08-22 00:59:00,SUCCESS
12185,1,10,606.90,2026-08-10 14:59:00,REFUNDED
12186,3,8,403.40,2026-08-24 02:52:00,PENDING
12187,10,10,1693.80,2026-08-30 14:30:00,REFUNDED
12188,7,10,122.90,2026-08-07 07:53:00,SUCCESS
12189,4,5,2322.30,2026-08-21 04:37:00,SUCCESS
12190,3,4,4004.80,2026-08-07 06:08:00,REFUNDED
12191,4,16,1100.30,2026-08-30 23:00:00,SUCCESS
12192,1,12,331.10,2026-08-26 03:48:00,FAILED
12193,2,18,2735.30,2026-08-20 11:32:00,REFUNDED
12194,3,18,4463.00,2026-08-09 19:43:00,SUCCESS
12195,7,13,3193.40,2026-08-28 19:35:00,SUCCESS
12196,9,1,4204.20,2026-08-12 17:16:00,PENDING
12197,4,19,470.20,2026-08-09 09:18:00,SUCCESS
12198,2,10,2418.90,2026-08-16 14:44:00,REFUNDED
12199,1,100.00
12200,1,17,1008.50,2026-08-05 16:33:00,FAILED
12201,2,17,3257.10,2026-08-06 22:01:00,SUCCESS
12202,2,4,1797.70,2026-08-14 12:23:00,SUCCESS
12203,6,19,3794.30,2026-08-09 18:18:00,FAILED
12204,7,6,4976.70,2026-08-14 03:59:00,PENDING
12205,3,16,4821.90,2026-08-12 17:48:00,SUCCESS
12206,1,18,4752.00,2026-08-22 00:31:00,SUCCESS
12207,8,17,1959.30,2026-08-01 20:26:00,SUCCESS
12208,5,8,4709.90,2026-08-12 23:58:00,PENDING
12209,3,19,2350.80,2026-08-11 17:48:00,FAILED
12210,6,11,940.00,2026-08-09 03:48:00,FAILED
12211,8,2,674.40,2026-08-12 14:15:00,REFUNDED
12212,7,16,4392.20,2026-08-23 09:02:00,FAILED
12213,1,1,5000,2026-08-01 12:00:00,UNKNOWN_STATUS
12214,7,16,4898.70,2026-08-28 23:15:00,REFUNDED
12215,8,20,4140.30,2026-08-09 09:57:00,SUCCESS
12216,7,18,483.00,2026-08-11 00:49:00,FAILED
12217,7,17,2900.40,2026-08-12 12:36:00,REFUNDED
12218,8,4,3637.80,2026-08-14 02:24:00,SUCCESS
12219,6,10,1568.30,2026-08-17 16:07:00,REFUNDED
12220,4,10,3922.00,2026-08-20 20:07:00,FAILED
12221,10,10,3462.10,2026-08-07 16:02:00,SUCCESS
12222,8,17,4329.80,2026-08-22 06:53:00,SUCCESS
12223,9,1,4324.20,2026-08-01 14:22:00,REFUNDED
12224,6,12,458.70,2026-08-07 09:42:00,REFUNDED
12225,6,4,424.60,2026-08-13 14:44:00,FAILED
12226,7,15,3776.70,2026-08-24 09:50:00,REFUNDED
12227,8,12,3249.90,2026-08-17 23:06:00,REFUNDED
12228,4,20,4503.90,2026-08-22 23:48:00,SUCCESS
12229,7,19,2127.10,2026-08-15 12:39:00,FAILED
12230,4,12,4177.00,2026-08-27 10:02:00,SUCCESS
12231,5,19,3447.30,2026-08-23 00:04:00,SUCCESS
12232,7,11,2924.60,2026-08-03 23:41:00,SUCCESS
12233,10,13,4134.70,2026-08-15 10:33:00,FAILED
12234,9,12,3754.20,2026-08-28 16:17:00,REFUNDED
12235,2,16,790.90,2026-08-09 01:33:00,SUCCESS
12236,5,13,1519.80,2026-08-03 10:42:00,PENDING
12237,1,19,1832.60,2026-08-04 22:07:00,SUCCESS
12238,3,18,2379.60,2026-08-19 07:58:00,PENDING
12239,4,16,3842.20,2026-08-23 03:45:00,REFUNDED
12240,9,1,3338.70,2026-08-17 00:47:00,FAILED
12241,3,5,234.30,2026-08-20 18:53:00,FAILED
12242,9,16,3541.60,2026-08-25 11:12:00,SUCCESS
12243,10,18,4900.10,2026-08-30 10:10:00,PENDING
12244,9,15,4409.20,2026-08-26 02:13:00,FAILED
12245,7,16,2421.90,2026-08-11 11:35:00,REFUNDED
12246,2,7,2567.40,2026-08-28 07:05:00,REFUNDED
12247,8,17,3624.30,2026-08-23 03:11:00,FAILED
12248,5,10,3257.90,2026-08-21 18:23:00,FAILED
12249,6,6,4531.80,2026-08-23 20:19:00,FAILED
12250,1,16,1390.70,2026-08-27 18:40:00,REFUNDED
12251,4,7,1149.70,2026-08-11 11:31:00,FAILED
12252,3,12,4330.20,2026-08-31 05:16:00,PENDING
12253,2,14,1612.10,2026-08-21 00:22:00,PENDING
12254,8,20,2638.00,2026-08-22 07:25:00,FAILED
12255,4,1,153.90,2026-08-14 02:08:00,PENDING
12256,7,16,194.50,2026-08-18 16:52:00,FAILED
12257,7,8,2787.60,2026-08-05 14:47:00,REFUNDED
12258,4,5,4015.30,2026-08-08 20:33:00,FAILED
12259,9,13,3247.20,2026-08-08 12:45:00,REFUNDED
12260,5,11,4841.90,2026-08-25 08:11:00,REFUNDED
12261,1,2,599.90,2026-08-30 09:14:00,PENDING
12262,9,8,2388.50,2026-08-19 12:54:00,SUCCESS
12263,4,1,3453.90,2026-08-09 10:22:00,FAILED
12264,6,6,2804.90,2026-08-14 12:52:00,FAILED
12265,4,10,2338.30,2026-08-25 16:36:00,SUCCESS
12266,7,11,3745.80,2026-08-04 23:17:00,PENDING
12267,7,2,792.90,2026-08-17 11:05:00,REFUNDED
12268,1,18,1444.10,2026-08-17 08:29:00,FAILED
12269,4,1,3718.70,2026-08-24 17:41:00,SUCCESS
12270,1,16,3128.00,2026-08-04 16:22:00,REFUNDED
12271,1,10,3498.10,2026-08-10 17:47:00,SUCCESS
12272,7,9,3155.30,2026-08-24 05:52:00,PENDING
12273,1,7,793.50,2026-08-07 15:16:00,SUCCESS
12274,8,15,3509.60,2026-08-27 06:15:00,FAILED
12275,9,17,491.80,2026-08-08 09:21:00,SUCCESS
12276,8,18,2136.40,2026-08-24 08:32:00,SUCCESS
12277,7,1,3583.20,2026-08-25 12:27:00,SUCCESS
12278,4,17,1855.40,2026-08-21 05:14:00,SUCCESS
12279,1,13,767.70,2026-08-16 09:20:00,REFUNDED
12280,3,2,2626.40,2026-08-06 00:57:00,SUCCESS
12281,5,16,3224.50,2026-08-25 23:58:00,FAILED
12282,9,15,1749.90,2026-08-20 23:49:00,SUCCESS
12283,9,4,3305.90,2026-08-17 18:27:00,PENDING
12284,2,3,4815.60,2026-08-27 19:37:00,REFUNDED
12285,4,17,3582.80,2026-08-09 01:39:00,SUCCESS
12286,4,18,2425.60,2026-08-04 11:17:00,FAILED
12287,5,3,3419.00,2026-08-10 23:01:00,PENDING
12288,4,1,3955.60,2026-08-10 09:03:00,PENDING
12289,3,15,3377.10,2026-08-13 18:20:00,SUCCESS
12290,5,11,204.50,2026-08-16 10:33:00,PENDING
12291,9,13,239.90,2026-08-23 12:46:00,FAILED
12292,5,13,956.70,2026-08-05 08:22:00,SUCCESS
12293,10,14,1285.50,2026-08-21 19:09:00,SUCCESS
12294,4,16,4151.90,2026-08-26 04:35:00,PENDING
12295,9,5,1056.40,2026-08-13 03:42:00,PENDING
12296,3,11,2164.20,2026-08-30 12:45:00,SUCCESS
12297,8,15,3474.20,2026-08-15 12:21:00,REFUNDED
12298,4,10,910.20,2026-08-14 06:50:00,FAILED
12299,1,12,5044.80,2026-08-15 14:52:00,FAILED
12300,5,4,1024.70,2026-08-07 22:55:00,FAILED
12301,4,6,2226.20,2026-08-18 23:31:00,FAILED
12302,2,17,3429.10,2026-08-23 11:05:00,FAILED
12303,4,8,2420.00,2026-08-13 07:18:00,FAILED
12304,8,20,3485.50,2026-08-24 18:57:00,FAILED
12305,7,12,1319.40,2026-08-28 20:23:00,PENDING
12306,9,20,876.80,2026-08-18 15:08:00,FAILED
12307,3,17,1017.00,2026-08-29 14:51:00,PENDING
12308,2,10,3523.10,2026-08-06 21:46:00,PENDING
12309,10,20,349.20,2026-08-20 22:05:00,SUCCESS
12310,1,100.00
12311,5,16,4918.20,2026-08-16 21:28:00,REFUNDED
12312,8,15,65.10,2026-08-04 08:43:00,SUCCESS
12313,1,1,5000,INVALID_DATE_TIME,SUCCESS
12314,5,20,2836.60,2026-08-12 17:20:00,REFUNDED
12315,2,20,4757.60,2026-08-14 22:09:00,PENDING
12316,7,4,2088.90,2026-08-28 20:21:00,PENDING
12317,2,1,624.00,2026-08-21 18:31:00,REFUNDED
12318,7,7,870.00,2026-08-10 13:36:00,FAILED
12319,9,9,868.90,2026-08-28 15:53:00,FAILED
12320,3,7,3231.60,2026-08-22 21:24:00,PENDING
12321,2,5,1734.60,2026-08-18 06:15:00,REFUNDED
12322,7,6,2531.20,2026-08-12 18:39:00,FAILED
12323,6,16,3025.50,2026-08-08 14:04:00,SUCCESS
12324,3,2,2026.20,2026-08-24 15:05:00,FAILED
12325,2,16,3720.00,2026-08-02 02:14:00,PENDING
12326,1,1,5000,INVALID_DATE_TIME,SUCCESS
12327,1,1,4728.40,2026-08-16 08:09:00,REFUNDED
12328,1,1,5000,2026-08-01 12:00:00,UNKNOWN_STATUS
12329,7,3,4869.20,2026-08-24 05:48:00,FAILED
12330,3,9,804.40,2026-08-13 06:50:00,REFUNDED
12331,10,10,2234.90,2026-08-15 21:18:00,PENDING
12332,8,14,4215.10,2026-08-20 22:00:00,PENDING
12333,1,8,3346.80,2026-08-25 09:10:00,SUCCESS
12334,8,6,2567.10,2026-08-05 03:32:00,PENDING
12335,4,19,4071.80,2026-08-21 08:54:00,SUCCESS
12336,9,10,1959.40,2026-08-27 09:45:00,REFUNDED
12337,1,10,2763.90,2026-08-23 23:05:00,SUCCESS
12338,6,20,4661.90,2026-08-05 13:13:00,PENDING
12339,6,18,466.60,2026-08-22 19:55:00,FAILED
12340,3,14,3805.50,2026-08-03 02:01:00,FAILED
12341,2,19,2745.30,2026-08-17 07:48:00,PENDING
12342,3,20,3351.40,2026-08-19 01:36:00,PENDING
12343,8,3,4099.00,2026-08-03 17:36:00,REFUNDED
12344,5,13,2667.00,2026-08-11 01:52:00,FAILED
12345,5,3,562.80,2026-08-13 15:00:00,REFUNDED
12346,6,1,849.30,2026-08-26 02:18:00,PENDING
12347,4,12,1504.10,2026-08-21 14:25:00,REFUNDED
12348,8,10,2472.80,2026-08-07 16:26:00,PENDING
12349,7,13,1601.20,2026-08-17 21:46:00,PENDING
12350,7,16,2420.10,2026-08-18 08:07:00,REFUNDED
12351,7,7,3709.80,2026-08-20 11:35:00,SUCCESS
12352,7,9,5010.30,2026-08-15 16:30:00,PENDING
12353,6,15,3677.00,2026-08-19 07:44:00,SUCCESS
12354,4,16,847.10,2026-08-25 19:51:00,SUCCESS
12355,3,12,2871.90,2026-08-19 02:09:00,FAILED
12356,9,7,2568.60,2026-08-06 06:16:00,PENDING
12357,2,14,512.10,2026-08-11 15:25:00,PENDING
12358,5,2,4232.40,2026-08-08 15:47:00,PENDING
12359,10,15,3746.80,2026-08-06 01:24:00,SUCCESS
12360,9,7,3251.80,2026-08-27 14:13:00,PENDING
12361,9,3,466.70,2026-08-09 04:59:00,SUCCESS
12362,5,11,4610.20,2026-08-25 14:43:00,FAILED
12363,9,3,3723.80,2026-08-21 06:13:00,REFUNDED
12364,1,1,2965.40,2026-08-24 02:15:00,REFUNDED
12365,8,20,78.20,2026-08-03 07:03:00,FAILED
12366,8,8,3921.90,2026-08-02 11:07:00,PENDING
12367,8,16,1115.90,2026-08-10 00:31:00,SUCCESS
12368,2,9,1908.80,2026-08-10 23:02:00,SUCCESS
12369,7,17,3520.80,2026-08-11 11:18:00,PENDING
12370,9,15,938.20,2026-08-11 20:46:00,FAILED
12371,6,4,1167.10,2026-08-07 09:06:00,SUCCESS
12372,5,15,941.50,2026-08-14 00:31:00,PENDING
12373,10,19,4164.10,2026-08-24 12:29:00,REFUNDED
12374,8,12,310.10,2026-08-11 05:32:00,FAILED
12375,8,9,860.40,2026-08-18 03:31:00,PENDING
12376,10,9,2266.20,2026-08-14 19:48:00,SUCCESS
12377,5,13,2914.30,2026-08-11 09:31:00,FAILED
12378,8,18,483.00,2026-08-25 10:00:00,PENDING
12379,8,3,3225.30,2026-08-11 10:34:00,FAILED
12380,1,19,1524.90,2026-08-29 12:18:00,PENDING
12381,5,6,1787.10,2026-08-08 09:16:00,REFUNDED
12382,4,19,437.30,2026-08-18 03:24:00,FAILED
12383,1,7,816.70,2026-08-12 16:10:00,REFUNDED
12384,5,18,1966.60,2026-08-11 05:00:00,FAILED
12385,1,1,5000,INVALID_DATE_TIME,SUCCESS
12386,10,14,3480.10,2026-08-14 12:35:00,REFUNDED
12387,5,16,3572.60,2026-08-10 20:31:00,REFUNDED
12388,1,14,4572.70,2026-08-03 11:48:00,REFUNDED
12389,1,5,2735.30,2026-08-24 13:26:00,SUCCESS
12390,4,3,1627.80,2026-08-29 11:25:00,PENDING
12391,9,4,3845.70,2026-08-25 13:05:00,FAILED
12392,6,3,1441.70,2026-08-18 21:17:00,FAILED
12393,10,11,2487.80,2026-08-05 12:44:00,REFUNDED
12394,10,14,2223.20,2026-08-27 04:33:00,SUCCESS
12395,4,14,134.50,2026-08-27 03:21:00,REFUNDED
12396,5,12,1908.50,2026-08-14 13:08:00,SUCCESS
12397,5,9,4625.90,2026-08-08 21:09:00,SUCCESS
12398,1,16,2339.10,2026-08-05 20:06:00,FAILED
12399,4,6,2015.50,2026-08-22 10:30:00,PENDING
12400,6,9,2060.90,2026-08-01 20:56:00,FAILED
12401,2,9,4615.90,2026-08-15 02:07:00,REFUNDED
12402,6,13,269.50,2026-08-24 11:01:00,FAILED
12403,1,19,3067.70,2026-08-24 04:31:00,SUCCESS
12404,1,13,1271.60,2026-08-07 10:20:00,FAILED
12405,3,12,3853.40,2026-08-03 02:22:00,FAILED
12406,1,13,4907.60,2026-08-05 04:12:00,FAILED
12407,6,14,1118.20,2026-08-25 06:50:00,FAILED
12408,6,19,909.90,2026-08-20 15:52:00,REFUNDED
12409,3,19,1291.20,2026-08-07 17:14:00,SUCCESS
12410,4,13,2268.00,2026-08-26 07:54:00,FAILED
12411,9,10,3268.50,2026-08-02 00:57:00,SUCCESS
12412,1,10,3366.40,2026-08-16 00:02:00,SUCCESS
12413,5,5,3816.50,2026-08-24 10:59:00,FAILED
12414,5,19,1410.30,2026-08-21 22:01:00,SUCCESS
12415,8,9,2455.60,2026-08-01 11:43:00,REFUNDED
12416,9,10,517.70,2026-08-25 18:02:00,SUCCESS
12417,7,10,4779.40,2026-08-11 11:57:00,FAILED
12418,3,9,1249.30,2026-08-23 06:32:00,SUCCESS
12419,6,17,5048.20,2026-08-23 05:31:00,FAILED
12420,5,11,4861.10,2026-08-10 17:42:00,REFUNDED
12421,9,16,1127.40,2026-08-29 07:45:00,REFUNDED
12422,1,11,4760.80,2026-08-24 21:04:00,PENDING
12423,10,19,1041.90,2026-08-04 10:19:00,SUCCESS
12424,10,19,711.40,2026-08-21 00:08:00,SUCCESS
12425,1,16,1786.00,2026-08-24 18:46:00,FAILED
12426,1,8,4354.50,2026-08-11 03:05:00,FAILED
12427,8,18,3157.80,2026-08-24 14:05:00,FAILED
12428,2,16,1800.50,2026-08-01 17:34:00,REFUNDED
12429,5,18,3815.50,2026-08-07 02:17:00,REFUNDED
12430,4,11,3034.90,2026-08-01 14:50:00,REFUNDED
12431,7,15,4360.70,2026-08-24 11:16:00,FAILED
12432,6,13,2193.90,2026-08-29 05:49:00,PENDING
12433,2,14,267.40,2026-08-13 14:56:00,REFUNDED
12434,2,3,4663.80,2026-08-07 04:33:00,REFUNDED
12435,4,6,2469.80,2026-08-19 21:10:00,FAILED
12436,2,6,1679.90,2026-08-06 17:21:00,SUCCESS
12437,4,14,169.60,2026-08-03 12:27:00,PENDING
12438,10,5,1326.30,2026-08-06 22:33:00,PENDING
12439,7,20,4139.20,2026-08-08 18:10:00,PENDING
12440,5,9,2009.60,2026-08-27 13:08:00,FAILED
12441,1,19,4553.60,2026-08-27 17:46:00,FAILED
12442,2,8,2783.60,2026-08-13 03:36:00,PENDING
12443,10,15,4506.00,2026-08-23 10:35:00,FAILED
12444,9,13,844.50,2026-08-08 16:04:00,REFUNDED
12445,4,12,4444.50,2026-08-03 20:46:00,FAILED
12446,10,5,3203.10,2026-08-29 14:21:00,REFUNDED
12447,1,5,3667.70,2026-08-22 02:05:00,FAILED
12448,5,5,183.80,2026-08-16 04:38:00,REFUNDED
12449,6,11,476.60,2026-08-26 21:53:00,PENDING
12450,1,20,512.00,2026-08-30 12:38:00,SUCCESS
12451,7,16,4773.40,2026-08-20 21:42:00,FAILED
12452,8,16,2546.40,2026-08-26 02:01:00,PENDING
12453,8,17,4154.40,2026-08-15 22:51:00,REFUNDED
12454,3,7,443.30,2026-08-11 03:41:00,FAILED
12455,2,16,2643.90,2026-08-27 19:07:00,SUCCESS
12456,3,19,87.50,2026-08-31 05:45:00,REFUNDED
12457,9,5,1560.10,2026-08-20 14:15:00,PENDING
12458,9,4,2016.80,2026-08-01 08:32:00,REFUNDED
12459,3,5,3390.50,2026-08-12 01:48:00,SUCCESS
12460,3,9,81.20,2026-08-06 17:43:00,FAILED
12461,1,9,2076.80,2026-08-06 14:52:00,REFUNDED
12462,9,4,5044.30,2026-08-28 10:31:00,FAILED
12463,3,15,1349.20,2026-08-19 08:11:00,PENDING
12464,3,8,694.30,2026-08-12 05:40:00,REFUNDED
12465,6,10,3341.00,2026-08-14 08:32:00,FAILED
12466,5,10,4105.70,2026-08-16 19:03:00,SUCCESS
12467,7,15,2805.90,2026-08-09 03:42:00,REFUNDED
12468,3,14,5004.90,2026-08-13 21:16:00,FAILED
12469,8,8,4506.20,2026-08-15 02:25:00,REFUNDED
12470,8,6,1221.90,2026-08-08 01:41:00,PENDING
12471,5,3,2194.80,2026-08-07 14:37:00,PENDING
12472,10,6,1027.90,2026-08-16 03:52:00,SUCCESS
12473,9,7,584.50,2026-08-28 11:36:00,REFUNDED
12474,9,8,562.30,2026-08-15 20:20:00,SUCCESS
12475,7,6,1911.70,2026-08-14 14:54:00,FAILED
12476,2,2,299.10,2026-08-11 21:12:00,PENDING
12477,6,16,548.70,2026-08-16 00:33:00,SUCCESS
12478,10,1,1547.40,2026-08-25 02:45:00,REFUNDED
12479,1,15,4028.60,2026-08-11 03:16:00,PENDING
12480,2,10,3789.60,2026-08-07 21:14:00,REFUNDED
12481,4,20,4416.90,2026-08-15 05:14:00,REFUNDED
12482,3,10,2022.10,2026-08-02 07:44:00,FAILED
12483,3,9,701.50,2026-08-05 01:07:00,SUCCESS
12484,4,11,4579.50,2026-08-10 04:00:00,REFUNDED
12485,9,9,775.00,2026-08-13 21:16:00,FAILED
12486,9,2,315.30,2026-08-13 22:01:00,PENDING
12487,6,13,1658.50,2026-08-04 06:03:00,FAILED
12488,6,8,3773.80,2026-08-23 09:06:00,FAILED
12489,5,18,3376.80,2026-08-23 04:05:00,SUCCESS
12490,2,8,1665.00,2026-08-18 00:38:00,FAILED
12491,5,9,803.00,2026-08-29 20:07:00,FAILED
12492,9,17,2995.90,2026-08-07 16:27:00,PENDING
12493,10,15,698.60,2026-08-16 18:52:00,PENDING
12494,7,14,1867.30,2026-08-20 11:46:00,FAILED
12495,9,4,2472.00,2026-08-05 15:34:00,SUCCESS
12496,10,8,4809.60,2026-08-14 06:31:00,SUCCESS
12497,4,15,4869.70,2026-08-09 09:24:00,SUCCESS
12498,8,5,572.80,2026-08-10 03:08:00,FAILED
12499,4,11,4769.30,2026-08-25 08:24:00,SUCCESS
12500,2,2,2418.50,2026-08-12 04:29:00,PENDING
12501,7,12,4116.40,2026-08-05 04:31:00,REFUNDED
12502,3,19,1159.70,2026-08-24 02:48:00,REFUNDED
12503,3,20,2893.80,2026-08-14 03:56:00,PENDING
12504,3,17,500.60,2026-08-23 00:41:00,REFUNDED
12505,10,7,2079.10,2026-08-26 14:30:00,PENDING
12506,5,20,3414.90,2026-08-02 02:37:00,FAILED
12507,1,12,4470.00,2026-08-05 15:37:00,REFUNDED
12508,9,9,3980.60,2026-08-29 17:07:00,SUCCESS
12509,3,1,1680.80,2026-08-06 09:14:00,SUCCESS
12510,3,16,2517.30,2026-08-27 07:30:00,SUCCESS
12511,5,14,820.70,2026-08-08 15:35:00,REFUNDED
12512,8,6,3455.50,2026-08-04 18:21:00,REFUNDED
12513,6,5,1467.80,2026-08-17 13:08:00,SUCCESS
12514,10,1,957.50,2026-08-08 11:24:00,FAILED
12515,7,3,1166.60,2026-08-05 23:21:00,FAILED
12516,9,8,114.80,2026-08-13 10:23:00,FAILED
12517,2,2,1751.60,2026-08-01 12:08:00,SUCCESS
12518,3,8,412.30,2026-08-10 16:35:00,REFUNDED
12519,10,15,3745.00,2026-08-13 05:13:00,REFUNDED
12520,8,6,4483.30,2026-08-06 20:30:00,SUCCESS
12521,2,11,4996.80,2026-08-28 02:25:00,SUCCESS
12522,6,11,4880.00,2026-08-06 15:52:00,SUCCESS
12523,10,9,4875.30,2026-08-24 21:18:00,PENDING
12524,1,16,620.90,2026-08-28 20:32:00,FAILED
12525,1,15,5034.40,2026-08-17 16:58:00,PENDING
12526,2,5,1726.50,2026-08-11 19:26:00,FAILED
12527,4,16,1662.90,2026-08-18 04:57:00,FAILED
12528,9,9,4174.00,2026-08-25 05:02:00,FAILED
12529,7,9,309.20,2026-08-05 15:28:00,SUCCESS
12530,2,7,3117.20,2026-08-05 06:23:00,FAILED
12531,7,7,4604.10,2026-08-17 16:08:00,REFUNDED
12532,3,8,3020.50,2026-08-29 16:53:00,SUCCESS
12533,1,11,2735.70,2026-08-06 05:17:00,SUCCESS
12534,5,20,1462.80,2026-08-30 04:11:00,PENDING
12535,10,3,395.00,2026-08-14 19:59:00,PENDING
12536,5,12,568.70,2026-08-16 18:12:00,FAILED
12537,5,3,599.10,2026-08-07 07:27:00,FAILED
12538,3,5,1832.50,2026-08-26 17:35:00,PENDING
12539,3,13,1829.80,2026-08-22 06:59:00,FAILED
12540,6,13,1677.70,2026-08-23 20:32:00,PENDING
12541,5,10,2386.60,2026-08-21 01:25:00,SUCCESS
12542,5,8,1640.40,2026-08-28 14:59:00,PENDING
12543,7,18,732.40,2026-08-19 12:34:00,SUCCESS
12544,4,19,1517.10,2026-08-30 10:15:00,FAILED
12545,1,3,4088.40,2026-08-28 19:59:00,FAILED
12546,5,11,1157.20,2026-08-27 13:01:00,FAILED
12547,10,17,4511.40,2026-08-04 04:16:00,SUCCESS
12548,8,14,1680.20,2026-08-02 03:02:00,PENDING
12549,1,12,1434.30,2026-08-13 03:22:00,FAILED
12550,1,100.00
12551,7,8,461.20,2026-08-29 12:33:00,SUCCESS
12552,5,6,3078.90,2026-08-06 17:54:00,SUCCESS
12553,9,15,4153.40,2026-08-29 23:23:00,REFUNDED
12554,4,14,4288.10,2026-08-05 02:16:00,REFUNDED
12555,9,9,2878.40,2026-08-18 10:40:00,SUCCESS
12556,3,17,3220.90,2026-08-09 09:59:00,FAILED
12557,5,14,3232.10,2026-08-21 18:11:00,FAILED
12558,6,15,2867.10,2026-08-01 08:43:00,FAILED
12559,1,10,2192.00,2026-08-31 05:44:00,FAILED
12560,4,19,1232.40,2026-08-03 04:31:00,PENDING
12561,8,5,2638.20,2026-08-22 02:15:00,REFUNDED
12562,3,3,3476.20,2026-08-12 05:26:00,PENDING
12563,9,3,3792.60,2026-08-19 01:16:00,SUCCESS
12564,10,6,177.90,2026-08-25 14:45:00,SUCCESS
12565,8,2,1864.60,2026-08-22 03:16:00,REFUNDED
12566,7,11,1067.70,2026-08-16 21:16:00,SUCCESS
12567,2,15,1957.50,2026-08-15 10:18:00,SUCCESS
12568,9,6,1773.40,2026-08-17 15:36:00,FAILED
12569,2,2,2528.30,2026-08-31 02:45:00,REFUNDED
12570,2,3,3414.40,2026-08-29 11:47:00,REFUNDED
12571,7,4,2763.20,2026-08-29 01:23:00,FAILED
12572,2,3,2470.50,2026-08-19 09:55:00,PENDING
12573,9,12,3707.30,2026-08-30 12:30:00,SUCCESS
12574,1,19,2133.20,2026-08-10 04:21:00,SUCCESS
12575,7,4,1457.70,2026-08-02 15:31:00,FAILED
12576,5,7,3582.60,2026-08-18 13:24:00,SUCCESS
12577,9,14,3804.00,2026-08-09 11:47:00,PENDING
12578,5,16,3647.20,2026-08-14 23:27:00,FAILED
12579,4,9,5031.50,2026-08-05 15:45:00,PENDING
12580,9,11,3674.50,2026-08-09 22:44:00,FAILED
12581,5,19,4775.00,2026-08-02 01:23:00,PENDING
12582,9,3,4871.80,2026-08-08 11:11:00,FAILED
12583,5,5,3937.60,2026-08-21 10:26:00,SUCCESS
12584,2,4,2792.90,2026-08-29 02:47:00,REFUNDED
12585,6,19,3382.00,2026-08-14 04:42:00,SUCCESS
12586,4,14,1075.20,2026-08-16 12:29:00,REFUNDED
12587,2,18,2069.70,2026-08-14 18:49:00,SUCCESS
12588,6,10,1792.00,2026-08-19 10:25:00,FAILED
12589,5,2,4463.30,2026-08-25 23:18:00,FAILED
12590,9,2,228.40,2026-08-17 21:29:00,REFUNDED
12591,9,9,174.80,2026-08-20 15:45:00,REFUNDED
12592,4,17,3452.90,2026-08-04 01:30:00,SUCCESS
12593,6,10,4178.30,2026-08-25 07:45:00,FAILED
12594,7,9,2795.30,2026-08-23 21:23:00,FAILED
12595,4,8,3645.50,2026-08-25 07:56:00,SUCCESS
12596,7,18,1796.90,2026-08-01 08:31:00,PENDING
12597,9,10,1318.60,2026-08-07 00:10:00,FAILED
12598,2,10,4393.20,2026-08-27 09:15:00,SUCCESS
12599,1,13,1595.10,2026-08-14 05:17:00,FAILED
12600,1,8,2899.50,2026-08-03 00:57:00,PENDING
12601,3,19,706.10,2026-08-10 03:57:00,SUCCESS
12602,2,9,224.60,2026-08-25 20:52:00,FAILED
12603,4,16,1983.00,2026-08-28 20:30:00,REFUNDED
12604,5,9,3712.10,2026-08-06 16:32:00,REFUNDED
12605,4,13,2583.30,2026-08-15 12:11:00,PENDING
12606,9,12,620.50,2026-08-05 21:05:00,FAILED
12607,4,4,3150.30,2026-08-21 12:13:00,PENDING
12608,7,11,2581.80,2026-08-23 03:50:00,PENDING
12609,10,18,1382.60,2026-08-26 09:14:00,FAILED
12610,6,8,501.50,2026-08-17 07:14:00,REFUNDED
12611,9,5,2420.90,2026-08-22 05:40:00,PENDING
12612,4,6,1765.70,2026-08-01 17:38:00,FAILED
12613,5,20,4953.40,2026-08-14 02:43:00,PENDING
12614,4,7,777.10,2026-08-28 06:45:00,PENDING
12615,1,18,3827.00,2026-08-09 10:49:00,PENDING
12616,1,11,2447.00,2026-08-07 02:45:00,SUCCESS
12617,7,14,630.80,2026-08-29 23:20:00,FAILED
12618,5,7,4347.60,2026-08-25 09:48:00,REFUNDED
12619,5,10,3731.50,2026-08-18 13:40:00,FAILED
12620,2,12,3956.20,2026-08-05 05:32:00,REFUNDED
12621,7,14,4527.90,2026-08-10 05:45:00,REFUNDED
12622,10,6,4229.20,2026-08-22 14:35:00,FAILED
12623,1,19,2716.30,2026-08-08 16:39:00,FAILED
12624,9,3,680.90,2026-08-28 22:16:00,REFUNDED
12625,7,8,4417.70,2026-08-13 06:18:00,REFUNDED
12626,10,4,4767.00,2026-08-12 20:40:00,SUCCESS
12627,10,14,50.30,2026-08-08 10:56:00,REFUNDED
12628,6,8,3775.00,2026-08-08 13:22:00,REFUNDED
12629,5,10,5007.10,2026-08-29 19:56:00,REFUNDED
12630,6,13,2216.10,2026-08-30 18:51:00,SUCCESS
12631,3,1,2660.20,2026-08-25 10:10:00,SUCCESS
12632,6,8,2561.80,2026-08-10 01:48:00,REFUNDED
12633,6,2,4513.50,2026-08-09 07:49:00,FAILED
12634,5,9,1247.60,2026-08-02 01:44:00,FAILED
12635,2,8,1324.80,2026-08-18 13:37:00,PENDING
12636,10,1,4028.60,2026-08-02 02:26:00,PENDING
12637,1,18,4135.90,2026-08-13 03:27:00,PENDING
12638,4,16,3023.70,2026-08-10 20:14:00,FAILED
12639,10,14,3085.90,2026-08-26 06:16:00,SUCCESS
12640,9,20,2236.40,2026-08-29 19:57:00,SUCCESS
12641,10,3,98.20,2026-08-14 06:27:00,SUCCESS
12642,6,16,258.40,2026-08-01 15:22:00,FAILED
12643,10,13,4475.70,2026-08-29 11:50:00,PENDING
12644,5,17,3264.80,2026-08-18 09:23:00,SUCCESS
12645,6,7,1828.50,2026-08-02 09:21:00,SUCCESS
12646,6,18,4761.50,2026-08-29 19:20:00,PENDING
12647,3,13,3706.20,2026-08-24 18:39:00,PENDING
12648,4,7,2501.10,2026-08-15 06:41:00,FAILED
12649,7,11,1413.20,2026-08-17 09:26:00,FAILED
12650,8,2,87.50,2026-08-30 17:41:00,PENDING
12651,3,1,779.10,2026-08-25 10:15:00,FAILED
12652,1,8,2565.10,2026-08-16 16:05:00,SUCCESS
12653,8,4,4234.40,2026-08-12 01:55:00,SUCCESS
12654,2,13,3947.30,2026-08-13 15:05:00,PENDING
12655,2,9,2531.30,2026-08-28 20:39:00,REFUNDED
12656,10,3,669.90,2026-08-24 13:53:00,SUCCESS
12657,6,15,93.60,2026-08-30 19:04:00,PENDING
12658,8,9,1593.50,2026-08-03 15:38:00,FAILED
12659,1,9,394.80,2026-08-11 13:25:00,PENDING
12660,7,19,868.10,2026-08-19 15:02:00,PENDING
12661,7,16,266.30,2026-08-17 13:25:00,FAILED
12662,10,19,1571.40,2026-08-16 19:08:00,SUCCESS
12663,3,11,295.80,2026-08-02 03:37:00,SUCCESS
12664,2,20,3264.80,2026-08-30 13:10:00,PENDING
12665,10,6,2139.20,2026-08-02 00:12:00,PENDING
12666,2,18,382.00,2026-08-22 07:25:00,PENDING
12667,1,4,3827.70,2026-08-10 23:46:00,FAILED
12668,3,8,391.10,2026-08-16 07:05:00,PENDING
12669,2,3,1083.60,2026-08-14 06:05:00,FAILED
12670,7,2,75.80,2026-08-20 06:42:00,SUCCESS
12671,10,13,1488.80,2026-08-29 23:44:00,REFUNDED
12672,7,4,3570.60,2026-08-09 20:42:00,PENDING
12673,4,2,92.40,2026-08-11 16:53:00,FAILED
12674,8,11,1046.40,2026-08-05 07:59:00,SUCCESS
12675,3,1,4573.80,2026-08-18 05:20:00,PENDING
12676,1,18,1379.30,2026-08-19 09:00:00,SUCCESS
12677,6,19,3287.50,2026-08-07 17:41:00,REFUNDED
12678,1,11,3217.90,2026-08-20 13:08:00,PENDING
12679,8,18,3974.00,2026-08-07 04:17:00,SUCCESS
12680,3,14,1398.20,2026-08-23 19:17:00,PENDING
12681,7,10,2329.90,2026-08-23 00:46:00,SUCCESS
12682,5,16,1971.80,2026-08-05 01:23:00,SUCCESS
12683,3,16,449.00,2026-08-30 00:52:00,FAILED
12684,9,4,4483.40,2026-08-03 16:48:00,REFUNDED
12685,1,3,3811.10,2026-08-19 21:18:00,FAILED
12686,8,18,2404.80,2026-08-13 16:41:00,SUCCESS
12687,2,14,4777.10,2026-08-25 14:00:00,SUCCESS
12688,7,5,4101.00,2026-08-18 08:57:00,PENDING
12689,8,11,661.80,2026-08-10 08:26:00,FAILED
12690,7,1,4726.10,2026-08-14 13:48:00,PENDING
12691,3,10,4811.20,2026-08-25 16:39:00,FAILED
12692,6,19,4060.20,2026-08-16 10:01:00,FAILED
12693,10,19,4176.90,2026-08-01 16:25:00,SUCCESS
12694,7,10,1083.10,2026-08-10 17:02:00,REFUNDED
12695,8,13,388.70,2026-08-13 11:11:00,PENDING
12696,1,6,3244.10,2026-08-02 18:29:00,PENDING
12697,9,3,1598.70,2026-08-27 21:29:00,FAILED
12698,1,18,5030.10,2026-08-08 15:15:00,FAILED
12699,7,19,1752.00,2026-08-09 02:55:00,REFUNDED
12700,4,4,2185.40,2026-08-12 00:12:00,PENDING
12701,1,4,1880.20,2026-08-18 01:56:00,REFUNDED
12702,6,8,4933.10,2026-08-20 23:27:00,SUCCESS
12703,9,19,145.90,2026-08-22 03:06:00,PENDING
12704,6,7,4242.00,2026-08-19 21:12:00,REFUNDED
12705,4,16,2485.10,2026-08-30 13:27:00,FAILED
12706,9,18,3741.70,2026-08-03 11:20:00,FAILED
12707,5,15,338.70,2026-08-15 19:26:00,SUCCESS
12708,5,3,3994.30,2026-08-22 18:15:00,SUCCESS
12709,5,20,3040.00,2026-08-22 19:39:00,FAILED
12710,10,10,1466.10,2026-08-17 10:48:00,REFUNDED
12711,3,15,1763.00,2026-08-10 00:48:00,SUCCESS
12712,7,10,4885.10,2026-08-24 18:49:00,REFUNDED
12713,10,18,2965.50,2026-08-06 06:11:00,PENDING
12714,8,7,2828.60,2026-08-20 06:45:00,FAILED
12715,10,5,1096.60,2026-08-04 04:09:00,REFUNDED
12716,5,8,4766.60,2026-08-27 06:49:00,FAILED
12717,10,5,3710.30,2026-08-06 05:36:00,PENDING
12718,3,16,2436.30,2026-08-17 03:03:00,PENDING
12719,10,18,4900.10,2026-08-21 15:16:00,FAILED
12720,7,17,5034.60,2026-08-13 00:17:00,PENDING
12721,6,20,3328.10,2026-08-05 22:12:00,FAILED
12722,1,1,5000,INVALID_DATE_TIME,SUCCESS
12723,1,7,1486.40,2026-08-15 09:22:00,SUCCESS
12724,1,100.00
12725,8,6,4861.20,2026-08-14 11:43:00,REFUNDED
12726,10,15,3581.70,2026-08-02 18:35:00,SUCCESS
12727,3,2,531.40,2026-08-06 05:32:00,PENDING
12728,8,11,3046.40,2026-08-27 13:56:00,SUCCESS
12729,9,4,1158.60,2026-08-23 04:02:00,REFUNDED
12730,3,19,4329.40,2026-08-10 13:54:00,REFUNDED
12731,8,7,1998.10,2026-08-21 15:26:00,FAILED
12732,9,12,3703.80,2026-08-09 18:34:00,SUCCESS
12733,2,9,2471.20,2026-08-26 04:39:00,REFUNDED
12734,4,5,1439.60,2026-08-27 14:39:00,REFUNDED
12735,3,14,2364.30,2026-08-17 18:09:00,REFUNDED
12736,3,14,3317.10,2026-08-29 19:39:00,REFUNDED
12737,5,12,1583.40,2026-08-17 22:58:00,REFUNDED
12738,10,14,4736.00,2026-08-07 14:27:00,REFUNDED
12739,6,4,4896.10,2026-08-13 13:42:00,REFUNDED
12740,6,7,1929.30,2026-08-21 09:42:00,REFUNDED
12741,7,10,1255.20,2026-08-08 22:27:00,REFUNDED
12742,9,9,3321.90,2026-08-14 22:05:00,SUCCESS
12743,5,6,588.70,2026-08-08 12:39:00,FAILED
12744,10,8,4329.60,2026-08-10 12:46:00,SUCCESS
12745,3,4,4478.90,2026-08-16 08:13:00,SUCCESS
12746,9,6,1536.40,2026-08-29 10:26:00,FAILED
12747,8,11,3711.20,2026-08-26 17:52:00,PENDING
12748,7,12,1462.70,2026-08-20 23:14:00,FAILED
12749,10,2,3826.10,2026-08-28 04:44:00,PENDING
12750,9,14,1067.90,2026-08-28 05:56:00,REFUNDED
12751,10,15,2365.40,2026-08-21 05:09:00,FAILED
12752,5,18,163.70,2026-08-26 12:40:00,REFUNDED
12753,1,19,2297.40,2026-08-06 21:40:00,PENDING
12754,10,2,1445.50,2026-08-03 05:37:00,SUCCESS
12755,1,12,3024.80,2026-08-01 14:06:00,REFUNDED
12756,7,18,3076.20,2026-08-18 21:13:00,REFUNDED
12757,6,16,4855.00,2026-08-12 10:13:00,REFUNDED
12758,4,14,2522.30,2026-08-15 17:33:00,FAILED
12759,6,16,2454.30,2026-08-03 17:41:00,SUCCESS
12760,3,13,3483.10,2026-08-23 04:25:00,PENDING
12761,5,9,4968.20,2026-08-24 07:28:00,REFUNDED
12762,2,20,3560.30,2026-08-19 21:33:00,FAILED
12763,1,20,4959.40,2026-08-18 19:41:00,SUCCESS
12764,1,19,4373.20,2026-08-13 14:10:00,FAILED
12765,7,13,2872.30,2026-08-15 17:06:00,PENDING
12766,5,15,4217.30,2026-08-06 11:52:00,REFUNDED
12767,10,17,148.10,2026-08-13 19:23:00,FAILED
12768,2,11,355.50,2026-08-26 11:43:00,FAILED
12769,9,12,3777.30,2026-08-09 03:04:00,PENDING
12770,2,11,1256.40,2026-08-09 17:59:00,PENDING
12771,2,5,1628.90,2026-08-15 18:20:00,SUCCESS
12772,3,12,3802.30,2026-08-17 14:40:00,REFUNDED
12773,5,3,4981.30,2026-08-20 17:27:00,REFUNDED
12774,3,1,4023.90,2026-08-14 19:54:00,FAILED
12775,6,1,1303.80,2026-08-14 01:27:00,SUCCESS
12776,1,14,113.60,2026-08-16 17:25:00,SUCCESS
12777,6,15,4386.70,2026-08-08 07:53:00,REFUNDED
12778,8,7,1303.70,2026-08-07 13:12:00,FAILED
12779,10,5,3512.10,2026-08-21 17:50:00,REFUNDED
12780,4,15,1974.90,2026-08-21 05:54:00,REFUNDED
12781,8,14,3075.70,2026-08-17 20:11:00,REFUNDED
12782,9,17,4820.20,2026-08-07 14:07:00,PENDING
12783,8,10,2581.00,2026-08-18 05:35:00,REFUNDED
12784,6,17,2931.40,2026-08-29 15:49:00,REFUNDED
12785,8,13,1574.00,2026-08-20 09:50:00,FAILED
12786,7,14,2748.70,2026-08-07 20:06:00,SUCCESS
12787,9,20,3846.70,2026-08-28 14:59:00,FAILED
12788,4,12,3556.30,2026-08-05 13:41:00,REFUNDED
12789,4,8,4949.20,2026-08-03 11:10:00,SUCCESS
12790,7,9,3564.60,2026-08-30 01:09:00,REFUNDED
12791,4,19,432.60,2026-08-15 01:46:00,SUCCESS
12792,4,2,4470.30,2026-08-18 21:26:00,REFUNDED
12793,3,11,1952.30,2026-08-05 21:28:00,PENDING
12794,7,14,3577.20,2026-08-26 12:27:00,SUCCESS
12795,9,4,1316.30,2026-08-04 05:49:00,SUCCESS
12796,4,9,3715.80,2026-08-29 17:57:00,SUCCESS
12797,2,3,3395.20,2026-08-25 01:01:00,FAILED
12798,4,13,3911.70,2026-08-10 15:01:00,REFUNDED
12799,1,4,1671.40,2026-08-09 13:40:00,REFUNDED
12800,8,8,3440.40,2026-08-27 02:30:00,PENDING
12801,2,6,1012.10,2026-08-15 13:45:00,REFUNDED
12802,10,12,2548.10,2026-08-03 21:58:00,FAILED
12803,8,13,608.50,2026-08-19 09:36:00,SUCCESS
12804,1,7,4961.30,2026-08-24 03:40:00,FAILED
12805,1,5,4322.40,2026-08-11 01:42:00,REFUNDED
12806,5,7,426.70,2026-08-15 19:40:00,FAILED
12807,1,3,3576.40,2026-08-28 14:15:00,REFUNDED
12808,3,1,4312.10,2026-08-22 04:18:00,PENDING
12809,2,15,1096.70,2026-08-29 16:04:00,SUCCESS
12810,7,3,3913.60,2026-08-21 03:20:00,FAILED
12811,4,15,4179.60,2026-08-10 11:51:00,PENDING
12812,4,19,1773.30,2026-08-04 01:29:00,FAILED
12813,4,3,1883.40,2026-08-19 09:36:00,SUCCESS
12814,1,100.00
12815,3,5,58.10,2026-08-20 12:24:00,FAILED
12816,4,3,4532.80,2026-08-03 12:51:00,REFUNDED
12817,2,9,4443.00,2026-08-14 21:27:00,FAILED
12818,5,13,4982.80,2026-08-27 09:42:00,PENDING
12819,3,1,514.10,2026-08-10 13:20:00,PENDING
12820,6,15,3124.50,2026-08-06 19:35:00,REFUNDED
12821,3,10,1983.60,2026-08-19 01:53:00,FAILED
12822,6,2,4378.20,2026-08-22 09:38:00,PENDING
12823,4,4,149.10,2026-08-16 07:25:00,REFUNDED
12824,2,3,3052.50,2026-08-14 11:19:00,PENDING
12825,10,19,826.70,2026-08-12 09:11:00,PENDING
12826,7,2,3503.90,2026-08-16 06:46:00,PENDING
12827,3,3,787.70,2026-08-11 17:33:00,PENDING
12828,9,6,489.10,2026-08-06 09:43:00,FAILED
12829,1,2,79.30,2026-08-01 17:39:00,SUCCESS
12830,1,1,5000,INVALID_DATE_TIME,SUCCESS
12831,6,12,2705.50,2026-08-31 02:19:00,FAILED
12832,7,16,4735.80,2026-08-23 12:06:00,FAILED
12833,1,19,1252.70,2026-08-08 02:10:00,SUCCESS
12834,6,11,4134.20,2026-08-23 19:41:00,FAILED
12835,9,4,1648.10,2026-08-23 11:56:00,SUCCESS
12836,10,5,3694.60,2026-08-19 08:43:00,SUCCESS
12837,10,18,2876.70,2026-08-13 04:51:00,PENDING
12838,8,19,1893.00,2026-08-21 01:20:00,SUCCESS
12839,3,4,4904.90,2026-08-15 02:16:00,PENDING
12840,10,19,2620.10,2026-08-30 09:00:00,PENDING
12841,3,5,1580.90,2026-08-15 13:17:00,SUCCESS
12842,6,16,1268.00,2026-08-06 21:30:00,REFUNDED
12843,3,6,951.30,2026-08-29 22:32:00,REFUNDED
12844,1,1,4108.00,2026-08-06 11:42:00,PENDING
12845,8,11,2412.80,2026-08-20 20:50:00,PENDING
12846,3,6,2499.30,2026-08-06 05:24:00,FAILED
12847,4,9,2818.50,2026-08-29 22:53:00,PENDING
12848,2,18,2329.40,2026-08-20 12:16:00,REFUNDED
12849,8,9,1412.30,2026-08-25 12:38:00,SUCCESS
12850,7,20,3388.30,2026-08-21 06:57:00,PENDING
12851,2,1,1267.30,2026-08-29 06:26:00,SUCCESS
12852,2,6,4242.50,2026-08-18 11:14:00,SUCCESS
12853,6,8,2873.00,2026-08-13 00:26:00,PENDING
12854,3,20,3715.30,2026-08-12 21:01:00,SUCCESS
12855,3,17,517.30,2026-08-12 08:07:00,FAILED
12856,6,14,2900.30,2026-08-14 18:14:00,SUCCESS
12857,2,1,757.60,2026-08-28 20:27:00,PENDING
12858,1,20,2583.20,2026-08-25 12:44:00,REFUNDED
12859,5,13,3818.40,2026-08-12 21:41:00,FAILED
12860,8,3,1334.50,2026-08-22 01:30:00,REFUNDED
12861,6,10,4329.20,2026-08-24 00:08:00,SUCCESS
12862,7,5,4439.00,2026-08-30 17:11:00,SUCCESS
12863,4,8,2949.40,2026-08-07 01:14:00,SUCCESS
12864,4,17,3240.40,2026-08-24 08:50:00,PENDING
12865,4,11,854.80,2026-08-14 08:11:00,REFUNDED
12866,2,3,3544.80,2026-08-10 03:35:00,PENDING
12867,10,11,4764.90,2026-08-03 20:05:00,FAILED
12868,3,12,4453.00,2026-08-05 14:57:00,SUCCESS
12869,2,1,2753.00,2026-08-21 15:22:00,FAILED
12870,10,13,3869.00,2026-08-02 02:48:00,PENDING
12871,2,10,4186.90,2026-08-21 12:55:00,REFUNDED
12872,7,5,469.80,2026-08-16 02:03:00,PENDING
12873,4,19,735.80,2026-08-03 10:18:00,PENDING
12874,5,8,2481.10,2026-08-03 03:43:00,FAILED
12875,3,14,3293.80,2026-08-05 21:40:00,FAILED
12876,1,2,4259.40,2026-08-09 07:10:00,SUCCESS
12877,7,2,2276.80,2026-08-29 06:24:00,SUCCESS
12878,4,8,4300.30,2026-08-30 23:52:00,SUCCESS
12879,9,14,1603.80,2026-08-14 19:51:00,PENDING
12880,5,18,545.00,2026-08-24 11:26:00,PENDING
12881,1,3,3233.10,2026-08-19 10:31:00,SUCCESS
12882,7,20,4713.90,2026-08-03 09:32:00,SUCCESS
12883,9,2,2167.30,2026-08-01 20:56:00,REFUNDED
12884,4,4,4728.90,2026-08-03 03:40:00,REFUNDED
12885,6,19,2061.60,2026-08-09 20:16:00,SUCCESS
12886,8,9,783.10,2026-08-15 22:18:00,PENDING
12887,9,4,1615.00,2026-08-18 04:03:00,REFUNDED
12888,1,10,2449.10,2026-08-21 23:09:00,REFUNDED
12889,1,1,1852.60,2026-08-07 19:50:00,SUCCESS
12890,3,8,1165.30,2026-08-04 22:33:00,PENDING
12891,4,9,446.50,2026-08-15 11:27:00,SUCCESS
12892,6,16,3865.50,2026-08-22 12:32:00,PENDING
12893,5,17,3872.60,2026-08-13 05:26:00,REFUNDED
12894,5,8,2749.20,2026-08-08 15:02:00,PENDING
12895,5,20,2728.70,2026-08-02 19:21:00,PENDING
12896,8,11,236.90,2026-08-26 20:20:00,PENDING
12897,5,10,452.90,2026-08-13 13:59:00,PENDING
12898,4,1,1779.50,2026-08-21 22:49:00,REFUNDED
12899,5,6,4849.20,2026-08-08 07:36:00,PENDING
12900,6,19,3328.70,2026-08-27 08:16:00,SUCCESS
12901,1,7,835.50,2026-08-27 02:25:00,SUCCESS
12902,8,9,4665.10,2026-08-29 06:38:00,SUCCESS
12903,8,12,4521.50,2026-08-12 10:54:00,SUCCESS
12904,3,20,4911.90,2026-08-12 17:45:00,REFUNDED
12905,3,18,4418.40,2026-08-12 13:25:00,REFUNDED
12906,7,13,3855.40,2026-08-10 01:06:00,SUCCESS
12907,9,7,4351.60,2026-08-12 22:46:00,PENDING
12908,4,20,563.70,2026-08-10 06:37:00,PENDING
12909,7,3,4315.50,2026-08-27 21:56:00,FAILED
12910,8,10,694.00,2026-08-30 08:28:00,REFUNDED
12911,2,9,4365.50,2026-08-22 17:25:00,PENDING
12912,3,11,3504.60,2026-08-03 00:18:00,SUCCESS
12913,7,6,2256.40,2026-08-06 14:25:00,PENDING
12914,1,11,3580.60,2026-08-30 15:54:00,REFUNDED
12915,2,1,3026.80,2026-08-06 11:23:00,FAILED
12916,8,7,3676.30,2026-08-09 23:15:00,SUCCESS
12917,3,17,542.60,2026-08-15 20:42:00,PENDING
12918,7,18,2168.90,2026-08-08 11:36:00,FAILED
12919,10,12,4258.10,2026-08-17 17:22:00,FAILED
12920,8,16,2453.60,2026-08-24 01:14:00,SUCCESS
12921,2,16,3389.00,2026-08-22 23:40:00,REFUNDED
12922,6,10,949.00,2026-08-08 17:21:00,SUCCESS
12923,4,18,2900.20,2026-08-26 15:56:00,PENDING
12924,5,15,2865.30,2026-08-13 00:01:00,SUCCESS
12925,8,9,2697.90,2026-08-03 07:30:00,FAILED
12926,10,7,4069.00,2026-08-16 06:09:00,FAILED
12927,2,17,3463.20,2026-08-26 10:15:00,REFUNDED
12928,7,4,4629.60,2026-08-24 03:52:00,FAILED
12929,2,1,566.50,2026-08-15 06:48:00,REFUNDED
12930,9,4,4840.70,2026-08-08 14:58:00,FAILED
12931,1,7,2524.30,2026-08-13 22:32:00,SUCCESS
12932,1,19,530.70,2026-08-25 21:34:00,REFUNDED
12933,9,7,3454.90,2026-08-08 18:10:00,REFUNDED
12934,5,12,3469.90,2026-08-09 18:17:00,REFUNDED
12935,2,19,205.10,2026-08-03 05:16:00,SUCCESS
12936,8,13,751.80,2026-08-25 13:57:00,PENDING
12937,3,4,2131.10,2026-08-06 09:54:00,REFUNDED
12938,8,10,3611.30,2026-08-16 01:02:00,SUCCESS
12939,6,15,1881.00,2026-08-10 15:05:00,REFUNDED
12940,10,14,2614.10,2026-08-22 07:46:00,SUCCESS
12941,10,12,3137.00,2026-08-09 18:39:00,FAILED
12942,10,19,1010.20,2026-08-02 13:15:00,REFUNDED
12943,2,8,2206.80,2026-08-30 21:56:00,FAILED
12944,9,3,1630.60,2026-08-26 19:49:00,PENDING
12945,3,4,202.70,2026-08-12 18:56:00,PENDING
12946,9,7,4493.30,2026-08-15 11:20:00,SUCCESS
12947,6,12,4972.30,2026-08-08 20:41:00,PENDING
12948,7,14,2916.20,2026-08-05 19:02:00,SUCCESS
12949,8,9,1976.30,2026-08-27 18:56:00,SUCCESS
12950,4,14,4983.30,2026-08-20 23:47:00,SUCCESS
12951,9,5,4794.20,2026-08-06 22:10:00,PENDING
12952,6,3,3565.90,2026-08-14 09:54:00,PENDING
12953,3,4,2521.30,2026-08-06 04:51:00,PENDING
12954,3,2,1506.10,2026-08-15 05:49:00,PENDING
12955,2,12,3910.80,2026-08-02 14:31:00,REFUNDED
12956,9,17,845.80,2026-08-22 13:35:00,SUCCESS
12957,4,5,3515.30,2026-08-15 17:56:00,PENDING
12958,5,17,4953.80,2026-08-16 21:23:00,SUCCESS
12959,8,19,1925.80,2026-08-15 22:05:00,REFUNDED
12960,1,16,1812.90,2026-08-30 06:16:00,FAILED
12961,1,14,3917.10,2026-08-16 13:42:00,SUCCESS
12962,4,1,2721.40,2026-08-20 04:56:00,PENDING
12963,5,17,1921.80,2026-08-05 12:37:00,SUCCESS
12964,4,20,2056.60,2026-08-25 08:05:00,FAILED
12965,4,19,3570.40,2026-08-08 11:12:00,PENDING
12966,8,20,2396.50,2026-08-25 00:49:00,REFUNDED
12967,5,16,3877.50,2026-08-11 08:45:00,SUCCESS
12968,9,3,4366.30,2026-08-30 17:55:00,REFUNDED
12969,5,6,4241.20,2026-08-09 06:04:00,SUCCESS
12970,2,16,4056.40,2026-08-30 21:18:00,REFUNDED
12971,6,7,1877.60,2026-08-28 22:11:00,REFUNDED
12972,5,15,1101.20,2026-08-12 16:10:00,REFUNDED
12973,8,16,4390.20,2026-08-10 02:16:00,FAILED
12974,1,9,3382.50,2026-08-18 02:49:00,REFUNDED
12975,3,1,3964.70,2026-08-09 15:50:00,REFUNDED
12976,5,3,1357.20,2026-08-28 01:49:00,FAILED
12977,1,16,4929.90,2026-08-20 12:55:00,PENDING
12978,1,14,3591.80,2026-08-15 12:39:00,FAILED
12979,7,2,1982.50,2026-08-10 03:38:00,REFUNDED
12980,4,12,1722.80,2026-08-30 09:09:00,FAILED
12981,1,16,1184.50,2026-08-20 00:38:00,FAILED
12982,7,11,1828.40,2026-08-10 13:16:00,REFUNDED
12983,5,19,3662.00,2026-08-11 19:58:00,PENDING
12984,10,20,4700.50,2026-08-11 06:18:00,REFUNDED
12985,7,4,2037.50,2026-08-22 12:41:00,FAILED
12986,9,16,3082.60,2026-08-21 13:37:00,REFUNDED
12987,4,3,3777.60,2026-08-09 11:42:00,SUCCESS
12988,2,19,50.50,2026-08-10 06:22:00,FAILED
12989,1,15,3002.40,2026-08-28 20:39:00,REFUNDED
12990,1,1,1833.30,2026-08-09 05:31:00,FAILED
12991,10,5,2695.90,2026-08-23 23:04:00,SUCCESS
12992,5,5,296.10,2026-08-27 04:53:00,FAILED
12993,8,1,4280.20,2026-08-21 02:41:00,PENDING
12994,9,11,3960.80,2026-08-13 21:56:00,FAILED
12995,9,3,724.70,2026-08-07 21:56:00,SUCCESS
12996,7,13,3470.40,2026-08-01 13:17:00,PENDING
12997,2,20,626.50,2026-08-13 01:37:00,REFUNDED
12998,5,20,703.50,2026-08-14 11:21:00,FAILED
12999,3,18,1133.80,2026-08-11 02:28:00,FAILED
13000,1,18,4840.30,2026-08-28 12:56:00,REFUNDED
13001,10,7,1451.50,2026-08-03 20:37:00,SUCCESS
13002,10,10,1652.50,2026-08-11 23:01:00,FAILED
13003,7,13,4847.90,2026-08-18 02:06:00,FAILED
13004,7,11,2656.90,2026-08-22 23:23:00,SUCCESS
13005,2,11,4506.10,2026-08-18 10:40:00,PENDING
13006,4,15,3240.90,2026-08-26 18:14:00,REFUNDED
13007,6,16,3525.90,2026-08-17 09:17:00,FAILED
13008,6,7,2645.80,2026-08-07 12:01:00,FAILED
13009,5,7,4522.50,2026-08-06 09:20:00,PENDING
13010,1,5,1938.40,2026-08-15 15:31:00,REFUNDED
13011,3,16,1241.90,2026-08-30 07:40:00,REFUNDED
13012,2,1,4933.10,2026-08-28 04:39:00,PENDING
13013,4,10,2332.60,2026-08-25 11:26:00,PENDING
13014,1,10,3281.30,2026-08-24 18:19:00,REFUNDED
13015,6,17,3188.10,2026-08-24 13:19:00,FAILED
13016,5,4,4423.30,2026-08-26 01:16:00,PENDING
13017,2,13,1248.60,2026-08-24 13:58:00,PENDING
13018,4,16,3302.40,2026-08-09 21:16:00,FAILED
13019,1,14,3237.50,2026-08-30 06:39:00,PENDING
13020,9,19,3447.80,2026-08-04 20:36:00,REFUNDED
13021,10,8,4586.90,2026-08-20 07:33:00,SUCCESS
13022,3,8,393.70,2026-08-26 09:41:00,REFUNDED
13023,9,7,1254.00,2026-08-25 08:50:00,FAILED
13024,3,17,2517.50,2026-08-27 06:20:00,FAILED
13025,8,11,1315.80,2026-08-26 08:59:00,PENDING
13026,5,10,1892.50,2026-08-08 21:49:00,PENDING
13027,3,20,2838.50,2026-08-25 19:07:00,SUCCESS
13028,10,9,3136.80,2026-08-29 23:47:00,PENDING
13029,7,13,3010.00,2026-08-30 06:07:00,REFUNDED
13030,6,15,3968.20,2026-08-23 12:23:00,REFUNDED
13031,2,6,359.60,2026-08-20 18:25:00,PENDING
13032,7,19,2681.60,2026-08-29 12:59:00,FAILED
13033,1,10,4798.60,2026-08-07 07:58:00,SUCCESS
13034,8,2,2412.50,2026-08-07 04:19:00,PENDING
13035,10,19,3924.10,2026-08-21 15:41:00,FAILED
13036,5,18,1111.00,2026-08-01 23:00:00,SUCCESS
13037,3,20,1125.20,2026-08-13 13:42:00,PENDING
13038,6,4,4165.50,2026-08-10 03:31:00,REFUNDED
13039,5,6,2597.20,2026-08-26 00:51:00,SUCCESS
13040,1,12,1685.30,2026-08-21 04:19:00,SUCCESS
13041,2,1,4842.80,2026-08-16 02:40:00,REFUNDED
13042,7,8,4936.30,2026-08-21 01:51:00,REFUNDED
13043,5,3,3853.50,2026-08-08 23:06:00,FAILED
13044,4,7,1163.40,2026-08-02 15:12:00,FAILED
13045,4,11,4182.30,2026-08-29 20:37:00,REFUNDED
13046,8,13,86.50,2026-08-04 19:36:00,FAILED
13047,1,16,1162.60,2026-08-15 15:24:00,FAILED
13048,2,19,1631.20,2026-08-13 04:10:00,PENDING
13049,3,13,2153.20,2026-08-27 23:10:00,PENDING
13050,8,15,2095.50,2026-08-10 10:46:00,REFUNDED
13051,3,18,2481.80,2026-08-15 05:27:00,FAILED
13052,10,10,2814.20,2026-08-03 02:48:00,FAILED
13053,2,15,2538.50,2026-08-30 21:06:00,SUCCESS
13054,9,7,1189.40,2026-08-27 19:17:00,PENDING
13055,7,3,72.50,2026-08-28 04:01:00,FAILED
13056,10,19,4938.60,2026-08-13 00:00:00,FAILED
13057,10,19,3899.70,2026-08-19 07:50:00,SUCCESS
13058,7,8,1184.90,2026-08-13 01:06:00,PENDING
13059,9,8,2899.60,2026-08-07 16:11:00,PENDING
13060,7,11,3406.00,2026-08-09 18:26:00,PENDING
13061,10,4,2136.30,2026-08-20 18:43:00,REFUNDED
13062,7,13,4529.70,2026-08-01 21:53:00,REFUNDED
13063,5,5,2826.90,2026-08-08 16:37:00,SUCCESS
13064,8,15,3350.00,2026-08-09 14:48:00,FAILED
13065,5,1,3686.30,2026-08-22 15:47:00,SUCCESS
13066,6,19,2343.30,2026-08-25 18:56:00,REFUNDED
13067,4,17,3526.80,2026-08-22 05:38:00,PENDING
13068,4,20,3925.90,2026-08-31 05:55:00,SUCCESS
13069,9,3,495.40,2026-08-05 04:47:00,REFUNDED
13070,9,6,3487.50,2026-08-17 08:39:00,FAILED
13071,10,20,4426.80,2026-08-17 17:09:00,SUCCESS
13072,3,13,1438.50,2026-08-30 03:31:00,REFUNDED
13073,1,7,1645.30,2026-08-11 00:44:00,REFUNDED
13074,6,4,649.90,2026-08-14 21:31:00,SUCCESS
13075,6,14,2376.80,2026-08-17 20:02:00,SUCCESS
13076,10,15,4037.50,2026-08-10 10:20:00,REFUNDED
13077,2,19,835.10,2026-08-25 19:29:00,REFUNDED
13078,2,10,4994.70,2026-08-29 02:59:00,PENDING
13079,1,5,2796.50,2026-08-25 20:06:00,PENDING
13080,10,5,884.50,2026-08-09 16:46:00,SUCCESS
13081,6,4,3006.00,2026-08-30 11:03:00,FAILED
13082,10,16,4116.70,2026-08-31 07:49:00,PENDING
13083,2,11,2584.00,2026-08-13 10:40:00,SUCCESS
13084,4,11,1812.30,2026-08-13 00:27:00,REFUNDED
13085,9,5,5020.80,2026-08-06 23:25:00,FAILED
13086,3,7,3476.20,2026-08-17 16:56:00,PENDING
13087,4,10,919.90,2026-08-28 16:33:00,PENDING
13088,3,7,4924.30,2026-08-08 03:32:00,PENDING
13089,5,7,2936.40,2026-08-09 00:00:00,SUCCESS
13090,1,17,1961.50,2026-08-20 20:08:00,PENDING
13091,7,19,1288.50,2026-08-09 22:50:00,REFUNDED
13092,9,5,4855.30,2026-08-24 11:42:00,REFUNDED
13093,1,100.00
13094,10,15,359.10,2026-08-04 10:23:00,FAILED
13095,4,7,4316.60,2026-08-03 18:10:00,FAILED
13096,7,17,4071.00,2026-08-31 06:14:00,PENDING
13097,5,12,3660.50,2026-08-23 16:58:00,FAILED
13098,1,4,3340.70,2026-08-14 04:00:00,SUCCESS
13099,5,8,2142.30,2026-08-14 13:08:00,REFUNDED
13100,5,15,4392.80,2026-08-18 03:09:00,SUCCESS
13101,9,17,2367.10,2026-08-09 02:47:00,FAILED
13102,4,13,906.70,2026-08-10 14:26:00,FAILED
13103,10,18,2175.60,2026-08-07 05:13:00,PENDING
13104,10,13,3808.00,2026-08-02 08:11:00,SUCCESS
13105,8,19,2927.40,2026-08-29 16:03:00,PENDING
13106,8,8,4998.50,2026-08-11 04:04:00,PENDING
13107,1,1,5000,2026-08-01 12:00:00,UNKNOWN_STATUS
13108,6,17,2412.80,2026-08-12 14:05:00,FAILED
13109,10,9,4421.10,2026-08-25 16:53:00,REFUNDED
13110,3,9,2613.10,2026-08-21 17:39:00,SUCCESS
13111,8,16,1381.90,2026-08-07 14:46:00,FAILED
13112,3,1,3849.10,2026-08-04 02:24:00,FAILED
13113,3,9,375.10,2026-08-22 02:03:00,FAILED
13114,10,17,1047.90,2026-08-18 04:53:00,PENDING
13115,10,13,2627.90,2026-08-10 08:37:00,FAILED
13116,10,16,3484.70,2026-08-20 16:11:00,PENDING
13117,7,19,1810.10,2026-08-13 20:02:00,FAILED
13118,9,11,4753.70,2026-08-13 19:34:00,PENDING
13119,10,8,1349.40,2026-08-03 19:04:00,PENDING
13120,6,16,4773.30,2026-08-06 16:54:00,SUCCESS
13121,1,10,2129.50,2026-08-10 08:18:00,SUCCESS
13122,4,6,1512.60,2026-08-28 08:45:00,SUCCESS
13123,3,11,4540.30,2026-08-28 19:26:00,FAILED
13124,4,9,2753.90,2026-08-22 05:52:00,FAILED
13125,3,3,2995.40,2026-08-31 02:05:00,FAILED
13126,6,20,2793.80,2026-08-30 03:37:00,REFUNDED
13127,5,16,973.70,2026-08-09 09:35:00,REFUNDED
13128,6,7,2933.50,2026-08-15 10:43:00,FAILED
13129,5,6,1934.00,2026-08-05 00:52:00,FAILED
13130,9,13,4291.90,2026-08-11 09:11:00,REFUNDED
13131,10,10,1079.90,2026-08-25 09:12:00,FAILED
13132,3,13,3434.50,2026-08-25 20:20:00,SUCCESS
13133,1,14,1471.10,2026-08-22 13:14:00,SUCCESS
13134,8,6,1554.20,2026-08-29 15:34:00,PENDING
13135,6,3,993.30,2026-08-11 19:58:00,FAILED
13136,8,9,1055.30,2026-08-06 19:28:00,REFUNDED
13137,7,2,4102.00,2026-08-25 08:31:00,PENDING
13138,1,17,3805.90,2026-08-19 15:50:00,PENDING
13139,5,19,855.40,2026-08-10 10:03:00,PENDING
13140,2,1,3460.40,2026-08-15 16:58:00,FAILED
13141,6,1,4095.20,2026-08-04 06:21:00,REFUNDED
13142,8,2,1798.50,2026-08-26 11:50:00,FAILED
13143,8,6,83.80,2026-08-22 14:06:00,FAILED
13144,2,2,1104.70,2026-08-07 03:34:00,SUCCESS
13145,3,16,3988.70,2026-08-14 14:28:00,REFUNDED
13146,6,10,492.00,2026-08-01 22:23:00,REFUNDED
13147,5,16,3305.70,2026-08-07 19:35:00,FAILED
13148,5,12,2311.70,2026-08-24 01:44:00,FAILED
13149,7,5,3721.50,2026-08-18 02:18:00,SUCCESS
13150,5,13,1693.90,2026-08-22 07:01:00,PENDING
13151,7,14,1900.20,2026-08-22 17:58:00,REFUNDED
13152,5,14,801.30,2026-08-15 03:53:00,FAILED
13153,2,19,3434.40,2026-08-14 23:28:00,PENDING
13154,6,18,4066.30,2026-08-23 08:38:00,FAILED
13155,4,10,2724.90,2026-08-16 20:43:00,FAILED
13156,9,6,237.30,2026-08-23 16:06:00,PENDING
13157,1,1,5000,2026-08-01 12:00:00,UNKNOWN_STATUS
13158,2,11,2634.20,2026-08-16 04:57:00,FAILED
13159,9,12,427.90,2026-08-13 22:18:00,SUCCESS
13160,5,20,2120.70,2026-08-29 17:16:00,REFUNDED
13161,7,18,797.10,2026-08-20 03:20:00,SUCCESS
13162,3,20,2472.30,2026-08-04 10:03:00,FAILED
13163,2,15,2076.90,2026-08-27 03:22:00,SUCCESS
13164,3,1,4396.50,2026-08-29 06:52:00,FAILED
13165,6,18,2115.20,2026-08-10 07:44:00,PENDING
13166,7,2,423.90,2026-08-09 06:03:00,REFUNDED
13167,6,9,4446.40,2026-08-02 00:35:00,REFUNDED
13168,9,11,505.70,2026-08-23 16:29:00,SUCCESS
13169,8,9,272.10,2026-08-30 02:36:00,REFUNDED
13170,10,7,3943.70,2026-08-06 11:28:00,FAILED
13171,8,6,353.30,2026-08-04 19:33:00,SUCCESS
13172,9,7,4957.40,2026-08-16 19:32:00,SUCCESS
13173,7,14,3045.20,2026-08-11 00:45:00,REFUNDED
13174,8,6,2332.50,2026-08-15 21:16:00,SUCCESS
13175,7,19,3535.80,2026-08-12 15:18:00,SUCCESS
13176,1,11,3763.90,2026-08-06 20:53:00,REFUNDED
13177,10,17,841.20,2026-08-29 07:38:00,REFUNDED
13178,9,18,4866.50,2026-08-24 01:14:00,FAILED
13179,2,2,206.80,2026-08-29 17:27:00,REFUNDED
13180,7,19,3116.30,2026-08-20 20:13:00,SUCCESS
13181,6,19,4235.10,2026-08-26 21:52:00,PENDING
13182,2,8,2243.30,2026-08-23 18:38:00,FAILED
13183,4,19,234.50,2026-08-04 17:05:00,FAILED
13184,9,18,481.20,2026-08-20 17:20:00,PENDING
13185,1,100.00
13186,4,3,3117.20,2026-08-26 01:47:00,REFUNDED
13187,2,18,1623.90,2026-08-29 15:38:00,PENDING
13188,3,9,4634.80,2026-08-03 21:22:00,PENDING
13189,6,7,1165.60,2026-08-20 20:40:00,SUCCESS
13190,4,2,223.50,2026-08-23 08:19:00,PENDING
13191,2,8,5021.90,2026-08-22 12:57:00,FAILED
13192,3,4,4382.10,2026-08-28 17:13:00,SUCCESS
13193,9,6,5000.40,2026-08-29 05:28:00,REFUNDED
13194,2,14,3907.50,2026-08-27 05:00:00,SUCCESS
13195,2,4,1480.70,2026-08-26 00:06:00,SUCCESS
13196,9,2,518.00,2026-08-02 23:28:00,PENDING
13197,10,19,1764.80,2026-08-15 03:25:00,SUCCESS
13198,9,9,2490.50,2026-08-08 21:42:00,SUCCESS
13199,9,10,2874.90,2026-08-03 00:21:00,REFUNDED
13200,9,2,2637.10,2026-08-18 03:11:00,PENDING
13201,1,7,1190.20,2026-08-04 04:25:00,REFUNDED
13202,3,6,4305.00,2026-08-12 05:58:00,PENDING
13203,2,9,1802.00,2026-08-06 03:01:00,REFUNDED
13204,7,11,1862.70,2026-08-23 22:45:00,PENDING
13205,6,13,2106.30,2026-08-27 16:26:00,PENDING
13206,5,17,4607.70,2026-08-19 02:03:00,FAILED
13207,7,17,4558.20,2026-08-02 08:12:00,SUCCESS
13208,10,1,1807.70,2026-08-20 07:49:00,FAILED
13209,9,12,4248.20,2026-08-23 21:47:00,FAILED
13210,7,5,4811.50,2026-08-29 07:33:00,PENDING
13211,3,18,3742.30,2026-08-09 10:51:00,SUCCESS
13212,9,10,3927.70,2026-08-17 12:01:00,REFUNDED
13213,7,7,599.80,2026-08-04 11:11:00,FAILED
13214,2,4,4989.20,2026-08-30 07:30:00,FAILED
13215,7,2,1019.10,2026-08-20 05:03:00,PENDING
13216,10,6,1415.00,2026-08-06 22:06:00,SUCCESS
13217,9,18,4597.10,2026-08-16 05:24:00,FAILED
13218,7,8,310.30,2026-08-10 04:35:00,SUCCESS
13219,7,19,3997.90,2026-08-08 07:41:00,REFUNDED
13220,1,9,4239.60,2026-08-19 21:16:00,FAILED
13221,2,11,2893.80,2026-08-11 11:59:00,PENDING
13222,3,19,4146.90,2026-08-23 04:36:00,SUCCESS
13223,1,1,5000,INVALID_DATE_TIME,SUCCESS
13224,1,13,2824.80,2026-08-07 06:39:00,PENDING
13225,1,12,2543.10,2026-08-15 19:21:00,FAILED
13226,2,11,1525.80,2026-08-23 15:10:00,FAILED
13227,2,19,2291.40,2026-08-30 08:07:00,PENDING
13228,8,15,1378.70,2026-08-08 09:04:00,SUCCESS
13229,1,2,1093.00,2026-08-06 23:17:00,PENDING
13230,5,11,1005.30,2026-08-18 17:55:00,PENDING
13231,1,8,1069.80,2026-08-16 13:21:00,FAILED
13232,4,11,104.70,2026-08-04 07:53:00,SUCCESS
13233,5,2,3852.90,2026-08-16 10:39:00,FAILED
13234,6,13,4537.70,2026-08-25 01:08:00,REFUNDED
13235,7,11,3953.80,2026-08-05 07:54:00,SUCCESS
13236,8,6,2324.70,2026-08-10 04:27:00,PENDING
13237,7,11,2913.20,2026-08-07 03:21:00,REFUNDED
13238,8,20,4567.70,2026-08-22 09:06:00,REFUNDED
13239,6,6,4692.60,2026-08-15 03:49:00,SUCCESS
13240,3,1,418.60,2026-08-14 14:15:00,REFUNDED
13241,3,14,1769.90,2026-08-18 16:59:00,SUCCESS
13242,9,6,630.00,2026-08-03 18:55:00,REFUNDED
13243,10,1,2811.10,2026-08-21 15:33:00,REFUNDED
13244,10,5,74.90,2026-08-08 00:10:00,SUCCESS
13245,7,16,3811.00,2026-08-10 00:07:00,REFUNDED
13246,2,6,3846.60,2026-08-18 10:10:00,FAILED
13247,5,13,4278.00,2026-08-02 23:10:00,SUCCESS
13248,5,15,1372.10,2026-08-21 19:30:00,REFUNDED
13249,3,18,2525.70,2026-08-18 11:33:00,PENDING
13250,7,2,4404.50,2026-08-12 22:04:00,SUCCESS
13251,5,12,3913.50,2026-08-01 14:21:00,REFUNDED
13252,3,14,2056.00,2026-08-28 10:44:00,FAILED
13253,9,3,5040.80,2026-08-11 00:02:00,FAILED
13254,9,7,4330.50,2026-08-21 15:12:00,SUCCESS
13255,2,13,4639.60,2026-08-11 18:47:00,SUCCESS
13256,8,8,1101.50,2026-08-28 11:00:00,PENDING
13257,10,9,146.70,2026-08-07 14:39:00,FAILED
13258,3,13,1767.10,2026-08-09 00:38:00,PENDING
13259,4,16,805.10,2026-08-29 12:11:00,PENDING
13260,8,17,3836.70,2026-08-06 11:45:00,PENDING
13261,6,17,1694.20,2026-08-03 16:39:00,REFUNDED
13262,8,19,2267.00,2026-08-08 01:57:00,PENDING
13263,2,14,1547.50,2026-08-24 05:30:00,FAILED
13264,3,14,4814.30,2026-08-14 16:35:00,REFUNDED
13265,10,2,3911.20,2026-08-04 10:03:00,REFUNDED
13266,2,2,4473.20,2026-08-23 20:01:00,SUCCESS
13267,7,12,3936.70,2026-08-11 13:13:00,PENDING
13268,7,5,1690.30,2026-08-27 14:15:00,FAILED
13269,1,100.00
13270,7,6,3825.20,2026-08-31 02:24:00,REFUNDED
13271,8,11,3483.30,2026-08-22 08:49:00,FAILED
13272,8,11,85.10,2026-08-22 06:59:00,REFUNDED
13273,8,11,2082.50,2026-08-26 10:31:00,REFUNDED
13274,8,18,3759.10,2026-08-07 22:40:00,FAILED
13275,7,12,4070.80,2026-08-13 10:56:00,FAILED
13276,10,14,2241.60,2026-08-22 14:57:00,SUCCESS
13277,5,11,1393.20,2026-08-12 20:16:00,PENDING
13278,6,11,3746.00,2026-08-23 16:46:00,REFUNDED
13279,3,7,3009.10,2026-08-10 04:01:00,SUCCESS
13280,9,15,3408.00,2026-08-11 14:30:00,FAILED
13281,8,18,660.00,2026-08-15 04:36:00,SUCCESS
13282,7,2,1068.60,2026-08-02 08:27:00,FAILED
13283,10,5,1948.90,2026-08-17 18:08:00,REFUNDED
13284,9,15,2173.00,2026-08-14 19:48:00,REFUNDED
13285,9,10,4072.50,2026-08-23 19:20:00,REFUNDED
13286,6,6,667.80,2026-08-17 08:43:00,PENDING
13287,6,14,381.00,2026-08-16 12:24:00,REFUNDED
13288,10,5,3501.20,2026-08-10 03:26:00,PENDING
13289,1,1,5000,2026-08-01 12:00:00,UNKNOWN_STATUS
13290,8,15,4390.20,2026-08-17 21:54:00,FAILED
13291,6,5,613.90,2026-08-18 08:45:00,FAILED
13292,4,9,4613.30,2026-08-20 21:20:00,FAILED
13293,8,11,2766.30,2026-08-08 22:13:00,REFUNDED
13294,10,12,805.00,2026-08-26 23:51:00,PENDING
13295,2,16,1962.50,2026-08-07 12:20:00,FAILED
13296,10,6,3843.00,2026-08-06 21:41:00,REFUNDED
13297,9,9,1920.90,2026-08-10 05:48:00,REFUNDED
13298,5,17,4503.60,2026-08-27 12:23:00,FAILED
13299,1,2,5026.50,2026-08-07 16:14:00,REFUNDED
13300,4,1,1275.20,2026-08-04 14:54:00,REFUNDED
13301,7,5,3990.10,2026-08-17 06:26:00,PENDING
13302,4,6,1543.70,2026-08-13 10:21:00,FAILED
13303,7,14,4235.30,2026-08-31 04:05:00,FAILED
13304,8,10,1669.70,2026-08-25 18:05:00,SUCCESS
13305,10,14,2632.40,2026-08-06 09:39:00,PENDING
13306,8,6,2159.90,2026-08-30 21:10:00,FAILED
13307,7,15,4809.50,2026-08-05 22:40:00,FAILED
13308,2,8,1286.30,2026-08-05 11:19:00,FAILED
13309,10,16,3105.30,2026-08-07 12:54:00,REFUNDED
13310,7,15,4856.60,2026-08-11 18:37:00,FAILED
13311,9,4,3752.70,2026-08-27 09:24:00,FAILED
13312,1,13,4053.50,2026-08-13 03:50:00,SUCCESS
13313,8,10,4737.70,2026-08-07 17:24:00,FAILED
13314,3,10,2678.30,2026-08-03 18:32:00,PENDING
13315,8,3,4453.60,2026-08-28 06:48:00,FAILED
13316,1,4,2111.20,2026-08-06 02:10:00,SUCCESS
13317,2,9,1863.40,2026-08-06 15:57:00,REFUNDED
13318,8,14,541.20,2026-08-24 15:54:00,REFUNDED
13319,9,10,5021.60,2026-08-17 09:27:00,FAILED
13320,5,8,387.50,2026-08-05 07:15:00,PENDING
13321,5,3,255.80,2026-08-08 13:31:00,SUCCESS
13322,5,18,3353.10,2026-08-05 07:48:00,REFUNDED
13323,3,16,1677.10,2026-08-20 06:41:00,SUCCESS
13324,10,20,2943.20,2026-08-26 11:19:00,PENDING
13325,10,8,4216.50,2026-08-04 17:53:00,PENDING
13326,4,20,781.60,2026-08-13 04:00:00,REFUNDED
13327,1,18,4487.80,2026-08-10 13:50:00,SUCCESS
13328,7,13,4942.70,2026-08-25 13:10:00,FAILED
13329,3,9,538.60,2026-08-03 09:40:00,FAILED
13330,8,18,838.70,2026-08-30 02:28:00,REFUNDED
13331,10,19,1151.60,2026-08-03 06:35:00,FAILED
13332,5,9,4256.20,2026-08-12 20:54:00,PENDING
13333,1,1,NOT_A_NUMBER,2026-08-01 12:00:00,SUCCESS
13334,2,4,4525.10,2026-08-03 18:58:00,REFUNDED
13335,8,19,2883.60,2026-08-01 13:57:00,FAILED
13336,8,2,2034.70,2026-08-28 17:12:00,FAILED
13337,8,11,658.80,2026-08-30 00:36:00,PENDING
13338,1,13,2283.80,2026-08-29 13:52:00,FAILED
13339,1,18,2758.70,2026-08-07 08:22:00,PENDING
13340,9,7,2764.20,2026-08-04 12:23:00,PENDING
13341,1,19,4486.70,2026-08-17 15:42:00,REFUNDED
13342,6,8,3758.30,2026-08-15 04:36:00,FAILED
13343,3,14,324.10,2026-08-05 04:28:00,REFUNDED
13344,4,10,3278.20,2026-08-18 14:48:00,FAILED
13345,9,12,2602.70,2026-08-09 14:37:00,PENDING
13346,6,5,871.30,2026-08-10 15:35:00,REFUNDED
13347,3,6,1432.80,2026-08-12 10:42:00,PENDING
13348,5,11,1833.30,2026-08-27 18:59:00,SUCCESS
13349,10,1,3519.10,2026-08-26 05:00:00,REFUNDED
13350,6,15,982.10,2026-08-11 15:58:00,REFUNDED
13351,1,15,2982.70,2026-08-20 01:58:00,PENDING
13352,6,13,133.50,2026-08-03 17:37:00,REFUNDED
13353,10,15,2998.70,2026-08-29 07:32:00,PENDING
13354,1,17,1895.10,2026-08-08 03:19:00,SUCCESS
13355,6,14,2692.80,2026-08-30 21:26:00,REFUNDED
13356,5,8,3891.60,2026-08-09 14:47:00,REFUNDED
13357,6,9,960.10,2026-08-08 03:53:00,PENDING
13358,6,2,971.70,2026-08-26 19:23:00,PENDING
13359,8,7,2956.90,2026-08-30 15:12:00,SUCCESS
13360,9,12,4536.90,2026-08-26 14:42:00,REFUNDED
13361,8,11,2946.60,2026-08-21 08:07:00,REFUNDED
13362,10,16,1071.00,2026-08-27 19:16:00,FAILED
13363,6,9,3135.70,2026-08-28 13:21:00,FAILED
13364,2,6,2330.20,2026-08-06 23:54:00,FAILED
13365,6,19,2628.70,2026-08-17 14:39:00,SUCCESS
13366,9,18,1760.10,2026-08-11 07:11:00,PENDING
13367,4,17,389.50,2026-08-14 04:21:00,REFUNDED
13368,10,14,3873.10,2026-08-19 03:23:00,REFUNDED
13369,2,15,4258.80,2026-08-01 09:43:00,FAILED
13370,4,17,3643.00,2026-08-13 09:11:00,SUCCESS
13371,10,19,4937.10,2026-08-21 01:41:00,SUCCESS
13372,4,13,4393.30,2026-08-05 16:14:00,FAILED
13373,2,19,2051.80,2026-08-21 17:25:00,PENDING
13374,3,8,4076.30,2026-08-02 11:55:00,SUCCESS
13375,7,13,3848.90,2026-08-08 22:33:00,REFUNDED
13376,1,1,NOT_A_NUMBER,2026-08-01 12:00:00,SUCCESS
13377,10,17,2999.70,2026-08-17 01:18:00,FAILED
13378,2,15,717.90,2026-08-22 00:50:00,FAILED
13379,7,15,2470.70,2026-08-09 01:21:00,SUCCESS
13380,3,8,938.60,2026-08-26 10:16:00,REFUNDED
13381,7,14,4698.80,2026-08-23 07:28:00,REFUNDED
13382,10,20,2024.80,2026-08-08 09:51:00,PENDING
13383,9,19,2131.70,2026-08-10 19:49:00,REFUNDED
13384,6,8,2558.90,2026-08-16 21:10:00,PENDING
13385,5,9,3639.00,2026-08-25 06:34:00,FAILED
13386,9,8,734.30,2026-08-20 06:43:00,REFUNDED
13387,2,11,1840.50,2026-08-24 02:37:00,REFUNDED
13388,3,4,1631.60,2026-08-27 12:28:00,PENDING
13389,2,9,2661.90,2026-08-29 11:19:00,REFUNDED
13390,3,10,1777.50,2026-08-22 17:12:00,SUCCESS
13391,5,8,3034.80,2026-08-23 13:11:00,REFUNDED
13392,10,6,4551.70,2026-08-22 06:21:00,FAILED
13393,5,17,4271.80,2026-08-21 13:05:00,FAILED
13394,4,13,2826.50,2026-08-07 14:48:00,SUCCESS
13395,5,6,4618.50,2026-08-09 09:41:00,FAILED
13396,7,5,271.10,2026-08-17 01:41:00,FAILED
13397,7,19,582.10,2026-08-29 03:48:00,FAILED
13398,6,2,328.30,2026-08-18 12:47:00,REFUNDED
13399,10,16,636.80,2026-08-14 19:36:00,PENDING
13400,6,19,4671.20,2026-08-26 11:28:00,REFUNDED
13401,6,2,2365.00,2026-08-03 11:31:00,SUCCESS
13402,2,16,4488.90,2026-08-07 23:32:00,REFUNDED
13403,6,19,836.70,2026-08-29 03:47:00,PENDING
13404,8,7,4841.20,2026-08-01 12:20:00,PENDING
13405,6,19,400.00,2026-08-15 21:17:00,FAILED
13406,10,10,1236.90,2026-08-24 10:29:00,REFUNDED
13407,4,11,806.20,2026-08-02 22:08:00,SUCCESS
13408,1,17,463.70,2026-08-07 17:08:00,FAILED
13409,7,6,4100.50,2026-08-14 00:13:00,REFUNDED
13410,6,17,2202.00,2026-08-14 19:44:00,FAILED
13411,3,13,1637.30,2026-08-31 06:17:00,REFUNDED
13412,6,1,3143.00,2026-08-02 14:48:00,PENDING
13413,10,19,672.50,2026-08-30 22:25:00,SUCCESS
13414,4,18,1161.20,2026-08-23 00:21:00,REFUNDED
13415,10,6,2134.40,2026-08-18 04:07:00,SUCCESS
13416,6,5,1342.80,2026-08-09 11:13:00,PENDING
13417,8,6,870.10,2026-08-18 22:21:00,REFUNDED
13418,1,9,849.30,2026-08-14 03:35:00,PENDING
13419,1,20,1966.80,2026-08-31 03:21:00,FAILED
13420,1,5,4062.40,2026-08-21 04:50:00,PENDING
13421,7,13,524.90,2026-08-05 16:30:00,REFUNDED
13422,2,16,2585.80,2026-08-15 06:35:00,SUCCESS
13423,7,17,3487.30,2026-08-17 12:55:00,PENDING
13424,5,11,2784.90,2026-08-11 19:33:00,REFUNDED
13425,2,16,1581.80,2026-08-27 20:05:00,FAILED
13426,10,1,3682.10,2026-08-07 04:45:00,SUCCESS
13427,8,1,4728.30,2026-08-09 16:31:00,FAILED
13428,6,8,2229.60,2026-08-17 07:42:00,PENDING
13429,2,15,2962.30,2026-08-07 16:28:00,SUCCESS
13430,4,2,1453.80,2026-08-19 17:51:00,SUCCESS
13431,7,1,201.70,2026-08-17 10:02:00,SUCCESS
13432,5,10,1419.40,2026-08-10 06:40:00,REFUNDED
13433,9,19,3602.50,2026-08-15 02:04:00,FAILED
13434,7,12,77.20,2026-08-26 10:56:00,SUCCESS
13435,6,18,1370.80,2026-08-15 07:42:00,REFUNDED
13436,9,17,3600.50,2026-08-12 15:48:00,REFUNDED
13437,2,5,4848.80,2026-08-05 16:29:00,SUCCESS
13438,5,11,4762.70,2026-08-05 10:32:00,SUCCESS
13439,9,16,2746.90,2026-08-27 04:20:00,FAILED
13440,1,19,3426.70,2026-08-04 18:20:00,PENDING
13441,1,11,1740.60,2026-08-21 00:39:00,PENDING
13442,10,5,2845.20,2026-08-25 21:21:00,SUCCESS
13443,10,6,1551.70,2026-08-21 13:25:00,REFUNDED
13444,5,19,553.40,2026-08-09 22:00:00,REFUNDED
13445,1,15,4283.50,2026-08-24 18:31:00,PENDING
13446,1,2,4057.00,2026-08-07 23:40:00,SUCCESS
13447,4,8,2646.60,2026-08-16 22:43:00,FAILED
13448,8,14,983.10,2026-08-01 16:15:00,PENDING
13449,4,19,186.00,2026-08-28 20:46:00,SUCCESS
13450,4,15,3191.80,2026-08-14 07:34:00,PENDING
13451,9,2,1199.00,2026-08-08 09:49:00,FAILED
13452,5,14,167.90,2026-08-31 06:20:00,REFUNDED
13453,6,9,4706.60,2026-08-04 20:12:00,PENDING
13454,3,18,3443.10,2026-08-21 16:23:00,PENDING
13455,9,16,1219.40,2026-08-09 02:43:00,REFUNDED
13456,4,18,996.00,2026-08-05 00:35:00,REFUNDED
13457,1,8,3956.90,2026-08-09 14:46:00,FAILED
13458,6,15,908.30,2026-08-22 10:12:00,REFUNDED
13459,7,18,1096.00,2026-08-04 09:12:00,REFUNDED
13460,5,5,2331.50,2026-08-14 02:18:00,PENDING
13461,5,15,4955.70,2026-08-03 05:02:00,SUCCESS
13462,7,4,609.80,2026-08-16 05:30:00,PENDING
13463,3,3,1962.40,2026-08-11 00:59:00,REFUNDED
13464,3,1,377.90,2026-08-14 02:53:00,FAILED
13465,3,17,3410.10,2026-08-20 16:05:00,SUCCESS
13466,6,5,4829.10,2026-08-22 22:02:00,REFUNDED
13467,9,11,4125.10,2026-08-30 02:28:00,SUCCESS
13468,3,6,1807.60,2026-08-01 17:04:00,SUCCESS
13469,5,5,2529.10,2026-08-03 16:13:00,FAILED
13470,7,3,4573.30,2026-08-03 22:45:00,REFUNDED
13471,10,4,251.20,2026-08-10 15:23:00,PENDING
13472,5,16,2642.50,2026-08-15 17:12:00,REFUNDED
13473,10,11,268.70,2026-08-25 07:37:00,REFUNDED
13474,8,15,84.00,2026-08-10 00:27:00,FAILED
13475,9,7,923.70,2026-08-24 22:07:00,FAILED
13476,1,4,894.50,2026-08-13 01:09:00,FAILED
13477,5,18,233.50,2026-08-20 02:59:00,PENDING
13478,6,9,2944.90,2026-08-27 11:56:00,PENDING
13479,7,7,2279.20,2026-08-26 06:55:00,FAILED
13480,4,16,1954.80,2026-08-01 16:13:00,REFUNDED
13481,5,3,3819.60,2026-08-14 00:54:00,SUCCESS
13482,4,16,964.10,2026-08-10 16:30:00,PENDING
13483,6,1,363.60,2026-08-14 08:03:00,FAILED
13484,5,4,2302.60,2026-08-27 23:57:00,SUCCESS
13485,6,4,813.30,2026-08-09 14:50:00,PENDING
13486,8,20,665.50,2026-08-20 05:40:00,SUCCESS
13487,2,20,4914.10,2026-08-18 03:43:00,SUCCESS
13488,7,15,3867.40,2026-08-27 20:04:00,REFUNDED
13489,5,6,682.40,2026-08-28 21:11:00,REFUNDED
13490,4,4,399.30,2026-08-16 08:01:00,PENDING
13491,1,15,4888.80,2026-08-25 06:25:00,FAILED
13492,5,10,1173.60,2026-08-24 01:51:00,REFUNDED
13493,7,10,2807.20,2026-08-13 03:26:00,FAILED
13494,1,4,4731.70,2026-08-20 18:23:00,SUCCESS
13495,7,20,3454.00,2026-08-15 15:29:00,REFUNDED
13496,9,8,2613.00,2026-08-20 12:43:00,FAILED
13497,3,17,1363.20,2026-08-20 09:07:00,REFUNDED
13498,1,4,322.60,2026-08-22 22:16:00,PENDING
13499,8,20,5003.90,2026-08-17 00:07:00,SUCCESS
13500,10,4,3560.00,2026-08-20 06:09:00,SUCCESS
13501,1,19,3698.00,2026-08-27 03:26:00,FAILED
13502,10,1,3130.20,2026-08-26 19:41:00,REFUNDED
13503,6,16,2949.40,2026-08-10 00:36:00,FAILED
13504,9,8,1203.00,2026-08-13 12:34:00,PENDING
13505,4,6,2809.60,2026-08-24 20:47:00,PENDING
13506,6,8,926.30,2026-08-18 05:06:00,SUCCESS
13507,3,11,2090.80,2026-08-06 13:26:00,PENDING
13508,2,15,4092.20,2026-08-19 06:27:00,FAILED
13509,9,11,2312.00,2026-08-21 07:12:00,SUCCESS
13510,8,15,4062.10,2026-08-25 04:08:00,FAILED
13511,6,15,2490.20,2026-08-25 14:55:00,SUCCESS
13512,3,6,4453.10,2026-08-26 15:34:00,REFUNDED
13513,2,12,693.90,2026-08-22 17:35:00,PENDING
13514,1,10,4386.80,2026-08-15 07:21:00,FAILED
13515,1,6,225.70,2026-08-17 22:31:00,SUCCESS
13516,7,5,3499.70,2026-08-24 14:36:00,FAILED
13517,6,20,4617.10,2026-08-19 02:22:00,SUCCESS
13518,1,15,2745.90,2026-08-02 08:22:00,SUCCESS
13519,5,9,2952.10,2026-08-16 05:40:00,FAILED
13520,1,6,2252.70,2026-08-07 09:19:00,SUCCESS
13521,5,18,4289.40,2026-08-08 14:55:00,FAILED
13522,7,11,2783.80,2026-08-15 14:15:00,SUCCESS
13523,2,6,3174.80,2026-08-12 10:14:00,SUCCESS
13524,2,16,3589.20,2026-08-02 18:42:00,PENDING
13525,6,9,4737.40,2026-08-04 00:52:00,SUCCESS
13526,4,5,2533.30,2026-08-27 01:55:00,REFUNDED
13527,3,14,2743.20,2026-08-19 08:14:00,PENDING
13528,4,14,1271.60,2026-08-12 22:58:00,REFUNDED
13529,2,20,1949.20,2026-08-09 10:43:00,FAILED
13530,4,6,357.40,2026-08-20 00:40:00,REFUNDED
13531,1,15,4496.20,2026-08-02 11:45:00,REFUNDED
13532,1,6,300.80,2026-08-10 22:49:00,FAILED
13533,5,17,3879.70,2026-08-04 14:00:00,REFUNDED
13534,10,14,2163.10,2026-08-23 22:29:00,PENDING
13535,10,16,802.70,2026-08-22 08:08:00,REFUNDED
13536,8,12,3120.90,2026-08-03 05:00:00,SUCCESS
13537,4,4,1628.30,2026-08-18 17:32:00,PENDING
13538,10,14,2301.90,2026-08-04 09:26:00,FAILED
13539,2,10,2876.40,2026-08-02 12:37:00,SUCCESS
13540,2,5,787.40,2026-08-30 17:15:00,SUCCESS
13541,6,17,1461.70,2026-08-15 23:47:00,SUCCESS
13542,2,6,4282.60,2026-08-12 05:30:00,SUCCESS
13543,10,20,3585.80,2026-08-17 03:35:00,SUCCESS
13544,2,9,1759.80,2026-08-25 04:17:00,SUCCESS
13545,9,12,4252.90,2026-08-25 16:24:00,SUCCESS
13546,3,15,1728.20,2026-08-03 04:38:00,PENDING
13547,5,18,3752.20,2026-08-19 23:51:00,SUCCESS
13548,1,16,4861.70,2026-08-20 10:14:00,FAILED
13549,4,16,4653.60,2026-08-31 01:40:00,FAILED
13550,6,12,4416.80,2026-08-18 23:35:00,REFUNDED
13551,7,9,3299.00,2026-08-18 11:56:00,FAILED
13552,10,3,682.90,2026-08-24 20:22:00,SUCCESS
13553,4,10,3859.50,2026-08-05 13:23:00,REFUNDED
13554,3,18,3914.60,2026-08-15 07:14:00,FAILED
13555,9,14,4473.00,2026-08-16 20:50:00,PENDING
13556,4,11,2463.60,2026-08-27 00:30:00,PENDING
13557,9,15,3171.50,2026-08-22 21:33:00,PENDING
13558,5,11,2732.60,2026-08-25 14:32:00,PENDING
13559,5,14,243.90,2026-08-10 14:16:00,FAILED
13560,3,10,1006.60,2026-08-01 14:52:00,FAILED
13561,1,11,103.80,2026-08-19 14:31:00,REFUNDED
13562,4,17,1490.30,2026-08-25 00:44:00,PENDING
13563,2,18,232.20,2026-08-27 14:10:00,PENDING
13564,5,17,4335.70,2026-08-03 18:51:00,SUCCESS
13565,6,13,678.20,2026-08-30 07:50:00,FAILED
13566,6,4,901.20,2026-08-06 00:47:00,FAILED
13567,4,2,4282.20,2026-08-10 16:09:00,SUCCESS
13568,5,2,1395.30,2026-08-18 05:23:00,FAILED
13569,6,9,1463.10,2026-08-02 17:49:00,SUCCESS
13570,2,10,256.60,2026-08-23 10:17:00,FAILED
13571,4,8,3135.40,2026-08-07 05:57:00,FAILED
13572,8,20,1282.50,2026-08-16 18:16:00,PENDING
13573,1,1,790.10,2026-08-16 13:21:00,PENDING
13574,6,14,3662.50,2026-08-02 13:41:00,PENDING
13575,6,7,1094.20,2026-08-30 11:36:00,PENDING
13576,9,3,2860.80,2026-08-03 08:08:00,PENDING
13577,9,15,2227.90,2026-08-13 00:36:00,REFUNDED
13578,6,17,2729.90,2026-08-11 16:12:00,SUCCESS
13579,4,11,2233.50,2026-08-02 10:51:00,FAILED
13580,6,11,2669.70,2026-08-09 14:21:00,FAILED
13581,1,15,3730.90,2026-08-09 08:15:00,PENDING
13582,8,14,3653.30,2026-08-06 08:41:00,PENDING
13583,5,4,3634.40,2026-08-11 12:41:00,REFUNDED
13584,2,6,1761.40,2026-08-23 19:27:00,SUCCESS
13585,3,3,4337.80,2026-08-02 06:10:00,FAILED
13586,6,18,4413.40,2026-08-21 23:00:00,FAILED
13587,9,8,936.70,2026-08-30 21:26:00,PENDING
13588,8,1,1935.40,2026-08-23 20:03:00,FAILED
13589,2,3,1349.20,2026-08-02 15:27:00,PENDING
13590,1,9,2396.00,2026-08-13 06:45:00,REFUNDED
13591,1,1,231.40,2026-08-19 01:48:00,SUCCESS
13592,1,3,820.80,2026-08-04 20:25:00,FAILED
13593,7,20,1284.80,2026-08-22 20:39:00,FAILED
13594,10,18,1299.40,2026-08-11 21:08:00,FAILED
13595,8,5,2702.40,2026-08-03 15:33:00,REFUNDED
13596,6,11,1320.40,2026-08-26 19:18:00,PENDING
13597,6,3,2399.60,2026-08-29 15:01:00,FAILED
13598,10,6,4068.70,2026-08-07 15:18:00,PENDING
13599,5,19,3854.40,2026-08-06 00:21:00,FAILED
13600,1,1,5000,2026-08-01 12:00:00,UNKNOWN_STATUS
13601,3,11,989.30,2026-08-04 07:07:00,PENDING
13602,10,6,585.20,2026-08-08 19:49:00,FAILED
13603,1,100.00
13604,1,14,4605.30,2026-08-08 20:42:00,REFUNDED
13605,4,19,1733.00,2026-08-18 07:13:00,FAILED
13606,10,18,2083.90,2026-08-08 16:03:00,FAILED
13607,4,5,1906.30,2026-08-28 01:13:00,FAILED
13608,8,4,214.70,2026-08-06 23:41:00,FAILED
13609,4,9,4257.20,2026-08-14 17:45:00,REFUNDED
13610,4,8,5027.20,2026-08-21 15:28:00,REFUNDED
13611,4,12,2422.90,2026-08-25 12:08:00,REFUNDED
13612,6,4,2111.50,2026-08-26 01:49:00,REFUNDED
13613,2,15,2216.80,2026-08-14 01:09:00,PENDING
13614,10,4,3962.60,2026-08-06 14:17:00,REFUNDED
13615,6,13,617.40,2026-08-15 12:09:00,REFUNDED
13616,5,18,4725.40,2026-08-31 05:52:00,FAILED
13617,2,10,2054.50,2026-08-14 21:34:00,FAILED
13618,1,12,2007.10,2026-08-22 12:19:00,SUCCESS
13619,8,9,4861.40,2026-08-18 03:04:00,PENDING
13620,3,3,1565.90,2026-08-10 18:58:00,FAILED
13621,8,11,1149.60,2026-08-23 09:43:00,SUCCESS
13622,9,5,2005.80,2026-08-17 15:28:00,PENDING
13623,4,17,1458.40,2026-08-28 20:48:00,FAILED
13624,10,7,3649.40,2026-08-22 07:33:00,SUCCESS
13625,5,13,3214.20,2026-08-04 22:07:00,PENDING
13626,7,20,3447.70,2026-08-10 09:15:00,PENDING
13627,4,4,2448.30,2026-08-14 07:08:00,FAILED
13628,10,11,3224.70,2026-08-26 14:41:00,PENDING
13629,9,14,2293.20,2026-08-19 09:42:00,PENDING
13630,9,11,988.70,2026-08-13 11:19:00,PENDING
13631,7,18,1641.30,2026-08-09 17:06:00,FAILED
13632,7,9,2099.80,2026-08-23 17:18:00,PENDING
13633,1,11,3946.20,2026-08-28 17:09:00,FAILED
13634,6,11,1690.20,2026-08-07 05:36:00,PENDING
13635,2,9,4985.20,2026-08-05 07:59:00,REFUNDED
13636,6,8,1237.40,2026-08-28 13:23:00,SUCCESS
13637,1,3,1183.60,2026-08-14 14:44:00,SUCCESS
13638,10,7,2585.00,2026-08-03 02:55:00,SUCCESS
13639,3,18,1006.50,2026-08-18 02:28:00,SUCCESS
13640,2,11,4856.70,2026-08-29 02:58:00,PENDING
13641,6,5,772.10,2026-08-05 01:25:00,SUCCESS
13642,3,13,1512.70,2026-08-07 23:18:00,PENDING
13643,8,17,1573.70,2026-08-07 05:52:00,FAILED
13644,1,17,4009.70,2026-08-11 19:17:00,PENDING
13645,7,8,2155.20,2026-08-05 16:18:00,REFUNDED
13646,4,14,593.90,2026-08-20 05:39:00,SUCCESS
13647,1,10,3079.30,2026-08-02 02:41:00,REFUNDED
13648,6,17,3471.70,2026-08-10 22:06:00,SUCCESS
13649,9,7,825.30,2026-08-18 08:57:00,REFUNDED
13650,4,12,444.80,2026-08-22 00:06:00,PENDING
13651,8,13,3885.40,2026-08-09 06:25:00,PENDING
13652,5,10,3806.50,2026-08-17 15:11:00,REFUNDED
13653,10,7,3282.10,2026-08-13 12:44:00,SUCCESS
13654,8,1,2507.70,2026-08-26 02:15:00,FAILED
13655,1,8,4869.90,2026-08-29 00:49:00,SUCCESS
13656,3,16,4107.70,2026-08-18 19:38:00,PENDING
13657,4,18,2203.90,2026-08-08 14:15:00,PENDING
13658,3,2,4869.60,2026-08-26 01:37:00,PENDING
13659,1,8,3955.30,2026-08-19 09:00:00,PENDING
13660,3,13,2108.40,2026-08-09 00:02:00,REFUNDED
13661,3,5,2602.30,2026-08-10 08:18:00,FAILED
13662,10,9,2565.90,2026-08-27 13:25:00,FAILED
13663,10,6,896.00,2026-08-29 18:11:00,FAILED
13664,1,9,1028.80,2026-08-31 06:53:00,PENDING
13665,2,20,1634.60,2026-08-03 03:15:00,REFUNDED
13666,9,8,4169.00,2026-08-29 12:22:00,FAILED
13667,8,10,3946.00,2026-08-09 23:43:00,PENDING
13668,2,16,3376.50,2026-08-05 13:28:00,SUCCESS
13669,7,1,3573.80,2026-08-08 21:42:00,SUCCESS
13670,6,18,2787.40,2026-08-02 22:58:00,PENDING
13671,4,8,3708.90,2026-08-19 18:14:00,SUCCESS
13672,5,2,840.10,2026-08-15 11:37:00,PENDING
13673,6,9,2863.50,2026-08-06 06:52:00,FAILED
13674,2,8,1017.00,2026-08-12 07:08:00,SUCCESS
13675,2,11,1833.50,2026-08-02 05:20:00,FAILED
13676,1,16,4209.30,2026-08-12 23:01:00,FAILED
13677,10,8,1972.70,2026-08-16 23:03:00,FAILED
13678,5,16,4133.00,2026-08-18 09:58:00,PENDING
13679,10,8,605.90,2026-08-28 05:13:00,PENDING
13680,5,9,1225.80,2026-08-09 20:28:00,SUCCESS
13681,2,5,2167.20,2026-08-10 05:40:00,FAILED
13682,6,3,2717.50,2026-08-18 16:07:00,PENDING
13683,8,12,4306.20,2026-08-11 20:41:00,PENDING
13684,4,10,4717.90,2026-08-17 13:00:00,FAILED
13685,1,3,4400.90,2026-08-04 20:16:00,PENDING
13686,1,10,995.20,2026-08-08 10:57:00,FAILED
13687,5,10,456.20,2026-08-30 21:36:00,REFUNDED
13688,10,4,3526.10,2026-08-12 11:45:00,PENDING
13689,6,2,2741.60,2026-08-28 01:30:00,SUCCESS
13690,7,16,1937.00,2026-08-17 00:15:00,SUCCESS
13691,2,2,629.40,2026-08-02 06:56:00,REFUNDED
13692,8,11,4376.40,2026-08-23 11:33:00,FAILED
13693,7,7,4337.20,2026-08-11 19:15:00,SUCCESS
13694,6,5,3456.60,2026-08-27 13:08:00,SUCCESS
13695,4,18,2696.50,2026-08-11 16:31:00,REFUNDED
13696,6,5,3130.00,2026-08-02 21:29:00,FAILED
13697,6,8,2394.40,2026-08-24 02:23:00,FAILED
13698,6,3,972.80,2026-08-10 05:24:00,SUCCESS
13699,3,3,878.90,2026-08-15 11:33:00,REFUNDED
13700,10,18,4798.50,2026-08-19 17:40:00,PENDING
13701,8,7,4986.80,2026-08-27 05:29:00,PENDING
13702,1,16,4309.50,2026-08-10 06:22:00,REFUNDED
13703,6,3,2036.60,2026-08-20 10:34:00,PENDING
13704,5,10,4424.70,2026-08-27 15:02:00,FAILED
13705,10,11,1930.70,2026-08-03 21:28:00,FAILED
13706,2,20,4185.10,2026-08-19 11:44:00,FAILED
13707,1,13,4467.10,2026-08-04 21:00:00,SUCCESS
13708,1,15,3413.90,2026-08-09 10:22:00,REFUNDED
13709,10,12,4524.50,2026-08-26 08:10:00,PENDING
13710,2,2,3083.80,2026-08-19 08:13:00,PENDING
13711,5,8,3746.10,2026-08-13 13:21:00,SUCCESS
13712,1,3,4619.70,2026-08-27 06:28:00,PENDING
13713,2,8,2801.60,2026-08-22 00:46:00,PENDING
13714,10,4,1828.30,2026-08-27 05:25:00,FAILED
13715,1,10,2123.30,2026-08-07 22:14:00,FAILED
13716,5,2,80.00,2026-08-18 18:37:00,SUCCESS
13717,2,5,2385.90,2026-08-08 02:51:00,FAILED
13718,10,5,3273.10,2026-08-05 13:22:00,REFUNDED
13719,6,2,3892.50,2026-08-05 06:02:00,FAILED
13720,5,5,4287.10,2026-08-10 10:25:00,REFUNDED
13721,5,5,4935.60,2026-08-06 09:51:00,PENDING
13722,9,11,4524.10,2026-08-19 15:56:00,REFUNDED
13723,3,6,3156.50,2026-08-26 10:04:00,REFUNDED
13724,9,19,619.90,2026-08-04 21:05:00,SUCCESS
13725,9,7,3132.00,2026-08-12 05:19:00,FAILED
13726,3,2,147.60,2026-08-21 18:46:00,SUCCESS
13727,5,8,4912.10,2026-08-17 16:25:00,PENDING
13728,8,11,4393.70,2026-08-29 17:53:00,REFUNDED
13729,1,1,4592.30,2026-08-30 22:11:00,REFUNDED
13730,3,12,4658.40,2026-08-03 09:35:00,SUCCESS
13731,6,4,3253.40,2026-08-04 17:27:00,SUCCESS
13732,8,7,296.50,2026-08-04 09:18:00,SUCCESS
13733,3,6,614.60,2026-08-22 20:27:00,FAILED
13734,7,16,588.60,2026-08-24 21:27:00,FAILED
13735,2,11,1950.70,2026-08-25 11:10:00,REFUNDED
13736,4,15,1480.60,2026-08-12 23:26:00,PENDING
13737,6,4,1665.20,2026-08-21 10:14:00,FAILED
13738,6,1,2344.00,2026-08-13 00:15:00,FAILED
13739,5,19,2127.00,2026-08-24 13:38:00,SUCCESS
13740,8,3,649.10,2026-08-08 06:08:00,FAILED
13741,4,15,4479.80,2026-08-23 19:45:00,REFUNDED
13742,8,18,2955.20,2026-08-30 01:47:00,SUCCESS
13743,7,1,3456.60,2026-08-30 22:32:00,PENDING
13744,8,7,4390.10,2026-08-18 03:52:00,REFUNDED
13745,1,19,1309.00,2026-08-09 21:46:00,FAILED
13746,8,2,2896.70,2026-08-18 12:52:00,SUCCESS
13747,5,19,4946.70,2026-08-22 06:39:00,REFUNDED
13748,4,15,617.40,2026-08-08 05:50:00,SUCCESS
13749,8,9,316.40,2026-08-18 03:52:00,SUCCESS
13750,9,18,195.60,2026-08-28 01:45:00,SUCCESS
13751,5,12,1702.70,2026-08-12 17:51:00,PENDING
13752,4,18,2250.20,2026-08-19 13:14:00,PENDING
13753,2,9,3221.50,2026-08-30 05:28:00,PENDING
13754,7,9,3812.80,2026-08-13 01:12:00,SUCCESS
13755,4,8,4904.70,2026-08-13 14:30:00,SUCCESS
13756,6,7,1126.90,2026-08-05 00:04:00,PENDING
13757,5,1,1192.50,2026-08-12 22:48:00,PENDING
13758,9,14,4394.50,2026-08-13 00:01:00,FAILED
13759,6,10,493.90,2026-08-30 23:45:00,SUCCESS
13760,1,3,4160.70,2026-08-25 14:55:00,FAILED
13761,9,10,925.80,2026-08-02 18:41:00,REFUNDED
13762,1,19,2728.20,2026-08-23 15:14:00,REFUNDED
13763,8,8,1009.60,2026-08-28 21:08:00,FAILED
13764,9,3,734.70,2026-08-02 14:27:00,SUCCESS
13765,5,10,4819.10,2026-08-28 08:32:00,PENDING
13766,7,10,1483.20,2026-08-19 02:20:00,SUCCESS
13767,8,3,276.20,2026-08-20 11:41:00,SUCCESS
13768,3,11,1275.70,2026-08-22 00:14:00,PENDING
13769,9,7,4149.20,2026-08-14 02:43:00,REFUNDED
13770,5,5,2443.90,2026-08-23 11:39:00,PENDING
13771,10,11,4669.20,2026-08-16 20:09:00,REFUNDED
13772,5,16,3796.90,2026-08-05 08:55:00,PENDING
13773,6,15,3845.80,2026-08-28 21:31:00,REFUNDED
13774,4,17,1479.30,2026-08-27 00:56:00,PENDING
13775,8,3,4474.40,2026-08-26 23:33:00,REFUNDED
13776,9,8,2671.30,2026-08-11 14:41:00,SUCCESS
13777,2,1,3017.80,2026-08-29 03:13:00,SUCCESS
13778,10,9,1752.00,2026-08-22 18:10:00,SUCCESS
13779,1,9,4598.60,2026-08-19 22:59:00,FAILED
13780,1,4,2999.00,2026-08-31 05:53:00,REFUNDED
13781,6,1,1588.00,2026-08-07 21:53:00,FAILED
13782,2,18,1662.60,2026-08-20 01:18:00,SUCCESS
13783,7,2,3590.70,2026-08-27 08:03:00,SUCCESS
13784,10,13,4379.10,2026-08-16 18:38:00,REFUNDED
13785,1,17,3766.80,2026-08-26 11:58:00,REFUNDED
13786,10,1,3506.30,2026-08-04 06:02:00,REFUNDED
13787,10,16,2096.30,2026-08-07 06:22:00,REFUNDED
13788,5,9,2689.80,2026-08-10 13:01:00,SUCCESS
13789,3,3,2748.60,2026-08-25 02:09:00,SUCCESS
13790,9,13,3130.50,2026-08-22 17:46:00,PENDING
13791,6,15,4998.20,2026-08-05 22:29:00,PENDING
13792,1,19,2057.60,2026-08-09 08:30:00,REFUNDED
13793,5,16,1153.40,2026-08-07 09:17:00,REFUNDED
13794,9,4,2565.50,2026-08-25 16:42:00,SUCCESS
13795,7,4,803.90,2026-08-19 03:54:00,PENDING
13796,10,12,502.00,2026-08-18 18:02:00,REFUNDED
13797,1,4,433.30,2026-08-17 14:44:00,FAILED
13798,5,16,2201.60,2026-08-06 01:45:00,REFUNDED
13799,1,3,3014.10,2026-08-08 23:47:00,PENDING
13800,1,3,569.20,2026-08-09 21:42:00,SUCCESS
13801,5,19,4888.60,2026-08-03 23:41:00,FAILED
13802,4,17,3285.60,2026-08-19 08:22:00,PENDING
13803,3,14,1715.50,2026-08-09 12:15:00,SUCCESS
13804,9,1,4370.80,2026-08-14 03:03:00,REFUNDED
13805,4,8,1746.10,2026-08-26 21:57:00,PENDING
13806,6,2,51.30,2026-08-20 07:48:00,PENDING
13807,6,8,3421.90,2026-08-23 14:33:00,REFUNDED
13808,5,16,1640.20,2026-08-27 13:48:00,SUCCESS
13809,8,14,2899.60,2026-08-17 17:58:00,PENDING
13810,1,5,3423.10,2026-08-09 09:22:00,REFUNDED
13811,10,12,3476.20,2026-08-09 01:15:00,FAILED
13812,2,6,3631.50,2026-08-03 05:59:00,REFUNDED
13813,1,16,2293.00,2026-08-18 04:59:00,REFUNDED
13814,2,4,1480.20,2026-08-04 13:15:00,PENDING
13815,2,9,4801.50,2026-08-13 09:49:00,FAILED
13816,1,12,816.30,2026-08-26 12:42:00,SUCCESS
13817,6,9,4613.10,2026-08-14 21:47:00,SUCCESS
13818,4,5,1798.60,2026-08-21 11:34:00,PENDING
13819,10,9,1236.70,2026-08-27 16:26:00,REFUNDED
13820,10,13,3030.60,2026-08-08 04:55:00,SUCCESS
13821,9,17,4423.40,2026-08-29 22:49:00,PENDING
13822,5,19,3335.00,2026-08-25 05:57:00,SUCCESS
13823,9,19,4935.90,2026-08-30 17:31:00,SUCCESS
13824,9,3,5027.00,2026-08-12 06:26:00,PENDING
13825,6,5,1875.00,2026-08-11 05:30:00,PENDING
13826,3,17,1372.30,2026-08-09 04:26:00,REFUNDED
13827,8,17,4567.60,2026-08-28 10:48:00,SUCCESS
13828,3,3,1814.10,2026-08-09 02:57:00,REFUNDED
13829,1,18,1573.50,2026-08-06 16:58:00,PENDING
13830,6,13,673.50,2026-08-29 05:05:00,REFUNDED
13831,8,18,3739.80,2026-08-08 13:24:00,SUCCESS
13832,6,1,3442.80,2026-08-21 06:04:00,REFUNDED
13833,8,15,4200.10,2026-08-24 17:32:00,FAILED
13834,7,20,1225.00,2026-08-11 02:49:00,FAILED
13835,1,1,1833.50,2026-08-15 18:35:00,SUCCESS
13836,9,3,3963.70,2026-08-26 22:35:00,PENDING
13837,4,13,4059.30,2026-08-21 02:49:00,PENDING
13838,3,13,2449.10,2026-08-27 22:16:00,PENDING
13839,5,16,3399.60,2026-08-29 05:08:00,FAILED
13840,5,2,904.30,2026-08-16 11:06:00,PENDING
13841,4,6,1627.90,2026-08-26 19:03:00,SUCCESS
13842,2,10,1629.80,2026-08-18 15:30:00,SUCCESS
13843,9,17,937.40,2026-08-08 07:18:00,FAILED
13844,5,11,1617.40,2026-08-20 20:36:00,REFUNDED
13845,1,13,4152.30,2026-08-13 20:03:00,FAILED
13846,7,15,547.30,2026-08-02 02:06:00,SUCCESS
13847,9,6,457.60,2026-08-27 18:03:00,PENDING
13848,8,14,3772.00,2026-08-23 03:42:00,PENDING
13849,10,2,4990.30,2026-08-13 16:44:00,REFUNDED
13850,3,14,871.30,2026-08-10 00:50:00,REFUNDED
13851,3,14,4024.40,2026-08-05 12:33:00,FAILED
13852,4,15,4633.60,2026-08-15 12:25:00,FAILED
13853,3,7,1223.00,2026-08-24 21:47:00,PENDING
13854,8,3,4537.60,2026-08-14 09:15:00,FAILED
13855,6,17,1526.70,2026-08-29 23:31:00,SUCCESS
13856,3,6,4605.10,2026-08-27 04:39:00,FAILED
13857,5,11,239.50,2026-08-16 20:51:00,FAILED
13858,2,11,4515.90,2026-08-26 12:16:00,REFUNDED
13859,7,8,4909.20,2026-08-09 18:07:00,SUCCESS
13860,2,20,111.10,2026-08-20 18:32:00,FAILED
13861,3,14,4730.40,2026-08-12 19:19:00,REFUNDED
13862,6,5,1840.00,2026-08-22 18:45:00,FAILED
13863,8,8,287.60,2026-08-16 12:15:00,REFUNDED
13864,7,3,3357.70,2026-08-22 11:55:00,PENDING
13865,9,19,2048.40,2026-08-13 12:27:00,SUCCESS
13866,6,14,3347.20,2026-08-16 14:52:00,PENDING
13867,9,14,697.30,2026-08-18 18:46:00,FAILED
13868,1,1,NOT_A_NUMBER,2026-08-01 12:00:00,SUCCESS
13869,7,12,2979.10,2026-08-26 16:03:00,REFUNDED
13870,4,8,2056.80,2026-08-23 23:12:00,PENDING
13871,10,20,1202.80,2026-08-24 22:09:00,PENDING
13872,4,12,1555.50,2026-08-31 03:04:00,REFUNDED
13873,8,1,5012.50,2026-08-24 04:28:00,FAILED
13874,8,14,4525.80,2026-08-01 11:22:00,REFUNDED
13875,9,20,118.00,2026-08-24 07:35:00,PENDING
13876,10,2,1516.10,2026-08-01 11:01:00,REFUNDED
13877,5,5,3540.30,2026-08-07 10:29:00,FAILED
13878,10,11,4645.30,2026-08-26 18:24:00,PENDING
13879,7,16,1298.70,2026-08-22 04:22:00,SUCCESS
13880,8,19,1414.10,2026-08-09 16:30:00,FAILED
13881,3,19,1007.90,2026-08-15 03:09:00,REFUNDED
13882,6,11,1575.60,2026-08-28 06:24:00,SUCCESS
13883,9,6,3186.50,2026-08-12 04:36:00,PENDING
13884,8,11,4970.20,2026-08-03 15:07:00,REFUNDED
13885,5,2,585.80,2026-08-15 23:36:00,FAILED
13886,3,7,2797.90,2026-08-30 07:55:00,PENDING
13887,10,2,2361.60,2026-08-05 00:54:00,FAILED
13888,3,16,1918.40,2026-08-08 13:53:00,REFUNDED
13889,6,15,4257.10,2026-08-19 10:01:00,FAILED
13890,9,6,4640.30,2026-08-17 05:30:00,PENDING
13891,10,9,4999.30,2026-08-04 11:47:00,REFUNDED
13892,4,4,4112.00,2026-08-09 22:34:00,PENDING
13893,1,3,3130.70,2026-08-30 15:26:00,FAILED
13894,3,15,4578.40,2026-08-06 16:47:00,FAILED
13895,10,15,3069.00,2026-08-04 05:11:00,PENDING
13896,1,20,3966.70,2026-08-09 18:58:00,REFUNDED
13897,6,13,4547.90,2026-08-29 13:41:00,PENDING
13898,8,5,460.80,2026-08-23 21:12:00,SUCCESS
13899,1,100.00
13900,4,9,4236.30,2026-08-06 17:35:00,REFUNDED
13901,10,1,4072.90,2026-08-06 20:24:00,SUCCESS
13902,5,6,406.80,2026-08-30 04:58:00,FAILED
13903,9,4,3733.50,2026-08-26 00:18:00,PENDING
13904,4,3,3214.50,2026-08-30 07:58:00,PENDING
13905,3,1,4479.80,2026-08-07 13:18:00,PENDING
13906,4,1,1917.60,2026-08-16 18:15:00,FAILED
13907,5,7,3981.60,2026-08-16 07:12:00,SUCCESS
13908,3,11,4954.60,2026-08-21 08:05:00,FAILED
13909,5,10,1065.00,2026-08-12 10:47:00,FAILED
13910,1,20,3739.90,2026-08-04 01:15:00,SUCCESS
13911,4,18,4909.60,2026-08-07 22:37:00,REFUNDED
13912,7,14,2808.60,2026-08-11 00:42:00,FAILED
13913,6,17,2050.40,2026-08-23 10:21:00,SUCCESS
13914,2,9,2475.60,2026-08-03 00:12:00,SUCCESS
13915,5,14,1537.00,2026-08-30 14:02:00,REFUNDED
13916,7,5,3078.70,2026-08-28 19:10:00,REFUNDED
13917,1,3,2818.10,2026-08-07 22:01:00,FAILED
13918,8,6,3845.30,2026-08-18 14:27:00,SUCCESS
13919,4,2,4763.10,2026-08-23 22:33:00,PENDING
13920,1,3,4733.10,2026-08-13 10:31:00,REFUNDED
13921,1,17,4274.80,2026-08-08 19:19:00,SUCCESS
13922,8,12,4181.00,2026-08-27 13:20:00,PENDING
13923,4,12,2702.70,2026-08-04 03:52:00,FAILED
13924,8,17,4293.50,2026-08-16 06:20:00,FAILED
13925,4,2,3159.80,2026-08-22 08:36:00,SUCCESS
13926,10,12,3366.10,2026-08-14 15:39:00,PENDING
13927,1,19,56.00,2026-08-01 23:15:00,PENDING
13928,6,17,210.10,2026-08-07 23:08:00,SUCCESS
13929,1,10,849.20,2026-08-12 16:05:00,PENDING
13930,9,4,2825.30,2026-08-11 20:27:00,PENDING
13931,7,14,4437.80,2026-08-13 22:38:00,FAILED
13932,1,8,1122.90,2026-08-17 03:15:00,REFUNDED
13933,1,20,1043.30,2026-08-04 23:23:00,SUCCESS
13934,1,13,1684.70,2026-08-27 13:49:00,PENDING
13935,5,4,2711.80,2026-08-27 11:08:00,SUCCESS
13936,4,8,369.20,2026-08-21 20:50:00,PENDING
13937,1,12,3258.00,2026-08-20 16:06:00,SUCCESS
13938,3,18,854.30,2026-08-28 02:40:00,PENDING
13939,1,7,3392.00,2026-08-03 11:00:00,FAILED
13940,4,10,1313.60,2026-08-20 17:48:00,SUCCESS
13941,9,11,3168.60,2026-08-12 19:04:00,FAILED
13942,4,19,736.90,2026-08-25 13:02:00,REFUNDED
13943,5,20,4603.60,2026-08-03 21:53:00,FAILED
13944,5,3,1536.70,2026-08-07 07:40:00,PENDING
13945,2,1,2434.90,2026-08-28 14:14:00,PENDING
13946,5,3,3290.60,2026-08-04 01:34:00,FAILED
13947,1,5,4022.20,2026-08-13 07:26:00,PENDING
13948,5,1,2454.50,2026-08-28 15:54:00,FAILED
13949,6,11,606.00,2026-08-24 10:44:00,SUCCESS
13950,2,11,1409.10,2026-08-24 20:29:00,PENDING
13951,3,3,1548.80,2026-08-11 22:02:00,PENDING
13952,2,2,3578.70,2026-08-18 17:47:00,SUCCESS
13953,3,8,3368.60,2026-08-27 18:35:00,REFUNDED
13954,1,6,2481.70,2026-08-21 06:08:00,REFUNDED
13955,4,13,612.30,2026-08-13 23:15:00,FAILED
13956,6,3,1290.30,2026-08-14 13:40:00,REFUNDED
13957,3,18,2495.80,2026-08-03 18:54:00,FAILED
13958,4,16,96.20,2026-08-25 22:08:00,PENDING
13959,1,19,4970.40,2026-08-01 16:17:00,FAILED
13960,6,11,2862.60,2026-08-09 13:55:00,REFUNDED
13961,1,15,760.60,2026-08-26 19:45:00,SUCCESS
13962,10,5,2146.40,2026-08-29 20:51:00,PENDING
13963,6,9,1836.90,2026-08-07 21:19:00,FAILED
13964,10,9,3712.80,2026-08-08 01:40:00,FAILED
13965,9,20,2698.80,2026-08-07 15:37:00,PENDING
13966,9,11,816.30,2026-08-20 13:37:00,FAILED
13967,8,15,2266.20,2026-08-18 13:35:00,PENDING
13968,10,6,1174.90,2026-08-20 15:40:00,SUCCESS
13969,5,8,3389.80,2026-08-12 13:18:00,FAILED
13970,9,13,423.40,2026-08-30 05:31:00,SUCCESS
13971,9,5,1245.50,2026-08-29 22:11:00,FAILED
13972,8,15,2911.70,2026-08-08 22:34:00,PENDING
13973,8,14,4399.10,2026-08-04 18:38:00,SUCCESS
13974,3,9,3550.00,2026-08-18 15:09:00,FAILED
13975,6,12,1516.30,2026-08-02 19:59:00,FAILED
13976,1,20,665.50,2026-08-17 18:58:00,SUCCESS
13977,10,7,1983.70,2026-08-26 14:23:00,SUCCESS
13978,7,9,2167.80,2026-08-31 05:41:00,SUCCESS
13979,10,16,439.80,2026-08-21 18:07:00,FAILED
13980,3,20,3204.70,2026-08-26 23:36:00,REFUNDED
13981,6,16,2888.90,2026-08-01 14:53:00,REFUNDED
13982,9,4,2947.40,2026-08-20 08:26:00,FAILED
13983,5,1,2735.90,2026-08-30 03:01:00,SUCCESS
13984,4,15,3631.90,2026-08-14 02:00:00,PENDING
13985,7,9,584.40,2026-08-21 02:18:00,FAILED
13986,2,8,4897.20,2026-08-07 02:37:00,SUCCESS
13987,9,17,4841.80,2026-08-14 00:59:00,FAILED
13988,9,3,612.60,2026-08-16 17:36:00,REFUNDED
13989,8,16,3071.50,2026-08-23 04:32:00,FAILED
13990,8,7,2923.10,2026-08-10 18:37:00,FAILED
13991,10,17,1283.10,2026-08-17 16:08:00,REFUNDED
13992,10,7,4804.50,2026-08-02 04:53:00,REFUNDED
13993,5,4,434.30,2026-08-03 12:17:00,REFUNDED
13994,9,11,3945.50,2026-08-01 10:50:00,REFUNDED
13995,7,8,2833.20,2026-08-10 15:35:00,FAILED
13996,7,11,2365.00,2026-08-16 01:23:00,SUCCESS
13997,9,17,2948.30,2026-08-26 17:53:00,FAILED
13998,7,8,3976.00,2026-08-28 16:50:00,REFUNDED
13999,1,16,2670.40,2026-08-17 02:12:00,REFUNDED
14000,5,5,2611.20,2026-08-21 23:34:00,REFUNDED
14001,7,3,4449.80,2026-08-01 09:18:00,PENDING
14002,7,12,2784.50,2026-08-26 17:01:00,PENDING
14003,1,1,NOT_A_NUMBER,2026-08-01 12:00:00,SUCCESS
14004,3,15,4152.60,2026-08-21 13:57:00,PENDING
14005,3,16,2161.70,2026-08-23 10:18:00,PENDING
14006,8,1,1600.00,2026-08-08 04:07:00,FAILED
14007,5,10,932.50,2026-08-25 20:43:00,REFUNDED
14008,3,7,4333.10,2026-08-15 13:15:00,FAILED
14009,10,3,2464.10,2026-08-06 17:37:00,SUCCESS
14010,3,19,2154.50,2026-08-12 16:15:00,REFUNDED
14011,1,100.00
14012,8,3,4842.40,2026-08-30 04:22:00,SUCCESS
14013,9,13,3576.80,2026-08-10 12:53:00,REFUNDED
14014,2,11,2917.10,2026-08-02 18:37:00,SUCCESS
14015,1,17,3833.90,2026-08-31 01:32:00,REFUNDED
14016,9,15,475.20,2026-08-26 06:31:00,PENDING
14017,7,16,3135.20,2026-08-17 09:22:00,FAILED
14018,10,7,4396.50,2026-08-14 00:48:00,SUCCESS
14019,5,6,1089.30,2026-08-12 10:12:00,SUCCESS
14020,5,15,1304.80,2026-08-04 23:14:00,FAILED
14021,8,9,2855.30,2026-08-18 21:13:00,SUCCESS
14022,5,1,1104.10,2026-08-14 15:04:00,PENDING
14023,3,8,2974.80,2026-08-18 03:20:00,PENDING
14024,8,15,3853.60,2026-08-17 18:15:00,SUCCESS
14025,2,5,3229.90,2026-08-22 07:02:00,REFUNDED
14026,1,5,4094.00,2026-08-24 10:18:00,SUCCESS
14027,10,3,3166.00,2026-08-29 09:05:00,PENDING
14028,5,15,3673.70,2026-08-16 16:07:00,REFUNDED
14029,6,9,3031.20,2026-08-29 18:27:00,REFUNDED
14030,8,5,753.10,2026-08-22 16:17:00,SUCCESS
14031,3,1,2575.50,2026-08-28 04:59:00,SUCCESS
14032,4,11,4756.10,2026-08-25 22:39:00,REFUNDED
14033,5,14,3957.00,2026-08-14 20:58:00,REFUNDED
14034,7,6,779.40,2026-08-10 15:13:00,REFUNDED
14035,1,6,1687.40,2026-08-28 14:05:00,REFUNDED
14036,1,8,1548.00,2026-08-04 10:47:00,REFUNDED
14037,9,18,1417.20,2026-08-20 23:57:00,SUCCESS
14038,8,12,1039.60,2026-08-17 13:36:00,FAILED
14039,7,8,269.70,2026-08-13 11:27:00,REFUNDED
14040,2,12,707.50,2026-08-18 02:50:00,SUCCESS
14041,4,14,570.50,2026-08-20 20:35:00,FAILED
14042,9,3,4122.40,2026-08-27 05:47:00,PENDING
14043,1,16,1851.60,2026-08-18 10:02:00,PENDING
14044,2,2,1436.30,2026-08-03 06:19:00,FAILED
14045,2,5,1862.90,2026-08-19 22:02:00,FAILED
14046,1,12,4007.40,2026-08-07 19:49:00,PENDING
14047,7,6,1373.20,2026-08-21 08:25:00,SUCCESS
14048,9,17,3086.80,2026-08-14 11:52:00,PENDING
14049,8,9,1974.40,2026-08-27 02:14:00,REFUNDED
14050,3,13,3813.00,2026-08-18 15:13:00,FAILED
14051,7,3,535.60,2026-08-14 04:14:00,SUCCESS
14052,1,20,3770.70,2026-08-14 04:21:00,FAILED
14053,10,1,3095.20,2026-08-23 12:38:00,FAILED
14054,3,7,1043.80,2026-08-09 22:43:00,SUCCESS
14055,6,12,3272.40,2026-08-21 04:16:00,PENDING
14056,10,1,4398.10,2026-08-17 07:56:00,SUCCESS
14057,4,9,1918.10,2026-08-16 05:21:00,REFUNDED
14058,1,20,2561.90,2026-08-23 15:13:00,FAILED
14059,7,16,3206.00,2026-08-28 08:03:00,REFUNDED
14060,2,3,400.30,2026-08-01 09:54:00,REFUNDED
14061,3,10,3444.90,2026-08-31 04:09:00,PENDING
14062,10,13,544.00,2026-08-04 06:11:00,PENDING
14063,1,19,2028.50,2026-08-22 21:10:00,PENDING
14064,6,9,3774.70,2026-08-16 00:54:00,PENDING
14065,6,19,197.30,2026-08-15 08:19:00,REFUNDED
14066,7,13,4724.70,2026-08-14 21:07:00,SUCCESS
14067,7,3,2294.00,2026-08-18 20:55:00,SUCCESS
14068,5,15,4230.00,2026-08-07 23:40:00,PENDING
14069,9,8,2329.60,2026-08-28 17:44:00,SUCCESS
14070,4,14,1003.70,2026-08-18 18:00:00,FAILED
14071,3,8,3235.00,2026-08-10 17:16:00,SUCCESS
14072,10,19,3876.10,2026-08-14 16:18:00,FAILED
14073,10,18,649.50,2026-08-03 17:25:00,REFUNDED
14074,1,6,3978.10,2026-08-08 22:15:00,FAILED
14075,4,18,2040.60,2026-08-02 18:14:00,FAILED
14076,7,17,1691.20,2026-08-24 20:26:00,SUCCESS
14077,10,19,2502.90,2026-08-26 21:39:00,PENDING
14078,9,14,1118.80,2026-08-18 00:35:00,PENDING
14079,8,8,4440.50,2026-08-31 06:28:00,REFUNDED
14080,10,12,3474.30,2026-08-15 00:58:00,FAILED
14081,8,17,2085.30,2026-08-28 22:50:00,REFUNDED
14082,5,3,4296.70,2026-08-29 02:32:00,PENDING
14083,6,12,2604.70,2026-08-30 08:53:00,REFUNDED
14084,2,3,2652.70,2026-08-01 17:57:00,FAILED
14085,5,14,1445.20,2026-08-21 15:46:00,REFUNDED
14086,2,2,3351.70,2026-08-30 10:26:00,REFUNDED
14087,8,9,3735.70,2026-08-29 12:47:00,REFUNDED
14088,7,17,3362.80,2026-08-30 07:02:00,FAILED
14089,3,14,2382.10,2026-08-28 02:39:00,FAILED
14090,10,2,4171.10,2026-08-27 11:30:00,REFUNDED
14091,1,19,3619.70,2026-08-25 05:39:00,FAILED
14092,5,4,3674.30,2026-08-20 06:24:00,SUCCESS
14093,5,12,827.40,2026-08-25 01:17:00,PENDING
14094,3,13,1771.90,2026-08-15 21:57:00,REFUNDED
14095,1,7,350.70,2026-08-26 15:59:00,SUCCESS
14096,1,19,1935.40,2026-08-26 14:06:00,SUCCESS
14097,6,17,3976.50,2026-08-24 09:57:00,REFUNDED
14098,10,6,3672.20,2026-08-28 12:57:00,FAILED
14099,4,3,581.00,2026-08-06 02:43:00,FAILED
14100,9,16,3345.30,2026-08-17 04:34:00,REFUNDED
14101,7,6,3151.00,2026-08-17 18:49:00,REFUNDED
14102,10,9,3901.60,2026-08-19 22:40:00,SUCCESS
14103,6,4,2061.60,2026-08-03 13:46:00,PENDING
14104,3,4,4835.80,2026-08-25 13:52:00,REFUNDED
14105,6,14,4545.60,2026-08-06 15:45:00,SUCCESS
14106,1,3,431.10,2026-08-11 13:46:00,FAILED
14107,8,3,3887.90,2026-08-23 05:42:00,FAILED
14108,3,19,4127.90,2026-08-26 12:16:00,REFUNDED
14109,3,20,2514.70,2026-08-19 05:17:00,SUCCESS
14110,3,6,3428.50,2026-08-13 18:42:00,FAILED
14111,5,5,1704.70,2026-08-07 20:34:00,FAILED
14112,8,15,3706.80,2026-08-15 09:01:00,FAILED
14113,8,1,3108.50,2026-08-13 01:58:00,PENDING
14114,1,17,4729.50,2026-08-23 18:38:00,PENDING
14115,1,20,311.30,2026-08-16 06:15:00,REFUNDED
14116,9,11,1291.70,2026-08-22 07:14:00,SUCCESS
14117,9,14,222.50,2026-08-29 03:01:00,FAILED
14118,5,4,944.20,2026-08-09 02:42:00,SUCCESS
14119,9,4,761.10,2026-08-18 17:55:00,PENDING
14120,3,20,567.90,2026-08-27 21:26:00,PENDING
14121,4,6,4136.90,2026-08-25 08:36:00,REFUNDED
14122,5,9,4541.60,2026-08-29 09:34:00,SUCCESS
14123,9,19,4537.70,2026-08-04 17:32:00,PENDING
14124,9,16,4024.50,2026-08-26 01:17:00,SUCCESS
14125,9,1,2743.80,2026-08-06 23:17:00,REFUNDED
14126,7,8,2587.70,2026-08-06 08:59:00,FAILED
14127,8,17,4343.50,2026-08-27 08:47:00,SUCCESS
14128,4,18,3427.40,2026-08-10 11:25:00,PENDING
14129,1,5,2196.50,2026-08-31 07:38:00,PENDING
14130,10,18,2537.30,2026-08-17 07:58:00,PENDING
14131,3,20,4209.20,2026-08-02 00:55:00,REFUNDED
14132,4,3,1968.50,2026-08-12 04:35:00,SUCCESS
14133,7,18,2275.10,2026-08-22 10:19:00,REFUNDED
14134,10,10,401.40,2026-08-14 08:23:00,SUCCESS
14135,7,18,1463.90,2026-08-09 08:53:00,FAILED
14136,2,18,3243.20,2026-08-29 03:44:00,REFUNDED
14137,4,10,145.70,2026-08-01 23:06:00,REFUNDED
14138,3,13,1193.40,2026-08-25 06:07:00,SUCCESS
14139,8,11,2028.30,2026-08-04 00:41:00,SUCCESS
14140,4,17,4166.90,2026-08-24 04:17:00,PENDING
14141,7,10,1632.50,2026-08-05 08:18:00,SUCCESS
14142,2,9,1499.70,2026-08-10 03:10:00,REFUNDED
14143,7,9,3977.40,2026-08-22 13:53:00,PENDING
14144,3,1,3557.80,2026-08-10 16:41:00,PENDING
14145,2,17,2392.70,2026-08-04 16:11:00,FAILED
14146,5,13,1172.10,2026-08-19 10:27:00,REFUNDED
14147,9,9,4632.90,2026-08-03 01:43:00,FAILED
14148,3,2,4815.90,2026-08-04 08:40:00,SUCCESS
14149,6,2,846.50,2026-08-08 01:53:00,REFUNDED
14150,7,18,286.70,2026-08-21 05:02:00,SUCCESS
14151,2,14,1557.00,2026-08-05 05:51:00,REFUNDED
14152,10,20,4316.80,2026-08-27 04:25:00,SUCCESS
14153,8,10,961.80,2026-08-27 13:12:00,SUCCESS
14154,5,10,1805.90,2026-08-03 01:04:00,PENDING
14155,10,11,3597.00,2026-08-22 06:03:00,PENDING
14156,8,15,85.60,2026-08-19 20:10:00,SUCCESS
14157,2,17,4707.90,2026-08-15 06:38:00,FAILED
14158,3,14,4041.30,2026-08-27 21:58:00,PENDING
14159,2,20,1716.00,2026-08-04 01:41:00,FAILED
14160,2,20,3378.00,2026-08-28 18:33:00,REFUNDED
14161,6,8,1142.30,2026-08-13 08:54:00,SUCCESS
14162,10,13,696.00,2026-08-09 00:20:00,FAILED
14163,1,12,2287.40,2026-08-09 05:06:00,REFUNDED
14164,6,11,577.70,2026-08-24 21:33:00,FAILED
14165,10,12,1269.30,2026-08-11 03:01:00,PENDING
14166,8,18,3106.80,2026-08-22 15:49:00,PENDING
14167,7,10,2295.90,2026-08-04 12:43:00,SUCCESS
14168,9,3,4038.80,2026-08-05 02:21:00,PENDING
14169,5,5,4538.80,2026-08-29 09:01:00,SUCCESS
14170,9,19,3423.00,2026-08-14 18:54:00,PENDING
14171,2,3,1814.10,2026-08-26 07:25:00,SUCCESS
14172,1,2,1561.20,2026-08-12 11:00:00,SUCCESS
14173,7,2,1317.40,2026-08-30 06:14:00,REFUNDED
14174,3,19,3510.60,2026-08-13 01:16:00,PENDING
14175,4,5,4272.70,2026-08-17 10:40:00,SUCCESS
14176,1,19,2899.40,2026-08-02 04:21:00,FAILED
14177,3,1,337.50,2026-08-07 14:16:00,PENDING
14178,1,10,4100.80,2026-08-23 22:08:00,SUCCESS
14179,7,7,3737.20,2026-08-25 11:48:00,SUCCESS
14180,4,10,2616.80,2026-08-10 13:14:00,PENDING
14181,8,16,3396.60,2026-08-02 16:55:00,REFUNDED
14182,8,3,3182.10,2026-08-01 11:46:00,SUCCESS
14183,8,19,1440.10,2026-08-25 05:51:00,PENDING
14184,10,7,3725.70,2026-08-16 23:05:00,SUCCESS
14185,2,3,4752.80,2026-08-30 17:40:00,PENDING
14186,3,20,706.00,2026-08-19 16:59:00,REFUNDED
14187,6,12,1305.70,2026-08-14 11:18:00,REFUNDED
14188,6,3,3042.40,2026-08-21 11:33:00,REFUNDED
14189,6,20,539.60,2026-08-14 11:30:00,REFUNDED
14190,3,19,1112.40,2026-08-26 02:52:00,REFUNDED
14191,7,7,4232.50,2026-08-16 22:58:00,FAILED
14192,6,10,4234.30,2026-08-28 23:27:00,SUCCESS
14193,3,5,2975.00,2026-08-05 06:48:00,FAILED
14194,5,16,3574.80,2026-08-23 18:09:00,REFUNDED
14195,6,1,2907.90,2026-08-12 02:55:00,REFUNDED
14196,3,1,4234.60,2026-08-06 02:08:00,SUCCESS
14197,6,7,2987.20,2026-08-20 20:44:00,PENDING
14198,10,6,2766.80,2026-08-17 14:53:00,FAILED
14199,2,3,3056.70,2026-08-22 06:08:00,REFUNDED
14200,10,3,3306.10,2026-08-01 14:59:00,FAILED
14201,7,18,1926.20,2026-08-20 15:41:00,SUCCESS
14202,8,20,4014.20,2026-08-30 03:03:00,PENDING
14203,5,12,1410.10,2026-08-19 15:11:00,FAILED
14204,1,1,5000,2026-08-01 12:00:00,UNKNOWN_STATUS
14205,9,20,2283.70,2026-08-25 11:13:00,REFUNDED
14206,1,1,NOT_A_NUMBER,2026-08-01 12:00:00,SUCCESS
14207,5,20,4807.10,2026-08-26 12:00:00,REFUNDED
14208,3,5,4020.00,2026-08-16 23:29:00,REFUNDED
14209,1,4,645.40,2026-08-12 06:24:00,SUCCESS
14210,7,14,880.50,2026-08-19 14:20:00,FAILED
14211,7,17,4894.40,2026-08-02 22:18:00,SUCCESS
14212,10,3,1329.30,2026-08-13 16:38:00,PENDING
14213,2,8,4661.30,2026-08-07 17:11:00,PENDING
14214,6,7,4221.50,2026-08-14 04:05:00,SUCCESS
14215,5,19,2800.60,2026-08-07 14:11:00,FAILED
14216,5,18,4532.20,2026-08-29 08:10:00,REFUNDED
14217,10,5,881.80,2026-08-22 23:29:00,FAILED
14218,8,18,1814.70,2026-08-11 11:39:00,FAILED
14219,8,5,4387.90,2026-08-29 13:15:00,SUCCESS
14220,5,17,3769.60,2026-08-09 18:02:00,PENDING
14221,3,19,2974.70,2026-08-09 01:29:00,PENDING
14222,1,6,1350.50,2026-08-28 12:27:00,FAILED
14223,8,16,2887.10,2026-08-25 01:01:00,SUCCESS
14224,9,19,694.30,2026-08-30 05:45:00,REFUNDED
14225,5,6,2818.60,2026-08-15 23:37:00,REFUNDED
14226,1,15,700.10,2026-08-28 10:44:00,REFUNDED
14227,9,10,2423.70,2026-08-17 08:15:00,REFUNDED
14228,4,6,4208.20,2026-08-03 17:44:00,FAILED
14229,4,1,1472.30,2026-08-19 19:10:00,PENDING
14230,8,7,4764.70,2026-08-10 02:18:00,SUCCESS
14231,2,20,3927.40,2026-08-17 15:48:00,REFUNDED
14232,2,2,1300.30,2026-08-05 18:25:00,FAILED
14233,1,14,1341.60,2026-08-09 20:10:00,SUCCESS
14234,10,1,4538.90,2026-08-16 22:10:00,FAILED
14235,8,13,892.20,2026-08-26 09:14:00,FAILED
14236,2,5,4203.00,2026-08-26 02:35:00,PENDING
14237,4,10,1375.30,2026-08-02 19:16:00,FAILED
14238,2,12,3321.30,2026-08-07 20:18:00,PENDING
14239,7,20,4629.20,2026-08-15 00:25:00,PENDING
14240,4,14,3534.70,2026-08-13 14:30:00,REFUNDED
14241,3,9,2535.50,2026-08-12 22:08:00,PENDING
14242,4,1,2252.10,2026-08-18 13:40:00,FAILED
14243,10,5,469.50,2026-08-10 05:18:00,SUCCESS
14244,7,13,978.00,2026-08-04 04:38:00,PENDING
14245,9,4,533.80,2026-08-16 06:42:00,FAILED
14246,8,1,3374.80,2026-08-05 04:29:00,FAILED
14247,7,8,1208.20,2026-08-06 19:57:00,PENDING
14248,2,9,926.50,2026-08-28 12:14:00,SUCCESS
14249,7,2,4720.90,2026-08-05 21:36:00,REFUNDED
14250,7,12,2609.70,2026-08-26 18:39:00,SUCCESS
14251,10,10,239.60,2026-08-05 06:12:00,REFUNDED
14252,1,1,5000,2026-08-01 12:00:00,UNKNOWN_STATUS
14253,10,1,4326.90,2026-08-04 00:51:00,FAILED
14254,5,14,3651.80,2026-08-03 18:43:00,SUCCESS
14255,6,13,2028.20,2026-08-11 04:14:00,FAILED
14256,2,15,1459.50,2026-08-04 18:56:00,SUCCESS
14257,7,13,1252.50,2026-08-29 02:44:00,REFUNDED
14258,7,19,3268.50,2026-08-30 09:44:00,PENDING
14259,1,12,4029.30,2026-08-13 07:02:00,PENDING
14260,2,17,4300.20,2026-08-08 04:06:00,SUCCESS
14261,10,8,3850.40,2026-08-07 00:11:00,PENDING
14262,7,7,4676.80,2026-08-28 04:42:00,SUCCESS
14263,9,4,3664.40,2026-08-06 07:58:00,FAILED
14264,8,15,4498.40,2026-08-13 22:03:00,PENDING
14265,5,18,624.90,2026-08-11 04:31:00,REFUNDED
14266,4,18,1842.80,2026-08-04 08:03:00,SUCCESS
14267,7,18,2172.90,2026-08-15 14:04:00,REFUNDED
14268,1,12,983.70,2026-08-30 04:31:00,SUCCESS
14269,5,15,4948.50,2026-08-16 09:32:00,FAILED
14270,10,16,2728.70,2026-08-27 12:23:00,PENDING
14271,4,5,1088.70,2026-08-09 01:27:00,FAILED
14272,8,6,4145.80,2026-08-12 19:41:00,PENDING
14273,5,8,3814.00,2026-08-04 13:47:00,FAILED
14274,5,15,1010.80,2026-08-09 22:16:00,FAILED
14275,8,14,4921.30,2026-08-18 02:15:00,FAILED
14276,7,16,2202.70,2026-08-23 10:21:00,SUCCESS
14277,2,16,2621.70,2026-08-28 16:21:00,PENDING
14278,7,6,2460.60,2026-08-18 18:02:00,PENDING
14279,3,12,3104.40,2026-08-06 10:42:00,REFUNDED
14280,1,2,644.00,2026-08-23 16:04:00,FAILED
14281,2,1,531.40,2026-08-10 00:03:00,REFUNDED
14282,2,9,2648.20,2026-08-02 03:14:00,REFUNDED
14283,9,19,1889.80,2026-08-29 18:01:00,FAILED
14284,8,1,4690.70,2026-08-17 06:59:00,PENDING
14285,10,17,4579.30,2026-08-30 03:06:00,SUCCESS
14286,8,2,2008.30,2026-08-29 15:09:00,FAILED
14287,4,15,3347.40,2026-08-04 22:05:00,PENDING
14288,5,6,1342.20,2026-08-30 02:49:00,PENDING
14289,9,13,1849.60,2026-08-13 11:48:00,FAILED
14290,5,15,1853.60,2026-08-28 23:57:00,PENDING
14291,4,16,3644.50,2026-08-20 23:55:00,SUCCESS
14292,7,16,1771.20,2026-08-29 17:37:00,SUCCESS
14293,5,11,3889.70,2026-08-23 23:27:00,PENDING
14294,7,8,3186.70,2026-08-30 21:50:00,PENDING
14295,1,14,3290.30,2026-08-03 01:45:00,SUCCESS
14296,3,12,1064.70,2026-08-14 09:19:00,REFUNDED
14297,9,7,552.40,2026-08-01 19:36:00,FAILED
14298,1,18,348.50,2026-08-06 00:19:00,SUCCESS
14299,6,8,2375.90,2026-08-29 18:12:00,FAILED
14300,3,18,2708.80,2026-08-06 06:59:00,SUCCESS
14301,1,1,2609.90,2026-08-11 14:29:00,REFUNDED
14302,7,17,997.60,2026-08-02 16:25:00,PENDING
14303,6,15,1310.80,2026-08-09 17:07:00,PENDING
14304,10,11,4793.60,2026-08-01 17:24:00,SUCCESS
14305,3,10,4427.30,2026-08-19 08:33:00,SUCCESS
14306,6,1,4245.40,2026-08-28 06:02:00,FAILED
14307,3,6,2252.50,2026-08-22 17:04:00,PENDING
14308,9,16,251.20,2026-08-19 04:43:00,REFUNDED
14309,1,15,3908.20,2026-08-21 12:07:00,PENDING
14310,8,7,1300.80,2026-08-16 09:29:00,FAILED
14311,7,2,620.70,2026-08-10 10:38:00,FAILED
14312,7,7,2104.50,2026-08-26 23:56:00,PENDING
14313,2,1,3810.60,2026-08-13 12:17:00,REFUNDED
14314,1,1,5000,INVALID_DATE_TIME,SUCCESS
14315,3,3,467.00,2026-08-22 13:49:00,SUCCESS
14316,5,12,2566.90,2026-08-24 16:02:00,PENDING
14317,3,6,1353.20,2026-08-14 12:04:00,PENDING
14318,9,10,3599.60,2026-08-23 09:05:00,FAILED
14319,8,11,512.30,2026-08-21 22:29:00,SUCCESS
14320,2,14,2882.90,2026-08-11 01:06:00,PENDING
14321,1,10,4185.50,2026-08-09 22:21:00,SUCCESS
14322,4,13,3495.90,2026-08-26 01:42:00,PENDING
14323,9,1,665.00,2026-08-19 04:21:00,SUCCESS
14324,1,9,463.20,2026-08-10 00:46:00,SUCCESS
14325,9,2,1397.40,2026-08-13 04:21:00,FAILED
14326,1,9,2514.60,2026-08-08 09:41:00,FAILED
14327,8,19,4494.00,2026-08-03 01:19:00,SUCCESS
14328,3,16,3585.40,2026-08-30 18:33:00,PENDING
14329,6,16,1016.90,2026-08-14 03:36:00,REFUNDED
14330,2,3,84.80,2026-08-25 13:21:00,PENDING
14331,10,18,1428.40,2026-08-04 19:27:00,FAILED
14332,9,14,4900.50,2026-08-06 23:12:00,REFUNDED
14333,1,5,3045.20,2026-08-13 23:26:00,SUCCESS
14334,1,5,2766.20,2026-08-09 18:24:00,REFUNDED
14335,2,14,3944.70,2026-08-08 12:26:00,FAILED
14336,2,18,2526.40,2026-08-04 11:27:00,PENDING
14337,4,2,3004.80,2026-08-21 10:15:00,SUCCESS
14338,1,11,3169.30,2026-08-04 09:43:00,PENDING
14339,8,8,867.90,2026-08-12 21:02:00,SUCCESS
14340,10,5,244.50,2026-08-05 21:18:00,FAILED
14341,1,19,4799.30,2026-08-20 06:29:00,SUCCESS
14342,7,13,1426.50,2026-08-30 10:11:00,SUCCESS
14343,2,7,4697.70,2026-08-19 23:39:00,PENDING
14344,5,15,493.90,2026-08-01 16:58:00,SUCCESS
14345,7,9,286.10,2026-08-11 09:29:00,PENDING
14346,2,3,4295.20,2026-08-20 17:25:00,SUCCESS
14347,2,15,554.70,2026-08-13 10:19:00,SUCCESS
14348,8,5,3366.60,2026-08-14 04:04:00,PENDING
14349,5,13,1903.60,2026-08-29 01:24:00,FAILED
14350,1,4,1889.80,2026-08-10 21:10:00,PENDING
14351,2,8,249.00,2026-08-16 12:40:00,FAILED
14352,10,14,4912.70,2026-08-31 00:00:00,PENDING
14353,1,7,1160.00,2026-08-08 21:06:00,PENDING
14354,8,4,346.50,2026-08-08 13:52:00,SUCCESS
14355,1,20,3344.50,2026-08-29 12:37:00,FAILED
14356,4,6,3682.90,2026-08-05 02:21:00,SUCCESS
14357,4,9,3627.60,2026-08-23 04:37:00,SUCCESS
14358,1,13,3040.20,2026-08-13 22:29:00,FAILED
14359,2,7,2156.40,2026-08-17 08:34:00,FAILED
14360,7,12,1911.10,2026-08-27 00:36:00,SUCCESS
14361,1,7,1308.70,2026-08-25 01:18:00,PENDING
14362,2,13,1344.20,2026-08-07 01:49:00,REFUNDED
14363,4,3,1655.20,2026-08-10 18:10:00,FAILED
14364,2,19,3693.40,2026-08-19 20:01:00,SUCCESS
14365,3,9,2079.90,2026-08-26 09:24:00,REFUNDED
14366,2,19,3165.20,2026-08-27 08:56:00,SUCCESS
14367,2,2,3503.30,2026-08-11 23:01:00,REFUNDED
14368,10,10,579.50,2026-08-04 05:59:00,PENDING
14369,1,2,1380.80,2026-08-28 01:05:00,REFUNDED
14370,1,7,4214.70,2026-08-23 17:59:00,FAILED
14371,8,16,3994.00,2026-08-30 19:51:00,PENDING
14372,8,14,3846.50,2026-08-15 05:18:00,PENDING
14373,4,9,1662.10,2026-08-05 21:23:00,SUCCESS
14374,1,20,591.00,2026-08-07 04:52:00,FAILED
14375,6,12,4304.70,2026-08-20 01:53:00,FAILED
14376,7,7,5011.70,2026-08-25 20:11:00,SUCCESS
14377,4,13,429.40,2026-08-19 10:59:00,REFUNDED
14378,9,16,4867.40,2026-08-24 07:07:00,SUCCESS
14379,5,15,1935.30,2026-08-29 22:07:00,SUCCESS
14380,2,10,235.10,2026-08-02 00:39:00,SUCCESS
14381,10,19,4874.00,2026-08-13 21:35:00,SUCCESS
14382,2,3,4529.50,2026-08-09 14:22:00,PENDING
14383,9,15,3344.50,2026-08-25 08:47:00,FAILED
14384,3,9,436.80,2026-08-17 03:21:00,PENDING
14385,4,8,903.60,2026-08-14 04:39:00,PENDING
14386,10,11,3577.80,2026-08-25 08:16:00,FAILED
14387,6,11,3284.80,2026-08-16 15:50:00,FAILED
14388,5,8,3757.70,2026-08-15 07:15:00,REFUNDED
14389,6,1,1161.50,2026-08-04 15:00:00,SUCCESS
14390,7,15,537.90,2026-08-19 16:09:00,SUCCESS
14391,2,14,3768.90,2026-08-04 20:31:00,REFUNDED
14392,1,1,486.50,2026-08-10 23:00:00,REFUNDED
14393,6,11,3937.30,2026-08-17 06:57:00,FAILED
14394,2,18,3369.80,2026-08-15 20:26:00,FAILED
14395,6,17,2233.20,2026-08-24 15:22:00,SUCCESS
14396,9,1,4770.00,2026-08-31 05:46:00,FAILED
14397,5,11,3719.90,2026-08-27 20:25:00,FAILED
14398,4,6,3010.70,2026-08-05 19:49:00,SUCCESS
14399,3,11,869.00,2026-08-04 18:31:00,PENDING
14400,1,7,4102.60,2026-08-06 18:28:00,REFUNDED
14401,5,7,3336.00,2026-08-11 00:29:00,SUCCESS
14402,1,2,4138.60,2026-08-24 04:40:00,SUCCESS
14403,10,17,2934.90,2026-08-08 07:20:00,FAILED
14404,8,8,4085.70,2026-08-09 07:13:00,REFUNDED
14405,9,12,2739.70,2026-08-17 12:26:00,REFUNDED
14406,8,10,2983.60,2026-08-07 05:45:00,SUCCESS
14407,10,8,5028.60,2026-08-01 13:56:00,SUCCESS
14408,3,3,4985.60,2026-08-27 21:14:00,PENDING
14409,8,12,4854.20,2026-08-14 17:41:00,SUCCESS
14410,8,10,2644.80,2026-08-14 22:59:00,SUCCESS
14411,1,11,2642.80,2026-08-19 19:02:00,REFUNDED
14412,5,2,851.10,2026-08-24 09:01:00,PENDING
14413,4,3,1782.40,2026-08-16 00:18:00,REFUNDED
14414,6,3,3284.40,2026-08-10 16:16:00,SUCCESS
14415,7,7,1930.10,2026-08-14 06:21:00,SUCCESS
14416,5,1,1230.00,2026-08-20 06:17:00,SUCCESS
14417,9,11,1571.90,2026-08-09 05:19:00,SUCCESS
14418,7,11,2445.10,2026-08-17 20:16:00,SUCCESS
14419,4,14,573.10,2026-08-08 22:07:00,SUCCESS
14420,6,1,2624.60,2026-08-03 05:51:00,SUCCESS
14421,5,17,1391.60,2026-08-22 01:37:00,SUCCESS
14422,4,8,2981.30,2026-08-10 03:28:00,FAILED
14423,2,6,3650.60,2026-08-18 20:28:00,PENDING
14424,10,12,4192.40,2026-08-16 18:56:00,REFUNDED
14425,2,8,1144.90,2026-08-29 08:05:00,REFUNDED
14426,5,11,1408.40,2026-08-06 20:24:00,REFUNDED
14427,3,18,2438.50,2026-08-02 14:59:00,SUCCESS
14428,7,4,749.00,2026-08-30 01:20:00,PENDING
14429,2,20,4282.10,2026-08-12 00:38:00,FAILED
14430,1,13,4548.30,2026-08-26 00:23:00,REFUNDED
14431,2,5,1810.70,2026-08-07 00:48:00,REFUNDED
14432,8,5,3203.00,2026-08-17 21:21:00,FAILED
14433,10,12,1583.80,2026-08-08 17:10:00,SUCCESS
14434,7,11,4787.60,2026-08-17 00:57:00,FAILED
14435,1,7,364.00,2026-08-24 03:59:00,REFUNDED
14436,7,18,3571.30,2026-08-15 23:29:00,REFUNDED
14437,10,15,4543.80,2026-08-25 11:04:00,REFUNDED
14438,3,12,4062.40,2026-08-04 23:16:00,FAILED
14439,2,4,1998.50,2026-08-16 14:45:00,PENDING
14440,1,1,3627.00,2026-08-01 09:34:00,FAILED
14441,8,7,2250.10,2026-08-23 23:23:00,REFUNDED
14442,8,10,4994.10,2026-08-07 23:20:00,REFUNDED
14443,8,13,1915.30,2026-08-19 00:09:00,PENDING
14444,8,18,2424.50,2026-08-26 22:22:00,PENDING
14445,4,5,1363.10,2026-08-17 16:41:00,PENDING
14446,9,13,2108.30,2026-08-14 01:38:00,REFUNDED
14447,4,11,2447.80,2026-08-14 12:35:00,REFUNDED
14448,10,12,570.30,2026-08-08 19:48:00,REFUNDED
14449,9,16,1376.50,2026-08-22 18:24:00,REFUNDED
14450,5,6,2821.40,2026-08-14 14:17:00,REFUNDED
14451,1,16,4890.80,2026-08-10 16:25:00,SUCCESS
14452,5,6,768.10,2026-08-14 09:49:00,SUCCESS
14453,9,14,841.40,2026-08-05 04:09:00,FAILED
14454,3,12,1576.00,2026-08-14 09:07:00,PENDING
14455,5,6,203.80,2026-08-08 00:42:00,PENDING
14456,5,2,2639.00,2026-08-18 19:48:00,REFUNDED
14457,1,16,4703.00,2026-08-10 07:36:00,FAILED
14458,1,18,2082.10,2026-08-02 14:31:00,SUCCESS
14459,1,9,2971.60,2026-08-28 02:59:00,SUCCESS
14460,10,13,1570.10,2026-08-18 02:22:00,SUCCESS
14461,10,14,4398.50,2026-08-10 12:37:00,PENDING
14462,3,18,3943.00,2026-08-06 06:47:00,PENDING
14463,3,13,493.00,2026-08-28 12:21:00,REFUNDED
14464,1,17,4854.80,2026-08-17 12:15:00,REFUNDED
14465,6,9,1023.10,2026-08-06 04:31:00,FAILED
14466,5,6,1879.10,2026-08-27 03:54:00,SUCCESS
14467,10,6,2022.10,2026-08-29 18:57:00,REFUNDED
14468,1,18,3806.10,2026-08-03 16:15:00,FAILED
14469,4,2,2509.30,2026-08-29 04:55:00,REFUNDED
14470,5,7,2128.60,2026-08-24 09:32:00,SUCCESS
14471,1,18,557.80,2026-08-18 19:02:00,FAILED
14472,4,20,3801.80,2026-08-08 14:42:00,SUCCESS
14473,8,3,3245.60,2026-08-26 15:13:00,PENDING
14474,9,10,4142.60,2026-08-20 14:02:00,FAILED
14475,10,5,2437.70,2026-08-12 14:41:00,PENDING
14476,10,4,4708.30,2026-08-29 04:18:00,FAILED
14477,4,13,3990.20,2026-08-19 13:14:00,REFUNDED
14478,6,12,4327.90,2026-08-15 17:24:00,FAILED
14479,5,2,2807.10,2026-08-12 02:11:00,PENDING
14480,4,14,4169.40,2026-08-30 23:54:00,FAILED
14481,1,13,4381.20,2026-08-04 19:49:00,SUCCESS
14482,3,2,4045.40,2026-08-10 07:42:00,FAILED
14483,1,9,4829.00,2026-08-14 23:19:00,PENDING
14484,9,8,150.00,2026-08-19 01:37:00,REFUNDED
14485,1,18,3221.30,2026-08-23 18:09:00,PENDING
14486,3,4,278.00,2026-08-12 18:26:00,PENDING
14487,9,11,3574.40,2026-08-13 09:55:00,PENDING
14488,4,18,348.70,2026-08-27 07:35:00,FAILED
14489,5,2,2973.10,2026-08-17 01:06:00,PENDING
14490,5,8,3722.80,2026-08-27 10:09:00,PENDING
14491,8,2,2109.30,2026-08-16 10:17:00,FAILED
14492,1,10,2529.40,2026-08-15 10:45:00,PENDING
14493,5,12,3503.00,2026-08-19 12:07:00,SUCCESS
14494,2,12,821.70,2026-08-26 05:04:00,SUCCESS
14495,7,16,2822.50,2026-08-18 02:53:00,SUCCESS
14496,10,3,1262.50,2026-08-14 02:03:00,FAILED
14497,3,11,2858.20,2026-08-08 05:14:00,SUCCESS
14498,3,7,1130.30,2026-08-17 11:30:00,REFUNDED
14499,1,19,400.70,2026-08-04 20:09:00,SUCCESS
14500,9,3,3217.00,2026-08-23 15:37:00,PENDING
14501,1,16,2696.30,2026-08-18 05:33:00,PENDING
14502,4,5,4909.30,2026-08-03 16:10:00,SUCCESS
14503,10,5,639.70,2026-08-28 21:58:00,FAILED
14504,2,3,2902.40,2026-08-19 01:52:00,SUCCESS
14505,1,3,3821.50,2026-08-16 17:39:00,PENDING
14506,6,2,4603.50,2026-08-09 08:29:00,REFUNDED
14507,1,17,408.30,2026-08-03 15:18:00,FAILED
14508,10,9,3131.20,2026-08-01 10:58:00,SUCCESS
14509,1,3,2541.30,2026-08-02 11:58:00,FAILED
14510,3,4,3392.00,2026-08-28 17:07:00,PENDING
14511,7,12,2369.20,2026-08-03 22:53:00,SUCCESS
14512,8,16,1238.60,2026-08-12 08:27:00,SUCCESS
14513,1,18,306.70,2026-08-03 16:13:00,REFUNDED
14514,1,100.00
14515,4,18,4990.00,2026-08-09 21:49:00,REFUNDED
14516,5,2,1790.20,2026-08-13 11:59:00,REFUNDED
14517,7,5,1071.90,2026-08-10 02:34:00,REFUNDED
14518,2,17,1688.90,2026-08-20 06:22:00,REFUNDED
14519,2,7,1691.30,2026-08-02 12:04:00,REFUNDED
14520,10,3,4089.70,2026-08-29 14:18:00,PENDING
14521,10,4,1965.20,2026-08-21 18:34:00,FAILED
14522,8,7,3258.60,2026-08-14 07:36:00,PENDING
14523,3,1,1336.90,2026-08-23 16:46:00,PENDING
14524,7,19,1487.20,2026-08-30 12:37:00,REFUNDED
14525,7,12,3854.10,2026-08-18 19:41:00,FAILED
14526,4,10,324.90,2026-08-05 20:42:00,SUCCESS
14527,5,11,4365.80,2026-08-31 02:20:00,PENDING
14528,9,18,2082.60,2026-08-08 07:25:00,SUCCESS
14529,5,19,2058.80,2026-08-30 09:35:00,PENDING
14530,4,12,2214.80,2026-08-01 16:45:00,REFUNDED
14531,3,12,4465.50,2026-08-16 17:15:00,REFUNDED
14532,1,19,1927.80,2026-08-22 22:08:00,FAILED
14533,10,8,511.10,2026-08-27 16:07:00,REFUNDED
14534,3,4,2553.10,2026-08-14 05:45:00,REFUNDED
14535,8,13,842.30,2026-08-17 12:44:00,REFUNDED
14536,7,12,1389.70,2026-08-10 22:19:00,FAILED
14537,7,10,1191.20,2026-08-05 18:24:00,SUCCESS
14538,10,5,1975.90,2026-08-22 02:26:00,PENDING
14539,9,16,4346.70,2026-08-15 16:09:00,REFUNDED
14540,3,8,4986.80,2026-08-30 22:35:00,PENDING
14541,3,4,2040.00,2026-08-06 15:19:00,FAILED
14542,1,10,2565.70,2026-08-08 04:47:00,SUCCESS
14543,4,17,2947.40,2026-08-19 20:33:00,PENDING
14544,4,6,4166.70,2026-08-14 21:35:00,FAILED
14545,6,5,598.80,2026-08-03 11:17:00,PENDING
14546,8,5,1414.40,2026-08-25 09:12:00,PENDING
14547,6,13,4229.70,2026-08-10 00:00:00,SUCCESS
14548,1,7,2676.20,2026-08-18 03:41:00,SUCCESS
14549,2,11,1469.20,2026-08-15 09:16:00,SUCCESS
14550,5,17,3202.30,2026-08-18 15:20:00,FAILED
14551,1,19,4108.60,2026-08-28 06:39:00,FAILED
14552,3,12,4187.80,2026-08-06 06:03:00,FAILED
14553,7,19,4915.40,2026-08-13 15:43:00,SUCCESS
14554,2,4,751.00,2026-08-05 17:05:00,SUCCESS
14555,1,100.00
14556,2,8,1116.10,2026-08-18 20:25:00,SUCCESS
14557,2,11,2869.50,2026-08-10 21:16:00,PENDING
14558,5,19,1756.20,2026-08-27 22:51:00,PENDING
14559,4,7,1742.30,2026-08-02 23:50:00,SUCCESS
14560,7,2,2935.80,2026-08-11 17:31:00,SUCCESS
14561,6,6,1280.60,2026-08-04 05:10:00,PENDING
14562,9,9,3590.90,2026-08-17 17:44:00,SUCCESS
14563,4,17,5026.00,2026-08-02 05:11:00,REFUNDED
14564,5,2,798.90,2026-08-10 11:31:00,REFUNDED
14565,8,3,3935.20,2026-08-14 09:25:00,PENDING
14566,3,12,1441.30,2026-08-15 17:20:00,REFUNDED
14567,5,16,699.30,2026-08-10 20:09:00,REFUNDED
14568,9,2,4978.90,2026-08-17 21:43:00,PENDING
14569,1,16,75.70,2026-08-14 22:48:00,SUCCESS
14570,1,2,4256.40,2026-08-05 14:14:00,REFUNDED
14571,3,6,4591.30,2026-08-01 12:35:00,REFUNDED
14572,7,5,2989.10,2026-08-08 19:06:00,SUCCESS
14573,4,10,2543.90,2026-08-25 03:40:00,FAILED
14574,6,20,5002.00,2026-08-23 07:21:00,PENDING
14575,10,18,3988.10,2026-08-28 09:28:00,PENDING
14576,3,8,1828.00,2026-08-30 11:38:00,REFUNDED
14577,1,10,4353.70,2026-08-17 16:07:00,SUCCESS
14578,10,19,5038.50,2026-08-24 00:18:00,SUCCESS
14579,10,11,646.10,2026-08-29 17:55:00,REFUNDED
14580,10,20,2442.30,2026-08-20 13:36:00,SUCCESS
14581,1,11,58.20,2026-08-10 15:40:00,FAILED
14582,6,16,4325.30,2026-08-20 22:10:00,SUCCESS
14583,3,2,2010.60,2026-08-08 16:52:00,PENDING
14584,1,11,1351.40,2026-08-18 17:44:00,SUCCESS
14585,6,3,1334.20,2026-08-04 05:20:00,FAILED
14586,7,16,1255.80,2026-08-05 10:09:00,FAILED
14587,5,8,121.50,2026-08-07 19:11:00,PENDING
14588,9,15,3253.70,2026-08-03 04:32:00,REFUNDED
14589,1,1,NOT_A_NUMBER,2026-08-01 12:00:00,SUCCESS
14590,4,16,2597.60,2026-08-10 00:25:00,SUCCESS
14591,1,1,NOT_A_NUMBER,2026-08-01 12:00:00,SUCCESS
14592,5,15,2012.70,2026-08-14 10:20:00,PENDING
14593,1,17,1282.80,2026-08-23 00:12:00,SUCCESS
14594,3,6,771.30,2026-08-15 01:40:00,SUCCESS
14595,4,18,4391.70,2026-08-22 20:04:00,FAILED
14596,2,16,3057.30,2026-08-07 01:35:00,SUCCESS
14597,1,11,2264.60,2026-08-14 15:19:00,REFUNDED
14598,5,5,3209.50,2026-08-03 03:34:00,REFUNDED
14599,5,13,3337.70,2026-08-17 12:26:00,SUCCESS
14600,7,4,1897.70,2026-08-19 18:14:00,REFUNDED
14601,5,15,1754.30,2026-08-29 12:45:00,REFUNDED
14602,5,8,120.90,2026-08-26 04:24:00,FAILED
14603,7,1,2032.60,2026-08-07 06:09:00,PENDING
14604,3,19,2719.30,2026-08-09 02:27:00,SUCCESS
14605,5,19,3991.70,2026-08-14 21:27:00,SUCCESS
14606,2,9,3186.00,2026-08-16 05:32:00,SUCCESS
14607,9,8,4798.90,2026-08-27 19:34:00,SUCCESS
14608,1,3,4300.30,2026-08-23 06:37:00,REFUNDED
14609,1,1,5000,INVALID_DATE_TIME,SUCCESS
14610,6,11,4059.30,2026-08-20 21:51:00,FAILED
14611,2,4,3498.10,2026-08-29 16:36:00,PENDING
14612,2,3,1327.30,2026-08-02 14:59:00,REFUNDED
14613,7,6,429.70,2026-08-15 14:25:00,PENDING
14614,9,11,3377.60,2026-08-05 21:36:00,FAILED
14615,8,5,2795.00,2026-08-26 00:57:00,PENDING
14616,7,11,782.90,2026-08-27 13:37:00,REFUNDED
14617,1,100.00
14618,3,14,4261.10,2026-08-10 22:31:00,SUCCESS
14619,4,1,3951.80,2026-08-29 23:18:00,PENDING
14620,2,17,2105.30,2026-08-23 14:27:00,SUCCESS
14621,9,11,202.00,2026-08-16 14:15:00,SUCCESS
14622,7,2,2512.70,2026-08-22 04:23:00,PENDING
14623,6,7,1141.90,2026-08-23 08:35:00,REFUNDED
14624,3,15,83.90,2026-08-28 03:52:00,SUCCESS
14625,3,14,225.90,2026-08-03 20:57:00,REFUNDED
14626,4,5,2237.30,2026-08-18 07:24:00,SUCCESS
14627,3,13,4741.60,2026-08-14 03:44:00,SUCCESS
14628,1,1,5000,2026-08-01 12:00:00,UNKNOWN_STATUS
14629,3,10,1097.50,2026-08-25 22:40:00,SUCCESS
14630,6,2,187.10,2026-08-10 09:08:00,SUCCESS
14631,7,7,3250.00,2026-08-07 00:05:00,REFUNDED
14632,2,3,3321.40,2026-08-16 20:07:00,PENDING
14633,4,3,4335.40,2026-08-07 14:15:00,PENDING
14634,8,20,533.80,2026-08-28 21:11:00,SUCCESS
14635,8,4,1910.10,2026-08-07 12:42:00,REFUNDED
14636,5,11,429.50,2026-08-10 01:12:00,FAILED
14637,4,19,3687.00,2026-08-15 17:02:00,PENDING
14638,4,4,1868.20,2026-08-26 02:47:00,PENDING
14639,4,6,4461.60,2026-08-02 13:15:00,REFUNDED
14640,6,9,4178.70,2026-08-25 02:46:00,PENDING
14641,7,19,1486.20,2026-08-12 17:29:00,SUCCESS
14642,1,20,4345.60,2026-08-20 19:06:00,FAILED
14643,8,20,4474.90,2026-08-09 09:23:00,FAILED
14644,1,14,3394.40,2026-08-27 14:27:00,SUCCESS
14645,7,10,303.40,2026-08-25 17:24:00,REFUNDED
14646,2,12,2352.90,2026-08-17 07:15:00,REFUNDED
14647,4,14,519.20,2026-08-22 11:35:00,REFUNDED
14648,3,19,3726.50,2026-08-02 01:21:00,REFUNDED
14649,8,9,1679.30,2026-08-25 09:11:00,REFUNDED
14650,7,17,1029.80,2026-08-02 23:06:00,FAILED
14651,10,13,2798.60,2026-08-16 04:37:00,REFUNDED
14652,2,5,1351.00,2026-08-20 16:51:00,FAILED
14653,8,16,434.50,2026-08-30 04:54:00,FAILED
14654,3,6,1118.80,2026-08-20 22:10:00,SUCCESS
14655,7,19,1631.40,2026-08-10 10:43:00,FAILED
14656,7,14,634.00,2026-08-06 04:49:00,SUCCESS
14657,5,16,1634.20,2026-08-12 10:09:00,SUCCESS
14658,8,18,3473.50,2026-08-02 20:51:00,PENDING
14659,2,7,2538.20,2026-08-17 05:06:00,FAILED
14660,5,11,4073.40,2026-08-21 21:08:00,FAILED
14661,8,14,2405.20,2026-08-09 03:22:00,SUCCESS
14662,2,17,4073.40,2026-08-15 21:59:00,SUCCESS
14663,4,8,3237.60,2026-08-31 01:47:00,FAILED
14664,5,9,4023.30,2026-08-10 23:57:00,PENDING
14665,10,9,3541.00,2026-08-03 08:35:00,SUCCESS
14666,8,11,486.40,2026-08-13 14:53:00,REFUNDED
14667,10,4,4671.00,2026-08-19 05:34:00,SUCCESS
14668,2,19,1319.40,2026-08-27 19:22:00,SUCCESS
14669,8,18,4855.60,2026-08-24 18:16:00,FAILED
14670,8,12,4966.50,2026-08-21 12:22:00,REFUNDED
14671,7,20,2938.80,2026-08-27 19:25:00,SUCCESS
14672,7,20,4517.40,2026-08-11 19:24:00,FAILED
14673,5,16,2965.80,2026-08-27 17:57:00,SUCCESS
14674,3,20,4010.60,2026-08-23 15:15:00,REFUNDED
14675,8,1,2245.20,2026-08-25 00:07:00,FAILED
14676,6,12,2404.40,2026-08-30 02:33:00,REFUNDED
14677,3,12,901.10,2026-08-21 06:35:00,REFUNDED
14678,9,8,3230.40,2026-08-05 14:31:00,FAILED
14679,9,11,146.10,2026-08-10 09:27:00,SUCCESS
14680,10,10,1427.60,2026-08-30 12:52:00,FAILED
14681,2,16,408.30,2026-08-05 17:44:00,REFUNDED
14682,1,11,4647.90,2026-08-19 05:33:00,PENDING
14683,2,18,1055.80,2026-08-03 18:52:00,PENDING
14684,5,10,2690.00,2026-08-07 14:14:00,PENDING
14685,3,13,365.70,2026-08-19 20:57:00,FAILED
14686,7,20,1147.80,2026-08-03 15:23:00,FAILED
14687,3,1,3974.40,2026-08-21 02:43:00,SUCCESS
14688,1,1,5000,2026-08-01 12:00:00,UNKNOWN_STATUS
14689,8,20,716.20,2026-08-21 22:23:00,REFUNDED
14690,4,9,3423.60,2026-08-26 19:27:00,SUCCESS
14691,8,5,1947.70,2026-08-13 03:13:00,FAILED
14692,7,18,4471.90,2026-08-11 02:56:00,REFUNDED
14693,2,2,4222.00,2026-08-06 13:30:00,REFUNDED
14694,2,20,4864.30,2026-08-17 04:48:00,SUCCESS
14695,3,9,3251.80,2026-08-08 02:27:00,REFUNDED
14696,3,4,3516.90,2026-08-20 00:59:00,PENDING
14697,7,9,3578.50,2026-08-11 21:58:00,SUCCESS
14698,9,17,4417.70,2026-08-10 07:23:00,FAILED
14699,2,18,1716.00,2026-08-18 21:56:00,REFUNDED
14700,9,18,1825.20,2026-08-10 10:52:00,SUCCESS
14701,1,14,4776.90,2026-08-07 23:54:00,FAILED
14702,8,13,792.00,2026-08-08 02:27:00,FAILED
14703,7,13,4209.40,2026-08-03 00:07:00,SUCCESS
14704,7,16,1079.20,2026-08-11 22:23:00,SUCCESS
14705,7,8,1417.20,2026-08-06 03:49:00,FAILED
14706,9,14,3542.70,2026-08-18 05:04:00,REFUNDED
14707,5,14,508.30,2026-08-26 09:17:00,SUCCESS
14708,4,8,3433.60,2026-08-15 14:34:00,PENDING
14709,10,4,3321.40,2026-08-17 22:41:00,FAILED
14710,1,16,3587.30,2026-08-03 15:17:00,REFUNDED
14711,9,19,2555.40,2026-08-12 03:14:00,FAILED
14712,4,14,1320.80,2026-08-24 13:48:00,REFUNDED
14713,5,7,3035.30,2026-08-14 21:03:00,PENDING
14714,6,16,122.10,2026-08-21 00:55:00,FAILED
14715,6,20,2019.10,2026-08-24 03:09:00,REFUNDED
14716,7,17,4529.70,2026-08-07 12:35:00,REFUNDED
14717,3,8,4476.10,2026-08-08 09:25:00,FAILED
14718,1,4,2002.30,2026-08-07 19:25:00,PENDING
14719,2,4,4857.80,2026-08-14 16:40:00,FAILED
14720,3,12,3118.30,2026-08-30 02:39:00,SUCCESS
14721,4,8,4807.80,2026-08-29 17:56:00,SUCCESS
14722,7,9,2315.80,2026-08-14 01:25:00,PENDING
14723,1,13,3820.60,2026-08-06 22:02:00,PENDING
14724,2,13,2794.90,2026-08-11 05:50:00,SUCCESS
14725,10,7,719.60,2026-08-07 00:39:00,PENDING
14726,6,15,3565.10,2026-08-26 21:10:00,FAILED
14727,8,15,2195.20,2026-08-14 16:16:00,FAILED
14728,3,4,4872.70,2026-08-07 01:35:00,PENDING
14729,5,19,3424.80,2026-08-12 00:40:00,PENDING
14730,2,15,1664.20,2026-08-30 01:56:00,FAILED
14731,2,20,2773.20,2026-08-05 11:10:00,PENDING
14732,5,19,317.90,2026-08-01 12:06:00,REFUNDED
14733,8,13,4926.60,2026-08-16 07:15:00,REFUNDED
14734,8,19,3695.90,2026-08-14 18:36:00,REFUNDED
14735,7,14,4300.90,2026-08-10 09:18:00,REFUNDED
14736,8,20,4109.40,2026-08-11 23:59:00,REFUNDED
14737,9,8,3553.70,2026-08-01 21:34:00,REFUNDED
14738,9,15,2708.50,2026-08-30 09:09:00,REFUNDED
14739,1,11,988.10,2026-08-25 17:16:00,SUCCESS
14740,4,11,3039.50,2026-08-05 16:59:00,SUCCESS
14741,6,1,4789.50,2026-08-17 11:45:00,PENDING
14742,1,1,61.90,2026-08-02 01:10:00,REFUNDED
14743,9,12,3472.40,2026-08-19 12:24:00,SUCCESS
14744,3,15,2945.00,2026-08-22 18:54:00,REFUNDED
14745,9,10,4333.70,2026-08-01 17:22:00,REFUNDED
14746,8,18,3603.60,2026-08-02 11:12:00,REFUNDED
14747,5,6,4263.50,2026-08-02 22:57:00,SUCCESS
14748,2,8,2371.40,2026-08-08 04:58:00,SUCCESS
14749,1,5,658.60,2026-08-06 10:11:00,PENDING
14750,5,7,2192.80,2026-08-02 08:56:00,SUCCESS
14751,8,8,602.10,2026-08-27 15:43:00,PENDING
14752,4,14,3739.90,2026-08-02 07:06:00,PENDING
14753,10,3,5048.60,2026-08-16 06:07:00,FAILED
14754,9,9,4873.00,2026-08-27 04:39:00,SUCCESS
14755,8,5,486.70,2026-08-08 17:42:00,SUCCESS
14756,4,5,2408.60,2026-08-10 16:34:00,SUCCESS
14757,6,2,3688.00,2026-08-30 07:28:00,REFUNDED
14758,4,16,3350.00,2026-08-11 12:58:00,SUCCESS
14759,2,20,3054.40,2026-08-28 04:49:00,REFUNDED
14760,6,7,3816.60,2026-08-21 07:06:00,PENDING
14761,7,11,4466.00,2026-08-02 14:10:00,PENDING
14762,8,14,2793.00,2026-08-19 00:06:00,REFUNDED
14763,9,7,2753.80,2026-08-24 04:46:00,PENDING
14764,4,16,4158.20,2026-08-12 20:46:00,FAILED
14765,8,4,3079.50,2026-08-11 14:15:00,FAILED
14766,8,15,3752.10,2026-08-28 08:48:00,FAILED
14767,5,4,1172.40,2026-08-21 01:52:00,SUCCESS
14768,7,7,1696.20,2026-08-05 01:38:00,FAILED
14769,6,8,3273.70,2026-08-24 07:06:00,FAILED
14770,10,20,2417.60,2026-08-22 08:06:00,FAILED
14771,8,3,3780.40,2026-08-03 02:05:00,FAILED
14772,3,12,3009.60,2026-08-04 03:33:00,SUCCESS
14773,9,20,3295.60,2026-08-27 21:39:00,REFUNDED
14774,5,5,2315.80,2026-08-17 01:02:00,PENDING
14775,9,17,4999.10,2026-08-15 07:13:00,SUCCESS
14776,9,10,1983.60,2026-08-12 16:13:00,REFUNDED
14777,1,7,4829.30,2026-08-27 22:12:00,REFUNDED
14778,1,13,2014.70,2026-08-23 20:50:00,SUCCESS
14779,8,12,4921.10,2026-08-11 05:20:00,SUCCESS
14780,6,8,2748.70,2026-08-27 03:52:00,SUCCESS
14781,1,13,2615.40,2026-08-31 00:36:00,REFUNDED
14782,10,12,1440.70,2026-08-19 13:51:00,SUCCESS
14783,2,16,3754.00,2026-08-09 05:09:00,REFUNDED
14784,2,12,1758.80,2026-08-13 17:50:00,FAILED
14785,7,15,439.00,2026-08-16 18:29:00,REFUNDED
14786,9,14,1793.80,2026-08-05 21:02:00,REFUNDED
14787,8,4,4348.30,2026-08-21 08:59:00,PENDING
14788,1,11,2280.80,2026-08-30 17:54:00,REFUNDED
14789,8,10,356.30,2026-08-08 17:07:00,SUCCESS
14790,9,19,2754.80,2026-08-21 03:50:00,PENDING
14791,8,18,1909.10,2026-08-07 23:45:00,SUCCESS
14792,8,7,4244.20,2026-08-30 22:14:00,FAILED
14793,5,8,3816.10,2026-08-06 23:10:00,SUCCESS
14794,2,4,2121.10,2026-08-01 22:52:00,FAILED
14795,1,13,3814.60,2026-08-26 10:38:00,FAILED
14796,5,7,3497.90,2026-08-13 08:28:00,FAILED
14797,6,5,4779.90,2026-08-23 19:42:00,PENDING
14798,10,14,592.30,2026-08-14 12:27:00,PENDING
14799,3,19,3396.40,2026-08-21 10:07:00,REFUNDED
14800,5,9,530.30,2026-08-28 17:09:00,SUCCESS
14801,7,9,940.30,2026-08-02 07:36:00,SUCCESS
14802,2,1,3458.60,2026-08-29 17:26:00,REFUNDED
14803,10,6,4314.10,2026-08-03 14:53:00,FAILED
14804,10,15,1069.10,2026-08-21 16:57:00,REFUNDED
14805,1,5,776.60,2026-08-31 06:50:00,PENDING
14806,2,3,1160.90,2026-08-12 22:40:00,REFUNDED
14807,2,18,2556.70,2026-08-13 23:05:00,FAILED
14808,2,17,4860.20,2026-08-26 14:41:00,REFUNDED
14809,6,6,3354.40,2026-08-10 22:09:00,PENDING
14810,6,17,2612.70,2026-08-05 16:54:00,PENDING
14811,9,7,2639.70,2026-08-16 13:33:00,REFUNDED
14812,5,17,2078.60,2026-08-02 12:11:00,PENDING
14813,2,7,496.10,2026-08-12 18:57:00,FAILED
14814,10,18,2946.40,2026-08-23 20:50:00,REFUNDED
14815,2,8,3412.60,2026-08-27 09:23:00,REFUNDED
14816,1,4,1026.50,2026-08-05 11:08:00,SUCCESS
14817,10,3,1394.80,2026-08-21 14:31:00,REFUNDED
14818,5,6,4388.80,2026-08-15 20:30:00,SUCCESS
14819,6,10,1604.90,2026-08-24 15:10:00,PENDING
14820,5,7,4658.60,2026-08-24 13:58:00,SUCCESS
14821,2,18,2826.80,2026-08-27 05:23:00,SUCCESS
14822,10,15,259.90,2026-08-13 01:09:00,REFUNDED
14823,2,4,1667.60,2026-08-06 07:28:00,PENDING
14824,2,20,973.10,2026-08-27 09:46:00,PENDING
14825,7,7,1001.30,2026-08-19 09:45:00,FAILED
14826,5,2,2613.70,2026-08-11 21:37:00,SUCCESS
14827,3,19,2628.80,2026-08-09 07:33:00,FAILED
14828,5,19,985.70,2026-08-19 12:14:00,SUCCESS
14829,1,15,3368.20,2026-08-06 14:39:00,FAILED
14830,6,16,2359.30,2026-08-12 04:06:00,FAILED
14831,1,1,5000,2026-08-01 12:00:00,UNKNOWN_STATUS
14832,8,12,1808.10,2026-08-20 07:01:00,SUCCESS
14833,10,3,1638.60,2026-08-27 20:57:00,PENDING
14834,1,100.00
14835,10,4,2866.90,2026-08-06 15:38:00,PENDING
14836,7,12,2477.10,2026-08-09 06:18:00,REFUNDED
14837,8,13,2343.70,2026-08-17 22:51:00,FAILED
14838,7,12,4234.10,2026-08-14 11:03:00,SUCCESS
14839,7,19,4932.10,2026-08-22 10:39:00,SUCCESS
14840,5,13,2570.60,2026-08-11 18:34:00,REFUNDED
14841,5,16,3470.80,2026-08-27 07:35:00,SUCCESS
14842,2,3,2621.50,2026-08-17 22:49:00,REFUNDED
14843,7,12,658.40,2026-08-16 10:52:00,PENDING
14844,2,18,2596.80,2026-08-17 15:13:00,SUCCESS
14845,4,8,2407.10,2026-08-24 01:42:00,PENDING
14846,6,9,4205.50,2026-08-29 05:06:00,REFUNDED
14847,3,4,3999.80,2026-08-26 00:52:00,SUCCESS
14848,3,8,4727.10,2026-08-26 02:06:00,REFUNDED
14849,3,6,1870.40,2026-08-27 07:12:00,PENDING
14850,5,3,3323.60,2026-08-13 03:26:00,FAILED
14851,6,5,3772.70,2026-08-10 00:59:00,SUCCESS
14852,8,20,1359.60,2026-08-07 16:56:00,PENDING
14853,10,15,2303.10,2026-08-04 06:21:00,FAILED
14854,2,2,2840.90,2026-08-18 02:44:00,FAILED
14855,4,20,1611.60,2026-08-23 05:37:00,PENDING
14856,5,15,4057.70,2026-08-24 14:20:00,PENDING
14857,7,4,1146.90,2026-08-22 02:06:00,FAILED
14858,10,6,2775.90,2026-08-26 20:07:00,PENDING
14859,2,8,2566.40,2026-08-30 18:15:00,REFUNDED
14860,8,9,502.60,2026-08-16 16:39:00,SUCCESS
14861,9,14,3550.90,2026-08-04 15:34:00,FAILED
14862,8,15,2775.40,2026-08-29 06:52:00,PENDING
14863,10,20,3130.30,2026-08-05 14:40:00,FAILED
14864,4,6,4624.50,2026-08-30 23:36:00,FAILED
14865,4,1,4043.00,2026-08-11 05:54:00,FAILED
14866,9,11,3378.70,2026-08-12 21:14:00,SUCCESS
14867,4,14,667.40,2026-08-16 03:56:00,PENDING
14868,3,16,1499.40,2026-08-10 03:08:00,FAILED
14869,6,18,135.60,2026-08-06 13:39:00,SUCCESS
14870,9,10,3037.70,2026-08-10 06:06:00,REFUNDED
14871,10,15,1755.20,2026-08-09 09:58:00,SUCCESS
14872,5,16,3022.80,2026-08-26 03:32:00,REFUNDED
14873,1,16,4870.30,2026-08-20 15:21:00,REFUNDED
14874,7,15,4082.50,2026-08-11 20:17:00,PENDING
14875,4,11,3469.50,2026-08-23 02:52:00,REFUNDED
14876,5,14,900.50,2026-08-25 21:33:00,PENDING
14877,9,19,978.10,2026-08-23 10:06:00,SUCCESS
14878,7,2,3998.90,2026-08-25 22:29:00,REFUNDED
14879,10,11,265.40,2026-08-24 01:28:00,REFUNDED
14880,2,5,2019.70,2026-08-10 04:19:00,REFUNDED
14881,1,1,NOT_A_NUMBER,2026-08-01 12:00:00,SUCCESS
14882,5,17,3535.40,2026-08-15 07:35:00,FAILED
14883,9,4,1876.00,2026-08-05 04:05:00,SUCCESS
14884,8,17,4371.60,2026-08-10 02:48:00,REFUNDED
14885,6,8,4096.90,2026-08-28 18:00:00,REFUNDED
14886,6,17,488.80,2026-08-14 19:19:00,SUCCESS
14887,8,17,531.90,2026-08-10 13:36:00,PENDING
14888,8,8,614.80,2026-08-07 23:18:00,FAILED
14889,3,16,2899.60,2026-08-09 13:54:00,FAILED
14890,3,20,2931.20,2026-08-10 05:24:00,SUCCESS
14891,7,6,4215.70,2026-08-01 18:31:00,PENDING
14892,9,14,1801.70,2026-08-18 10:19:00,PENDING
14893,10,13,3791.30,2026-08-25 14:27:00,FAILED
14894,1,12,2689.60,2026-08-20 14:43:00,SUCCESS
14895,8,1,3935.20,2026-08-12 12:19:00,FAILED
14896,8,20,4483.00,2026-08-08 05:49:00,PENDING
14897,9,9,1451.90,2026-08-16 12:51:00,SUCCESS
14898,4,19,559.20,2026-08-21 06:14:00,FAILED
14899,8,5,1090.00,2026-08-19 18:43:00,PENDING
14900,9,17,3085.70,2026-08-14 15:20:00,FAILED
14901,5,16,1335.20,2026-08-22 07:11:00,SUCCESS
14902,2,7,3852.50,2026-08-02 22:13:00,SUCCESS
14903,2,1,1013.10,2026-08-07 13:32:00,REFUNDED
14904,7,18,2890.50,2026-08-17 19:15:00,REFUNDED
14905,1,16,3252.70,2026-08-27 10:42:00,PENDING
14906,9,7,775.30,2026-08-28 18:40:00,PENDING
14907,1,18,1804.00,2026-08-12 09:53:00,SUCCESS
14908,6,18,1003.00,2026-08-13 08:41:00,FAILED
14909,9,4,1712.10,2026-08-03 05:13:00,SUCCESS
14910,8,15,3564.20,2026-08-20 04:44:00,FAILED
14911,4,16,2043.70,2026-08-31 01:05:00,SUCCESS
14912,9,5,165.50,2026-08-12 02:03:00,SUCCESS
14913,10,19,3144.90,2026-08-18 02:33:00,REFUNDED
14914,3,13,4685.30,2026-08-24 15:51:00,FAILED
14915,1,20,3569.40,2026-08-06 19:35:00,REFUNDED
14916,1,11,541.50,2026-08-25 04:19:00,REFUNDED
14917,3,20,3846.30,2026-08-21 07:28:00,SUCCESS
14918,2,19,1718.30,2026-08-03 01:47:00,REFUNDED
14919,2,1,4679.80,2026-08-10 11:28:00,FAILED
14920,1,9,1707.70,2026-08-15 20:45:00,PENDING
14921,8,19,3919.50,2026-08-17 03:44:00,FAILED
14922,10,10,4080.30,2026-08-03 00:54:00,REFUNDED
14923,7,5,1815.60,2026-08-26 09:59:00,SUCCESS
14924,7,20,3217.80,2026-08-16 01:30:00,PENDING
14925,1,9,819.60,2026-08-09 06:06:00,PENDING
14926,7,3,3430.70,2026-08-30 03:14:00,SUCCESS
14927,9,13,732.10,2026-08-05 23:58:00,FAILED
14928,5,8,251.40,2026-08-04 01:43:00,SUCCESS
14929,10,12,3088.40,2026-08-23 01:14:00,FAILED
14930,9,4,3925.00,2026-08-27 05:16:00,PENDING
14931,5,6,2304.00,2026-08-11 17:55:00,FAILED
14932,4,6,160.50,2026-08-24 06:21:00,REFUNDED
14933,7,15,3169.50,2026-08-27 16:12:00,PENDING
14934,9,15,4291.10,2026-08-17 02:19:00,REFUNDED
14935,7,11,1553.50,2026-08-16 00:01:00,FAILED
14936,5,10,2513.50,2026-08-30 09:25:00,REFUNDED
14937,8,19,1090.80,2026-08-03 11:42:00,PENDING
14938,3,18,1727.80,2026-08-25 19:43:00,REFUNDED
14939,10,13,831.30,2026-08-21 12:33:00,FAILED
14940,7,6,4020.80,2026-08-13 13:25:00,FAILED
14941,9,8,3031.90,2026-08-27 13:58:00,PENDING
14942,3,8,4777.70,2026-08-01 11:08:00,FAILED
14943,7,13,2999.50,2026-08-26 10:22:00,REFUNDED
14944,9,2,2604.50,2026-08-09 20:19:00,SUCCESS
14945,8,6,3864.10,2026-08-17 12:58:00,REFUNDED
14946,8,20,1090.90,2026-08-07 00:59:00,PENDING
14947,10,1,1413.20,2026-08-29 14:30:00,FAILED
14948,2,16,1129.90,2026-08-26 15:28:00,FAILED
14949,8,6,2753.60,2026-08-06 17:34:00,REFUNDED
14950,5,19,1075.60,2026-08-30 01:08:00,SUCCESS
14951,9,19,3843.50,2026-08-27 21:27:00,FAILED
14952,3,2,3917.70,2026-08-26 01:58:00,PENDING
14953,10,1,1902.50,2026-08-20 02:38:00,SUCCESS
14954,1,12,2527.50,2026-08-06 04:27:00,PENDING
14955,1,1,5000,2026-08-01 12:00:00,UNKNOWN_STATUS
14956,10,10,2474.90,2026-08-07 19:16:00,FAILED
14957,9,13,2199.70,2026-08-15 10:12:00,SUCCESS
14958,7,18,2993.00,2026-08-05 03:32:00,FAILED
14959,3,19,4821.90,2026-08-24 23:17:00,PENDING
14960,9,1,2097.20,2026-08-27 07:15:00,PENDING
14961,3,15,62.10,2026-08-16 08:57:00,REFUNDED
14962,4,16,1100.50,2026-08-13 16:42:00,REFUNDED
14963,4,8,595.20,2026-08-15 15:11:00,PENDING
14964,6,9,59.50,2026-08-10 07:12:00,FAILED
14965,1,8,377.10,2026-08-08 03:08:00,REFUNDED
14966,8,8,3432.10,2026-08-29 14:22:00,FAILED
14967,7,2,2764.70,2026-08-28 23:59:00,SUCCESS
14968,5,20,1149.50,2026-08-23 06:52:00,PENDING
14969,8,17,3143.30,2026-08-14 05:09:00,SUCCESS
14970,5,2,748.70,2026-08-28 12:22:00,PENDING
14971,9,1,3507.10,2026-08-06 09:12:00,SUCCESS
14972,9,6,1823.20,2026-08-04 00:56:00,REFUNDED
14973,4,14,1136.60,2026-08-15 01:43:00,SUCCESS
14974,9,2,1236.60,2026-08-03 11:19:00,REFUNDED
14975,4,1,3479.40,2026-08-26 05:16:00,FAILED
14976,1,12,3091.20,2026-08-06 21:39:00,REFUNDED
14977,4,5,4482.90,2026-08-18 02:44:00,FAILED
14978,8,19,2265.40,2026-08-09 19:20:00,REFUNDED
14979,3,1,1159.00,2026-08-16 07:45:00,FAILED
14980,4,8,2697.20,2026-08-13 06:30:00,PENDING
14981,10,20,3158.30,2026-08-08 03:26:00,REFUNDED
14982,8,11,1481.20,2026-08-19 15:48:00,PENDING
14983,9,16,468.70,2026-08-08 14:30:00,SUCCESS
14984,3,18,3963.20,2026-08-26 21:08:00,REFUNDED
14985,5,1,2579.00,2026-08-18 22:17:00,REFUNDED
14986,1,1,5000,INVALID_DATE_TIME,SUCCESS
14987,4,1,3566.50,2026-08-14 18:02:00,FAILED
14988,8,3,3326.80,2026-08-24 07:11:00,SUCCESS
14989,10,14,3615.90,2026-08-24 13:17:00,SUCCESS
14990,2,13,922.10,2026-08-14 15:02:00,SUCCESS
14991,2,17,2085.80,2026-08-06 06:39:00,FAILED
14992,1,9,2074.00,2026-08-03 02:33:00,REFUNDED
14993,6,15,4899.70,2026-08-04 23:42:00,FAILED
14994,3,2,4516.00,2026-08-16 02:58:00,PENDING
14995,7,5,1910.80,2026-08-08 21:18:00,FAILED
14996,3,12,4015.50,2026-08-09 19:33:00,SUCCESS
14997,5,1,745.20,2026-08-11 04:54:00,PENDING
14998,9,14,3771.90,2026-08-27 10:24:00,SUCCESS
14999,2,8,3958.10,2026-08-07 13:54:00,FAILED
15000,2,11,2561.80,2026-08-13 01:21:00,SUCCESS
15001,8,10,315.10,2026-08-05 11:53:00,PENDING
15002,1,9,1089.10,2026-08-10 09:58:00,PENDING
15003,6,20,3918.80,2026-08-03 05:44:00,REFUNDED
15004,8,14,2408.80,2026-08-15 13:03:00,REFUNDED
15005,1,1,5000,INVALID_DATE_TIME,SUCCESS
15006,3,1,3419.00,2026-08-26 01:20:00,PENDING
15007,4,19,1963.30,2026-08-22 11:27:00,SUCCESS
15008,7,15,3585.30,2026-08-15 20:31:00,FAILED
15009,8,4,2508.10,2026-08-26 12:13:00,FAILED
15010,7,5,3734.10,2026-08-23 20:54:00,SUCCESS
15011,3,2,4681.00,2026-08-22 22:25:00,FAILED
15012,7,2,4211.10,2026-08-23 06:41:00,REFUNDED
15013,4,1,2722.90,2026-08-12 18:05:00,REFUNDED
15014,5,14,2738.60,2026-08-11 01:14:00,FAILED
15015,6,4,4608.80,2026-08-13 02:53:00,FAILED
15016,7,4,2124.00,2026-08-03 14:34:00,SUCCESS
15017,6,10,2387.40,2026-08-19 07:31:00,REFUNDED
15018,6,4,2680.30,2026-08-12 09:10:00,FAILED
15019,7,13,2527.80,2026-08-19 23:30:00,PENDING
15020,9,2,3061.40,2026-08-10 15:39:00,REFUNDED
15021,4,9,733.70,2026-08-15 13:14:00,PENDING
15022,1,16,5033.70,2026-08-18 18:01:00,PENDING
15023,2,6,1040.80,2026-08-15 11:33:00,REFUNDED
15024,6,10,1773.40,2026-08-12 00:34:00,PENDING
15025,9,5,60.10,2026-08-22 03:11:00,REFUNDED
15026,4,20,723.00,2026-08-03 02:39:00,FAILED
15027,5,10,5044.90,2026-08-14 23:51:00,FAILED
15028,1,1,5000,2026-08-01 12:00:00,UNKNOWN_STATUS
15029,8,1,1189.50,2026-08-05 01:36:00,PENDING
15030,4,10,3638.30,2026-08-22 04:38:00,SUCCESS
15031,4,10,2547.30,2026-08-04 22:05:00,PENDING
15032,9,6,4745.70,2026-08-22 03:17:00,REFUNDED
15033,1,5,2151.50,2026-08-20 02:40:00,REFUNDED
15034,7,8,4229.80,2026-08-24 13:24:00,SUCCESS
15035,1,1,1451.90,2026-08-09 10:55:00,SUCCESS
15036,9,6,535.90,2026-08-17 06:08:00,REFUNDED
15037,8,17,517.50,2026-08-06 07:18:00,SUCCESS
15038,3,11,4387.10,2026-08-14 02:06:00,FAILED
15039,1,8,1452.70,2026-08-02 04:13:00,SUCCESS
15040,7,6,4760.70,2026-08-20 01:34:00,REFUNDED
15041,3,1,3565.30,2026-08-13 18:02:00,SUCCESS
15042,2,7,3464.10,2026-08-16 20:53:00,REFUNDED
15043,4,1,653.80,2026-08-10 08:02:00,SUCCESS
15044,7,14,4311.90,2026-08-02 17:39:00,REFUNDED
15045,1,11,388.20,2026-08-29 14:33:00,PENDING
15046,7,11,4803.40,2026-08-21 18:16:00,SUCCESS
15047,4,14,3992.30,2026-08-03 08:12:00,FAILED
15048,4,17,3195.20,2026-08-26 12:26:00,REFUNDED
15049,6,13,166.80,2026-08-05 10:16:00,REFUNDED
15050,1,1,5000,INVALID_DATE_TIME,SUCCESS
15051,7,14,4037.70,2026-08-23 03:28:00,PENDING
15052,5,10,739.50,2026-08-29 07:20:00,FAILED
15053,10,18,1869.80,2026-08-15 10:25:00,PENDING
15054,6,17,3372.70,2026-08-06 22:14:00,SUCCESS
15055,3,10,2206.40,2026-08-02 23:39:00,FAILED
15056,4,8,4479.40,2026-08-03 20:49:00,SUCCESS
15057,4,16,2524.30,2026-08-11 16:26:00,SUCCESS
15058,3,20,1968.30,2026-08-16 15:15:00,SUCCESS
15059,10,18,1533.40,2026-08-22 00:50:00,PENDING
15060,3,19,2301.30,2026-08-19 12:37:00,REFUNDED
15061,6,17,3673.90,2026-08-17 03:19:00,SUCCESS
15062,4,11,4096.50,2026-08-29 07:09:00,SUCCESS
15063,3,12,2901.10,2026-08-28 18:53:00,FAILED
15064,3,20,3693.80,2026-08-26 14:32:00,SUCCESS
15065,1,18,3606.80,2026-08-02 22:57:00,PENDING
15066,9,5,2070.40,2026-08-01 11:48:00,PENDING
15067,9,7,4491.10,2026-08-21 11:49:00,FAILED
15068,10,6,303.80,2026-08-09 23:31:00,SUCCESS
15069,6,1,3936.90,2026-08-08 16:08:00,FAILED
15070,3,2,4632.70,2026-08-16 02:37:00,PENDING
15071,1,14,1808.50,2026-08-29 16:50:00,PENDING
15072,4,18,1321.50,2026-08-17 02:25:00,PENDING
15073,6,5,2236.10,2026-08-04 02:59:00,PENDING
15074,3,18,971.30,2026-08-07 18:27:00,SUCCESS
15075,7,19,1474.40,2026-08-06 23:11:00,REFUNDED
15076,7,16,1085.70,2026-08-08 23:39:00,SUCCESS
15077,3,2,1125.20,2026-08-19 16:30:00,SUCCESS
15078,2,15,3642.40,2026-08-29 01:48:00,REFUNDED
15079,2,15,638.10,2026-08-17 07:17:00,PENDING
15080,7,9,1918.70,2026-08-11 14:34:00,FAILED
15081,10,10,2427.70,2026-08-18 11:57:00,SUCCESS
15082,4,14,2061.70,2026-08-21 23:55:00,PENDING
15083,8,11,3080.20,2026-08-10 11:38:00,PENDING
15084,10,16,726.00,2026-08-27 06:44:00,FAILED
15085,9,15,2513.40,2026-08-21 03:50:00,FAILED
15086,1,10,317.30,2026-08-05 22:08:00,REFUNDED
15087,5,13,4594.20,2026-08-25 21:09:00,FAILED
15088,9,7,2382.70,2026-08-23 22:52:00,REFUNDED
15089,7,14,3761.00,2026-08-20 14:26:00,REFUNDED
15090,6,1,1078.50,2026-08-18 08:57:00,PENDING
15091,10,1,4033.30,2026-08-18 15:03:00,PENDING
15092,10,7,922.30,2026-08-08 19:53:00,PENDING
15093,9,17,1899.80,2026-08-07 18:57:00,REFUNDED
15094,6,16,990.50,2026-08-05 14:43:00,FAILED
15095,7,7,4139.20,2026-08-14 12:48:00,FAILED
15096,5,7,2829.30,2026-08-31 04:54:00,REFUNDED
15097,8,18,2955.40,2026-08-16 04:26:00,SUCCESS
15098,3,5,2271.60,2026-08-21 12:50:00,REFUNDED
15099,8,7,2178.30,2026-08-01 11:33:00,PENDING
15100,9,3,168.50,2026-08-11 03:15:00,REFUNDED
15101,2,6,4300.80,2026-08-28 05:22:00,SUCCESS
15102,5,4,4162.30,2026-08-03 16:16:00,PENDING
15103,6,4,3219.10,2026-08-17 10:50:00,PENDING
15104,1,15,1078.30,2026-08-09 17:12:00,FAILED
15105,4,18,1289.30,2026-08-31 05:33:00,SUCCESS
15106,4,4,245.40,2026-08-06 23:54:00,PENDING
15107,9,19,814.70,2026-08-07 11:41:00,FAILED
15108,5,8,2034.30,2026-08-02 12:14:00,SUCCESS
15109,5,8,2475.20,2026-08-18 03:06:00,PENDING
15110,2,17,791.20,2026-08-09 01:46:00,REFUNDED
15111,1,20,4685.00,2026-08-25 16:07:00,REFUNDED
15112,5,1,2387.20,2026-08-03 09:27:00,REFUNDED
15113,6,20,4220.80,2026-08-13 09:03:00,FAILED
15114,8,4,1303.80,2026-08-06 22:13:00,FAILED
15115,10,2,3393.20,2026-08-27 08:58:00,FAILED
15116,5,1,1610.30,2026-08-28 01:57:00,FAILED
15117,7,13,4752.80,2026-08-04 07:41:00,SUCCESS
15118,1,5,57.90,2026-08-04 18:14:00,REFUNDED
15119,6,19,4836.80,2026-08-30 00:38:00,FAILED
15120,9,13,2203.50,2026-08-08 16:14:00,FAILED
15121,3,3,1222.10,2026-08-14 15:43:00,REFUNDED
15122,3,18,4035.50,2026-08-21 21:00:00,FAILED
15123,10,9,330.00,2026-08-12 16:15:00,REFUNDED
15124,5,9,900.80,2026-08-03 20:53:00,FAILED
15125,9,4,4569.00,2026-08-25 10:38:00,PENDING
15126,8,2,4229.30,2026-08-09 11:55:00,FAILED
15127,4,11,4619.80,2026-08-20 20:44:00,PENDING
15128,9,14,4601.70,2026-08-20 19:23:00,PENDING
15129,10,13,3461.20,2026-08-12 04:06:00,SUCCESS
15130,6,6,934.30,2026-08-28 07:27:00,SUCCESS
15131,4,11,2350.80,2026-08-19 11:21:00,FAILED
15132,8,8,1193.50,2026-08-17 09:07:00,FAILED
15133,10,13,3754.50,2026-08-12 22:56:00,REFUNDED
15134,9,18,2024.90,2026-08-23 19:39:00,PENDING
15135,1,11,4216.30,2026-08-17 03:50:00,REFUNDED
15136,6,13,3239.00,2026-08-02 12:06:00,PENDING
15137,7,5,2156.10,2026-08-26 02:57:00,PENDING
15138,10,6,3297.30,2026-08-07 01:24:00,SUCCESS
15139,7,3,529.30,2026-08-06 17:12:00,PENDING
15140,5,18,462.40,2026-08-05 06:02:00,FAILED
15141,7,10,450.00,2026-08-27 19:46:00,SUCCESS
15142,2,8,627.00,2026-08-26 02:16:00,SUCCESS
15143,8,2,3514.40,2026-08-05 17:19:00,FAILED
15144,7,10,2961.50,2026-08-18 10:02:00,FAILED
15145,5,9,1140.60,2026-08-08 20:27:00,REFUNDED
15146,1,16,2346.80,2026-08-21 04:27:00,FAILED
15147,6,16,758.80,2026-08-03 11:08:00,FAILED
15148,9,16,2922.90,2026-08-12 01:48:00,FAILED
15149,7,17,2271.60,2026-08-21 03:03:00,PENDING
15150,9,16,195.10,2026-08-21 22:34:00,PENDING
15151,1,1,5000,INVALID_DATE_TIME,SUCCESS
15152,7,9,320.80,2026-08-13 22:25:00,PENDING
15153,5,7,2668.60,2026-08-09 00:32:00,FAILED
15154,7,1,2519.90,2026-08-20 18:21:00,PENDING
15155,2,5,2042.50,2026-08-23 08:13:00,FAILED
15156,10,20,3990.30,2026-08-27 18:20:00,REFUNDED
15157,3,17,2095.80,2026-08-28 01:48:00,FAILED
15158,5,9,575.00,2026-08-18 07:25:00,SUCCESS
15159,1,20,2924.50,2026-08-26 14:21:00,SUCCESS
15160,1,13,3615.80,2026-08-26 19:35:00,REFUNDED
15161,1,1,5000,2026-08-01 12:00:00,UNKNOWN_STATUS
15162,3,10,1657.10,2026-08-08 03:04:00,REFUNDED
15163,1,12,825.20,2026-08-22 21:44:00,SUCCESS
15164,4,10,4057.50,2026-08-30 07:46:00,FAILED
15165,6,20,4707.40,2026-08-04 02:21:00,PENDING
15166,2,12,3459.50,2026-08-04 23:49:00,REFUNDED
15167,7,4,4550.50,2026-08-07 03:44:00,FAILED
15168,2,11,4084.50,2026-08-12 01:08:00,SUCCESS
15169,7,2,3283.40,2026-08-13 13:51:00,FAILED
15170,1,3,116.40,2026-08-03 02:16:00,REFUNDED
15171,3,1,1056.60,2026-08-30 07:17:00,REFUNDED
15172,4,1,802.90,2026-08-28 22:58:00,SUCCESS
15173,2,15,2549.80,2026-08-07 11:21:00,FAILED
15174,2,20,990.90,2026-08-08 17:45:00,SUCCESS
15175,1,3,4534.70,2026-08-03 18:17:00,PENDING
15176,5,7,4477.70,2026-08-15 14:19:00,REFUNDED
15177,4,13,2877.90,2026-08-24 09:59:00,REFUNDED
15178,3,5,376.10,2026-08-08 06:57:00,SUCCESS
15179,9,12,288.40,2026-08-23 00:42:00,REFUNDED
15180,5,10,3215.60,2026-08-22 19:29:00,REFUNDED
15181,8,9,1680.90,2026-08-24 00:56:00,PENDING
15182,1,17,2861.60,2026-08-12 03:02:00,FAILED
15183,1,1,5000,INVALID_DATE_TIME,SUCCESS
15184,7,8,525.50,2026-08-29 20:53:00,FAILED
15185,4,8,4184.00,2026-08-18 14:37:00,SUCCESS
15186,3,5,1432.80,2026-08-12 01:01:00,PENDING
15187,5,8,4873.50,2026-08-06 02:06:00,FAILED
15188,10,3,681.00,2026-08-10 12:23:00,SUCCESS
15189,7,10,115.00,2026-08-20 09:56:00,REFUNDED
15190,4,4,1379.90,2026-08-25 02:50:00,REFUNDED
15191,2,5,1679.60,2026-08-17 00:44:00,PENDING
15192,5,8,767.30,2026-08-14 20:56:00,FAILED
15193,1,3,984.40,2026-08-05 21:26:00,SUCCESS
15194,3,5,186.10,2026-08-27 14:50:00,FAILED
15195,3,12,1500.90,2026-08-15 04:42:00,PENDING
15196,4,16,1314.30,2026-08-14 20:34:00,FAILED
15197,9,2,57.40,2026-08-20 12:26:00,REFUNDED
15198,6,14,2985.70,2026-08-24 09:50:00,FAILED
15199,5,3,3471.20,2026-08-21 04:38:00,REFUNDED
15200,3,16,2843.00,2026-08-05 02:41:00,REFUNDED
15201,3,3,312.60,2026-08-25 01:13:00,SUCCESS
15202,1,1,5000,INVALID_DATE_TIME,SUCCESS
15203,10,14,3510.00,2026-08-12 11:29:00,FAILED
15204,6,1,2707.40,2026-08-28 22:57:00,FAILED
15205,7,12,3761.70,2026-08-17 15:38:00,FAILED
15206,2,8,1479.50,2026-08-18 01:41:00,SUCCESS
15207,8,16,4854.20,2026-08-01 16:41:00,PENDING
15208,3,12,4913.50,2026-08-24 15:34:00,SUCCESS
15209,10,17,4133.70,2026-08-20 16:08:00,FAILED
15210,6,8,2047.10,2026-08-04 20:02:00,FAILED
15211,8,15,4185.90,2026-08-21 12:20:00,PENDING
15212,9,11,2772.70,2026-08-14 12:50:00,REFUNDED
15213,1,8,2670.70,2026-08-29 04:41:00,SUCCESS
15214,10,10,2278.20,2026-08-02 07:42:00,SUCCESS
15215,1,8,2137.60,2026-08-12 12:32:00,PENDING
15216,3,7,1829.80,2026-08-01 12:17:00,FAILED
15217,5,6,958.00,2026-08-02 08:49:00,FAILED
15218,4,6,4982.30,2026-08-24 20:33:00,FAILED
15219,3,14,2657.60,2026-08-15 21:10:00,SUCCESS
15220,8,15,4465.80,2026-08-06 03:45:00,PENDING
15221,5,10,3621.90,2026-08-03 22:21:00,PENDING
15222,9,8,2893.10,2026-08-01 21:00:00,SUCCESS
15223,5,19,3955.80,2026-08-13 02:50:00,FAILED
15224,5,7,1111.40,2026-08-13 17:46:00,SUCCESS
15225,9,3,1490.00,2026-08-26 03:04:00,REFUNDED
15226,2,13,727.50,2026-08-11 05:10:00,REFUNDED
15227,10,17,4056.40,2026-08-16 21:30:00,PENDING
15228,9,19,4324.90,2026-08-25 04:20:00,FAILED
15229,2,19,1356.00,2026-08-24 16:28:00,REFUNDED
15230,10,10,4213.50,2026-08-02 18:06:00,PENDING
15231,8,14,1701.10,2026-08-17 19:30:00,SUCCESS
15232,5,12,4549.90,2026-08-02 00:50:00,FAILED
15233,4,8,4940.50,2026-08-18 07:52:00,SUCCESS
15234,9,6,3956.20,2026-08-13 20:23:00,SUCCESS
15235,8,15,2747.00,2026-08-10 04:00:00,PENDING
15236,4,10,429.10,2026-08-19 17:50:00,SUCCESS
15237,7,9,122.10,2026-08-08 11:43:00,SUCCESS
15238,3,4,3617.80,2026-08-20 09:18:00,REFUNDED
15239,3,6,3097.30,2026-08-25 19:19:00,REFUNDED
15240,2,6,2193.00,2026-08-24 10:58:00,SUCCESS
15241,1,17,1352.10,2026-08-22 06:22:00,SUCCESS
15242,2,20,189.10,2026-08-19 15:40:00,SUCCESS
15243,7,12,4016.50,2026-08-31 02:51:00,FAILED
15244,8,10,4735.60,2026-08-09 08:32:00,FAILED
15245,9,16,4520.00,2026-08-10 17:29:00,REFUNDED
15246,10,14,1153.20,2026-08-27 09:47:00,SUCCESS
15247,10,7,3273.40,2026-08-05 09:32:00,SUCCESS
15248,10,2,2150.60,2026-08-13 07:02:00,SUCCESS
15249,1,10,170.90,2026-08-09 22:42:00,SUCCESS
15250,5,15,4795.80,2026-08-08 20:01:00,SUCCESS
15251,6,12,1355.30,2026-08-28 09:43:00,FAILED
15252,7,15,3514.00,2026-08-27 06:23:00,FAILED
15253,1,6,834.60,2026-08-01 11:55:00,FAILED
15254,2,20,1303.40,2026-08-11 08:16:00,SUCCESS
15255,6,6,1893.20,2026-08-10 01:43:00,SUCCESS
15256,2,4,1967.00,2026-08-27 02:53:00,REFUNDED
15257,2,4,3748.30,2026-08-05 13:38:00,REFUNDED
15258,5,15,3478.20,2026-08-05 04:15:00,SUCCESS
15259,1,100.00
15260,10,4,1968.10,2026-08-21 00:05:00,PENDING
15261,10,10,2525.60,2026-08-26 22:51:00,REFUNDED
15262,2,13,1225.20,2026-08-09 18:23:00,PENDING
15263,8,20,5035.80,2026-08-17 14:04:00,PENDING
15264,5,15,3335.30,2026-08-23 19:59:00,PENDING
15265,2,7,158.30,2026-08-18 01:40:00,REFUNDED
15266,5,18,881.80,2026-08-22 15:51:00,PENDING
15267,1,8,2621.00,2026-08-13 23:15:00,SUCCESS
15268,2,5,3160.70,2026-08-26 23:58:00,FAILED
15269,10,8,2618.90,2026-08-08 12:33:00,REFUNDED
15270,4,2,927.00,2026-08-12 23:31:00,FAILED
15271,10,10,88.50,2026-08-27 08:58:00,SUCCESS
15272,9,8,4960.50,2026-08-29 13:41:00,PENDING
15273,9,1,139.10,2026-08-11 06:00:00,FAILED
15274,1,1,2681.80,2026-08-24 22:56:00,FAILED
15275,4,8,4091.80,2026-08-03 02:21:00,FAILED
15276,5,11,4429.60,2026-08-09 05:45:00,SUCCESS
15277,9,11,1131.30,2026-08-03 17:53:00,REFUNDED
15278,8,7,4446.60,2026-08-17 14:47:00,SUCCESS
15279,4,8,2315.30,2026-08-26 14:23:00,REFUNDED
15280,4,14,573.70,2026-08-18 01:34:00,REFUNDED
15281,7,20,2403.00,2026-08-27 01:11:00,FAILED
15282,1,13,3855.30,2026-08-24 12:15:00,PENDING
15283,5,2,4115.70,2026-08-12 09:29:00,PENDING
15284,8,10,1022.30,2026-08-26 07:00:00,FAILED
15285,2,6,4299.30,2026-08-22 13:01:00,PENDING
15286,4,1,3496.20,2026-08-27 21:58:00,FAILED
15287,1,17,3831.40,2026-08-19 17:37:00,FAILED
15288,1,15,2083.00,2026-08-25 11:46:00,SUCCESS
15289,2,20,3886.20,2026-08-10 13:20:00,REFUNDED
15290,7,14,3497.20,2026-08-08 00:17:00,REFUNDED
15291,1,4,4256.20,2026-08-30 07:26:00,FAILED
15292,4,8,4196.70,2026-08-11 16:05:00,FAILED
15293,8,4,3934.80,2026-08-09 22:25:00,PENDING
15294,8,6,334.40,2026-08-21 18:00:00,PENDING
15295,2,10,893.10,2026-08-31 05:39:00,PENDING
15296,5,18,259.50,2026-08-11 22:53:00,PENDING
15297,6,17,431.60,2026-08-07 08:47:00,FAILED
15298,9,7,141.00,2026-08-08 20:06:00,FAILED
15299,6,6,4288.90,2026-08-17 23:44:00,PENDING
15300,3,13,3252.80,2026-08-31 06:39:00,FAILED
15301,9,4,638.70,2026-08-16 11:07:00,PENDING
15302,8,8,2181.50,2026-08-29 04:33:00,PENDING
15303,6,10,5004.20,2026-08-14 21:57:00,SUCCESS
15304,2,2,3522.50,2026-08-02 02:28:00,SUCCESS
15305,4,9,4030.20,2026-08-18 09:22:00,PENDING
15306,9,16,3453.60,2026-08-12 13:27:00,SUCCESS
15307,3,6,3929.00,2026-08-12 07:24:00,PENDING
15308,4,13,1844.80,2026-08-06 19:10:00,SUCCESS
15309,3,16,746.10,2026-08-03 14:43:00,PENDING
15310,3,14,4694.30,2026-08-06 07:50:00,PENDING
15311,1,1,NOT_A_NUMBER,2026-08-01 12:00:00,SUCCESS
15312,3,6,362.10,2026-08-06 03:45:00,REFUNDED
15313,1,18,1361.20,2026-08-22 21:37:00,FAILED
15314,10,20,4086.60,2026-08-23 00:57:00,SUCCESS
15315,3,3,3341.70,2026-08-11 09:40:00,SUCCESS
15316,10,7,1164.10,2026-08-12 23:29:00,SUCCESS
15317,1,16,880.20,2026-08-19 14:35:00,PENDING
15318,9,6,1858.00,2026-08-22 11:47:00,SUCCESS
15319,6,5,364.60,2026-08-30 11:25:00,FAILED
15320,3,18,207.40,2026-08-17 20:34:00,PENDING
15321,10,10,1325.20,2026-08-13 04:32:00,REFUNDED
15322,1,12,1378.90,2026-08-13 05:03:00,SUCCESS
15323,1,5,1337.30,2026-08-17 11:29:00,FAILED
15324,10,8,4110.00,2026-08-03 16:44:00,REFUNDED
15325,8,11,4286.90,2026-08-08 11:50:00,PENDING
15326,3,10,4985.80,2026-08-22 09:14:00,PENDING
15327,7,17,1660.80,2026-08-29 12:08:00,FAILED
15328,6,4,4912.50,2026-08-14 18:54:00,REFUNDED
15329,10,6,1438.50,2026-08-21 07:07:00,FAILED
15330,1,1,3072.60,2026-08-15 18:51:00,FAILED
15331,8,17,530.80,2026-08-09 11:25:00,REFUNDED
15332,3,6,3954.70,2026-08-20 04:53:00,SUCCESS
15333,1,19,3529.40,2026-08-09 19:03:00,REFUNDED
15334,1,19,1010.50,2026-08-04 05:34:00,PENDING
15335,1,100.00
15336,3,6,665.90,2026-08-03 04:56:00,FAILED
15337,6,2,452.20,2026-08-11 01:49:00,REFUNDED
15338,2,20,301.30,2026-08-03 15:00:00,REFUNDED
15339,1,14,3867.50,2026-08-19 15:34:00,FAILED
15340,6,16,4523.40,2026-08-08 14:22:00,SUCCESS
15341,8,9,3359.50,2026-08-03 03:19:00,REFUNDED
15342,10,17,582.40,2026-08-07 05:50:00,SUCCESS
15343,10,10,4627.00,2026-08-05 16:39:00,SUCCESS
15344,6,19,3983.50,2026-08-02 06:08:00,FAILED
15345,10,12,1229.70,2026-08-20 09:13:00,PENDING
15346,8,17,3896.70,2026-08-21 04:54:00,SUCCESS
15347,3,9,2588.10,2026-08-08 13:10:00,FAILED
15348,1,18,5039.40,2026-08-16 11:10:00,FAILED
15349,5,8,3812.70,2026-08-24 00:53:00,SUCCESS
15350,5,3,4492.30,2026-08-29 12:38:00,FAILED
15351,1,1,5000,INVALID_DATE_TIME,SUCCESS
15352,1,19,2326.60,2026-08-20 02:16:00,FAILED
15353,2,15,3123.10,2026-08-29 06:42:00,REFUNDED
15354,4,3,139.50,2026-08-31 01:35:00,SUCCESS
15355,8,15,2750.80,2026-08-01 08:33:00,REFUNDED
15356,8,14,829.10,2026-08-10 06:46:00,PENDING
15357,10,4,1742.30,2026-08-17 22:40:00,PENDING
15358,2,1,189.10,2026-08-21 04:57:00,SUCCESS
15359,4,14,4198.00,2026-08-19 18:55:00,PENDING
15360,3,3,264.30,2026-08-27 13:29:00,FAILED
15361,3,2,3505.50,2026-08-06 22:40:00,REFUNDED
15362,8,12,4528.70,2026-08-03 04:05:00,PENDING
15363,7,1,4742.50,2026-08-08 12:02:00,REFUNDED
15364,5,4,4155.70,2026-08-10 00:21:00,SUCCESS
15365,7,14,2153.20,2026-08-30 06:32:00,REFUNDED
15366,5,5,3388.50,2026-08-30 05:36:00,REFUNDED
15367,5,1,4258.00,2026-08-27 00:19:00,PENDING
15368,8,15,237.80,2026-08-18 01:30:00,REFUNDED
15369,6,17,526.10,2026-08-25 21:22:00,FAILED
15370,3,4,1943.70,2026-08-23 18:45:00,FAILED
15371,9,14,2634.90,2026-08-25 15:06:00,REFUNDED
15372,5,1,4353.00,2026-08-20 14:02:00,REFUNDED
15373,8,4,4132.70,2026-08-05 09:11:00,PENDING
15374,8,9,4073.80,2026-08-21 13:03:00,SUCCESS
15375,10,6,1633.40,2026-08-23 23:45:00,PENDING
15376,3,4,1174.80,2026-08-19 03:09:00,FAILED
15377,3,17,4226.40,2026-08-25 21:41:00,SUCCESS
15378,2,13,2088.40,2026-08-15 15:37:00,REFUNDED
15379,6,3,1403.60,2026-08-14 21:16:00,REFUNDED
15380,5,14,3915.40,2026-08-28 13:56:00,REFUNDED
15381,7,16,1408.10,2026-08-08 14:24:00,SUCCESS
15382,7,9,2384.40,2026-08-29 22:05:00,REFUNDED
15383,2,11,2686.70,2026-08-25 12:12:00,SUCCESS
15384,8,20,3369.10,2026-08-13 20:43:00,SUCCESS
15385,9,13,450.60,2026-08-17 07:48:00,PENDING
15386,6,20,853.60,2026-08-09 11:44:00,SUCCESS
15387,1,18,1095.00,2026-08-01 21:39:00,REFUNDED
15388,9,1,4952.10,2026-08-15 15:38:00,REFUNDED
15389,6,13,4799.00,2026-08-23 23:52:00,FAILED
15390,6,17,4430.70,2026-08-03 05:50:00,PENDING
15391,8,10,438.50,2026-08-05 00:47:00,SUCCESS
15392,6,20,796.80,2026-08-11 21:49:00,REFUNDED
15393,1,19,2080.10,2026-08-24 00:14:00,SUCCESS
15394,2,13,2118.10,2026-08-13 11:48:00,PENDING
15395,2,18,4965.40,2026-08-04 06:47:00,REFUNDED
15396,9,14,364.50,2026-08-28 00:24:00,SUCCESS
15397,5,12,2284.20,2026-08-02 14:47:00,REFUNDED
15398,2,6,3773.30,2026-08-01 19:03:00,PENDING
15399,4,18,2015.00,2026-08-22 11:29:00,REFUNDED
15400,4,18,1726.40,2026-08-04 17:56:00,FAILED
15401,6,16,1831.50,2026-08-17 05:47:00,REFUNDED
15402,5,11,4648.90,2026-08-25 22:10:00,SUCCESS
15403,7,13,4024.90,2026-08-29 22:02:00,REFUNDED
15404,8,12,1138.50,2026-08-05 17:30:00,SUCCESS
15405,4,18,353.20,2026-08-29 17:28:00,SUCCESS
15406,9,10,4491.10,2026-08-09 19:44:00,REFUNDED
15407,2,3,3047.00,2026-08-09 21:22:00,SUCCESS
15408,8,6,3192.70,2026-08-02 17:41:00,REFUNDED
15409,2,2,535.70,2026-08-30 12:42:00,REFUNDED
15410,7,8,3203.30,2026-08-26 02:46:00,FAILED
15411,10,3,603.60,2026-08-21 06:44:00,FAILED
15412,5,9,4129.00,2026-08-06 03:06:00,REFUNDED
15413,6,9,1941.40,2026-08-08 09:10:00,PENDING
15414,6,6,353.00,2026-08-04 14:20:00,FAILED
15415,1,1,5000,2026-08-01 12:00:00,UNKNOWN_STATUS
15416,8,16,3639.20,2026-08-21 15:29:00,REFUNDED
15417,8,18,3953.30,2026-08-23 22:47:00,REFUNDED
15418,6,10,1440.20,2026-08-19 21:47:00,FAILED
15419,8,7,1686.90,2026-08-10 04:48:00,PENDING
15420,5,9,4413.60,2026-08-05 06:52:00,REFUNDED
15421,4,8,237.10,2026-08-07 08:26:00,PENDING
15422,9,11,532.00,2026-08-16 13:46:00,REFUNDED
15423,9,7,1917.40,2026-08-06 03:39:00,REFUNDED
15424,5,2,160.20,2026-08-09 21:37:00,FAILED
15425,7,17,3091.30,2026-08-01 15:05:00,REFUNDED
15426,1,7,2194.90,2026-08-14 20:39:00,FAILED
15427,6,16,975.50,2026-08-20 20:53:00,PENDING
15428,10,15,827.00,2026-08-14 10:26:00,REFUNDED
15429,7,16,3266.00,2026-08-09 04:45:00,FAILED
15430,5,6,3244.80,2026-08-15 00:20:00,SUCCESS
15431,1,100.00
15432,7,12,290.30,2026-08-27 18:29:00,SUCCESS
15433,8,15,4859.20,2026-08-30 18:18:00,REFUNDED
15434,8,18,4893.00,2026-08-24 03:30:00,PENDING
15435,10,10,3439.50,2026-08-09 16:03:00,REFUNDED
15436,9,18,4145.80,2026-08-12 15:18:00,PENDING
15437,7,2,2823.40,2026-08-27 01:28:00,REFUNDED
15438,1,4,2235.40,2026-08-10 17:18:00,REFUNDED
15439,10,3,1940.70,2026-08-15 18:46:00,SUCCESS
15440,6,18,2280.70,2026-08-22 04:30:00,REFUNDED
15441,10,13,692.80,2026-08-14 09:02:00,SUCCESS
15442,7,8,894.00,2026-08-23 15:06:00,PENDING
15443,2,11,4761.90,2026-08-18 14:30:00,PENDING
15444,7,1,1664.80,2026-08-19 05:07:00,REFUNDED
15445,9,6,2037.90,2026-08-04 11:30:00,SUCCESS
15446,2,11,2839.90,2026-08-23 13:58:00,SUCCESS
15447,1,1,4696.70,2026-08-18 12:58:00,REFUNDED
15448,5,15,991.80,2026-08-12 00:28:00,SUCCESS
15449,1,1,NOT_A_NUMBER,2026-08-01 12:00:00,SUCCESS
15450,10,1,3538.80,2026-08-13 08:52:00,PENDING
15451,1,13,741.60,2026-08-30 15:10:00,REFUNDED
15452,9,8,206.00,2026-08-06 02:51:00,REFUNDED
15453,8,9,259.80,2026-08-18 02:07:00,PENDING
15454,9,3,4521.90,2026-08-30 19:27:00,FAILED
15455,10,4,843.00,2026-08-20 01:15:00,PENDING
15456,7,8,1690.80,2026-08-23 03:03:00,REFUNDED
15457,6,17,4974.40,2026-08-09 13:24:00,FAILED
15458,5,18,4358.80,2026-08-25 09:38:00,SUCCESS
15459,3,5,1126.30,2026-08-08 16:48:00,FAILED
15460,1,5,2688.60,2026-08-06 11:11:00,SUCCESS
15461,8,11,2024.40,2026-08-28 00:09:00,FAILED
15462,3,6,4628.80,2026-08-06 04:28:00,PENDING
15463,1,6,3118.40,2026-08-16 12:39:00,PENDING
15464,10,8,2676.90,2026-08-05 04:31:00,SUCCESS
15465,10,1,999.90,2026-08-20 07:14:00,PENDING
15466,6,9,56.10,2026-08-28 11:18:00,PENDING
15467,1,3,4734.80,2026-08-10 12:28:00,SUCCESS
15468,6,9,1750.00,2026-08-03 14:38:00,FAILED
15469,3,17,4277.10,2026-08-03 15:33:00,PENDING
15470,2,20,3787.90,2026-08-28 13:28:00,PENDING
15471,2,10,4374.40,2026-08-06 20:01:00,FAILED
15472,3,2,2483.30,2026-08-16 16:52:00,FAILED
15473,10,5,2544.30,2026-08-28 17:04:00,SUCCESS
15474,6,4,4842.70,2026-08-28 14:30:00,PENDING
15475,9,8,3174.60,2026-08-08 15:05:00,REFUNDED
15476,1,20,2968.10,2026-08-21 06:26:00,PENDING
15477,6,16,1724.10,2026-08-21 14:42:00,PENDING
15478,8,8,3499.70,2026-08-16 04:30:00,REFUNDED
15479,10,1,3457.00,2026-08-28 08:12:00,SUCCESS
15480,1,2,2079.40,2026-08-15 07:47:00,REFUNDED
15481,6,11,539.40,2026-08-17 08:39:00,SUCCESS
15482,1,16,3759.20,2026-08-02 11:26:00,REFUNDED
15483,9,1,3478.60,2026-08-24 01:40:00,PENDING
15484,10,9,2645.90,2026-08-26 17:48:00,FAILED
15485,2,19,3514.30,2026-08-21 18:52:00,REFUNDED
15486,2,9,1368.70,2026-08-22 15:15:00,FAILED
15487,8,19,2905.10,2026-08-27 10:12:00,FAILED
15488,6,18,2871.90,2026-08-20 18:38:00,REFUNDED
15489,1,18,2644.20,2026-08-05 17:08:00,FAILED
15490,10,10,2612.90,2026-08-12 00:39:00,FAILED
15491,10,17,2524.50,2026-08-06 08:52:00,SUCCESS
15492,5,20,2895.40,2026-08-20 01:49:00,FAILED
15493,8,17,62.80,2026-08-25 23:14:00,SUCCESS
15494,7,3,3969.60,2026-08-04 16:56:00,SUCCESS
15495,3,1,3623.80,2026-08-23 14:47:00,FAILED
15496,2,5,1416.20,2026-08-19 11:44:00,FAILED
15497,10,9,2662.10,2026-08-28 23:49:00,REFUNDED
15498,10,10,1402.80,2026-08-25 13:54:00,REFUNDED
15499,1,1,5000,2026-08-01 12:00:00,UNKNOWN_STATUS
15500,2,4,1980.70,2026-08-04 03:35:00,REFUNDED
15501,9,3,2716.20,2026-08-11 23:34:00,REFUNDED
15502,1,13,3845.00,2026-08-09 16:14:00,PENDING
15503,9,19,2942.60,2026-08-25 03:51:00,PENDING
15504,1,1,5000,INVALID_DATE_TIME,SUCCESS
15505,5,3,4082.50,2026-08-27 06:54:00,REFUNDED
15506,4,15,2294.20,2026-08-17 07:11:00,FAILED
15507,6,7,1411.60,2026-08-23 02:57:00,SUCCESS
15508,4,17,2143.40,2026-08-27 07:22:00,FAILED
15509,9,2,1201.00,2026-08-14 22:42:00,FAILED
15510,6,14,1538.40,2026-08-21 03:56:00,REFUNDED
15511,5,9,217.20,2026-08-27 19:26:00,FAILED
15512,5,12,1284.60,2026-08-13 02:46:00,SUCCESS
15513,1,6,1979.20,2026-08-04 05:32:00,FAILED
15514,5,12,994.90,2026-08-30 14:16:00,FAILED
15515,7,11,4291.10,2026-08-13 11:28:00,FAILED
15516,2,11,2501.10,2026-08-04 12:10:00,SUCCESS
15517,8,15,2461.80,2026-08-04 15:36:00,REFUNDED
15518,2,14,4716.60,2026-08-03 20:03:00,PENDING
15519,3,16,1966.70,2026-08-25 19:45:00,FAILED
15520,2,16,3512.50,2026-08-06 12:07:00,SUCCESS
15521,3,1,3549.00,2026-08-26 15:25:00,PENDING
15522,8,2,1490.40,2026-08-03 07:45:00,REFUNDED
15523,6,12,437.50,2026-08-07 09:22:00,SUCCESS
15524,5,18,1819.50,2026-08-14 14:44:00,REFUNDED
15525,8,1,3535.60,2026-08-18 01:33:00,SUCCESS
15526,3,12,693.90,2026-08-27 09:56:00,REFUNDED
15527,9,9,1673.80,2026-08-21 17:18:00,SUCCESS
15528,4,17,426.90,2026-08-03 23:35:00,FAILED
15529,2,18,1452.30,2026-08-05 10:38:00,SUCCESS
15530,10,8,112.00,2026-08-29 14:44:00,SUCCESS
15531,7,15,2282.10,2026-08-11 10:35:00,FAILED
15532,4,7,4117.00,2026-08-12 00:38:00,PENDING
15533,4,20,4125.30,2026-08-15 09:53:00,SUCCESS
15534,5,20,2212.40,2026-08-29 12:31:00,REFUNDED
15535,5,9,4828.20,2026-08-30 23:31:00,PENDING
15536,4,20,1028.30,2026-08-16 18:58:00,SUCCESS
15537,1,20,1777.60,2026-08-26 17:09:00,PENDING
15538,3,16,593.40,2026-08-25 01:55:00,REFUNDED
15539,10,6,2877.90,2026-08-11 14:20:00,FAILED
15540,7,7,1937.50,2026-08-22 17:34:00,PENDING
15541,4,17,2635.10,2026-08-06 03:23:00,FAILED
15542,6,11,4330.10,2026-08-14 22:09:00,PENDING
15543,5,10,3238.10,2026-08-09 02:06:00,FAILED
15544,2,13,4603.30,2026-08-15 09:56:00,SUCCESS
15545,10,16,1996.10,2026-08-14 05:28:00,SUCCESS
15546,7,6,763.40,2026-08-17 16:59:00,FAILED
15547,3,16,317.50,2026-08-21 07:23:00,PENDING
15548,5,10,1657.70,2026-08-29 12:22:00,PENDING
15549,10,3,1920.00,2026-08-17 16:57:00,PENDING
15550,10,13,1131.10,2026-08-22 00:13:00,SUCCESS
15551,7,17,4858.40,2026-08-11 20:54:00,REFUNDED
15552,8,13,1801.90,2026-08-13 05:26:00,FAILED
15553,3,3,1215.30,2026-08-07 14:36:00,SUCCESS
15554,3,11,2093.60,2026-08-10 00:56:00,SUCCESS
15555,5,15,1230.20,2026-08-19 11:13:00,PENDING
15556,7,9,1665.90,2026-08-24 08:43:00,REFUNDED
15557,5,5,2530.60,2026-08-23 07:34:00,FAILED
15558,3,10,2682.80,2026-08-30 07:48:00,SUCCESS
15559,9,15,2615.30,2026-08-30 17:52:00,SUCCESS
15560,1,14,3381.30,2026-08-18 10:41:00,SUCCESS
15561,7,12,629.50,2026-08-20 09:36:00,FAILED
15562,1,19,2843.90,2026-08-21 02:08:00,REFUNDED
15563,8,1,2539.20,2026-08-12 09:31:00,SUCCESS
15564,3,5,3179.60,2026-08-16 18:44:00,PENDING
15565,6,13,220.60,2026-08-28 10:52:00,PENDING
15566,8,6,950.40,2026-08-21 11:52:00,SUCCESS
15567,8,6,1407.10,2026-08-25 08:48:00,PENDING
15568,2,6,3350.80,2026-08-23 17:23:00,REFUNDED
15569,3,6,3363.90,2026-08-13 21:27:00,REFUNDED
15570,6,20,2640.20,2026-08-08 02:42:00,SUCCESS
15571,2,20,2525.90,2026-08-13 18:04:00,SUCCESS
15572,10,13,2272.30,2026-08-08 19:29:00,REFUNDED
15573,10,2,4889.10,2026-08-01 13:25:00,PENDING
15574,7,5,2879.80,2026-08-27 05:13:00,REFUNDED
15575,2,7,1348.10,2026-08-25 14:48:00,SUCCESS
15576,1,10,938.80,2026-08-02 22:11:00,FAILED
15577,8,1,2793.10,2026-08-11 18:13:00,PENDING
15578,7,9,1910.30,2026-08-07 14:44:00,REFUNDED
15579,10,2,4146.20,2026-08-12 04:31:00,REFUNDED
15580,4,1,4497.80,2026-08-27 19:21:00,REFUNDED
15581,2,5,3752.10,2026-08-08 13:04:00,SUCCESS
15582,2,9,4555.20,2026-08-24 23:33:00,SUCCESS
15583,9,17,2879.10,2026-08-02 19:48:00,FAILED
15584,6,1,512.30,2026-08-27 11:39:00,SUCCESS
15585,10,14,2752.30,2026-08-16 17:47:00,REFUNDED
15586,8,7,3957.00,2026-08-22 04:34:00,SUCCESS
15587,4,17,2683.50,2026-08-17 02:18:00,PENDING
15588,5,6,3487.20,2026-08-06 14:55:00,PENDING
15589,3,2,2581.30,2026-08-26 16:29:00,FAILED
15590,9,20,3371.30,2026-08-27 23:47:00,SUCCESS
15591,7,12,1086.00,2026-08-05 18:19:00,REFUNDED
15592,8,6,2493.90,2026-08-17 07:03:00,SUCCESS
15593,5,20,3691.30,2026-08-08 16:55:00,FAILED
15594,8,18,3381.70,2026-08-16 03:26:00,PENDING
15595,10,5,1695.30,2026-08-09 12:06:00,PENDING
15596,8,14,779.30,2026-08-02 06:43:00,FAILED
15597,3,4,1995.50,2026-08-03 09:02:00,PENDING
15598,4,10,1809.10,2026-08-13 01:54:00,FAILED
15599,1,20,4882.70,2026-08-30 00:32:00,REFUNDED
15600,9,9,3780.00,2026-08-17 23:26:00,REFUNDED
15601,10,9,2666.40,2026-08-30 23:15:00,FAILED
15602,8,11,2365.10,2026-08-06 12:57:00,REFUNDED
15603,10,10,2931.10,2026-08-22 12:37:00,SUCCESS
15604,3,15,2856.80,2026-08-01 15:41:00,PENDING
15605,4,7,4145.70,2026-08-06 20:50:00,SUCCESS
15606,4,15,3683.30,2026-08-25 06:31:00,PENDING
15607,7,10,1723.30,2026-08-02 23:33:00,FAILED
15608,1,7,240.40,2026-08-03 23:03:00,PENDING
15609,4,10,3463.10,2026-08-01 16:19:00,FAILED
15610,5,2,3084.10,2026-08-19 11:16:00,REFUNDED
15611,9,19,4564.30,2026-08-30 21:23:00,FAILED
15612,7,6,2964.00,2026-08-02 04:21:00,SUCCESS
15613,9,9,2411.50,2026-08-06 02:38:00,SUCCESS
15614,10,3,1275.30,2026-08-20 22:45:00,FAILED
15615,1,17,3636.60,2026-08-09 05:14:00,REFUNDED
15616,3,8,1344.70,2026-08-29 04:54:00,REFUNDED
15617,8,2,2308.40,2026-08-13 22:33:00,REFUNDED
15618,4,18,2507.60,2026-08-09 19:58:00,FAILED
15619,4,2,2715.90,2026-08-26 20:34:00,SUCCESS
15620,9,6,4700.50,2026-08-24 22:11:00,SUCCESS
15621,8,17,1960.30,2026-08-28 12:05:00,SUCCESS
15622,7,4,2406.20,2026-08-04 08:00:00,PENDING
15623,9,4,5027.00,2026-08-29 00:21:00,FAILED
15624,5,17,3233.70,2026-08-26 01:26:00,SUCCESS
15625,4,13,1559.50,2026-08-05 22:40:00,PENDING
15626,4,7,185.30,2026-08-28 14:49:00,PENDING
15627,6,15,4959.60,2026-08-17 23:02:00,SUCCESS
15628,6,1,4339.10,2026-08-13 08:07:00,REFUNDED
15629,9,2,3317.70,2026-08-19 12:36:00,REFUNDED
15630,9,12,3243.30,2026-08-28 00:03:00,SUCCESS
15631,9,7,4210.20,2026-08-13 15:27:00,FAILED
15632,2,14,2022.90,2026-08-08 09:45:00,SUCCESS
15633,10,15,3671.00,2026-08-22 18:04:00,REFUNDED
15634,6,2,2362.00,2026-08-21 11:15:00,REFUNDED
15635,2,7,1778.80,2026-08-13 04:33:00,FAILED
15636,5,20,1437.30,2026-08-12 22:21:00,FAILED
15637,5,9,3162.80,2026-08-17 11:02:00,SUCCESS
15638,1,8,4209.60,2026-08-25 01:50:00,PENDING
15639,5,1,3638.20,2026-08-29 22:13:00,PENDING
15640,7,3,3177.20,2026-08-22 03:58:00,PENDING
15641,8,10,1181.80,2026-08-26 22:35:00,REFUNDED
15642,4,15,1162.90,2026-08-30 09:14:00,REFUNDED
15643,5,11,2634.80,2026-08-09 15:27:00,FAILED
15644,7,16,4681.70,2026-08-30 22:14:00,FAILED
15645,3,2,4824.90,2026-08-04 06:52:00,SUCCESS
15646,7,18,2591.80,2026-08-23 20:41:00,SUCCESS
15647,1,4,3269.90,2026-08-17 22:34:00,PENDING
15648,7,9,4796.20,2026-08-20 07:04:00,PENDING
15649,1,13,4741.00,2026-08-11 23:50:00,SUCCESS
15650,7,3,2084.60,2026-08-13 08:44:00,SUCCESS
15651,9,15,179.20,2026-08-17 04:04:00,SUCCESS
15652,5,12,1182.70,2026-08-28 08:10:00,SUCCESS
15653,1,20,2488.20,2026-08-06 02:39:00,SUCCESS
15654,10,12,1894.70,2026-08-14 14:26:00,FAILED
15655,1,12,4382.10,2026-08-27 08:53:00,FAILED
15656,7,2,4171.20,2026-08-30 17:03:00,SUCCESS
15657,9,12,4466.70,2026-08-05 21:27:00,PENDING
15658,8,19,1121.00,2026-08-05 01:16:00,REFUNDED
15659,6,7,3843.40,2026-08-18 02:09:00,FAILED
15660,10,7,4792.50,2026-08-28 07:53:00,PENDING
15661,1,17,4327.40,2026-08-10 06:08:00,PENDING
15662,7,6,2039.30,2026-08-25 12:35:00,PENDING
15663,1,7,1160.60,2026-08-14 05:33:00,PENDING
15664,6,19,2850.30,2026-08-26 21:38:00,PENDING
15665,8,1,2830.40,2026-08-06 16:06:00,FAILED
15666,10,11,4063.30,2026-08-21 05:56:00,SUCCESS
15667,9,17,451.40,2026-08-21 09:02:00,REFUNDED
15668,1,16,3064.20,2026-08-16 13:01:00,REFUNDED
15669,6,6,1488.00,2026-08-07 13:23:00,REFUNDED
15670,4,18,667.20,2026-08-23 15:24:00,REFUNDED
15671,6,3,3727.60,2026-08-10 09:06:00,PENDING
15672,7,2,98.50,2026-08-29 17:06:00,REFUNDED
15673,6,7,2582.40,2026-08-29 19:40:00,FAILED
15674,10,7,2054.90,2026-08-05 15:32:00,REFUNDED
15675,3,13,3381.80,2026-08-15 22:29:00,PENDING
15676,1,16,3200.30,2026-08-03 10:42:00,REFUNDED
15677,4,4,3234.80,2026-08-03 18:11:00,PENDING
15678,9,3,3582.70,2026-08-06 12:33:00,SUCCESS
15679,4,13,3039.70,2026-08-23 22:38:00,PENDING
15680,2,7,4152.80,2026-08-06 15:16:00,PENDING
15681,2,9,4735.30,2026-08-22 03:15:00,SUCCESS
15682,5,9,397.30,2026-08-01 20:08:00,PENDING
15683,7,8,3506.70,2026-08-22 14:23:00,PENDING
15684,6,10,5011.40,2026-08-07 03:15:00,PENDING
15685,5,14,2136.40,2026-08-11 13:42:00,PENDING
15686,5,17,2498.50,2026-08-30 21:13:00,SUCCESS
15687,10,16,1327.30,2026-08-06 22:45:00,SUCCESS
15688,9,3,2121.40,2026-08-08 03:29:00,PENDING
15689,3,5,3980.10,2026-08-11 05:38:00,REFUNDED
15690,6,9,178.70,2026-08-20 15:28:00,FAILED
15691,10,6,420.50,2026-08-15 21:40:00,SUCCESS
15692,7,16,4162.30,2026-08-22 20:00:00,FAILED
15693,3,10,1112.60,2026-08-12 13:58:00,REFUNDED
15694,3,20,4029.60,2026-08-12 00:05:00,REFUNDED
15695,8,16,3861.50,2026-08-03 12:44:00,PENDING
15696,3,5,623.60,2026-08-27 22:14:00,PENDING
15697,7,8,2513.90,2026-08-17 14:37:00,REFUNDED
15698,4,19,1164.50,2026-08-28 16:35:00,PENDING
15699,10,19,3882.40,2026-08-10 01:43:00,PENDING
15700,7,20,3553.10,2026-08-17 07:49:00,REFUNDED
15701,1,9,1393.10,2026-08-05 00:07:00,REFUNDED
15702,7,4,4284.50,2026-08-28 14:22:00,FAILED
15703,4,9,4042.60,2026-08-30 09:48:00,SUCCESS
15704,3,5,3058.40,2026-08-01 19:58:00,SUCCESS
15705,2,4,511.20,2026-08-16 00:47:00,SUCCESS
15706,9,6,924.50,2026-08-01 09:50:00,REFUNDED
15707,8,3,3971.50,2026-08-05 03:12:00,PENDING
15708,4,16,1897.30,2026-08-09 03:46:00,REFUNDED
15709,3,18,2028.60,2026-08-23 22:31:00,FAILED
15710,4,7,725.70,2026-08-27 17:20:00,SUCCESS
15711,8,7,3680.40,2026-08-13 13:40:00,FAILED
15712,3,9,3401.50,2026-08-17 22:51:00,REFUNDED
15713,2,17,1422.00,2026-08-17 21:52:00,SUCCESS
15714,8,3,2270.40,2026-08-20 07:32:00,SUCCESS
15715,1,2,3833.10,2026-08-27 06:29:00,REFUNDED
15716,6,12,3517.40,2026-08-03 02:34:00,PENDING
15717,8,5,794.10,2026-08-14 03:26:00,SUCCESS
15718,9,20,4879.90,2026-08-15 05:10:00,REFUNDED
15719,8,16,3789.90,2026-08-16 17:45:00,PENDING
15720,4,14,3950.80,2026-08-23 09:33:00,FAILED
15721,10,8,3922.20,2026-08-14 10:26:00,FAILED
15722,2,18,3043.40,2026-08-10 23:38:00,SUCCESS
15723,1,16,4054.20,2026-08-09 13:33:00,FAILED
15724,9,7,2355.90,2026-08-28 13:55:00,PENDING
15725,3,4,730.80,2026-08-23 05:19:00,PENDING
15726,3,11,1804.70,2026-08-20 06:46:00,SUCCESS
15727,4,17,3267.90,2026-08-28 04:47:00,FAILED
15728,1,1,5000,INVALID_DATE_TIME,SUCCESS
15729,8,14,3845.00,2026-08-23 15:44:00,REFUNDED
15730,3,9,2248.90,2026-08-18 18:10:00,FAILED
15731,5,12,3727.00,2026-08-17 02:59:00,SUCCESS
15732,8,8,893.90,2026-08-16 15:49:00,PENDING
15733,5,4,4559.40,2026-08-22 03:16:00,PENDING
15734,2,18,1534.00,2026-08-28 00:18:00,SUCCESS
15735,5,15,662.90,2026-08-08 01:09:00,SUCCESS
15736,8,17,3133.60,2026-08-27 04:14:00,FAILED
15737,9,10,131.80,2026-08-20 20:07:00,PENDING
15738,5,12,657.70,2026-08-31 05:18:00,PENDING
15739,6,4,4121.20,2026-08-19 21:30:00,PENDING
15740,8,11,2226.20,2026-08-25 23:38:00,SUCCESS
15741,2,12,2954.90,2026-08-09 13:40:00,SUCCESS
15742,5,6,4087.50,2026-08-06 23:45:00,FAILED
15743,6,15,3433.50,2026-08-27 18:59:00,SUCCESS
15744,4,6,1291.20,2026-08-08 19:44:00,SUCCESS
15745,9,18,2066.50,2026-08-03 17:14:00,SUCCESS
15746,5,4,3815.30,2026-08-25 16:38:00,REFUNDED
15747,5,13,2135.20,2026-08-30 08:16:00,PENDING
15748,7,5,4529.60,2026-08-09 08:34:00,REFUNDED
15749,10,5,2593.40,2026-08-01 13:27:00,PENDING
15750,5,16,4156.80,2026-08-09 15:49:00,REFUNDED
15751,6,14,712.50,2026-08-05 16:13:00,PENDING
15752,1,1,NOT_A_NUMBER,2026-08-01 12:00:00,SUCCESS
15753,2,2,3857.30,2026-08-10 08:40:00,PENDING
15754,9,16,1191.80,2026-08-20 16:14:00,FAILED
15755,9,10,539.50,2026-08-29 18:11:00,REFUNDED
15756,7,20,1098.70,2026-08-09 05:14:00,SUCCESS
15757,6,16,3425.30,2026-08-13 21:22:00,PENDING
15758,1,16,4028.30,2026-08-01 08:45:00,FAILED
15759,3,12,1164.00,2026-08-25 12:58:00,SUCCESS
15760,5,2,2507.60,2026-08-14 01:06:00,SUCCESS
15761,9,20,3717.40,2026-08-11 09:31:00,REFUNDED
15762,3,15,4890.70,2026-08-22 02:34:00,PENDING
15763,6,17,5027.20,2026-08-21 20:42:00,PENDING
15764,3,11,532.70,2026-08-04 19:14:00,FAILED
15765,5,9,3829.30,2026-08-24 08:31:00,FAILED
15766,10,18,3261.40,2026-08-08 07:13:00,FAILED
15767,4,14,4460.90,2026-08-24 05:48:00,FAILED
15768,5,5,2907.70,2026-08-02 05:25:00,FAILED
15769,4,3,3655.50,2026-08-07 03:57:00,PENDING
15770,9,11,4884.80,2026-08-18 22:14:00,SUCCESS
15771,1,12,201.00,2026-08-13 17:30:00,FAILED
15772,8,1,950.00,2026-08-30 18:49:00,PENDING
15773,8,20,2245.30,2026-08-17 21:36:00,PENDING
15774,3,1,2838.00,2026-08-15 17:37:00,SUCCESS
15775,8,20,96.20,2026-08-10 13:47:00,FAILED
15776,9,5,4219.10,2026-08-22 23:58:00,PENDING
15777,4,15,1197.00,2026-08-02 22:52:00,REFUNDED
15778,4,7,612.40,2026-08-14 08:32:00,SUCCESS
15779,10,5,994.20,2026-08-11 19:30:00,REFUNDED
15780,6,1,4602.90,2026-08-25 18:19:00,SUCCESS
15781,5,13,4199.10,2026-08-05 18:34:00,FAILED
15782,8,18,1498.80,2026-08-21 22:30:00,PENDING
15783,1,9,4316.50,2026-08-05 22:10:00,REFUNDED
15784,5,7,986.40,2026-08-13 10:11:00,FAILED
15785,1,2,2742.40,2026-08-15 01:00:00,FAILED
15786,8,1,1985.10,2026-08-26 05:08:00,REFUNDED
15787,8,3,2085.20,2026-08-11 08:55:00,FAILED
15788,3,1,4201.00,2026-08-16 01:21:00,FAILED
15789,4,12,4219.20,2026-08-02 06:57:00,FAILED
15790,1,5,1064.30,2026-08-12 02:33:00,REFUNDED
15791,8,20,1075.90,2026-08-22 02:49:00,REFUNDED
15792,5,8,307.00,2026-08-03 01:28:00,REFUNDED
15793,7,17,3556.40,2026-08-09 14:13:00,PENDING
15794,8,2,3589.90,2026-08-14 23:03:00,FAILED
15795,2,5,2063.90,2026-08-02 09:29:00,PENDING
15796,6,6,523.40,2026-08-27 13:42:00,PENDING
15797,5,4,1449.40,2026-08-28 04:14:00,SUCCESS
15798,4,15,4494.80,2026-08-29 00:54:00,FAILED
15799,5,7,1927.80,2026-08-11 09:26:00,REFUNDED
15800,2,2,3027.00,2026-08-30 17:42:00,SUCCESS
15801,10,13,2266.20,2026-08-17 06:25:00,PENDING
15802,10,3,3759.10,2026-08-09 09:11:00,FAILED
15803,3,18,859.60,2026-08-04 07:42:00,SUCCESS
15804,6,11,1023.40,2026-08-09 13:59:00,FAILED
15805,3,4,2537.50,2026-08-30 02:09:00,FAILED
15806,7,5,1055.50,2026-08-07 01:11:00,REFUNDED
15807,1,8,4127.00,2026-08-22 19:13:00,FAILED
15808,3,3,3954.20,2026-08-05 20:55:00,PENDING
15809,5,14,3857.30,2026-08-19 08:52:00,PENDING
15810,10,13,1747.70,2026-08-28 19:00:00,SUCCESS
15811,8,3,4048.50,2026-08-03 09:01:00,FAILED
15812,8,6,489.90,2026-08-15 04:26:00,SUCCESS
15813,10,12,2994.30,2026-08-08 10:04:00,REFUNDED
15814,9,9,2354.50,2026-08-25 01:35:00,REFUNDED
15815,1,14,3800.00,2026-08-23 12:19:00,FAILED
15816,7,14,3247.90,2026-08-04 23:59:00,PENDING
15817,6,7,671.90,2026-08-17 18:59:00,PENDING
15818,9,9,908.20,2026-08-12 21:15:00,FAILED
15819,4,8,4562.60,2026-08-05 00:30:00,PENDING
15820,4,13,1207.60,2026-08-30 02:28:00,FAILED
15821,9,2,437.20,2026-08-20 13:46:00,SUCCESS
15822,7,15,2293.20,2026-08-24 22:17:00,REFUNDED
15823,9,3,1880.00,2026-08-23 00:42:00,PENDING
15824,10,4,4078.00,2026-08-30 02:10:00,PENDING
15825,10,1,1673.10,2026-08-20 02:27:00,SUCCESS
15826,3,15,4704.00,2026-08-16 09:54:00,REFUNDED
15827,10,8,2842.20,2026-08-30 20:51:00,SUCCESS
15828,2,8,4681.90,2026-08-24 13:55:00,REFUNDED
15829,10,17,1462.20,2026-08-07 10:49:00,FAILED
15830,1,17,1152.60,2026-08-22 14:37:00,PENDING
15831,7,1,3901.40,2026-08-22 00:52:00,REFUNDED
15832,9,2,202.10,2026-08-29 06:49:00,SUCCESS
15833,8,17,4202.40,2026-08-02 05:19:00,SUCCESS
15834,9,15,1647.20,2026-08-19 10:41:00,SUCCESS
15835,2,2,3773.40,2026-08-13 19:05:00,REFUNDED
15836,4,20,3684.90,2026-08-15 17:54:00,FAILED
15837,5,1,3424.30,2026-08-14 22:34:00,FAILED
15838,8,8,4196.90,2026-08-14 17:13:00,PENDING
15839,4,13,1224.60,2026-08-20 15:00:00,FAILED
15840,5,20,4852.90,2026-08-25 10:00:00,FAILED
15841,3,2,3121.00,2026-08-06 13:43:00,SUCCESS
15842,6,4,2471.00,2026-08-07 17:38:00,REFUNDED
15843,7,3,2971.30,2026-08-10 07:43:00,REFUNDED
15844,10,14,3645.50,2026-08-08 19:21:00,PENDING
15845,4,11,3625.70,2026-08-04 19:16:00,SUCCESS
15846,8,13,4367.60,2026-08-27 09:44:00,SUCCESS
15847,6,8,109.70,2026-08-27 21:41:00,FAILED
15848,8,1,1871.50,2026-08-18 22:07:00,FAILED
15849,8,9,1499.40,2026-08-30 05:58:00,PENDING
15850,6,4,5029.20,2026-08-09 15:47:00,FAILED
15851,5,17,2728.20,2026-08-30 10:47:00,REFUNDED
15852,9,13,4760.00,2026-08-01 23:26:00,SUCCESS
15853,10,16,1287.70,2026-08-10 10:40:00,PENDING
15854,3,16,5001.90,2026-08-17 18:58:00,PENDING
15855,6,17,4506.90,2026-08-27 14:38:00,FAILED
15856,4,16,1903.60,2026-08-02 11:45:00,FAILED
15857,9,4,357.20,2026-08-07 21:04:00,REFUNDED
15858,10,10,4593.40,2026-08-11 07:02:00,PENDING
15859,6,16,4916.90,2026-08-08 10:42:00,PENDING
15860,3,17,3891.30,2026-08-11 17:32:00,REFUNDED
15861,1,3,2583.00,2026-08-28 08:55:00,REFUNDED
15862,10,13,1915.30,2026-08-30 22:10:00,PENDING
15863,8,17,2591.90,2026-08-12 12:38:00,REFUNDED
15864,8,9,2686.80,2026-08-26 10:15:00,FAILED
15865,7,10,50.50,2026-08-16 00:42:00,REFUNDED
15866,5,17,1128.20,2026-08-27 08:51:00,PENDING
15867,4,10,2676.00,2026-08-17 01:30:00,REFUNDED
15868,4,4,2299.60,2026-08-07 19:19:00,REFUNDED
15869,1,1,5000,2026-08-01 12:00:00,UNKNOWN_STATUS
15870,2,9,1180.10,2026-08-20 10:30:00,FAILED
15871,2,17,924.90,2026-08-16 13:44:00,FAILED
15872,4,1,1584.10,2026-08-16 04:44:00,REFUNDED
15873,6,13,1353.00,2026-08-16 04:44:00,FAILED
15874,10,3,4464.80,2026-08-28 18:05:00,FAILED
15875,6,15,804.50,2026-08-14 09:00:00,REFUNDED
15876,6,4,4821.30,2026-08-10 20:43:00,SUCCESS
15877,3,10,4964.80,2026-08-30 03:16:00,SUCCESS
15878,1,20,1899.10,2026-08-13 15:10:00,FAILED
15879,3,10,1074.10,2026-08-06 11:48:00,PENDING
15880,4,14,3902.70,2026-08-22 11:09:00,FAILED
15881,6,16,4375.10,2026-08-11 01:45:00,REFUNDED
15882,8,13,875.80,2026-08-12 20:42:00,PENDING
15883,10,9,2529.40,2026-08-19 09:57:00,SUCCESS
15884,9,18,4507.70,2026-08-25 17:43:00,SUCCESS
15885,5,9,1895.50,2026-08-05 10:34:00,REFUNDED
15886,3,12,3002.30,2026-08-16 04:08:00,SUCCESS
15887,1,10,4512.20,2026-08-10 15:20:00,SUCCESS
15888,5,18,1640.30,2026-08-28 13:30:00,PENDING
15889,10,11,4003.70,2026-08-23 06:40:00,SUCCESS
15890,6,11,2705.40,2026-08-25 13:30:00,SUCCESS
15891,8,6,2204.70,2026-08-23 20:23:00,FAILED
15892,10,3,1722.60,2026-08-08 03:35:00,REFUNDED
15893,5,16,2231.60,2026-08-03 07:49:00,REFUNDED
15894,5,10,3580.00,2026-08-09 20:46:00,FAILED
15895,10,5,3728.20,2026-08-08 06:08:00,FAILED
15896,3,8,1776.60,2026-08-15 16:34:00,FAILED
15897,9,7,584.60,2026-08-07 13:11:00,REFUNDED
15898,9,5,4600.70,2026-08-09 00:21:00,REFUNDED
15899,3,15,2249.00,2026-08-17 04:57:00,PENDING
15900,4,2,102.90,2026-08-23 14:57:00,SUCCESS
15901,7,4,3854.30,2026-08-17 05:44:00,SUCCESS
15902,6,5,805.80,2026-08-05 20:56:00,PENDING
15903,8,4,1340.10,2026-08-24 22:34:00,REFUNDED
15904,9,13,1238.10,2026-08-29 20:01:00,REFUNDED
15905,7,12,2263.80,2026-08-30 10:26:00,SUCCESS
15906,2,17,3443.50,2026-08-15 06:20:00,REFUNDED
15907,1,17,2027.10,2026-08-03 21:52:00,PENDING
15908,3,6,2985.50,2026-08-05 21:17:00,PENDING
15909,3,10,2572.20,2026-08-06 23:29:00,FAILED
15910,8,3,3155.50,2026-08-21 07:01:00,PENDING
15911,5,11,216.10,2026-08-09 08:02:00,PENDING
15912,3,12,2849.70,2026-08-16 16:51:00,FAILED
15913,6,10,2580.30,2026-08-12 00:47:00,REFUNDED
15914,9,16,4910.20,2026-08-24 15:28:00,FAILED
15915,3,12,3209.10,2026-08-22 15:47:00,REFUNDED
15916,10,13,2949.50,2026-08-14 04:35:00,REFUNDED
15917,9,7,827.80,2026-08-16 11:20:00,FAILED
15918,8,19,261.00,2026-08-03 07:08:00,REFUNDED
15919,3,6,4383.20,2026-08-25 20:02:00,REFUNDED
15920,5,18,2445.40,2026-08-14 04:58:00,FAILED
15921,10,11,4300.70,2026-08-07 13:42:00,PENDING
15922,7,6,4387.30,2026-08-27 12:25:00,FAILED
15923,1,6,1292.80,2026-08-21 22:31:00,FAILED
15924,7,7,2893.50,2026-08-09 22:44:00,SUCCESS
15925,3,7,3869.20,2026-08-05 20:47:00,SUCCESS
15926,6,8,1211.00,2026-08-30 21:38:00,SUCCESS
15927,7,4,1846.20,2026-08-24 01:56:00,REFUNDED
15928,9,11,2236.20,2026-08-21 14:20:00,REFUNDED
15929,8,7,4381.40,2026-08-07 16:59:00,FAILED
15930,4,1,5018.10,2026-08-04 11:36:00,PENDING
15931,1,1,5000,2026-08-01 12:00:00,UNKNOWN_STATUS
15932,9,16,4883.60,2026-08-01 13:26:00,PENDING
15933,6,15,3775.20,2026-08-28 00:40:00,SUCCESS
15934,1,7,2618.30,2026-08-19 12:32:00,REFUNDED
15935,8,5,1296.90,2026-08-04 03:57:00,SUCCESS
15936,10,13,3455.00,2026-08-15 07:15:00,SUCCESS
15937,5,19,4354.60,2026-08-09 03:48:00,SUCCESS
15938,5,8,3600.90,2026-08-04 13:49:00,FAILED
15939,3,8,1159.10,2026-08-02 05:13:00,PENDING
15940,10,11,4743.10,2026-08-17 11:30:00,FAILED
15941,7,13,2942.00,2026-08-15 02:05:00,PENDING
15942,7,7,4627.30,2026-08-02 15:33:00,FAILED
15943,7,8,4091.30,2026-08-06 02:59:00,SUCCESS
15944,1,1,453.80,2026-08-19 21:52:00,PENDING
15945,3,10,977.10,2026-08-08 15:09:00,REFUNDED
15946,3,11,2943.60,2026-08-16 09:21:00,REFUNDED
15947,4,16,265.70,2026-08-23 11:36:00,REFUNDED
15948,9,3,4125.90,2026-08-22 08:18:00,PENDING
15949,2,19,365.60,2026-08-16 16:08:00,PENDING
15950,3,18,4670.90,2026-08-21 21:40:00,PENDING
15951,10,14,5025.40,2026-08-17 13:06:00,FAILED
15952,10,1,2995.90,2026-08-29 15:30:00,SUCCESS
15953,5,15,4782.00,2026-08-23 03:58:00,PENDING
15954,6,13,3964.70,2026-08-17 22:45:00,PENDING
15955,10,20,4130.70,2026-08-18 17:42:00,SUCCESS
15956,1,1,NOT_A_NUMBER,2026-08-01 12:00:00,SUCCESS
15957,1,20,62.80,2026-08-19 18:05:00,PENDING
15958,10,19,2913.10,2026-08-05 07:26:00,PENDING
15959,6,12,2344.70,2026-08-14 06:47:00,SUCCESS
15960,7,4,4986.20,2026-08-19 02:15:00,SUCCESS
15961,2,4,3875.80,2026-08-16 06:44:00,REFUNDED
15962,10,20,3584.30,2026-08-27 10:45:00,FAILED
15963,4,18,387.10,2026-08-06 02:45:00,FAILED
15964,2,20,741.40,2026-08-11 06:04:00,REFUNDED
15965,7,13,2165.30,2026-08-08 10:13:00,SUCCESS
15966,9,20,413.90,2026-08-26 07:06:00,PENDING
15967,3,14,4835.80,2026-08-29 14:22:00,SUCCESS
15968,2,5,152.30,2026-08-26 13:15:00,SUCCESS
15969,6,20,3146.20,2026-08-04 19:45:00,PENDING
15970,9,13,493.20,2026-08-07 11:15:00,FAILED
15971,10,12,3560.80,2026-08-30 00:57:00,REFUNDED
15972,8,20,1236.70,2026-08-27 01:36:00,FAILED
15973,1,17,3914.50,2026-08-24 15:56:00,PENDING
15974,9,9,3829.40,2026-08-03 22:17:00,REFUNDED
15975,5,10,3246.30,2026-08-22 17:35:00,SUCCESS
15976,3,14,51.20,2026-08-23 23:35:00,PENDING
15977,8,17,755.50,2026-08-22 22:40:00,FAILED
15978,4,12,3861.20,2026-08-25 18:33:00,PENDING
15979,9,15,3294.00,2026-08-27 12:27:00,PENDING
15980,6,16,2370.80,2026-08-07 17:33:00,SUCCESS
15981,4,12,2146.30,2026-08-18 08:14:00,REFUNDED
15982,8,4,4222.20,2026-08-13 08:36:00,SUCCESS
15983,3,2,2812.60,2026-08-26 10:31:00,REFUNDED
15984,7,6,507.00,2026-08-03 22:09:00,PENDING
15985,1,1,5000,INVALID_DATE_TIME,SUCCESS
15986,8,1,3032.10,2026-08-15 18:56:00,PENDING
15987,4,11,1178.70,2026-08-06 15:56:00,SUCCESS
15988,7,18,3754.60,2026-08-27 01:48:00,REFUNDED
15989,6,6,3833.70,2026-08-10 09:42:00,SUCCESS
15990,6,15,4142.80,2026-08-27 04:06:00,FAILED
15991,1,1,NOT_A_NUMBER,2026-08-01 12:00:00,SUCCESS
15992,2,2,4476.00,2026-08-22 13:52:00,PENDING
15993,10,10,1053.90,2026-08-22 12:53:00,SUCCESS
15994,4,18,2595.80,2026-08-08 11:49:00,PENDING
15995,5,3,3968.10,2026-08-23 00:44:00,FAILED
15996,3,16,1670.10,2026-08-12 13:16:00,PENDING
15997,4,11,4895.40,2026-08-28 04:10:00,FAILED
15998,3,6,78.60,2026-08-28 18:32:00,FAILED
15999,3,10,4152.40,2026-08-20 03:47:00,PENDING
16000,9,4,2408.20,2026-08-10 00:43:00,REFUNDED
16001,5,20,152.60,2026-08-19 01:20:00,PENDING
16002,3,1,1633.50,2026-08-13 10:38:00,REFUNDED
16003,9,8,2397.60,2026-08-21 10:50:00,SUCCESS
16004,4,10,2472.20,2026-08-06 01:41:00,SUCCESS
16005,3,15,3073.10,2026-08-26 01:25:00,FAILED
16006,8,18,4128.30,2026-08-02 16:09:00,FAILED
16007,7,16,3447.00,2026-08-02 18:19:00,SUCCESS
16008,7,12,4941.70,2026-08-26 13:26:00,FAILED
16009,4,3,1961.10,2026-08-09 11:15:00,REFUNDED
16010,6,19,4939.80,2026-08-12 22:37:00,FAILED
16011,6,7,3964.90,2026-08-14 15:36:00,FAILED
16012,10,1,242.20,2026-08-22 04:49:00,PENDING
16013,1,2,4337.50,2026-08-02 15:07:00,REFUNDED
16014,7,15,3389.50,2026-08-26 17:13:00,SUCCESS
16015,7,6,2593.70,2026-08-21 00:49:00,REFUNDED
16016,4,20,2960.90,2026-08-18 19:12:00,REFUNDED
16017,4,9,629.40,2026-08-22 20:21:00,SUCCESS
16018,10,11,4975.70,2026-08-26 17:17:00,FAILED
16019,2,20,2586.40,2026-08-01 21:01:00,FAILED
16020,10,13,1261.10,2026-08-23 01:01:00,PENDING
16021,6,14,4758.90,2026-08-15 11:37:00,FAILED
16022,9,15,1449.50,2026-08-06 11:48:00,PENDING
16023,9,5,3559.80,2026-08-01 12:52:00,REFUNDED
16024,6,2,2891.10,2026-08-28 11:36:00,FAILED
16025,5,13,1067.50,2026-08-30 13:59:00,SUCCESS
16026,2,6,4991.30,2026-08-30 22:12:00,REFUNDED
16027,1,18,2853.60,2026-08-07 16:27:00,FAILED
16028,8,11,1979.90,2026-08-25 06:39:00,PENDING
16029,10,7,829.50,2026-08-30 19:13:00,FAILED
16030,9,9,1238.20,2026-08-10 12:28:00,PENDING
16031,9,13,2413.70,2026-08-12 09:37:00,REFUNDED
16032,3,10,4698.00,2026-08-17 05:13:00,SUCCESS
16033,3,1,370.20,2026-08-15 14:54:00,REFUNDED
16034,9,9,823.30,2026-08-08 07:31:00,SUCCESS
16035,2,6,2292.10,2026-08-28 22:53:00,SUCCESS
16036,10,14,1550.10,2026-08-30 15:01:00,REFUNDED
16037,3,1,2986.30,2026-08-12 12:56:00,PENDING
16038,6,7,162.70,2026-08-11 12:09:00,REFUNDED
16039,3,11,2125.60,2026-08-26 00:25:00,PENDING
16040,2,5,3230.50,2026-08-01 14:33:00,REFUNDED
16041,6,17,623.70,2026-08-25 01:22:00,SUCCESS
16042,4,2,3356.10,2026-08-08 10:26:00,SUCCESS
16043,7,14,3498.30,2026-08-27 04:13:00,REFUNDED
16044,8,5,1173.80,2026-08-28 07:23:00,REFUNDED
16045,7,7,5025.00,2026-08-09 20:44:00,PENDING
16046,2,19,1141.60,2026-08-01 08:10:00,REFUNDED
16047,9,3,2434.00,2026-08-23 06:13:00,SUCCESS
16048,8,6,2373.10,2026-08-04 10:32:00,SUCCESS
16049,10,14,2437.60,2026-08-25 20:09:00,FAILED
16050,1,14,2778.40,2026-08-02 19:51:00,REFUNDED
16051,4,2,1823.50,2026-08-22 23:46:00,REFUNDED
16052,6,1,263.40,2026-08-31 01:43:00,REFUNDED
16053,5,16,3067.10,2026-08-18 22:25:00,SUCCESS
16054,5,1,4424.10,2026-08-08 14:18:00,SUCCESS
16055,1,6,245.70,2026-08-08 12:17:00,PENDING
16056,4,15,367.80,2026-08-19 01:28:00,SUCCESS
16057,3,12,3060.30,2026-08-11 01:09:00,FAILED
16058,6,17,3331.00,2026-08-12 11:40:00,REFUNDED
16059,8,9,724.20,2026-08-01 08:39:00,FAILED
16060,10,15,913.70,2026-08-30 03:28:00,SUCCESS
16061,7,5,331.10,2026-08-12 14:58:00,FAILED
16062,2,17,4170.60,2026-08-25 01:59:00,REFUNDED
16063,8,18,3859.70,2026-08-24 06:10:00,FAILED
16064,5,2,4220.10,2026-08-11 01:32:00,REFUNDED
16065,10,14,2770.60,2026-08-02 23:54:00,FAILED
16066,7,17,1780.80,2026-08-06 15:58:00,SUCCESS
16067,3,19,2602.10,2026-08-24 23:46:00,REFUNDED
16068,2,6,4632.90,2026-08-07 18:07:00,REFUNDED
16069,1,17,203.30,2026-08-29 18:58:00,REFUNDED
16070,9,3,4978.70,2026-08-08 05:45:00,SUCCESS
16071,5,18,3104.20,2026-08-09 07:58:00,PENDING
16072,1,14,2131.80,2026-08-24 11:21:00,PENDING
16073,5,14,1976.60,2026-08-07 12:07:00,FAILED
16074,9,13,385.30,2026-08-20 02:19:00,FAILED
16075,10,9,1321.40,2026-08-05 12:31:00,PENDING
16076,5,4,664.30,2026-08-13 21:36:00,PENDING
16077,8,4,1578.90,2026-08-16 01:26:00,REFUNDED
16078,9,6,624.30,2026-08-09 03:45:00,PENDING
16079,2,14,136.30,2026-08-22 09:56:00,SUCCESS
16080,5,15,637.20,2026-08-17 05:14:00,SUCCESS
16081,9,3,4473.70,2026-08-20 10:27:00,REFUNDED
16082,1,10,165.20,2026-08-17 17:39:00,REFUNDED
16083,3,19,3665.90,2026-08-05 07:49:00,PENDING
16084,4,15,4650.10,2026-08-23 02:59:00,PENDING
16085,2,7,3256.70,2026-08-28 22:53:00,PENDING
16086,8,8,1520.70,2026-08-20 21:51:00,FAILED
16087,2,11,1750.10,2026-08-22 02:32:00,REFUNDED
16088,9,18,219.20,2026-08-15 14:40:00,PENDING
16089,7,4,4920.80,2026-08-03 11:05:00,REFUNDED
16090,3,14,2440.50,2026-08-01 22:32:00,FAILED
16091,10,7,2508.30,2026-08-30 17:08:00,SUCCESS
16092,8,20,2046.90,2026-08-06 04:45:00,REFUNDED
16093,2,7,3446.60,2026-08-07 09:00:00,FAILED
16094,6,9,969.80,2026-08-17 14:00:00,FAILED
16095,7,15,1648.30,2026-08-06 21:20:00,REFUNDED
16096,9,11,1563.00,2026-08-02 23:05:00,FAILED
16097,8,1,2781.10,2026-08-18 08:37:00,SUCCESS
16098,1,100.00
16099,5,11,565.80,2026-08-04 02:45:00,FAILED
16100,7,13,3655.30,2026-08-12 16:40:00,SUCCESS
16101,8,7,1162.50,2026-08-27 12:46:00,PENDING
16102,1,16,1733.00,2026-08-13 17:30:00,PENDING
16103,3,19,2094.40,2026-08-24 10:33:00,PENDING
16104,6,12,2529.40,2026-08-21 15:25:00,FAILED
16105,1,17,3945.90,2026-08-14 15:10:00,PENDING
16106,4,3,4797.60,2026-08-10 03:29:00,SUCCESS
16107,6,9,2746.20,2026-08-03 02:54:00,SUCCESS
16108,7,8,3220.60,2026-08-12 20:17:00,REFUNDED
16109,5,8,167.60,2026-08-21 12:50:00,PENDING
16110,2,13,428.80,2026-08-17 22:32:00,SUCCESS
16111,3,3,4362.80,2026-08-04 00:22:00,FAILED
16112,4,18,318.60,2026-08-16 23:18:00,FAILED
16113,3,4,2786.60,2026-08-18 01:20:00,FAILED
16114,10,16,2914.70,2026-08-13 16:26:00,FAILED
16115,1,18,4803.60,2026-08-09 00:32:00,SUCCESS
16116,7,6,1511.60,2026-08-21 16:52:00,FAILED
16117,7,5,1844.70,2026-08-28 22:21:00,PENDING
16118,8,20,2938.50,2026-08-25 17:22:00,REFUNDED
16119,8,9,4953.40,2026-08-24 23:42:00,SUCCESS
16120,1,7,4658.20,2026-08-07 22:39:00,REFUNDED
16121,6,14,3077.00,2026-08-22 20:12:00,SUCCESS
16122,3,9,3923.70,2026-08-20 02:04:00,REFUNDED
16123,6,9,55.20,2026-08-07 06:20:00,REFUNDED
16124,2,17,329.30,2026-08-14 17:00:00,REFUNDED
16125,2,1,3670.50,2026-08-21 23:54:00,REFUNDED
16126,5,16,573.00,2026-08-29 02:26:00,SUCCESS
16127,9,15,3372.10,2026-08-14 13:30:00,PENDING
16128,10,14,3263.40,2026-08-13 09:55:00,PENDING
16129,2,20,4540.50,2026-08-13 22:14:00,REFUNDED
16130,4,3,2332.60,2026-08-26 07:14:00,REFUNDED
16131,8,10,861.10,2026-08-03 15:57:00,PENDING
16132,3,20,3870.70,2026-08-03 17:20:00,REFUNDED
16133,5,2,4358.00,2026-08-20 21:08:00,REFUNDED
16134,10,20,2607.10,2026-08-14 09:57:00,REFUNDED
16135,2,19,3946.90,2026-08-24 10:16:00,PENDING
16136,6,6,123.60,2026-08-15 12:29:00,REFUNDED
16137,5,4,3803.20,2026-08-12 15:15:00,FAILED
16138,8,19,1199.20,2026-08-24 22:09:00,PENDING
16139,9,16,1598.30,2026-08-23 13:20:00,SUCCESS
16140,8,15,3039.70,2026-08-22 15:45:00,SUCCESS
16141,10,16,863.20,2026-08-05 05:29:00,SUCCESS
16142,1,1,NOT_A_NUMBER,2026-08-01 12:00:00,SUCCESS
16143,4,14,1376.40,2026-08-28 11:23:00,FAILED
16144,4,9,4646.50,2026-08-20 14:22:00,PENDING
16145,7,20,222.60,2026-08-07 19:45:00,REFUNDED
16146,3,13,334.40,2026-08-16 16:42:00,SUCCESS
16147,9,16,868.40,2026-08-26 07:42:00,SUCCESS
16148,7,12,1967.70,2026-08-09 22:01:00,SUCCESS
16149,3,14,518.90,2026-08-21 17:43:00,REFUNDED
16150,1,1,5000,2026-08-01 12:00:00,UNKNOWN_STATUS
16151,8,15,397.10,2026-08-27 11:45:00,SUCCESS
16152,5,2,4321.50,2026-08-08 15:13:00,PENDING
16153,9,7,2138.20,2026-08-28 20:32:00,FAILED
16154,9,7,4460.70,2026-08-10 05:07:00,PENDING
16155,2,15,4677.70,2026-08-28 10:50:00,PENDING
16156,2,2,4414.60,2026-08-24 20:17:00,REFUNDED
16157,4,15,2375.20,2026-08-22 09:33:00,SUCCESS
16158,1,12,4802.80,2026-08-12 20:00:00,PENDING
16159,2,20,2732.50,2026-08-05 01:12:00,REFUNDED
16160,7,20,3595.20,2026-08-04 08:09:00,FAILED
16161,2,3,3804.20,2026-08-29 03:40:00,PENDING
16162,10,16,271.30,2026-08-26 08:10:00,REFUNDED
16163,10,8,4848.60,2026-08-29 10:11:00,REFUNDED
16164,6,17,239.70,2026-08-15 15:20:00,REFUNDED
16165,8,10,2979.90,2026-08-21 18:54:00,REFUNDED
16166,10,12,4928.00,2026-08-30 12:46:00,SUCCESS
16167,7,18,4788.10,2026-08-20 05:32:00,PENDING
16168,4,10,2363.80,2026-08-19 14:31:00,PENDING
16169,4,17,3112.10,2026-08-20 13:55:00,REFUNDED
16170,5,7,3043.00,2026-08-28 13:05:00,FAILED
16171,6,7,635.80,2026-08-14 05:04:00,REFUNDED
16172,1,17,1232.30,2026-08-14 22:53:00,REFUNDED
16173,9,2,3370.00,2026-08-26 05:47:00,SUCCESS
16174,7,9,3232.70,2026-08-02 23:28:00,PENDING
16175,2,17,5002.90,2026-08-18 13:28:00,PENDING
16176,2,20,2228.70,2026-08-21 11:57:00,FAILED
16177,3,16,722.60,2026-08-08 01:12:00,FAILED
16178,6,2,3894.60,2026-08-29 19:27:00,PENDING
16179,10,5,1981.60,2026-08-12 19:51:00,REFUNDED
16180,4,20,2512.30,2026-08-23 23:09:00,REFUNDED
16181,6,13,4625.40,2026-08-13 18:14:00,FAILED
16182,6,12,3362.10,2026-08-13 21:04:00,FAILED
16183,9,2,4906.40,2026-08-19 01:15:00,FAILED
16184,10,12,1747.70,2026-08-07 10:11:00,PENDING
16185,5,14,1803.80,2026-08-21 03:22:00,REFUNDED
16186,10,18,1465.90,2026-08-08 19:35:00,FAILED
16187,8,14,315.20,2026-08-30 19:33:00,SUCCESS
16188,7,6,1938.70,2026-08-08 22:23:00,REFUNDED
16189,1,1,3125.20,2026-08-25 11:31:00,REFUNDED
16190,8,8,2285.00,2026-08-17 00:06:00,FAILED
16191,3,6,4072.80,2026-08-07 20:58:00,PENDING
16192,5,9,1192.80,2026-08-19 07:45:00,SUCCESS
16193,1,11,506.00,2026-08-06 16:09:00,FAILED
16194,4,7,4560.90,2026-08-10 20:32:00,FAILED
16195,4,12,4365.30,2026-08-11 12:19:00,PENDING
16196,8,7,3578.70,2026-08-24 06:55:00,FAILED
16197,7,5,4366.70,2026-08-18 20:35:00,FAILED
16198,4,8,4266.20,2026-08-04 17:03:00,FAILED
16199,7,1,2949.30,2026-08-11 06:38:00,REFUNDED
16200,6,19,3855.50,2026-08-22 15:23:00,REFUNDED
16201,6,3,4036.70,2026-08-17 07:06:00,SUCCESS
16202,3,19,2797.30,2026-08-24 01:52:00,FAILED
16203,4,9,4887.80,2026-08-10 22:00:00,PENDING
16204,1,1,5000,2026-08-01 12:00:00,UNKNOWN_STATUS
16205,9,2,4931.50,2026-08-02 04:55:00,REFUNDED
16206,3,10,4255.00,2026-08-05 22:49:00,REFUNDED
16207,1,8,3528.60,2026-08-30 16:48:00,FAILED
16208,3,13,514.30,2026-08-04 01:24:00,PENDING
16209,3,15,3224.90,2026-08-31 05:42:00,SUCCESS
16210,4,14,3037.70,2026-08-04 23:39:00,FAILED
16211,5,15,4957.60,2026-08-10 21:17:00,SUCCESS
16212,10,14,1857.00,2026-08-10 04:36:00,SUCCESS
16213,9,18,3516.90,2026-08-09 15:29:00,SUCCESS
16214,9,16,1931.20,2026-08-14 20:26:00,FAILED
16215,6,17,153.30,2026-08-30 12:59:00,PENDING
16216,9,8,4613.00,2026-08-28 14:57:00,FAILED
16217,2,8,4360.20,2026-08-28 01:45:00,REFUNDED
16218,6,14,4191.40,2026-08-01 23:12:00,PENDING
16219,6,16,982.60,2026-08-15 14:49:00,REFUNDED
16220,3,15,1668.50,2026-08-15 00:46:00,PENDING
16221,9,1,3607.50,2026-08-24 02:06:00,REFUNDED
16222,10,11,4542.00,2026-08-14 23:01:00,SUCCESS
16223,10,5,4172.10,2026-08-06 00:41:00,SUCCESS
16224,4,1,1650.60,2026-08-03 04:29:00,SUCCESS
16225,8,5,2877.20,2026-08-15 19:33:00,SUCCESS
16226,9,19,902.80,2026-08-28 11:16:00,FAILED
16227,3,20,614.80,2026-08-09 11:48:00,FAILED
16228,2,17,4800.40,2026-08-01 10:07:00,REFUNDED
16229,6,5,4749.60,2026-08-05 07:47:00,FAILED
16230,9,20,4319.70,2026-08-09 05:11:00,PENDING
16231,10,5,2543.90,2026-08-22 04:24:00,FAILED
16232,5,2,5017.70,2026-08-03 03:36:00,FAILED
16233,3,11,4468.80,2026-08-28 10:30:00,REFUNDED
16234,1,4,925.50,2026-08-29 19:18:00,PENDING
16235,10,6,4199.20,2026-08-24 17:52:00,SUCCESS
16236,10,12,4690.80,2026-08-22 14:30:00,REFUNDED
16237,2,12,1075.60,2026-08-28 03:20:00,REFUNDED
16238,1,17,1488.60,2026-08-04 21:50:00,FAILED
16239,4,19,1126.80,2026-08-06 02:57:00,REFUNDED
16240,9,8,198.10,2026-08-16 05:22:00,SUCCESS
16241,2,13,3457.00,2026-08-08 03:17:00,SUCCESS
16242,10,19,1701.30,2026-08-11 20:02:00,SUCCESS
16243,1,1,5000,2026-08-01 12:00:00,UNKNOWN_STATUS
16244,9,18,5039.20,2026-08-28 22:06:00,FAILED
16245,3,15,2412.50,2026-08-09 05:03:00,SUCCESS
16246,7,17,2614.30,2026-08-20 06:48:00,PENDING
16247,6,11,2434.30,2026-08-26 14:49:00,SUCCESS
16248,5,6,981.70,2026-08-10 21:10:00,FAILED
16249,5,6,4143.70,2026-08-24 14:43:00,SUCCESS
16250,5,10,2292.70,2026-08-03 08:53:00,PENDING
16251,5,15,283.30,2026-08-06 20:24:00,PENDING
16252,9,17,1120.30,2026-08-21 12:52:00,SUCCESS
16253,7,6,2840.70,2026-08-03 17:55:00,REFUNDED
16254,7,12,4488.40,2026-08-04 00:40:00,FAILED
16255,5,5,1203.10,2026-08-18 23:49:00,SUCCESS
16256,6,14,2491.60,2026-08-26 19:05:00,FAILED
16257,2,14,2760.80,2026-08-09 16:48:00,REFUNDED
16258,4,5,824.10,2026-08-13 06:42:00,FAILED
16259,7,19,2758.40,2026-08-07 23:05:00,SUCCESS
16260,6,14,3383.00,2026-08-08 13:45:00,PENDING
16261,5,6,3049.50,2026-08-14 04:57:00,FAILED
16262,9,8,683.70,2026-08-19 15:37:00,SUCCESS
16263,5,10,3119.50,2026-08-17 09:25:00,SUCCESS
16264,4,6,991.10,2026-08-13 04:36:00,SUCCESS
16265,2,2,2927.80,2026-08-06 07:08:00,PENDING
16266,9,7,1344.80,2026-08-19 09:03:00,REFUNDED
16267,10,11,4702.20,2026-08-14 06:35:00,SUCCESS
16268,5,7,1057.20,2026-08-23 01:49:00,PENDING
16269,10,15,3318.00,2026-08-15 06:28:00,FAILED
16270,1,16,3498.60,2026-08-03 17:52:00,REFUNDED
16271,3,20,251.90,2026-08-11 11:15:00,PENDING
16272,5,10,4812.70,2026-08-30 04:33:00,REFUNDED
16273,7,12,4000.10,2026-08-02 23:45:00,REFUNDED
16274,9,15,2815.50,2026-08-26 14:26:00,SUCCESS
16275,6,8,3898.60,2026-08-07 22:27:00,SUCCESS
16276,6,1,2668.60,2026-08-08 14:55:00,SUCCESS
16277,7,1,609.30,2026-08-09 11:20:00,SUCCESS
16278,4,17,4993.60,2026-08-28 23:10:00,SUCCESS
16279,6,19,2459.80,2026-08-22 06:22:00,PENDING
16280,4,7,3083.90,2026-08-24 11:32:00,REFUNDED
16281,1,8,3983.50,2026-08-09 21:03:00,PENDING
16282,7,12,2330.90,2026-08-09 17:13:00,PENDING
16283,8,9,686.40,2026-08-17 06:44:00,SUCCESS
16284,3,2,502.30,2026-08-05 11:04:00,FAILED
16285,5,16,4157.20,2026-08-04 08:18:00,FAILED
16286,7,5,4597.20,2026-08-27 12:02:00,PENDING
16287,7,5,4494.10,2026-08-29 18:14:00,FAILED
16288,6,3,2440.40,2026-08-14 23:32:00,SUCCESS
16289,8,15,263.00,2026-08-12 21:16:00,FAILED
16290,3,8,3024.70,2026-08-13 11:09:00,SUCCESS
16291,9,5,2843.00,2026-08-05 15:28:00,PENDING
16292,10,17,1428.80,2026-08-14 23:12:00,FAILED
16293,9,4,3603.90,2026-08-30 10:38:00,FAILED
16294,2,20,4619.20,2026-08-08 15:59:00,PENDING
16295,10,1,1498.20,2026-08-22 04:37:00,SUCCESS
16296,1,1,5000,2026-08-01 12:00:00,UNKNOWN_STATUS
16297,1,18,4851.20,2026-08-25 02:43:00,PENDING
16298,4,4,2782.80,2026-08-16 18:08:00,REFUNDED
16299,9,16,2216.30,2026-08-25 11:07:00,REFUNDED
16300,4,4,3719.50,2026-08-11 20:31:00,REFUNDED
16301,5,18,4699.20,2026-08-22 12:13:00,PENDING
16302,4,4,5035.40,2026-08-20 02:10:00,REFUNDED
16303,1,18,1639.10,2026-08-25 10:35:00,REFUNDED
16304,8,12,2030.60,2026-08-21 07:20:00,SUCCESS
16305,3,2,4117.70,2026-08-19 17:50:00,PENDING
16306,8,2,1299.40,2026-08-15 20:29:00,PENDING
16307,3,4,4991.60,2026-08-19 14:34:00,REFUNDED
16308,9,7,2674.90,2026-08-09 06:31:00,FAILED
16309,10,2,989.60,2026-08-03 08:38:00,SUCCESS
16310,8,13,3282.80,2026-08-27 21:46:00,PENDING
16311,8,17,1828.20,2026-08-29 11:13:00,REFUNDED
16312,1,12,3897.90,2026-08-29 18:12:00,SUCCESS
16313,10,7,1226.20,2026-08-21 12:26:00,PENDING
16314,2,9,108.90,2026-08-29 22:23:00,FAILED
16315,2,19,3212.40,2026-08-22 20:51:00,PENDING
16316,6,8,4288.90,2026-08-08 21:27:00,REFUNDED
16317,10,9,4265.50,2026-08-12 01:27:00,SUCCESS
16318,9,1,4217.50,2026-08-05 10:16:00,SUCCESS
16319,3,3,1474.70,2026-08-21 18:12:00,SUCCESS
16320,3,3,4123.60,2026-08-14 08:03:00,REFUNDED
16321,10,5,1334.80,2026-08-10 02:32:00,FAILED
16322,5,18,4974.60,2026-08-16 14:29:00,FAILED
16323,9,17,4169.90,2026-08-29 01:52:00,SUCCESS
16324,6,18,4559.40,2026-08-23 13:35:00,SUCCESS
16325,1,8,996.20,2026-08-19 23:07:00,FAILED
16326,8,9,2836.30,2026-08-28 03:33:00,SUCCESS
16327,1,5,2687.80,2026-08-07 02:05:00,SUCCESS
16328,7,3,4567.00,2026-08-28 09:19:00,SUCCESS
16329,1,10,4689.90,2026-08-02 09:17:00,REFUNDED
16330,4,2,1570.60,2026-08-01 23:06:00,PENDING
16331,4,6,4444.50,2026-08-14 21:48:00,FAILED
16332,4,1,4661.00,2026-08-19 16:01:00,PENDING
16333,3,11,752.30,2026-08-06 21:21:00,REFUNDED
16334,4,4,3760.70,2026-08-29 18:11:00,FAILED
16335,3,10,2177.20,2026-08-11 01:34:00,FAILED
16336,7,12,3391.80,2026-08-15 21:19:00,SUCCESS
16337,4,12,2119.70,2026-08-16 02:40:00,FAILED
16338,10,17,2813.10,2026-08-05 19:20:00,SUCCESS
16339,5,8,2404.10,2026-08-18 04:21:00,FAILED
16340,7,9,3646.80,2026-08-01 18:34:00,SUCCESS
16341,9,4,2701.00,2026-08-26 22:48:00,REFUNDED
16342,9,3,674.60,2026-08-13 15:41:00,PENDING
16343,8,18,4584.80,2026-08-26 20:16:00,SUCCESS
16344,7,13,2173.70,2026-08-09 11:58:00,FAILED
16345,3,1,1966.00,2026-08-09 16:02:00,PENDING
16346,1,9,1969.80,2026-08-17 15:41:00,SUCCESS
16347,1,4,2494.20,2026-08-05 17:10:00,REFUNDED
16348,10,7,1110.20,2026-08-25 12:41:00,PENDING
16349,7,7,2868.40,2026-08-16 16:48:00,PENDING
16350,7,18,4695.60,2026-08-04 01:46:00,SUCCESS
16351,8,7,3313.80,2026-08-24 18:48:00,REFUNDED
16352,1,6,505.30,2026-08-12 04:01:00,REFUNDED
16353,2,5,1363.10,2026-08-11 04:28:00,FAILED
16354,9,2,4666.30,2026-08-08 15:04:00,PENDING
16355,6,13,2219.40,2026-08-14 21:42:00,PENDING
16356,8,6,1941.60,2026-08-02 19:25:00,PENDING
16357,8,15,4944.90,2026-08-04 03:13:00,FAILED
16358,8,6,951.70,2026-08-19 04:29:00,SUCCESS
16359,2,19,88.50,2026-08-23 02:55:00,PENDING
16360,9,8,4288.90,2026-08-31 02:31:00,PENDING
16361,10,15,474.50,2026-08-12 19:32:00,SUCCESS
16362,3,19,372.00,2026-08-20 07:58:00,FAILED
16363,1,100.00
16364,2,8,2600.30,2026-08-26 18:06:00,SUCCESS
16365,4,12,4844.50,2026-08-03 03:34:00,PENDING
16366,8,3,3046.80,2026-08-21 16:22:00,SUCCESS
16367,2,12,3906.70,2026-08-19 19:52:00,PENDING
16368,5,2,3025.50,2026-08-11 00:45:00,SUCCESS
16369,4,4,3113.50,2026-08-20 13:31:00,FAILED
16370,5,15,1238.30,2026-08-08 03:30:00,FAILED
16371,1,16,2758.00,2026-08-22 11:51:00,FAILED
16372,10,18,2163.30,2026-08-30 16:46:00,SUCCESS
16373,3,12,4023.50,2026-08-25 14:12:00,SUCCESS
16374,6,9,2317.20,2026-08-18 18:44:00,SUCCESS
16375,4,17,4079.40,2026-08-19 10:15:00,SUCCESS
16376,9,3,5002.60,2026-08-10 22:17:00,PENDING
16377,8,13,547.20,2026-08-26 12:32:00,SUCCESS
16378,7,5,1057.50,2026-08-12 23:36:00,PENDING
16379,1,7,2300.40,2026-08-06 21:10:00,FAILED
16380,5,5,2800.20,2026-08-03 07:01:00,REFUNDED
16381,10,1,2333.80,2026-08-17 21:47:00,PENDING
16382,6,13,1123.00,2026-08-06 21:53:00,PENDING
16383,1,16,4204.30,2026-08-06 18:30:00,REFUNDED
16384,8,7,530.90,2026-08-03 09:29:00,REFUNDED
16385,5,7,1289.10,2026-08-16 11:08:00,PENDING
16386,4,12,3054.30,2026-08-29 19:43:00,REFUNDED
16387,8,15,3927.90,2026-08-10 13:56:00,SUCCESS
16388,1,10,863.10,2026-08-05 08:52:00,PENDING
16389,7,15,2536.80,2026-08-01 09:17:00,PENDING
16390,8,2,3810.30,2026-08-16 18:22:00,SUCCESS
16391,3,3,3200.70,2026-08-16 09:27:00,SUCCESS
16392,1,1,5000,INVALID_DATE_TIME,SUCCESS
16393,6,3,4918.00,2026-08-24 03:20:00,SUCCESS
16394,8,2,3133.40,2026-08-08 22:30:00,SUCCESS
16395,6,2,653.70,2026-08-27 06:58:00,PENDING
16396,1,13,2686.30,2026-08-23 11:37:00,PENDING
16397,4,19,1360.60,2026-08-30 04:16:00,PENDING
16398,5,9,158.90,2026-08-14 13:46:00,REFUNDED
16399,8,18,1264.90,2026-08-26 15:58:00,SUCCESS
16400,10,1,3643.10,2026-08-09 07:59:00,PENDING
16401,1,8,2888.20,2026-08-09 12:56:00,SUCCESS
16402,2,19,1545.10,2026-08-25 03:17:00,SUCCESS
16403,9,13,4529.70,2026-08-14 03:52:00,FAILED
16404,1,7,4808.00,2026-08-27 14:04:00,PENDING
16405,8,1,837.10,2026-08-28 02:52:00,REFUNDED
16406,7,9,4040.10,2026-08-18 01:01:00,FAILED
16407,9,2,1727.80,2026-08-05 23:17:00,SUCCESS
16408,6,3,4174.70,2026-08-26 04:56:00,FAILED
16409,10,19,2303.00,2026-08-06 23:47:00,SUCCESS
16410,4,4,3304.50,2026-08-11 15:54:00,SUCCESS
16411,4,2,2965.40,2026-08-04 16:16:00,SUCCESS
16412,9,12,3317.30,2026-08-06 01:55:00,FAILED
16413,10,13,1238.70,2026-08-06 08:46:00,SUCCESS
16414,6,20,306.00,2026-08-10 23:47:00,SUCCESS
16415,5,15,3585.50,2026-08-14 20:15:00,PENDING
16416,2,14,3235.90,2026-08-27 09:26:00,REFUNDED
16417,9,6,3512.30,2026-08-15 05:41:00,FAILED
16418,1,18,2747.80,2026-08-07 23:41:00,PENDING
16419,1,11,344.70,2026-08-18 10:24:00,SUCCESS
16420,8,10,3070.30,2026-08-21 01:33:00,SUCCESS
16421,9,9,1584.20,2026-08-24 18:37:00,FAILED
16422,8,4,1854.40,2026-08-02 13:09:00,REFUNDED
16423,5,9,1553.50,2026-08-27 07:03:00,PENDING
16424,4,10,2317.10,2026-08-08 21:40:00,FAILED
16425,9,2,4623.60,2026-08-28 09:44:00,FAILED
16426,10,8,2232.50,2026-08-12 11:00:00,FAILED
16427,1,1,4122.20,2026-08-13 05:09:00,REFUNDED
16428,7,5,1725.10,2026-08-18 08:49:00,PENDING
16429,10,14,3782.50,2026-08-03 13:36:00,REFUNDED
16430,10,7,1182.70,2026-08-25 03:36:00,SUCCESS
16431,6,18,3873.60,2026-08-22 21:44:00,FAILED
16432,4,20,302.30,2026-08-13 21:46:00,PENDING
16433,9,11,1740.40,2026-08-28 11:35:00,PENDING
16434,9,6,4146.00,2026-08-16 03:14:00,PENDING
16435,4,19,2402.90,2026-08-06 05:22:00,REFUNDED
16436,4,9,4471.50,2026-08-02 13:07:00,PENDING
16437,2,1,3362.40,2026-08-15 13:32:00,PENDING
16438,1,1,5000,INVALID_DATE_TIME,SUCCESS
16439,9,4,2067.40,2026-08-10 13:39:00,REFUNDED
16440,2,4,3042.50,2026-08-07 08:44:00,FAILED
16441,5,17,1209.00,2026-08-14 16:21:00,FAILED
16442,10,17,876.00,2026-08-28 11:44:00,FAILED
16443,9,2,2575.90,2026-08-04 20:34:00,REFUNDED
16444,7,5,1466.30,2026-08-15 11:11:00,FAILED
16445,8,17,277.20,2026-08-16 14:36:00,REFUNDED
16446,1,9,879.00,2026-08-01 22:40:00,SUCCESS
16447,10,17,2149.90,2026-08-08 13:40:00,FAILED
16448,9,14,821.80,2026-08-29 17:52:00,REFUNDED
16449,8,2,4349.30,2026-08-13 05:48:00,FAILED
16450,7,14,2667.00,2026-08-07 10:15:00,FAILED
16451,10,7,2347.90,2026-08-17 11:53:00,PENDING
16452,5,13,124.70,2026-08-27 05:26:00,PENDING
16453,1,15,4443.80,2026-08-09 02:26:00,SUCCESS
16454,3,14,3058.10,2026-08-15 23:26:00,SUCCESS
16455,8,3,1285.50,2026-08-20 23:24:00,PENDING
16456,3,7,3578.70,2026-08-07 18:36:00,FAILED
16457,6,15,1778.30,2026-08-26 03:18:00,PENDING
16458,5,7,3676.40,2026-08-02 23:28:00,PENDING
16459,7,8,4719.00,2026-08-01 21:24:00,REFUNDED
16460,6,16,3694.60,2026-08-05 09:41:00,SUCCESS
16461,4,13,2996.00,2026-08-17 16:04:00,SUCCESS
16462,3,13,824.40,2026-08-30 02:44:00,FAILED
16463,10,18,4213.30,2026-08-11 10:45:00,PENDING
16464,1,13,3346.30,2026-08-08 07:03:00,FAILED
16465,7,4,1082.00,2026-08-09 18:48:00,REFUNDED
16466,5,12,4074.00,2026-08-20 08:55:00,SUCCESS
16467,3,17,1760.90,2026-08-14 06:45:00,SUCCESS
16468,5,12,2396.40,2026-08-27 21:43:00,SUCCESS
16469,2,18,926.40,2026-08-27 01:39:00,FAILED
16470,1,20,3955.40,2026-08-11 05:55:00,FAILED
16471,6,15,2025.20,2026-08-07 16:02:00,REFUNDED
16472,8,5,1250.20,2026-08-07 18:49:00,FAILED
16473,7,17,3352.50,2026-08-05 03:52:00,SUCCESS
16474,10,11,3886.30,2026-08-02 16:50:00,REFUNDED
16475,10,11,3303.60,2026-08-09 04:28:00,SUCCESS
16476,1,1,NOT_A_NUMBER,2026-08-01 12:00:00,SUCCESS
16477,7,14,4547.70,2026-08-27 06:17:00,FAILED
16478,10,13,1078.00,2026-08-23 16:05:00,SUCCESS
16479,7,3,3706.10,2026-08-17 22:32:00,SUCCESS
16480,2,14,3553.90,2026-08-06 02:25:00,REFUNDED
16481,8,8,407.80,2026-08-19 17:49:00,PENDING
16482,9,20,1662.90,2026-08-10 17:32:00,REFUNDED
16483,6,10,604.40,2026-08-03 22:12:00,PENDING
16484,6,4,543.30,2026-08-06 19:07:00,SUCCESS
16485,8,17,1023.60,2026-08-26 08:56:00,PENDING
16486,8,3,2377.00,2026-08-16 05:00:00,FAILED
16487,7,12,1349.40,2026-08-05 18:40:00,REFUNDED
16488,5,5,1561.40,2026-08-18 23:23:00,PENDING
16489,1,4,3511.20,2026-08-15 13:42:00,PENDING
16490,1,4,685.80,2026-08-03 14:55:00,REFUNDED
16491,2,11,1273.70,2026-08-09 15:15:00,PENDING
16492,10,9,3872.30,2026-08-10 23:50:00,PENDING
16493,4,9,5004.90,2026-08-28 03:23:00,FAILED
16494,8,12,360.80,2026-08-16 08:26:00,SUCCESS
16495,4,11,2443.70,2026-08-08 08:18:00,REFUNDED
16496,8,14,4105.50,2026-08-26 14:49:00,SUCCESS
16497,4,4,866.70,2026-08-03 11:46:00,REFUNDED
16498,6,18,162.10,2026-08-27 14:19:00,FAILED
16499,2,4,3615.50,2026-08-09 10:54:00,SUCCESS
16500,8,6,1420.60,2026-08-27 10:26:00,FAILED
16501,9,14,3837.70,2026-08-20 16:12:00,PENDING
16502,5,16,1306.10,2026-08-08 00:39:00,PENDING
16503,9,1,2739.40,2026-08-27 07:54:00,PENDING
16504,9,8,3688.50,2026-08-18 18:36:00,FAILED
16505,10,7,2823.20,2026-08-22 11:50:00,SUCCESS
16506,1,13,3141.70,2026-08-17 15:18:00,SUCCESS
16507,2,15,1644.90,2026-08-14 10:28:00,PENDING
16508,3,19,875.90,2026-08-25 07:30:00,PENDING
16509,7,6,3998.40,2026-08-18 03:33:00,REFUNDED
16510,6,6,2211.10,2026-08-09 10:49:00,FAILED
16511,8,6,3588.20,2026-08-02 10:32:00,FAILED
16512,7,1,3668.40,2026-08-18 07:46:00,FAILED
16513,7,8,323.40,2026-08-04 08:35:00,REFUNDED
16514,2,12,4746.20,2026-08-28 15:15:00,REFUNDED
16515,6,19,1703.80,2026-08-21 21:34:00,SUCCESS
16516,5,10,972.70,2026-08-01 12:12:00,REFUNDED
16517,2,15,996.30,2026-08-23 06:59:00,SUCCESS
16518,3,7,2305.30,2026-08-11 08:35:00,REFUNDED
16519,1,9,674.00,2026-08-16 06:14:00,FAILED
16520,2,3,2262.80,2026-08-20 01:34:00,SUCCESS
16521,2,13,3783.20,2026-08-04 10:07:00,FAILED
16522,7,2,170.80,2026-08-01 19:14:00,FAILED
16523,1,8,3708.20,2026-08-15 21:49:00,SUCCESS
16524,3,7,4646.40,2026-08-27 19:06:00,PENDING
16525,4,12,4900.90,2026-08-27 09:47:00,FAILED
16526,9,17,1798.60,2026-08-02 12:00:00,SUCCESS
16527,3,4,2739.70,2026-08-28 18:37:00,PENDING
16528,7,19,1335.10,2026-08-22 03:27:00,PENDING
16529,3,5,2296.20,2026-08-21 22:05:00,SUCCESS
16530,9,20,2258.80,2026-08-27 11:54:00,SUCCESS
16531,7,20,3039.90,2026-08-26 22:27:00,SUCCESS
16532,7,2,249.90,2026-08-05 20:56:00,FAILED
16533,10,16,2808.80,2026-08-08 07:29:00,PENDING
16534,9,4,209.30,2026-08-25 16:53:00,REFUNDED
16535,2,3,1088.50,2026-08-31 01:10:00,PENDING
16536,4,2,1630.50,2026-08-06 18:00:00,SUCCESS
16537,10,7,1554.50,2026-08-09 00:03:00,FAILED
16538,1,1,NOT_A_NUMBER,2026-08-01 12:00:00,SUCCESS
16539,8,8,2027.70,2026-08-07 00:05:00,REFUNDED
16540,9,19,1375.10,2026-08-02 01:12:00,FAILED
16541,3,20,1903.10,2026-08-07 05:16:00,FAILED
16542,7,8,684.60,2026-08-24 03:16:00,SUCCESS
16543,7,18,2210.50,2026-08-03 02:01:00,REFUNDED
16544,5,7,4773.60,2026-08-09 22:21:00,SUCCESS
16545,10,13,1503.80,2026-08-05 14:03:00,REFUNDED
16546,7,1,2102.60,2026-08-25 00:33:00,REFUNDED
16547,10,8,3593.70,2026-08-19 19:04:00,SUCCESS
16548,10,6,4218.40,2026-08-26 03:33:00,REFUNDED
16549,7,15,139.40,2026-08-18 08:54:00,FAILED
16550,9,17,3477.40,2026-08-06 21:34:00,FAILED
16551,5,1,3020.80,2026-08-05 08:52:00,SUCCESS
16552,8,18,3061.10,2026-08-31 01:13:00,SUCCESS
16553,10,6,3100.70,2026-08-16 04:28:00,REFUNDED
16554,4,16,2192.30,2026-08-28 04:43:00,REFUNDED
16555,5,17,3508.90,2026-08-21 11:06:00,SUCCESS
16556,1,11,1592.60,2026-08-03 12:35:00,FAILED
16557,2,7,3451.50,2026-08-09 11:40:00,REFUNDED
16558,3,8,1075.60,2026-08-08 21:59:00,PENDING
16559,6,2,2186.50,2026-08-29 18:29:00,PENDING
16560,6,18,936.50,2026-08-16 11:08:00,PENDING
16561,9,6,4909.00,2026-08-06 19:04:00,PENDING
16562,7,7,2294.70,2026-08-29 16:24:00,REFUNDED
16563,10,15,2659.30,2026-08-12 11:56:00,REFUNDED
16564,1,7,1367.60,2026-08-24 09:55:00,REFUNDED
16565,3,16,1706.50,2026-08-13 02:59:00,REFUNDED
16566,1,7,1553.00,2026-08-05 17:41:00,REFUNDED
16567,2,20,2396.60,2026-08-13 23:19:00,FAILED
16568,8,15,788.80,2026-08-11 22:33:00,FAILED
16569,8,4,3076.00,2026-08-18 16:16:00,FAILED
16570,3,16,3605.40,2026-08-14 10:19:00,FAILED
16571,1,11,2709.20,2026-08-22 22:13:00,PENDING
16572,7,4,4554.50,2026-08-22 14:47:00,REFUNDED
16573,9,17,4349.70,2026-08-29 19:15:00,REFUNDED
16574,1,17,4565.30,2026-08-27 18:20:00,REFUNDED
16575,2,20,4767.00,2026-08-09 21:39:00,FAILED
16576,1,6,2642.60,2026-08-03 20:39:00,PENDING
16577,3,15,2285.90,2026-08-10 17:18:00,PENDING
16578,10,17,404.30,2026-08-29 12:20:00,PENDING
16579,6,7,1544.50,2026-08-02 23:19:00,SUCCESS
16580,6,1,222.90,2026-08-04 18:22:00,FAILED
16581,1,3,3764.60,2026-08-15 17:38:00,FAILED
16582,9,4,132.70,2026-08-07 03:12:00,PENDING
16583,6,1,4275.50,2026-08-18 00:42:00,SUCCESS
16584,5,15,2756.90,2026-08-02 23:46:00,SUCCESS
16585,5,20,2945.60,2026-08-24 13:32:00,REFUNDED
16586,9,4,390.10,2026-08-22 22:25:00,SUCCESS
16587,5,3,1071.40,2026-08-04 22:31:00,SUCCESS
16588,2,16,2760.70,2026-08-21 01:23:00,REFUNDED
16589,6,19,153.00,2026-08-07 16:47:00,SUCCESS
16590,8,4,1521.80,2026-08-07 19:02:00,PENDING
16591,10,13,2577.80,2026-08-11 08:54:00,REFUNDED
16592,10,2,3141.70,2026-08-22 00:37:00,REFUNDED
16593,5,18,2249.30,2026-08-15 17:12:00,FAILED
16594,4,4,1062.20,2026-08-09 14:56:00,SUCCESS
16595,3,13,2204.00,2026-08-20 22:23:00,REFUNDED
16596,6,11,2989.50,2026-08-08 04:59:00,PENDING
16597,5,11,2918.00,2026-08-24 11:00:00,SUCCESS
16598,9,8,479.20,2026-08-23 06:49:00,FAILED
16599,5,15,3561.50,2026-08-01 22:12:00,REFUNDED
16600,2,18,4753.10,2026-08-15 11:04:00,SUCCESS
16601,3,17,2428.40,2026-08-08 05:27:00,SUCCESS
16602,1,14,703.80,2026-08-20 09:37:00,SUCCESS
16603,7,13,3612.90,2026-08-11 09:07:00,REFUNDED
16604,7,7,4102.80,2026-08-03 18:36:00,REFUNDED
16605,2,17,4915.70,2026-08-19 20:11:00,PENDING
16606,9,20,4456.00,2026-08-28 20:49:00,REFUNDED
16607,4,6,3188.40,2026-08-14 12:03:00,REFUNDED
16608,9,5,1691.20,2026-08-21 22:38:00,REFUNDED
16609,4,13,2166.80,2026-08-22 15:37:00,FAILED
16610,7,7,1729.00,2026-08-22 10:07:00,REFUNDED
16611,8,8,4352.90,2026-08-25 01:49:00,PENDING
16612,10,11,2182.50,2026-08-25 03:19:00,PENDING
16613,5,6,1798.40,2026-08-31 06:25:00,REFUNDED
16614,7,15,1673.40,2026-08-24 19:17:00,PENDING
16615,4,1,1067.70,2026-08-23 02:39:00,REFUNDED
16616,3,13,998.90,2026-08-13 05:48:00,SUCCESS
16617,1,1,5000,2026-08-01 12:00:00,UNKNOWN_STATUS
16618,4,11,745.70,2026-08-03 20:00:00,SUCCESS
16619,6,18,296.40,2026-08-12 15:50:00,PENDING
16620,7,10,660.40,2026-08-25 08:55:00,FAILED
16621,7,7,575.70,2026-08-06 03:03:00,REFUNDED
16622,9,3,3294.90,2026-08-19 09:20:00,PENDING
16623,1,4,2243.10,2026-08-22 11:00:00,REFUNDED
16624,5,1,2072.40,2026-08-21 19:42:00,FAILED
16625,3,3,1405.80,2026-08-27 21:28:00,FAILED
16626,3,9,3232.60,2026-08-02 04:04:00,PENDING
16627,10,9,2817.90,2026-08-29 21:12:00,FAILED
16628,9,12,4391.00,2026-08-24 13:08:00,PENDING
16629,6,15,710.30,2026-08-28 12:49:00,FAILED
16630,5,10,2535.20,2026-08-23 12:18:00,SUCCESS
16631,3,5,4522.10,2026-08-14 21:09:00,SUCCESS
16632,5,5,4911.10,2026-08-19 21:29:00,SUCCESS
16633,8,5,126.20,2026-08-25 12:00:00,FAILED
16634,4,20,3038.30,2026-08-12 05:36:00,SUCCESS
16635,1,16,396.00,2026-08-08 13:51:00,REFUNDED
16636,3,11,4698.60,2026-08-26 20:18:00,FAILED
16637,5,4,690.00,2026-08-18 23:11:00,PENDING
16638,1,8,3258.40,2026-08-10 12:12:00,FAILED
16639,4,11,4422.70,2026-08-12 10:55:00,REFUNDED
16640,10,13,2120.80,2026-08-28 17:55:00,PENDING
16641,6,12,4215.70,2026-08-25 21:56:00,REFUNDED
16642,2,10,553.40,2026-08-05 16:26:00,PENDING
16643,4,6,1683.80,2026-08-28 21:54:00,FAILED
16644,9,18,1629.60,2026-08-20 17:57:00,SUCCESS
16645,1,10,843.60,2026-08-24 16:58:00,FAILED
16646,6,10,2823.00,2026-08-17 08:59:00,FAILED
16647,5,2,3927.20,2026-08-05 07:32:00,REFUNDED
16648,8,20,3128.60,2026-08-21 05:29:00,REFUNDED
16649,5,16,4131.60,2026-08-03 19:30:00,PENDING
16650,7,12,1879.90,2026-08-16 10:36:00,SUCCESS
16651,10,16,5044.20,2026-08-18 23:20:00,SUCCESS
16652,3,3,905.40,2026-08-04 19:22:00,REFUNDED
16653,3,4,2397.80,2026-08-08 15:09:00,SUCCESS
16654,10,20,2505.00,2026-08-30 06:24:00,PENDING
16655,1,12,346.10,2026-08-09 16:15:00,FAILED
16656,9,2,2070.20,2026-08-26 18:17:00,SUCCESS
16657,1,8,2691.40,2026-08-17 11:50:00,REFUNDED
16658,9,7,3191.70,2026-08-20 23:31:00,SUCCESS
16659,3,13,2679.70,2026-08-14 19:11:00,FAILED
16660,5,3,4749.30,2026-08-12 02:07:00,REFUNDED
16661,9,2,2390.10,2026-08-18 04:51:00,FAILED
16662,4,9,2637.30,2026-08-20 06:02:00,SUCCESS
16663,6,15,1488.00,2026-08-25 12:06:00,SUCCESS
16664,7,9,3557.50,2026-08-29 05:54:00,REFUNDED
16665,5,3,2238.30,2026-08-15 21:00:00,PENDING
16666,5,16,1583.20,2026-08-22 19:45:00,FAILED
16667,9,6,3702.60,2026-08-11 23:11:00,PENDING
16668,7,5,513.90,2026-08-30 16:50:00,REFUNDED
16669,1,2,2204.10,2026-08-26 21:06:00,REFUNDED
16670,1,100.00
16671,8,2,1620.90,2026-08-26 02:18:00,REFUNDED
16672,6,11,2180.20,2026-08-25 18:38:00,SUCCESS
16673,7,18,1289.00,2026-08-28 00:52:00,FAILED
16674,8,7,3623.00,2026-08-08 00:49:00,REFUNDED
16675,7,8,4412.90,2026-08-26 05:13:00,FAILED
16676,5,19,2511.90,2026-08-27 06:25:00,FAILED
16677,8,7,2267.50,2026-08-31 03:32:00,SUCCESS
16678,5,19,3185.80,2026-08-06 22:43:00,FAILED
16679,1,5,3182.80,2026-08-12 22:45:00,FAILED
16680,7,14,2139.60,2026-08-05 20:12:00,PENDING
16681,2,4,1617.20,2026-08-18 03:48:00,PENDING
16682,9,20,4964.50,2026-08-14 10:14:00,FAILED
16683,5,6,4649.50,2026-08-29 06:11:00,PENDING
16684,8,13,4410.80,2026-08-23 06:53:00,SUCCESS
16685,10,3,3914.50,2026-08-18 10:05:00,REFUNDED
16686,6,12,3532.10,2026-08-03 14:44:00,PENDING
16687,2,2,987.90,2026-08-15 06:44:00,REFUNDED
16688,8,14,4926.70,2026-08-22 04:22:00,FAILED
16689,6,14,3805.80,2026-08-12 15:42:00,SUCCESS
16690,7,15,3861.30,2026-08-25 06:59:00,PENDING
16691,9,20,2030.40,2026-08-11 01:53:00,SUCCESS
16692,6,6,402.20,2026-08-11 02:39:00,REFUNDED
16693,5,2,1194.10,2026-08-27 21:51:00,SUCCESS
16694,9,2,1321.90,2026-08-29 09:47:00,REFUNDED
16695,2,17,893.60,2026-08-03 05:43:00,SUCCESS
16696,4,11,2820.70,2026-08-12 22:53:00,SUCCESS
16697,3,7,850.50,2026-08-19 20:17:00,PENDING
16698,6,9,576.60,2026-08-15 04:11:00,SUCCESS
16699,4,18,2017.70,2026-08-18 17:52:00,REFUNDED
16700,8,4,3765.00,2026-08-29 12:29:00,REFUNDED
16701,1,9,3655.30,2026-08-09 13:25:00,FAILED
16702,4,10,4324.00,2026-08-22 01:15:00,REFUNDED
16703,4,2,3425.00,2026-08-06 10:16:00,FAILED
16704,4,4,2731.40,2026-08-28 07:10:00,SUCCESS
16705,8,7,1242.10,2026-08-13 09:44:00,REFUNDED
16706,3,6,377.30,2026-08-03 21:59:00,FAILED
16707,9,9,2219.70,2026-08-20 19:23:00,REFUNDED
16708,1,9,452.30,2026-08-04 05:02:00,PENDING
16709,2,13,3354.50,2026-08-15 18:04:00,SUCCESS
16710,9,14,3957.00,2026-08-18 18:55:00,REFUNDED
16711,5,16,2597.80,2026-08-22 13:46:00,PENDING
16712,5,14,536.50,2026-08-02 10:19:00,SUCCESS
16713,1,2,579.70,2026-08-06 13:44:00,FAILED
16714,10,1,3426.00,2026-08-09 23:59:00,SUCCESS
16715,5,19,2173.70,2026-08-18 11:05:00,SUCCESS
16716,10,9,1525.00,2026-08-28 17:33:00,REFUNDED
16717,7,6,3966.50,2026-08-04 15:31:00,REFUNDED
16718,1,4,452.10,2026-08-10 21:08:00,FAILED
16719,1,15,690.50,2026-08-04 14:00:00,FAILED
16720,10,2,4238.60,2026-08-10 11:47:00,FAILED
16721,2,3,2094.50,2026-08-18 20:26:00,PENDING
16722,5,11,2445.70,2026-08-08 05:26:00,REFUNDED
16723,2,18,899.00,2026-08-24 00:25:00,PENDING
16724,8,17,2966.30,2026-08-04 08:54:00,FAILED
16725,1,19,3470.20,2026-08-24 19:02:00,REFUNDED
16726,6,2,4761.40,2026-08-13 02:54:00,FAILED
16727,1,9,1486.80,2026-08-10 12:55:00,PENDING
16728,5,6,3505.10,2026-08-15 19:55:00,REFUNDED
16729,1,100.00
16730,3,3,2077.60,2026-08-18 11:57:00,PENDING
16731,7,20,2467.00,2026-08-17 06:41:00,SUCCESS
16732,8,14,1156.10,2026-08-14 21:08:00,FAILED
16733,4,19,3318.80,2026-08-18 03:53:00,PENDING
16734,6,16,4832.80,2026-08-29 04:23:00,REFUNDED
16735,6,20,3930.60,2026-08-18 04:26:00,FAILED
16736,8,10,3662.30,2026-08-27 16:37:00,REFUNDED
16737,2,15,3784.90,2026-08-11 22:15:00,PENDING
16738,7,4,3374.70,2026-08-26 11:45:00,FAILED
16739,5,3,1823.30,2026-08-03 08:36:00,FAILED
16740,6,18,2271.10,2026-08-24 06:41:00,FAILED
16741,3,3,4045.30,2026-08-29 11:49:00,FAILED
16742,6,15,2215.00,2026-08-05 05:19:00,FAILED
16743,7,16,4788.10,2026-08-13 16:10:00,PENDING
16744,10,5,3148.20,2026-08-10 14:00:00,PENDING
16745,6,19,417.50,2026-08-13 08:50:00,FAILED
16746,2,8,697.80,2026-08-05 23:40:00,FAILED
16747,5,7,2086.40,2026-08-17 13:26:00,REFUNDED
16748,3,8,3583.80,2026-08-14 23:58:00,PENDING
16749,6,12,2530.20,2026-08-16 08:07:00,PENDING
16750,7,7,3252.40,2026-08-05 11:12:00,FAILED
16751,3,7,1678.00,2026-08-02 10:06:00,REFUNDED
16752,4,8,1968.80,2026-08-27 12:09:00,REFUNDED
16753,6,8,1601.40,2026-08-17 05:07:00,FAILED
16754,5,2,4379.00,2026-08-30 07:16:00,PENDING
16755,7,1,4800.60,2026-08-24 09:10:00,SUCCESS
16756,4,4,4899.00,2026-08-29 12:50:00,REFUNDED
16757,3,18,477.60,2026-08-04 12:20:00,PENDING
16758,7,2,3934.50,2026-08-23 15:23:00,SUCCESS
16759,8,13,4667.00,2026-08-18 08:49:00,REFUNDED
16760,8,9,5001.60,2026-08-08 08:10:00,PENDING
16761,8,17,5039.50,2026-08-06 19:40:00,PENDING
16762,2,13,4962.20,2026-08-10 22:37:00,SUCCESS
16763,4,4,3660.60,2026-08-30 23:26:00,PENDING
16764,4,13,3096.50,2026-08-06 16:56:00,PENDING
16765,5,5,4568.50,2026-08-25 23:51:00,FAILED
16766,3,9,1400.40,2026-08-12 14:13:00,REFUNDED
16767,2,15,3042.80,2026-08-25 11:21:00,SUCCESS
16768,8,16,902.70,2026-08-24 21:03:00,PENDING
16769,10,19,2757.80,2026-08-06 01:00:00,FAILED
16770,1,16,3664.70,2026-08-03 01:22:00,FAILED
16771,4,12,422.30,2026-08-04 13:35:00,REFUNDED
16772,10,9,2324.50,2026-08-12 05:50:00,PENDING
16773,9,13,4012.60,2026-08-12 18:52:00,FAILED
16774,1,17,51.60,2026-08-14 19:43:00,REFUNDED
16775,5,4,104.90,2026-08-22 15:26:00,SUCCESS
16776,6,1,2370.70,2026-08-02 13:42:00,FAILED
16777,1,2,2245.60,2026-08-23 16:07:00,PENDING
16778,7,14,1235.90,2026-08-11 06:51:00,SUCCESS
16779,1,17,3005.30,2026-08-23 21:17:00,FAILED
16780,5,18,1156.80,2026-08-19 09:42:00,FAILED
16781,2,8,4752.80,2026-08-19 11:24:00,REFUNDED
16782,4,16,4527.40,2026-08-16 22:16:00,FAILED
16783,2,3,813.80,2026-08-04 05:14:00,SUCCESS
16784,5,8,3002.70,2026-08-10 13:45:00,PENDING
16785,2,15,1490.90,2026-08-28 02:23:00,SUCCESS
16786,7,15,1877.40,2026-08-04 18:38:00,SUCCESS
16787,5,13,4088.60,2026-08-11 21:53:00,FAILED
16788,2,1,1840.40,2026-08-24 12:28:00,FAILED
16789,4,1,2463.90,2026-08-11 14:17:00,SUCCESS
16790,4,13,2251.40,2026-08-25 02:08:00,SUCCESS
16791,7,2,751.20,2026-08-11 05:59:00,SUCCESS
16792,8,1,2697.10,2026-08-28 09:21:00,FAILED
16793,8,5,2145.20,2026-08-21 11:00:00,SUCCESS
16794,7,9,2502.90,2026-08-12 20:42:00,SUCCESS
16795,9,12,3266.20,2026-08-17 23:53:00,SUCCESS
16796,6,2,183.00,2026-08-09 19:15:00,SUCCESS
16797,5,9,123.60,2026-08-10 08:24:00,FAILED
16798,3,3,2434.00,2026-08-18 00:37:00,FAILED
16799,6,17,3999.90,2026-08-19 19:09:00,FAILED
16800,5,4,1551.90,2026-08-30 13:50:00,REFUNDED
16801,9,18,622.70,2026-08-16 21:14:00,SUCCESS
16802,7,19,1879.00,2026-08-03 07:35:00,SUCCESS
16803,10,16,3452.40,2026-08-28 04:56:00,FAILED
16804,6,14,4300.30,2026-08-07 21:46:00,SUCCESS
16805,1,14,1374.10,2026-08-30 14:15:00,PENDING
16806,5,13,1845.20,2026-08-28 20:51:00,REFUNDED
16807,9,12,4032.60,2026-08-19 23:07:00,PENDING
16808,4,10,3320.00,2026-08-04 06:37:00,SUCCESS
16809,5,11,1064.00,2026-08-12 07:43:00,SUCCESS
16810,6,1,4505.00,2026-08-15 06:16:00,PENDING
16811,4,5,4519.90,2026-08-10 21:47:00,FAILED
16812,10,19,4945.30,2026-08-09 20:42:00,FAILED
16813,8,19,4375.90,2026-08-28 08:12:00,FAILED
16814,7,19,230.60,2026-08-23 00:24:00,REFUNDED
16815,4,1,5005.50,2026-08-22 02:48:00,FAILED
16816,5,11,1799.30,2026-08-23 14:26:00,REFUNDED
16817,4,14,575.80,2026-08-13 01:35:00,PENDING
16818,1,13,4875.90,2026-08-04 16:44:00,REFUNDED
16819,10,13,1330.50,2026-08-30 23:44:00,SUCCESS
16820,8,17,145.40,2026-08-23 17:39:00,REFUNDED
16821,2,15,4003.80,2026-08-09 11:57:00,REFUNDED
16822,4,14,1615.60,2026-08-07 02:11:00,FAILED
16823,3,8,3074.40,2026-08-14 06:23:00,PENDING
16824,5,11,2881.40,2026-08-06 15:03:00,FAILED
16825,1,1,5000,2026-08-01 12:00:00,UNKNOWN_STATUS
16826,1,20,4959.60,2026-08-26 23:58:00,FAILED
16827,1,15,2917.10,2026-08-05 18:28:00,FAILED
16828,4,4,368.80,2026-08-30 15:19:00,PENDING
16829,8,10,1337.70,2026-08-22 00:00:00,FAILED
16830,3,3,90.90,2026-08-21 19:01:00,FAILED
16831,7,2,1632.10,2026-08-13 05:41:00,SUCCESS
16832,4,4,2080.40,2026-08-19 20:23:00,PENDING
16833,5,8,2561.30,2026-08-25 17:18:00,SUCCESS
16834,2,5,1636.80,2026-08-20 07:11:00,FAILED
16835,4,13,2556.60,2026-08-29 21:01:00,FAILED
16836,8,2,2263.60,2026-08-17 08:33:00,PENDING
16837,3,3,342.70,2026-08-08 05:31:00,FAILED
16838,7,11,1224.90,2026-08-15 11:10:00,FAILED
16839,8,20,975.10,2026-08-20 19:42:00,FAILED
16840,10,4,375.40,2026-08-23 22:51:00,SUCCESS
16841,10,15,3400.80,2026-08-06 08:09:00,FAILED
16842,3,17,378.30,2026-08-23 22:37:00,SUCCESS
16843,4,20,1804.90,2026-08-20 16:03:00,SUCCESS
16844,9,3,104.20,2026-08-26 03:30:00,PENDING
16845,5,7,4135.80,2026-08-14 19:20:00,PENDING
16846,3,20,1172.30,2026-08-28 18:52:00,FAILED
16847,1,5,3861.90,2026-08-24 03:09:00,SUCCESS
16848,8,6,3321.00,2026-08-11 01:37:00,REFUNDED
16849,6,6,2522.10,2026-08-30 16:23:00,FAILED
16850,7,5,282.40,2026-08-09 15:20:00,REFUNDED
16851,6,6,3331.20,2026-08-28 13:10:00,FAILED
16852,8,20,4171.60,2026-08-02 02:43:00,FAILED
16853,2,19,3164.90,2026-08-05 12:38:00,SUCCESS
16854,5,4,4009.10,2026-08-29 02:23:00,SUCCESS
16855,1,1,5000,2026-08-01 12:00:00,UNKNOWN_STATUS
16856,10,11,916.50,2026-08-02 17:01:00,FAILED
16857,10,8,1364.40,2026-08-12 11:35:00,REFUNDED
16858,6,20,3694.10,2026-08-28 22:57:00,FAILED
16859,10,2,3488.30,2026-08-31 04:42:00,FAILED
16860,10,10,3637.10,2026-08-01 11:40:00,FAILED
16861,3,8,3039.20,2026-08-06 11:47:00,FAILED
16862,10,20,1193.40,2026-08-08 16:11:00,PENDING
16863,2,4,4528.80,2026-08-04 14:35:00,PENDING
16864,6,9,3863.80,2026-08-16 02:24:00,REFUNDED
16865,10,9,1152.50,2026-08-23 12:39:00,FAILED
16866,9,11,2810.10,2026-08-10 04:24:00,REFUNDED
16867,4,4,1796.70,2026-08-14 10:37:00,REFUNDED
16868,6,18,3024.00,2026-08-15 05:10:00,SUCCESS
16869,9,13,2380.90,2026-08-05 05:01:00,REFUNDED
16870,9,5,619.60,2026-08-16 20:21:00,SUCCESS
16871,5,8,2319.90,2026-08-10 00:30:00,REFUNDED
16872,6,4,3834.20,2026-08-01 12:46:00,PENDING
16873,5,20,2232.80,2026-08-02 07:05:00,SUCCESS
16874,4,8,1000.30,2026-08-25 04:19:00,SUCCESS
16875,3,10,3948.60,2026-08-20 20:06:00,SUCCESS
16876,8,10,2588.80,2026-08-10 04:50:00,FAILED
16877,6,11,207.90,2026-08-06 12:57:00,SUCCESS
16878,6,2,1892.10,2026-08-12 18:19:00,REFUNDED
16879,2,1,4281.60,2026-08-18 16:06:00,SUCCESS
16880,9,14,1698.30,2026-08-21 21:27:00,PENDING
16881,10,15,1350.00,2026-08-17 19:46:00,PENDING
16882,4,13,994.80,2026-08-09 04:02:00,REFUNDED
16883,3,10,428.90,2026-08-24 23:51:00,REFUNDED
16884,9,10,3219.20,2026-08-29 07:52:00,PENDING
16885,3,4,1480.00,2026-08-12 03:22:00,SUCCESS
16886,4,7,63.00,2026-08-18 02:59:00,REFUNDED
16887,3,12,3575.30,2026-08-14 19:50:00,REFUNDED
16888,3,20,412.70,2026-08-06 04:09:00,SUCCESS
16889,2,6,4413.40,2026-08-19 23:54:00,REFUNDED
16890,3,14,3419.30,2026-08-16 23:45:00,FAILED
16891,5,8,900.10,2026-08-12 10:22:00,SUCCESS
16892,1,13,4767.20,2026-08-22 08:36:00,PENDING
16893,4,15,3652.60,2026-08-11 08:35:00,REFUNDED
16894,4,13,3759.40,2026-08-25 13:38:00,PENDING
16895,3,1,88.00,2026-08-19 18:51:00,REFUNDED
16896,9,19,1086.20,2026-08-07 01:32:00,PENDING
16897,10,8,749.20,2026-08-23 10:41:00,PENDING
16898,8,11,907.10,2026-08-20 05:22:00,SUCCESS
16899,1,11,4854.20,2026-08-17 05:55:00,FAILED
16900,6,16,1736.70,2026-08-27 09:43:00,FAILED
16901,8,2,1357.00,2026-08-06 21:54:00,REFUNDED
16902,2,14,1983.50,2026-08-06 03:25:00,REFUNDED
16903,9,7,633.40,2026-08-22 23:03:00,SUCCESS
16904,5,20,2934.20,2026-08-20 01:35:00,REFUNDED
16905,1,20,4805.30,2026-08-29 04:41:00,PENDING
16906,9,2,1099.20,2026-08-19 07:48:00,PENDING
16907,4,11,2048.80,2026-08-26 01:51:00,PENDING
16908,8,16,3461.00,2026-08-06 08:35:00,REFUNDED
16909,10,9,3695.60,2026-08-26 01:44:00,REFUNDED
16910,3,18,834.90,2026-08-17 12:24:00,PENDING
16911,9,4,4873.30,2026-08-19 11:33:00,SUCCESS
16912,8,9,2477.00,2026-08-18 01:31:00,SUCCESS
16913,7,5,354.60,2026-08-30 15:01:00,PENDING
16914,10,15,2401.50,2026-08-03 22:57:00,REFUNDED
16915,5,6,718.70,2026-08-07 02:46:00,REFUNDED
16916,7,16,1341.50,2026-08-03 13:03:00,FAILED
16917,6,16,3483.50,2026-08-24 17:58:00,REFUNDED
16918,8,16,745.80,2026-08-20 12:39:00,PENDING
16919,4,1,2033.00,2026-08-24 11:39:00,PENDING
16920,6,14,1145.00,2026-08-26 08:53:00,PENDING
16921,3,1,4438.70,2026-08-10 21:27:00,PENDING
16922,7,12,4476.50,2026-08-13 02:24:00,FAILED
16923,8,9,3259.10,2026-08-17 05:36:00,REFUNDED
16924,7,4,1429.60,2026-08-11 15:04:00,PENDING
16925,1,3,3127.30,2026-08-18 14:21:00,SUCCESS
16926,4,19,684.60,2026-08-03 16:33:00,PENDING
16927,3,20,4012.10,2026-08-30 19:50:00,SUCCESS
16928,5,1,1367.30,2026-08-27 20:04:00,REFUNDED
16929,6,15,4129.90,2026-08-08 23:33:00,REFUNDED
16930,6,19,1991.50,2026-08-19 09:12:00,SUCCESS
16931,4,15,2539.30,2026-08-10 05:30:00,REFUNDED
16932,5,2,796.50,2026-08-06 09:06:00,SUCCESS
16933,4,5,539.30,2026-08-17 07:52:00,SUCCESS
16934,5,9,1224.60,2026-08-07 07:51:00,SUCCESS
16935,2,2,3832.10,2026-08-18 02:30:00,SUCCESS
16936,1,1,5000,INVALID_DATE_TIME,SUCCESS
16937,7,19,4415.50,2026-08-16 03:15:00,FAILED
16938,9,11,3577.00,2026-08-04 00:42:00,FAILED
16939,1,8,2629.40,2026-08-18 08:49:00,FAILED
16940,1,6,3672.60,2026-08-28 13:53:00,SUCCESS
16941,4,5,4999.70,2026-08-10 04:49:00,FAILED
16942,6,11,4120.80,2026-08-30 14:51:00,REFUNDED
16943,9,16,1345.50,2026-08-12 01:34:00,SUCCESS
16944,8,10,4625.90,2026-08-10 16:14:00,REFUNDED
16945,7,17,2858.10,2026-08-25 00:47:00,FAILED
16946,2,3,1824.30,2026-08-10 06:58:00,FAILED
16947,8,17,1091.00,2026-08-03 06:47:00,PENDING
16948,7,9,4675.60,2026-08-18 13:00:00,SUCCESS
16949,10,1,4037.10,2026-08-09 12:16:00,REFUNDED
16950,2,10,3598.20,2026-08-26 00:10:00,PENDING
16951,4,11,2321.20,2026-08-28 00:10:00,REFUNDED
16952,2,8,3068.00,2026-08-16 01:10:00,SUCCESS
16953,1,10,1899.80,2026-08-04 19:55:00,PENDING
16954,1,14,3333.70,2026-08-16 12:08:00,FAILED
16955,6,14,4049.30,2026-08-08 13:17:00,REFUNDED
16956,6,5,1633.80,2026-08-16 01:13:00,SUCCESS
16957,3,14,1193.30,2026-08-04 18:16:00,REFUNDED
16958,5,5,3828.90,2026-08-03 15:40:00,REFUNDED
16959,9,11,3285.10,2026-08-19 22:45:00,REFUNDED
16960,4,12,4039.10,2026-08-07 05:53:00,SUCCESS
16961,7,8,1784.00,2026-08-22 23:22:00,SUCCESS
16962,6,10,386.70,2026-08-23 06:41:00,PENDING
16963,7,20,4832.20,2026-08-27 07:30:00,FAILED
16964,3,2,2263.90,2026-08-15 20:20:00,FAILED
16965,8,4,3236.70,2026-08-09 05:00:00,SUCCESS
16966,1,15,4937.80,2026-08-23 11:10:00,FAILED
16967,7,20,2293.10,2026-08-25 08:58:00,REFUNDED
16968,7,1,1286.70,2026-08-07 01:16:00,PENDING
16969,9,6,4819.70,2026-08-11 06:06:00,SUCCESS
16970,7,10,1705.40,2026-08-09 11:56:00,SUCCESS
16971,8,12,4316.40,2026-08-12 09:41:00,SUCCESS
16972,1,1,5000,2026-08-01 12:00:00,UNKNOWN_STATUS
16973,3,8,1395.50,2026-08-04 10:51:00,FAILED
16974,3,10,834.70,2026-08-23 17:02:00,REFUNDED
16975,7,7,4889.40,2026-08-07 12:24:00,SUCCESS
16976,1,5,4849.50,2026-08-21 06:40:00,SUCCESS
16977,8,9,302.70,2026-08-22 17:18:00,PENDING
16978,3,19,2016.30,2026-08-31 02:41:00,FAILED
16979,4,8,1905.70,2026-08-26 17:30:00,FAILED
16980,5,19,3232.20,2026-08-23 13:04:00,FAILED
16981,8,3,2720.80,2026-08-12 11:46:00,PENDING
16982,1,14,1151.60,2026-08-05 05:23:00,PENDING
16983,1,4,3122.00,2026-08-14 14:35:00,FAILED
16984,8,8,3726.60,2026-08-01 17:53:00,FAILED
16985,10,15,3859.40,2026-08-29 13:08:00,FAILED
16986,2,4,4373.60,2026-08-10 16:44:00,REFUNDED
16987,4,4,1372.10,2026-08-15 06:12:00,PENDING
16988,4,3,3804.30,2026-08-08 17:23:00,PENDING
16989,7,1,4587.90,2026-08-13 14:59:00,PENDING
16990,5,14,106.10,2026-08-19 11:52:00,PENDING
16991,10,11,1668.70,2026-08-20 16:02:00,PENDING
16992,6,20,2760.40,2026-08-09 19:06:00,REFUNDED
16993,7,11,4745.10,2026-08-23 17:46:00,REFUNDED
16994,1,2,4080.50,2026-08-19 22:09:00,SUCCESS
16995,4,7,2998.90,2026-08-13 10:05:00,FAILED
16996,9,15,3419.80,2026-08-19 23:58:00,FAILED
16997,1,13,1674.10,2026-08-25 16:34:00,FAILED
16998,1,12,1855.90,2026-08-25 16:08:00,PENDING
16999,2,2,4650.60,2026-08-15 07:50:00,REFUNDED
17000,3,5,257.40,2026-08-14 13:36:00,FAILED
17001,9,13,3476.20,2026-08-15 01:53:00,SUCCESS
17002,6,7,3367.20,2026-08-30 09:55:00,PENDING
17003,5,1,2308.10,2026-08-26 01:32:00,FAILED
17004,10,12,1100.10,2026-08-19 14:33:00,FAILED
17005,2,10,1259.80,2026-08-30 13:09:00,REFUNDED
17006,3,13,3079.20,2026-08-16 21:35:00,PENDING
17007,1,17,1377.30,2026-08-28 05:03:00,FAILED
17008,9,3,1815.70,2026-08-19 05:47:00,REFUNDED
17009,10,13,1277.80,2026-08-17 01:47:00,PENDING
17010,7,8,4188.10,2026-08-28 14:06:00,REFUNDED
17011,9,5,2093.60,2026-08-27 20:26:00,PENDING
17012,4,2,3539.10,2026-08-01 16:42:00,REFUNDED
17013,5,5,3523.80,2026-08-18 09:40:00,PENDING
17014,4,10,402.10,2026-08-10 06:47:00,SUCCESS
17015,6,16,2009.50,2026-08-18 22:16:00,FAILED
17016,9,11,440.10,2026-08-18 04:43:00,REFUNDED
17017,3,1,1038.60,2026-08-11 09:20:00,REFUNDED
17018,8,8,2893.50,2026-08-11 00:10:00,FAILED
17019,7,1,4973.30,2026-08-12 12:57:00,SUCCESS
17020,3,8,4160.70,2026-08-17 13:54:00,FAILED
17021,7,15,3243.90,2026-08-12 08:56:00,SUCCESS
17022,2,10,2509.40,2026-08-06 17:05:00,PENDING
17023,3,3,1962.80,2026-08-27 06:27:00,FAILED
17024,9,4,476.80,2026-08-23 03:42:00,REFUNDED
17025,7,2,1637.00,2026-08-14 09:52:00,FAILED
17026,3,15,4411.70,2026-08-27 08:36:00,FAILED
17027,1,8,1026.20,2026-08-05 05:10:00,SUCCESS
17028,5,2,3927.20,2026-08-17 18:13:00,FAILED
17029,10,1,886.50,2026-08-20 16:32:00,REFUNDED
17030,6,12,2658.70,2026-08-11 08:03:00,FAILED
17031,4,11,653.30,2026-08-17 19:27:00,FAILED
17032,10,4,896.10,2026-08-02 13:11:00,PENDING
17033,5,2,3040.40,2026-08-13 20:17:00,SUCCESS
17034,4,2,3519.90,2026-08-23 03:33:00,PENDING
17035,6,11,4998.60,2026-08-18 07:07:00,PENDING
17036,6,14,4386.40,2026-08-08 14:14:00,FAILED
17037,5,19,1236.90,2026-08-12 19:36:00,SUCCESS
17038,9,16,1714.70,2026-08-25 10:49:00,PENDING
17039,6,4,820.30,2026-08-23 15:47:00,SUCCESS
17040,1,16,1899.20,2026-08-12 04:53:00,PENDING
17041,5,18,710.70,2026-08-03 16:58:00,SUCCESS
17042,4,1,3430.10,2026-08-20 22:40:00,REFUNDED
17043,2,1,3196.10,2026-08-12 00:21:00,REFUNDED
17044,2,2,987.00,2026-08-04 10:17:00,PENDING
17045,6,19,2802.80,2026-08-26 17:40:00,FAILED
17046,6,19,1400.40,2026-08-11 09:22:00,SUCCESS
17047,10,14,4058.50,2026-08-10 12:50:00,REFUNDED
17048,8,13,3323.40,2026-08-18 22:54:00,FAILED
17049,10,2,124.50,2026-08-13 01:42:00,PENDING
17050,5,11,907.90,2026-08-01 19:48:00,SUCCESS
17051,1,1,5000,INVALID_DATE_TIME,SUCCESS
17052,9,4,3442.40,2026-08-17 17:15:00,SUCCESS
17053,5,14,987.80,2026-08-09 14:37:00,PENDING
17054,9,8,57.30,2026-08-19 11:21:00,REFUNDED
17055,5,7,670.20,2026-08-28 01:31:00,PENDING
17056,1,7,2015.70,2026-08-13 19:11:00,SUCCESS
17057,3,6,974.80,2026-08-28 16:44:00,SUCCESS
17058,9,19,3928.20,2026-08-22 23:58:00,FAILED
17059,2,4,4215.70,2026-08-18 19:12:00,PENDING
17060,8,1,840.40,2026-08-03 14:46:00,SUCCESS
17061,3,19,4809.20,2026-08-19 21:54:00,FAILED
17062,10,15,2437.90,2026-08-03 21:44:00,REFUNDED
17063,5,3,1903.20,2026-08-04 14:34:00,SUCCESS
17064,8,1,4932.20,2026-08-07 09:52:00,SUCCESS
17065,5,16,3758.10,2026-08-28 10:51:00,SUCCESS
17066,6,8,2217.20,2026-08-04 20:29:00,REFUNDED
17067,6,8,3699.70,2026-08-26 13:56:00,REFUNDED
17068,8,5,4446.80,2026-08-25 09:56:00,SUCCESS
17069,4,11,4310.40,2026-08-17 17:35:00,REFUNDED
17070,10,16,406.30,2026-08-08 02:05:00,FAILED
17071,1,17,2670.60,2026-08-25 00:40:00,PENDING
17072,4,2,3059.10,2026-08-22 08:54:00,PENDING
17073,7,7,4299.10,2026-08-07 06:51:00,PENDING
17074,4,9,4516.20,2026-08-09 13:16:00,PENDING
17075,10,17,2170.30,2026-08-18 06:20:00,FAILED
17076,10,4,1626.50,2026-08-16 19:51:00,SUCCESS
17077,7,8,3489.40,2026-08-24 18:06:00,SUCCESS
17078,3,6,2365.60,2026-08-26 16:29:00,REFUNDED
17079,8,5,1248.00,2026-08-03 00:05:00,REFUNDED
17080,7,17,978.20,2026-08-01 22:33:00,REFUNDED
17081,5,4,1478.00,2026-08-23 09:41:00,REFUNDED
17082,8,8,256.90,2026-08-01 14:11:00,SUCCESS
17083,9,15,4874.40,2026-08-08 10:22:00,FAILED
17084,2,6,3503.00,2026-08-14 23:09:00,FAILED
17085,4,19,4491.00,2026-08-15 08:26:00,FAILED
17086,6,8,1356.80,2026-08-14 14:38:00,PENDING
17087,6,19,153.80,2026-08-02 19:37:00,PENDING
17088,8,1,4438.50,2026-08-29 10:57:00,PENDING
17089,1,13,4541.30,2026-08-15 14:06:00,PENDING
17090,10,15,2622.50,2026-08-26 11:20:00,FAILED
17091,8,5,5045.70,2026-08-28 03:25:00,FAILED
17092,7,20,3732.20,2026-08-20 12:29:00,PENDING
17093,2,10,3350.80,2026-08-08 20:19:00,FAILED
17094,8,15,4291.00,2026-08-04 02:46:00,PENDING
17095,2,13,4800.80,2026-08-19 23:12:00,FAILED
17096,10,12,2454.00,2026-08-07 20:23:00,PENDING
17097,7,4,2178.40,2026-08-05 04:40:00,PENDING
17098,2,8,4519.80,2026-08-02 04:59:00,PENDING
17099,2,8,4311.30,2026-08-12 09:43:00,REFUNDED
17100,4,7,3122.50,2026-08-25 21:18:00,SUCCESS
17101,3,8,1116.20,2026-08-03 15:34:00,SUCCESS
17102,6,7,4016.00,2026-08-17 01:52:00,REFUNDED
17103,7,15,516.70,2026-08-22 10:19:00,REFUNDED
17104,8,12,4437.30,2026-08-21 01:42:00,FAILED
17105,6,20,255.80,2026-08-27 00:28:00,FAILED
17106,10,14,2050.30,2026-08-23 22:26:00,PENDING
17107,7,18,3425.60,2026-08-03 06:55:00,REFUNDED
17108,9,12,2373.40,2026-08-16 02:10:00,SUCCESS
17109,1,15,2122.20,2026-08-23 19:41:00,FAILED
17110,7,10,4609.30,2026-08-02 00:59:00,PENDING
17111,7,19,2777.90,2026-08-27 03:18:00,FAILED
17112,9,1,2019.20,2026-08-30 12:20:00,SUCCESS
17113,2,9,482.90,2026-08-22 18:08:00,PENDING
17114,1,1,5000,INVALID_DATE_TIME,SUCCESS
17115,5,13,855.00,2026-08-07 09:51:00,REFUNDED
17116,6,3,4175.50,2026-08-19 11:28:00,REFUNDED
17117,8,19,2447.90,2026-08-28 21:01:00,REFUNDED
17118,5,17,1739.50,2026-08-25 22:10:00,SUCCESS
17119,7,10,4897.70,2026-08-25 13:25:00,SUCCESS
17120,4,3,3941.30,2026-08-23 01:30:00,SUCCESS
17121,10,7,2713.90,2026-08-27 23:42:00,SUCCESS
17122,1,14,3549.90,2026-08-18 14:18:00,REFUNDED
17123,10,1,539.10,2026-08-23 14:50:00,SUCCESS
17124,8,17,1837.20,2026-08-19 08:48:00,FAILED
17125,10,11,925.40,2026-08-25 18:24:00,REFUNDED
17126,2,18,4351.90,2026-08-27 22:02:00,PENDING
17127,10,16,4679.70,2026-08-16 16:19:00,REFUNDED
17128,9,16,2342.20,2026-08-18 08:22:00,PENDING
17129,6,7,364.30,2026-08-27 15:27:00,FAILED
17130,6,20,3069.90,2026-08-23 09:55:00,REFUNDED
17131,9,9,2461.70,2026-08-07 05:12:00,FAILED
17132,5,15,1988.70,2026-08-11 15:16:00,FAILED
17133,6,12,909.80,2026-08-07 14:31:00,REFUNDED
17134,7,6,3262.80,2026-08-13 18:54:00,SUCCESS
17135,2,5,3009.40,2026-08-02 12:29:00,SUCCESS
17136,6,9,1029.10,2026-08-16 00:10:00,PENDING
17137,2,13,3980.10,2026-08-18 21:15:00,SUCCESS
17138,1,19,3023.80,2026-08-18 20:07:00,REFUNDED
17139,10,14,3657.40,2026-08-30 09:14:00,FAILED
17140,10,20,1591.20,2026-08-02 01:31:00,FAILED
17141,1,6,2858.20,2026-08-15 17:33:00,SUCCESS
17142,1,12,1588.70,2026-08-08 11:13:00,FAILED
17143,4,12,4161.40,2026-08-07 20:09:00,FAILED
17144,1,7,1139.80,2026-08-27 16:33:00,SUCCESS
17145,2,6,1813.40,2026-08-04 10:04:00,SUCCESS
17146,8,9,1963.10,2026-08-13 22:16:00,REFUNDED
17147,4,15,3681.40,2026-08-08 22:19:00,PENDING
17148,3,14,4593.00,2026-08-30 17:26:00,REFUNDED
17149,2,10,1633.50,2026-08-19 07:56:00,SUCCESS
17150,10,13,4704.00,2026-08-20 20:23:00,REFUNDED
17151,8,8,4726.00,2026-08-22 18:20:00,PENDING
17152,8,12,4744.30,2026-08-25 02:37:00,PENDING
17153,5,13,1081.70,2026-08-29 15:10:00,REFUNDED
17154,7,14,3354.70,2026-08-19 03:11:00,FAILED
17155,10,2,1352.30,2026-08-22 16:48:00,SUCCESS
17156,10,20,837.10,2026-08-26 17:29:00,SUCCESS
17157,10,19,1448.90,2026-08-19 07:48:00,FAILED
17158,10,7,4313.20,2026-08-09 09:45:00,SUCCESS
17159,2,3,2593.20,2026-08-13 08:13:00,FAILED
17160,2,14,1921.30,2026-08-20 06:32:00,REFUNDED
17161,7,10,2150.10,2026-08-02 08:13:00,PENDING
17162,2,12,1326.20,2026-08-26 16:42:00,PENDING
17163,1,1,4841.10,2026-08-15 02:35:00,FAILED
17164,5,17,2944.30,2026-08-02 20:35:00,REFUNDED
17165,1,18,4591.50,2026-08-20 06:25:00,FAILED
17166,3,8,4552.40,2026-08-01 15:09:00,SUCCESS
17167,10,15,4053.50,2026-08-05 06:38:00,PENDING
17168,7,4,3518.90,2026-08-16 12:07:00,FAILED
17169,10,19,4794.10,2026-08-29 22:11:00,REFUNDED
17170,3,19,2810.60,2026-08-19 17:21:00,FAILED
17171,8,5,69.60,2026-08-01 20:08:00,SUCCESS
17172,9,13,758.20,2026-08-12 06:54:00,FAILED
17173,6,10,4425.40,2026-08-12 20:37:00,SUCCESS
17174,6,10,4607.60,2026-08-17 07:31:00,FAILED
17175,7,6,1791.30,2026-08-23 17:29:00,SUCCESS
17176,7,7,2223.60,2026-08-11 04:23:00,FAILED
17177,10,14,4004.40,2026-08-23 19:32:00,SUCCESS
17178,2,9,1786.40,2026-08-07 20:17:00,SUCCESS
17179,9,15,5048.10,2026-08-03 07:10:00,SUCCESS
17180,1,17,1806.70,2026-08-21 05:54:00,REFUNDED
17181,5,2,1971.80,2026-08-09 16:25:00,FAILED
17182,10,17,3923.90,2026-08-13 15:29:00,PENDING
17183,9,9,1601.40,2026-08-17 15:53:00,REFUNDED
17184,6,13,2315.30,2026-08-05 02:22:00,FAILED
17185,9,8,2476.70,2026-08-06 03:18:00,SUCCESS
17186,10,6,4289.40,2026-08-30 00:57:00,PENDING
17187,3,20,127.90,2026-08-18 18:57:00,PENDING
17188,1,20,1973.20,2026-08-19 23:58:00,FAILED
17189,1,9,2522.60,2026-08-06 19:12:00,PENDING
17190,7,10,4056.50,2026-08-02 11:29:00,PENDING
17191,10,10,776.70,2026-08-19 02:14:00,PENDING
17192,4,5,3148.30,2026-08-05 05:28:00,FAILED
17193,7,15,576.60,2026-08-25 13:48:00,REFUNDED
17194,9,6,4991.00,2026-08-19 20:35:00,REFUNDED
17195,8,13,572.40,2026-08-31 01:42:00,REFUNDED
17196,8,11,2334.30,2026-08-17 14:24:00,SUCCESS
17197,4,18,1175.20,2026-08-08 03:37:00,FAILED
17198,2,10,4298.00,2026-08-20 05:13:00,REFUNDED
17199,5,9,4348.60,2026-08-24 08:48:00,PENDING
17200,9,13,4755.20,2026-08-17 07:32:00,REFUNDED
17201,6,14,618.20,2026-08-04 17:58:00,REFUNDED
17202,6,2,4996.40,2026-08-04 21:42:00,FAILED
17203,6,5,2695.90,2026-08-29 06:39:00,REFUNDED
17204,2,18,4509.90,2026-08-16 02:57:00,PENDING
17205,9,2,933.10,2026-08-27 05:29:00,FAILED
17206,5,5,1246.70,2026-08-01 08:17:00,FAILED
17207,3,13,690.10,2026-08-10 13:23:00,SUCCESS
17208,8,1,2851.00,2026-08-06 22:57:00,SUCCESS
17209,4,12,4332.10,2026-08-03 17:20:00,REFUNDED
17210,7,11,379.70,2026-08-10 18:36:00,FAILED
17211,1,9,445.30,2026-08-23 21:33:00,FAILED
17212,10,15,4923.50,2026-08-07 11:59:00,PENDING
17213,10,5,1735.60,2026-08-15 07:00:00,REFUNDED
17214,8,20,632.10,2026-08-03 03:22:00,REFUNDED
17215,10,2,3269.10,2026-08-18 20:26:00,PENDING
17216,7,9,1712.00,2026-08-18 02:18:00,SUCCESS
17217,9,8,4002.30,2026-08-22 16:06:00,PENDING
17218,9,17,2071.80,2026-08-30 17:15:00,FAILED
17219,5,14,3706.30,2026-08-25 10:10:00,REFUNDED
17220,10,7,1415.10,2026-08-06 21:16:00,REFUNDED
17221,2,18,4629.70,2026-08-06 21:01:00,SUCCESS
17222,7,16,4497.50,2026-08-12 00:20:00,REFUNDED
17223,5,19,4318.30,2026-08-12 21:30:00,FAILED
17224,8,5,1621.70,2026-08-01 19:02:00,PENDING
17225,6,8,2752.90,2026-08-08 03:24:00,PENDING
17226,6,18,969.40,2026-08-29 19:08:00,FAILED
17227,7,4,2960.70,2026-08-29 16:19:00,FAILED
17228,6,2,1312.60,2026-08-28 04:08:00,SUCCESS
17229,10,5,2325.00,2026-08-16 06:09:00,REFUNDED
17230,5,9,261.30,2026-08-26 02:24:00,FAILED
17231,2,1,2326.40,2026-08-05 07:08:00,SUCCESS
17232,7,1,718.40,2026-08-17 22:21:00,REFUNDED
17233,3,20,4510.90,2026-08-09 20:20:00,REFUNDED
17234,2,5,4997.60,2026-08-19 10:58:00,SUCCESS
17235,8,12,511.50,2026-08-05 20:46:00,SUCCESS
17236,8,9,865.30,2026-08-06 05:23:00,FAILED
17237,8,12,285.10,2026-08-05 05:06:00,REFUNDED
17238,5,16,4868.60,2026-08-23 17:30:00,FAILED
17239,2,19,2851.70,2026-08-20 18:36:00,PENDING
17240,5,2,2483.20,2026-08-18 22:12:00,REFUNDED
17241,6,7,4320.70,2026-08-16 22:10:00,FAILED
17242,10,11,860.90,2026-08-24 20:07:00,REFUNDED
17243,2,18,133.80,2026-08-15 19:48:00,REFUNDED
17244,8,18,1558.00,2026-08-29 07:41:00,PENDING
17245,1,9,5014.80,2026-08-26 10:09:00,FAILED
17246,1,4,443.50,2026-08-07 08:01:00,PENDING
17247,10,13,874.60,2026-08-18 10:38:00,FAILED
17248,8,9,4072.80,2026-08-15 11:22:00,SUCCESS
17249,2,2,2104.40,2026-08-26 11:33:00,SUCCESS
17250,9,4,1429.00,2026-08-08 05:56:00,FAILED
17251,3,3,1684.70,2026-08-11 00:04:00,REFUNDED
17252,6,2,3675.40,2026-08-29 14:45:00,SUCCESS
17253,1,17,2457.50,2026-08-21 07:50:00,FAILED
17254,7,9,794.40,2026-08-18 05:22:00,FAILED
17255,7,19,4873.70,2026-08-18 11:34:00,PENDING
17256,1,14,1017.10,2026-08-17 20:35:00,PENDING
17257,5,2,3917.00,2026-08-21 08:02:00,REFUNDED
17258,6,20,689.00,2026-08-10 10:39:00,SUCCESS
17259,5,3,284.80,2026-08-24 14:31:00,SUCCESS
17260,10,9,3505.70,2026-08-17 13:43:00,REFUNDED
17261,1,4,1515.80,2026-08-09 07:02:00,PENDING
17262,4,4,924.10,2026-08-07 23:40:00,SUCCESS
17263,2,8,353.20,2026-08-03 06:53:00,FAILED
17264,10,16,2333.30,2026-08-10 12:18:00,SUCCESS
17265,10,16,714.10,2026-08-01 14:32:00,PENDING
17266,2,12,3797.40,2026-08-26 19:08:00,REFUNDED
17267,4,12,282.00,2026-08-12 21:12:00,PENDING
17268,6,6,3466.30,2026-08-22 01:19:00,PENDING
17269,9,17,1511.90,2026-08-13 07:19:00,REFUNDED
17270,4,8,4165.20,2026-08-16 09:49:00,FAILED
17271,7,2,3740.80,2026-08-03 06:51:00,FAILED
17272,9,6,4776.20,2026-08-21 08:02:00,SUCCESS
17273,1,10,537.30,2026-08-02 12:40:00,SUCCESS
17274,9,17,141.90,2026-08-24 02:45:00,FAILED
17275,7,16,2095.10,2026-08-28 03:53:00,REFUNDED
17276,7,5,4321.50,2026-08-02 01:56:00,PENDING
17277,4,1,3664.40,2026-08-23 08:45:00,SUCCESS
17278,1,13,3418.30,2026-08-24 00:07:00,REFUNDED
17279,1,7,997.50,2026-08-22 04:48:00,FAILED
17280,5,12,3718.00,2026-08-21 16:28:00,FAILED
17281,10,17,2243.50,2026-08-10 15:47:00,REFUNDED
17282,6,5,666.80,2026-08-28 00:06:00,PENDING
17283,7,8,3507.30,2026-08-14 18:45:00,SUCCESS
17284,9,2,1378.30,2026-08-19 04:28:00,REFUNDED
17285,2,13,341.00,2026-08-06 22:17:00,REFUNDED
17286,10,9,2977.40,2026-08-17 23:42:00,PENDING
17287,7,12,5009.40,2026-08-21 23:36:00,REFUNDED
17288,5,8,237.10,2026-08-03 19:02:00,FAILED
17289,4,17,2047.00,2026-08-04 18:20:00,REFUNDED
17290,6,10,1401.80,2026-08-11 01:08:00,PENDING
17291,7,5,461.40,2026-08-02 01:25:00,SUCCESS
17292,1,7,2535.90,2026-08-22 11:58:00,FAILED
17293,2,15,3812.10,2026-08-18 06:53:00,SUCCESS
17294,7,14,4831.10,2026-08-25 00:37:00,FAILED
17295,3,15,1256.00,2026-08-30 00:08:00,FAILED
17296,8,1,3622.90,2026-08-05 01:27:00,PENDING
17297,3,18,4927.70,2026-08-25 12:50:00,FAILED
17298,8,18,4557.20,2026-08-21 04:43:00,PENDING
17299,8,12,1364.10,2026-08-06 00:59:00,FAILED
17300,10,1,4684.50,2026-08-07 21:33:00,REFUNDED
17301,7,4,1929.10,2026-08-13 00:43:00,FAILED
17302,4,5,1090.70,2026-08-13 10:18:00,SUCCESS
17303,1,3,4415.30,2026-08-18 07:30:00,PENDING
17304,5,13,2126.40,2026-08-03 08:54:00,FAILED
17305,2,9,3798.40,2026-08-08 05:29:00,FAILED
17306,6,17,3145.90,2026-08-13 01:02:00,SUCCESS
17307,5,7,2416.80,2026-08-15 05:22:00,PENDING
17308,1,1,5000,2026-08-01 12:00:00,UNKNOWN_STATUS
17309,8,6,1285.00,2026-08-20 11:21:00,PENDING
17310,9,2,4612.50,2026-08-23 03:30:00,FAILED
17311,3,12,3913.50,2026-08-11 21:41:00,PENDING
17312,2,1,102.00,2026-08-19 09:48:00,FAILED
17313,3,8,3097.60,2026-08-25 22:51:00,SUCCESS
17314,2,12,1867.70,2026-08-15 17:53:00,REFUNDED
17315,7,5,3399.70,2026-08-26 19:22:00,PENDING
17316,6,6,4986.10,2026-08-10 23:51:00,SUCCESS
17317,5,1,4330.80,2026-08-30 05:22:00,PENDING
17318,8,10,2550.40,2026-08-03 11:31:00,FAILED
17319,7,4,1716.70,2026-08-24 09:47:00,FAILED
17320,9,8,3730.30,2026-08-16 09:54:00,REFUNDED
17321,3,1,3202.50,2026-08-13 06:23:00,REFUNDED
17322,1,10,1820.00,2026-08-30 19:26:00,PENDING
17323,7,1,156.10,2026-08-02 03:53:00,FAILED
17324,7,6,3163.30,2026-08-14 17:11:00,SUCCESS
17325,1,6,2686.90,2026-08-06 19:53:00,SUCCESS
17326,8,12,3092.50,2026-08-26 05:30:00,FAILED
17327,4,9,1397.30,2026-08-25 11:04:00,FAILED
17328,1,3,1260.50,2026-08-27 13:06:00,SUCCESS
17329,10,4,4916.60,2026-08-08 18:12:00,PENDING
17330,2,16,1902.90,2026-08-13 18:51:00,FAILED
17331,8,15,148.10,2026-08-20 18:38:00,SUCCESS
17332,6,13,987.20,2026-08-13 11:01:00,REFUNDED
17333,7,12,1613.10,2026-08-26 01:27:00,FAILED
17334,10,9,3020.90,2026-08-24 09:55:00,SUCCESS
17335,3,6,3446.80,2026-08-14 10:46:00,REFUNDED
17336,1,3,819.90,2026-08-25 03:50:00,REFUNDED
17337,9,3,2345.00,2026-08-04 00:10:00,REFUNDED
17338,9,4,4677.00,2026-08-06 11:58:00,FAILED
17339,5,6,2984.00,2026-08-26 09:09:00,REFUNDED
17340,1,1,5000,INVALID_DATE_TIME,SUCCESS
17341,4,15,455.10,2026-08-10 09:36:00,FAILED
17342,3,6,2571.40,2026-08-21 21:27:00,REFUNDED
17343,4,9,4279.40,2026-08-11 16:52:00,PENDING
17344,10,12,988.00,2026-08-25 21:16:00,SUCCESS
17345,6,17,2048.30,2026-08-25 18:29:00,REFUNDED
17346,3,17,917.00,2026-08-08 03:21:00,PENDING
17347,2,15,2531.00,2026-08-11 17:09:00,REFUNDED
17348,3,10,4520.80,2026-08-29 17:38:00,PENDING
17349,8,17,4995.60,2026-08-27 04:51:00,FAILED
17350,2,4,3320.60,2026-08-09 10:51:00,PENDING
17351,6,1,3654.20,2026-08-16 03:17:00,FAILED
17352,4,1,1712.40,2026-08-15 07:56:00,FAILED
17353,5,10,4849.00,2026-08-10 16:07:00,SUCCESS
17354,4,9,1386.90,2026-08-15 14:48:00,PENDING
17355,2,2,912.80,2026-08-17 12:21:00,PENDING
17356,1,12,3162.10,2026-08-13 12:51:00,FAILED
17357,7,17,3428.80,2026-08-21 06:22:00,SUCCESS
17358,6,15,3415.90,2026-08-05 10:30:00,FAILED
17359,2,2,1383.30,2026-08-29 07:00:00,PENDING
17360,9,9,136.20,2026-08-19 21:15:00,SUCCESS
17361,2,1,4778.30,2026-08-19 22:11:00,PENDING
17362,6,12,1043.10,2026-08-25 16:51:00,SUCCESS
17363,5,3,2810.50,2026-08-23 13:58:00,PENDING
17364,10,20,4365.30,2026-08-16 18:39:00,FAILED
17365,6,12,3184.00,2026-08-20 11:18:00,FAILED
17366,3,20,429.50,2026-08-03 09:43:00,PENDING
17367,8,1,2847.10,2026-08-17 06:07:00,FAILED
17368,7,4,4988.80,2026-08-07 19:44:00,FAILED
17369,2,11,3952.30,2026-08-08 02:47:00,PENDING
17370,6,4,2483.30,2026-08-05 15:00:00,PENDING
17371,8,11,1567.70,2026-08-04 00:29:00,FAILED
17372,2,13,694.70,2026-08-12 12:09:00,PENDING
17373,3,3,2336.10,2026-08-06 11:42:00,PENDING
17374,3,1,3689.10,2026-08-02 08:14:00,SUCCESS
17375,9,15,190.20,2026-08-11 05:06:00,PENDING
17376,3,19,2663.90,2026-08-21 21:10:00,SUCCESS
17377,7,12,2863.30,2026-08-04 20:58:00,PENDING
17378,7,7,4482.80,2026-08-13 11:39:00,FAILED
17379,6,18,445.20,2026-08-12 23:34:00,REFUNDED
17380,2,17,2991.10,2026-08-05 11:52:00,REFUNDED
17381,9,15,2212.70,2026-08-18 19:10:00,SUCCESS
17382,8,5,4233.50,2026-08-10 17:54:00,PENDING
17383,10,6,4695.80,2026-08-08 17:50:00,REFUNDED
17384,10,4,3001.60,2026-08-08 13:38:00,REFUNDED
17385,5,4,2187.00,2026-08-27 08:57:00,SUCCESS
17386,1,7,177.00,2026-08-07 10:32:00,SUCCESS
17387,6,3,1172.30,2026-08-08 16:13:00,PENDING
17388,8,3,4950.60,2026-08-14 09:04:00,SUCCESS
17389,7,19,704.80,2026-08-07 01:58:00,REFUNDED
17390,4,5,299.80,2026-08-24 06:41:00,SUCCESS
17391,4,19,405.80,2026-08-17 14:28:00,SUCCESS
17392,3,14,3412.60,2026-08-24 04:27:00,SUCCESS
17393,9,9,1965.10,2026-08-13 20:51:00,PENDING
17394,7,2,64.00,2026-08-08 04:48:00,REFUNDED
17395,3,10,2974.90,2026-08-16 08:15:00,PENDING
17396,6,15,4663.70,2026-08-30 13:51:00,PENDING
17397,6,6,1616.80,2026-08-20 19:26:00,FAILED
17398,7,6,2650.90,2026-08-15 10:52:00,FAILED
17399,6,14,1430.60,2026-08-03 07:48:00,PENDING
17400,10,5,2738.00,2026-08-24 22:41:00,REFUNDED
17401,5,8,4033.90,2026-08-06 18:37:00,REFUNDED
17402,4,13,2991.10,2026-08-19 12:56:00,SUCCESS
17403,8,20,2049.30,2026-08-30 18:23:00,FAILED
17404,5,1,1259.20,2026-08-06 09:24:00,PENDING
17405,2,6,2708.40,2026-08-07 20:30:00,FAILED
17406,7,7,4655.00,2026-08-28 07:45:00,PENDING
17407,9,4,1761.90,2026-08-14 04:58:00,REFUNDED
17408,3,11,461.30,2026-08-07 23:11:00,REFUNDED
17409,4,3,2849.40,2026-08-08 17:54:00,PENDING
17410,2,8,1101.10,2026-08-15 01:15:00,SUCCESS
17411,1,1,5000,2026-08-01 12:00:00,UNKNOWN_STATUS
17412,1,2,833.60,2026-08-16 09:56:00,PENDING
17413,4,7,3713.40,2026-08-20 01:53:00,FAILED
17414,5,4,1714.40,2026-08-19 00:01:00,SUCCESS
17415,10,11,1176.60,2026-08-08 15:15:00,REFUNDED
17416,3,2,3841.20,2026-08-01 16:26:00,SUCCESS
17417,7,11,3726.10,2026-08-17 18:53:00,FAILED
17418,9,14,3923.50,2026-08-20 22:22:00,FAILED
17419,9,9,4973.20,2026-08-13 20:36:00,FAILED
17420,10,3,1508.70,2026-08-07 11:09:00,SUCCESS
17421,1,13,710.90,2026-08-07 04:01:00,FAILED
17422,9,17,4909.70,2026-08-29 01:00:00,PENDING
17423,4,17,4160.00,2026-08-15 22:57:00,FAILED
17424,6,18,2800.80,2026-08-28 20:18:00,SUCCESS
17425,8,12,1661.20,2026-08-06 07:58:00,REFUNDED
17426,5,1,4536.00,2026-08-27 18:30:00,FAILED
17427,1,1,5000,2026-08-01 12:00:00,UNKNOWN_STATUS
17428,3,9,2506.70,2026-08-23 15:26:00,SUCCESS
17429,9,13,4677.70,2026-08-03 14:59:00,FAILED
17430,8,2,1987.00,2026-08-19 05:53:00,FAILED
17431,5,7,2906.00,2026-08-30 23:01:00,PENDING
17432,10,13,4641.30,2026-08-12 18:47:00,PENDING
17433,10,5,3583.90,2026-08-10 12:10:00,FAILED
17434,4,14,3278.00,2026-08-14 19:31:00,REFUNDED
17435,5,2,1222.90,2026-08-19 08:29:00,FAILED
17436,10,6,2064.20,2026-08-06 21:14:00,FAILED
17437,1,11,4040.10,2026-08-30 21:25:00,FAILED
17438,8,2,3352.60,2026-08-28 20:05:00,REFUNDED
17439,5,10,4822.10,2026-08-21 17:08:00,REFUNDED
17440,9,2,5018.50,2026-08-01 09:36:00,PENDING
17441,5,2,1540.30,2026-08-20 17:38:00,FAILED
17442,8,5,2147.20,2026-08-12 06:42:00,PENDING
17443,9,1,2618.50,2026-08-29 18:17:00,PENDING
17444,2,20,4233.70,2026-08-18 04:09:00,FAILED
17445,3,5,4946.30,2026-08-23 01:35:00,REFUNDED
17446,7,8,2657.20,2026-08-13 01:09:00,REFUNDED
17447,3,6,556.00,2026-08-21 22:48:00,PENDING
17448,7,11,1733.30,2026-08-22 08:39:00,REFUNDED
17449,7,10,1125.60,2026-08-08 22:30:00,SUCCESS
17450,9,1,2652.00,2026-08-16 02:23:00,REFUNDED
17451,2,3,3161.30,2026-08-24 18:15:00,PENDING
17452,10,8,1565.60,2026-08-14 06:24:00,REFUNDED
17453,9,9,4585.20,2026-08-01 10:00:00,SUCCESS
17454,1,1,NOT_A_NUMBER,2026-08-01 12:00:00,SUCCESS
17455,7,6,4261.90,2026-08-29 15:56:00,REFUNDED
17456,7,17,3018.60,2026-08-02 23:55:00,FAILED
17457,9,2,4188.20,2026-08-28 19:23:00,REFUNDED
17458,10,1,679.10,2026-08-10 02:32:00,FAILED
17459,7,18,4297.90,2026-08-14 12:38:00,FAILED
17460,2,4,4134.90,2026-08-05 20:58:00,SUCCESS
17461,2,20,3166.80,2026-08-03 11:35:00,PENDING
17462,10,10,343.60,2026-08-20 14:40:00,FAILED
17463,1,4,1559.50,2026-08-13 20:27:00,FAILED
17464,7,13,2452.60,2026-08-29 20:21:00,REFUNDED
17465,4,3,1692.60,2026-08-24 13:37:00,FAILED
17466,2,20,1877.10,2026-08-09 21:20:00,SUCCESS
17467,3,18,3558.00,2026-08-15 01:38:00,SUCCESS
17468,1,6,2501.30,2026-08-15 15:23:00,REFUNDED
17469,4,11,3490.00,2026-08-02 08:24:00,REFUNDED
17470,2,9,2255.80,2026-08-02 19:02:00,FAILED
17471,9,15,3661.40,2026-08-28 16:08:00,REFUNDED
17472,2,16,4692.10,2026-08-14 14:10:00,PENDING
17473,1,7,1461.40,2026-08-21 19:23:00,PENDING
17474,10,3,3495.80,2026-08-14 05:05:00,SUCCESS
17475,10,12,2816.40,2026-08-17 22:45:00,SUCCESS
17476,3,12,2739.60,2026-08-19 12:24:00,SUCCESS
17477,7,9,862.60,2026-08-23 01:43:00,SUCCESS
17478,4,10,4678.60,2026-08-10 13:56:00,FAILED
17479,8,4,4694.20,2026-08-08 11:19:00,SUCCESS
17480,5,3,4310.50,2026-08-16 00:46:00,PENDING
17481,2,13,2972.80,2026-08-18 20:57:00,SUCCESS
17482,2,18,1895.50,2026-08-11 02:54:00,PENDING
17483,10,15,3345.80,2026-08-03 21:52:00,PENDING
17484,1,16,120.80,2026-08-15 22:53:00,SUCCESS
17485,6,4,1760.60,2026-08-24 15:16:00,FAILED
17486,3,11,2032.60,2026-08-29 17:35:00,FAILED
17487,6,6,3634.50,2026-08-29 02:59:00,SUCCESS
17488,4,13,1528.00,2026-08-08 12:23:00,SUCCESS
17489,4,1,2182.60,2026-08-18 08:27:00,PENDING
17490,5,8,2476.10,2026-08-25 02:13:00,FAILED
17491,8,10,2905.80,2026-08-01 20:49:00,SUCCESS
17492,2,14,1697.80,2026-08-03 03:41:00,SUCCESS
17493,1,1,5000,2026-08-01 12:00:00,UNKNOWN_STATUS
17494,10,12,198.20,2026-08-04 22:45:00,SUCCESS
17495,10,5,1940.80,2026-08-29 12:20:00,REFUNDED
17496,5,15,4471.00,2026-08-06 11:48:00,FAILED
17497,9,4,56.60,2026-08-15 16:28:00,PENDING
17498,5,7,4967.50,2026-08-10 03:37:00,SUCCESS
17499,7,19,4349.10,2026-08-23 07:33:00,PENDING
17500,5,11,3473.10,2026-08-23 00:05:00,REFUNDED
17501,8,16,1393.20,2026-08-27 17:18:00,SUCCESS
17502,4,16,1872.80,2026-08-16 11:49:00,FAILED
17503,5,5,994.10,2026-08-29 07:12:00,REFUNDED
17504,5,3,4669.30,2026-08-02 02:34:00,PENDING
17505,9,18,2180.60,2026-08-26 21:34:00,PENDING
17506,10,14,3005.90,2026-08-24 20:38:00,REFUNDED
17507,1,1,5000,INVALID_DATE_TIME,SUCCESS
17508,6,19,634.90,2026-08-29 05:15:00,REFUNDED
17509,5,15,595.30,2026-08-03 18:18:00,PENDING
17510,4,19,3374.70,2026-08-19 05:40:00,PENDING
17511,8,13,836.10,2026-08-23 05:41:00,REFUNDED
17512,1,18,1407.70,2026-08-29 15:46:00,PENDING
17513,1,11,1373.70,2026-08-16 06:01:00,PENDING
17514,1,1,5000,2026-08-01 12:00:00,UNKNOWN_STATUS
17515,3,2,1908.50,2026-08-10 18:32:00,SUCCESS
17516,4,16,4456.10,2026-08-12 06:23:00,REFUNDED
17517,4,5,1694.30,2026-08-09 02:57:00,FAILED
17518,8,1,4777.20,2026-08-30 03:33:00,PENDING
17519,1,12,2863.00,2026-08-27 09:32:00,PENDING
17520,9,17,3304.80,2026-08-06 03:02:00,SUCCESS
17521,1,10,1300.00,2026-08-27 04:27:00,PENDING
17522,2,15,4274.70,2026-08-06 07:57:00,PENDING
17523,1,16,1505.90,2026-08-15 17:12:00,SUCCESS
17524,1,11,4729.00,2026-08-20 18:26:00,FAILED
17525,6,14,880.30,2026-08-28 23:16:00,FAILED
17526,10,10,2235.50,2026-08-06 23:35:00,SUCCESS
17527,1,10,856.20,2026-08-05 18:58:00,REFUNDED
17528,4,5,242.30,2026-08-09 06:29:00,FAILED
17529,9,2,2181.90,2026-08-04 03:39:00,SUCCESS
17530,4,10,2737.60,2026-08-21 06:24:00,REFUNDED
17531,3,20,2490.70,2026-08-03 22:32:00,SUCCESS
17532,3,17,2911.10,2026-08-10 17:22:00,REFUNDED
17533,1,13,2086.50,2026-08-25 14:20:00,PENDING
17534,8,10,354.30,2026-08-21 01:22:00,REFUNDED
17535,7,9,1097.50,2026-08-05 10:57:00,FAILED
17536,6,14,600.50,2026-08-29 04:23:00,FAILED
17537,2,14,1784.30,2026-08-26 07:52:00,REFUNDED
17538,10,8,4076.30,2026-08-01 13:15:00,REFUNDED
17539,2,2,1987.00,2026-08-02 10:54:00,REFUNDED
17540,8,11,4770.10,2026-08-10 15:34:00,PENDING
17541,2,4,4702.30,2026-08-12 01:22:00,SUCCESS
17542,8,16,2028.50,2026-08-15 22:47:00,REFUNDED
17543,6,12,2087.60,2026-08-21 10:21:00,SUCCESS
17544,7,5,521.70,2026-08-13 00:15:00,SUCCESS
17545,8,20,2193.50,2026-08-05 08:55:00,SUCCESS
17546,5,4,1911.60,2026-08-29 23:34:00,SUCCESS
17547,3,17,4059.40,2026-08-14 11:13:00,REFUNDED
17548,5,3,4069.90,2026-08-13 05:03:00,REFUNDED
17549,3,4,3357.60,2026-08-09 18:38:00,REFUNDED
17550,4,14,1559.40,2026-08-30 21:14:00,REFUNDED
17551,8,15,1405.50,2026-08-14 06:34:00,REFUNDED
17552,9,20,3159.40,2026-08-23 21:49:00,REFUNDED
17553,5,8,1772.80,2026-08-08 19:15:00,PENDING
17554,7,16,3831.40,2026-08-16 03:25:00,FAILED
17555,10,20,2113.00,2026-08-09 02:27:00,PENDING
17556,5,3,868.20,2026-08-18 00:30:00,PENDING
17557,8,11,3449.20,2026-08-14 18:33:00,FAILED
17558,8,8,737.50,2026-08-16 08:48:00,FAILED
17559,6,10,302.60,2026-08-13 07:56:00,PENDING
17560,10,2,4085.10,2026-08-30 16:47:00,PENDING
17561,3,15,1439.40,2026-08-25 12:37:00,REFUNDED
17562,6,11,4300.60,2026-08-03 20:13:00,REFUNDED
17563,2,9,4768.80,2026-08-14 20:57:00,FAILED
17564,1,12,4465.10,2026-08-27 16:10:00,FAILED
17565,7,18,4394.90,2026-08-29 23:27:00,PENDING
17566,1,1,226.10,2026-08-06 05:17:00,PENDING
17567,9,11,3374.40,2026-08-28 10:17:00,SUCCESS
17568,6,2,97.40,2026-08-10 20:46:00,SUCCESS
17569,6,5,2926.00,2026-08-21 02:51:00,FAILED
17570,6,6,2500.30,2026-08-20 18:05:00,REFUNDED
17571,4,16,1068.40,2026-08-30 14:14:00,SUCCESS
17572,1,5,3391.40,2026-08-28 15:32:00,FAILED
17573,6,13,2838.60,2026-08-09 20:42:00,FAILED
17574,6,2,437.10,2026-08-03 02:23:00,PENDING
17575,10,13,3937.50,2026-08-20 06:26:00,SUCCESS
17576,9,8,3713.70,2026-08-27 21:29:00,REFUNDED
17577,6,15,1450.60,2026-08-06 10:32:00,PENDING
17578,2,7,4468.70,2026-08-29 22:17:00,PENDING
17579,9,9,270.90,2026-08-27 23:26:00,PENDING
17580,8,13,1760.90,2026-08-04 06:24:00,SUCCESS
17581,3,20,4174.10,2026-08-26 18:53:00,PENDING
17582,9,17,4113.10,2026-08-13 23:25:00,SUCCESS
17583,2,18,4893.00,2026-08-05 01:44:00,PENDING
17584,8,14,4789.00,2026-08-05 01:11:00,REFUNDED
17585,5,18,415.50,2026-08-07 21:22:00,SUCCESS
17586,9,18,3533.60,2026-08-02 22:12:00,SUCCESS
17587,8,13,2435.60,2026-08-05 09:06:00,SUCCESS
17588,4,18,2738.20,2026-08-06 15:14:00,SUCCESS
17589,8,16,1885.10,2026-08-27 07:43:00,SUCCESS
17590,6,1,1728.80,2026-08-12 00:12:00,REFUNDED
17591,10,16,232.10,2026-08-07 17:55:00,FAILED
17592,5,7,4367.50,2026-08-10 05:49:00,SUCCESS
17593,7,11,4840.80,2026-08-06 23:36:00,REFUNDED
17594,6,8,1447.90,2026-08-06 16:43:00,PENDING
17595,8,11,1076.70,2026-08-14 09:22:00,REFUNDED
17596,2,11,1584.50,2026-08-05 20:29:00,PENDING
17597,3,8,4032.80,2026-08-22 14:09:00,SUCCESS
17598,2,8,2444.70,2026-08-23 20:48:00,FAILED
17599,5,8,2766.60,2026-08-17 05:07:00,REFUNDED
17600,7,20,2369.90,2026-08-22 12:03:00,FAILED
17601,6,7,3960.60,2026-08-16 23:13:00,PENDING
17602,5,11,2098.30,2026-08-05 18:33:00,SUCCESS
17603,9,15,3071.40,2026-08-03 06:45:00,FAILED
17604,8,16,513.70,2026-08-30 22:19:00,PENDING
17605,8,16,1146.90,2026-08-23 06:15:00,PENDING
17606,1,1,1779.20,2026-08-01 16:08:00,SUCCESS
17607,3,5,4571.80,2026-08-28 05:33:00,REFUNDED
17608,10,10,3477.90,2026-08-09 10:50:00,PENDING
17609,8,15,4596.90,2026-08-30 08:38:00,PENDING
17610,10,9,3813.90,2026-08-23 20:23:00,FAILED
17611,5,4,3071.70,2026-08-31 04:44:00,FAILED
17612,9,17,694.60,2026-08-13 08:48:00,PENDING
17613,1,10,217.20,2026-08-16 16:29:00,SUCCESS
17614,7,3,1241.20,2026-08-01 08:09:00,PENDING
17615,5,8,2984.90,2026-08-06 15:15:00,PENDING
17616,6,17,4011.70,2026-08-06 20:50:00,REFUNDED
17617,7,7,4758.20,2026-08-01 14:53:00,SUCCESS
17618,2,1,1005.50,2026-08-08 13:58:00,PENDING
17619,10,6,1875.40,2026-08-17 14:08:00,REFUNDED
17620,3,5,2948.50,2026-08-28 06:22:00,PENDING
17621,7,11,869.40,2026-08-04 05:06:00,PENDING
17622,8,6,2523.50,2026-08-12 09:57:00,PENDING
17623,5,13,403.40,2026-08-24 22:00:00,SUCCESS
17624,2,2,2032.10,2026-08-13 07:19:00,PENDING
17625,8,7,4984.10,2026-08-18 01:38:00,REFUNDED
17626,10,10,1408.90,2026-08-16 03:27:00,REFUNDED
17627,2,4,1980.00,2026-08-05 13:06:00,REFUNDED
17628,8,18,2701.70,2026-08-08 21:33:00,REFUNDED
17629,5,18,4852.00,2026-08-16 04:43:00,FAILED
17630,9,1,3740.40,2026-08-01 18:34:00,PENDING
17631,3,10,636.40,2026-08-20 02:17:00,PENDING
17632,2,12,559.20,2026-08-19 18:16:00,SUCCESS
17633,10,4,2267.00,2026-08-25 20:15:00,REFUNDED
17634,10,2,361.40,2026-08-10 04:52:00,REFUNDED
17635,2,11,1712.80,2026-08-03 18:28:00,FAILED
17636,7,18,4786.40,2026-08-15 12:57:00,SUCCESS
17637,8,7,2625.40,2026-08-24 10:41:00,PENDING
17638,8,16,1440.10,2026-08-17 09:41:00,FAILED
17639,6,7,4448.10,2026-08-07 00:10:00,FAILED
17640,9,17,4807.40,2026-08-25 15:17:00,PENDING
17641,1,3,2958.50,2026-08-30 00:35:00,PENDING
17642,5,20,692.10,2026-08-04 21:15:00,FAILED
17643,9,14,3514.20,2026-08-01 14:19:00,FAILED
17644,9,11,2022.20,2026-08-01 09:52:00,PENDING
17645,10,9,448.50,2026-08-28 17:43:00,REFUNDED
17646,7,14,73.70,2026-08-08 01:12:00,PENDING
17647,10,17,3198.90,2026-08-04 20:13:00,PENDING
17648,9,16,4499.30,2026-08-18 10:53:00,REFUNDED
17649,7,9,878.20,2026-08-09 19:18:00,FAILED
17650,10,2,2115.00,2026-08-11 02:45:00,FAILED
17651,1,2,3580.60,2026-08-30 06:14:00,REFUNDED
17652,8,5,2819.30,2026-08-09 14:27:00,REFUNDED
17653,10,9,1880.50,2026-08-07 21:54:00,FAILED
17654,9,20,5026.80,2026-08-01 10:36:00,FAILED
17655,8,17,457.40,2026-08-04 15:03:00,PENDING
17656,4,14,1555.60,2026-08-30 03:16:00,REFUNDED
17657,10,3,1927.00,2026-08-04 21:30:00,REFUNDED
17658,1,100.00
17659,5,3,4530.20,2026-08-25 19:47:00,REFUNDED
17660,4,12,3925.10,2026-08-30 16:55:00,FAILED
17661,3,13,4801.60,2026-08-26 20:58:00,REFUNDED
17662,1,8,2171.50,2026-08-25 17:34:00,REFUNDED
17663,2,3,2646.40,2026-08-15 06:42:00,SUCCESS
17664,8,1,4993.30,2026-08-09 12:30:00,SUCCESS
17665,6,1,3884.20,2026-08-14 00:44:00,PENDING
17666,4,6,869.40,2026-08-25 11:44:00,FAILED
17667,4,16,4193.80,2026-08-16 04:44:00,PENDING
17668,9,1,2737.50,2026-08-11 22:44:00,REFUNDED
17669,2,9,4228.20,2026-08-05 17:22:00,REFUNDED
17670,8,16,3488.70,2026-08-14 18:26:00,PENDING
17671,10,9,2138.90,2026-08-07 03:04:00,PENDING
17672,10,16,1582.70,2026-08-09 22:04:00,REFUNDED
17673,3,6,3949.80,2026-08-02 07:05:00,PENDING
17674,10,13,4437.00,2026-08-13 19:16:00,SUCCESS
17675,8,14,4353.10,2026-08-12 07:38:00,SUCCESS
17676,5,12,1479.50,2026-08-21 20:38:00,SUCCESS
17677,9,18,3599.60,2026-08-11 10:24:00,REFUNDED
17678,2,2,2158.00,2026-08-07 07:08:00,FAILED
17679,5,17,1493.50,2026-08-23 19:04:00,REFUNDED
17680,1,9,2103.00,2026-08-30 06:36:00,REFUNDED
17681,8,4,2613.60,2026-08-01 15:33:00,SUCCESS
17682,8,16,3527.40,2026-08-19 07:29:00,PENDING
17683,10,1,5017.90,2026-08-23 23:15:00,SUCCESS
17684,1,2,1334.10,2026-08-23 05:06:00,PENDING
17685,1,19,1120.20,2026-08-09 18:34:00,FAILED
17686,2,20,1788.80,2026-08-24 18:26:00,PENDING
17687,4,8,2221.60,2026-08-29 16:22:00,FAILED
17688,3,2,3809.10,2026-08-29 20:29:00,REFUNDED
17689,5,15,4303.20,2026-08-12 03:43:00,PENDING
17690,8,14,3886.40,2026-08-20 04:43:00,REFUNDED
17691,5,2,714.30,2026-08-30 21:46:00,FAILED
17692,5,15,2751.80,2026-08-23 11:29:00,SUCCESS
17693,3,12,4723.10,2026-08-16 10:27:00,PENDING
17694,4,5,3771.70,2026-08-18 21:09:00,FAILED
17695,3,7,4631.60,2026-08-03 20:21:00,SUCCESS
17696,6,9,1762.40,2026-08-29 04:35:00,FAILED
17697,2,19,704.30,2026-08-05 15:13:00,PENDING
17698,5,13,4446.60,2026-08-17 04:11:00,PENDING
17699,6,11,1765.70,2026-08-03 05:41:00,FAILED
17700,9,16,4086.80,2026-08-19 08:02:00,REFUNDED
17701,7,5,442.40,2026-08-03 02:25:00,SUCCESS
17702,2,3,1512.80,2026-08-13 13:42:00,FAILED
17703,4,6,5013.60,2026-08-28 23:31:00,SUCCESS
17704,6,4,4602.10,2026-08-15 00:29:00,REFUNDED
17705,5,10,2261.10,2026-08-23 23:08:00,SUCCESS
17706,3,12,3785.80,2026-08-18 06:49:00,REFUNDED
17707,7,9,679.30,2026-08-22 16:29:00,REFUNDED
17708,8,8,1421.00,2026-08-29 08:47:00,FAILED
17709,10,15,3769.80,2026-08-16 19:27:00,PENDING
17710,3,5,911.50,2026-08-10 14:30:00,PENDING
17711,10,3,1381.80,2026-08-01 16:53:00,REFUNDED
17712,3,7,4975.70,2026-08-21 13:49:00,REFUNDED
17713,10,3,517.60,2026-08-02 18:56:00,REFUNDED
17714,3,19,3235.20,2026-08-18 23:42:00,FAILED
17715,3,17,620.30,2026-08-25 03:25:00,FAILED
17716,1,18,779.70,2026-08-16 01:40:00,REFUNDED
17717,5,19,1210.40,2026-08-28 20:03:00,FAILED
17718,4,1,366.40,2026-08-19 03:50:00,REFUNDED
17719,3,9,1108.50,2026-08-04 13:29:00,PENDING
17720,7,4,853.30,2026-08-08 01:07:00,FAILED
17721,7,4,755.70,2026-08-21 04:01:00,SUCCESS
17722,3,19,2842.20,2026-08-18 13:06:00,REFUNDED
17723,6,2,3615.00,2026-08-01 23:20:00,REFUNDED
17724,7,18,467.00,2026-08-27 16:48:00,REFUNDED
17725,9,14,1142.60,2026-08-26 10:57:00,SUCCESS
17726,9,13,232.80,2026-08-08 16:11:00,FAILED
17727,2,15,1108.00,2026-08-02 03:28:00,REFUNDED
17728,1,15,1429.60,2026-08-21 13:07:00,SUCCESS
17729,2,6,4205.80,2026-08-13 21:42:00,FAILED
17730,7,8,1375.90,2026-08-08 06:19:00,REFUNDED
17731,5,12,322.40,2026-08-05 17:05:00,SUCCESS
17732,9,18,1119.80,2026-08-15 13:14:00,REFUNDED
17733,4,16,2549.50,2026-08-08 15:05:00,PENDING
17734,2,13,1135.70,2026-08-23 14:32:00,REFUNDED
17735,7,8,2866.50,2026-08-19 05:19:00,FAILED
17736,7,11,2472.20,2026-08-29 17:34:00,REFUNDED
17737,7,12,1775.30,2026-08-27 08:47:00,FAILED
17738,10,14,1615.20,2026-08-29 20:06:00,FAILED
17739,4,9,1772.30,2026-08-02 17:54:00,FAILED
17740,6,17,340.80,2026-08-26 23:06:00,FAILED
17741,9,7,944.80,2026-08-21 00:29:00,REFUNDED
17742,3,2,908.30,2026-08-20 17:00:00,FAILED
17743,8,15,3716.80,2026-08-27 04:39:00,REFUNDED
17744,3,19,3087.80,2026-08-05 05:28:00,FAILED
17745,8,5,4618.40,2026-08-05 13:12:00,PENDING
17746,5,19,4615.90,2026-08-18 06:47:00,REFUNDED
17747,7,3,3403.50,2026-08-30 02:00:00,FAILED
17748,8,13,506.10,2026-08-13 15:18:00,SUCCESS
17749,10,18,3701.60,2026-08-15 01:44:00,FAILED
17750,8,13,2446.60,2026-08-09 05:54:00,REFUNDED
17751,8,7,2344.80,2026-08-25 14:13:00,SUCCESS
17752,1,2,2475.90,2026-08-02 07:52:00,PENDING
17753,4,10,1308.20,2026-08-09 01:55:00,REFUNDED
17754,5,17,5022.90,2026-08-18 19:51:00,PENDING
17755,6,12,3289.20,2026-08-26 19:42:00,REFUNDED
17756,1,2,2587.90,2026-08-22 15:41:00,PENDING
17757,1,19,791.90,2026-08-03 03:26:00,REFUNDED
17758,4,8,3710.80,2026-08-27 14:23:00,PENDING
17759,10,18,2460.60,2026-08-20 06:19:00,REFUNDED
17760,4,8,2320.80,2026-08-18 15:26:00,SUCCESS
17761,2,17,3734.80,2026-08-14 21:51:00,SUCCESS
17762,10,16,1992.00,2026-08-08 08:20:00,PENDING
17763,1,15,4152.20,2026-08-21 03:08:00,REFUNDED
17764,3,7,296.90,2026-08-02 17:48:00,REFUNDED
17765,5,10,3262.40,2026-08-14 02:02:00,PENDING
17766,3,4,198.40,2026-08-22 19:59:00,REFUNDED
17767,4,1,3705.40,2026-08-14 22:09:00,REFUNDED
17768,3,7,4280.90,2026-08-26 16:45:00,PENDING
17769,6,11,1730.00,2026-08-27 04:53:00,PENDING
17770,3,2,1562.80,2026-08-28 01:31:00,SUCCESS
17771,2,3,2006.70,2026-08-26 06:46:00,REFUNDED
17772,10,6,1379.30,2026-08-19 10:53:00,FAILED
17773,8,10,596.10,2026-08-25 01:38:00,REFUNDED
17774,3,12,487.10,2026-08-13 00:09:00,FAILED
17775,7,16,2465.50,2026-08-18 10:18:00,SUCCESS
17776,5,10,1783.00,2026-08-02 16:15:00,FAILED
17777,6,20,4939.20,2026-08-17 20:33:00,REFUNDED
17778,6,17,132.00,2026-08-21 02:11:00,SUCCESS
17779,10,17,845.70,2026-08-20 14:14:00,PENDING
17780,7,11,2189.00,2026-08-03 10:54:00,SUCCESS
17781,5,16,3472.60,2026-08-11 18:47:00,REFUNDED
17782,3,10,4978.10,2026-08-17 02:12:00,PENDING
17783,10,9,4612.00,2026-08-27 04:13:00,FAILED
17784,4,11,1762.30,2026-08-03 00:05:00,REFUNDED
17785,7,2,4821.70,2026-08-02 15:39:00,FAILED
17786,3,11,4492.20,2026-08-25 20:11:00,PENDING
17787,2,11,4841.60,2026-08-03 04:53:00,REFUNDED
17788,5,9,3155.50,2026-08-14 19:03:00,SUCCESS
17789,8,20,162.30,2026-08-12 04:06:00,SUCCESS
17790,10,20,2515.00,2026-08-26 14:19:00,SUCCESS
17791,4,2,4017.20,2026-08-26 03:21:00,PENDING
17792,8,10,302.60,2026-08-09 02:50:00,SUCCESS
17793,6,12,2099.30,2026-08-12 07:58:00,FAILED
17794,4,19,3385.60,2026-08-04 15:03:00,PENDING
17795,6,5,1900.50,2026-08-23 01:06:00,FAILED
17796,1,5,279.60,2026-08-19 04:06:00,SUCCESS
17797,2,16,2309.50,2026-08-30 06:46:00,PENDING
17798,7,1,4572.20,2026-08-03 15:39:00,REFUNDED
17799,7,7,900.20,2026-08-27 19:42:00,REFUNDED
17800,7,20,3505.80,2026-08-03 06:33:00,SUCCESS
17801,10,14,3083.80,2026-08-06 01:10:00,SUCCESS
17802,7,8,2793.20,2026-08-17 01:46:00,SUCCESS
17803,7,2,415.50,2026-08-27 22:44:00,FAILED
17804,2,16,635.30,2026-08-23 20:55:00,PENDING
17805,4,11,3579.60,2026-08-10 11:36:00,SUCCESS
17806,10,12,2031.20,2026-08-14 16:55:00,SUCCESS
17807,5,16,1663.10,2026-08-30 19:49:00,PENDING
17808,6,4,3871.30,2026-08-04 12:54:00,SUCCESS
17809,5,15,2450.70,2026-08-19 05:15:00,FAILED
17810,1,11,1685.60,2026-08-21 19:04:00,PENDING
17811,8,7,2161.40,2026-08-01 08:07:00,FAILED
17812,2,12,1993.30,2026-08-09 05:12:00,PENDING
17813,6,17,3899.50,2026-08-09 09:02:00,SUCCESS
17814,1,18,3409.80,2026-08-31 07:33:00,FAILED
17815,8,7,2961.20,2026-08-28 19:05:00,SUCCESS
17816,8,1,4073.80,2026-08-28 17:07:00,REFUNDED
17817,3,13,3737.10,2026-08-27 03:17:00,PENDING
17818,10,15,3301.60,2026-08-09 15:02:00,SUCCESS
17819,2,13,2575.10,2026-08-22 20:57:00,PENDING
17820,7,15,4651.20,2026-08-14 22:03:00,SUCCESS
17821,3,14,3985.10,2026-08-29 15:19:00,PENDING
17822,8,19,2561.60,2026-08-29 12:04:00,PENDING
17823,4,19,1692.90,2026-08-09 07:30:00,FAILED
17824,7,20,1502.30,2026-08-19 17:00:00,SUCCESS
17825,4,20,504.90,2026-08-21 15:37:00,FAILED
17826,7,14,2011.80,2026-08-23 20:02:00,SUCCESS
17827,2,18,4660.60,2026-08-20 07:11:00,SUCCESS
17828,10,18,1324.00,2026-08-27 13:10:00,SUCCESS
17829,2,6,4750.40,2026-08-12 20:00:00,PENDING
17830,1,16,1943.30,2026-08-15 09:17:00,REFUNDED
17831,4,12,4065.70,2026-08-09 17:24:00,FAILED
17832,1,18,3017.00,2026-08-16 14:36:00,SUCCESS
17833,5,18,298.20,2026-08-16 11:34:00,FAILED
17834,7,13,1256.60,2026-08-25 01:25:00,PENDING
17835,3,2,3012.30,2026-08-18 18:58:00,SUCCESS
17836,5,8,2310.90,2026-08-15 03:49:00,SUCCESS
17837,10,11,1946.50,2026-08-06 09:19:00,REFUNDED
17838,8,9,3666.90,2026-08-03 06:38:00,REFUNDED
17839,3,14,751.60,2026-08-28 01:57:00,PENDING
17840,5,11,5003.80,2026-08-08 21:40:00,REFUNDED
17841,3,1,4263.70,2026-08-11 21:41:00,FAILED
17842,9,10,2643.10,2026-08-04 00:19:00,PENDING
17843,3,3,3377.90,2026-08-17 04:02:00,PENDING
17844,6,11,2266.60,2026-08-19 02:16:00,PENDING
17845,4,11,4039.70,2026-08-09 14:57:00,REFUNDED
17846,2,13,1429.90,2026-08-29 22:35:00,FAILED
17847,10,13,3909.70,2026-08-04 01:56:00,REFUNDED
17848,2,3,4105.70,2026-08-18 23:33:00,FAILED
17849,4,2,816.70,2026-08-18 13:45:00,PENDING
17850,2,2,1291.10,2026-08-19 22:32:00,FAILED
17851,9,19,177.20,2026-08-26 03:58:00,PENDING
17852,5,14,4463.90,2026-08-07 03:14:00,SUCCESS
17853,10,8,4854.50,2026-08-01 09:25:00,SUCCESS
17854,8,1,4151.60,2026-08-17 05:07:00,PENDING
17855,5,11,1090.80,2026-08-31 07:39:00,PENDING
17856,6,14,4202.10,2026-08-17 05:59:00,SUCCESS
17857,2,18,2629.90,2026-08-28 18:33:00,SUCCESS
17858,1,8,4609.60,2026-08-22 11:44:00,FAILED
17859,3,12,3552.10,2026-08-05 08:10:00,SUCCESS
17860,2,18,527.80,2026-08-04 21:35:00,FAILED
17861,1,12,541.00,2026-08-08 17:05:00,REFUNDED
17862,9,12,4963.80,2026-08-05 17:30:00,REFUNDED
17863,10,18,4537.30,2026-08-18 16:22:00,REFUNDED
17864,9,5,392.20,2026-08-27 14:23:00,PENDING
17865,9,19,3676.40,2026-08-01 14:58:00,REFUNDED
17866,7,4,3848.70,2026-08-01 09:26:00,REFUNDED
17867,8,2,2930.40,2026-08-19 04:04:00,PENDING
17868,6,7,3594.10,2026-08-14 07:37:00,REFUNDED
17869,10,7,4558.20,2026-08-29 21:15:00,PENDING
17870,7,7,277.80,2026-08-20 08:34:00,PENDING
17871,2,4,1676.30,2026-08-14 00:07:00,SUCCESS
17872,5,17,1704.50,2026-08-22 12:50:00,REFUNDED
17873,6,12,364.40,2026-08-28 07:02:00,REFUNDED
17874,1,6,3552.80,2026-08-05 10:13:00,REFUNDED
17875,2,3,3026.20,2026-08-14 20:21:00,SUCCESS
17876,3,2,3629.10,2026-08-12 03:58:00,PENDING
17877,3,18,3499.50,2026-08-18 11:11:00,PENDING
17878,3,12,2864.00,2026-08-30 14:46:00,REFUNDED
17879,6,19,1561.80,2026-08-22 13:46:00,SUCCESS
17880,8,8,248.90,2026-08-06 20:51:00,REFUNDED
17881,1,19,3774.80,2026-08-06 05:36:00,PENDING
17882,5,18,4605.40,2026-08-30 00:45:00,PENDING
17883,3,7,3265.90,2026-08-25 07:48:00,PENDING
17884,5,2,3152.40,2026-08-12 10:14:00,FAILED
17885,6,10,3273.00,2026-08-27 23:09:00,SUCCESS
17886,9,11,2638.90,2026-08-19 14:31:00,REFUNDED
17887,10,16,1102.90,2026-08-09 00:21:00,SUCCESS
17888,9,17,1232.50,2026-08-25 22:28:00,REFUNDED
17889,1,6,5046.50,2026-08-02 19:42:00,FAILED
17890,7,16,4820.10,2026-08-23 09:29:00,PENDING
17891,6,10,1329.20,2026-08-09 15:32:00,REFUNDED
17892,6,3,3367.80,2026-08-21 12:02:00,FAILED
17893,4,5,4428.40,2026-08-29 06:18:00,SUCCESS
17894,2,8,295.40,2026-08-14 18:16:00,SUCCESS
17895,8,8,2458.80,2026-08-12 23:09:00,PENDING
17896,3,13,3383.50,2026-08-01 08:36:00,SUCCESS
17897,10,19,5042.00,2026-08-09 01:52:00,REFUNDED
17898,1,13,1946.70,2026-08-28 03:24:00,FAILED
17899,4,8,4208.30,2026-08-14 03:40:00,REFUNDED
17900,1,18,2216.50,2026-08-13 14:27:00,PENDING
17901,8,1,1110.00,2026-08-12 13:23:00,REFUNDED
17902,6,1,2531.50,2026-08-24 02:41:00,REFUNDED
17903,1,10,4308.70,2026-08-25 01:12:00,FAILED
17904,1,14,3600.50,2026-08-24 03:50:00,REFUNDED
17905,7,4,1533.50,2026-08-05 23:06:00,PENDING
17906,10,14,863.00,2026-08-05 13:19:00,SUCCESS
17907,3,19,2603.80,2026-08-14 14:11:00,REFUNDED
17908,3,11,3648.30,2026-08-03 01:01:00,REFUNDED
17909,4,14,2079.00,2026-08-13 12:11:00,FAILED
17910,10,19,91.30,2026-08-22 05:08:00,PENDING
17911,1,6,1783.80,2026-08-01 20:13:00,REFUNDED
17912,9,7,1342.30,2026-08-14 20:44:00,PENDING
17913,3,12,3317.90,2026-08-29 23:41:00,FAILED
17914,7,14,1475.30,2026-08-25 00:47:00,SUCCESS
17915,10,8,267.80,2026-08-20 20:46:00,SUCCESS
17916,5,3,1413.30,2026-08-15 23:56:00,PENDING
17917,9,15,1138.00,2026-08-20 03:55:00,REFUNDED
17918,3,18,2290.90,2026-08-06 13:29:00,PENDING
17919,2,13,1839.80,2026-08-17 15:57:00,REFUNDED
17920,2,18,1966.80,2026-08-08 01:43:00,REFUNDED
17921,10,5,4963.00,2026-08-21 08:45:00,SUCCESS
17922,7,12,4086.70,2026-08-27 19:15:00,PENDING
17923,2,13,307.00,2026-08-17 20:51:00,SUCCESS
17924,7,15,3542.90,2026-08-23 14:27:00,SUCCESS
17925,3,11,1511.00,2026-08-05 13:43:00,REFUNDED
17926,1,2,5036.70,2026-08-04 01:51:00,REFUNDED
17927,7,20,3630.60,2026-08-22 20:45:00,REFUNDED
17928,10,1,4308.20,2026-08-29 22:31:00,PENDING
17929,9,3,1644.30,2026-08-24 02:57:00,REFUNDED
17930,7,11,3511.60,2026-08-11 21:51:00,PENDING
17931,1,20,4332.10,2026-08-18 06:53:00,REFUNDED
17932,7,7,3362.30,2026-08-17 07:48:00,SUCCESS
17933,9,14,846.60,2026-08-17 17:48:00,SUCCESS
17934,10,2,1766.80,2026-08-23 18:15:00,REFUNDED
17935,5,13,2304.00,2026-08-17 01:35:00,SUCCESS
17936,1,12,2893.10,2026-08-14 15:50:00,REFUNDED
17937,9,18,408.60,2026-08-04 13:46:00,REFUNDED
17938,2,14,2008.10,2026-08-30 22:29:00,SUCCESS
17939,10,12,501.80,2026-08-27 22:41:00,FAILED
17940,2,3,1318.70,2026-08-15 20:43:00,SUCCESS
17941,10,4,723.10,2026-08-22 11:13:00,SUCCESS
17942,5,19,2637.80,2026-08-23 16:37:00,REFUNDED
17943,1,11,2719.60,2026-08-20 03:52:00,REFUNDED
17944,2,19,455.60,2026-08-06 05:54:00,FAILED
17945,8,7,4642.10,2026-08-21 10:49:00,FAILED
17946,10,20,177.90,2026-08-22 04:07:00,PENDING
17947,10,1,2210.90,2026-08-21 14:37:00,REFUNDED
17948,9,18,2704.00,2026-08-23 23:58:00,PENDING
17949,1,100.00
17950,7,11,4812.70,2026-08-25 05:19:00,SUCCESS
17951,8,15,64.90,2026-08-23 14:09:00,SUCCESS
17952,4,14,4208.50,2026-08-10 03:44:00,FAILED
17953,1,1,NOT_A_NUMBER,2026-08-01 12:00:00,SUCCESS
17954,8,17,4034.70,2026-08-16 01:03:00,SUCCESS
17955,8,5,4378.50,2026-08-15 08:08:00,PENDING
17956,1,19,415.40,2026-08-29 14:08:00,SUCCESS
17957,8,15,4712.70,2026-08-08 23:38:00,PENDING
17958,6,13,4975.50,2026-08-11 06:45:00,PENDING
17959,9,5,3960.50,2026-08-24 06:44:00,SUCCESS
17960,5,13,2288.80,2026-08-17 07:43:00,REFUNDED
17961,1,9,1574.20,2026-08-12 00:43:00,FAILED
17962,9,12,4156.70,2026-08-06 08:21:00,REFUNDED
17963,8,12,460.40,2026-08-11 21:12:00,SUCCESS
17964,10,20,2234.20,2026-08-09 12:14:00,PENDING
17965,1,6,2782.50,2026-08-09 12:31:00,SUCCESS
17966,6,6,4768.30,2026-08-10 11:58:00,PENDING
17967,3,11,4630.10,2026-08-11 16:20:00,REFUNDED
17968,3,7,2911.20,2026-08-15 19:33:00,REFUNDED
17969,1,7,2233.20,2026-08-05 18:07:00,FAILED
17970,10,1,713.90,2026-08-29 07:04:00,SUCCESS
17971,5,10,1109.20,2026-08-28 15:52:00,SUCCESS
17972,9,9,4794.40,2026-08-02 16:35:00,SUCCESS
17973,7,13,1997.70,2026-08-14 16:19:00,REFUNDED
17974,7,4,3949.30,2026-08-11 08:35:00,REFUNDED
17975,2,19,254.80,2026-08-15 14:47:00,FAILED
17976,7,7,1212.00,2026-08-28 11:31:00,FAILED
17977,6,13,1439.60,2026-08-26 02:53:00,REFUNDED
17978,3,18,3308.90,2026-08-03 05:32:00,PENDING
17979,6,6,930.20,2026-08-14 04:16:00,PENDING
17980,7,12,3389.20,2026-08-16 00:38:00,PENDING
17981,9,12,696.50,2026-08-28 06:17:00,FAILED
17982,2,5,3272.60,2026-08-23 21:00:00,PENDING
17983,1,1,5000,2026-08-01 12:00:00,UNKNOWN_STATUS
17984,10,10,847.50,2026-08-13 21:06:00,FAILED
17985,1,11,4166.80,2026-08-25 14:15:00,REFUNDED
17986,7,9,1119.80,2026-08-17 12:40:00,SUCCESS
17987,8,16,126.60,2026-08-17 04:57:00,PENDING
17988,5,12,963.60,2026-08-25 16:59:00,SUCCESS
17989,1,100.00
17990,10,15,3391.00,2026-08-15 18:50:00,PENDING
17991,9,20,2362.40,2026-08-14 00:01:00,PENDING
17992,1,10,5032.70,2026-08-16 11:03:00,PENDING
17993,1,15,3510.90,2026-08-17 06:48:00,SUCCESS
17994,2,11,1742.80,2026-08-16 00:56:00,PENDING
17995,10,2,2548.50,2026-08-15 13:25:00,PENDING
17996,9,17,2533.10,2026-08-20 16:46:00,PENDING
17997,10,18,2785.70,2026-08-15 02:59:00,SUCCESS
17998,9,8,3869.90,2026-08-20 12:49:00,SUCCESS
17999,9,18,1032.80,2026-08-16 01:50:00,FAILED
18000,9,15,3842.70,2026-08-01 17:54:00,REFUNDED
18001,5,8,2923.60,2026-08-24 21:12:00,PENDING
18002,7,13,2682.50,2026-08-13 13:16:00,PENDING
18003,7,11,440.10,2026-08-09 15:03:00,PENDING
18004,5,6,1313.70,2026-08-02 12:15:00,SUCCESS
18005,5,17,814.10,2026-08-10 11:40:00,REFUNDED
18006,7,14,2874.50,2026-08-20 13:47:00,FAILED
18007,5,17,1642.80,2026-08-22 20:41:00,PENDING
18008,5,1,4517.40,2026-08-23 08:13:00,FAILED
18009,5,15,3234.00,2026-08-11 03:00:00,SUCCESS
18010,7,15,2457.10,2026-08-21 11:04:00,SUCCESS
18011,1,14,1931.70,2026-08-03 10:24:00,PENDING
18012,8,9,510.40,2026-08-25 11:31:00,FAILED
18013,1,6,1798.20,2026-08-22 15:20:00,SUCCESS
18014,1,16,622.10,2026-08-26 10:00:00,REFUNDED
18015,3,12,4848.60,2026-08-03 05:54:00,REFUNDED
18016,4,16,3795.10,2026-08-21 15:11:00,REFUNDED
18017,4,20,3837.70,2026-08-08 00:54:00,PENDING
18018,5,7,1393.10,2026-08-31 03:00:00,REFUNDED
18019,8,16,4813.30,2026-08-23 09:36:00,PENDING
18020,7,12,2158.70,2026-08-24 16:45:00,REFUNDED
18021,1,1,NOT_A_NUMBER,2026-08-01 12:00:00,SUCCESS
18022,1,12,1285.10,2026-08-05 08:23:00,REFUNDED
18023,7,16,2600.70,2026-08-09 23:08:00,REFUNDED
18024,1,11,3457.20,2026-08-10 12:17:00,PENDING
18025,7,7,2811.20,2026-08-18 08:52:00,FAILED
18026,8,15,3624.10,2026-08-28 06:33:00,SUCCESS
18027,3,7,2097.20,2026-08-13 05:28:00,SUCCESS
18028,10,6,4596.70,2026-08-26 07:36:00,FAILED
18029,5,11,4633.60,2026-08-26 08:26:00,REFUNDED
18030,4,6,430.90,2026-08-06 10:03:00,PENDING
18031,3,3,2093.80,2026-08-08 20:13:00,SUCCESS
18032,7,20,1793.50,2026-08-08 20:00:00,FAILED
18033,2,9,4967.10,2026-08-01 15:20:00,PENDING
18034,5,10,2483.00,2026-08-28 06:55:00,SUCCESS
18035,4,11,1100.00,2026-08-09 18:53:00,FAILED
18036,10,9,1941.00,2026-08-15 02:28:00,PENDING
18037,10,4,4597.10,2026-08-26 05:04:00,REFUNDED
18038,2,18,4754.30,2026-08-06 02:09:00,PENDING
18039,6,3,2968.20,2026-08-27 23:34:00,PENDING
18040,10,4,2252.90,2026-08-04 10:31:00,SUCCESS
18041,7,10,1221.80,2026-08-07 07:23:00,REFUNDED
18042,2,12,5014.70,2026-08-17 20:52:00,SUCCESS
18043,3,16,4515.70,2026-08-28 21:58:00,FAILED
18044,5,10,1932.40,2026-08-27 04:32:00,SUCCESS
18045,1,5,4723.20,2026-08-10 09:30:00,PENDING
18046,7,14,1977.40,2026-08-31 06:43:00,SUCCESS
18047,7,15,501.00,2026-08-16 06:07:00,FAILED
18048,1,8,2411.70,2026-08-03 18:17:00,REFUNDED
18049,2,10,4063.60,2026-08-15 06:50:00,FAILED
18050,8,19,426.00,2026-08-10 09:39:00,FAILED
18051,3,15,3179.60,2026-08-30 01:10:00,PENDING
18052,2,5,755.90,2026-08-09 14:24:00,PENDING
18053,5,4,4473.00,2026-08-29 21:48:00,REFUNDED
18054,4,14,4599.90,2026-08-30 03:07:00,SUCCESS
18055,1,5,2440.40,2026-08-22 17:48:00,REFUNDED
18056,4,3,2819.00,2026-08-20 20:10:00,REFUNDED
18057,2,20,4312.90,2026-08-06 12:24:00,REFUNDED
18058,8,6,4011.30,2026-08-17 15:30:00,REFUNDED
18059,3,2,817.60,2026-08-24 20:49:00,PENDING
18060,3,18,2610.10,2026-08-26 00:28:00,REFUNDED
18061,5,10,3450.30,2026-08-15 11:54:00,SUCCESS
18062,3,12,2079.20,2026-08-28 08:29:00,REFUNDED
18063,8,9,2460.40,2026-08-21 05:46:00,FAILED
18064,8,5,588.70,2026-08-20 23:14:00,SUCCESS
18065,3,7,2966.60,2026-08-06 18:53:00,PENDING
18066,7,17,451.40,2026-08-04 02:31:00,PENDING
18067,9,9,2257.60,2026-08-29 11:45:00,PENDING
18068,9,8,3232.80,2026-08-28 03:42:00,REFUNDED
18069,6,20,4141.50,2026-08-31 02:56:00,PENDING
18070,4,7,4129.80,2026-08-25 04:30:00,REFUNDED
18071,8,18,2463.80,2026-08-12 00:30:00,REFUNDED
18072,1,12,964.80,2026-08-23 20:44:00,PENDING
18073,10,6,3990.30,2026-08-07 04:09:00,PENDING
18074,6,16,4305.60,2026-08-09 13:17:00,REFUNDED
18075,4,18,1976.90,2026-08-15 18:48:00,SUCCESS
18076,4,18,2165.00,2026-08-22 15:30:00,FAILED
18077,4,19,2778.20,2026-08-23 02:41:00,FAILED
18078,7,14,2905.90,2026-08-18 13:52:00,SUCCESS
18079,4,11,2540.20,2026-08-30 00:25:00,PENDING
18080,6,5,1295.50,2026-08-07 16:31:00,REFUNDED
18081,10,4,4655.90,2026-08-21 13:41:00,SUCCESS
18082,1,15,1939.00,2026-08-21 02:01:00,REFUNDED
18083,1,12,4859.90,2026-08-11 14:14:00,SUCCESS
18084,2,6,112.90,2026-08-21 14:43:00,SUCCESS
18085,8,5,1429.30,2026-08-15 14:56:00,SUCCESS
18086,4,4,1313.60,2026-08-04 07:07:00,REFUNDED
18087,3,11,1256.80,2026-08-13 03:32:00,FAILED
18088,9,16,2878.50,2026-08-22 07:09:00,SUCCESS
18089,9,16,1087.00,2026-08-03 05:32:00,SUCCESS
18090,1,14,51.30,2026-08-23 04:06:00,SUCCESS
18091,1,7,4521.70,2026-08-14 15:34:00,REFUNDED
18092,10,16,2440.50,2026-08-03 00:08:00,SUCCESS
18093,10,20,1011.20,2026-08-13 07:51:00,PENDING
18094,7,15,827.80,2026-08-26 18:06:00,SUCCESS
18095,1,100.00
18096,9,15,4231.30,2026-08-27 23:51:00,FAILED
18097,9,8,4481.10,2026-08-20 10:26:00,REFUNDED
18098,8,11,1024.90,2026-08-08 19:19:00,SUCCESS
18099,4,17,241.60,2026-08-22 17:30:00,FAILED
18100,8,15,816.40,2026-08-02 15:30:00,FAILED
18101,8,19,2077.20,2026-08-16 01:04:00,FAILED
18102,1,8,901.50,2026-08-11 10:31:00,PENDING
18103,6,5,360.90,2026-08-09 10:04:00,SUCCESS
18104,3,19,1564.20,2026-08-30 17:49:00,REFUNDED
18105,5,19,1273.50,2026-08-28 22:35:00,SUCCESS
18106,4,10,946.50,2026-08-11 17:26:00,PENDING
18107,6,5,4014.40,2026-08-04 07:19:00,FAILED
18108,5,13,3782.70,2026-08-06 08:00:00,FAILED
18109,8,12,1041.60,2026-08-03 08:58:00,FAILED
18110,7,20,2902.70,2026-08-18 02:21:00,FAILED
18111,8,14,3787.00,2026-08-18 08:01:00,REFUNDED
18112,4,2,4823.60,2026-08-25 07:10:00,FAILED
18113,2,11,3514.50,2026-08-27 23:47:00,FAILED
18114,6,9,90.30,2026-08-21 10:36:00,REFUNDED
18115,3,5,1644.00,2026-08-16 02:46:00,FAILED
18116,4,2,1014.00,2026-08-03 11:19:00,PENDING
18117,1,13,474.30,2026-08-21 23:43:00,PENDING
18118,4,13,3494.20,2026-08-22 05:53:00,SUCCESS
18119,5,1,3464.90,2026-08-14 05:58:00,PENDING
18120,7,16,4578.80,2026-08-20 16:02:00,REFUNDED
18121,8,3,433.70,2026-08-03 14:37:00,SUCCESS
18122,5,13,534.10,2026-08-16 06:49:00,FAILED
18123,9,20,2459.60,2026-08-01 16:24:00,FAILED
18124,7,19,1616.90,2026-08-20 03:27:00,REFUNDED
18125,4,1,1473.90,2026-08-17 16:54:00,REFUNDED
18126,7,8,1902.10,2026-08-31 02:48:00,SUCCESS
18127,5,2,4444.80,2026-08-24 00:54:00,PENDING
18128,8,13,3905.90,2026-08-17 04:51:00,REFUNDED
18129,10,14,3951.20,2026-08-06 12:35:00,PENDING
18130,7,12,4918.10,2026-08-21 15:47:00,REFUNDED
18131,4,15,2401.10,2026-08-26 04:12:00,PENDING
18132,6,5,114.70,2026-08-10 03:58:00,PENDING
18133,9,13,2248.30,2026-08-16 15:20:00,REFUNDED
18134,9,16,535.50,2026-08-08 04:40:00,FAILED
18135,8,10,4775.50,2026-08-01 13:23:00,SUCCESS
18136,2,14,3868.10,2026-08-07 12:41:00,PENDING
18137,4,3,2569.20,2026-08-19 07:40:00,SUCCESS
18138,5,1,458.30,2026-08-17 13:54:00,FAILED
18139,5,12,782.30,2026-08-24 22:27:00,REFUNDED
18140,9,2,4507.60,2026-08-30 20:35:00,REFUNDED
18141,3,20,384.60,2026-08-24 22:31:00,FAILED
18142,6,13,3461.00,2026-08-27 14:08:00,SUCCESS
18143,8,2,623.40,2026-08-11 20:03:00,FAILED
18144,4,13,4504.10,2026-08-06 05:58:00,REFUNDED
18145,8,16,3411.50,2026-08-28 23:10:00,PENDING
18146,10,3,1133.70,2026-08-11 04:02:00,PENDING
18147,10,11,1335.80,2026-08-09 14:34:00,SUCCESS
18148,5,13,277.80,2026-08-11 10:48:00,REFUNDED
18149,1,16,1003.50,2026-08-17 15:56:00,PENDING
18150,10,13,3881.30,2026-08-22 15:52:00,SUCCESS
18151,6,17,1826.10,2026-08-27 12:06:00,SUCCESS
18152,6,7,888.80,2026-08-23 16:51:00,SUCCESS
18153,4,12,3732.30,2026-08-20 14:00:00,FAILED
18154,6,6,3482.90,2026-08-22 23:44:00,FAILED
18155,3,6,3095.90,2026-08-23 20:26:00,REFUNDED
18156,5,7,2045.00,2026-08-20 04:44:00,PENDING
18157,8,4,1771.80,2026-08-17 13:12:00,REFUNDED
18158,6,2,4825.20,2026-08-08 00:58:00,SUCCESS
18159,9,1,2737.20,2026-08-13 23:05:00,FAILED
18160,4,17,235.40,2026-08-01 16:54:00,SUCCESS
18161,8,20,1391.20,2026-08-27 12:24:00,PENDING
18162,7,20,1214.10,2026-08-26 12:51:00,FAILED
18163,4,9,2965.30,2026-08-28 05:15:00,FAILED
18164,8,6,4460.50,2026-08-05 08:22:00,SUCCESS
18165,7,6,3596.60,2026-08-21 12:16:00,REFUNDED
18166,8,4,2244.20,2026-08-23 22:34:00,REFUNDED
18167,4,3,3965.10,2026-08-14 01:04:00,SUCCESS
18168,7,9,2344.50,2026-08-17 05:48:00,FAILED
18169,6,16,881.40,2026-08-28 07:36:00,FAILED
18170,8,5,3869.90,2026-08-24 14:20:00,SUCCESS
18171,6,12,1016.20,2026-08-08 02:57:00,FAILED
18172,5,8,2297.40,2026-08-24 02:53:00,PENDING
18173,2,5,3363.20,2026-08-21 15:15:00,PENDING
18174,3,16,608.00,2026-08-28 01:12:00,SUCCESS
18175,4,14,2168.70,2026-08-14 12:28:00,REFUNDED
18176,4,20,4487.40,2026-08-20 18:47:00,REFUNDED
18177,1,7,1499.60,2026-08-20 23:17:00,FAILED
18178,7,17,1573.50,2026-08-15 09:34:00,FAILED
18179,10,7,2221.10,2026-08-06 09:05:00,FAILED
18180,7,2,3049.20,2026-08-02 08:05:00,REFUNDED
18181,1,1,5000,INVALID_DATE_TIME,SUCCESS
18182,10,5,3496.60,2026-08-08 04:36:00,PENDING
18183,7,7,4712.90,2026-08-10 18:01:00,SUCCESS
18184,1,6,3717.30,2026-08-11 15:54:00,SUCCESS
18185,8,17,2474.40,2026-08-04 08:24:00,FAILED
18186,9,17,530.20,2026-08-26 23:40:00,SUCCESS
18187,4,3,347.10,2026-08-28 22:35:00,SUCCESS
18188,2,20,4167.20,2026-08-16 03:14:00,SUCCESS
18189,7,20,3086.70,2026-08-01 20:37:00,PENDING
18190,6,6,1835.90,2026-08-01 08:42:00,PENDING
18191,3,15,972.40,2026-08-21 12:13:00,PENDING
18192,3,17,3433.20,2026-08-19 23:59:00,REFUNDED
18193,10,19,2606.30,2026-08-01 10:40:00,SUCCESS
18194,9,16,3082.70,2026-08-27 12:08:00,REFUNDED
18195,7,16,2349.60,2026-08-14 06:55:00,REFUNDED
18196,9,12,3246.30,2026-08-14 01:12:00,REFUNDED
18197,6,18,2487.50,2026-08-22 03:18:00,FAILED
18198,10,11,3434.90,2026-08-17 10:10:00,REFUNDED
18199,8,5,3940.90,2026-08-09 06:27:00,REFUNDED
18200,4,7,780.40,2026-08-06 05:02:00,PENDING
18201,1,11,4668.70,2026-08-25 14:45:00,REFUNDED
18202,6,11,2401.60,2026-08-26 04:08:00,SUCCESS
18203,2,11,1764.80,2026-08-10 03:16:00,SUCCESS
18204,9,2,1247.20,2026-08-11 00:30:00,PENDING
18205,3,8,895.60,2026-08-08 07:36:00,PENDING
18206,1,9,114.60,2026-08-15 11:57:00,REFUNDED
18207,3,16,705.40,2026-08-27 12:13:00,REFUNDED
18208,6,15,3078.50,2026-08-03 09:46:00,SUCCESS
18209,5,11,1442.80,2026-08-15 00:27:00,PENDING
18210,10,18,3514.50,2026-08-04 22:31:00,SUCCESS
18211,1,4,2237.60,2026-08-22 15:00:00,REFUNDED
18212,8,7,3501.60,2026-08-16 09:09:00,PENDING
18213,8,7,4763.60,2026-08-03 20:10:00,PENDING
18214,1,15,193.10,2026-08-30 17:23:00,PENDING
18215,5,11,4370.20,2026-08-10 07:45:00,REFUNDED
18216,1,11,1163.20,2026-08-21 22:42:00,SUCCESS
18217,1,7,2543.00,2026-08-23 13:04:00,PENDING
18218,9,8,689.80,2026-08-05 01:52:00,FAILED
18219,1,15,554.70,2026-08-21 08:26:00,FAILED
18220,4,5,4442.90,2026-08-17 08:45:00,PENDING
18221,5,15,439.10,2026-08-22 17:40:00,REFUNDED
18222,5,12,700.20,2026-08-16 11:29:00,FAILED
18223,1,1,716.40,2026-08-29 16:32:00,REFUNDED
18224,7,18,2091.70,2026-08-17 20:29:00,REFUNDED
18225,9,16,2033.10,2026-08-15 12:50:00,REFUNDED
18226,2,8,3760.80,2026-08-11 21:08:00,FAILED
18227,2,18,4578.90,2026-08-27 20:55:00,FAILED
18228,5,19,2632.50,2026-08-12 18:36:00,FAILED
18229,6,5,3621.30,2026-08-24 01:54:00,REFUNDED
18230,9,1,4246.00,2026-08-23 21:53:00,SUCCESS
18231,10,16,1457.80,2026-08-05 05:47:00,FAILED
18232,2,14,1515.30,2026-08-01 15:25:00,FAILED
18233,3,20,4568.80,2026-08-19 02:48:00,REFUNDED
18234,1,12,4036.30,2026-08-15 00:52:00,REFUNDED
18235,1,1,1401.90,2026-08-22 18:57:00,SUCCESS
18236,1,9,1538.80,2026-08-18 02:02:00,FAILED
18237,6,13,4599.90,2026-08-22 10:52:00,FAILED
18238,3,9,3966.00,2026-08-21 07:41:00,FAILED
18239,3,6,494.20,2026-08-12 02:36:00,FAILED
18240,9,20,305.80,2026-08-26 03:14:00,REFUNDED
18241,7,12,3242.00,2026-08-16 21:00:00,FAILED
18242,6,16,4683.00,2026-08-19 13:59:00,REFUNDED
18243,8,5,3969.10,2026-08-28 13:32:00,FAILED
18244,3,3,673.30,2026-08-11 09:56:00,SUCCESS
18245,10,14,4788.90,2026-08-09 19:22:00,REFUNDED
18246,5,16,4177.00,2026-08-31 05:31:00,PENDING
18247,4,19,2235.70,2026-08-02 21:40:00,REFUNDED
18248,1,11,2978.40,2026-08-26 11:37:00,REFUNDED
18249,8,4,465.80,2026-08-17 01:53:00,REFUNDED
18250,5,20,2878.80,2026-08-30 06:34:00,REFUNDED
18251,4,10,135.30,2026-08-22 09:51:00,PENDING
18252,3,18,1262.90,2026-08-24 07:07:00,SUCCESS
18253,2,1,822.30,2026-08-15 04:47:00,PENDING
18254,5,1,2385.10,2026-08-17 17:41:00,PENDING
18255,9,5,2469.20,2026-08-25 01:26:00,FAILED
18256,8,18,1220.40,2026-08-14 03:48:00,REFUNDED
18257,9,16,2560.40,2026-08-20 22:25:00,REFUNDED
18258,6,8,1686.30,2026-08-18 02:30:00,REFUNDED
18259,5,5,465.50,2026-08-27 10:21:00,SUCCESS
18260,5,3,2900.90,2026-08-03 19:29:00,SUCCESS
18261,6,8,234.00,2026-08-10 06:50:00,FAILED
18262,1,11,4323.30,2026-08-30 07:53:00,REFUNDED
18263,6,19,1036.20,2026-08-09 22:21:00,PENDING
18264,2,16,4735.60,2026-08-16 02:13:00,FAILED
18265,5,20,4426.40,2026-08-30 18:51:00,REFUNDED
18266,1,7,1515.80,2026-08-18 02:35:00,SUCCESS
18267,7,14,2253.80,2026-08-17 04:06:00,FAILED
18268,6,17,2814.60,2026-08-22 12:28:00,PENDING
18269,8,19,2065.30,2026-08-08 09:31:00,FAILED
18270,10,14,2256.50,2026-08-26 21:36:00,PENDING
18271,7,3,1026.50,2026-08-14 20:50:00,SUCCESS
18272,3,14,1593.30,2026-08-27 08:25:00,FAILED
18273,10,14,3923.30,2026-08-05 15:38:00,PENDING
18274,7,17,2393.70,2026-08-18 21:48:00,PENDING
18275,1,1,477.50,2026-08-07 17:39:00,SUCCESS
18276,9,6,4309.60,2026-08-25 11:18:00,PENDING
18277,1,14,4550.80,2026-08-03 15:27:00,SUCCESS
18278,7,13,2630.60,2026-08-08 00:45:00,FAILED
18279,6,9,291.40,2026-08-17 09:25:00,FAILED
18280,1,11,3706.10,2026-08-01 21:28:00,REFUNDED
18281,6,1,3057.60,2026-08-02 17:41:00,FAILED
18282,7,8,4183.80,2026-08-21 13:02:00,PENDING
18283,6,10,1124.10,2026-08-09 17:59:00,PENDING
18284,9,20,264.50,2026-08-08 23:12:00,FAILED
18285,7,7,1100.90,2026-08-06 12:42:00,PENDING
18286,4,9,1762.20,2026-08-06 18:43:00,REFUNDED
18287,2,5,1451.90,2026-08-19 23:40:00,REFUNDED
18288,5,10,4725.90,2026-08-25 16:21:00,SUCCESS
18289,9,18,3633.60,2026-08-28 05:07:00,SUCCESS
18290,2,4,2854.80,2026-08-03 08:36:00,REFUNDED
18291,1,6,4750.50,2026-08-24 21:26:00,FAILED
18292,1,14,3761.10,2026-08-14 03:37:00,SUCCESS
18293,7,13,3390.40,2026-08-23 04:03:00,PENDING
18294,4,8,3216.80,2026-08-05 19:11:00,REFUNDED
18295,8,5,575.10,2026-08-28 01:42:00,REFUNDED
18296,9,5,1657.40,2026-08-12 01:32:00,SUCCESS
18297,6,3,1333.90,2026-08-01 15:05:00,PENDING
18298,3,20,2348.90,2026-08-26 01:57:00,FAILED
18299,8,12,3187.30,2026-08-20 10:14:00,REFUNDED
18300,5,10,3587.00,2026-08-01 09:08:00,REFUNDED
18301,3,3,2180.10,2026-08-05 15:13:00,SUCCESS
18302,4,9,1276.10,2026-08-28 09:37:00,SUCCESS
18303,1,16,1433.40,2026-08-03 12:43:00,REFUNDED
18304,4,3,4250.40,2026-08-02 15:15:00,PENDING
18305,6,17,2628.90,2026-08-29 03:48:00,SUCCESS
18306,9,4,2400.10,2026-08-21 18:14:00,SUCCESS
18307,7,5,1958.60,2026-08-22 19:29:00,SUCCESS
18308,1,19,2655.30,2026-08-03 07:22:00,REFUNDED
18309,10,9,192.20,2026-08-28 15:49:00,FAILED
18310,3,12,4172.30,2026-08-04 15:14:00,FAILED
18311,6,12,2713.60,2026-08-14 01:28:00,FAILED
18312,8,4,302.60,2026-08-26 15:15:00,FAILED
18313,4,1,1736.80,2026-08-12 21:33:00,PENDING
18314,9,15,3555.80,2026-08-02 01:03:00,PENDING
18315,4,18,2153.10,2026-08-02 13:00:00,PENDING
18316,7,7,1625.90,2026-08-07 11:01:00,REFUNDED
18317,7,9,2873.80,2026-08-20 13:37:00,REFUNDED
18318,6,15,1713.30,2026-08-13 19:49:00,PENDING
18319,7,14,1838.00,2026-08-23 09:55:00,PENDING
18320,2,13,3646.40,2026-08-15 02:58:00,FAILED
18321,9,6,3594.60,2026-08-30 22:10:00,REFUNDED
18322,3,4,3761.70,2026-08-21 07:24:00,FAILED
18323,10,20,4312.00,2026-08-29 21:59:00,FAILED
18324,9,19,3781.10,2026-08-17 05:00:00,SUCCESS
18325,6,13,4978.90,2026-08-13 23:58:00,REFUNDED
18326,4,10,4898.50,2026-08-21 08:07:00,REFUNDED
18327,3,7,934.20,2026-08-21 20:37:00,REFUNDED
18328,6,7,3756.30,2026-08-08 17:45:00,SUCCESS
18329,6,2,4653.60,2026-08-29 20:56:00,SUCCESS
18330,8,15,3072.30,2026-08-30 22:02:00,SUCCESS
18331,6,5,4913.90,2026-08-28 13:03:00,PENDING
18332,7,18,2023.10,2026-08-29 13:42:00,SUCCESS
18333,1,100.00
18334,9,18,194.60,2026-08-26 00:38:00,PENDING
18335,2,9,3176.60,2026-08-07 11:36:00,SUCCESS
18336,10,6,4493.50,2026-08-15 02:03:00,REFUNDED
18337,7,12,82.20,2026-08-10 14:53:00,PENDING
18338,5,1,4720.70,2026-08-06 03:45:00,REFUNDED
18339,7,16,1982.50,2026-08-07 03:14:00,SUCCESS
18340,2,16,570.80,2026-08-18 18:03:00,FAILED
18341,1,11,4927.20,2026-08-27 15:57:00,FAILED
18342,6,9,3347.80,2026-08-19 15:05:00,FAILED
18343,3,18,3006.20,2026-08-15 23:54:00,PENDING
18344,5,13,3193.00,2026-08-28 21:36:00,FAILED
18345,9,11,4730.30,2026-08-24 14:11:00,REFUNDED
18346,6,1,1276.50,2026-08-19 18:07:00,PENDING
18347,10,14,3944.40,2026-08-31 00:01:00,PENDING
18348,7,16,517.10,2026-08-05 09:14:00,REFUNDED
18349,9,18,1126.80,2026-08-23 19:53:00,REFUNDED
18350,8,19,593.90,2026-08-10 20:51:00,PENDING
18351,4,17,2598.20,2026-08-12 19:36:00,PENDING
18352,4,10,1659.70,2026-08-27 18:29:00,FAILED
18353,6,1,2865.60,2026-08-04 16:40:00,PENDING
18354,1,1,5000,INVALID_DATE_TIME,SUCCESS
18355,6,10,3031.40,2026-08-24 08:04:00,FAILED
18356,9,5,2277.10,2026-08-04 22:19:00,PENDING
18357,4,13,2790.00,2026-08-08 06:05:00,FAILED
18358,9,16,1730.30,2026-08-18 23:27:00,SUCCESS
18359,5,15,324.60,2026-08-16 06:24:00,PENDING
18360,7,9,249.70,2026-08-05 14:13:00,FAILED
18361,6,18,4535.70,2026-08-12 08:24:00,SUCCESS
18362,2,8,2136.90,2026-08-21 23:25:00,PENDING
18363,8,1,409.50,2026-08-09 02:45:00,SUCCESS
18364,2,13,2933.60,2026-08-13 18:58:00,PENDING
18365,10,18,4523.90,2026-08-11 03:05:00,SUCCESS
18366,8,15,3092.20,2026-08-30 04:12:00,FAILED
18367,8,12,1707.10,2026-08-07 09:24:00,PENDING
18368,7,19,4073.00,2026-08-29 06:33:00,REFUNDED
18369,2,11,791.50,2026-08-19 10:13:00,FAILED
18370,8,4,4223.30,2026-08-01 20:00:00,PENDING
18371,10,9,4011.20,2026-08-12 19:40:00,SUCCESS
18372,7,9,3539.40,2026-08-09 19:12:00,FAILED
18373,8,8,4530.70,2026-08-18 09:09:00,FAILED
18374,10,3,3910.50,2026-08-01 14:20:00,PENDING
18375,3,10,2438.00,2026-08-16 07:27:00,PENDING
18376,3,3,2482.90,2026-08-10 19:24:00,SUCCESS
18377,3,6,1417.20,2026-08-04 11:23:00,SUCCESS
18378,7,13,1831.70,2026-08-19 22:54:00,SUCCESS
18379,6,1,1828.60,2026-08-08 01:53:00,REFUNDED
18380,6,14,4858.60,2026-08-18 15:02:00,REFUNDED
18381,1,10,1019.90,2026-08-19 00:22:00,SUCCESS
18382,5,9,4020.50,2026-08-14 06:55:00,FAILED
18383,5,19,4898.20,2026-08-23 20:50:00,FAILED
18384,4,20,2120.70,2026-08-07 10:44:00,SUCCESS
18385,3,1,4737.30,2026-08-07 14:52:00,REFUNDED
18386,5,19,1990.10,2026-08-08 07:59:00,FAILED
18387,2,20,662.00,2026-08-18 07:41:00,SUCCESS
18388,3,2,1031.90,2026-08-07 19:54:00,FAILED
18389,7,1,2475.30,2026-08-18 02:26:00,REFUNDED
18390,10,1,3236.60,2026-08-21 06:14:00,PENDING
18391,2,12,778.20,2026-08-22 20:23:00,SUCCESS
18392,6,14,3414.60,2026-08-14 21:27:00,FAILED
18393,10,13,5030.70,2026-08-10 14:57:00,FAILED
18394,7,9,4949.10,2026-08-21 19:23:00,REFUNDED
18395,7,3,346.40,2026-08-24 06:04:00,FAILED
18396,3,9,4627.10,2026-08-22 15:35:00,REFUNDED
18397,4,19,623.10,2026-08-20 16:09:00,SUCCESS
18398,5,13,3584.50,2026-08-04 04:08:00,PENDING
18399,4,1,3300.10,2026-08-22 03:53:00,FAILED
18400,9,20,1512.10,2026-08-07 02:20:00,PENDING
18401,5,1,3417.70,2026-08-19 19:56:00,REFUNDED
18402,4,13,4219.90,2026-08-18 19:40:00,PENDING
18403,6,3,3532.30,2026-08-02 23:22:00,FAILED
18404,4,6,1635.40,2026-08-24 19:49:00,FAILED
18405,3,7,1406.70,2026-08-17 19:26:00,SUCCESS
18406,9,7,800.80,2026-08-31 06:39:00,REFUNDED
18407,2,6,2484.90,2026-08-26 22:49:00,SUCCESS
18408,5,15,319.80,2026-08-25 23:48:00,REFUNDED
18409,1,5,2266.60,2026-08-07 00:38:00,PENDING
18410,8,3,2933.60,2026-08-01 19:10:00,REFUNDED
18411,9,20,3108.00,2026-08-14 12:46:00,FAILED
18412,4,5,1325.80,2026-08-15 20:02:00,REFUNDED
18413,10,9,3564.00,2026-08-06 04:32:00,FAILED
18414,5,7,2490.70,2026-08-21 01:38:00,PENDING
18415,9,10,120.60,2026-08-17 11:53:00,REFUNDED
18416,4,8,2392.00,2026-08-04 18:07:00,REFUNDED
18417,5,11,3407.60,2026-08-13 04:29:00,PENDING
18418,6,4,716.60,2026-08-28 05:44:00,FAILED
18419,2,19,587.90,2026-08-09 20:35:00,REFUNDED
18420,10,6,3897.20,2026-08-18 07:17:00,SUCCESS
18421,8,8,2909.40,2026-08-24 11:28:00,REFUNDED
18422,10,14,4579.90,2026-08-01 13:16:00,PENDING
18423,2,19,1502.50,2026-08-15 00:05:00,PENDING
18424,6,16,3678.30,2026-08-20 18:09:00,SUCCESS
18425,9,14,2149.00,2026-08-20 23:56:00,SUCCESS
18426,5,19,100.00,2026-08-06 22:10:00,SUCCESS
18427,5,10,2200.40,2026-08-31 00:40:00,SUCCESS
18428,5,18,1840.70,2026-08-09 00:00:00,REFUNDED
18429,8,18,508.20,2026-08-19 13:15:00,PENDING
18430,4,1,2725.40,2026-08-10 16:09:00,FAILED
18431,8,13,808.70,2026-08-16 01:10:00,REFUNDED
18432,7,11,704.30,2026-08-07 12:29:00,PENDING
18433,7,9,182.40,2026-08-30 23:37:00,FAILED
18434,10,1,2040.70,2026-08-19 05:45:00,PENDING
18435,9,13,1531.40,2026-08-04 16:32:00,SUCCESS
18436,5,4,3165.70,2026-08-11 04:02:00,PENDING
18437,5,16,3704.90,2026-08-07 00:09:00,SUCCESS
18438,4,6,1921.00,2026-08-19 19:05:00,FAILED
18439,10,2,996.50,2026-08-29 19:15:00,SUCCESS
18440,5,8,842.00,2026-08-25 21:47:00,FAILED
18441,1,16,1911.40,2026-08-19 05:03:00,REFUNDED
18442,2,20,5004.10,2026-08-15 02:43:00,SUCCESS
18443,2,6,497.80,2026-08-01 08:20:00,PENDING
18444,8,4,789.40,2026-08-01 15:59:00,SUCCESS
18445,2,9,2731.10,2026-08-30 21:57:00,REFUNDED
18446,3,12,3060.00,2026-08-16 21:21:00,SUCCESS
18447,9,11,4518.80,2026-08-23 22:57:00,REFUNDED
18448,1,20,4179.80,2026-08-05 12:43:00,REFUNDED
18449,7,8,2887.80,2026-08-04 20:47:00,SUCCESS
18450,6,7,4209.30,2026-08-01 12:57:00,PENDING
18451,7,5,2347.70,2026-08-24 18:32:00,SUCCESS
18452,1,12,2904.60,2026-08-15 07:29:00,REFUNDED
18453,6,19,2644.70,2026-08-20 17:51:00,PENDING
18454,10,2,1846.50,2026-08-26 07:54:00,SUCCESS
18455,1,6,4801.50,2026-08-01 23:24:00,PENDING
18456,6,14,3257.50,2026-08-25 17:14:00,SUCCESS
18457,2,4,2087.20,2026-08-16 19:45:00,SUCCESS
18458,9,9,1681.10,2026-08-17 17:52:00,PENDING
18459,3,1,3395.40,2026-08-15 00:37:00,FAILED
18460,1,1,5000,INVALID_DATE_TIME,SUCCESS
18461,1,7,2382.60,2026-08-22 23:48:00,PENDING
18462,5,3,3132.00,2026-08-15 02:43:00,REFUNDED
18463,10,15,1722.60,2026-08-11 18:40:00,FAILED
18464,6,15,2332.90,2026-08-28 19:35:00,SUCCESS
18465,10,7,2542.30,2026-08-25 11:59:00,REFUNDED
18466,8,6,623.50,2026-08-28 22:25:00,SUCCESS
18467,2,10,4467.30,2026-08-16 00:31:00,REFUNDED
18468,1,100.00
18469,9,3,2074.60,2026-08-09 21:07:00,SUCCESS
18470,4,19,3097.10,2026-08-02 02:46:00,REFUNDED
18471,10,20,2196.20,2026-08-28 12:47:00,FAILED
18472,10,14,4751.60,2026-08-21 08:41:00,FAILED
18473,1,11,3368.70,2026-08-02 03:40:00,SUCCESS
18474,1,6,2354.00,2026-08-13 05:48:00,REFUNDED
18475,3,2,4317.10,2026-08-24 20:25:00,REFUNDED
18476,10,2,4928.60,2026-08-03 16:26:00,PENDING
18477,1,12,2237.10,2026-08-17 09:51:00,PENDING
18478,1,6,1745.00,2026-08-27 18:55:00,SUCCESS
18479,8,9,1476.50,2026-08-21 12:48:00,PENDING
18480,2,5,830.00,2026-08-22 16:54:00,REFUNDED
18481,5,12,2115.10,2026-08-22 20:52:00,SUCCESS
18482,8,14,4077.40,2026-08-04 20:35:00,SUCCESS
18483,9,14,4928.20,2026-08-25 16:38:00,SUCCESS
18484,1,1,NOT_A_NUMBER,2026-08-01 12:00:00,SUCCESS
18485,3,10,2947.60,2026-08-04 14:30:00,PENDING
18486,4,5,3655.20,2026-08-17 14:11:00,SUCCESS
18487,3,3,3275.80,2026-08-12 21:24:00,SUCCESS
18488,10,6,436.30,2026-08-14 02:05:00,SUCCESS
18489,8,11,4635.40,2026-08-11 02:24:00,REFUNDED
18490,2,11,891.10,2026-08-21 13:32:00,REFUNDED
18491,9,16,2283.40,2026-08-13 20:56:00,PENDING
18492,3,16,2136.60,2026-08-29 02:44:00,FAILED
18493,7,19,3499.80,2026-08-23 22:59:00,FAILED
18494,1,1,5000,2026-08-01 12:00:00,UNKNOWN_STATUS
18495,1,1,5000,2026-08-01 12:00:00,UNKNOWN_STATUS
18496,7,10,3001.80,2026-08-07 07:36:00,PENDING
18497,7,9,1625.00,2026-08-09 22:05:00,PENDING
18498,5,17,1887.90,2026-08-23 00:50:00,PENDING
18499,3,14,1212.40,2026-08-26 12:01:00,PENDING
18500,1,8,3171.10,2026-08-18 01:47:00,SUCCESS
18501,7,18,3588.70,2026-08-02 22:32:00,FAILED
18502,9,13,2261.20,2026-08-29 21:40:00,SUCCESS
18503,2,12,1714.30,2026-08-12 04:17:00,FAILED
18504,10,10,2787.30,2026-08-29 01:33:00,FAILED
18505,4,17,521.80,2026-08-15 16:18:00,REFUNDED
18506,2,9,1355.40,2026-08-23 23:49:00,SUCCESS
18507,9,13,1210.30,2026-08-02 23:43:00,PENDING
18508,3,6,1627.40,2026-08-11 22:39:00,PENDING
18509,2,16,2584.60,2026-08-16 18:08:00,FAILED
18510,1,11,600.60,2026-08-28 07:01:00,FAILED
18511,2,11,3048.80,2026-08-12 10:10:00,FAILED
18512,1,2,3661.70,2026-08-25 08:16:00,PENDING
18513,5,4,4011.50,2026-08-03 04:56:00,SUCCESS
18514,3,17,4168.80,2026-08-10 07:55:00,REFUNDED
18515,10,20,1989.50,2026-08-21 05:53:00,REFUNDED
18516,4,4,4006.20,2026-08-02 00:52:00,REFUNDED
18517,10,17,2075.20,2026-08-07 03:35:00,FAILED
18518,2,18,452.60,2026-08-08 01:15:00,PENDING
18519,8,5,463.90,2026-08-27 12:40:00,FAILED
18520,6,19,75.20,2026-08-20 05:36:00,PENDING
18521,8,9,3060.80,2026-08-05 15:06:00,REFUNDED
18522,9,14,776.60,2026-08-09 21:08:00,PENDING
18523,3,15,868.40,2026-08-08 23:30:00,REFUNDED
18524,5,9,2781.30,2026-08-20 01:10:00,PENDING
18525,2,15,3976.50,2026-08-06 20:09:00,SUCCESS
18526,5,12,2736.80,2026-08-05 21:46:00,FAILED
18527,7,4,312.90,2026-08-15 09:25:00,REFUNDED
18528,3,1,2162.30,2026-08-09 20:52:00,FAILED
18529,3,1,3990.20,2026-08-23 19:27:00,REFUNDED
18530,2,5,4025.80,2026-08-18 16:53:00,SUCCESS
18531,9,17,4861.90,2026-08-07 18:15:00,REFUNDED
18532,2,10,1211.00,2026-08-21 00:47:00,PENDING
18533,7,13,3043.10,2026-08-26 16:01:00,SUCCESS
18534,10,17,4024.60,2026-08-28 23:17:00,FAILED
18535,7,11,3835.30,2026-08-15 00:26:00,FAILED
18536,1,19,3915.50,2026-08-28 16:15:00,FAILED
18537,10,18,3552.90,2026-08-13 19:55:00,REFUNDED
18538,6,13,2296.80,2026-08-11 22:19:00,PENDING
18539,1,4,3448.80,2026-08-13 12:27:00,FAILED
18540,3,19,2145.40,2026-08-10 10:43:00,PENDING
18541,7,18,1102.70,2026-08-20 15:30:00,SUCCESS
18542,9,7,4020.80,2026-08-26 19:51:00,FAILED
18543,3,8,2192.20,2026-08-01 09:25:00,FAILED
18544,7,10,3319.60,2026-08-17 03:38:00,PENDING
18545,9,4,848.30,2026-08-30 07:41:00,FAILED
18546,1,1,1565.00,2026-08-21 19:49:00,PENDING
18547,8,20,4866.00,2026-08-25 08:31:00,FAILED
18548,3,10,2480.70,2026-08-27 19:18:00,FAILED
18549,10,12,3759.70,2026-08-20 19:51:00,FAILED
18550,2,14,110.70,2026-08-08 15:25:00,SUCCESS
18551,10,9,4199.80,2026-08-11 01:30:00,REFUNDED
18552,8,16,2754.60,2026-08-05 11:09:00,SUCCESS
18553,8,10,3130.10,2026-08-09 15:10:00,SUCCESS
18554,8,7,4244.20,2026-08-30 11:08:00,PENDING
18555,9,20,4427.10,2026-08-10 01:08:00,FAILED
18556,4,8,1936.80,2026-08-20 15:23:00,PENDING
18557,1,18,2129.20,2026-08-19 10:08:00,SUCCESS
18558,8,8,3748.60,2026-08-09 01:24:00,SUCCESS
18559,3,1,4579.50,2026-08-11 18:03:00,FAILED
18560,3,6,327.10,2026-08-09 13:34:00,SUCCESS
18561,9,9,4166.70,2026-08-23 10:26:00,FAILED
18562,10,4,660.30,2026-08-05 20:39:00,SUCCESS
18563,9,4,2932.20,2026-08-03 06:36:00,PENDING
18564,4,13,968.70,2026-08-15 21:52:00,FAILED
18565,8,1,2576.20,2026-08-29 21:28:00,REFUNDED
18566,10,11,2410.30,2026-08-02 01:39:00,PENDING
18567,1,7,1210.90,2026-08-09 22:09:00,REFUNDED
18568,5,19,1651.60,2026-08-05 22:34:00,SUCCESS
18569,9,16,1546.60,2026-08-27 03:42:00,REFUNDED
18570,9,6,4134.10,2026-08-29 07:21:00,FAILED
18571,9,7,2310.10,2026-08-10 14:24:00,FAILED
18572,3,13,576.00,2026-08-25 05:22:00,FAILED
18573,2,8,1977.60,2026-08-16 09:23:00,REFUNDED
18574,10,8,1396.70,2026-08-02 23:57:00,REFUNDED
18575,4,19,750.90,2026-08-29 01:59:00,FAILED
18576,3,3,2088.50,2026-08-13 17:47:00,PENDING
18577,2,7,2461.40,2026-08-25 21:02:00,FAILED
18578,9,1,2521.50,2026-08-20 03:19:00,FAILED
18579,10,20,529.80,2026-08-30 14:16:00,REFUNDED
18580,7,20,3487.50,2026-08-07 19:58:00,PENDING
18581,7,7,2039.00,2026-08-04 14:11:00,FAILED
18582,2,6,60.30,2026-08-24 09:17:00,PENDING
18583,7,16,1946.90,2026-08-02 06:37:00,REFUNDED
18584,9,9,3922.30,2026-08-12 10:44:00,SUCCESS
18585,4,17,936.60,2026-08-14 22:28:00,PENDING
18586,5,5,3460.20,2026-08-19 22:59:00,REFUNDED
18587,7,6,1819.30,2026-08-24 23:51:00,REFUNDED
18588,3,8,3192.00,2026-08-07 17:45:00,SUCCESS
18589,8,3,916.70,2026-08-15 04:41:00,SUCCESS
18590,3,6,904.20,2026-08-19 00:17:00,SUCCESS
18591,9,3,674.00,2026-08-13 23:40:00,FAILED
18592,5,18,4782.40,2026-08-25 13:39:00,PENDING
18593,7,11,4164.50,2026-08-04 07:53:00,PENDING
18594,8,17,3820.30,2026-08-10 08:21:00,FAILED
18595,8,17,3807.90,2026-08-26 14:29:00,REFUNDED
18596,8,20,1242.00,2026-08-02 07:31:00,FAILED
18597,4,18,2238.30,2026-08-26 05:57:00,REFUNDED
18598,2,11,3188.30,2026-08-25 14:09:00,FAILED
18599,7,10,908.10,2026-08-13 12:26:00,PENDING
18600,7,16,500.50,2026-08-18 08:03:00,PENDING
18601,2,8,72.20,2026-08-30 07:36:00,FAILED
18602,10,1,1764.40,2026-08-11 18:39:00,PENDING
18603,8,1,2101.00,2026-08-27 21:20:00,REFUNDED
18604,10,18,3768.40,2026-08-07 04:37:00,FAILED
18605,7,3,819.70,2026-08-01 14:46:00,FAILED
18606,5,6,3847.90,2026-08-23 14:18:00,FAILED
18607,10,3,2897.50,2026-08-14 00:36:00,PENDING
18608,10,6,2764.00,2026-08-22 04:12:00,REFUNDED
18609,5,13,4187.00,2026-08-06 00:00:00,SUCCESS
18610,4,19,2084.70,2026-08-12 14:53:00,PENDING
18611,2,13,572.90,2026-08-26 02:05:00,REFUNDED
18612,2,4,3243.80,2026-08-23 01:41:00,SUCCESS
18613,8,7,1519.30,2026-08-22 16:12:00,REFUNDED
18614,10,4,2085.90,2026-08-30 04:24:00,REFUNDED
18615,7,17,2434.90,2026-08-08 01:49:00,SUCCESS
18616,9,10,4858.80,2026-08-19 21:25:00,REFUNDED
18617,9,5,3851.10,2026-08-30 23:55:00,SUCCESS
18618,10,12,2545.80,2026-08-21 10:35:00,REFUNDED
18619,8,12,1704.80,2026-08-08 04:38:00,REFUNDED
18620,10,10,4223.30,2026-08-14 01:04:00,FAILED
18621,1,1,5000,INVALID_DATE_TIME,SUCCESS
18622,1,6,1337.10,2026-08-07 06:55:00,REFUNDED
18623,3,11,1511.20,2026-08-28 18:22:00,REFUNDED
18624,2,15,2886.80,2026-08-28 12:33:00,SUCCESS
18625,4,17,2146.20,2026-08-21 04:10:00,REFUNDED
18626,1,100.00
18627,2,17,3735.30,2026-08-05 00:06:00,PENDING
18628,6,16,2904.10,2026-08-04 23:50:00,FAILED
18629,3,18,156.70,2026-08-18 18:22:00,FAILED
18630,2,5,2533.50,2026-08-25 19:11:00,SUCCESS
18631,1,3,1184.00,2026-08-15 03:31:00,PENDING
18632,4,18,1610.50,2026-08-02 22:09:00,REFUNDED
18633,10,16,895.40,2026-08-28 18:15:00,SUCCESS
18634,1,10,176.00,2026-08-03 13:29:00,REFUNDED
18635,7,19,310.70,2026-08-24 03:20:00,SUCCESS
18636,7,9,3515.80,2026-08-24 04:06:00,REFUNDED
18637,6,2,1894.10,2026-08-13 17:27:00,PENDING
18638,2,15,3907.70,2026-08-24 02:15:00,REFUNDED
18639,3,3,4153.40,2026-08-21 14:41:00,PENDING
18640,9,2,2813.70,2026-08-16 19:42:00,FAILED
18641,9,17,4267.30,2026-08-06 16:19:00,REFUNDED
18642,5,19,4116.20,2026-08-30 23:46:00,SUCCESS
18643,5,6,4462.10,2026-08-14 08:11:00,REFUNDED
18644,9,20,3564.50,2026-08-01 20:02:00,FAILED
18645,2,10,1659.30,2026-08-30 22:49:00,FAILED
18646,5,5,1064.30,2026-08-24 07:16:00,PENDING
18647,5,8,848.00,2026-08-09 03:21:00,SUCCESS
18648,1,18,2521.40,2026-08-08 14:36:00,SUCCESS
18649,1,3,81.90,2026-08-08 04:49:00,FAILED
18650,2,2,3733.10,2026-08-29 21:04:00,PENDING
18651,8,12,2972.70,2026-08-06 19:39:00,FAILED
18652,6,8,3304.30,2026-08-06 21:53:00,FAILED
18653,4,13,4092.90,2026-08-30 10:58:00,FAILED
18654,6,7,4167.00,2026-08-25 09:44:00,REFUNDED
18655,8,5,2016.60,2026-08-06 12:46:00,PENDING
18656,3,16,4127.70,2026-08-09 01:19:00,REFUNDED
18657,7,2,5044.50,2026-08-28 06:00:00,PENDING
18658,2,16,4538.10,2026-08-04 07:48:00,PENDING
18659,7,13,1748.80,2026-08-13 21:28:00,PENDING
18660,5,6,5005.00,2026-08-10 04:03:00,PENDING
18661,9,8,2797.70,2026-08-28 12:18:00,REFUNDED
18662,2,13,4526.50,2026-08-25 19:44:00,FAILED
18663,6,2,4460.00,2026-08-03 22:20:00,SUCCESS
18664,4,3,235.00,2026-08-04 13:06:00,FAILED
18665,2,16,4237.00,2026-08-10 04:23:00,FAILED
18666,8,6,2621.10,2026-08-29 20:48:00,PENDING
18667,4,12,3750.50,2026-08-21 09:18:00,SUCCESS
18668,4,3,4939.20,2026-08-15 02:11:00,PENDING
18669,7,3,437.00,2026-08-22 09:25:00,SUCCESS
18670,10,8,925.90,2026-08-21 17:43:00,SUCCESS
18671,10,14,3311.20,2026-08-13 21:31:00,FAILED
18672,3,16,250.60,2026-08-21 00:10:00,PENDING
18673,9,20,2560.30,2026-08-07 19:46:00,PENDING
18674,7,14,4829.00,2026-08-09 08:17:00,FAILED
18675,8,9,1264.80,2026-08-13 06:44:00,SUCCESS
18676,7,12,2714.50,2026-08-12 11:51:00,FAILED
18677,9,10,5029.60,2026-08-08 01:28:00,SUCCESS
18678,9,19,884.90,2026-08-27 16:02:00,FAILED
18679,6,2,698.20,2026-08-09 15:42:00,REFUNDED
18680,4,10,2983.00,2026-08-30 00:14:00,FAILED
18681,3,3,2483.90,2026-08-01 18:07:00,SUCCESS
18682,5,19,3574.40,2026-08-25 22:43:00,SUCCESS
18683,8,15,1661.50,2026-08-07 16:09:00,PENDING
18684,10,2,4050.00,2026-08-04 15:46:00,SUCCESS
18685,2,19,1172.00,2026-08-18 09:34:00,SUCCESS
18686,1,14,964.60,2026-08-25 20:38:00,SUCCESS
18687,6,8,2928.50,2026-08-02 06:37:00,FAILED
18688,6,15,3847.10,2026-08-02 07:48:00,FAILED
18689,1,7,3964.50,2026-08-18 23:14:00,PENDING
18690,6,3,4335.90,2026-08-04 12:36:00,SUCCESS
18691,8,3,3434.90,2026-08-23 01:44:00,REFUNDED
18692,10,2,581.10,2026-08-01 15:28:00,SUCCESS
18693,10,2,2522.30,2026-08-22 18:59:00,SUCCESS
18694,8,12,931.60,2026-08-28 20:57:00,REFUNDED
18695,1,16,1894.20,2026-08-19 17:28:00,REFUNDED
18696,8,11,2286.10,2026-08-10 22:55:00,SUCCESS
18697,4,6,2495.10,2026-08-17 05:13:00,SUCCESS
18698,6,15,4726.90,2026-08-24 21:21:00,REFUNDED
18699,1,10,2753.00,2026-08-26 07:28:00,SUCCESS
18700,3,16,3440.70,2026-08-30 10:08:00,FAILED
18701,9,16,3132.80,2026-08-08 19:21:00,SUCCESS
18702,9,5,805.20,2026-08-02 09:23:00,SUCCESS
18703,4,15,4870.90,2026-08-11 15:42:00,REFUNDED
18704,6,1,4290.80,2026-08-13 00:15:00,PENDING
18705,1,19,4597.70,2026-08-28 05:11:00,PENDING
18706,4,10,3799.10,2026-08-12 23:39:00,PENDING
18707,7,6,2444.60,2026-08-27 14:18:00,FAILED
18708,1,1,288.60,2026-08-08 08:19:00,REFUNDED
18709,9,12,718.20,2026-08-01 14:12:00,PENDING
18710,3,20,1739.10,2026-08-11 07:33:00,PENDING
18711,8,10,3736.90,2026-08-29 11:43:00,PENDING
18712,1,18,1457.50,2026-08-11 16:27:00,PENDING
18713,4,19,1367.50,2026-08-28 15:07:00,REFUNDED
18714,10,1,3106.10,2026-08-20 20:48:00,PENDING
18715,8,18,453.30,2026-08-08 23:08:00,PENDING
18716,6,8,2866.70,2026-08-17 01:00:00,PENDING
18717,8,3,4630.80,2026-08-10 04:48:00,REFUNDED
18718,10,14,4278.00,2026-08-19 13:06:00,PENDING
18719,5,14,4976.70,2026-08-09 07:55:00,FAILED
18720,3,8,975.80,2026-08-16 08:16:00,SUCCESS
18721,2,20,816.60,2026-08-02 12:34:00,FAILED
18722,10,6,1007.20,2026-08-29 23:40:00,REFUNDED
18723,4,20,164.30,2026-08-03 18:03:00,REFUNDED
18724,10,14,1751.40,2026-08-29 17:35:00,FAILED
18725,1,100.00
18726,10,8,3919.80,2026-08-14 03:14:00,PENDING
18727,9,13,3520.70,2026-08-22 09:32:00,SUCCESS
18728,10,11,1404.80,2026-08-15 21:08:00,PENDING
18729,6,4,2122.10,2026-08-09 11:25:00,REFUNDED
18730,5,1,2877.10,2026-08-30 14:43:00,REFUNDED
18731,8,19,4923.30,2026-08-22 01:18:00,SUCCESS
18732,6,8,803.60,2026-08-15 11:58:00,SUCCESS
18733,3,17,4831.10,2026-08-21 13:03:00,FAILED
18734,1,1,5000,INVALID_DATE_TIME,SUCCESS
18735,6,12,4256.40,2026-08-13 17:00:00,REFUNDED
18736,5,11,733.20,2026-08-06 14:57:00,SUCCESS
18737,4,11,1288.00,2026-08-02 03:43:00,SUCCESS
18738,6,3,3958.40,2026-08-07 17:35:00,REFUNDED
18739,8,8,2486.90,2026-08-03 15:52:00,SUCCESS
18740,2,14,3886.30,2026-08-28 23:53:00,PENDING
18741,8,4,3518.60,2026-08-31 01:23:00,REFUNDED
18742,10,4,4164.60,2026-08-07 08:09:00,FAILED
18743,5,9,3495.00,2026-08-27 01:20:00,FAILED
18744,7,3,2649.40,2026-08-03 12:40:00,SUCCESS
18745,4,19,2398.50,2026-08-18 09:45:00,REFUNDED
18746,1,2,3149.10,2026-08-22 20:24:00,FAILED
18747,10,15,3501.00,2026-08-24 03:08:00,REFUNDED
18748,6,20,2288.30,2026-08-22 15:51:00,REFUNDED
18749,3,19,2318.00,2026-08-13 17:54:00,PENDING
18750,7,11,1743.90,2026-08-27 12:36:00,PENDING
18751,8,18,4232.60,2026-08-02 04:15:00,REFUNDED
18752,10,4,2508.10,2026-08-01 19:09:00,PENDING
18753,4,5,1179.90,2026-08-17 01:05:00,PENDING
18754,7,14,4720.60,2026-08-03 06:12:00,PENDING
18755,5,18,1631.10,2026-08-27 15:50:00,SUCCESS
18756,3,18,1723.30,2026-08-09 23:30:00,PENDING
18757,7,15,2262.10,2026-08-25 22:00:00,REFUNDED
18758,7,11,1334.10,2026-08-10 05:44:00,PENDING
18759,9,4,3595.60,2026-08-27 09:56:00,PENDING
18760,9,9,2719.20,2026-08-08 21:08:00,PENDING
18761,9,8,4811.90,2026-08-02 06:43:00,PENDING
18762,9,12,635.10,2026-08-30 01:11:00,FAILED
18763,3,5,1821.60,2026-08-06 21:37:00,REFUNDED
18764,1,4,178.40,2026-08-15 01:27:00,PENDING
18765,1,11,1970.80,2026-08-04 11:56:00,SUCCESS
18766,4,1,3888.30,2026-08-10 08:13:00,SUCCESS
18767,7,6,1833.10,2026-08-04 18:36:00,FAILED
18768,5,9,98.70,2026-08-06 06:49:00,REFUNDED
18769,7,19,1716.70,2026-08-08 20:05:00,PENDING
18770,8,1,4968.00,2026-08-22 00:05:00,REFUNDED
18771,6,4,2493.00,2026-08-16 10:55:00,SUCCESS
18772,9,10,3834.10,2026-08-25 12:17:00,PENDING
18773,2,2,1982.90,2026-08-05 12:18:00,FAILED
18774,4,19,3165.60,2026-08-04 19:20:00,REFUNDED
18775,7,19,2526.20,2026-08-31 06:09:00,PENDING
18776,8,17,1920.30,2026-08-15 05:58:00,PENDING
18777,3,10,655.00,2026-08-11 11:10:00,REFUNDED
18778,6,1,1185.90,2026-08-11 01:23:00,FAILED
18779,1,15,2465.60,2026-08-24 16:51:00,PENDING
18780,9,19,4212.00,2026-08-08 05:16:00,PENDING
18781,5,14,4809.60,2026-08-10 16:02:00,REFUNDED
18782,2,1,4703.30,2026-08-03 15:47:00,REFUNDED
18783,10,15,2301.00,2026-08-17 13:07:00,SUCCESS
18784,4,12,875.70,2026-08-01 08:22:00,PENDING
18785,6,10,1991.30,2026-08-28 19:30:00,REFUNDED
18786,4,7,3299.40,2026-08-04 14:46:00,SUCCESS
18787,1,12,91.50,2026-08-04 18:20:00,FAILED
18788,7,19,3961.80,2026-08-21 01:16:00,PENDING
18789,9,16,3830.80,2026-08-27 18:32:00,FAILED
18790,1,7,696.90,2026-08-17 17:41:00,SUCCESS
18791,6,11,2490.00,2026-08-13 06:03:00,SUCCESS
18792,2,16,653.00,2026-08-08 04:55:00,SUCCESS
18793,8,9,602.80,2026-08-14 23:32:00,PENDING
18794,6,15,3357.60,2026-08-10 17:42:00,REFUNDED
18795,6,7,4775.20,2026-08-30 03:48:00,REFUNDED
18796,8,15,1891.90,2026-08-30 21:54:00,PENDING
18797,3,7,2229.60,2026-08-02 11:20:00,REFUNDED
18798,1,6,3892.80,2026-08-08 07:23:00,FAILED
18799,3,18,3458.60,2026-08-09 00:09:00,FAILED
18800,6,18,678.80,2026-08-24 12:50:00,SUCCESS
18801,4,8,2578.10,2026-08-04 17:53:00,REFUNDED
18802,2,2,3508.40,2026-08-29 11:18:00,PENDING
18803,10,3,1147.60,2026-08-02 23:04:00,FAILED
18804,7,15,1030.00,2026-08-02 15:19:00,SUCCESS
18805,2,7,2593.10,2026-08-26 11:42:00,REFUNDED
18806,4,6,3064.60,2026-08-18 13:45:00,REFUNDED
18807,2,19,315.20,2026-08-20 03:18:00,FAILED
18808,6,9,2097.80,2026-08-01 11:26:00,FAILED
18809,10,13,3013.00,2026-08-22 11:56:00,PENDING
18810,1,1,NOT_A_NUMBER,2026-08-01 12:00:00,SUCCESS
18811,10,2,1243.10,2026-08-26 21:15:00,SUCCESS
18812,9,4,4263.20,2026-08-20 16:26:00,FAILED
18813,5,10,2167.60,2026-08-25 04:03:00,PENDING
18814,6,3,3443.80,2026-08-02 19:57:00,PENDING
18815,6,20,2454.70,2026-08-07 15:35:00,PENDING
18816,6,2,777.80,2026-08-04 15:15:00,PENDING
18817,8,15,3432.40,2026-08-16 17:04:00,REFUNDED
18818,6,18,115.90,2026-08-10 09:07:00,FAILED
18819,6,10,4942.00,2026-08-12 02:17:00,REFUNDED
18820,5,1,2701.20,2026-08-10 00:36:00,PENDING
18821,3,8,4860.40,2026-08-20 09:22:00,SUCCESS
18822,3,5,886.10,2026-08-14 02:10:00,PENDING
18823,2,8,2498.90,2026-08-06 15:41:00,REFUNDED
18824,1,18,757.10,2026-08-15 01:37:00,FAILED
18825,8,3,3303.20,2026-08-11 10:08:00,SUCCESS
18826,7,13,3671.80,2026-08-15 11:23:00,SUCCESS
18827,7,14,250.70,2026-08-10 08:02:00,PENDING
18828,2,17,1971.30,2026-08-07 13:23:00,FAILED
18829,8,3,2393.30,2026-08-27 12:59:00,REFUNDED
18830,9,20,481.30,2026-08-06 11:09:00,PENDING
18831,7,13,2700.20,2026-08-25 12:50:00,FAILED
18832,9,20,1291.50,2026-08-12 09:08:00,REFUNDED
18833,4,10,1849.60,2026-08-05 01:35:00,REFUNDED
18834,10,10,82.00,2026-08-24 02:54:00,SUCCESS
18835,1,1,5000,2026-08-01 12:00:00,UNKNOWN_STATUS
18836,6,13,756.80,2026-08-21 21:13:00,REFUNDED
18837,7,20,2157.40,2026-08-29 16:40:00,REFUNDED
18838,3,13,2522.00,2026-08-18 09:55:00,REFUNDED
18839,4,11,2635.30,2026-08-27 22:31:00,REFUNDED
18840,4,5,3213.90,2026-08-21 01:08:00,REFUNDED
18841,10,8,4404.10,2026-08-02 19:39:00,REFUNDED
18842,9,2,3105.30,2026-08-06 01:04:00,SUCCESS
18843,10,13,4236.80,2026-08-14 10:08:00,FAILED
18844,1,20,4141.80,2026-08-05 09:01:00,REFUNDED
18845,8,20,1195.00,2026-08-07 19:43:00,PENDING
18846,10,6,2326.00,2026-08-25 17:47:00,SUCCESS
18847,9,2,1609.90,2026-08-30 14:29:00,REFUNDED
18848,4,2,3878.90,2026-08-07 15:00:00,PENDING
18849,7,3,825.70,2026-08-26 09:50:00,REFUNDED
18850,4,9,2970.60,2026-08-28 06:44:00,SUCCESS
18851,8,17,1149.20,2026-08-17 10:40:00,FAILED
18852,4,13,469.80,2026-08-24 15:59:00,SUCCESS
18853,4,9,3683.70,2026-08-05 09:04:00,PENDING
18854,7,20,3973.00,2026-08-26 21:42:00,SUCCESS
18855,1,1,400.50,2026-08-04 01:40:00,SUCCESS
18856,9,20,3733.20,2026-08-18 08:26:00,SUCCESS
18857,10,2,942.70,2026-08-11 10:46:00,SUCCESS
18858,7,14,3764.40,2026-08-12 05:35:00,REFUNDED
18859,5,20,3522.60,2026-08-20 11:12:00,PENDING
18860,1,13,3330.90,2026-08-28 11:54:00,SUCCESS
18861,8,5,3473.70,2026-08-06 23:56:00,FAILED
18862,2,14,4710.10,2026-08-14 20:16:00,SUCCESS
18863,4,8,4715.60,2026-08-13 23:25:00,REFUNDED
18864,3,1,5011.60,2026-08-11 04:49:00,FAILED
18865,3,8,4820.70,2026-08-05 21:23:00,FAILED
18866,6,9,3233.70,2026-08-27 00:04:00,SUCCESS
18867,10,15,1338.50,2026-08-07 23:55:00,PENDING
18868,6,20,506.00,2026-08-07 22:46:00,REFUNDED
18869,1,1,NOT_A_NUMBER,2026-08-01 12:00:00,SUCCESS
18870,4,16,3402.60,2026-08-21 14:31:00,SUCCESS
18871,2,7,1812.60,2026-08-07 20:45:00,FAILED
18872,4,11,3843.80,2026-08-04 21:32:00,FAILED
18873,6,8,1872.30,2026-08-13 03:00:00,REFUNDED
18874,8,5,1796.60,2026-08-24 01:20:00,PENDING
18875,3,4,1296.50,2026-08-14 07:47:00,SUCCESS
18876,6,7,1819.20,2026-08-26 01:41:00,FAILED
18877,9,8,2623.90,2026-08-27 09:13:00,FAILED
18878,9,12,4242.90,2026-08-15 23:36:00,REFUNDED
18879,1,16,1409.70,2026-08-13 09:50:00,FAILED
18880,10,20,709.70,2026-08-23 12:42:00,FAILED
18881,1,6,2930.60,2026-08-30 02:04:00,FAILED
18882,5,16,512.60,2026-08-19 15:36:00,PENDING
18883,4,7,1199.80,2026-08-19 20:54:00,PENDING
18884,7,17,1695.70,2026-08-29 00:28:00,PENDING
18885,1,5,199.10,2026-08-13 06:27:00,FAILED
18886,4,6,4849.80,2026-08-02 12:22:00,REFUNDED
18887,8,6,3253.90,2026-08-15 21:11:00,FAILED
18888,4,7,2766.20,2026-08-25 18:07:00,REFUNDED
18889,6,3,1413.90,2026-08-12 02:34:00,REFUNDED
18890,2,13,3201.10,2026-08-09 18:14:00,PENDING
18891,1,1,5000,2026-08-01 12:00:00,UNKNOWN_STATUS
18892,10,1,1704.00,2026-08-05 12:15:00,REFUNDED
18893,1,9,411.90,2026-08-14 16:02:00,REFUNDED
18894,10,10,4867.00,2026-08-05 01:16:00,PENDING
18895,2,11,2347.50,2026-08-05 04:05:00,REFUNDED
18896,1,20,2925.80,2026-08-16 02:43:00,SUCCESS
18897,8,8,570.80,2026-08-23 06:06:00,REFUNDED
18898,3,10,959.40,2026-08-28 17:10:00,PENDING
18899,10,4,2156.00,2026-08-01 08:39:00,REFUNDED
18900,5,10,4007.00,2026-08-25 01:38:00,PENDING
18901,9,7,56.20,2026-08-16 06:27:00,PENDING
18902,6,15,2323.50,2026-08-16 18:43:00,FAILED
18903,9,19,3720.70,2026-08-24 07:19:00,PENDING
18904,10,16,4522.80,2026-08-21 09:21:00,PENDING
18905,1,7,2386.00,2026-08-21 03:34:00,REFUNDED
18906,2,12,4452.30,2026-08-05 08:10:00,REFUNDED
18907,6,18,5031.10,2026-08-17 07:06:00,REFUNDED
18908,2,11,2928.70,2026-08-22 18:26:00,PENDING
18909,1,5,4737.90,2026-08-16 17:39:00,SUCCESS
18910,5,4,3473.00,2026-08-25 00:51:00,REFUNDED
18911,10,10,4018.70,2026-08-05 22:12:00,FAILED
18912,7,7,1002.10,2026-08-05 13:00:00,SUCCESS
18913,2,1,1114.10,2026-08-29 14:01:00,PENDING
18914,2,5,2320.80,2026-08-06 18:56:00,SUCCESS
18915,4,10,2019.00,2026-08-08 21:55:00,REFUNDED
18916,2,18,1913.60,2026-08-11 13:03:00,FAILED
18917,7,9,4578.10,2026-08-05 17:16:00,REFUNDED
18918,4,11,907.00,2026-08-21 13:38:00,REFUNDED
18919,8,12,4962.80,2026-08-05 17:02:00,SUCCESS
18920,8,8,3463.00,2026-08-06 15:23:00,SUCCESS
18921,1,10,2943.20,2026-08-06 06:44:00,REFUNDED
18922,3,1,3399.60,2026-08-15 01:25:00,REFUNDED
18923,1,1,NOT_A_NUMBER,2026-08-01 12:00:00,SUCCESS
18924,10,12,1893.00,2026-08-11 23:39:00,FAILED
18925,10,7,1139.10,2026-08-11 02:39:00,REFUNDED
18926,10,11,2981.30,2026-08-05 10:12:00,PENDING
18927,7,7,4652.30,2026-08-26 13:37:00,SUCCESS
18928,6,19,4683.40,2026-08-21 11:32:00,FAILED
18929,9,12,4815.70,2026-08-29 04:29:00,PENDING
18930,10,9,595.80,2026-08-07 19:09:00,FAILED
18931,3,18,2013.10,2026-08-27 09:27:00,PENDING
18932,3,17,3385.00,2026-08-24 10:37:00,PENDING
18933,9,4,1029.40,2026-08-18 12:59:00,SUCCESS
18934,5,6,3324.00,2026-08-22 12:39:00,REFUNDED
18935,2,18,451.80,2026-08-27 08:01:00,FAILED
18936,4,8,5032.30,2026-08-21 04:54:00,FAILED
18937,3,1,796.10,2026-08-06 05:05:00,PENDING
18938,5,3,1463.40,2026-08-18 16:25:00,PENDING
18939,4,17,4601.30,2026-08-14 06:40:00,SUCCESS
18940,10,8,4710.90,2026-08-06 07:56:00,PENDING
18941,4,14,803.40,2026-08-15 13:35:00,PENDING
18942,5,4,3211.00,2026-08-19 19:32:00,FAILED
18943,1,14,919.10,2026-08-04 02:40:00,FAILED
18944,7,13,3218.90,2026-08-26 11:56:00,FAILED
18945,6,11,1001.60,2026-08-29 16:13:00,SUCCESS
18946,6,14,5044.10,2026-08-02 20:31:00,REFUNDED
18947,5,10,4159.80,2026-08-08 23:00:00,SUCCESS
18948,2,13,1538.50,2026-08-06 04:25:00,FAILED
18949,7,19,830.30,2026-08-04 13:48:00,FAILED
18950,8,10,4202.80,2026-08-14 21:28:00,FAILED
18951,4,7,2802.70,2026-08-07 04:02:00,FAILED
18952,3,1,2054.50,2026-08-17 06:12:00,PENDING
18953,3,19,1414.60,2026-08-17 13:30:00,FAILED
18954,9,9,4578.60,2026-08-11 04:20:00,REFUNDED
18955,10,14,351.70,2026-08-13 10:30:00,REFUNDED
18956,1,1,NOT_A_NUMBER,2026-08-01 12:00:00,SUCCESS
18957,4,1,1840.80,2026-08-23 00:44:00,SUCCESS
18958,10,18,3433.40,2026-08-06 07:26:00,FAILED
18959,8,19,3085.20,2026-08-20 04:33:00,REFUNDED
18960,1,6,2203.90,2026-08-09 11:37:00,SUCCESS
18961,9,17,367.50,2026-08-29 04:49:00,SUCCESS
18962,6,15,1306.20,2026-08-10 12:42:00,REFUNDED
18963,10,4,1195.60,2026-08-15 04:03:00,PENDING
18964,2,3,1433.00,2026-08-27 21:55:00,FAILED
18965,6,20,4454.60,2026-08-27 04:46:00,SUCCESS
18966,6,3,4941.10,2026-08-11 20:05:00,FAILED
18967,5,8,3714.80,2026-08-16 19:56:00,SUCCESS
18968,3,10,3823.30,2026-08-10 12:25:00,PENDING
18969,9,17,1722.80,2026-08-21 19:53:00,FAILED
18970,4,10,4371.60,2026-08-18 13:42:00,PENDING
18971,6,5,683.30,2026-08-30 19:44:00,SUCCESS
18972,5,13,2793.70,2026-08-26 03:45:00,PENDING
18973,1,3,2067.40,2026-08-20 23:42:00,PENDING
18974,10,19,4242.50,2026-08-23 05:12:00,FAILED
18975,5,14,608.20,2026-08-03 19:08:00,FAILED
18976,7,15,3807.60,2026-08-28 00:33:00,FAILED
18977,8,12,4148.10,2026-08-24 00:58:00,REFUNDED
18978,9,8,1903.90,2026-08-10 08:56:00,PENDING
18979,5,4,2449.00,2026-08-02 15:27:00,PENDING
18980,4,6,3595.20,2026-08-12 17:52:00,PENDING
18981,6,20,2030.80,2026-08-09 14:20:00,FAILED
18982,2,5,938.20,2026-08-16 17:32:00,PENDING
18983,3,2,1125.10,2026-08-14 10:18:00,REFUNDED
18984,9,8,2511.90,2026-08-29 11:41:00,PENDING
18985,5,9,1900.40,2026-08-08 21:32:00,PENDING
18986,9,5,3237.40,2026-08-11 16:27:00,REFUNDED
18987,5,10,928.20,2026-08-22 10:32:00,SUCCESS
18988,2,6,1890.00,2026-08-03 17:33:00,REFUNDED
18989,10,5,3539.80,2026-08-10 16:49:00,FAILED
18990,2,17,2716.90,2026-08-11 23:28:00,SUCCESS
18991,9,1,1201.70,2026-08-22 08:39:00,PENDING
18992,9,1,3722.80,2026-08-18 13:01:00,PENDING
18993,3,7,4538.10,2026-08-10 01:21:00,REFUNDED
18994,6,13,4482.80,2026-08-16 08:54:00,FAILED
18995,2,1,896.60,2026-08-15 19:16:00,PENDING
18996,7,10,4742.20,2026-08-18 11:08:00,FAILED
18997,6,14,263.60,2026-08-04 19:31:00,SUCCESS
18998,9,6,4301.80,2026-08-25 07:56:00,SUCCESS
18999,3,18,2333.10,2026-08-19 16:35:00,PENDING
19000,9,19,1263.30,2026-08-03 04:48:00,PENDING
19001,5,17,1341.40,2026-08-15 02:29:00,PENDING
19002,1,13,3129.00,2026-08-21 02:30:00,PENDING
19003,4,19,632.90,2026-08-17 03:59:00,SUCCESS
19004,5,16,187.90,2026-08-12 05:45:00,SUCCESS
19005,7,2,1357.30,2026-08-07 13:40:00,REFUNDED
19006,8,14,1681.10,2026-08-05 23:09:00,SUCCESS
19007,3,14,2628.40,2026-08-14 03:08:00,SUCCESS
19008,8,8,4760.30,2026-08-10 23:51:00,FAILED
19009,7,10,2898.80,2026-08-31 02:29:00,SUCCESS
19010,5,10,4230.10,2026-08-16 23:58:00,PENDING
19011,6,3,2717.60,2026-08-30 17:57:00,REFUNDED
19012,5,4,1814.10,2026-08-19 12:10:00,REFUNDED
19013,1,12,1950.00,2026-08-01 12:14:00,REFUNDED
19014,1,12,1440.10,2026-08-11 09:16:00,REFUNDED
19015,6,12,4704.50,2026-08-07 13:35:00,PENDING
19016,5,19,767.40,2026-08-12 08:09:00,SUCCESS
19017,2,9,1930.70,2026-08-20 17:59:00,FAILED
19018,3,17,4143.90,2026-08-12 05:23:00,REFUNDED
19019,7,17,3173.50,2026-08-16 18:56:00,REFUNDED
19020,9,18,1836.50,2026-08-06 18:50:00,SUCCESS
19021,8,10,3695.10,2026-08-16 04:44:00,PENDING
19022,9,12,2869.00,2026-08-06 22:07:00,FAILED
19023,4,13,785.60,2026-08-20 02:39:00,PENDING
19024,3,5,4042.10,2026-08-31 06:57:00,SUCCESS
19025,3,1,74.10,2026-08-26 07:27:00,FAILED
19026,1,1,5000,2026-08-01 12:00:00,UNKNOWN_STATUS
19027,6,2,156.10,2026-08-23 08:47:00,FAILED
19028,2,8,4564.90,2026-08-30 15:14:00,REFUNDED
19029,1,1,NOT_A_NUMBER,2026-08-01 12:00:00,SUCCESS
19030,6,11,1199.70,2026-08-09 17:55:00,FAILED
19031,1,15,2931.90,2026-08-13 17:56:00,SUCCESS
19032,3,15,2050.30,2026-08-14 19:47:00,SUCCESS
19033,9,6,2267.60,2026-08-19 11:01:00,SUCCESS
19034,5,5,930.90,2026-08-19 22:35:00,FAILED
19035,2,6,3701.00,2026-08-11 19:42:00,FAILED
19036,8,20,1132.50,2026-08-24 14:17:00,FAILED
19037,4,7,1693.30,2026-08-14 13:12:00,PENDING
19038,3,1,719.60,2026-08-12 17:19:00,PENDING
19039,7,15,2284.00,2026-08-27 08:41:00,PENDING
19040,6,17,532.10,2026-08-05 06:41:00,SUCCESS
19041,1,13,3079.60,2026-08-08 06:33:00,SUCCESS
19042,4,10,3968.40,2026-08-18 11:42:00,FAILED
19043,9,12,3886.80,2026-08-25 01:19:00,FAILED
19044,7,3,2359.70,2026-08-17 14:27:00,PENDING
19045,2,6,2531.10,2026-08-03 04:42:00,SUCCESS
19046,7,3,3014.10,2026-08-16 13:48:00,REFUNDED
19047,6,3,431.30,2026-08-03 18:10:00,REFUNDED
19048,6,1,3592.00,2026-08-14 07:42:00,PENDING
19049,3,18,2188.40,2026-08-25 17:23:00,FAILED
19050,1,5,4572.80,2026-08-29 12:34:00,PENDING
19051,9,14,3131.00,2026-08-29 19:17:00,FAILED
19052,8,3,2933.90,2026-08-17 12:19:00,SUCCESS
19053,10,2,4401.90,2026-08-08 12:13:00,SUCCESS
19054,3,9,2969.40,2026-08-15 03:32:00,PENDING
19055,10,6,914.30,2026-08-05 16:32:00,SUCCESS
19056,1,13,4588.00,2026-08-01 10:59:00,PENDING
19057,5,13,1468.70,2026-08-21 21:08:00,PENDING
19058,5,17,3981.10,2026-08-03 18:04:00,SUCCESS
19059,5,16,2814.80,2026-08-16 22:07:00,REFUNDED
19060,9,6,4363.20,2026-08-04 10:12:00,FAILED
19061,8,17,4972.30,2026-08-07 03:02:00,SUCCESS
19062,5,13,2287.80,2026-08-17 12:21:00,FAILED
19063,9,16,2775.50,2026-08-09 22:18:00,FAILED
19064,1,16,544.10,2026-08-25 05:29:00,FAILED
19065,10,3,4337.10,2026-08-28 20:21:00,REFUNDED
19066,2,13,1757.50,2026-08-21 18:01:00,PENDING
19067,1,1,NOT_A_NUMBER,2026-08-01 12:00:00,SUCCESS
19068,6,4,4016.40,2026-08-11 20:13:00,SUCCESS
19069,6,4,1563.90,2026-08-04 02:39:00,SUCCESS
19070,1,6,2275.10,2026-08-31 02:53:00,PENDING
19071,1,1,5000,INVALID_DATE_TIME,SUCCESS
19072,5,18,1050.20,2026-08-04 13:22:00,PENDING
19073,6,14,2908.50,2026-08-04 05:36:00,FAILED
19074,4,13,2213.70,2026-08-23 07:03:00,REFUNDED
19075,2,20,2754.60,2026-08-30 15:17:00,FAILED
19076,7,13,4511.70,2026-08-10 16:10:00,SUCCESS
19077,3,13,1731.70,2026-08-30 09:19:00,PENDING
19078,4,18,3788.80,2026-08-06 19:27:00,SUCCESS
19079,10,18,4107.60,2026-08-02 05:38:00,PENDING
19080,3,5,2698.70,2026-08-17 04:59:00,FAILED
19081,7,3,994.50,2026-08-17 07:58:00,PENDING
19082,3,3,3937.10,2026-08-30 09:56:00,SUCCESS
19083,4,9,2783.60,2026-08-01 20:56:00,REFUNDED
19084,2,19,1156.40,2026-08-07 18:54:00,SUCCESS
19085,10,6,3475.10,2026-08-20 15:36:00,SUCCESS
19086,9,16,130.60,2026-08-30 04:07:00,FAILED
19087,10,14,3704.00,2026-08-05 11:19:00,SUCCESS
19088,1,17,4138.60,2026-08-06 18:06:00,PENDING
19089,10,1,4889.50,2026-08-15 16:16:00,REFUNDED
19090,8,4,2031.90,2026-08-18 16:33:00,PENDING
19091,2,20,3907.20,2026-08-17 12:53:00,FAILED
19092,3,4,4618.80,2026-08-26 23:55:00,FAILED
19093,9,13,2869.00,2026-08-07 07:26:00,SUCCESS
19094,10,15,4611.90,2026-08-28 19:55:00,FAILED
19095,4,10,4828.10,2026-08-07 03:46:00,PENDING
19096,8,5,475.70,2026-08-14 04:00:00,PENDING
19097,3,3,320.70,2026-08-19 12:41:00,PENDING
19098,6,11,4230.40,2026-08-19 00:44:00,PENDING
19099,6,18,4103.50,2026-08-22 10:49:00,PENDING
19100,3,2,3105.30,2026-08-25 06:46:00,FAILED
19101,4,3,3140.30,2026-08-01 10:02:00,FAILED
19102,4,15,3728.00,2026-08-27 01:16:00,REFUNDED
19103,3,4,4866.60,2026-08-27 07:42:00,SUCCESS
19104,1,14,4152.80,2026-08-11 21:35:00,REFUNDED
19105,4,19,4336.60,2026-08-09 07:50:00,REFUNDED
19106,8,11,4016.90,2026-08-11 09:25:00,REFUNDED
19107,4,14,4455.20,2026-08-22 06:18:00,PENDING
19108,5,16,2089.90,2026-08-26 02:05:00,FAILED
19109,5,5,2238.20,2026-08-29 14:50:00,REFUNDED
19110,2,8,154.80,2026-08-21 05:15:00,PENDING
19111,10,19,1893.70,2026-08-04 13:10:00,FAILED
19112,10,7,2598.40,2026-08-13 00:01:00,FAILED
19113,2,4,4592.20,2026-08-11 04:22:00,FAILED
19114,8,18,4198.20,2026-08-18 00:14:00,REFUNDED
19115,7,14,4992.10,2026-08-29 15:18:00,FAILED
19116,3,12,2943.60,2026-08-28 02:26:00,SUCCESS
19117,5,7,244.50,2026-08-23 11:37:00,FAILED
19118,6,16,4873.30,2026-08-27 15:31:00,REFUNDED
19119,10,13,1455.10,2026-08-01 23:14:00,PENDING
19120,4,14,1817.00,2026-08-16 04:32:00,FAILED
19121,9,18,3920.50,2026-08-18 09:20:00,REFUNDED
19122,8,8,2191.20,2026-08-24 15:24:00,REFUNDED
19123,8,13,3374.80,2026-08-06 21:32:00,SUCCESS
19124,1,100.00
19125,2,16,2294.10,2026-08-01 21:35:00,SUCCESS
19126,1,100.00
19127,2,16,4929.10,2026-08-15 02:24:00,REFUNDED
19128,8,12,65.10,2026-08-10 05:25:00,REFUNDED
19129,7,16,160.00,2026-08-03 12:41:00,REFUNDED
19130,8,2,474.90,2026-08-09 16:21:00,PENDING
19131,3,1,4501.00,2026-08-29 12:54:00,REFUNDED
19132,4,18,4369.80,2026-08-12 15:45:00,SUCCESS
19133,10,10,3809.80,2026-08-22 13:59:00,REFUNDED
19134,5,10,2617.40,2026-08-07 20:39:00,FAILED
19135,4,19,2698.20,2026-08-13 01:05:00,FAILED
19136,5,11,98.40,2026-08-01 20:55:00,FAILED
19137,9,8,114.70,2026-08-24 09:42:00,FAILED
19138,7,14,2378.10,2026-08-28 01:45:00,REFUNDED
19139,10,11,2211.00,2026-08-13 17:57:00,REFUNDED
19140,2,9,2255.50,2026-08-14 04:07:00,PENDING
19141,2,5,3592.70,2026-08-11 17:35:00,FAILED
19142,10,19,4163.80,2026-08-03 16:59:00,SUCCESS
19143,10,18,4801.30,2026-08-05 14:06:00,FAILED
19144,1,10,4558.20,2026-08-27 13:29:00,SUCCESS
19145,4,14,1952.90,2026-08-13 02:54:00,PENDING
19146,1,1,5000,INVALID_DATE_TIME,SUCCESS
19147,5,1,4767.30,2026-08-17 20:50:00,PENDING
19148,9,13,4938.60,2026-08-09 00:52:00,PENDING
19149,3,17,1853.20,2026-08-28 11:26:00,REFUNDED
19150,2,20,879.50,2026-08-26 06:08:00,PENDING
19151,4,5,2170.20,2026-08-18 20:55:00,SUCCESS
19152,6,7,4637.90,2026-08-10 05:51:00,REFUNDED
19153,3,5,2338.20,2026-08-18 01:52:00,SUCCESS
19154,10,14,916.60,2026-08-08 18:25:00,PENDING
19155,5,8,1465.80,2026-08-30 16:32:00,SUCCESS
19156,6,5,4903.50,2026-08-13 18:44:00,REFUNDED
19157,10,4,4639.20,2026-08-03 18:00:00,SUCCESS
19158,9,10,3171.70,2026-08-03 11:44:00,FAILED
19159,3,1,3148.50,2026-08-30 12:41:00,SUCCESS
19160,5,3,3240.20,2026-08-30 03:33:00,SUCCESS
19161,2,12,4633.60,2026-08-04 07:52:00,PENDING
19162,3,14,3407.00,2026-08-14 06:13:00,FAILED
19163,4,19,940.10,2026-08-18 03:36:00,FAILED
19164,7,1,4974.20,2026-08-03 22:04:00,SUCCESS
19165,10,13,986.80,2026-08-08 22:15:00,REFUNDED
19166,6,1,2288.90,2026-08-11 03:35:00,PENDING
19167,7,9,823.70,2026-08-28 02:21:00,PENDING
19168,4,5,1246.90,2026-08-18 10:40:00,PENDING
19169,2,10,2365.70,2026-08-12 19:18:00,FAILED
19170,6,19,1269.00,2026-08-11 02:19:00,PENDING
19171,5,6,3088.00,2026-08-16 04:30:00,PENDING
19172,10,7,2840.00,2026-08-04 12:28:00,SUCCESS
19173,6,14,602.70,2026-08-15 21:12:00,PENDING
19174,3,11,2148.40,2026-08-10 10:05:00,PENDING
19175,4,14,1039.20,2026-08-25 10:23:00,SUCCESS
19176,9,16,4817.40,2026-08-11 01:55:00,PENDING
19177,9,16,4165.20,2026-08-14 17:40:00,PENDING
19178,4,17,4480.90,2026-08-08 09:57:00,FAILED
19179,6,9,4761.30,2026-08-08 02:48:00,FAILED
19180,5,10,4656.20,2026-08-03 20:44:00,FAILED
19181,4,10,4000.70,2026-08-15 09:02:00,SUCCESS
19182,5,7,2718.70,2026-08-07 00:52:00,PENDING
19183,3,2,130.40,2026-08-05 10:54:00,FAILED
19184,5,6,4672.80,2026-08-23 04:38:00,SUCCESS
19185,6,2,2045.20,2026-08-10 20:01:00,PENDING
19186,2,8,703.60,2026-08-08 23:12:00,REFUNDED
19187,3,6,1349.50,2026-08-06 16:12:00,FAILED
19188,8,2,3148.40,2026-08-22 00:29:00,REFUNDED
19189,4,10,2467.30,2026-08-05 10:39:00,PENDING
19190,9,1,3995.50,2026-08-02 10:14:00,PENDING
19191,10,16,1022.20,2026-08-06 19:08:00,SUCCESS
19192,10,8,2061.20,2026-08-26 05:39:00,PENDING
19193,10,6,3966.50,2026-08-28 19:29:00,FAILED
19194,4,9,273.20,2026-08-08 21:14:00,FAILED
19195,5,2,3800.80,2026-08-16 23:59:00,REFUNDED
19196,7,16,2555.20,2026-08-12 21:45:00,REFUNDED
19197,3,16,852.80,2026-08-19 07:16:00,PENDING
19198,8,6,842.80,2026-08-18 05:46:00,REFUNDED
19199,7,19,237.00,2026-08-09 07:07:00,PENDING
19200,10,5,1259.50,2026-08-11 04:32:00,SUCCESS
19201,9,15,4320.00,2026-08-21 21:20:00,PENDING
19202,7,3,2123.00,2026-08-08 08:37:00,PENDING
19203,9,11,1821.30,2026-08-06 12:33:00,SUCCESS
19204,5,5,2851.80,2026-08-27 13:38:00,REFUNDED
19205,3,8,214.30,2026-08-07 14:55:00,REFUNDED
19206,9,11,4221.80,2026-08-13 14:39:00,PENDING
19207,9,20,4884.30,2026-08-22 21:11:00,SUCCESS
19208,5,16,2416.30,2026-08-02 01:42:00,PENDING
19209,4,7,4822.70,2026-08-02 20:55:00,FAILED
19210,9,8,2724.30,2026-08-15 12:01:00,FAILED
19211,9,20,3126.40,2026-08-03 23:05:00,PENDING
19212,6,12,3873.50,2026-08-02 11:30:00,FAILED
19213,10,15,3899.30,2026-08-29 22:12:00,REFUNDED
19214,4,15,4122.50,2026-08-10 21:18:00,SUCCESS
19215,10,13,2111.00,2026-08-21 05:50:00,SUCCESS
19216,3,19,1273.90,2026-08-09 09:56:00,REFUNDED
19217,1,1,NOT_A_NUMBER,2026-08-01 12:00:00,SUCCESS
19218,5,15,2182.00,2026-08-23 10:20:00,PENDING
19219,2,7,4311.20,2026-08-30 19:01:00,FAILED
19220,7,10,925.70,2026-08-17 15:01:00,REFUNDED
19221,5,11,5035.00,2026-08-03 03:15:00,REFUNDED
19222,5,15,3309.80,2026-08-13 22:41:00,REFUNDED
19223,9,3,681.00,2026-08-04 09:33:00,PENDING
19224,10,5,4740.90,2026-08-24 08:03:00,FAILED
19225,6,12,1240.00,2026-08-06 14:57:00,FAILED
19226,10,17,4081.30,2026-08-05 14:25:00,REFUNDED
19227,9,5,2406.10,2026-08-08 22:44:00,REFUNDED
19228,5,6,882.10,2026-08-20 10:49:00,REFUNDED
19229,4,5,343.10,2026-08-04 02:05:00,FAILED
19230,6,9,411.30,2026-08-03 03:55:00,FAILED
19231,4,8,2641.50,2026-08-06 20:59:00,PENDING
19232,6,8,177.10,2026-08-13 12:23:00,PENDING
19233,2,3,3949.90,2026-08-20 13:49:00,SUCCESS
19234,5,2,1958.60,2026-08-04 02:09:00,REFUNDED
19235,4,11,1474.10,2026-08-11 20:22:00,SUCCESS
19236,1,7,3038.70,2026-08-23 09:31:00,SUCCESS
19237,1,6,4339.80,2026-08-15 02:06:00,REFUNDED
19238,9,13,1151.30,2026-08-16 18:59:00,FAILED
19239,3,6,3089.40,2026-08-09 16:26:00,PENDING
19240,3,20,3164.90,2026-08-19 09:01:00,REFUNDED
19241,8,1,2905.70,2026-08-12 14:57:00,PENDING
19242,4,11,869.30,2026-08-24 19:15:00,FAILED
19243,2,15,1355.00,2026-08-11 01:22:00,PENDING
19244,2,11,1299.30,2026-08-15 16:49:00,PENDING
19245,3,11,3451.40,2026-08-05 13:41:00,SUCCESS
19246,10,9,566.50,2026-08-20 21:37:00,FAILED
19247,10,2,3033.30,2026-08-11 04:55:00,FAILED
19248,4,11,2861.30,2026-08-25 11:49:00,PENDING
19249,8,15,577.30,2026-08-20 17:31:00,SUCCESS
19250,2,11,4199.60,2026-08-15 04:23:00,REFUNDED
19251,2,7,3652.60,2026-08-15 06:42:00,SUCCESS
19252,8,16,1663.10,2026-08-11 07:04:00,SUCCESS
19253,1,1,5000,INVALID_DATE_TIME,SUCCESS
19254,8,12,4312.50,2026-08-24 08:37:00,REFUNDED
19255,9,8,3980.10,2026-08-11 16:14:00,FAILED
19256,10,9,1252.10,2026-08-20 09:08:00,FAILED
19257,3,14,333.40,2026-08-27 13:27:00,PENDING
19258,3,14,2664.70,2026-08-11 12:21:00,SUCCESS
19259,8,15,3602.40,2026-08-21 21:28:00,SUCCESS
19260,7,14,1574.40,2026-08-16 11:20:00,SUCCESS
19261,9,5,299.40,2026-08-14 13:55:00,PENDING
19262,4,16,2089.80,2026-08-22 05:27:00,REFUNDED
19263,5,20,4329.10,2026-08-06 20:32:00,PENDING
19264,4,16,3534.30,2026-08-22 19:22:00,PENDING
19265,1,14,812.30,2026-08-09 09:27:00,SUCCESS
19266,6,5,2128.50,2026-08-03 07:35:00,FAILED
19267,1,1,5000,INVALID_DATE_TIME,SUCCESS
19268,9,1,2843.90,2026-08-22 14:16:00,PENDING
19269,4,5,4148.20,2026-08-29 11:37:00,SUCCESS
19270,3,19,2211.30,2026-08-16 09:23:00,SUCCESS
19271,3,14,2902.00,2026-08-15 15:12:00,FAILED
19272,1,1,5000,INVALID_DATE_TIME,SUCCESS
19273,10,20,3355.90,2026-08-01 16:21:00,SUCCESS
19274,7,3,3009.00,2026-08-08 08:05:00,SUCCESS
19275,10,13,71.90,2026-08-14 15:26:00,FAILED
19276,6,9,148.20,2026-08-19 01:41:00,FAILED
19277,10,10,2827.80,2026-08-30 15:11:00,REFUNDED
19278,9,15,643.30,2026-08-17 05:13:00,PENDING
19279,5,3,280.90,2026-08-21 01:41:00,SUCCESS
19280,1,1,160.00,2026-08-27 05:03:00,FAILED
19281,6,18,3288.40,2026-08-09 13:14:00,SUCCESS
19282,7,2,1943.60,2026-08-09 01:08:00,FAILED
19283,3,7,1787.20,2026-08-27 05:42:00,FAILED
19284,1,7,1225.20,2026-08-05 01:11:00,PENDING
19285,6,8,2193.60,2026-08-11 04:53:00,FAILED
19286,6,10,2548.50,2026-08-27 21:26:00,PENDING
19287,8,2,1373.20,2026-08-21 07:56:00,SUCCESS
19288,7,9,4816.20,2026-08-08 07:33:00,PENDING
19289,1,15,143.20,2026-08-08 23:37:00,FAILED
19290,4,11,882.30,2026-08-23 22:49:00,FAILED
19291,8,9,4912.50,2026-08-27 23:52:00,PENDING
19292,2,2,745.50,2026-08-23 07:09:00,FAILED
19293,4,19,2843.00,2026-08-20 07:55:00,SUCCESS
19294,9,10,1511.70,2026-08-10 03:02:00,FAILED
19295,4,9,973.10,2026-08-18 20:55:00,PENDING
19296,7,3,1785.00,2026-08-01 12:17:00,REFUNDED
19297,7,14,3704.40,2026-08-02 15:09:00,FAILED
19298,5,4,2418.30,2026-08-11 22:14:00,FAILED
19299,7,9,4263.30,2026-08-07 08:57:00,FAILED
19300,3,13,363.40,2026-08-25 06:49:00,PENDING
19301,9,15,3988.60,2026-08-27 13:45:00,SUCCESS
19302,3,10,94.00,2026-08-30 14:21:00,REFUNDED
19303,7,4,4894.70,2026-08-24 14:16:00,FAILED
19304,9,3,4526.00,2026-08-16 03:14:00,PENDING
19305,1,20,1716.10,2026-08-22 20:25:00,SUCCESS
19306,8,15,3782.60,2026-08-02 08:29:00,FAILED
19307,7,18,4137.40,2026-08-29 07:32:00,PENDING
19308,10,13,3370.50,2026-08-17 15:40:00,SUCCESS
19309,6,14,4439.50,2026-08-04 23:35:00,FAILED
19310,1,11,4693.20,2026-08-21 23:51:00,SUCCESS
19311,8,20,1000.60,2026-08-19 02:45:00,PENDING
19312,10,20,3957.00,2026-08-17 16:49:00,PENDING
19313,4,6,2152.30,2026-08-06 18:12:00,REFUNDED
19314,6,5,1705.40,2026-08-04 12:14:00,FAILED
19315,1,1,4622.10,2026-08-31 04:39:00,PENDING
19316,10,20,3818.10,2026-08-10 05:12:00,SUCCESS
19317,9,8,3865.70,2026-08-18 16:40:00,FAILED
19318,5,9,463.30,2026-08-17 18:03:00,SUCCESS
19319,5,3,422.10,2026-08-25 14:01:00,REFUNDED
19320,7,20,1626.40,2026-08-14 11:09:00,FAILED
19321,8,9,2568.70,2026-08-24 04:27:00,SUCCESS
19322,9,6,4273.50,2026-08-06 15:11:00,REFUNDED
19323,10,10,3722.70,2026-08-01 19:48:00,SUCCESS
19324,10,2,345.10,2026-08-05 20:55:00,PENDING
19325,4,2,4360.60,2026-08-28 14:08:00,PENDING
19326,3,7,429.20,2026-08-17 06:47:00,REFUNDED
19327,7,18,663.60,2026-08-31 07:07:00,PENDING
19328,5,12,1285.00,2026-08-11 07:43:00,REFUNDED
19329,4,11,1035.20,2026-08-10 12:34:00,REFUNDED
19330,3,11,3043.70,2026-08-17 11:49:00,REFUNDED
19331,2,8,2736.40,2026-08-06 02:46:00,FAILED
19332,3,19,2236.20,2026-08-14 04:10:00,FAILED
19333,5,18,4432.20,2026-08-05 15:31:00,SUCCESS
19334,3,13,2935.30,2026-08-01 11:06:00,PENDING
19335,3,20,3850.50,2026-08-21 19:34:00,PENDING
19336,5,9,2010.90,2026-08-10 09:39:00,FAILED
19337,8,7,1569.60,2026-08-26 00:49:00,FAILED
19338,9,13,2659.00,2026-08-06 18:04:00,PENDING
19339,1,2,1938.20,2026-08-17 19:57:00,PENDING
19340,1,16,225.10,2026-08-15 12:13:00,FAILED
19341,1,14,4784.60,2026-08-20 14:10:00,PENDING
19342,1,13,1331.70,2026-08-26 12:10:00,REFUNDED
19343,8,5,4468.20,2026-08-14 11:13:00,PENDING
19344,8,4,1720.30,2026-08-09 15:54:00,PENDING
19345,8,6,3094.80,2026-08-23 07:17:00,SUCCESS
19346,9,20,1049.80,2026-08-01 12:21:00,SUCCESS
19347,9,3,4384.80,2026-08-06 00:37:00,FAILED
19348,6,6,2181.90,2026-08-25 23:41:00,PENDING
19349,5,1,3582.20,2026-08-04 10:03:00,SUCCESS
19350,10,11,2149.40,2026-08-25 16:14:00,REFUNDED
19351,7,17,3218.60,2026-08-21 07:10:00,SUCCESS
19352,10,11,1792.20,2026-08-07 22:29:00,SUCCESS
19353,8,14,978.50,2026-08-22 14:17:00,REFUNDED
19354,8,13,591.40,2026-08-12 19:41:00,SUCCESS
19355,10,20,484.10,2026-08-12 03:01:00,FAILED
19356,10,15,3943.50,2026-08-26 09:54:00,FAILED
19357,6,18,1444.10,2026-08-02 22:27:00,FAILED
19358,4,1,4295.60,2026-08-28 21:35:00,PENDING
19359,1,19,3920.60,2026-08-15 07:48:00,PENDING
19360,2,17,3893.70,2026-08-30 00:44:00,FAILED
19361,1,3,2787.50,2026-08-25 15:56:00,FAILED
19362,1,5,3191.90,2026-08-31 01:15:00,PENDING
19363,3,4,762.50,2026-08-29 20:55:00,PENDING
19364,1,1,5000,2026-08-01 12:00:00,UNKNOWN_STATUS
19365,4,8,2620.90,2026-08-07 06:00:00,SUCCESS
19366,8,2,2827.90,2026-08-08 08:28:00,FAILED
19367,1,2,3310.40,2026-08-20 05:03:00,FAILED
19368,9,10,3741.10,2026-08-11 04:50:00,REFUNDED
19369,9,17,3578.60,2026-08-08 04:25:00,SUCCESS
19370,8,11,1461.00,2026-08-05 23:12:00,REFUNDED
19371,4,14,2800.10,2026-08-27 13:10:00,SUCCESS
19372,8,9,3101.10,2026-08-21 04:37:00,PENDING
19373,5,14,1839.20,2026-08-04 05:59:00,SUCCESS
19374,9,13,4798.10,2026-08-10 08:21:00,PENDING
19375,3,4,3019.20,2026-08-16 04:16:00,FAILED
19376,7,5,2361.60,2026-08-13 12:38:00,PENDING
19377,3,4,2350.60,2026-08-12 09:18:00,SUCCESS
19378,3,8,4859.20,2026-08-24 17:09:00,REFUNDED
19379,6,5,862.10,2026-08-19 19:25:00,PENDING
19380,10,9,4303.70,2026-08-05 05:30:00,REFUNDED
19381,6,3,2418.10,2026-08-08 18:33:00,FAILED
19382,2,16,2043.20,2026-08-09 19:55:00,PENDING
19383,8,2,3612.00,2026-08-18 11:13:00,FAILED
19384,7,5,889.30,2026-08-23 15:08:00,SUCCESS
19385,10,6,4129.50,2026-08-07 20:13:00,PENDING
19386,10,16,2797.80,2026-08-25 19:44:00,REFUNDED
19387,9,20,3422.70,2026-08-06 12:09:00,SUCCESS
19388,4,9,4097.00,2026-08-03 20:23:00,SUCCESS
19389,7,20,703.30,2026-08-04 07:54:00,REFUNDED
19390,4,13,2281.70,2026-08-10 03:32:00,SUCCESS
19391,3,12,2222.30,2026-08-30 16:02:00,REFUNDED
19392,9,5,4308.80,2026-08-04 01:05:00,SUCCESS
19393,1,4,1160.60,2026-08-20 10:09:00,SUCCESS
19394,10,11,232.70,2026-08-30 17:50:00,PENDING
19395,3,17,3058.80,2026-08-07 16:43:00,SUCCESS
19396,5,7,1260.50,2026-08-04 19:28:00,REFUNDED
19397,6,9,2365.10,2026-08-03 22:19:00,PENDING
19398,3,10,504.70,2026-08-10 10:41:00,PENDING
19399,6,4,1239.50,2026-08-07 22:27:00,SUCCESS
19400,3,2,1120.60,2026-08-21 06:41:00,PENDING
19401,6,4,2411.60,2026-08-21 04:23:00,REFUNDED
19402,10,15,226.40,2026-08-08 13:21:00,REFUNDED
19403,8,2,1483.40,2026-08-29 19:01:00,PENDING
19404,1,17,4581.30,2026-08-25 03:00:00,SUCCESS
19405,1,9,2789.40,2026-08-15 20:56:00,FAILED
19406,4,14,2728.20,2026-08-02 12:18:00,PENDING
19407,9,15,4468.80,2026-08-25 17:48:00,PENDING
19408,3,19,868.50,2026-08-05 08:30:00,REFUNDED
19409,2,7,657.60,2026-08-30 12:26:00,FAILED
19410,2,5,3111.70,2026-08-01 19:43:00,REFUNDED
19411,5,17,3136.20,2026-08-19 01:19:00,REFUNDED
19412,1,8,1891.90,2026-08-12 00:00:00,FAILED
19413,1,1,5000,INVALID_DATE_TIME,SUCCESS
19414,2,7,2723.60,2026-08-10 10:20:00,FAILED
19415,4,3,4087.70,2026-08-06 17:49:00,FAILED
19416,5,19,3156.90,2026-08-25 16:06:00,SUCCESS
19417,5,16,1172.10,2026-08-17 02:34:00,FAILED
19418,8,15,681.30,2026-08-07 19:40:00,PENDING
19419,10,15,2736.80,2026-08-03 16:40:00,REFUNDED
19420,9,18,3506.30,2026-08-27 20:58:00,FAILED
19421,9,15,2784.20,2026-08-23 06:26:00,REFUNDED
19422,4,10,2014.90,2026-08-23 17:13:00,FAILED
19423,3,12,3265.20,2026-08-17 06:24:00,REFUNDED
19424,4,4,1548.30,2026-08-23 05:01:00,FAILED
19425,2,9,2115.30,2026-08-10 20:50:00,REFUNDED
19426,3,8,3839.30,2026-08-07 00:36:00,SUCCESS
19427,8,18,2183.90,2026-08-18 06:57:00,REFUNDED
19428,7,16,603.50,2026-08-27 05:16:00,PENDING
19429,5,12,589.20,2026-08-17 17:29:00,REFUNDED
19430,7,14,2856.30,2026-08-04 13:19:00,SUCCESS
19431,4,5,2710.80,2026-08-18 17:19:00,REFUNDED
19432,10,16,4329.90,2026-08-30 10:33:00,REFUNDED
19433,4,10,4473.90,2026-08-24 22:11:00,PENDING
19434,8,5,4888.20,2026-08-25 22:15:00,FAILED
19435,10,6,914.60,2026-08-13 08:27:00,SUCCESS
19436,1,1,5000,2026-08-01 12:00:00,UNKNOWN_STATUS
19437,7,13,3330.50,2026-08-03 09:53:00,FAILED
19438,1,1,NOT_A_NUMBER,2026-08-01 12:00:00,SUCCESS
19439,3,13,3080.90,2026-08-04 06:04:00,PENDING
19440,5,18,1467.40,2026-08-11 02:50:00,PENDING
19441,6,18,3447.10,2026-08-30 23:01:00,PENDING
19442,6,5,611.70,2026-08-07 17:07:00,REFUNDED
19443,5,16,1194.00,2026-08-09 23:45:00,REFUNDED
19444,6,3,3144.30,2026-08-08 18:02:00,REFUNDED
19445,4,13,2389.50,2026-08-24 00:43:00,FAILED
19446,6,12,3144.70,2026-08-22 01:55:00,SUCCESS
19447,3,4,4148.90,2026-08-03 19:09:00,SUCCESS
19448,8,9,1071.10,2026-08-28 07:53:00,REFUNDED
19449,2,12,4798.80,2026-08-29 18:37:00,REFUNDED
19450,3,19,4492.20,2026-08-30 07:46:00,PENDING
19451,6,15,482.80,2026-08-17 15:11:00,FAILED
19452,6,5,4606.50,2026-08-12 16:17:00,SUCCESS
19453,8,17,4209.10,2026-08-28 13:55:00,SUCCESS
19454,2,12,4478.10,2026-08-26 21:07:00,PENDING
19455,5,12,1075.50,2026-08-08 06:48:00,FAILED
19456,3,6,3903.00,2026-08-13 20:00:00,PENDING
19457,2,16,1791.20,2026-08-07 01:31:00,PENDING
19458,6,3,3521.80,2026-08-03 15:42:00,REFUNDED
19459,2,1,2353.40,2026-08-13 22:57:00,SUCCESS
19460,6,2,3545.80,2026-08-28 12:57:00,SUCCESS
19461,7,18,1986.00,2026-08-28 11:48:00,SUCCESS
19462,5,7,158.40,2026-08-27 05:48:00,SUCCESS
19463,7,17,2404.60,2026-08-22 08:13:00,FAILED
19464,5,19,1173.80,2026-08-10 09:49:00,REFUNDED
19465,10,1,3642.90,2026-08-18 07:36:00,SUCCESS
19466,9,9,3669.60,2026-08-12 22:12:00,REFUNDED
19467,1,1,NOT_A_NUMBER,2026-08-01 12:00:00,SUCCESS
19468,5,16,3237.00,2026-08-15 19:29:00,SUCCESS
19469,7,2,3378.00,2026-08-25 10:34:00,SUCCESS
19470,8,2,332.10,2026-08-27 11:29:00,REFUNDED
19471,8,4,2887.40,2026-08-25 22:55:00,PENDING
19472,3,19,4988.40,2026-08-03 07:12:00,SUCCESS
19473,10,6,4048.50,2026-08-06 22:07:00,PENDING
19474,8,15,92.30,2026-08-08 00:05:00,FAILED
19475,1,10,3707.40,2026-08-07 22:21:00,REFUNDED
19476,8,6,202.40,2026-08-05 17:12:00,SUCCESS
19477,3,4,4850.90,2026-08-04 03:29:00,REFUNDED
19478,2,6,2606.00,2026-08-24 10:21:00,REFUNDED
19479,5,20,4120.30,2026-08-30 00:15:00,REFUNDED
19480,9,4,2610.70,2026-08-24 13:40:00,FAILED
19481,5,8,1097.50,2026-08-02 23:29:00,FAILED
19482,3,8,2867.30,2026-08-21 16:48:00,REFUNDED
19483,5,6,448.00,2026-08-20 21:57:00,FAILED
19484,3,4,2950.30,2026-08-13 19:33:00,REFUNDED
19485,2,16,1502.60,2026-08-08 13:47:00,SUCCESS
19486,2,20,2727.20,2026-08-16 03:56:00,FAILED
19487,8,8,3788.20,2026-08-16 09:33:00,FAILED
19488,3,9,2797.30,2026-08-01 13:41:00,REFUNDED
19489,6,12,3788.80,2026-08-10 13:54:00,SUCCESS
19490,4,7,4364.70,2026-08-06 13:03:00,SUCCESS
19491,6,2,4885.40,2026-08-25 17:36:00,PENDING
19492,9,9,1005.50,2026-08-16 14:28:00,FAILED
19493,3,18,2243.80,2026-08-30 08:29:00,PENDING
19494,1,7,82.10,2026-08-10 11:11:00,PENDING
19495,7,17,2834.50,2026-08-19 17:36:00,PENDING
19496,2,14,3610.40,2026-08-18 02:30:00,PENDING
19497,9,15,4703.50,2026-08-04 20:49:00,PENDING
19498,10,6,4325.50,2026-08-08 13:58:00,PENDING
19499,1,1,5000,INVALID_DATE_TIME,SUCCESS
19500,1,4,2781.70,2026-08-02 13:16:00,FAILED
19501,3,14,3581.80,2026-08-17 18:01:00,PENDING
19502,4,14,1417.30,2026-08-06 09:08:00,REFUNDED
19503,9,5,3639.70,2026-08-02 17:04:00,REFUNDED
19504,4,13,3647.50,2026-08-06 15:46:00,SUCCESS
19505,5,4,3045.90,2026-08-25 16:18:00,REFUNDED
19506,7,18,3052.80,2026-08-01 17:02:00,PENDING
19507,5,10,223.80,2026-08-23 08:30:00,SUCCESS
19508,2,6,1917.90,2026-08-21 05:12:00,PENDING
19509,7,10,3147.20,2026-08-24 23:04:00,REFUNDED
19510,4,1,1630.10,2026-08-09 08:37:00,FAILED
19511,10,17,3559.60,2026-08-29 05:56:00,FAILED
19512,1,7,526.00,2026-08-23 00:49:00,PENDING
19513,1,20,1666.20,2026-08-25 11:14:00,PENDING
19514,9,17,516.10,2026-08-28 21:53:00,FAILED
19515,4,15,4834.50,2026-08-12 06:27:00,FAILED
19516,9,15,4914.30,2026-08-21 04:32:00,PENDING
19517,6,16,230.70,2026-08-01 12:09:00,REFUNDED
19518,1,11,1063.90,2026-08-25 05:06:00,PENDING
19519,7,18,3559.40,2026-08-02 15:08:00,FAILED
19520,2,9,3285.30,2026-08-04 21:59:00,REFUNDED
19521,1,5,4706.30,2026-08-25 12:37:00,REFUNDED
19522,1,11,1885.70,2026-08-04 01:13:00,SUCCESS
19523,4,12,1745.60,2026-08-20 16:28:00,REFUNDED
19524,10,16,2336.40,2026-08-11 11:22:00,SUCCESS
19525,10,18,3859.80,2026-08-17 06:46:00,REFUNDED
19526,8,8,4484.80,2026-08-09 04:49:00,PENDING
19527,8,8,2964.30,2026-08-29 16:35:00,SUCCESS
19528,2,7,4382.00,2026-08-02 15:39:00,FAILED
19529,3,18,2059.60,2026-08-11 14:39:00,FAILED
19530,4,6,2479.20,2026-08-15 09:27:00,SUCCESS
19531,1,13,2920.50,2026-08-29 03:53:00,SUCCESS
19532,2,20,1338.70,2026-08-17 12:46:00,FAILED
19533,9,3,1495.60,2026-08-27 08:53:00,SUCCESS
19534,9,16,836.70,2026-08-05 03:25:00,SUCCESS
19535,4,7,3814.20,2026-08-27 22:24:00,SUCCESS
19536,9,16,657.90,2026-08-18 09:54:00,SUCCESS
19537,9,6,1345.20,2026-08-02 03:55:00,PENDING
19538,5,13,2048.30,2026-08-15 07:30:00,SUCCESS
19539,2,10,2318.50,2026-08-05 21:42:00,REFUNDED
19540,1,17,1727.90,2026-08-15 09:58:00,SUCCESS
19541,5,2,2976.30,2026-08-03 21:39:00,SUCCESS
19542,1,1,5000,2026-08-01 12:00:00,UNKNOWN_STATUS
19543,10,12,798.70,2026-08-03 09:48:00,PENDING
19544,1,12,3309.80,2026-08-12 19:49:00,REFUNDED
19545,4,11,4910.30,2026-08-12 14:14:00,FAILED
19546,8,17,443.80,2026-08-27 09:58:00,FAILED
19547,6,1,2874.70,2026-08-30 22:14:00,SUCCESS
19548,3,17,2401.70,2026-08-30 15:40:00,REFUNDED
19549,2,5,2447.60,2026-08-21 21:17:00,REFUNDED
19550,10,8,3457.60,2026-08-31 04:04:00,SUCCESS
19551,2,14,4892.40,2026-08-30 01:31:00,REFUNDED
19552,4,18,4038.90,2026-08-18 04:29:00,SUCCESS
19553,9,20,2040.80,2026-08-13 09:20:00,SUCCESS
19554,6,8,4865.10,2026-08-21 11:28:00,REFUNDED
19555,8,5,1787.40,2026-08-26 10:18:00,PENDING
19556,7,3,2743.70,2026-08-03 22:25:00,SUCCESS
19557,2,11,3912.00,2026-08-21 16:49:00,SUCCESS
19558,5,6,579.80,2026-08-12 06:48:00,PENDING
19559,1,3,1724.40,2026-08-19 14:13:00,FAILED
19560,6,1,4515.20,2026-08-21 21:45:00,PENDING
19561,2,2,815.60,2026-08-04 05:24:00,PENDING
19562,5,10,2927.50,2026-08-03 13:49:00,PENDING
19563,10,13,1486.90,2026-08-03 05:17:00,FAILED
19564,2,19,3920.80,2026-08-21 12:59:00,REFUNDED
19565,7,4,3774.40,2026-08-18 22:11:00,PENDING
19566,5,1,1281.70,2026-08-25 22:51:00,PENDING
19567,6,18,1253.50,2026-08-30 01:14:00,FAILED
19568,6,10,4204.30,2026-08-18 18:07:00,FAILED
19569,3,5,4159.90,2026-08-01 20:32:00,PENDING
19570,5,13,2181.70,2026-08-01 10:10:00,PENDING
19571,5,14,1458.70,2026-08-01 17:24:00,REFUNDED
19572,3,16,1294.70,2026-08-15 21:35:00,REFUNDED
19573,8,7,729.20,2026-08-14 06:12:00,REFUNDED
19574,6,1,3251.00,2026-08-22 15:03:00,FAILED
19575,3,17,2664.00,2026-08-14 12:16:00,SUCCESS
19576,5,6,4447.00,2026-08-25 15:31:00,FAILED
19577,7,1,2773.70,2026-08-20 10:27:00,FAILED
19578,3,17,1812.40,2026-08-19 11:25:00,REFUNDED
19579,9,18,4155.30,2026-08-06 07:59:00,PENDING
19580,9,2,502.90,2026-08-23 09:39:00,REFUNDED
19581,4,6,2448.80,2026-08-20 17:37:00,SUCCESS
19582,6,18,519.30,2026-08-25 11:29:00,FAILED
19583,1,2,2082.10,2026-08-03 09:47:00,FAILED
19584,1,7,920.90,2026-08-06 23:26:00,PENDING
19585,5,19,969.30,2026-08-22 11:29:00,SUCCESS
19586,9,15,536.40,2026-08-06 19:31:00,PENDING
19587,7,18,1805.50,2026-08-30 07:44:00,REFUNDED
19588,3,4,3851.20,2026-08-28 19:13:00,FAILED
19589,5,8,415.20,2026-08-23 14:00:00,FAILED
19590,6,3,945.00,2026-08-21 12:45:00,REFUNDED
19591,9,11,4826.60,2026-08-19 15:55:00,SUCCESS
19592,5,16,2660.40,2026-08-05 14:59:00,FAILED
19593,8,2,4809.80,2026-08-04 07:47:00,PENDING
19594,8,18,1856.90,2026-08-27 15:52:00,SUCCESS
19595,7,19,3810.20,2026-08-16 21:44:00,PENDING
19596,6,11,1962.90,2026-08-06 14:02:00,SUCCESS
19597,3,10,3179.70,2026-08-19 21:20:00,PENDING
19598,6,18,628.70,2026-08-10 18:09:00,SUCCESS
19599,2,11,1108.40,2026-08-28 08:24:00,FAILED
19600,10,2,612.90,2026-08-05 17:09:00,FAILED
19601,10,12,2646.70,2026-08-09 02:46:00,REFUNDED
19602,1,3,3205.10,2026-08-11 21:21:00,PENDING
19603,6,15,728.10,2026-08-18 05:32:00,PENDING
19604,2,15,612.00,2026-08-09 23:17:00,FAILED
19605,8,17,3355.50,2026-08-15 01:44:00,REFUNDED
19606,1,5,3450.70,2026-08-23 14:02:00,REFUNDED
19607,1,2,1798.40,2026-08-13 13:34:00,PENDING
19608,8,2,3211.60,2026-08-15 10:07:00,SUCCESS
19609,8,17,2992.60,2026-08-25 09:03:00,PENDING
19610,8,8,925.80,2026-08-02 20:04:00,SUCCESS
19611,2,2,1584.70,2026-08-17 13:32:00,REFUNDED
19612,3,19,1019.10,2026-08-06 13:59:00,SUCCESS
19613,2,16,2698.30,2026-08-18 23:01:00,REFUNDED
19614,4,4,3248.10,2026-08-14 14:26:00,PENDING
19615,4,16,1718.90,2026-08-18 18:06:00,FAILED
19616,7,12,1129.30,2026-08-19 02:50:00,REFUNDED
19617,1,6,1113.50,2026-08-27 12:35:00,FAILED
19618,3,7,1039.20,2026-08-01 18:04:00,SUCCESS
19619,9,19,188.40,2026-08-07 08:51:00,PENDING
19620,5,10,3547.80,2026-08-21 14:45:00,FAILED
19621,6,12,107.20,2026-08-19 22:43:00,FAILED
19622,10,16,935.90,2026-08-11 20:45:00,PENDING
19623,3,10,2071.60,2026-08-22 14:02:00,REFUNDED
19624,8,10,1777.20,2026-08-11 17:22:00,REFUNDED
19625,1,18,3543.50,2026-08-24 16:40:00,REFUNDED
19626,7,8,2438.20,2026-08-21 14:18:00,SUCCESS
19627,5,3,2471.40,2026-08-28 03:20:00,REFUNDED
19628,10,19,1894.20,2026-08-31 06:46:00,FAILED
19629,8,19,185.60,2026-08-20 11:20:00,FAILED
19630,5,11,1616.90,2026-08-06 05:31:00,REFUNDED
19631,10,18,1519.50,2026-08-19 04:36:00,REFUNDED
19632,10,6,4109.50,2026-08-26 23:42:00,FAILED
19633,10,1,1531.20,2026-08-02 05:54:00,SUCCESS
19634,3,10,1003.80,2026-08-27 00:19:00,SUCCESS
19635,6,8,2352.60,2026-08-16 09:39:00,PENDING
19636,2,19,156.50,2026-08-08 10:28:00,FAILED
19637,3,12,968.30,2026-08-19 06:16:00,SUCCESS
19638,7,19,1364.20,2026-08-24 10:29:00,PENDING
19639,5,15,1551.90,2026-08-15 08:42:00,SUCCESS
19640,6,1,646.50,2026-08-14 09:51:00,PENDING
19641,6,3,904.90,2026-08-27 08:29:00,REFUNDED
19642,9,12,1507.50,2026-08-20 09:47:00,PENDING
19643,4,9,3953.40,2026-08-20 02:25:00,SUCCESS
19644,8,15,684.70,2026-08-05 01:58:00,FAILED
19645,1,5,1175.00,2026-08-06 18:48:00,FAILED
19646,7,4,2297.20,2026-08-15 10:04:00,FAILED
19647,7,2,1748.60,2026-08-07 22:31:00,PENDING
19648,4,13,3890.50,2026-08-14 08:23:00,SUCCESS
19649,2,8,1748.90,2026-08-18 04:59:00,REFUNDED
19650,10,9,4345.90,2026-08-02 02:34:00,PENDING
19651,5,9,1243.40,2026-08-07 04:59:00,SUCCESS
19652,10,18,499.80,2026-08-12 00:24:00,PENDING
19653,6,14,1198.00,2026-08-11 23:56:00,FAILED
19654,1,13,1858.30,2026-08-22 23:47:00,SUCCESS
19655,1,1,NOT_A_NUMBER,2026-08-01 12:00:00,SUCCESS
19656,1,1,5000,2026-08-01 12:00:00,UNKNOWN_STATUS
19657,9,7,728.70,2026-08-20 06:42:00,REFUNDED
19658,3,2,2143.30,2026-08-17 07:03:00,SUCCESS
19659,5,17,225.40,2026-08-04 18:08:00,FAILED
19660,8,1,1302.10,2026-08-01 09:33:00,PENDING
19661,2,12,3840.50,2026-08-12 17:31:00,SUCCESS
19662,10,17,1145.70,2026-08-22 00:27:00,PENDING
19663,10,11,2960.30,2026-08-19 22:28:00,REFUNDED
19664,2,18,2704.10,2026-08-23 16:33:00,REFUNDED
19665,7,14,4057.90,2026-08-14 18:54:00,REFUNDED
19666,8,3,1650.70,2026-08-19 23:04:00,SUCCESS
19667,1,6,3063.10,2026-08-20 16:41:00,SUCCESS
19668,6,14,2867.40,2026-08-16 05:47:00,FAILED
19669,8,5,1779.90,2026-08-16 15:03:00,REFUNDED
19670,5,15,4738.90,2026-08-09 16:26:00,FAILED
19671,9,15,304.30,2026-08-17 04:12:00,REFUNDED
19672,10,18,4167.50,2026-08-29 14:11:00,PENDING
19673,8,13,2315.70,2026-08-28 15:32:00,REFUNDED
19674,9,3,398.90,2026-08-15 06:07:00,SUCCESS
19675,5,14,3217.30,2026-08-07 13:37:00,REFUNDED
19676,3,8,3554.70,2026-08-24 05:41:00,FAILED
19677,6,20,4854.20,2026-08-19 02:11:00,FAILED
19678,6,13,4612.10,2026-08-02 06:28:00,FAILED
19679,7,11,1874.20,2026-08-02 21:37:00,FAILED
19680,9,7,3724.10,2026-08-20 22:27:00,FAILED
19681,6,3,2248.50,2026-08-05 15:02:00,FAILED
19682,8,8,1246.60,2026-08-18 20:02:00,REFUNDED
19683,10,17,4596.10,2026-08-11 11:56:00,FAILED
19684,9,20,2276.40,2026-08-29 18:41:00,SUCCESS
19685,1,13,2328.20,2026-08-09 20:53:00,FAILED
19686,5,7,5042.30,2026-08-14 09:20:00,SUCCESS
19687,9,15,70.10,2026-08-07 21:30:00,PENDING
19688,3,10,4981.70,2026-08-24 06:14:00,SUCCESS
19689,5,10,1271.50,2026-08-08 10:55:00,PENDING
19690,6,2,4346.40,2026-08-09 03:54:00,FAILED
19691,10,11,2091.10,2026-08-25 04:35:00,SUCCESS
19692,8,2,4512.80,2026-08-22 20:17:00,REFUNDED
19693,2,5,3481.20,2026-08-24 08:18:00,SUCCESS
19694,8,8,689.10,2026-08-25 06:05:00,SUCCESS
19695,5,13,579.00,2026-08-22 12:58:00,FAILED
19696,8,20,1182.30,2026-08-26 07:25:00,PENDING
19697,3,16,2024.90,2026-08-03 01:32:00,PENDING
19698,3,1,3172.50,2026-08-16 05:46:00,PENDING
19699,10,19,2933.30,2026-08-01 08:47:00,FAILED
19700,6,6,2874.30,2026-08-17 12:55:00,FAILED
19701,4,8,4235.20,2026-08-27 22:59:00,SUCCESS
19702,4,14,2580.00,2026-08-18 05:38:00,REFUNDED
19703,2,18,4545.80,2026-08-06 19:13:00,SUCCESS
19704,1,9,3103.20,2026-08-27 05:24:00,REFUNDED
19705,10,4,662.80,2026-08-31 00:12:00,FAILED
19706,9,7,907.70,2026-08-15 05:52:00,FAILED
19707,10,4,766.30,2026-08-10 19:39:00,SUCCESS
19708,4,5,1639.80,2026-08-30 23:32:00,FAILED
19709,2,12,2501.20,2026-08-28 11:01:00,REFUNDED
19710,10,1,3139.20,2026-08-20 07:23:00,FAILED
19711,3,20,737.30,2026-08-04 15:15:00,FAILED
19712,8,7,3572.70,2026-08-08 23:09:00,PENDING
19713,8,18,2217.20,2026-08-30 10:57:00,REFUNDED
19714,1,3,1215.10,2026-08-19 19:12:00,REFUNDED
19715,4,5,4576.30,2026-08-10 00:27:00,FAILED
19716,1,6,4795.40,2026-08-17 10:14:00,PENDING
19717,1,1,5000,INVALID_DATE_TIME,SUCCESS
19718,6,14,2627.20,2026-08-13 17:45:00,PENDING
19719,10,17,1633.60,2026-08-17 08:10:00,FAILED
19720,7,10,2688.70,2026-08-19 18:05:00,REFUNDED
19721,7,17,480.00,2026-08-21 06:38:00,FAILED
19722,5,12,756.50,2026-08-15 11:43:00,SUCCESS
19723,1,1,1564.10,2026-08-17 01:01:00,PENDING
19724,1,11,315.60,2026-08-02 06:25:00,REFUNDED
19725,7,9,260.60,2026-08-03 11:41:00,FAILED
19726,1,13,4432.80,2026-08-03 02:37:00,PENDING
19727,5,15,3793.20,2026-08-31 01:30:00,PENDING
19728,8,11,1368.50,2026-08-11 16:21:00,REFUNDED
19729,3,17,3264.40,2026-08-04 17:36:00,FAILED
19730,2,16,381.30,2026-08-31 01:51:00,FAILED
19731,1,11,221.10,2026-08-13 07:04:00,REFUNDED
19732,6,14,5020.40,2026-08-24 10:39:00,SUCCESS
19733,1,4,1848.50,2026-08-30 23:10:00,PENDING
19734,1,1,NOT_A_NUMBER,2026-08-01 12:00:00,SUCCESS
19735,8,14,1603.00,2026-08-11 12:20:00,SUCCESS
19736,8,4,2125.00,2026-08-21 22:11:00,FAILED
19737,5,10,4468.90,2026-08-12 18:51:00,FAILED
19738,3,3,423.40,2026-08-25 19:57:00,REFUNDED
19739,10,8,3277.70,2026-08-20 20:25:00,FAILED
19740,3,11,1221.90,2026-08-11 07:39:00,REFUNDED
19741,1,7,2911.40,2026-08-21 09:49:00,REFUNDED
19742,3,14,2425.90,2026-08-22 19:52:00,SUCCESS
19743,7,15,906.70,2026-08-10 09:25:00,PENDING
19744,7,15,657.50,2026-08-15 18:03:00,PENDING
19745,3,15,178.70,2026-08-14 17:41:00,FAILED
19746,3,9,356.70,2026-08-28 12:39:00,FAILED
19747,5,11,1241.30,2026-08-18 16:50:00,REFUNDED
19748,4,13,4379.00,2026-08-29 08:43:00,FAILED
19749,1,12,2943.80,2026-08-14 13:10:00,FAILED
19750,4,4,1065.70,2026-08-03 06:43:00,FAILED
19751,10,20,164.80,2026-08-11 09:12:00,FAILED
19752,9,15,2472.70,2026-08-07 05:35:00,PENDING
19753,1,1,NOT_A_NUMBER,2026-08-01 12:00:00,SUCCESS
19754,3,15,4105.40,2026-08-06 09:08:00,REFUNDED
19755,6,11,173.20,2026-08-04 03:28:00,PENDING
19756,2,15,73.70,2026-08-30 05:50:00,SUCCESS
19757,9,17,4299.80,2026-08-26 08:45:00,FAILED
19758,1,18,4916.80,2026-08-13 04:35:00,REFUNDED
19759,6,8,1152.00,2026-08-27 14:29:00,REFUNDED
19760,1,2,2530.80,2026-08-17 16:17:00,REFUNDED
19761,8,20,4523.50,2026-08-29 18:05:00,FAILED
19762,5,20,392.70,2026-08-14 04:09:00,SUCCESS
19763,1,20,1159.70,2026-08-28 04:42:00,REFUNDED
19764,9,2,2816.80,2026-08-08 09:36:00,SUCCESS
19765,4,15,3931.40,2026-08-25 10:55:00,REFUNDED
19766,7,18,2346.00,2026-08-01 21:17:00,SUCCESS
19767,10,2,2825.50,2026-08-16 19:44:00,SUCCESS
19768,7,17,4543.10,2026-08-09 09:33:00,FAILED
19769,1,6,3524.50,2026-08-23 07:12:00,REFUNDED
19770,8,14,2269.80,2026-08-22 05:01:00,FAILED
19771,3,12,4745.10,2026-08-06 19:17:00,SUCCESS
19772,8,6,457.70,2026-08-01 12:34:00,REFUNDED
19773,3,14,4788.40,2026-08-28 13:42:00,SUCCESS
19774,6,14,4045.70,2026-08-25 18:32:00,FAILED
19775,3,15,285.10,2026-08-03 00:19:00,PENDING
19776,1,14,3690.10,2026-08-28 00:24:00,FAILED
19777,1,1,5000,INVALID_DATE_TIME,SUCCESS
19778,6,17,3094.80,2026-08-12 11:29:00,REFUNDED
19779,10,6,3155.00,2026-08-20 12:50:00,PENDING
19780,8,1,1357.20,2026-08-19 11:46:00,REFUNDED
19781,3,16,4370.70,2026-08-30 17:24:00,SUCCESS
19782,8,4,646.00,2026-08-27 11:02:00,SUCCESS
19783,5,14,4796.00,2026-08-11 11:57:00,REFUNDED
19784,9,3,2957.00,2026-08-10 17:25:00,PENDING
19785,5,13,911.20,2026-08-16 02:54:00,SUCCESS
19786,5,17,140.80,2026-08-31 01:05:00,FAILED
19787,8,1,911.50,2026-08-12 16:06:00,FAILED
19788,9,12,437.10,2026-08-02 08:56:00,REFUNDED
19789,7,3,3414.50,2026-08-24 01:31:00,FAILED
19790,2,12,1469.80,2026-08-09 01:46:00,SUCCESS
19791,10,17,186.50,2026-08-30 03:42:00,PENDING
19792,7,6,4041.50,2026-08-15 14:47:00,FAILED
19793,1,15,2346.70,2026-08-24 19:52:00,SUCCESS
19794,3,19,1393.70,2026-08-01 18:18:00,SUCCESS
19795,3,3,2481.80,2026-08-21 18:35:00,REFUNDED
19796,5,19,2926.00,2026-08-11 05:49:00,REFUNDED
19797,8,3,604.10,2026-08-01 21:51:00,FAILED
19798,9,20,56.90,2026-08-02 21:07:00,FAILED
19799,9,19,3113.30,2026-08-23 06:12:00,REFUNDED
19800,9,8,385.10,2026-08-26 08:00:00,SUCCESS
19801,1,15,580.20,2026-08-26 21:09:00,FAILED
19802,4,17,563.30,2026-08-14 08:03:00,REFUNDED
19803,3,12,2465.60,2026-08-10 23:08:00,REFUNDED
19804,10,17,4322.50,2026-08-13 01:07:00,REFUNDED
19805,7,9,1674.70,2026-08-24 11:24:00,FAILED
19806,3,12,3003.10,2026-08-17 07:28:00,FAILED
19807,1,17,2662.50,2026-08-08 08:27:00,PENDING
19808,8,20,2149.60,2026-08-03 12:06:00,FAILED
19809,6,20,3760.30,2026-08-11 00:52:00,FAILED
19810,5,17,1361.40,2026-08-21 14:38:00,FAILED
19811,6,9,2125.30,2026-08-21 06:39:00,REFUNDED
19812,1,18,4728.90,2026-08-25 09:47:00,SUCCESS
19813,3,14,640.30,2026-08-17 23:46:00,FAILED
19814,8,20,233.20,2026-08-27 19:50:00,PENDING
19815,8,15,410.00,2026-08-21 04:16:00,PENDING
19816,2,16,3306.30,2026-08-28 19:12:00,REFUNDED
19817,3,6,1508.10,2026-08-02 21:39:00,REFUNDED
19818,3,1,2850.90,2026-08-23 02:52:00,PENDING
19819,5,16,1498.00,2026-08-11 00:46:00,REFUNDED
19820,10,13,5039.90,2026-08-04 12:26:00,PENDING
19821,8,10,3072.00,2026-08-20 13:15:00,PENDING
19822,5,10,4570.10,2026-08-31 04:29:00,FAILED
19823,5,7,4479.40,2026-08-24 08:05:00,PENDING
19824,7,7,246.70,2026-08-19 07:41:00,REFUNDED
19825,3,1,2225.00,2026-08-02 20:44:00,SUCCESS
19826,4,13,1570.30,2026-08-25 10:43:00,PENDING
19827,6,18,2573.50,2026-08-14 11:25:00,PENDING
19828,6,15,1977.20,2026-08-12 06:52:00,FAILED
19829,4,6,3134.70,2026-08-26 17:56:00,REFUNDED
19830,6,9,2901.30,2026-08-05 12:16:00,FAILED
19831,5,13,2067.80,2026-08-06 08:19:00,FAILED
19832,6,19,3088.10,2026-08-03 17:03:00,PENDING
19833,8,8,3418.60,2026-08-24 22:32:00,FAILED
19834,7,5,3516.60,2026-08-18 12:30:00,FAILED
19835,5,6,5043.40,2026-08-10 11:25:00,REFUNDED
19836,7,9,2943.10,2026-08-25 11:27:00,REFUNDED
19837,9,19,4623.10,2026-08-25 18:15:00,FAILED
19838,10,15,611.30,2026-08-30 03:17:00,FAILED
19839,5,12,2969.50,2026-08-22 16:46:00,REFUNDED
19840,10,4,4065.60,2026-08-08 21:06:00,SUCCESS
19841,5,15,1203.20,2026-08-18 20:45:00,PENDING
19842,6,2,168.90,2026-08-31 02:22:00,PENDING
19843,3,11,3844.90,2026-08-24 13:08:00,FAILED
19844,8,2,3041.50,2026-08-20 11:21:00,REFUNDED
19845,5,13,3718.50,2026-08-29 16:45:00,FAILED
19846,9,3,2654.50,2026-08-07 16:38:00,PENDING
19847,3,4,2554.80,2026-08-26 13:35:00,REFUNDED
19848,8,3,4932.20,2026-08-08 10:04:00,SUCCESS
19849,1,19,4922.30,2026-08-13 12:25:00,FAILED
19850,10,8,4824.90,2026-08-04 04:42:00,SUCCESS
19851,8,10,4927.80,2026-08-23 19:15:00,FAILED
19852,1,13,3394.50,2026-08-28 10:23:00,REFUNDED
19853,3,16,4456.30,2026-08-16 16:09:00,FAILED
19854,2,2,1002.00,2026-08-19 21:25:00,PENDING
19855,1,20,2446.10,2026-08-26 15:28:00,REFUNDED
19856,6,2,640.60,2026-08-02 02:08:00,FAILED
19857,10,12,4606.70,2026-08-07 03:55:00,FAILED
19858,2,11,3548.10,2026-08-30 19:43:00,PENDING
19859,4,2,1243.60,2026-08-27 23:13:00,SUCCESS
19860,8,10,2001.50,2026-08-25 18:21:00,REFUNDED
19861,6,18,4189.20,2026-08-22 23:18:00,FAILED
19862,6,5,674.90,2026-08-15 18:33:00,FAILED
19863,2,7,1689.70,2026-08-08 20:08:00,SUCCESS
19864,5,13,3594.40,2026-08-06 00:46:00,PENDING
19865,6,18,1043.20,2026-08-10 15:50:00,SUCCESS
19866,1,100.00
19867,1,16,1508.30,2026-08-10 07:05:00,FAILED
19868,9,11,702.80,2026-08-25 07:28:00,FAILED
19869,8,6,1541.70,2026-08-05 17:23:00,REFUNDED
19870,9,17,1772.40,2026-08-22 11:26:00,FAILED
19871,1,1,1201.00,2026-08-20 20:23:00,FAILED
19872,10,17,235.70,2026-08-11 12:03:00,PENDING
19873,9,1,3492.20,2026-08-12 08:39:00,PENDING
19874,4,5,3682.70,2026-08-25 04:02:00,PENDING
19875,1,6,3825.50,2026-08-26 16:19:00,FAILED
19876,6,5,3882.90,2026-08-05 05:38:00,PENDING
19877,4,8,759.40,2026-08-07 21:03:00,FAILED
19878,6,10,4677.70,2026-08-13 14:42:00,PENDING
19879,9,20,773.20,2026-08-01 08:37:00,PENDING
19880,5,6,4342.50,2026-08-21 19:05:00,SUCCESS
19881,5,8,2194.70,2026-08-28 18:32:00,PENDING
19882,4,2,2871.40,2026-08-02 11:22:00,FAILED
19883,5,7,2885.50,2026-08-18 12:48:00,SUCCESS
19884,3,1,3290.90,2026-08-17 07:53:00,PENDING
19885,4,17,3864.80,2026-08-11 13:50:00,SUCCESS
19886,9,12,408.00,2026-08-31 03:18:00,PENDING
19887,8,9,1666.80,2026-08-09 03:37:00,FAILED
19888,1,1,5000,INVALID_DATE_TIME,SUCCESS
19889,7,16,476.70,2026-08-25 02:33:00,PENDING
19890,7,16,132.70,2026-08-13 01:37:00,REFUNDED
19891,8,19,1943.60,2026-08-14 05:49:00,REFUNDED
19892,6,16,4952.60,2026-08-01 17:23:00,REFUNDED
19893,9,14,1664.50,2026-08-01 10:51:00,FAILED
19894,7,19,1919.50,2026-08-11 02:40:00,PENDING
19895,2,2,2597.30,2026-08-09 16:54:00,FAILED
19896,1,17,474.60,2026-08-05 17:10:00,PENDING
19897,8,15,2039.50,2026-08-09 03:27:00,SUCCESS
19898,5,10,615.50,2026-08-15 01:31:00,SUCCESS
19899,3,17,4845.00,2026-08-05 19:19:00,FAILED
19900,9,6,2394.70,2026-08-22 02:29:00,SUCCESS
19901,9,19,385.00,2026-08-21 02:31:00,SUCCESS
19902,3,5,2108.10,2026-08-07 05:33:00,PENDING
19903,4,16,821.60,2026-08-19 21:37:00,PENDING
19904,4,15,1200.50,2026-08-08 17:23:00,PENDING
19905,4,6,2203.50,2026-08-25 22:39:00,SUCCESS
19906,1,17,4376.50,2026-08-10 12:16:00,PENDING
19907,9,4,4845.80,2026-08-22 00:51:00,SUCCESS
19908,5,20,1038.00,2026-08-17 06:58:00,PENDING
19909,3,17,360.90,2026-08-11 06:16:00,FAILED
19910,7,7,4155.70,2026-08-03 18:20:00,REFUNDED
19911,2,11,3087.30,2026-08-28 11:23:00,FAILED
19912,10,11,1797.20,2026-08-11 09:14:00,REFUNDED
19913,9,18,2883.20,2026-08-27 01:49:00,FAILED
19914,1,19,610.90,2026-08-24 02:11:00,PENDING
19915,5,20,703.60,2026-08-30 10:32:00,PENDING
19916,7,11,4945.60,2026-08-31 07:03:00,PENDING
19917,10,5,517.30,2026-08-05 02:28:00,FAILED
19918,1,8,56.00,2026-08-01 12:40:00,FAILED
19919,1,15,2353.30,2026-08-30 06:05:00,PENDING
19920,3,6,2513.60,2026-08-02 20:21:00,REFUNDED
19921,2,8,486.00,2026-08-04 05:09:00,FAILED
19922,1,6,3872.10,2026-08-11 21:21:00,FAILED
19923,1,3,1342.00,2026-08-30 07:53:00,PENDING
19924,8,13,3390.00,2026-08-16 14:12:00,SUCCESS
19925,10,13,1168.80,2026-08-23 04:57:00,REFUNDED
19926,4,17,4940.80,2026-08-18 16:02:00,SUCCESS
19927,10,10,2884.40,2026-08-19 17:41:00,PENDING
19928,6,20,1385.80,2026-08-02 12:20:00,FAILED
19929,7,4,1273.50,2026-08-15 23:52:00,PENDING
19930,6,4,1210.40,2026-08-13 07:25:00,REFUNDED
19931,7,10,4463.20,2026-08-15 00:54:00,REFUNDED
19932,5,1,2243.40,2026-08-16 17:27:00,FAILED
19933,1,12,1058.90,2026-08-26 10:05:00,PENDING
19934,3,5,3019.00,2026-08-31 03:53:00,FAILED
19935,10,4,3661.10,2026-08-13 13:13:00,REFUNDED
19936,10,18,2999.80,2026-08-04 07:46:00,FAILED
19937,2,18,3923.80,2026-08-18 12:11:00,SUCCESS
19938,2,7,3900.70,2026-08-14 16:37:00,FAILED
19939,1,18,2718.70,2026-08-10 12:44:00,PENDING
19940,7,9,699.00,2026-08-23 16:41:00,SUCCESS
19941,4,18,4767.00,2026-08-09 18:47:00,REFUNDED
19942,9,10,3294.50,2026-08-04 16:19:00,PENDING
19943,4,9,4046.20,2026-08-02 09:21:00,SUCCESS
19944,7,19,1104.10,2026-08-02 06:49:00,FAILED
19945,2,17,731.70,2026-08-09 03:21:00,REFUNDED
19946,8,16,3920.50,2026-08-04 16:45:00,REFUNDED
19947,6,12,4625.10,2026-08-14 08:28:00,SUCCESS
19948,9,20,670.70,2026-08-09 21:11:00,PENDING
19949,6,7,61.40,2026-08-06 17:37:00,FAILED
19950,2,14,3318.70,2026-08-23 05:51:00,SUCCESS
19951,5,1,2957.50,2026-08-27 10:23:00,REFUNDED
19952,2,20,1295.50,2026-08-17 20:18:00,REFUNDED
19953,7,1,3347.30,2026-08-19 19:22:00,PENDING
19954,7,12,1435.10,2026-08-30 08:55:00,SUCCESS
19955,3,19,57.20,2026-08-30 01:20:00,FAILED
19956,10,6,987.70,2026-08-22 05:14:00,REFUNDED
19957,2,17,3882.30,2026-08-23 12:21:00,FAILED
19958,6,15,4178.40,2026-08-14 20:33:00,FAILED
19959,10,2,980.60,2026-08-24 23:32:00,FAILED
19960,10,8,102.10,2026-08-12 07:08:00,PENDING
19961,6,15,2977.60,2026-08-11 22:31:00,SUCCESS
19962,8,3,2360.70,2026-08-14 00:48:00,FAILED
19963,2,14,1699.90,2026-08-07 07:26:00,PENDING
19964,10,5,2832.70,2026-08-03 05:18:00,FAILED
19965,2,4,274.90,2026-08-25 14:03:00,REFUNDED
19966,3,8,4997.50,2026-08-23 14:45:00,SUCCESS
19967,9,13,1102.50,2026-08-17 02:48:00,FAILED
19968,2,4,1165.20,2026-08-02 19:51:00,REFUNDED
19969,9,18,104.40,2026-08-14 13:27:00,REFUNDED
19970,5,13,1513.10,2026-08-01 22:18:00,SUCCESS
19971,5,6,2980.60,2026-08-27 16:20:00,PENDING
19972,10,9,2131.40,2026-08-03 21:20:00,SUCCESS
19973,3,16,1703.10,2026-08-19 18:46:00,FAILED
19974,9,4,4688.90,2026-08-02 21:35:00,REFUNDED
19975,4,1,1906.70,2026-08-18 23:02:00,PENDING
19976,10,7,107.10,2026-08-23 23:46:00,FAILED
19977,10,11,207.90,2026-08-23 00:46:00,SUCCESS
19978,2,9,3447.80,2026-08-16 08:52:00,REFUNDED
19979,5,17,4360.00,2026-08-11 23:50:00,PENDING
19980,3,5,403.10,2026-08-15 07:58:00,PENDING
19981,6,17,1775.50,2026-08-24 08:58:00,PENDING
19982,4,1,3672.00,2026-08-30 00:12:00,PENDING
19983,10,1,692.50,2026-08-14 21:58:00,PENDING
19984,10,10,1761.90,2026-08-15 23:20:00,REFUNDED
19985,3,17,2649.50,2026-08-29 07:48:00,REFUNDED
19986,2,6,1537.20,2026-08-14 05:16:00,PENDING
19987,5,9,3024.40,2026-08-10 19:41:00,PENDING
19988,1,10,4622.20,2026-08-22 03:19:00,FAILED
19989,1,5,3649.70,2026-08-05 01:23:00,FAILED
19990,5,18,577.50,2026-08-09 02:08:00,PENDING
19991,1,4,2527.70,2026-08-13 21:57:00,SUCCESS
19992,7,10,490.70,2026-08-20 06:33:00,PENDING
19993,1,5,2636.20,2026-08-01 19:56:00,REFUNDED
19994,9,19,1243.50,2026-08-29 10:01:00,FAILED
19995,8,17,567.20,2026-08-12 10:18:00,PENDING
19996,6,11,989.90,2026-08-10 16:30:00,REFUNDED
19997,4,11,1336.90,2026-08-08 15:59:00,FAILED
19998,8,2,955.40,2026-08-26 11:01:00,REFUNDED
19999,3,7,962.00,2026-08-14 05:01:00,FAILED
20000,7,4,2162.30,2026-08-19 09:42:00,PENDING
