id,merchant_id,outlet_id,bill_total,transaction_time,status
1,4,20,691.20,2026-08-22 14:26:00,REFUNDED
2,3,2,3224.20,2026-08-30 07:29:00,PENDING
3,3,20,203.60,2026-08-03 23:54:00,SUCCESS
4,7,3,4607.10,2026-08-16 20:12:00,SUCCESS
5,9,17,4661.90,2026-08-21 16:58:00,FAILED
6,8,11,128.90,2026-08-07 13:36:00,REFUNDED
7,9,19,4976.30,2026-08-31 00:02:00,PENDING
8,6,10,3789.90,2026-08-08 07:48:00,FAILED
9,4,8,3287.20,2026-08-02 07:06:00,SUCCESS
10,9,20,1491.40,2026-08-10 04:40:00,REFUNDED
11,10,19,1175.80,2026-08-10 21:02:00,PENDING
12,8,18,1084.60,2026-08-28 12:12:00,FAILED
13,6,13,4247.10,2026-08-16 09:13:00,FAILED
14,2,19,4527.30,2026-08-29 10:26:00,SUCCESS
15,4,8,1367.50,2026-08-07 05:41:00,SUCCESS
16,10,1,3962.50,2026-08-04 10:31:00,FAILED
17,3,4,5045.70,2026-08-28 02:00:00,REFUNDED
18,7,6,1276.70,2026-08-11 01:59:00,REFUNDED
19,9,8,3587.80,2026-08-02 10:32:00,SUCCESS
20,3,14,2305.90,2026-08-24 10:24:00,PENDING
21,1,14,1549.30,2026-08-31 02:02:00,REFUNDED
22,5,5,3830.60,2026-08-30 18:59:00,PENDING
23,4,4,1099.40,2026-08-11 14:17:00,SUCCESS
24,6,15,4801.40,2026-08-23 12:39:00,SUCCESS
25,3,8,1588.60,2026-08-28 20:58:00,REFUNDED
26,3,17,3277.50,2026-08-05 00:16:00,FAILED
27,8,15,1318.30,2026-08-15 18:46:00,PENDING
28,10,18,3610.40,2026-08-18 14:12:00,FAILED
29,3,12,265.70,2026-08-12 22:10:00,PENDING
30,1,4,3011.30,2026-08-10 12:34:00,FAILED
31,2,10,1803.60,2026-08-14 00:28:00,REFUNDED
32,9,17,3096.60,2026-08-14 01:56:00,PENDING
33,1,19,4639.20,2026-08-17 08:36:00,PENDING
34,1,1,5000,INVALID_DATE_TIME,SUCCESS
35,8,2,2204.40,2026-08-12 10:45:00,REFUNDED
36,3,2,4456.10,2026-08-02 04:05:00,REFUNDED
37,3,5,1122.30,2026-08-22 15:13:00,PENDING
38,10,2,3419.80,2026-08-18 20:30:00,PENDING
39,1,1,NOT_A_NUMBER,2026-08-01 12:00:00,SUCCESS
40,8,3,1589.90,2026-08-02 11:35:00,SUCCESS
41,7,19,1254.80,2026-08-11 13:35:00,SUCCESS
42,5,10,3991.60,2026-08-12 21:21:00,SUCCESS
43,1,15,2034.30,2026-08-22 19:22:00,REFUNDED
44,4,13,4448.00,2026-08-21 02:36:00,REFUNDED
45,7,4,4858.40,2026-08-09 10:29:00,FAILED
46,1,5,1028.30,2026-08-12 16:56:00,FAILED
47,8,4,1543.60,2026-08-08 01:44:00,SUCCESS
48,7,14,3197.50,2026-08-10 05:10:00,SUCCESS
49,5,11,4267.10,2026-08-27 11:20:00,REFUNDED
50,4,14,1369.00,2026-08-12 01:40:00,SUCCESS
51,8,15,2835.00,2026-08-05 10:10:00,SUCCESS
52,10,1,4283.60,2026-08-09 14:52:00,REFUNDED
53,2,7,3677.40,2026-08-06 01:38:00,PENDING
54,8,8,3604.50,2026-08-07 20:41:00,PENDING
55,1,100.00
56,8,20,1439.20,2026-08-11 01:20:00,REFUNDED
57,10,3,1230.90,2026-08-17 23:12:00,REFUNDED
58,9,5,1716.40,2026-08-23 09:56:00,FAILED
59,4,9,317.30,2026-08-12 14:10:00,REFUNDED
60,3,16,2664.30,2026-08-26 03:45:00,SUCCESS
61,7,9,5008.50,2026-08-03 03:58:00,REFUNDED
62,4,13,4575.30,2026-08-04 14:03:00,SUCCESS
63,9,18,627.10,2026-08-12 14:24:00,PENDING
64,2,1,3079.30,2026-08-01 19:14:00,REFUNDED
65,2,9,194.30,2026-08-25 10:07:00,REFUNDED
66,3,16,2484.40,2026-08-04 09:01:00,FAILED
67,1,13,2243.20,2026-08-28 18:06:00,REFUNDED
68,7,1,4124.70,2026-08-23 09:21:00,PENDING
69,6,11,1814.60,2026-08-28 09:00:00,SUCCESS
70,6,19,1673.50,2026-08-03 22:11:00,REFUNDED
71,5,13,2874.60,2026-08-27 11:49:00,SUCCESS
72,1,11,1140.50,2026-08-05 19:14:00,FAILED
73,8,8,642.70,2026-08-30 10:27:00,FAILED
74,6,16,999.00,2026-08-25 04:10:00,SUCCESS
75,6,6,358.20,2026-08-03 20:32:00,SUCCESS
76,9,2,2202.40,2026-08-06 06:37:00,FAILED
77,5,20,4813.60,2026-08-18 19:48:00,SUCCESS
78,7,16,3053.30,2026-08-26 04:18:00,REFUNDED
79,10,9,2888.90,2026-08-29 00:06:00,PENDING
80,7,18,3018.20,2026-08-30 07:15:00,SUCCESS
81,2,10,3021.80,2026-08-20 16:55:00,REFUNDED
82,8,4,479.90,2026-08-21 04:03:00,PENDING
83,6,8,1686.40,2026-08-18 00:27:00,FAILED
84,10,17,2579.20,2026-08-14 23:46:00,FAILED
85,7,18,3693.10,2026-08-05 01:53:00,SUCCESS
86,5,19,2446.70,2026-08-30 16:52:00,REFUNDED
87,7,7,2587.30,2026-08-05 06:17:00,FAILED
88,8,10,2541.10,2026-08-09 10:31:00,REFUNDED
89,7,14,4806.00,2026-08-16 21:37:00,REFUNDED
90,6,18,3146.70,2026-08-19 18:02:00,SUCCESS
91,7,10,1431.40,2026-08-05 20:48:00,PENDING
92,2,5,2965.70,2026-08-02 15:08:00,PENDING
93,3,15,600.40,2026-08-28 06:47:00,SUCCESS
94,6,14,451.40,2026-08-30 06:45:00,REFUNDED
95,9,14,995.90,2026-08-19 15:52:00,SUCCESS
96,5,13,551.10,2026-08-23 11:59:00,FAILED
97,2,2,4490.00,2026-08-23 01:14:00,REFUNDED
98,5,12,4417.60,2026-08-04 23:35:00,SUCCESS
99,3,16,797.10,2026-08-19 03:29:00,FAILED
100,1,2,1105.00,2026-08-29 04:32:00,FAILED
101,2,17,940.20,2026-08-19 08:26:00,FAILED
102,3,18,2983.00,2026-08-20 12:51:00,PENDING
103,10,3,1638.10,2026-08-03 11:01:00,FAILED
104,1,5,4130.80,2026-08-27 01:16:00,FAILED
105,5,14,403.90,2026-08-18 00:25:00,PENDING
106,6,8,4319.00,2026-08-24 11:53:00,REFUNDED
107,5,15,1489.40,2026-08-04 21:15:00,PENDING
108,6,4,303.70,2026-08-17 16:58:00,REFUNDED
109,5,14,2947.90,2026-08-04 09:21:00,PENDING
110,5,1,3324.20,2026-08-08 18:25:00,FAILED
111,7,9,2953.40,2026-08-11 13:52:00,SUCCESS
112,10,20,2623.30,2026-08-28 08:42:00,REFUNDED
113,2,9,239.80,2026-08-15 12:02:00,SUCCESS
114,5,19,4835.70,2026-08-19 00:16:00,SUCCESS
115,1,1,5000,INVALID_DATE_TIME,SUCCESS
116,8,3,5006.20,2026-08-20 21:13:00,SUCCESS
117,3,9,4467.80,2026-08-20 13:32:00,REFUNDED
118,6,7,3956.90,2026-08-14 05:50:00,PENDING
119,2,14,4558.00,2026-08-02 03:03:00,SUCCESS
120,7,11,3685.80,2026-08-20 00:32:00,SUCCESS
121,5,16,4880.60,2026-08-24 18:54:00,FAILED
122,5,19,3692.00,2026-08-02 22:27:00,FAILED
123,7,5,4050.30,2026-08-22 23:04:00,SUCCESS
124,6,16,1337.90,2026-08-02 06:15:00,SUCCESS
125,1,100.00
126,4,5,1700.30,2026-08-09 03:21:00,FAILED
127,9,9,2331.60,2026-08-10 17:18:00,REFUNDED
128,8,7,2040.00,2026-08-19 04:27:00,SUCCESS
129,4,20,4227.00,2026-08-23 16:01:00,REFUNDED
130,1,1,5000,INVALID_DATE_TIME,SUCCESS
131,9,15,640.50,2026-08-31 00:46:00,PENDING
132,6,6,924.50,2026-08-21 02:01:00,SUCCESS
133,8,15,3631.70,2026-08-01 20:38:00,REFUNDED
134,9,7,1375.00,2026-08-05 23:03:00,PENDING
135,3,16,2361.00,2026-08-30 04:43:00,REFUNDED
136,8,1,1669.60,2026-08-11 04:12:00,FAILED
137,9,2,3916.20,2026-08-24 22:23:00,PENDING
138,2,16,1776.80,2026-08-21 16:18:00,FAILED
139,6,17,3644.30,2026-08-21 02:48:00,PENDING
140,7,9,686.40,2026-08-07 10:46:00,REFUNDED
141,3,13,2278.20,2026-08-20 13:20:00,PENDING
142,2,14,4274.80,2026-08-11 01:37:00,REFUNDED
143,5,14,310.10,2026-08-13 20:52:00,REFUNDED
144,4,2,1048.90,2026-08-13 20:24:00,PENDING
145,4,5,1165.20,2026-08-02 18:09:00,REFUNDED
146,5,1,4491.40,2026-08-13 22:01:00,PENDING
147,4,2,1263.90,2026-08-13 11:27:00,PENDING
148,7,3,3347.70,2026-08-19 08:43:00,PENDING
149,2,19,967.40,2026-08-26 18:56:00,SUCCESS
150,7,1,1841.00,2026-08-03 17:57:00,PENDING
151,1,100.00
152,3,2,2568.70,2026-08-04 15:16:00,PENDING
153,1,18,4396.60,2026-08-06 13:06:00,REFUNDED
154,10,18,1295.70,2026-08-20 17:33:00,REFUNDED
155,9,11,4377.50,2026-08-07 01:04:00,PENDING
156,10,4,3030.60,2026-08-02 12:17:00,FAILED
157,3,12,214.70,2026-08-04 21:21:00,REFUNDED
158,9,2,4695.10,2026-08-11 11:02:00,SUCCESS
159,1,1,5000,2026-08-01 12:00:00,UNKNOWN_STATUS
160,4,20,3159.00,2026-08-29 17:03:00,PENDING
161,1,6,399.60,2026-08-05 14:40:00,REFUNDED
162,3,10,1796.00,2026-08-27 04:20:00,REFUNDED
163,8,8,4318.50,2026-08-23 05:19:00,SUCCESS
164,7,9,3292.80,2026-08-26 12:05:00,PENDING
165,5,18,411.80,2026-08-29 15:55:00,PENDING
166,6,12,723.70,2026-08-10 22:13:00,FAILED
167,4,16,2218.20,2026-08-06 16:11:00,SUCCESS
168,8,13,713.10,2026-08-05 04:50:00,PENDING
169,4,16,3655.10,2026-08-11 16:19:00,FAILED
170,2,8,3654.40,2026-08-19 11:25:00,REFUNDED
171,6,11,2087.10,2026-08-02 06:33:00,PENDING
172,1,15,1425.40,2026-08-27 18:27:00,REFUNDED
173,2,3,2430.20,2026-08-02 03:29:00,FAILED
174,2,3,4546.20,2026-08-03 05:04:00,FAILED
175,10,16,3256.60,2026-08-06 03:24:00,REFUNDED
176,10,17,1779.00,2026-08-07 16:36:00,FAILED
177,7,6,835.70,2026-08-10 20:16:00,REFUNDED
178,3,8,3889.20,2026-08-18 08:10:00,FAILED
179,7,10,684.10,2026-08-21 23:01:00,FAILED
180,7,15,265.00,2026-08-31 02:42:00,REFUNDED
181,6,6,4849.20,2026-08-07 05:23:00,FAILED
182,6,3,3154.50,2026-08-30 03:31:00,SUCCESS
183,10,4,2129.20,2026-08-25 07:53:00,SUCCESS
184,1,20,4504.40,2026-08-09 11:42:00,PENDING
185,2,13,1968.70,2026-08-04 00:57:00,FAILED
186,5,8,4194.60,2026-08-26 20:16:00,PENDING
187,4,6,2654.60,2026-08-08 07:02:00,PENDING
188,2,5,1305.60,2026-08-18 03:09:00,REFUNDED
189,2,7,712.70,2026-08-15 19:33:00,REFUNDED
190,8,7,3641.10,2026-08-02 10:29:00,PENDING
191,4,13,723.10,2026-08-20 08:07:00,PENDING
192,5,8,3705.60,2026-08-12 21:25:00,REFUNDED
193,5,14,4421.60,2026-08-16 14:29:00,PENDING
194,2,4,2359.20,2026-08-02 08:34:00,SUCCESS
195,6,2,415.20,2026-08-19 17:59:00,PENDING
196,10,13,2830.10,2026-08-21 00:15:00,REFUNDED
197,2,20,4223.50,2026-08-16 17:11:00,REFUNDED
198,1,17,1187.50,2026-08-07 08:23:00,FAILED
199,1,16,4375.40,2026-08-17 23:44:00,SUCCESS
200,1,18,3815.30,2026-08-13 22:24:00,PENDING
201,5,13,4550.40,2026-08-20 10:27:00,FAILED
202,5,8,4698.80,2026-08-09 16:43:00,SUCCESS
203,1,15,3275.60,2026-08-09 10:20:00,SUCCESS
204,4,7,799.80,2026-08-27 20:51:00,REFUNDED
205,3,14,3536.50,2026-08-18 23:37:00,SUCCESS
206,3,8,4190.70,2026-08-15 05:23:00,FAILED
207,5,1,3513.60,2026-08-19 19:31:00,SUCCESS
208,3,19,3195.80,2026-08-22 15:00:00,REFUNDED
209,8,4,1118.10,2026-08-12 03:23:00,PENDING
210,1,7,4472.50,2026-08-09 22:39:00,SUCCESS
211,1,17,3547.80,2026-08-13 20:02:00,PENDING
212,1,12,1753.60,2026-08-20 02:58:00,FAILED
213,3,9,2518.10,2026-08-03 20:12:00,FAILED
214,4,3,5023.50,2026-08-20 10:30:00,SUCCESS
215,6,18,2435.90,2026-08-02 04:30:00,SUCCESS
216,1,20,3838.40,2026-08-30 04:36:00,FAILED
217,9,10,2330.50,2026-08-04 17:14:00,FAILED
218,1,9,4037.50,2026-08-09 06:38:00,SUCCESS
219,9,12,1034.90,2026-08-25 02:40:00,PENDING
220,7,14,4965.80,2026-08-26 12:42:00,SUCCESS
221,5,2,669.10,2026-08-03 17:16:00,PENDING
222,5,12,3166.90,2026-08-24 12:29:00,PENDING
223,10,1,3084.10,2026-08-04 05:54:00,FAILED
224,2,9,2547.80,2026-08-05 11:28:00,PENDING
225,9,1,3800.50,2026-08-22 22:52:00,PENDING
226,2,5,4635.40,2026-08-09 16:49:00,FAILED
227,1,11,1574.60,2026-08-01 23:55:00,SUCCESS
228,10,13,3316.60,2026-08-25 06:59:00,FAILED
229,9,5,3599.20,2026-08-21 09:43:00,SUCCESS
230,8,15,1739.60,2026-08-15 04:40:00,REFUNDED
231,8,10,2105.50,2026-08-30 19:36:00,FAILED
232,10,6,1222.90,2026-08-17 00:06:00,REFUNDED
233,7,5,4132.90,2026-08-22 03:09:00,REFUNDED
234,6,13,4361.80,2026-08-17 10:27:00,SUCCESS
235,8,13,178.70,2026-08-13 08:44:00,SUCCESS
236,1,2,140.20,2026-08-02 01:24:00,FAILED
237,4,16,1776.60,2026-08-18 19:39:00,FAILED
238,9,20,1965.30,2026-08-08 20:02:00,FAILED
239,3,13,4060.30,2026-08-07 16:10:00,SUCCESS
240,1,19,2830.10,2026-08-27 10:38:00,PENDING
241,9,8,4428.90,2026-08-02 01:36:00,PENDING
242,5,9,1443.90,2026-08-28 17:47:00,SUCCESS
243,1,3,3079.80,2026-08-27 09:55:00,PENDING
244,6,1,4531.70,2026-08-27 14:11:00,SUCCESS
245,5,8,4540.80,2026-08-21 23:47:00,REFUNDED
246,7,13,2337.40,2026-08-04 11:50:00,PENDING
247,2,20,3620.20,2026-08-12 14:20:00,SUCCESS
248,3,8,3290.90,2026-08-18 21:16:00,REFUNDED
249,2,2,693.40,2026-08-22 11:36:00,SUCCESS
250,9,6,4519.80,2026-08-03 17:49:00,SUCCESS
251,1,10,4117.20,2026-08-19 10:43:00,FAILED
252,3,20,1123.30,2026-08-11 12:52:00,PENDING
253,2,15,1520.30,2026-08-06 19:50:00,PENDING
254,2,12,4350.30,2026-08-05 16:29:00,PENDING
255,3,9,2157.40,2026-08-03 03:30:00,REFUNDED
256,9,15,3109.40,2026-08-19 01:00:00,FAILED
257,4,14,4660.80,2026-08-16 03:41:00,FAILED
258,3,18,1316.90,2026-08-24 09:40:00,PENDING
259,6,14,2358.40,2026-08-08 10:23:00,FAILED
260,3,20,4542.80,2026-08-07 01:09:00,PENDING
261,3,15,231.00,2026-08-19 21:20:00,REFUNDED
262,1,4,4585.30,2026-08-15 19:57:00,FAILED
263,8,15,2111.40,2026-08-20 03:22:00,SUCCESS
264,10,13,1227.80,2026-08-28 01:04:00,REFUNDED
265,4,5,2054.00,2026-08-01 15:27:00,FAILED
266,2,20,1561.60,2026-08-28 18:42:00,PENDING
267,9,14,4646.00,2026-08-06 17:52:00,PENDING
268,7,2,4091.60,2026-08-05 19:24:00,SUCCESS
269,9,11,1913.10,2026-08-06 19:05:00,FAILED
270,7,3,3443.30,2026-08-26 09:00:00,SUCCESS
271,2,10,2663.50,2026-08-09 18:45:00,PENDING
272,10,14,1489.10,2026-08-16 11:31:00,REFUNDED
273,1,10,3693.90,2026-08-14 09:25:00,SUCCESS
274,8,7,4419.80,2026-08-14 13:00:00,PENDING
275,8,3,4308.40,2026-08-02 09:51:00,REFUNDED
276,5,5,1246.70,2026-08-04 04:34:00,PENDING
277,6,8,4701.40,2026-08-07 05:12:00,PENDING
278,4,16,551.10,2026-08-22 04:14:00,SUCCESS
279,8,14,676.90,2026-08-08 09:08:00,REFUNDED
280,6,1,3770.20,2026-08-25 05:09:00,PENDING
281,6,19,2582.30,2026-08-06 08:51:00,REFUNDED
282,2,15,1134.00,2026-08-06 20:55:00,FAILED
283,1,11,388.00,2026-08-22 17:25:00,FAILED
284,6,15,2730.80,2026-08-17 12:26:00,FAILED
285,1,18,3855.30,2026-08-17 23:14:00,SUCCESS
286,5,13,2985.70,2026-08-08 02:37:00,PENDING
287,4,14,1512.40,2026-08-11 05:51:00,SUCCESS
288,6,13,1887.70,2026-08-03 02:36:00,PENDING
289,8,13,1525.40,2026-08-12 18:12:00,PENDING
290,10,13,2581.30,2026-08-04 05:42:00,PENDING
291,6,12,2191.40,2026-08-12 12:28:00,FAILED
292,5,12,1889.80,2026-08-14 06:14:00,FAILED
293,10,19,1334.80,2026-08-16 05:29:00,SUCCESS
294,5,13,4419.60,2026-08-17 01:29:00,REFUNDED
295,2,12,3231.20,2026-08-18 12:23:00,SUCCESS
296,7,14,2974.80,2026-08-18 23:05:00,SUCCESS
297,1,18,4163.40,2026-08-26 14:53:00,REFUNDED
298,9,15,1251.80,2026-08-02 00:17:00,PENDING
299,2,13,497.90,2026-08-23 17:57:00,FAILED
300,8,6,1192.90,2026-08-14 02:18:00,PENDING
301,9,9,3200.50,2026-08-07 00:02:00,FAILED
302,4,7,2446.20,2026-08-18 07:09:00,SUCCESS
303,5,6,1905.50,2026-08-19 21:22:00,SUCCESS
304,1,14,1361.00,2026-08-12 16:31:00,FAILED
305,7,12,2548.20,2026-08-14 03:22:00,FAILED
306,5,11,4237.60,2026-08-04 04:27:00,REFUNDED
307,6,18,3521.80,2026-08-24 09:37:00,FAILED
308,8,7,4773.30,2026-08-08 16:05:00,FAILED
309,7,16,1263.70,2026-08-22 22:40:00,SUCCESS
310,1,11,4504.90,2026-08-25 12:05:00,REFUNDED
311,6,2,3587.80,2026-08-28 13:57:00,FAILED
312,4,11,3916.20,2026-08-10 20:27:00,REFUNDED
313,7,18,2053.50,2026-08-14 09:44:00,SUCCESS
314,7,15,4348.20,2026-08-12 21:39:00,FAILED
315,8,15,3978.50,2026-08-24 20:14:00,PENDING
316,6,18,3717.70,2026-08-04 02:32:00,REFUNDED
317,7,12,1322.90,2026-08-28 20:04:00,FAILED
318,1,17,2351.70,2026-08-18 02:57:00,REFUNDED
319,9,3,2046.20,2026-08-02 09:42:00,SUCCESS
320,2,4,262.20,2026-08-08 00:06:00,FAILED
321,4,11,2578.80,2026-08-15 19:55:00,FAILED
322,4,10,504.00,2026-08-06 07:07:00,REFUNDED
323,10,16,4870.30,2026-08-07 03:23:00,PENDING
324,8,15,3612.20,2026-08-18 17:20:00,SUCCESS
325,1,18,652.50,2026-08-28 08:55:00,PENDING
326,10,15,1267.40,2026-08-11 16:33:00,REFUNDED
327,9,18,1195.00,2026-08-06 22:06:00,REFUNDED
328,7,3,3552.60,2026-08-29 17:19:00,PENDING
329,1,15,1428.60,2026-08-10 04:32:00,PENDING
330,3,17,2752.00,2026-08-01 14:42:00,SUCCESS
331,8,18,2527.30,2026-08-18 00:31:00,SUCCESS
332,2,6,1199.20,2026-08-10 07:20:00,PENDING
333,10,7,1123.30,2026-08-09 09:46:00,FAILED
334,5,15,579.20,2026-08-23 23:39:00,FAILED
335,7,18,4622.90,2026-08-08 00:38:00,REFUNDED
336,7,2,4912.80,2026-08-21 11:13:00,REFUNDED
337,10,16,3517.70,2026-08-07 00:17:00,SUCCESS
338,10,10,2492.70,2026-08-06 18:37:00,PENDING
339,8,6,674.30,2026-08-24 20:10:00,FAILED
340,5,6,1547.60,2026-08-02 11:06:00,PENDING
341,10,3,1334.80,2026-08-13 17:07:00,SUCCESS
342,8,19,1312.10,2026-08-04 12:01:00,FAILED
343,1,12,3514.10,2026-08-21 12:29:00,FAILED
344,9,9,2901.30,2026-08-25 14:22:00,REFUNDED
345,8,2,3648.50,2026-08-17 16:47:00,PENDING
346,4,1,5025.50,2026-08-17 12:37:00,REFUNDED
347,1,16,3139.60,2026-08-04 20:49:00,SUCCESS
348,4,4,2803.40,2026-08-27 14:58:00,PENDING
349,7,6,4448.10,2026-08-25 18:01:00,FAILED
350,5,20,2490.60,2026-08-03 13:00:00,SUCCESS
351,2,1,4280.10,2026-08-21 16:22:00,REFUNDED
352,5,5,5016.00,2026-08-27 05:29:00,PENDING
353,2,12,4595.90,2026-08-07 09:41:00,REFUNDED
354,5,13,1605.30,2026-08-30 03:19:00,PENDING
355,6,7,4570.60,2026-08-28 21:53:00,SUCCESS
356,10,13,1472.20,2026-08-25 09:22:00,REFUNDED
357,5,20,401.90,2026-08-06 13:30:00,FAILED
358,8,2,837.90,2026-08-28 23:04:00,REFUNDED
359,3,7,4476.90,2026-08-11 08:38:00,REFUNDED
360,6,11,1861.60,2026-08-16 23:13:00,FAILED
361,10,18,605.30,2026-08-04 10:46:00,REFUNDED
362,6,15,2075.00,2026-08-09 12:47:00,REFUNDED
363,8,13,2053.70,2026-08-25 11:33:00,PENDING
364,1,14,3006.00,2026-08-15 15:45:00,PENDING
365,5,7,3194.70,2026-08-19 16:10:00,REFUNDED
366,5,11,4911.90,2026-08-13 09:55:00,PENDING
367,8,11,1182.30,2026-08-17 06:01:00,SUCCESS
368,5,13,1934.60,2026-08-11 01:50:00,REFUNDED
369,8,6,1826.20,2026-08-21 10:16:00,FAILED
370,5,19,1554.30,2026-08-01 15:24:00,REFUNDED
371,10,20,1388.60,2026-08-19 21:53:00,FAILED
372,4,6,4686.20,2026-08-06 04:13:00,FAILED
373,6,16,1312.40,2026-08-01 22:08:00,PENDING
374,6,6,3027.80,2026-08-31 07:29:00,REFUNDED
375,7,14,1952.10,2026-08-20 16:41:00,SUCCESS
376,4,2,572.00,2026-08-01 22:02:00,PENDING
377,9,10,4341.70,2026-08-19 17:00:00,REFUNDED
378,10,6,3557.80,2026-08-17 21:36:00,FAILED
379,9,4,350.50,2026-08-28 12:57:00,SUCCESS
380,10,3,3613.10,2026-08-14 21:36:00,FAILED
381,8,18,1126.90,2026-08-19 01:09:00,REFUNDED
382,1,1,5000,INVALID_DATE_TIME,SUCCESS
383,7,5,233.80,2026-08-27 07:13:00,REFUNDED
384,2,10,1009.70,2026-08-26 18:29:00,FAILED
385,4,9,1524.20,2026-08-21 08:26:00,SUCCESS
386,8,16,3007.10,2026-08-29 02:35:00,FAILED
387,1,4,2850.80,2026-08-05 20:41:00,FAILED
388,1,16,3682.80,2026-08-19 07:58:00,SUCCESS
389,10,16,1789.40,2026-08-17 12:57:00,PENDING
390,1,19,2701.60,2026-08-26 21:50:00,FAILED
391,4,2,3834.60,2026-08-17 05:06:00,REFUNDED
392,4,19,157.40,2026-08-18 17:29:00,PENDING
393,1,6,4675.50,2026-08-09 16:30:00,PENDING
394,10,14,4703.00,2026-08-29 15:32:00,FAILED
395,9,5,1506.70,2026-08-30 15:26:00,FAILED
396,3,4,4826.10,2026-08-21 10:37:00,PENDING
397,8,4,4931.60,2026-08-29 11:45:00,PENDING
398,9,3,310.90,2026-08-16 15:40:00,REFUNDED
399,7,7,1582.40,2026-08-20 09:34:00,FAILED
400,4,4,2370.90,2026-08-21 12:11:00,PENDING
401,4,16,1316.30,2026-08-21 19:44:00,FAILED
402,6,9,4973.00,2026-08-09 22:00:00,FAILED
403,4,3,3346.20,2026-08-21 13:18:00,PENDING
404,4,12,129.10,2026-08-27 02:31:00,REFUNDED
405,2,8,1560.80,2026-08-21 17:02:00,REFUNDED
406,9,7,2553.40,2026-08-14 08:22:00,FAILED
407,9,5,1609.90,2026-08-18 19:35:00,FAILED
408,7,4,407.30,2026-08-04 05:01:00,PENDING
409,4,6,1270.20,2026-08-20 10:08:00,FAILED
410,9,4,1685.90,2026-08-26 23:51:00,SUCCESS
411,1,4,2951.90,2026-08-21 03:31:00,PENDING
412,7,7,4964.70,2026-08-19 20:10:00,PENDING
413,10,7,3058.70,2026-08-14 02:54:00,REFUNDED
414,3,8,344.00,2026-08-30 14:14:00,PENDING
415,9,16,4909.00,2026-08-25 23:06:00,REFUNDED
416,2,17,3759.00,2026-08-02 11:58:00,FAILED
417,1,18,1750.50,2026-08-02 23:12:00,REFUNDED
418,7,11,949.00,2026-08-02 15:22:00,SUCCESS
419,7,6,111.20,2026-08-28 10:46:00,REFUNDED
420,1,6,4782.30,2026-08-16 01:14:00,REFUNDED
421,2,1,2361.60,2026-08-29 16:58:00,SUCCESS
422,9,17,3784.80,2026-08-31 00:14:00,PENDING
423,8,20,1112.50,2026-08-17 23:16:00,PENDING
424,10,12,4132.40,2026-08-10 18:22:00,PENDING
425,5,15,1801.90,2026-08-19 19:02:00,FAILED
426,10,4,4200.20,2026-08-07 06:12:00,SUCCESS
427,1,1,5000,INVALID_DATE_TIME,SUCCESS
428,4,11,3509.30,2026-08-16 03:02:00,SUCCESS
429,10,10,1968.50,2026-08-24 20:36:00,FAILED
430,8,8,3200.00,2026-08-01 22:14:00,SUCCESS
431,10,12,53.80,2026-08-21 05:53:00,SUCCESS
432,5,4,1635.00,2026-08-03 15:53:00,REFUNDED
433,9,15,4890.10,2026-08-30 03:06:00,REFUNDED
434,1,16,1982.70,2026-08-27 11:50:00,SUCCESS
435,10,12,4524.60,2026-08-21 20:16:00,SUCCESS
436,9,2,2707.50,2026-08-25 03:22:00,SUCCESS
437,1,100.00
438,8,13,1395.50,2026-08-27 15:25:00,REFUNDED
439,6,2,3804.20,2026-08-29 09:33:00,FAILED
440,3,6,4391.70,2026-08-15 08:02:00,PENDING
441,2,12,1489.40,2026-08-24 10:57:00,FAILED
442,10,16,904.30,2026-08-29 11:10:00,PENDING
443,6,8,1452.30,2026-08-22 01:02:00,FAILED
444,8,6,3154.80,2026-08-07 19:26:00,PENDING
445,1,20,4717.90,2026-08-25 03:25:00,REFUNDED
446,5,16,1467.80,2026-08-15 10:39:00,REFUNDED
447,3,11,3551.10,2026-08-03 21:55:00,REFUNDED
448,7,3,3704.60,2026-08-18 14:55:00,SUCCESS
449,10,16,1340.00,2026-08-25 18:57:00,PENDING
450,2,13,3216.60,2026-08-18 08:02:00,FAILED
451,10,7,672.60,2026-08-04 09:57:00,PENDING
452,8,5,4140.70,2026-08-15 11:33:00,SUCCESS
453,7,1,2555.30,2026-08-09 15:25:00,PENDING
454,9,12,2694.80,2026-08-05 22:23:00,REFUNDED
455,10,9,4426.60,2026-08-27 03:57:00,REFUNDED
456,7,15,5049.90,2026-08-25 19:14:00,FAILED
457,3,5,4448.40,2026-08-13 18:09:00,PENDING
458,6,16,2701.70,2026-08-02 14:43:00,FAILED
459,4,7,3795.40,2026-08-29 08:24:00,REFUNDED
460,3,5,1251.40,2026-08-20 12:59:00,FAILED
461,4,10,4814.70,2026-08-09 21:20:00,PENDING
462,2,15,515.20,2026-08-03 07:25:00,PENDING
463,3,7,3406.00,2026-08-06 23:10:00,PENDING
464,4,8,440.90,2026-08-07 02:24:00,FAILED
465,8,6,3864.80,2026-08-24 19:18:00,REFUNDED
466,2,1,3577.90,2026-08-04 10:44:00,REFUNDED
467,6,14,4663.90,2026-08-20 08:56:00,SUCCESS
468,7,3,250.50,2026-08-09 00:16:00,REFUNDED
469,3,5,2922.40,2026-08-13 17:48:00,SUCCESS
470,8,14,2290.60,2026-08-13 12:48:00,FAILED
471,4,10,1811.40,2026-08-24 05:27:00,REFUNDED
472,6,19,800.00,2026-08-21 00:41:00,REFUNDED
473,9,18,4751.10,2026-08-30 19:36:00,FAILED
474,1,5,110.20,2026-08-25 17:32:00,SUCCESS
475,10,3,3340.60,2026-08-16 19:40:00,FAILED
476,9,14,2803.50,2026-08-01 10:04:00,REFUNDED
477,5,18,3693.70,2026-08-22 20:09:00,FAILED
478,6,4,1685.60,2026-08-15 19:51:00,REFUNDED
479,9,5,4909.60,2026-08-07 11:01:00,SUCCESS
480,10,10,2288.50,2026-08-05 09:24:00,FAILED
481,6,11,600.80,2026-08-18 23:44:00,PENDING
482,2,17,3577.60,2026-08-29 08:12:00,SUCCESS
483,1,10,3215.00,2026-08-18 19:59:00,SUCCESS
484,1,1,5000,INVALID_DATE_TIME,SUCCESS
485,6,6,4774.20,2026-08-30 12:25:00,REFUNDED
486,4,11,3721.00,2026-08-08 20:56:00,REFUNDED
487,8,15,1452.10,2026-08-26 21:12:00,REFUNDED
488,6,6,2773.50,2026-08-09 04:06:00,SUCCESS
489,10,13,3760.20,2026-08-05 11:06:00,PENDING
490,8,20,982.10,2026-08-13 17:37:00,SUCCESS
491,2,4,1328.60,2026-08-30 08:00:00,SUCCESS
492,3,4,387.00,2026-08-25 04:53:00,PENDING
493,3,14,1920.00,2026-08-21 13:27:00,PENDING
494,5,2,2204.30,2026-08-04 01:44:00,PENDING
495,8,4,2941.40,2026-08-03 06:14:00,FAILED
496,6,13,2001.80,2026-08-04 14:42:00,SUCCESS
497,8,11,4604.00,2026-08-30 17:09:00,FAILED
498,9,18,3024.10,2026-08-22 21:55:00,REFUNDED
499,7,20,3628.40,2026-08-08 06:55:00,REFUNDED
500,2,9,4592.70,2026-08-20 13:04:00,PENDING
501,10,18,2943.00,2026-08-22 02:47:00,FAILED
502,10,14,2769.30,2026-08-17 18:36:00,PENDING
503,1,9,2215.90,2026-08-26 07:53:00,PENDING
504,8,12,1835.00,2026-08-15 10:53:00,SUCCESS
505,9,19,498.60,2026-08-01 19:25:00,PENDING
506,6,7,4420.60,2026-08-02 00:16:00,PENDING
507,10,19,4153.20,2026-08-10 18:30:00,SUCCESS
508,3,6,373.30,2026-08-05 20:33:00,REFUNDED
509,1,1,80.50,2026-08-04 11:46:00,SUCCESS
510,8,2,1329.10,2026-08-08 04:21:00,SUCCESS
511,10,14,2734.80,2026-08-19 18:01:00,SUCCESS
512,2,15,2059.70,2026-08-16 18:34:00,PENDING
513,10,16,4806.80,2026-08-13 00:50:00,REFUNDED
514,1,19,4236.60,2026-08-01 11:44:00,SUCCESS
515,10,11,4703.00,2026-08-07 07:44:00,REFUNDED
516,10,10,2659.10,2026-08-24 04:13:00,REFUNDED
517,7,19,3550.80,2026-08-07 19:06:00,PENDING
518,3,6,3372.60,2026-08-04 03:22:00,REFUNDED
519,10,12,2801.30,2026-08-17 04:53:00,FAILED
520,9,4,134.10,2026-08-13 13:28:00,SUCCESS
521,3,16,4736.50,2026-08-01 19:36:00,FAILED
522,9,15,641.90,2026-08-24 18:27:00,REFUNDED
523,4,6,3364.20,2026-08-11 09:52:00,REFUNDED
524,6,10,3464.40,2026-08-23 17:04:00,PENDING
525,2,10,3830.00,2026-08-15 23:36:00,SUCCESS
526,1,9,466.80,2026-08-07 20:02:00,PENDING
527,2,16,3702.20,2026-08-16 00:12:00,FAILED
528,7,9,716.20,2026-08-10 05:16:00,REFUNDED
529,7,12,4005.20,2026-08-10 04:33:00,REFUNDED
530,6,2,967.10,2026-08-12 02:20:00,REFUNDED
531,9,12,4305.80,2026-08-28 11:32:00,SUCCESS
532,4,11,1319.50,2026-08-31 05:45:00,FAILED
533,10,12,2358.00,2026-08-12 06:47:00,SUCCESS
534,10,2,211.80,2026-08-09 07:46:00,REFUNDED
535,1,2,438.40,2026-08-05 03:17:00,FAILED
536,4,12,2669.90,2026-08-04 18:31:00,FAILED
537,1,9,5004.50,2026-08-26 15:44:00,FAILED
538,3,2,4684.30,2026-08-05 02:02:00,FAILED
539,1,3,890.90,2026-08-10 12:32:00,FAILED
540,7,17,691.70,2026-08-21 09:47:00,PENDING
541,6,2,4560.80,2026-08-07 04:02:00,SUCCESS
542,8,3,3643.40,2026-08-06 20:20:00,FAILED
543,1,6,2279.30,2026-08-07 16:44:00,PENDING
544,3,16,2943.70,2026-08-28 20:52:00,SUCCESS
545,3,19,1612.40,2026-08-26 00:22:00,REFUNDED
546,1,10,3062.30,2026-08-02 18:06:00,SUCCESS
547,7,19,1762.00,2026-08-22 10:06:00,FAILED
548,2,1,213.90,2026-08-14 03:31:00,PENDING
549,6,5,413.00,2026-08-11 21:41:00,FAILED
550,6,7,4953.90,2026-08-19 09:14:00,SUCCESS
551,4,6,506.60,2026-08-14 08:25:00,SUCCESS
552,2,17,3089.80,2026-08-28 06:06:00,FAILED
553,9,3,3867.00,2026-08-03 00:06:00,REFUNDED
554,10,16,3815.00,2026-08-05 09:41:00,SUCCESS
555,8,19,3465.00,2026-08-20 04:54:00,PENDING
556,5,1,522.80,2026-08-19 23:50:00,PENDING
557,10,20,2359.40,2026-08-12 18:32:00,SUCCESS
558,10,6,3226.00,2026-08-25 00:44:00,PENDING
559,8,5,1100.20,2026-08-06 17:26:00,FAILED
560,2,7,3003.30,2026-08-11 09:36:00,REFUNDED
561,1,15,997.80,2026-08-30 10:48:00,PENDING
562,8,18,3198.80,2026-08-07 05:07:00,SUCCESS
563,9,1,5041.60,2026-08-18 23:03:00,FAILED
564,8,12,1381.60,2026-08-27 11:46:00,SUCCESS
565,1,8,1155.00,2026-08-30 10:23:00,SUCCESS
566,6,7,4841.20,2026-08-14 00:43:00,REFUNDED
567,5,3,4864.90,2026-08-16 01:19:00,FAILED
568,9,4,1028.70,2026-08-10 12:55:00,FAILED
569,8,8,2751.80,2026-08-17 22:03:00,SUCCESS
570,8,7,1515.20,2026-08-07 08:44:00,PENDING
571,2,13,3352.60,2026-08-06 22:34:00,PENDING
572,9,8,2319.70,2026-08-23 00:30:00,REFUNDED
573,4,14,2098.10,2026-08-21 08:39:00,FAILED
574,8,9,4567.10,2026-08-29 18:31:00,PENDING
575,3,7,3016.90,2026-08-27 12:09:00,REFUNDED
576,6,11,1302.10,2026-08-10 14:16:00,REFUNDED
577,8,11,464.70,2026-08-22 16:15:00,REFUNDED
578,1,18,649.80,2026-08-12 11:34:00,PENDING
579,8,6,4029.50,2026-08-10 21:14:00,FAILED
580,10,5,2102.80,2026-08-21 09:27:00,PENDING
581,4,11,1184.50,2026-08-03 19:44:00,SUCCESS
582,3,17,1121.10,2026-08-02 22:33:00,REFUNDED
583,6,15,4479.30,2026-08-14 16:55:00,SUCCESS
584,2,12,806.10,2026-08-28 07:02:00,REFUNDED
585,2,13,1031.40,2026-08-03 07:37:00,PENDING
586,6,10,4004.70,2026-08-15 01:10:00,FAILED
587,9,8,4102.40,2026-08-10 15:50:00,REFUNDED
588,1,1,NOT_A_NUMBER,2026-08-01 12:00:00,SUCCESS
589,9,14,2445.00,2026-08-26 10:53:00,PENDING
590,9,11,1286.10,2026-08-01 11:46:00,FAILED
591,5,18,614.50,2026-08-18 10:42:00,SUCCESS
592,6,13,2367.80,2026-08-01 13:23:00,FAILED
593,7,6,4899.80,2026-08-11 23:24:00,FAILED
594,3,15,2924.60,2026-08-03 00:48:00,REFUNDED
595,8,17,828.40,2026-08-17 13:36:00,REFUNDED
596,2,12,3589.10,2026-08-01 08:01:00,REFUNDED
597,3,20,2843.20,2026-08-14 15:45:00,SUCCESS
598,4,12,4917.00,2026-08-22 18:23:00,FAILED
599,5,10,1517.10,2026-08-22 12:53:00,FAILED
600,1,4,2622.20,2026-08-20 01:41:00,SUCCESS
601,6,4,3397.30,2026-08-08 23:45:00,PENDING
602,1,4,559.70,2026-08-02 02:18:00,REFUNDED
603,9,13,248.60,2026-08-17 23:13:00,REFUNDED
604,1,15,2850.10,2026-08-22 17:21:00,PENDING
605,5,7,1639.70,2026-08-14 05:55:00,PENDING
606,8,3,2373.90,2026-08-13 07:13:00,PENDING
607,5,10,2031.10,2026-08-08 02:15:00,FAILED
608,3,17,4222.60,2026-08-04 12:58:00,SUCCESS
609,1,1,3239.10,2026-08-26 03:00:00,SUCCESS
610,6,12,1339.70,2026-08-27 15:44:00,REFUNDED
611,9,18,1349.30,2026-08-21 18:07:00,SUCCESS
612,7,20,3045.90,2026-08-20 14:24:00,SUCCESS
613,8,15,3570.40,2026-08-15 12:42:00,SUCCESS
614,10,6,3633.80,2026-08-29 12:00:00,FAILED
615,9,19,1235.80,2026-08-03 16:26:00,SUCCESS
616,3,6,3716.20,2026-08-16 18:40:00,FAILED
617,8,12,1815.70,2026-08-21 20:25:00,SUCCESS
618,9,20,3795.20,2026-08-25 03:20:00,REFUNDED
619,7,3,1833.20,2026-08-15 04:15:00,REFUNDED
620,6,14,2731.10,2026-08-23 03:19:00,REFUNDED
621,5,9,2080.00,2026-08-22 06:36:00,FAILED
622,10,7,2203.80,2026-08-24 02:46:00,SUCCESS
623,5,13,4311.90,2026-08-11 06:02:00,PENDING
624,1,11,4183.70,2026-08-16 20:50:00,SUCCESS
625,4,1,2256.90,2026-08-29 13:42:00,SUCCESS
626,5,15,2718.90,2026-08-23 16:49:00,REFUNDED
627,5,15,1460.70,2026-08-18 14:13:00,PENDING
628,1,13,831.90,2026-08-22 11:44:00,PENDING
629,9,11,4441.90,2026-08-22 04:52:00,FAILED
630,6,14,3645.90,2026-08-12 11:08:00,PENDING
631,4,15,98.50,2026-08-05 16:58:00,REFUNDED
632,10,10,2408.90,2026-08-15 05:46:00,REFUNDED
633,2,8,4387.20,2026-08-12 17:57:00,PENDING
634,4,5,2616.30,2026-08-21 00:32:00,REFUNDED
635,7,7,4009.00,2026-08-06 20:27:00,REFUNDED
636,8,18,3649.70,2026-08-20 20:32:00,FAILED
637,4,1,1586.70,2026-08-04 10:50:00,REFUNDED
638,6,7,4079.70,2026-08-26 23:17:00,REFUNDED
639,5,4,2576.70,2026-08-16 02:09:00,REFUNDED
640,3,8,3555.50,2026-08-11 12:21:00,SUCCESS
641,1,18,781.50,2026-08-08 12:23:00,REFUNDED
642,10,6,1541.10,2026-08-19 06:45:00,PENDING
643,7,1,3356.90,2026-08-03 21:47:00,FAILED
644,9,1,4646.90,2026-08-01 20:53:00,SUCCESS
645,1,17,1797.00,2026-08-04 09:15:00,SUCCESS
646,9,18,146.20,2026-08-18 02:26:00,REFUNDED
647,5,3,1881.60,2026-08-24 02:54:00,SUCCESS
648,10,12,3510.20,2026-08-18 22:42:00,SUCCESS
649,5,8,4723.00,2026-08-25 10:48:00,PENDING
650,3,9,986.10,2026-08-15 08:45:00,SUCCESS
651,10,5,3546.90,2026-08-30 07:35:00,FAILED
652,1,1,2391.20,2026-08-09 13:51:00,PENDING
653,4,6,1148.50,2026-08-01 15:42:00,REFUNDED
654,7,16,713.10,2026-08-28 16:33:00,SUCCESS
655,4,12,4342.50,2026-08-29 15:53:00,SUCCESS
656,2,19,3639.30,2026-08-30 16:02:00,REFUNDED
657,8,19,4998.80,2026-08-07 17:50:00,FAILED
658,8,18,2805.40,2026-08-13 15:33:00,FAILED
659,3,4,4316.00,2026-08-23 00:02:00,FAILED
660,6,3,1734.00,2026-08-02 04:53:00,PENDING
661,3,11,3638.70,2026-08-30 15:41:00,REFUNDED
662,9,12,2073.50,2026-08-20 10:56:00,REFUNDED
663,10,11,2914.30,2026-08-03 19:41:00,SUCCESS
664,9,20,2662.80,2026-08-05 06:59:00,PENDING
665,6,13,3261.20,2026-08-06 10:49:00,PENDING
666,4,1,1830.10,2026-08-28 10:46:00,PENDING
667,4,14,2732.90,2026-08-19 16:15:00,PENDING
668,6,9,4432.60,2026-08-27 09:57:00,REFUNDED
669,7,8,2012.00,2026-08-23 05:59:00,SUCCESS
670,7,4,4684.00,2026-08-02 04:47:00,SUCCESS
671,1,15,1169.70,2026-08-03 02:55:00,FAILED
672,8,16,1545.90,2026-08-10 10:35:00,PENDING
673,7,9,1496.10,2026-08-21 16:35:00,FAILED
674,2,19,1566.90,2026-08-08 20:20:00,REFUNDED
675,7,4,1741.60,2026-08-24 23:51:00,REFUNDED
676,8,14,2195.90,2026-08-13 11:47:00,PENDING
677,7,2,4779.80,2026-08-07 11:28:00,PENDING
678,8,2,2530.40,2026-08-10 15:11:00,PENDING
679,10,18,3101.10,2026-08-21 04:55:00,PENDING
680,3,6,525.50,2026-08-14 09:29:00,FAILED
681,3,12,1247.90,2026-08-18 19:46:00,REFUNDED
682,7,11,5028.50,2026-08-16 21:56:00,PENDING
683,3,13,2933.80,2026-08-12 14:32:00,REFUNDED
684,5,3,3664.60,2026-08-26 08:40:00,SUCCESS
685,7,17,156.40,2026-08-11 11:31:00,PENDING
686,5,6,406.90,2026-08-27 13:41:00,SUCCESS
687,6,2,1655.70,2026-08-08 14:43:00,PENDING
688,5,13,3109.10,2026-08-14 01:33:00,SUCCESS
689,1,1,5000,2026-08-01 12:00:00,UNKNOWN_STATUS
690,1,10,3196.60,2026-08-29 10:18:00,REFUNDED
691,7,14,4392.10,2026-08-22 15:47:00,FAILED
692,7,3,3025.50,2026-08-13 15:41:00,PENDING
693,6,2,3289.60,2026-08-14 02:12:00,PENDING
694,3,19,1776.60,2026-08-06 15:08:00,REFUNDED
695,2,16,2785.20,2026-08-03 23:28:00,REFUNDED
696,9,9,3353.70,2026-08-16 11:53:00,FAILED
697,4,17,1549.20,2026-08-14 04:17:00,FAILED
698,9,12,2533.40,2026-08-05 03:32:00,REFUNDED
699,8,6,3588.20,2026-08-14 03:05:00,FAILED
700,10,17,3569.80,2026-08-28 19:29:00,FAILED
701,2,8,1297.60,2026-08-14 08:08:00,REFUNDED
702,3,6,273.10,2026-08-20 20:05:00,PENDING
703,7,11,1296.40,2026-08-09 17:05:00,REFUNDED
704,9,15,3426.70,2026-08-14 23:01:00,SUCCESS
705,9,2,1094.90,2026-08-05 18:07:00,PENDING
706,4,8,3044.40,2026-08-08 10:37:00,SUCCESS
707,5,12,3719.80,2026-08-20 04:01:00,PENDING
708,10,10,2034.40,2026-08-08 00:28:00,FAILED
709,2,4,2442.60,2026-08-04 07:13:00,PENDING
710,10,5,1157.00,2026-08-15 13:05:00,REFUNDED
711,4,19,2935.30,2026-08-07 22:52:00,SUCCESS
712,2,13,1829.60,2026-08-10 03:37:00,FAILED
713,2,18,1274.00,2026-08-18 01:09:00,PENDING
714,6,5,3500.50,2026-08-17 00:06:00,SUCCESS
715,9,1,2088.20,2026-08-05 16:29:00,REFUNDED
716,4,17,2095.50,2026-08-07 06:02:00,REFUNDED
717,6,9,381.20,2026-08-26 08:45:00,SUCCESS
718,2,3,3702.80,2026-08-13 20:37:00,FAILED
719,4,16,1696.50,2026-08-28 19:34:00,PENDING
720,10,17,4607.10,2026-08-21 05:09:00,PENDING
721,6,19,4203.90,2026-08-24 11:52:00,SUCCESS
722,2,9,3430.50,2026-08-21 22:42:00,FAILED
723,8,18,3759.70,2026-08-07 16:09:00,PENDING
724,4,8,2252.00,2026-08-15 07:00:00,FAILED
725,5,20,2935.90,2026-08-08 12:29:00,REFUNDED
726,6,20,4360.80,2026-08-26 09:04:00,FAILED
727,10,3,2838.50,2026-08-28 14:48:00,REFUNDED
728,4,7,1979.20,2026-08-14 13:00:00,REFUNDED
729,9,12,342.60,2026-08-23 12:12:00,REFUNDED
730,7,6,4282.60,2026-08-14 01:40:00,SUCCESS
731,6,9,2894.90,2026-08-25 21:46:00,SUCCESS
732,1,16,495.40,2026-08-14 22:43:00,PENDING
733,6,14,4351.10,2026-08-11 03:29:00,SUCCESS
734,9,17,4371.90,2026-08-08 08:50:00,PENDING
735,8,9,2522.00,2026-08-20 13:38:00,PENDING
736,6,15,2782.70,2026-08-10 00:33:00,FAILED
737,5,10,2481.40,2026-08-20 19:42:00,SUCCESS
738,1,7,4739.50,2026-08-08 18:40:00,FAILED
739,6,6,2795.80,2026-08-18 09:19:00,SUCCESS
740,5,5,3801.30,2026-08-20 00:42:00,SUCCESS
741,5,12,4773.80,2026-08-04 09:23:00,SUCCESS
742,2,6,464.10,2026-08-04 16:38:00,FAILED
743,6,15,1595.00,2026-08-26 16:25:00,SUCCESS
744,8,19,4552.70,2026-08-16 08:31:00,FAILED
745,7,20,2507.80,2026-08-29 14:45:00,REFUNDED
746,2,5,3382.50,2026-08-07 01:58:00,SUCCESS
747,7,14,463.40,2026-08-17 09:11:00,FAILED
748,4,4,3829.60,2026-08-17 13:32:00,FAILED
749,10,13,3965.10,2026-08-19 01:20:00,FAILED
750,6,3,2244.70,2026-08-14 04:07:00,FAILED
751,6,8,252.10,2026-08-14 19:46:00,SUCCESS
752,1,1,5000,INVALID_DATE_TIME,SUCCESS
753,4,5,757.60,2026-08-05 18:38:00,PENDING
754,3,16,1801.60,2026-08-23 02:05:00,PENDING
755,6,20,640.10,2026-08-14 02:59:00,FAILED
756,6,7,2364.40,2026-08-12 04:36:00,SUCCESS
757,2,11,2413.00,2026-08-04 17:09:00,REFUNDED
758,5,9,3067.10,2026-08-07 03:07:00,REFUNDED
759,10,16,2355.00,2026-08-20 02:57:00,SUCCESS
760,1,1,4952.10,2026-08-07 05:22:00,REFUNDED
761,3,16,4127.80,2026-08-13 14:44:00,PENDING
762,9,7,4939.50,2026-08-17 19:41:00,PENDING
763,7,20,2526.60,2026-08-02 06:34:00,SUCCESS
764,3,13,3854.90,2026-08-26 15:06:00,SUCCESS
765,8,4,2150.70,2026-08-25 10:57:00,PENDING
766,5,16,4861.80,2026-08-11 18:49:00,PENDING
767,8,2,1343.10,2026-08-12 19:26:00,SUCCESS
768,9,6,4334.90,2026-08-06 13:40:00,FAILED
769,8,14,1437.10,2026-08-20 13:41:00,FAILED
770,3,8,945.30,2026-08-18 08:45:00,PENDING
771,2,5,3415.20,2026-08-18 09:36:00,SUCCESS
772,2,13,2583.70,2026-08-17 01:14:00,REFUNDED
773,8,5,3286.20,2026-08-02 23:16:00,FAILED
774,8,4,4985.40,2026-08-25 17:39:00,SUCCESS
775,10,2,1338.30,2026-08-17 04:12:00,SUCCESS
776,6,10,4507.20,2026-08-07 19:50:00,FAILED
777,10,17,4162.10,2026-08-25 22:27:00,FAILED
778,5,5,947.40,2026-08-08 00:52:00,PENDING
779,6,5,2077.30,2026-08-22 22:28:00,FAILED
780,7,16,829.10,2026-08-17 03:37:00,SUCCESS
781,4,7,1726.80,2026-08-21 05:59:00,REFUNDED
782,8,5,1550.00,2026-08-24 03:49:00,REFUNDED
783,9,1,4670.80,2026-08-10 08:59:00,PENDING
784,2,7,1434.50,2026-08-24 20:32:00,REFUNDED
785,7,4,983.80,2026-08-19 17:03:00,SUCCESS
786,9,3,3121.80,2026-08-14 03:19:00,SUCCESS
787,2,14,1258.60,2026-08-23 21:14:00,SUCCESS
788,4,19,1987.20,2026-08-27 09:18:00,SUCCESS
789,5,8,3193.50,2026-08-06 05:58:00,REFUNDED
790,2,4,2909.90,2026-08-07 12:33:00,SUCCESS
791,4,8,4241.00,2026-08-18 03:34:00,SUCCESS
792,9,9,3670.30,2026-08-05 23:37:00,PENDING
793,1,11,4208.10,2026-08-14 21:53:00,FAILED
794,4,11,4280.50,2026-08-18 19:45:00,REFUNDED
795,4,16,949.60,2026-08-15 09:36:00,SUCCESS
796,6,4,977.10,2026-08-24 20:15:00,FAILED
797,1,20,970.80,2026-08-02 09:05:00,REFUNDED
798,7,17,1256.20,2026-08-25 14:21:00,SUCCESS
799,7,18,2833.50,2026-08-14 21:02:00,REFUNDED
800,8,8,751.20,2026-08-16 17:52:00,SUCCESS
801,7,14,5013.20,2026-08-03 13:15:00,PENDING
802,4,12,741.60,2026-08-24 14:16:00,FAILED
803,9,13,2439.40,2026-08-16 03:35:00,REFUNDED
804,4,20,1155.70,2026-08-18 12:00:00,SUCCESS
805,1,100.00
806,7,17,4213.70,2026-08-02 18:09:00,SUCCESS
807,1,14,4292.00,2026-08-13 18:37:00,PENDING
808,10,7,2089.10,2026-08-26 04:00:00,SUCCESS
809,4,3,4971.70,2026-08-22 02:10:00,FAILED
810,10,12,2868.10,2026-08-06 01:31:00,SUCCESS
811,3,15,1075.70,2026-08-02 12:28:00,PENDING
812,10,6,1776.50,2026-08-31 02:18:00,PENDING
813,7,14,4687.00,2026-08-03 11:17:00,PENDING
814,6,18,1985.60,2026-08-16 11:21:00,SUCCESS
815,4,8,283.00,2026-08-19 08:54:00,REFUNDED
816,7,15,3539.70,2026-08-02 10:11:00,FAILED
817,10,15,209.10,2026-08-17 16:12:00,SUCCESS
818,9,2,4306.70,2026-08-10 09:41:00,FAILED
819,2,4,3530.40,2026-08-29 05:47:00,PENDING
820,1,1,5000,INVALID_DATE_TIME,SUCCESS
821,5,9,4970.20,2026-08-28 11:24:00,REFUNDED
822,1,100.00
823,1,7,4550.70,2026-08-12 11:06:00,SUCCESS
824,7,2,983.20,2026-08-02 12:10:00,FAILED
825,9,2,1500.80,2026-08-03 22:43:00,REFUNDED
826,4,15,3988.30,2026-08-13 18:47:00,REFUNDED
827,9,1,2297.20,2026-08-02 07:14:00,SUCCESS
828,5,13,4395.70,2026-08-18 20:49:00,FAILED
829,10,8,732.50,2026-08-24 05:12:00,REFUNDED
830,10,20,756.60,2026-08-09 14:25:00,REFUNDED
831,1,1,NOT_A_NUMBER,2026-08-01 12:00:00,SUCCESS
832,7,2,3980.80,2026-08-06 16:30:00,FAILED
833,7,1,252.70,2026-08-16 07:58:00,REFUNDED
834,4,19,3057.20,2026-08-26 09:05:00,SUCCESS
835,6,3,1611.00,2026-08-18 12:44:00,FAILED
836,2,13,2604.10,2026-08-10 11:04:00,PENDING
837,8,6,1443.30,2026-08-26 14:11:00,REFUNDED
838,10,4,4867.00,2026-08-01 12:38:00,FAILED
839,1,17,3631.90,2026-08-01 08:19:00,FAILED
840,8,5,4931.00,2026-08-18 23:18:00,SUCCESS
841,5,16,3465.10,2026-08-15 02:07:00,FAILED
842,2,12,1990.50,2026-08-03 06:36:00,REFUNDED
843,9,13,295.50,2026-08-14 17:01:00,PENDING
844,10,19,2445.70,2026-08-12 06:05:00,REFUNDED
845,5,10,1064.80,2026-08-27 10:33:00,SUCCESS
846,7,16,2422.80,2026-08-24 12:55:00,REFUNDED
847,1,10,3275.20,2026-08-11 05:03:00,PENDING
848,4,10,3450.30,2026-08-25 22:01:00,REFUNDED
849,5,15,4908.20,2026-08-10 20:31:00,REFUNDED
850,2,1,4910.00,2026-08-29 04:30:00,PENDING
851,3,10,421.90,2026-08-02 01:50:00,PENDING
852,7,17,4412.00,2026-08-22 15:12:00,SUCCESS
853,2,4,2196.50,2026-08-11 21:26:00,SUCCESS
854,10,12,3369.00,2026-08-26 19:25:00,SUCCESS
855,5,17,2876.00,2026-08-25 16:34:00,FAILED
856,8,14,4998.00,2026-08-11 04:12:00,REFUNDED
857,6,16,2249.70,2026-08-02 03:54:00,FAILED
858,8,14,2231.80,2026-08-26 06:03:00,FAILED
859,10,3,2096.20,2026-08-21 16:40:00,PENDING
860,5,3,1228.70,2026-08-10 22:27:00,SUCCESS
861,8,1,2098.30,2026-08-27 09:21:00,REFUNDED
862,2,5,2377.10,2026-08-24 10:00:00,REFUNDED
863,10,15,1606.40,2026-08-16 08:36:00,REFUNDED
864,4,4,1030.00,2026-08-22 12:35:00,PENDING
865,8,8,4365.60,2026-08-18 19:53:00,SUCCESS
866,10,18,3385.70,2026-08-19 20:38:00,REFUNDED
867,10,12,4838.20,2026-08-30 02:42:00,PENDING
868,2,4,996.30,2026-08-04 07:47:00,SUCCESS
869,2,20,3295.50,2026-08-27 10:12:00,REFUNDED
870,10,6,190.30,2026-08-27 10:53:00,REFUNDED
871,2,2,2346.00,2026-08-26 10:45:00,REFUNDED
872,2,3,265.40,2026-08-08 22:37:00,REFUNDED
873,7,10,2187.30,2026-08-22 23:47:00,SUCCESS
874,4,11,1439.00,2026-08-19 01:18:00,FAILED
875,9,4,4371.50,2026-08-09 01:14:00,SUCCESS
876,2,8,2824.60,2026-08-14 00:34:00,REFUNDED
877,1,100.00
878,8,12,1787.00,2026-08-27 23:58:00,PENDING
879,8,6,706.20,2026-08-09 18:47:00,SUCCESS
880,3,16,4606.30,2026-08-28 21:09:00,REFUNDED
881,8,19,1047.20,2026-08-26 21:39:00,SUCCESS
882,2,14,2731.60,2026-08-28 07:36:00,SUCCESS
883,8,17,1394.60,2026-08-06 04:58:00,SUCCESS
884,2,2,3872.60,2026-08-22 07:59:00,PENDING
885,1,1,NOT_A_NUMBER,2026-08-01 12:00:00,SUCCESS
886,2,16,710.60,2026-08-10 16:54:00,SUCCESS
887,1,9,4063.50,2026-08-02 15:24:00,PENDING
888,8,3,3130.70,2026-08-25 17:23:00,SUCCESS
889,2,20,1164.20,2026-08-15 10:40:00,REFUNDED
890,1,5,4031.70,2026-08-22 04:20:00,FAILED
891,2,9,1152.00,2026-08-18 18:50:00,FAILED
892,7,11,966.60,2026-08-12 15:35:00,SUCCESS
893,1,13,3341.30,2026-08-11 00:11:00,SUCCESS
894,4,18,3178.20,2026-08-21 01:45:00,REFUNDED
895,9,15,3240.50,2026-08-04 14:03:00,FAILED
896,4,18,2181.00,2026-08-24 04:25:00,PENDING
897,10,12,1731.80,2026-08-26 11:17:00,SUCCESS
898,1,13,3967.30,2026-08-11 17:02:00,FAILED
899,8,16,4809.50,2026-08-28 12:21:00,PENDING
900,2,19,3352.10,2026-08-25 07:04:00,PENDING
901,1,8,612.10,2026-08-13 12:59:00,FAILED
902,9,14,1522.60,2026-08-24 17:54:00,PENDING
903,7,20,3368.90,2026-08-10 02:22:00,FAILED
904,6,4,3782.40,2026-08-08 03:10:00,REFUNDED
905,1,8,3478.30,2026-08-13 00:06:00,REFUNDED
906,4,19,407.30,2026-08-02 20:18:00,FAILED
907,9,13,3067.80,2026-08-29 01:08:00,SUCCESS
908,5,13,4752.50,2026-08-30 00:05:00,SUCCESS
909,10,18,4152.00,2026-08-23 07:21:00,FAILED
910,4,17,2966.10,2026-08-18 07:42:00,FAILED
911,5,18,4041.80,2026-08-12 15:14:00,FAILED
912,7,7,2046.00,2026-08-19 12:00:00,FAILED
913,9,10,2834.00,2026-08-19 01:01:00,PENDING
914,3,1,954.10,2026-08-21 12:42:00,REFUNDED
915,6,1,2325.20,2026-08-06 17:22:00,FAILED
916,1,18,4931.50,2026-08-12 21:33:00,FAILED
917,6,9,5026.40,2026-08-30 19:58:00,PENDING
918,9,18,1707.90,2026-08-17 21:04:00,SUCCESS
919,1,1,5000,2026-08-01 12:00:00,UNKNOWN_STATUS
920,1,17,102.40,2026-08-30 00:29:00,SUCCESS
921,5,10,4275.00,2026-08-11 03:21:00,PENDING
922,7,15,1441.00,2026-08-13 00:32:00,SUCCESS
923,5,1,204.20,2026-08-24 13:20:00,SUCCESS
924,10,17,2423.40,2026-08-21 08:09:00,REFUNDED
925,9,17,1863.50,2026-08-01 13:02:00,PENDING
926,3,3,961.30,2026-08-10 15:04:00,FAILED
927,4,4,2979.60,2026-08-13 21:39:00,SUCCESS
928,10,5,2816.10,2026-08-05 03:07:00,FAILED
929,8,18,3467.10,2026-08-17 07:44:00,PENDING
930,4,10,899.80,2026-08-20 11:24:00,PENDING
931,1,1,NOT_A_NUMBER,2026-08-01 12:00:00,SUCCESS
932,4,18,2940.90,2026-08-09 18:29:00,PENDING
933,7,10,1767.90,2026-08-26 22:27:00,PENDING
934,1,4,3112.50,2026-08-22 10:39:00,SUCCESS
935,8,20,978.40,2026-08-06 09:50:00,SUCCESS
936,3,3,3853.00,2026-08-10 17:17:00,REFUNDED
937,6,17,1771.90,2026-08-19 01:38:00,PENDING
938,9,5,3524.80,2026-08-12 12:43:00,SUCCESS
939,3,17,3591.10,2026-08-14 00:23:00,REFUNDED
940,5,8,1952.80,2026-08-20 09:50:00,REFUNDED
941,4,8,3609.70,2026-08-15 10:59:00,REFUNDED
942,10,9,4621.30,2026-08-25 08:24:00,FAILED
943,4,2,2062.40,2026-08-24 02:16:00,FAILED
944,6,9,2484.70,2026-08-19 10:01:00,REFUNDED
945,10,6,2085.00,2026-08-15 12:40:00,SUCCESS
946,10,14,3523.70,2026-08-06 06:41:00,FAILED
947,4,10,2821.80,2026-08-08 01:19:00,PENDING
948,7,12,1820.50,2026-08-19 19:06:00,REFUNDED
949,3,15,3975.90,2026-08-21 22:38:00,SUCCESS
950,6,18,4053.70,2026-08-15 13:46:00,REFUNDED
951,3,18,3806.50,2026-08-28 12:37:00,REFUNDED
952,8,7,4990.70,2026-08-23 00:03:00,SUCCESS
953,4,9,1398.90,2026-08-27 08:33:00,PENDING
954,6,12,2287.00,2026-08-10 05:02:00,FAILED
955,2,6,2520.80,2026-08-04 14:10:00,FAILED
956,6,13,2881.40,2026-08-13 02:38:00,FAILED
957,10,19,2092.10,2026-08-20 06:34:00,PENDING
958,1,9,826.00,2026-08-25 10:06:00,REFUNDED
959,4,13,1968.70,2026-08-25 19:52:00,REFUNDED
960,4,14,137.40,2026-08-24 12:04:00,FAILED
961,6,19,1757.70,2026-08-25 13:57:00,REFUNDED
962,6,4,4169.80,2026-08-03 00:20:00,REFUNDED
963,1,18,2207.40,2026-08-10 20:48:00,SUCCESS
964,2,13,395.70,2026-08-15 09:09:00,PENDING
965,9,4,3019.70,2026-08-28 00:31:00,PENDING
966,5,13,4275.60,2026-08-23 19:16:00,REFUNDED
967,2,11,4051.80,2026-08-13 02:06:00,FAILED
968,1,18,3181.00,2026-08-20 06:23:00,PENDING
969,6,3,3038.60,2026-08-04 18:55:00,PENDING
970,9,19,3543.50,2026-08-17 08:02:00,SUCCESS
971,7,1,2171.00,2026-08-15 18:49:00,FAILED
972,6,6,4698.10,2026-08-27 14:53:00,REFUNDED
973,5,10,54.70,2026-08-11 18:52:00,SUCCESS
974,2,3,4381.80,2026-08-05 03:05:00,REFUNDED
975,2,8,3429.40,2026-08-06 00:30:00,REFUNDED
976,4,11,3383.90,2026-08-13 23:41:00,PENDING
977,2,8,3473.80,2026-08-10 10:06:00,FAILED
978,1,20,2364.90,2026-08-13 01:39:00,PENDING
979,2,14,2087.20,2026-08-30 18:33:00,SUCCESS
980,9,7,1284.90,2026-08-22 18:23:00,FAILED
981,9,9,1889.10,2026-08-17 03:34:00,SUCCESS
982,5,11,2290.30,2026-08-13 09:47:00,REFUNDED
983,10,17,688.00,2026-08-12 16:42:00,FAILED
984,5,19,3376.20,2026-08-12 19:37:00,SUCCESS
985,1,6,1841.70,2026-08-02 02:01:00,REFUNDED
986,1,19,3834.90,2026-08-28 08:21:00,FAILED
987,6,20,2808.90,2026-08-08 04:16:00,REFUNDED
988,8,20,3670.00,2026-08-22 20:27:00,PENDING
989,1,8,4817.40,2026-08-05 22:27:00,PENDING
990,6,6,553.30,2026-08-15 13:36:00,SUCCESS
991,7,14,3519.90,2026-08-15 11:02:00,SUCCESS
992,2,18,3289.60,2026-08-12 19:56:00,FAILED
993,10,9,2253.30,2026-08-20 21:59:00,SUCCESS
994,10,19,3414.80,2026-08-09 00:31:00,SUCCESS
995,6,14,4370.40,2026-08-14 10:07:00,FAILED
996,9,16,5022.50,2026-08-30 08:18:00,REFUNDED
997,3,16,3275.10,2026-08-15 02:37:00,PENDING
998,7,20,973.80,2026-08-29 00:09:00,PENDING
999,9,4,3506.20,2026-08-04 05:24:00,FAILED
1000,2,15,755.40,2026-08-29 00:54:00,FAILED
1001,4,1,3773.70,2026-08-07 09:23:00,SUCCESS
1002,1,100.00
1003,8,4,4550.90,2026-08-01 12:02:00,REFUNDED
1004,7,4,1853.60,2026-08-28 16:21:00,PENDING
1005,5,2,4977.70,2026-08-29 14:33:00,REFUNDED
1006,1,1,NOT_A_NUMBER,2026-08-01 12:00:00,SUCCESS
1007,3,16,803.80,2026-08-19 00:09:00,FAILED
1008,1,1,NOT_A_NUMBER,2026-08-01 12:00:00,SUCCESS
1009,8,8,3336.40,2026-08-24 08:58:00,REFUNDED
1010,9,4,4914.50,2026-08-09 10:26:00,SUCCESS
1011,7,7,3410.60,2026-08-29 12:21:00,PENDING
1012,10,11,764.90,2026-08-30 20:55:00,SUCCESS
1013,10,11,791.00,2026-08-23 02:45:00,PENDING
1014,9,6,1059.90,2026-08-07 00:25:00,REFUNDED
1015,2,10,2323.80,2026-08-03 11:04:00,FAILED
1016,9,20,2995.60,2026-08-11 15:23:00,PENDING
1017,8,8,201.50,2026-08-21 03:56:00,SUCCESS
1018,7,18,3087.70,2026-08-30 20:30:00,PENDING
1019,3,18,4242.00,2026-08-13 09:20:00,PENDING
1020,8,14,4269.00,2026-08-22 07:55:00,FAILED
1021,7,12,3706.90,2026-08-29 08:28:00,REFUNDED
1022,6,17,1843.50,2026-08-05 06:52:00,PENDING
1023,6,9,4356.90,2026-08-25 03:58:00,FAILED
1024,1,7,1742.50,2026-08-25 20:07:00,SUCCESS
1025,8,6,870.60,2026-08-01 21:01:00,SUCCESS
1026,7,17,1420.00,2026-08-19 17:19:00,PENDING
1027,7,7,2508.70,2026-08-27 15:31:00,FAILED
1028,1,18,1375.00,2026-08-21 22:26:00,PENDING
1029,1,9,3913.10,2026-08-23 10:20:00,SUCCESS
1030,2,10,1060.70,2026-08-22 05:48:00,REFUNDED
1031,8,4,4481.50,2026-08-16 19:37:00,FAILED
1032,3,2,3298.40,2026-08-14 11:18:00,SUCCESS
1033,1,20,3210.50,2026-08-09 19:16:00,FAILED
1034,1,18,4498.90,2026-08-13 11:37:00,PENDING
1035,8,1,1817.60,2026-08-13 06:19:00,PENDING
1036,1,14,3423.20,2026-08-15 16:09:00,FAILED
1037,9,10,3011.80,2026-08-21 17:11:00,PENDING
1038,3,8,4950.90,2026-08-07 03:12:00,REFUNDED
1039,3,18,4588.60,2026-08-01 18:24:00,REFUNDED
1040,5,13,2623.30,2026-08-26 15:51:00,FAILED
1041,5,19,302.20,2026-08-03 13:37:00,PENDING
1042,6,1,4005.50,2026-08-07 12:09:00,SUCCESS
1043,1,1,5000,2026-08-01 12:00:00,UNKNOWN_STATUS
1044,1,19,4730.50,2026-08-24 01:56:00,REFUNDED
1045,6,12,173.50,2026-08-10 10:58:00,PENDING
1046,5,20,3349.50,2026-08-10 00:56:00,PENDING
1047,4,4,2711.90,2026-08-04 22:33:00,FAILED
1048,10,20,3709.50,2026-08-06 13:02:00,FAILED
1049,9,4,2738.10,2026-08-04 08:01:00,PENDING
1050,1,1,5000,INVALID_DATE_TIME,SUCCESS
1051,7,20,1586.70,2026-08-27 17:45:00,SUCCESS
1052,1,15,507.30,2026-08-04 08:34:00,PENDING
1053,4,4,323.60,2026-08-17 08:59:00,REFUNDED
1054,8,6,1900.90,2026-08-22 08:39:00,PENDING
1055,9,2,4985.00,2026-08-12 12:46:00,REFUNDED
1056,5,5,117.60,2026-08-08 18:49:00,SUCCESS
1057,9,19,1480.50,2026-08-24 12:01:00,REFUNDED
1058,10,8,2549.30,2026-08-18 23:02:00,REFUNDED
1059,6,20,4097.40,2026-08-04 09:30:00,SUCCESS
1060,3,13,4936.30,2026-08-14 13:14:00,PENDING
1061,4,19,4406.20,2026-08-15 11:18:00,FAILED
1062,6,4,4860.30,2026-08-25 08:58:00,PENDING
1063,6,17,4494.90,2026-08-29 16:24:00,REFUNDED
1064,3,4,1315.40,2026-08-10 09:44:00,SUCCESS
1065,5,13,4327.20,2026-08-14 06:28:00,PENDING
1066,6,1,1389.40,2026-08-25 15:55:00,FAILED
1067,7,7,5034.80,2026-08-11 12:39:00,SUCCESS
1068,1,18,1360.10,2026-08-12 05:15:00,REFUNDED
1069,6,6,1209.90,2026-08-17 03:07:00,FAILED
1070,3,11,2848.80,2026-08-13 01:34:00,SUCCESS
1071,4,18,3263.30,2026-08-09 18:15:00,REFUNDED
1072,5,10,4675.90,2026-08-08 00:24:00,REFUNDED
1073,3,10,4024.80,2026-08-26 09:37:00,FAILED
1074,2,9,580.40,2026-08-26 03:52:00,FAILED
1075,10,16,4054.10,2026-08-05 00:01:00,FAILED
1076,9,6,3231.90,2026-08-02 22:49:00,REFUNDED
1077,5,16,2543.00,2026-08-15 13:46:00,REFUNDED
1078,9,5,4248.10,2026-08-01 11:56:00,PENDING
1079,10,16,4524.80,2026-08-14 19:29:00,REFUNDED
1080,10,6,3022.50,2026-08-22 23:13:00,REFUNDED
1081,2,4,3961.40,2026-08-23 01:04:00,FAILED
1082,9,12,3701.30,2026-08-26 13:01:00,PENDING
1083,6,19,2436.90,2026-08-19 16:38:00,PENDING
1084,6,3,615.00,2026-08-08 01:27:00,REFUNDED
1085,2,12,4369.30,2026-08-06 21:53:00,SUCCESS
1086,2,20,3825.30,2026-08-30 02:42:00,FAILED
1087,2,9,2294.20,2026-08-29 19:27:00,REFUNDED
1088,2,10,3433.20,2026-08-22 02:57:00,REFUNDED
1089,9,16,3800.60,2026-08-30 18:08:00,PENDING
1090,9,7,1174.80,2026-08-07 11:35:00,FAILED
1091,5,14,4735.70,2026-08-09 18:23:00,FAILED
1092,4,12,681.10,2026-08-05 19:45:00,SUCCESS
1093,4,11,163.80,2026-08-09 16:42:00,SUCCESS
1094,10,19,4301.50,2026-08-01 15:53:00,SUCCESS
1095,9,19,2479.30,2026-08-02 03:09:00,FAILED
1096,4,8,4027.30,2026-08-23 03:00:00,PENDING
1097,2,12,703.80,2026-08-29 14:02:00,FAILED
1098,5,6,270.10,2026-08-08 14:02:00,PENDING
1099,4,9,1507.80,2026-08-09 20:05:00,REFUNDED
1100,8,17,373.10,2026-08-10 23:38:00,PENDING
1101,7,12,4237.20,2026-08-25 22:47:00,SUCCESS
1102,9,14,145.40,2026-08-27 05:44:00,PENDING
1103,1,10,3779.90,2026-08-18 21:37:00,REFUNDED
1104,10,2,2574.80,2026-08-24 05:16:00,FAILED
1105,5,12,1511.10,2026-08-21 07:45:00,SUCCESS
1106,9,14,3827.40,2026-08-17 00:36:00,REFUNDED
1107,5,1,645.70,2026-08-18 08:46:00,REFUNDED
1108,3,10,668.30,2026-08-20 20:03:00,FAILED
1109,9,1,1024.00,2026-08-28 19:44:00,SUCCESS
1110,7,14,4143.70,2026-08-21 04:33:00,FAILED
1111,2,16,3257.60,2026-08-15 03:35:00,REFUNDED
1112,4,2,4394.70,2026-08-10 23:04:00,FAILED
1113,8,2,2078.40,2026-08-07 21:46:00,SUCCESS
1114,9,17,584.10,2026-08-07 07:34:00,SUCCESS
1115,3,7,4984.80,2026-08-27 13:41:00,PENDING
1116,10,14,1392.80,2026-08-21 22:21:00,FAILED
1117,3,15,4431.80,2026-08-05 16:46:00,FAILED
1118,2,2,2538.90,2026-08-14 08:50:00,SUCCESS
1119,4,4,3127.10,2026-08-27 17:28:00,SUCCESS
1120,1,20,1483.50,2026-08-09 14:27:00,SUCCESS
1121,4,8,2290.50,2026-08-04 01:42:00,REFUNDED
1122,1,14,2177.80,2026-08-18 20:01:00,PENDING
1123,5,15,3424.70,2026-08-16 19:14:00,REFUNDED
1124,7,2,3869.50,2026-08-06 02:35:00,REFUNDED
1125,2,10,2053.10,2026-08-29 19:37:00,PENDING
1126,5,14,154.20,2026-08-12 10:41:00,PENDING
1127,5,15,153.10,2026-08-24 22:46:00,SUCCESS
1128,4,7,3255.70,2026-08-31 04:44:00,FAILED
1129,10,7,1642.20,2026-08-19 06:21:00,PENDING
1130,10,7,1961.40,2026-08-16 05:24:00,PENDING
1131,1,18,1924.70,2026-08-25 16:14:00,SUCCESS
1132,5,15,4520.60,2026-08-03 16:33:00,FAILED
1133,9,16,1461.40,2026-08-17 19:50:00,PENDING
1134,5,2,211.20,2026-08-15 23:52:00,SUCCESS
1135,8,2,468.50,2026-08-25 10:51:00,PENDING
1136,4,6,794.60,2026-08-07 19:27:00,REFUNDED
1137,1,100.00
1138,10,12,4786.40,2026-08-16 20:19:00,PENDING
1139,6,14,4205.60,2026-08-21 15:50:00,REFUNDED
1140,1,8,1672.00,2026-08-18 22:13:00,PENDING
1141,10,11,4620.60,2026-08-19 10:15:00,FAILED
1142,9,17,2613.60,2026-08-04 01:12:00,SUCCESS
1143,7,16,148.30,2026-08-13 03:43:00,PENDING
1144,4,12,2816.40,2026-08-30 16:36:00,REFUNDED
1145,6,19,1058.90,2026-08-18 01:25:00,FAILED
1146,6,11,714.30,2026-08-02 05:34:00,PENDING
1147,2,8,3396.50,2026-08-06 11:59:00,REFUNDED
1148,9,5,142.00,2026-08-21 11:19:00,SUCCESS
1149,3,16,2129.30,2026-08-21 20:13:00,SUCCESS
1150,2,14,2361.10,2026-08-29 02:58:00,REFUNDED
1151,1,1,5000,2026-08-01 12:00:00,UNKNOWN_STATUS
1152,1,2,1806.90,2026-08-30 19:26:00,REFUNDED
1153,6,1,1343.70,2026-08-04 01:21:00,REFUNDED
1154,6,3,4202.90,2026-08-10 15:45:00,PENDING
1155,5,9,1130.60,2026-08-26 23:23:00,PENDING
1156,3,12,4103.50,2026-08-12 00:31:00,PENDING
1157,3,4,4942.10,2026-08-29 15:02:00,SUCCESS
1158,4,13,3826.80,2026-08-26 17:44:00,REFUNDED
1159,3,9,3885.40,2026-08-20 20:40:00,SUCCESS
1160,3,16,1486.60,2026-08-20 03:43:00,REFUNDED
1161,10,2,1632.60,2026-08-28 02:33:00,REFUNDED
1162,7,10,4981.10,2026-08-23 03:37:00,FAILED
1163,9,3,3522.50,2026-08-23 21:58:00,REFUNDED
1164,6,10,2770.00,2026-08-27 02:46:00,PENDING
1165,1,11,2207.20,2026-08-04 07:38:00,PENDING
1166,9,15,2793.50,2026-08-06 18:00:00,REFUNDED
1167,6,17,4733.00,2026-08-09 23:59:00,REFUNDED
1168,7,8,4616.40,2026-08-22 22:10:00,SUCCESS
1169,9,9,2846.70,2026-08-29 08:27:00,REFUNDED
1170,4,1,2915.90,2026-08-05 10:27:00,REFUNDED
1171,9,15,3468.00,2026-08-20 03:08:00,FAILED
1172,9,3,3414.20,2026-08-01 08:37:00,PENDING
1173,10,19,3274.80,2026-08-30 14:25:00,PENDING
1174,3,19,1999.20,2026-08-16 08:52:00,PENDING
1175,3,14,4201.20,2026-08-07 01:18:00,SUCCESS
1176,7,5,524.50,2026-08-14 16:42:00,FAILED
1177,1,17,3439.90,2026-08-10 10:40:00,REFUNDED
1178,1,15,3490.70,2026-08-11 19:18:00,FAILED
1179,5,3,4588.90,2026-08-03 23:36:00,FAILED
1180,2,11,713.50,2026-08-24 17:13:00,REFUNDED
1181,10,10,957.20,2026-08-29 15:55:00,PENDING
1182,4,10,4413.60,2026-08-16 06:27:00,REFUNDED
1183,2,10,1804.90,2026-08-17 03:14:00,FAILED
1184,8,1,3812.90,2026-08-26 13:02:00,REFUNDED
1185,9,18,3090.40,2026-08-28 15:14:00,SUCCESS
1186,6,19,1575.00,2026-08-08 15:55:00,SUCCESS
1187,8,9,2716.50,2026-08-28 00:30:00,REFUNDED
1188,9,2,4797.40,2026-08-29 05:08:00,SUCCESS
1189,10,8,2353.60,2026-08-14 15:27:00,SUCCESS
1190,6,18,2789.90,2026-08-15 21:37:00,PENDING
1191,3,13,1375.60,2026-08-02 06:39:00,SUCCESS
1192,8,12,3243.10,2026-08-17 22:32:00,PENDING
1193,1,19,158.00,2026-08-24 21:09:00,PENDING
1194,5,9,285.10,2026-08-21 23:44:00,REFUNDED
1195,3,1,944.10,2026-08-26 10:36:00,SUCCESS
1196,6,2,2785.40,2026-08-31 00:40:00,PENDING
1197,8,4,4505.10,2026-08-16 00:18:00,REFUNDED
1198,9,3,3715.90,2026-08-13 20:58:00,SUCCESS
1199,2,13,1821.80,2026-08-03 02:06:00,FAILED
1200,10,13,3912.60,2026-08-03 18:10:00,FAILED
1201,7,20,4385.20,2026-08-12 03:35:00,SUCCESS
1202,7,13,4085.30,2026-08-01 13:52:00,REFUNDED
1203,2,6,4973.90,2026-08-02 09:50:00,REFUNDED
1204,2,20,1266.90,2026-08-19 06:01:00,FAILED
1205,8,14,2295.10,2026-08-08 18:25:00,PENDING
1206,4,11,4681.00,2026-08-12 09:39:00,FAILED
1207,10,6,848.90,2026-08-03 05:12:00,SUCCESS
1208,4,8,247.70,2026-08-08 06:58:00,REFUNDED
1209,7,20,411.10,2026-08-03 00:19:00,PENDING
1210,6,9,1430.00,2026-08-22 07:54:00,REFUNDED
1211,2,12,5013.50,2026-08-10 23:27:00,FAILED
1212,6,16,3347.40,2026-08-20 06:33:00,PENDING
1213,3,18,4602.20,2026-08-23 00:58:00,FAILED
1214,6,12,2379.60,2026-08-14 09:02:00,FAILED
1215,3,14,3513.60,2026-08-30 12:30:00,PENDING
1216,7,4,4154.90,2026-08-11 08:16:00,REFUNDED
1217,6,19,2625.20,2026-08-03 23:31:00,SUCCESS
1218,2,15,2321.50,2026-08-17 22:19:00,REFUNDED
1219,9,4,1932.20,2026-08-24 17:26:00,SUCCESS
1220,9,13,1834.30,2026-08-05 05:56:00,FAILED
1221,1,6,1672.30,2026-08-05 01:29:00,REFUNDED
1222,4,8,1735.50,2026-08-24 22:11:00,SUCCESS
1223,1,4,4371.70,2026-08-20 05:34:00,FAILED
1224,2,6,997.80,2026-08-26 11:14:00,SUCCESS
1225,9,1,4872.30,2026-08-23 20:48:00,SUCCESS
1226,1,4,4881.70,2026-08-14 16:46:00,FAILED
1227,3,10,1512.40,2026-08-29 03:24:00,FAILED
1228,7,9,3192.70,2026-08-24 18:27:00,FAILED
1229,6,13,3164.70,2026-08-13 17:52:00,REFUNDED
1230,9,20,3933.00,2026-08-05 02:13:00,REFUNDED
1231,9,8,2253.60,2026-08-27 08:07:00,PENDING
1232,10,11,4006.90,2026-08-30 07:16:00,FAILED
1233,5,9,5003.90,2026-08-20 03:20:00,FAILED
1234,5,14,4939.40,2026-08-14 04:53:00,FAILED
1235,4,15,2690.30,2026-08-27 16:45:00,SUCCESS
1236,8,4,3759.60,2026-08-19 11:39:00,FAILED
1237,2,18,988.30,2026-08-09 00:07:00,SUCCESS
1238,4,11,102.30,2026-08-28 15:54:00,SUCCESS
1239,9,9,3398.80,2026-08-24 14:55:00,REFUNDED
1240,8,8,4320.70,2026-08-26 01:47:00,PENDING
1241,2,6,2941.30,2026-08-18 02:29:00,PENDING
1242,1,11,1328.80,2026-08-15 21:17:00,PENDING
1243,2,7,4837.00,2026-08-30 02:50:00,SUCCESS
1244,8,18,2107.60,2026-08-18 01:46:00,PENDING
1245,5,11,1354.20,2026-08-16 07:25:00,FAILED
1246,4,11,1728.80,2026-08-05 14:58:00,FAILED
1247,5,2,2609.90,2026-08-27 02:43:00,REFUNDED
1248,3,3,3634.70,2026-08-15 11:18:00,REFUNDED
1249,9,2,3513.20,2026-08-01 17:23:00,FAILED
1250,7,16,120.80,2026-08-16 18:34:00,FAILED
1251,2,19,3045.10,2026-08-12 18:18:00,PENDING
1252,6,18,434.60,2026-08-28 07:29:00,REFUNDED
1253,1,1,1529.50,2026-08-02 19:24:00,FAILED
1254,4,1,1909.20,2026-08-31 00:36:00,SUCCESS
1255,4,7,2759.30,2026-08-10 23:26:00,PENDING
1256,3,17,2645.60,2026-08-26 13:40:00,REFUNDED
1257,5,20,525.90,2026-08-14 21:21:00,FAILED
1258,2,15,1924.30,2026-08-29 08:26:00,SUCCESS
1259,3,9,4970.60,2026-08-22 02:26:00,SUCCESS
1260,4,13,4183.50,2026-08-13 22:46:00,FAILED
1261,7,17,1243.80,2026-08-16 09:32:00,REFUNDED
1262,10,3,2318.70,2026-08-28 23:34:00,SUCCESS
1263,10,10,2665.90,2026-08-08 03:54:00,REFUNDED
1264,5,13,2657.90,2026-08-23 08:04:00,FAILED
1265,5,18,4284.40,2026-08-19 00:51:00,FAILED
1266,6,20,153.60,2026-08-15 20:53:00,REFUNDED
1267,2,9,4661.50,2026-08-09 06:39:00,SUCCESS
1268,1,4,222.30,2026-08-25 21:22:00,REFUNDED
1269,2,11,4006.40,2026-08-26 18:38:00,SUCCESS
1270,2,5,130.80,2026-08-16 16:57:00,SUCCESS
1271,1,11,4182.70,2026-08-25 07:59:00,REFUNDED
1272,7,11,600.60,2026-08-11 03:55:00,FAILED
1273,8,20,2069.40,2026-08-22 19:19:00,PENDING
1274,4,14,2196.10,2026-08-05 07:56:00,PENDING
1275,2,2,4639.10,2026-08-09 18:32:00,SUCCESS
1276,8,11,3794.80,2026-08-02 13:43:00,PENDING
1277,6,2,4349.70,2026-08-25 22:26:00,SUCCESS
1278,3,18,2428.80,2026-08-04 11:25:00,PENDING
1279,7,10,4426.80,2026-08-16 07:22:00,SUCCESS
1280,2,19,287.00,2026-08-16 19:42:00,FAILED
1281,6,7,3645.70,2026-08-30 08:02:00,SUCCESS
1282,7,17,2795.10,2026-08-13 11:35:00,PENDING
1283,7,9,1424.70,2026-08-15 02:31:00,FAILED
1284,8,20,1774.80,2026-08-21 19:29:00,REFUNDED
1285,3,12,1368.50,2026-08-03 04:17:00,FAILED
1286,8,9,5031.80,2026-08-21 22:06:00,REFUNDED
1287,5,7,4839.80,2026-08-28 10:50:00,FAILED
1288,7,3,1972.10,2026-08-18 05:47:00,SUCCESS
1289,7,5,2382.90,2026-08-13 22:41:00,PENDING
1290,7,1,374.70,2026-08-06 03:22:00,PENDING
1291,1,1,5000,INVALID_DATE_TIME,SUCCESS
1292,10,6,960.70,2026-08-06 11:26:00,FAILED
1293,3,4,4719.20,2026-08-27 08:51:00,SUCCESS
1294,3,15,4688.60,2026-08-08 20:21:00,SUCCESS
1295,2,20,1446.20,2026-08-21 17:38:00,SUCCESS
1296,1,10,819.10,2026-08-22 02:44:00,FAILED
1297,7,15,2796.60,2026-08-16 16:07:00,PENDING
1298,6,12,1793.00,2026-08-25 19:27:00,SUCCESS
1299,9,12,1183.10,2026-08-02 08:27:00,REFUNDED
1300,5,6,605.10,2026-08-17 21:13:00,REFUNDED
1301,8,5,2712.50,2026-08-24 07:59:00,PENDING
1302,4,10,1343.90,2026-08-16 08:22:00,SUCCESS
1303,7,20,737.40,2026-08-12 18:11:00,REFUNDED
1304,10,15,1255.80,2026-08-09 05:34:00,REFUNDED
1305,6,2,4415.90,2026-08-05 09:21:00,REFUNDED
1306,4,6,2517.40,2026-08-09 02:02:00,REFUNDED
1307,7,10,4107.30,2026-08-20 00:23:00,PENDING
1308,2,3,137.30,2026-08-09 20:54:00,FAILED
1309,9,10,4984.10,2026-08-15 13:20:00,SUCCESS
1310,10,12,1057.00,2026-08-20 20:07:00,SUCCESS
1311,9,6,1100.90,2026-08-04 18:25:00,FAILED
1312,7,7,493.30,2026-08-19 01:48:00,SUCCESS
1313,8,20,2055.50,2026-08-06 20:42:00,REFUNDED
1314,6,5,4935.70,2026-08-04 12:45:00,REFUNDED
1315,1,5,1062.10,2026-08-06 00:59:00,SUCCESS
1316,5,20,3325.90,2026-08-24 08:30:00,PENDING
1317,9,20,3011.30,2026-08-16 03:01:00,FAILED
1318,2,18,3108.70,2026-08-15 12:49:00,FAILED
1319,8,11,5025.00,2026-08-13 13:34:00,PENDING
1320,1,1,3710.40,2026-08-02 10:45:00,FAILED
1321,4,17,202.80,2026-08-07 07:16:00,REFUNDED
1322,7,4,1965.90,2026-08-23 21:46:00,PENDING
1323,6,1,2478.20,2026-08-13 05:56:00,SUCCESS
1324,6,8,364.90,2026-08-30 15:48:00,PENDING
1325,6,4,3584.30,2026-08-02 15:22:00,REFUNDED
1326,4,11,4768.50,2026-08-02 20:18:00,PENDING
1327,3,11,1427.40,2026-08-05 23:41:00,FAILED
1328,8,5,3542.20,2026-08-02 20:54:00,REFUNDED
1329,1,11,5002.40,2026-08-21 20:37:00,SUCCESS
1330,6,16,898.70,2026-08-22 02:34:00,PENDING
1331,6,2,4623.50,2026-08-17 10:04:00,REFUNDED
1332,1,9,3896.20,2026-08-09 08:26:00,PENDING
1333,2,3,769.40,2026-08-15 05:03:00,REFUNDED
1334,8,7,3229.10,2026-08-09 14:08:00,FAILED
1335,8,19,1960.50,2026-08-08 13:07:00,SUCCESS
1336,6,12,2744.60,2026-08-06 11:49:00,FAILED
1337,2,2,3208.10,2026-08-25 13:53:00,SUCCESS
1338,10,3,4489.70,2026-08-16 10:09:00,SUCCESS
1339,2,4,1089.80,2026-08-04 04:46:00,REFUNDED
1340,4,13,3634.80,2026-08-03 09:49:00,FAILED
1341,8,13,1102.10,2026-08-11 20:04:00,FAILED
1342,3,15,3595.20,2026-08-21 11:14:00,SUCCESS
1343,3,16,3292.00,2026-08-25 17:15:00,REFUNDED
1344,9,14,3439.60,2026-08-25 00:13:00,SUCCESS
1345,4,3,2993.70,2026-08-24 05:11:00,PENDING
1346,3,8,1977.20,2026-08-22 21:08:00,SUCCESS
1347,2,9,2139.40,2026-08-20 20:33:00,PENDING
1348,4,1,894.30,2026-08-08 17:42:00,PENDING
1349,3,19,3683.00,2026-08-23 07:10:00,PENDING
1350,10,20,4318.40,2026-08-09 03:47:00,SUCCESS
1351,3,5,1525.50,2026-08-24 17:42:00,SUCCESS
1352,10,9,3999.80,2026-08-26 18:56:00,PENDING
1353,5,9,3339.10,2026-08-21 00:57:00,FAILED
1354,2,9,4946.40,2026-08-07 05:10:00,FAILED
1355,4,17,5021.20,2026-08-26 15:47:00,SUCCESS
1356,1,14,2634.80,2026-08-28 00:30:00,SUCCESS
1357,3,8,2968.20,2026-08-21 12:53:00,SUCCESS
1358,7,10,4437.70,2026-08-22 01:47:00,SUCCESS
1359,1,1,5000,INVALID_DATE_TIME,SUCCESS
1360,9,5,3135.10,2026-08-18 00:18:00,SUCCESS
1361,5,4,883.40,2026-08-09 01:43:00,SUCCESS
1362,3,3,4260.30,2026-08-16 00:14:00,REFUNDED
1363,9,4,4531.90,2026-08-19 19:19:00,FAILED
1364,10,2,3499.80,2026-08-14 18:39:00,REFUNDED
1365,3,11,185.40,2026-08-06 01:42:00,SUCCESS
1366,6,3,3187.10,2026-08-25 04:11:00,PENDING
1367,3,18,581.50,2026-08-13 09:15:00,FAILED
1368,6,8,2719.10,2026-08-02 13:57:00,FAILED
1369,10,2,438.80,2026-08-16 11:14:00,SUCCESS
1370,10,16,1111.80,2026-08-23 04:51:00,REFUNDED
1371,5,11,4101.60,2026-08-25 14:57:00,PENDING
1372,5,13,743.20,2026-08-11 21:36:00,REFUNDED
1373,1,3,1712.60,2026-08-18 05:17:00,SUCCESS
1374,8,11,3148.20,2026-08-25 07:11:00,SUCCESS
1375,5,13,4745.70,2026-08-12 21:02:00,PENDING
1376,7,14,64.30,2026-08-13 12:32:00,REFUNDED
1377,8,13,2932.10,2026-08-22 13:57:00,FAILED
1378,6,4,4848.40,2026-08-02 16:02:00,SUCCESS
1379,3,8,3156.30,2026-08-28 20:12:00,SUCCESS
1380,7,13,1220.60,2026-08-30 23:35:00,FAILED
1381,9,11,176.10,2026-08-18 03:03:00,PENDING
1382,7,11,1882.80,2026-08-15 05:38:00,SUCCESS
1383,7,13,3697.50,2026-08-19 00:56:00,SUCCESS
1384,1,18,1198.60,2026-08-26 06:24:00,PENDING
1385,2,7,2552.40,2026-08-07 07:05:00,FAILED
1386,6,15,1893.10,2026-08-29 13:16:00,PENDING
1387,2,3,225.50,2026-08-15 18:03:00,REFUNDED
1388,10,15,2935.70,2026-08-03 13:10:00,REFUNDED
1389,7,5,2189.00,2026-08-01 11:54:00,PENDING
1390,4,17,249.00,2026-08-17 07:05:00,SUCCESS
1391,3,15,4343.10,2026-08-11 00:16:00,REFUNDED
1392,4,20,2822.80,2026-08-29 14:09:00,PENDING
1393,2,20,1551.50,2026-08-12 09:12:00,PENDING
1394,1,1,3354.60,2026-08-15 18:10:00,SUCCESS
1395,7,18,1093.00,2026-08-07 03:10:00,FAILED
1396,10,9,1917.20,2026-08-17 09:13:00,PENDING
1397,9,6,1276.20,2026-08-14 00:19:00,REFUNDED
1398,2,2,2731.20,2026-08-08 06:45:00,FAILED
1399,4,13,4224.80,2026-08-10 21:53:00,SUCCESS
1400,1,2,403.60,2026-08-25 19:48:00,PENDING
1401,6,5,1237.50,2026-08-14 02:44:00,FAILED
1402,2,13,4571.80,2026-08-04 03:00:00,PENDING
1403,1,10,3521.90,2026-08-01 12:47:00,REFUNDED
1404,8,8,1502.40,2026-08-06 20:09:00,SUCCESS
1405,2,9,2463.00,2026-08-12 13:45:00,REFUNDED
1406,6,4,3440.50,2026-08-15 03:45:00,PENDING
1407,5,20,1818.40,2026-08-06 19:56:00,FAILED
1408,2,10,80.70,2026-08-28 00:17:00,REFUNDED
1409,9,4,1830.00,2026-08-08 13:19:00,FAILED
1410,4,18,1746.40,2026-08-06 02:55:00,SUCCESS
1411,3,18,1900.10,2026-08-08 22:16:00,PENDING
1412,4,1,2205.20,2026-08-07 14:32:00,FAILED
1413,1,16,2875.70,2026-08-11 16:49:00,REFUNDED
1414,6,1,1592.50,2026-08-26 21:12:00,PENDING
1415,1,1,5000,INVALID_DATE_TIME,SUCCESS
1416,5,7,2135.30,2026-08-28 20:55:00,SUCCESS
1417,8,20,2456.50,2026-08-26 10:07:00,FAILED
1418,4,10,4301.80,2026-08-06 23:38:00,SUCCESS
1419,3,9,1709.50,2026-08-24 05:35:00,SUCCESS
1420,8,14,3054.80,2026-08-04 22:04:00,PENDING
1421,5,7,4419.00,2026-08-29 15:15:00,SUCCESS
1422,4,17,4331.40,2026-08-09 04:06:00,PENDING
1423,3,2,2402.00,2026-08-04 07:45:00,PENDING
1424,3,16,735.80,2026-08-23 01:01:00,PENDING
1425,9,12,2211.40,2026-08-16 21:01:00,PENDING
1426,2,3,2343.20,2026-08-26 22:54:00,REFUNDED
1427,8,14,4057.20,2026-08-20 00:08:00,REFUNDED
1428,10,7,3116.80,2026-08-16 04:12:00,SUCCESS
1429,9,11,2968.40,2026-08-04 07:30:00,REFUNDED
1430,4,9,3982.60,2026-08-13 15:14:00,PENDING
1431,5,12,668.60,2026-08-29 19:46:00,SUCCESS
1432,1,3,1904.20,2026-08-14 16:38:00,REFUNDED
1433,3,7,2371.30,2026-08-19 22:10:00,PENDING
1434,5,5,2467.70,2026-08-19 20:48:00,REFUNDED
1435,4,20,3642.30,2026-08-12 21:11:00,PENDING
1436,4,18,970.40,2026-08-08 01:10:00,SUCCESS
1437,7,4,3663.60,2026-08-20 23:00:00,FAILED
1438,5,2,1587.10,2026-08-15 06:54:00,SUCCESS
1439,2,13,3175.30,2026-08-24 08:16:00,FAILED
1440,9,4,874.80,2026-08-01 10:07:00,PENDING
1441,2,14,729.20,2026-08-01 08:31:00,PENDING
1442,7,4,2642.20,2026-08-13 23:56:00,PENDING
1443,8,20,4990.90,2026-08-15 23:22:00,SUCCESS
1444,2,16,4917.20,2026-08-20 08:04:00,REFUNDED
1445,6,10,1919.30,2026-08-08 10:33:00,SUCCESS
1446,10,3,3932.40,2026-08-07 04:06:00,PENDING
1447,10,3,1147.00,2026-08-03 08:41:00,FAILED
1448,5,8,582.30,2026-08-03 18:01:00,SUCCESS
1449,2,6,4632.80,2026-08-19 16:00:00,SUCCESS
1450,7,12,3453.20,2026-08-17 01:09:00,PENDING
1451,4,12,4000.20,2026-08-22 15:55:00,SUCCESS
1452,4,11,1915.70,2026-08-16 03:06:00,PENDING
1453,10,2,1072.90,2026-08-23 20:26:00,SUCCESS
1454,3,1,1944.20,2026-08-27 14:16:00,PENDING
1455,5,14,3105.00,2026-08-02 03:26:00,SUCCESS
1456,8,1,153.60,2026-08-06 20:55:00,REFUNDED
1457,6,8,1313.20,2026-08-30 11:34:00,SUCCESS
1458,9,12,4885.60,2026-08-24 14:53:00,FAILED
1459,9,6,3773.10,2026-08-10 13:41:00,PENDING
1460,6,13,4992.80,2026-08-01 08:21:00,FAILED
1461,6,19,2349.40,2026-08-29 05:48:00,PENDING
1462,1,8,4669.20,2026-08-08 00:12:00,FAILED
1463,3,9,1691.00,2026-08-25 09:43:00,REFUNDED
1464,2,4,2610.00,2026-08-13 00:07:00,PENDING
1465,1,17,3779.60,2026-08-15 16:09:00,FAILED
1466,8,9,1758.40,2026-08-17 09:10:00,SUCCESS
1467,8,20,2332.20,2026-08-30 08:49:00,PENDING
1468,1,17,3960.80,2026-08-02 21:42:00,REFUNDED
1469,4,2,194.20,2026-08-28 19:08:00,REFUNDED
1470,10,17,4772.50,2026-08-27 14:26:00,PENDING
1471,3,14,1022.60,2026-08-16 20:38:00,FAILED
1472,1,14,4891.10,2026-08-22 20:51:00,REFUNDED
1473,9,4,444.30,2026-08-10 03:24:00,FAILED
1474,5,14,2612.20,2026-08-04 03:53:00,SUCCESS
1475,4,6,2718.40,2026-08-18 10:15:00,FAILED
1476,8,5,1809.20,2026-08-26 10:51:00,SUCCESS
1477,9,7,3220.60,2026-08-07 07:49:00,SUCCESS
1478,4,8,2857.20,2026-08-29 06:12:00,FAILED
1479,6,20,297.20,2026-08-18 16:50:00,REFUNDED
1480,4,17,3927.90,2026-08-08 04:30:00,PENDING
1481,2,14,3527.20,2026-08-05 08:22:00,PENDING
1482,5,12,3835.50,2026-08-11 10:24:00,FAILED
1483,4,1,4026.80,2026-08-30 09:44:00,FAILED
1484,7,1,2015.30,2026-08-24 02:21:00,SUCCESS
1485,1,11,965.90,2026-08-15 13:28:00,SUCCESS
1486,6,13,4322.70,2026-08-29 07:19:00,PENDING
1487,1,18,4197.00,2026-08-19 09:53:00,PENDING
1488,4,9,1839.50,2026-08-08 21:20:00,PENDING
1489,5,20,3442.40,2026-08-27 18:40:00,REFUNDED
1490,2,10,5002.50,2026-08-05 23:31:00,SUCCESS
1491,8,11,3175.50,2026-08-12 07:45:00,SUCCESS
1492,4,5,674.40,2026-08-11 00:37:00,SUCCESS
1493,7,10,1747.90,2026-08-02 07:13:00,FAILED
1494,1,17,2725.90,2026-08-23 06:10:00,PENDING
1495,2,4,2853.10,2026-08-08 07:15:00,FAILED
1496,3,8,4339.90,2026-08-28 11:44:00,REFUNDED
1497,3,7,864.40,2026-08-05 22:08:00,PENDING
1498,5,11,1041.40,2026-08-20 19:19:00,REFUNDED
1499,5,16,4556.90,2026-08-08 09:20:00,PENDING
1500,10,19,2670.30,2026-08-18 11:16:00,REFUNDED
1501,10,2,3253.40,2026-08-13 05:35:00,SUCCESS
1502,8,5,1200.10,2026-08-21 20:25:00,FAILED
1503,2,1,2597.80,2026-08-06 13:23:00,FAILED
1504,8,18,382.00,2026-08-29 18:45:00,PENDING
1505,1,9,2938.50,2026-08-17 22:09:00,SUCCESS
1506,10,11,4716.40,2026-08-13 13:28:00,SUCCESS
1507,10,8,2073.70,2026-08-20 02:23:00,FAILED
1508,6,16,4147.70,2026-08-12 02:59:00,REFUNDED
1509,3,16,2259.90,2026-08-14 23:35:00,FAILED
1510,7,13,1370.30,2026-08-29 01:10:00,FAILED
1511,4,12,4114.20,2026-08-19 16:23:00,FAILED
1512,9,1,2389.00,2026-08-15 06:34:00,PENDING
1513,8,20,1227.70,2026-08-06 21:42:00,PENDING
1514,1,1,5000,INVALID_DATE_TIME,SUCCESS
1515,8,15,1253.80,2026-08-10 03:23:00,SUCCESS
1516,6,5,4198.80,2026-08-27 15:00:00,FAILED
1517,1,20,2100.20,2026-08-30 21:32:00,FAILED
1518,1,4,3718.10,2026-08-28 01:07:00,SUCCESS
1519,9,17,4642.20,2026-08-28 21:17:00,FAILED
1520,4,15,969.20,2026-08-09 23:03:00,REFUNDED
1521,6,9,439.20,2026-08-31 04:20:00,PENDING
1522,3,6,3388.00,2026-08-27 03:01:00,REFUNDED
1523,2,9,1391.30,2026-08-21 00:11:00,PENDING
1524,8,11,4428.50,2026-08-06 09:49:00,PENDING
1525,6,16,4203.60,2026-08-14 06:58:00,FAILED
1526,1,3,105.70,2026-08-11 07:16:00,FAILED
1527,2,18,2948.60,2026-08-25 00:49:00,PENDING
1528,6,8,1074.50,2026-08-22 09:10:00,SUCCESS
1529,1,16,1492.90,2026-08-22 21:27:00,PENDING
1530,6,17,2475.20,2026-08-27 06:54:00,REFUNDED
1531,2,6,3940.00,2026-08-25 16:59:00,REFUNDED
1532,10,5,3939.80,2026-08-10 12:09:00,SUCCESS
1533,8,10,4070.40,2026-08-11 01:39:00,SUCCESS
1534,3,6,3098.70,2026-08-07 22:18:00,PENDING
1535,9,19,3663.00,2026-08-19 21:33:00,SUCCESS
1536,7,9,3916.90,2026-08-12 03:49:00,SUCCESS
1537,4,14,1963.40,2026-08-19 16:45:00,PENDING
1538,5,20,3727.40,2026-08-20 02:40:00,PENDING
1539,7,13,3736.20,2026-08-17 05:46:00,FAILED
1540,1,5,4944.30,2026-08-29 11:11:00,PENDING
1541,5,6,2939.20,2026-08-29 17:57:00,FAILED
1542,9,11,2754.70,2026-08-24 00:05:00,REFUNDED
1543,4,18,1678.90,2026-08-15 10:18:00,PENDING
1544,2,18,4591.80,2026-08-30 10:52:00,FAILED
1545,9,7,1659.70,2026-08-11 18:25:00,SUCCESS
1546,4,3,2718.30,2026-08-29 12:15:00,REFUNDED
1547,6,5,3289.40,2026-08-04 15:55:00,SUCCESS
1548,2,2,1673.10,2026-08-05 23:03:00,REFUNDED
1549,1,3,3344.20,2026-08-28 13:16:00,REFUNDED
1550,7,2,1921.80,2026-08-10 00:08:00,REFUNDED
1551,9,12,4330.00,2026-08-29 23:53:00,REFUNDED
1552,9,15,1089.90,2026-08-18 22:17:00,PENDING
1553,7,12,4056.30,2026-08-10 20:33:00,PENDING
1554,10,5,2730.10,2026-08-22 02:55:00,PENDING
1555,6,4,566.20,2026-08-15 20:20:00,PENDING
1556,6,20,450.90,2026-08-12 12:29:00,SUCCESS
1557,3,4,3917.80,2026-08-13 11:42:00,PENDING
1558,1,17,1032.80,2026-08-04 18:06:00,REFUNDED
1559,6,20,575.40,2026-08-26 20:02:00,SUCCESS
1560,6,11,4224.90,2026-08-05 17:16:00,PENDING
1561,2,8,753.80,2026-08-04 05:56:00,PENDING
1562,5,7,452.80,2026-08-05 07:56:00,FAILED
1563,4,18,4851.40,2026-08-05 17:08:00,REFUNDED
1564,7,6,3647.40,2026-08-06 12:58:00,SUCCESS
1565,7,2,1226.10,2026-08-25 08:45:00,FAILED
1566,8,1,3314.40,2026-08-15 11:49:00,FAILED
1567,10,3,4725.50,2026-08-02 23:22:00,SUCCESS
1568,2,13,4429.40,2026-08-22 03:37:00,REFUNDED
1569,4,4,4074.70,2026-08-13 21:15:00,SUCCESS
1570,6,6,4824.10,2026-08-04 22:14:00,SUCCESS
1571,2,1,768.20,2026-08-30 04:00:00,SUCCESS
1572,6,16,4557.90,2026-08-21 05:02:00,REFUNDED
1573,4,20,1592.20,2026-08-19 08:51:00,REFUNDED
1574,7,16,1987.20,2026-08-25 01:46:00,SUCCESS
1575,4,14,1532.50,2026-08-13 02:50:00,PENDING
1576,8,2,508.50,2026-08-24 04:46:00,PENDING
1577,6,4,3220.40,2026-08-11 08:25:00,FAILED
1578,6,13,2955.00,2026-08-07 02:16:00,SUCCESS
1579,8,4,4869.90,2026-08-22 12:03:00,FAILED
1580,8,6,534.20,2026-08-06 19:44:00,REFUNDED
1581,5,9,2377.40,2026-08-14 23:57:00,PENDING
1582,6,13,3365.20,2026-08-17 06:37:00,FAILED
1583,9,18,1475.90,2026-08-20 03:36:00,PENDING
1584,2,5,3722.40,2026-08-21 07:00:00,PENDING
1585,7,20,5003.30,2026-08-26 10:00:00,PENDING
1586,3,4,4589.20,2026-08-22 21:39:00,SUCCESS
1587,8,10,4338.30,2026-08-26 07:23:00,PENDING
1588,8,15,2589.70,2026-08-04 03:57:00,PENDING
1589,7,5,3994.80,2026-08-23 01:37:00,PENDING
1590,2,6,2867.90,2026-08-05 23:46:00,PENDING
1591,6,6,3151.20,2026-08-26 16:51:00,SUCCESS
1592,5,10,2450.60,2026-08-07 10:22:00,SUCCESS
1593,7,13,3176.80,2026-08-01 21:33:00,FAILED
1594,8,20,4746.20,2026-08-28 17:20:00,PENDING
1595,9,7,4686.20,2026-08-14 05:50:00,FAILED
1596,8,16,4356.10,2026-08-14 18:05:00,FAILED
1597,7,19,3241.80,2026-08-28 20:04:00,FAILED
1598,6,17,3807.10,2026-08-02 05:02:00,FAILED
1599,2,2,3008.40,2026-08-24 04:29:00,PENDING
1600,8,1,3250.40,2026-08-12 19:06:00,PENDING
1601,8,7,1480.70,2026-08-15 11:55:00,REFUNDED
1602,8,13,3402.50,2026-08-27 18:30:00,REFUNDED
1603,4,1,3658.50,2026-08-18 04:14:00,REFUNDED
1604,1,9,2782.50,2026-08-21 18:40:00,PENDING
1605,3,7,2385.30,2026-08-28 15:37:00,SUCCESS
1606,4,7,1727.30,2026-08-19 17:39:00,REFUNDED
1607,6,8,4814.30,2026-08-08 00:21:00,PENDING
1608,8,12,3208.70,2026-08-18 21:55:00,SUCCESS
1609,6,5,3211.70,2026-08-22 08:37:00,FAILED
1610,4,7,1493.70,2026-08-21 06:01:00,REFUNDED
1611,1,19,3565.30,2026-08-26 22:09:00,PENDING
1612,1,1,NOT_A_NUMBER,2026-08-01 12:00:00,SUCCESS
1613,4,16,1825.10,2026-08-18 05:48:00,FAILED
1614,4,12,3046.20,2026-08-29 07:54:00,FAILED
1615,9,9,4980.90,2026-08-28 19:55:00,FAILED
1616,9,7,258.80,2026-08-23 00:35:00,REFUNDED
1617,7,2,2287.60,2026-08-23 17:58:00,PENDING
1618,6,15,1918.80,2026-08-24 15:58:00,PENDING
1619,3,7,3971.10,2026-08-26 19:04:00,PENDING
1620,4,18,4399.40,2026-08-28 15:57:00,SUCCESS
1621,8,7,1175.10,2026-08-24 01:28:00,SUCCESS
1622,4,12,4608.50,2026-08-15 04:05:00,REFUNDED
1623,5,19,3647.60,2026-08-03 22:49:00,REFUNDED
1624,4,7,1254.50,2026-08-06 17:06:00,REFUNDED
1625,1,1,5000,2026-08-01 12:00:00,UNKNOWN_STATUS
1626,7,1,102.10,2026-08-30 05:51:00,PENDING
1627,6,12,1348.20,2026-08-13 07:27:00,SUCCESS
1628,9,5,3056.30,2026-08-30 03:38:00,SUCCESS
1629,10,16,1071.00,2026-08-03 08:04:00,REFUNDED
1630,8,2,4101.20,2026-08-02 01:59:00,SUCCESS
1631,8,1,3240.10,2026-08-11 23:32:00,PENDING
1632,9,16,196.20,2026-08-12 21:41:00,REFUNDED
1633,8,12,2607.00,2026-08-29 07:29:00,FAILED
1634,10,3,3595.20,2026-08-06 15:20:00,SUCCESS
1635,5,18,4545.60,2026-08-21 11:52:00,PENDING
1636,5,6,2536.70,2026-08-27 11:00:00,REFUNDED
1637,5,2,3823.50,2026-08-06 12:39:00,SUCCESS
1638,1,9,1894.20,2026-08-28 08:23:00,FAILED
1639,9,7,4976.40,2026-08-01 08:20:00,PENDING
1640,9,6,2979.00,2026-08-12 20:05:00,FAILED
1641,3,12,3131.90,2026-08-10 04:43:00,FAILED
1642,6,14,2515.90,2026-08-16 17:52:00,REFUNDED
1643,9,19,2243.60,2026-08-23 08:00:00,FAILED
1644,9,9,3249.90,2026-08-19 19:09:00,SUCCESS
1645,4,20,1407.90,2026-08-18 10:26:00,SUCCESS
1646,1,19,1002.50,2026-08-01 16:25:00,PENDING
1647,5,16,1150.50,2026-08-19 04:42:00,PENDING
1648,3,8,4182.60,2026-08-15 07:31:00,SUCCESS
1649,8,9,2833.30,2026-08-14 09:04:00,FAILED
1650,6,2,4135.00,2026-08-06 10:36:00,FAILED
1651,5,1,2774.40,2026-08-23 18:21:00,SUCCESS
1652,3,13,2035.70,2026-08-04 02:09:00,SUCCESS
1653,7,9,3373.70,2026-08-07 13:32:00,SUCCESS
1654,1,11,2365.20,2026-08-07 18:11:00,SUCCESS
1655,9,17,1153.00,2026-08-22 11:51:00,SUCCESS
1656,10,15,1215.30,2026-08-29 11:26:00,REFUNDED
1657,3,4,1714.70,2026-08-09 04:55:00,SUCCESS
1658,1,11,709.60,2026-08-15 23:23:00,SUCCESS
1659,10,3,1995.50,2026-08-07 09:54:00,SUCCESS
1660,7,20,2230.10,2026-08-12 13:45:00,REFUNDED
1661,3,16,654.00,2026-08-15 10:07:00,FAILED
1662,5,18,3385.70,2026-08-01 22:35:00,PENDING
1663,9,13,1520.90,2026-08-10 02:17:00,FAILED
1664,4,18,3112.00,2026-08-10 10:05:00,PENDING
1665,6,20,835.60,2026-08-11 11:14:00,PENDING
1666,1,11,2791.10,2026-08-12 11:01:00,FAILED
1667,4,7,3936.30,2026-08-17 06:29:00,PENDING
1668,5,15,756.90,2026-08-21 15:44:00,PENDING
1669,1,1,3511.30,2026-08-30 05:45:00,REFUNDED
1670,8,2,3326.40,2026-08-20 04:19:00,FAILED
1671,4,20,3871.30,2026-08-28 22:49:00,REFUNDED
1672,9,6,1468.10,2026-08-20 02:53:00,SUCCESS
1673,3,6,1300.10,2026-08-14 01:01:00,PENDING
1674,10,9,2298.50,2026-08-25 18:06:00,REFUNDED
1675,10,12,4997.70,2026-08-13 14:22:00,PENDING
1676,1,1,3335.70,2026-08-25 13:15:00,REFUNDED
1677,9,11,2075.60,2026-08-23 02:21:00,SUCCESS
1678,2,9,1593.80,2026-08-26 09:57:00,PENDING
1679,7,17,1494.60,2026-08-27 02:46:00,FAILED
1680,9,4,4409.20,2026-08-20 06:49:00,PENDING
1681,9,6,1036.60,2026-08-03 07:41:00,PENDING
1682,6,14,4392.30,2026-08-23 03:14:00,FAILED
1683,5,17,4883.20,2026-08-05 16:55:00,SUCCESS
1684,4,13,1625.90,2026-08-23 09:23:00,FAILED
1685,10,9,1019.80,2026-08-04 04:28:00,REFUNDED
1686,4,9,5029.50,2026-08-12 03:44:00,SUCCESS
1687,6,13,4355.00,2026-08-26 14:44:00,SUCCESS
1688,6,9,2405.60,2026-08-19 03:30:00,FAILED
1689,1,19,3719.40,2026-08-03 20:36:00,FAILED
1690,3,7,1060.90,2026-08-14 07:51:00,PENDING
1691,6,19,2064.50,2026-08-04 20:48:00,REFUNDED
1692,5,16,1880.90,2026-08-23 07:05:00,PENDING
1693,10,15,4541.00,2026-08-06 02:57:00,PENDING
1694,3,18,2834.90,2026-08-24 20:04:00,PENDING
1695,9,12,2458.20,2026-08-31 01:14:00,FAILED
1696,2,10,4116.80,2026-08-23 22:23:00,SUCCESS
1697,3,18,4385.40,2026-08-05 23:12:00,REFUNDED
1698,3,3,2056.20,2026-08-02 17:36:00,REFUNDED
1699,1,7,2731.00,2026-08-07 21:09:00,PENDING
1700,7,15,4262.10,2026-08-22 15:46:00,PENDING
1701,7,11,102.60,2026-08-14 22:40:00,SUCCESS
1702,6,1,454.30,2026-08-05 07:19:00,REFUNDED
1703,3,15,2750.60,2026-08-30 11:18:00,PENDING
1704,10,1,1197.30,2026-08-19 09:59:00,REFUNDED
1705,5,4,4763.40,2026-08-17 16:00:00,REFUNDED
1706,10,7,1795.50,2026-08-29 04:02:00,SUCCESS
1707,8,17,4139.90,2026-08-04 17:58:00,REFUNDED
1708,4,10,2560.80,2026-08-14 05:51:00,FAILED
1709,9,11,710.80,2026-08-25 04:50:00,SUCCESS
1710,8,11,1540.00,2026-08-21 19:54:00,FAILED
1711,3,7,3295.60,2026-08-08 14:26:00,FAILED
1712,10,9,648.60,2026-08-05 06:56:00,SUCCESS
1713,2,10,3275.70,2026-08-16 21:17:00,PENDING
1714,6,16,2591.20,2026-08-28 21:04:00,FAILED
1715,4,15,1244.00,2026-08-20 08:03:00,SUCCESS
1716,4,6,1514.00,2026-08-23 03:25:00,PENDING
1717,1,6,3641.50,2026-08-12 13:25:00,REFUNDED
1718,1,10,3961.10,2026-08-13 10:13:00,REFUNDED
1719,4,14,1757.60,2026-08-09 13:08:00,PENDING
1720,4,12,769.20,2026-08-16 09:29:00,FAILED
1721,1,18,1349.90,2026-08-29 10:08:00,FAILED
1722,3,3,1308.20,2026-08-24 03:47:00,REFUNDED
1723,8,4,3906.80,2026-08-08 01:39:00,REFUNDED
1724,1,100.00
1725,6,12,2091.70,2026-08-31 05:52:00,SUCCESS
1726,8,2,3683.70,2026-08-06 06:46:00,SUCCESS
1727,6,1,2211.00,2026-08-08 17:02:00,SUCCESS
1728,8,17,2153.70,2026-08-18 09:17:00,PENDING
1729,2,19,3328.30,2026-08-30 21:16:00,PENDING
1730,2,17,1332.30,2026-08-18 01:59:00,FAILED
1731,6,13,1620.40,2026-08-27 06:46:00,PENDING
1732,4,18,1802.70,2026-08-25 14:36:00,PENDING
1733,9,17,137.70,2026-08-20 18:24:00,SUCCESS
1734,1,20,2441.00,2026-08-04 09:43:00,REFUNDED
1735,3,4,878.70,2026-08-02 04:36:00,SUCCESS
1736,8,17,1866.60,2026-08-24 01:49:00,REFUNDED
1737,8,13,3277.10,2026-08-29 06:58:00,SUCCESS
1738,2,2,3614.80,2026-08-25 01:41:00,FAILED
1739,9,17,1067.40,2026-08-18 06:55:00,SUCCESS
1740,2,6,3842.00,2026-08-16 16:36:00,FAILED
1741,8,4,3294.40,2026-08-30 19:39:00,FAILED
1742,7,5,830.60,2026-08-25 08:54:00,FAILED
1743,3,15,3519.30,2026-08-11 00:17:00,PENDING
1744,8,12,4202.70,2026-08-07 08:57:00,PENDING
1745,8,19,4525.90,2026-08-23 07:20:00,FAILED
1746,3,16,225.50,2026-08-08 20:06:00,FAILED
1747,2,6,4824.90,2026-08-19 03:51:00,FAILED
1748,8,13,4830.60,2026-08-10 13:01:00,REFUNDED
1749,2,1,684.80,2026-08-08 00:03:00,FAILED
1750,6,19,979.10,2026-08-13 14:54:00,FAILED
1751,2,10,710.80,2026-08-23 06:48:00,FAILED
1752,9,3,106.20,2026-08-25 06:06:00,SUCCESS
1753,1,13,633.80,2026-08-30 13:31:00,REFUNDED
1754,6,4,3635.90,2026-08-07 20:09:00,FAILED
1755,5,7,4717.40,2026-08-14 18:01:00,REFUNDED
1756,7,12,2939.40,2026-08-12 01:17:00,PENDING
1757,3,13,363.00,2026-08-02 10:24:00,PENDING
1758,6,14,1636.70,2026-08-16 07:53:00,SUCCESS
1759,5,11,1300.40,2026-08-05 05:50:00,SUCCESS
1760,4,3,2963.10,2026-08-13 03:37:00,FAILED
1761,3,9,5048.90,2026-08-20 10:56:00,SUCCESS
1762,1,5,3403.00,2026-08-01 23:12:00,REFUNDED
1763,10,11,3578.50,2026-08-05 22:42:00,FAILED
1764,1,18,4814.50,2026-08-01 17:09:00,REFUNDED
1765,3,5,1826.30,2026-08-22 11:15:00,REFUNDED
1766,1,14,1580.90,2026-08-10 16:49:00,REFUNDED
1767,1,18,3202.40,2026-08-28 11:40:00,SUCCESS
1768,5,17,1158.40,2026-08-06 03:16:00,REFUNDED
1769,2,12,1089.30,2026-08-17 10:49:00,PENDING
1770,9,11,1814.60,2026-08-03 00:03:00,REFUNDED
1771,5,11,2874.00,2026-08-12 23:20:00,PENDING
1772,1,6,609.80,2026-08-24 14:56:00,FAILED
1773,4,10,2266.90,2026-08-20 05:03:00,PENDING
1774,4,20,4009.50,2026-08-21 18:42:00,FAILED
1775,1,1,NOT_A_NUMBER,2026-08-01 12:00:00,SUCCESS
1776,9,20,4629.40,2026-08-29 20:03:00,SUCCESS
1777,9,19,1878.60,2026-08-06 14:04:00,FAILED
1778,8,9,2691.20,2026-08-21 10:10:00,SUCCESS
1779,3,17,1748.20,2026-08-19 01:48:00,FAILED
1780,6,14,2281.90,2026-08-10 10:14:00,SUCCESS
1781,10,11,602.30,2026-08-15 02:55:00,PENDING
1782,7,4,4036.50,2026-08-26 16:56:00,PENDING
1783,1,20,51.90,2026-08-26 13:52:00,SUCCESS
1784,4,5,2018.80,2026-08-29 11:03:00,REFUNDED
1785,5,6,2994.60,2026-08-03 11:50:00,REFUNDED
1786,5,1,4207.40,2026-08-21 08:53:00,PENDING
1787,2,9,1400.30,2026-08-25 07:25:00,REFUNDED
1788,4,13,1741.50,2026-08-23 22:52:00,REFUNDED
1789,2,12,1526.20,2026-08-09 05:08:00,FAILED
1790,2,15,2821.70,2026-08-28 16:33:00,FAILED
1791,8,13,2311.90,2026-08-21 05:32:00,FAILED
1792,8,11,3499.00,2026-08-04 21:08:00,SUCCESS
1793,3,8,4584.60,2026-08-13 06:44:00,PENDING
1794,10,13,1633.80,2026-08-30 04:40:00,PENDING
1795,6,6,1683.70,2026-08-27 23:38:00,FAILED
1796,1,2,3590.10,2026-08-18 11:46:00,REFUNDED
1797,10,12,4450.00,2026-08-12 06:07:00,SUCCESS
1798,2,15,4821.30,2026-08-09 13:16:00,SUCCESS
1799,7,4,3478.30,2026-08-02 09:32:00,PENDING
1800,10,8,2709.50,2026-08-22 03:31:00,REFUNDED
1801,6,3,1505.70,2026-08-25 06:36:00,REFUNDED
1802,9,1,2973.50,2026-08-15 20:22:00,SUCCESS
1803,1,18,3794.60,2026-08-18 06:56:00,REFUNDED
1804,8,5,1884.30,2026-08-24 17:42:00,FAILED
1805,7,20,2133.40,2026-08-05 10:19:00,SUCCESS
1806,7,3,3641.70,2026-08-04 12:50:00,PENDING
1807,2,10,4632.10,2026-08-01 14:05:00,SUCCESS
1808,6,2,1893.00,2026-08-21 20:02:00,REFUNDED
1809,5,19,908.80,2026-08-05 15:32:00,REFUNDED
1810,2,4,4829.90,2026-08-03 16:50:00,REFUNDED
1811,10,15,895.00,2026-08-21 15:11:00,PENDING
1812,5,8,1776.90,2026-08-15 18:56:00,SUCCESS
1813,4,3,2244.40,2026-08-06 17:46:00,REFUNDED
1814,4,19,3173.60,2026-08-07 06:15:00,PENDING
1815,8,17,4312.40,2026-08-24 22:16:00,REFUNDED
1816,10,15,1303.20,2026-08-16 09:52:00,FAILED
1817,3,8,1452.90,2026-08-05 19:53:00,REFUNDED
1818,4,17,391.50,2026-08-02 09:41:00,FAILED
1819,2,11,1268.30,2026-08-18 16:40:00,SUCCESS
1820,4,11,326.10,2026-08-07 00:15:00,REFUNDED
1821,2,2,4867.10,2026-08-22 15:32:00,PENDING
1822,4,10,2531.70,2026-08-25 02:31:00,FAILED
1823,6,1,345.50,2026-08-03 02:37:00,FAILED
1824,1,3,2303.60,2026-08-07 20:07:00,REFUNDED
1825,8,14,1974.60,2026-08-17 21:25:00,SUCCESS
1826,7,12,4617.20,2026-08-18 14:38:00,PENDING
1827,10,11,4869.10,2026-08-27 10:43:00,FAILED
1828,1,3,2296.20,2026-08-20 20:28:00,FAILED
1829,3,20,686.10,2026-08-07 01:29:00,SUCCESS
1830,3,5,1683.10,2026-08-09 20:34:00,REFUNDED
1831,10,16,1990.50,2026-08-20 05:21:00,REFUNDED
1832,3,5,2940.20,2026-08-22 08:42:00,SUCCESS
1833,8,17,2234.40,2026-08-01 09:10:00,REFUNDED
1834,1,3,144.20,2026-08-30 10:07:00,FAILED
1835,6,20,3802.00,2026-08-17 00:05:00,PENDING
1836,3,9,3183.20,2026-08-30 08:57:00,SUCCESS
1837,8,19,578.10,2026-08-20 06:18:00,FAILED
1838,6,12,4527.30,2026-08-06 01:22:00,PENDING
1839,7,13,1582.20,2026-08-29 08:01:00,SUCCESS
1840,3,18,4715.00,2026-08-09 03:43:00,REFUNDED
1841,5,18,4045.20,2026-08-01 16:07:00,PENDING
1842,4,17,4802.30,2026-08-11 21:10:00,REFUNDED
1843,3,9,2162.70,2026-08-22 16:00:00,REFUNDED
1844,2,16,3190.40,2026-08-28 15:27:00,PENDING
1845,9,4,1910.00,2026-08-10 06:37:00,SUCCESS
1846,6,20,1797.80,2026-08-06 06:38:00,PENDING
1847,6,20,4142.30,2026-08-19 09:09:00,PENDING
1848,10,9,4837.20,2026-08-26 22:43:00,SUCCESS
1849,5,9,2283.40,2026-08-19 19:03:00,PENDING
1850,6,1,440.00,2026-08-13 19:45:00,REFUNDED
1851,10,18,3746.70,2026-08-22 06:32:00,SUCCESS
1852,1,14,422.60,2026-08-08 20:27:00,SUCCESS
1853,8,2,4781.50,2026-08-12 05:47:00,PENDING
1854,7,14,826.50,2026-08-03 15:13:00,REFUNDED
1855,1,1,NOT_A_NUMBER,2026-08-01 12:00:00,SUCCESS
1856,10,7,3838.20,2026-08-13 12:15:00,PENDING
1857,5,5,722.30,2026-08-20 06:05:00,FAILED
1858,8,5,1266.80,2026-08-02 02:56:00,SUCCESS
1859,9,18,4840.50,2026-08-20 22:17:00,FAILED
1860,6,9,2417.50,2026-08-05 08:44:00,SUCCESS
1861,3,4,560.30,2026-08-23 23:29:00,REFUNDED
1862,4,15,736.20,2026-08-27 15:17:00,FAILED
1863,4,12,4044.80,2026-08-24 08:11:00,PENDING
1864,3,4,3692.10,2026-08-06 19:05:00,FAILED
1865,3,16,3258.00,2026-08-07 06:33:00,REFUNDED
1866,9,13,3300.20,2026-08-28 21:22:00,PENDING
1867,6,7,4972.70,2026-08-09 03:55:00,PENDING
1868,9,12,1051.20,2026-08-11 17:28:00,PENDING
1869,1,6,4091.00,2026-08-23 05:36:00,REFUNDED
1870,7,4,3818.70,2026-08-18 02:40:00,REFUNDED
1871,5,12,1894.40,2026-08-04 08:17:00,PENDING
1872,2,20,1305.50,2026-08-29 20:01:00,SUCCESS
1873,2,3,3013.00,2026-08-16 21:56:00,PENDING
1874,6,16,2888.20,2026-08-22 04:34:00,PENDING
1875,5,20,1782.50,2026-08-12 22:26:00,REFUNDED
1876,1,3,2817.30,2026-08-21 17:54:00,FAILED
1877,3,17,719.30,2026-08-26 18:59:00,SUCCESS
1878,10,18,3855.90,2026-08-03 06:35:00,FAILED
1879,8,16,3535.20,2026-08-28 04:55:00,PENDING
1880,1,15,4712.40,2026-08-20 13:10:00,FAILED
1881,9,1,1920.70,2026-08-25 19:19:00,FAILED
1882,3,5,2055.50,2026-08-16 14:08:00,REFUNDED
1883,5,12,3938.60,2026-08-16 23:47:00,PENDING
1884,4,3,523.90,2026-08-04 19:58:00,FAILED
1885,6,9,4198.40,2026-08-04 00:59:00,SUCCESS
1886,7,3,1434.10,2026-08-21 18:38:00,PENDING
1887,4,14,3558.80,2026-08-14 21:04:00,REFUNDED
1888,3,18,2069.00,2026-08-10 01:24:00,SUCCESS
1889,2,19,2705.40,2026-08-02 10:47:00,FAILED
1890,5,9,3491.90,2026-08-03 00:19:00,PENDING
1891,1,2,4696.40,2026-08-22 18:42:00,PENDING
1892,10,5,2092.40,2026-08-01 10:57:00,REFUNDED
1893,10,8,4586.30,2026-08-23 08:33:00,FAILED
1894,1,13,796.90,2026-08-18 05:57:00,REFUNDED
1895,8,1,4411.30,2026-08-30 05:15:00,REFUNDED
1896,7,6,3911.30,2026-08-22 17:58:00,REFUNDED
1897,2,17,4303.50,2026-08-20 12:18:00,PENDING
1898,7,2,1497.90,2026-08-21 01:10:00,FAILED
1899,5,8,3370.10,2026-08-08 09:07:00,SUCCESS
1900,6,11,1337.00,2026-08-20 16:14:00,FAILED
1901,6,2,1640.10,2026-08-09 10:51:00,PENDING
1902,3,2,472.10,2026-08-30 13:28:00,PENDING
1903,9,8,1418.80,2026-08-04 21:57:00,FAILED
1904,9,16,1022.90,2026-08-14 10:02:00,REFUNDED
1905,7,18,4775.80,2026-08-18 01:05:00,REFUNDED
1906,1,5,1187.90,2026-08-05 21:29:00,REFUNDED
1907,9,15,2683.50,2026-08-05 10:01:00,PENDING
1908,3,5,1189.20,2026-08-17 07:23:00,REFUNDED
1909,3,16,2515.40,2026-08-25 13:23:00,PENDING
1910,10,1,1753.90,2026-08-14 06:11:00,FAILED
1911,2,4,3777.80,2026-08-03 13:07:00,FAILED
1912,8,5,3971.90,2026-08-28 18:14:00,FAILED
1913,10,8,980.30,2026-08-22 00:36:00,REFUNDED
1914,8,8,2985.90,2026-08-08 07:33:00,PENDING
1915,1,12,2327.60,2026-08-18 16:15:00,REFUNDED
1916,2,13,4664.20,2026-08-05 22:43:00,SUCCESS
1917,7,2,971.90,2026-08-06 14:20:00,FAILED
1918,8,14,2365.20,2026-08-20 17:14:00,FAILED
1919,4,16,1939.10,2026-08-27 00:43:00,SUCCESS
1920,4,2,410.20,2026-08-15 12:48:00,REFUNDED
1921,8,3,4085.30,2026-08-19 02:43:00,SUCCESS
1922,7,8,3719.40,2026-08-24 12:54:00,FAILED
1923,1,17,2118.10,2026-08-26 13:36:00,SUCCESS
1924,6,17,1330.20,2026-08-13 14:32:00,FAILED
1925,8,14,1122.20,2026-08-12 22:18:00,FAILED
1926,6,11,4864.00,2026-08-19 03:59:00,PENDING
1927,4,5,5024.00,2026-08-10 19:11:00,REFUNDED
1928,3,1,4584.50,2026-08-30 05:08:00,REFUNDED
1929,10,10,1863.20,2026-08-17 21:41:00,PENDING
1930,4,2,1519.80,2026-08-18 12:25:00,PENDING
1931,1,15,3134.00,2026-08-23 01:38:00,FAILED
1932,6,9,4778.70,2026-08-27 19:04:00,FAILED
1933,2,14,3457.80,2026-08-25 20:40:00,PENDING
1934,2,16,2926.50,2026-08-16 04:04:00,PENDING
1935,6,15,3129.50,2026-08-05 06:41:00,REFUNDED
1936,4,8,1546.20,2026-08-12 05:21:00,SUCCESS
1937,5,7,2483.50,2026-08-07 21:17:00,PENDING
1938,9,1,1260.30,2026-08-02 07:24:00,REFUNDED
1939,3,1,2341.00,2026-08-21 13:12:00,REFUNDED
1940,9,14,1020.50,2026-08-20 03:24:00,PENDING
1941,9,11,3294.70,2026-08-22 00:10:00,REFUNDED
1942,8,18,4744.80,2026-08-30 09:59:00,SUCCESS
1943,6,3,1363.40,2026-08-06 11:59:00,FAILED
1944,8,7,1847.80,2026-08-15 01:14:00,FAILED
1945,9,13,1436.30,2026-08-28 10:45:00,SUCCESS
1946,2,7,684.70,2026-08-04 22:29:00,SUCCESS
1947,8,10,685.10,2026-08-29 07:18:00,FAILED
1948,9,13,1045.90,2026-08-12 17:37:00,FAILED
1949,9,10,3764.80,2026-08-25 07:10:00,FAILED
1950,4,9,656.10,2026-08-23 04:07:00,PENDING
1951,5,18,1472.80,2026-08-12 00:37:00,PENDING
1952,10,5,56.70,2026-08-14 06:07:00,SUCCESS
1953,9,5,1264.00,2026-08-17 19:08:00,FAILED
1954,9,10,2164.90,2026-08-09 00:49:00,REFUNDED
1955,8,5,2245.40,2026-08-03 06:08:00,REFUNDED
1956,8,5,4379.00,2026-08-01 18:22:00,REFUNDED
1957,8,13,2421.20,2026-08-05 13:20:00,SUCCESS
1958,5,8,1019.30,2026-08-03 08:45:00,PENDING
1959,10,6,2147.20,2026-08-13 00:47:00,REFUNDED
1960,10,16,2438.20,2026-08-05 09:15:00,SUCCESS
1961,8,10,213.00,2026-08-09 06:46:00,SUCCESS
1962,8,16,4991.50,2026-08-08 06:29:00,REFUNDED
1963,7,8,843.10,2026-08-27 16:29:00,FAILED
1964,7,17,2466.50,2026-08-12 09:04:00,FAILED
1965,1,4,1218.80,2026-08-09 04:44:00,FAILED
1966,4,12,3357.60,2026-08-27 12:30:00,SUCCESS
1967,10,17,1123.20,2026-08-19 17:11:00,FAILED
1968,4,11,119.60,2026-08-14 18:40:00,REFUNDED
1969,7,12,1458.60,2026-08-02 11:29:00,SUCCESS
1970,4,16,4286.30,2026-08-10 13:57:00,PENDING
1971,9,7,4199.80,2026-08-16 05:45:00,FAILED
1972,7,4,1043.90,2026-08-23 20:37:00,FAILED
1973,4,18,2468.10,2026-08-09 22:08:00,PENDING
1974,1,4,4726.00,2026-08-09 06:11:00,PENDING
1975,10,13,1806.50,2026-08-13 19:35:00,SUCCESS
1976,7,8,534.90,2026-08-02 18:27:00,SUCCESS
1977,3,13,2436.00,2026-08-27 12:08:00,FAILED
1978,3,18,4734.60,2026-08-03 13:57:00,SUCCESS
1979,7,17,5004.20,2026-08-20 18:33:00,FAILED
1980,6,20,4367.90,2026-08-18 01:40:00,PENDING
1981,9,12,1053.70,2026-08-06 19:30:00,FAILED
1982,5,5,4966.20,2026-08-18 04:14:00,PENDING
1983,6,1,4844.50,2026-08-02 10:33:00,PENDING
1984,2,19,4312.20,2026-08-04 23:58:00,REFUNDED
1985,3,15,587.00,2026-08-08 15:48:00,REFUNDED
1986,5,13,3647.10,2026-08-26 04:05:00,PENDING
1987,1,6,4022.20,2026-08-24 15:28:00,SUCCESS
1988,2,19,4177.50,2026-08-13 10:36:00,FAILED
1989,6,8,403.10,2026-08-10 23:09:00,FAILED
1990,9,3,2083.40,2026-08-20 15:54:00,REFUNDED
1991,10,19,3264.00,2026-08-17 18:32:00,FAILED
1992,4,11,3831.40,2026-08-06 15:51:00,SUCCESS
1993,7,7,258.00,2026-08-19 21:44:00,PENDING
1994,4,15,2474.30,2026-08-19 03:12:00,REFUNDED
1995,1,1,5000,INVALID_DATE_TIME,SUCCESS
1996,4,5,120.60,2026-08-12 06:48:00,FAILED
1997,6,1,1033.30,2026-08-28 04:35:00,SUCCESS
1998,3,15,3506.20,2026-08-28 13:46:00,SUCCESS
1999,2,6,1316.20,2026-08-23 23:50:00,REFUNDED
2000,7,8,1722.00,2026-08-15 22:32:00,SUCCESS
2001,2,19,138.40,2026-08-30 10:51:00,REFUNDED
2002,9,8,1655.00,2026-08-13 23:12:00,FAILED
2003,9,12,1408.40,2026-08-15 06:41:00,REFUNDED
2004,7,18,2711.60,2026-08-21 21:07:00,FAILED
2005,2,1,3225.40,2026-08-08 03:38:00,FAILED
2006,5,2,303.80,2026-08-17 10:46:00,FAILED
2007,6,16,1493.40,2026-08-12 16:14:00,REFUNDED
2008,10,8,3898.50,2026-08-05 19:19:00,REFUNDED
2009,3,12,1698.10,2026-08-13 19:21:00,PENDING
2010,7,2,1107.10,2026-08-13 06:08:00,FAILED
2011,2,15,2267.80,2026-08-03 05:57:00,REFUNDED
2012,4,6,2638.20,2026-08-14 22:43:00,FAILED
2013,1,1,2334.40,2026-08-15 21:14:00,PENDING
2014,7,15,2543.60,2026-08-07 14:38:00,PENDING
2015,1,1,947.90,2026-08-01 14:14:00,PENDING
2016,8,15,5036.00,2026-08-06 19:08:00,REFUNDED
2017,4,5,182.10,2026-08-04 03:42:00,SUCCESS
2018,1,100.00
2019,8,1,1552.10,2026-08-22 23:40:00,REFUNDED
2020,10,16,3088.60,2026-08-31 04:01:00,REFUNDED
2021,8,12,350.60,2026-08-03 21:53:00,PENDING
2022,6,19,275.20,2026-08-28 19:00:00,PENDING
2023,7,9,3363.70,2026-08-01 19:50:00,FAILED
2024,8,10,3662.70,2026-08-21 20:11:00,PENDING
2025,2,2,4215.40,2026-08-30 16:44:00,REFUNDED
2026,3,16,4652.80,2026-08-16 16:27:00,PENDING
2027,2,7,3105.80,2026-08-30 01:09:00,PENDING
2028,10,8,2754.60,2026-08-21 14:48:00,FAILED
2029,7,13,2218.20,2026-08-05 23:58:00,FAILED
2030,2,2,209.40,2026-08-02 08:54:00,FAILED
2031,9,14,2915.60,2026-08-01 20:28:00,SUCCESS
2032,9,8,2953.00,2026-08-21 19:05:00,FAILED
2033,1,17,791.50,2026-08-26 01:32:00,FAILED
2034,7,13,3804.70,2026-08-22 18:23:00,FAILED
2035,4,11,315.80,2026-08-08 08:10:00,REFUNDED
2036,8,9,2191.40,2026-08-03 18:24:00,FAILED
2037,7,4,4841.00,2026-08-25 11:18:00,SUCCESS
2038,3,12,3719.50,2026-08-06 20:24:00,REFUNDED
2039,2,12,2609.30,2026-08-22 20:38:00,REFUNDED
2040,5,7,3629.40,2026-08-08 18:07:00,SUCCESS
2041,1,7,311.50,2026-08-19 20:35:00,REFUNDED
2042,10,16,5041.20,2026-08-25 19:46:00,PENDING
2043,4,3,3012.20,2026-08-25 00:34:00,FAILED
2044,6,1,3388.20,2026-08-24 06:41:00,SUCCESS
2045,4,17,2435.90,2026-08-25 02:10:00,PENDING
2046,10,2,995.00,2026-08-16 14:39:00,FAILED
2047,3,13,3492.20,2026-08-15 15:32:00,REFUNDED
2048,5,4,2583.90,2026-08-20 20:23:00,REFUNDED
2049,3,19,776.40,2026-08-11 20:23:00,REFUNDED
2050,6,14,1453.30,2026-08-12 12:56:00,REFUNDED
2051,4,9,255.60,2026-08-24 22:15:00,SUCCESS
2052,8,10,445.20,2026-08-14 11:42:00,REFUNDED
2053,5,6,2002.00,2026-08-29 17:48:00,SUCCESS
2054,7,9,1539.40,2026-08-05 01:14:00,REFUNDED
2055,2,6,3743.80,2026-08-18 21:11:00,PENDING
2056,5,19,3800.60,2026-08-24 17:40:00,FAILED
2057,1,13,3122.80,2026-08-12 05:27:00,PENDING
2058,8,6,3686.20,2026-08-26 12:39:00,SUCCESS
2059,7,17,2156.80,2026-08-17 16:33:00,REFUNDED
2060,1,10,3549.90,2026-08-20 15:52:00,FAILED
2061,10,16,4380.60,2026-08-12 08:51:00,SUCCESS
2062,4,4,1961.40,2026-08-14 14:12:00,SUCCESS
2063,1,3,432.20,2026-08-29 14:59:00,REFUNDED
2064,3,9,4846.40,2026-08-28 15:55:00,REFUNDED
2065,3,7,352.30,2026-08-06 02:46:00,REFUNDED
2066,3,14,1526.50,2026-08-07 22:46:00,REFUNDED
2067,8,12,3057.90,2026-08-11 10:56:00,PENDING
2068,5,17,485.40,2026-08-03 09:02:00,REFUNDED
2069,1,15,3443.50,2026-08-17 05:49:00,PENDING
2070,4,16,4417.80,2026-08-28 10:46:00,REFUNDED
2071,8,4,2408.00,2026-08-25 05:00:00,REFUNDED
2072,7,3,4483.00,2026-08-28 05:27:00,FAILED
2073,8,20,3680.20,2026-08-06 21:49:00,PENDING
2074,4,2,2716.40,2026-08-24 06:43:00,REFUNDED
2075,7,18,3798.70,2026-08-15 06:45:00,REFUNDED
2076,3,17,2815.40,2026-08-03 17:19:00,SUCCESS
2077,1,18,1471.60,2026-08-17 23:59:00,SUCCESS
2078,4,15,590.10,2026-08-11 15:37:00,SUCCESS
2079,2,8,3621.20,2026-08-20 12:08:00,PENDING
2080,4,1,2625.60,2026-08-17 03:15:00,REFUNDED
2081,10,12,2522.70,2026-08-08 12:16:00,PENDING
2082,8,9,4294.80,2026-08-21 01:41:00,REFUNDED
2083,10,15,3980.90,2026-08-27 15:30:00,REFUNDED
2084,6,15,4016.60,2026-08-04 05:26:00,SUCCESS
2085,6,17,1957.70,2026-08-02 02:21:00,FAILED
2086,3,10,501.70,2026-08-10 11:41:00,PENDING
2087,6,15,1671.50,2026-08-28 16:43:00,FAILED
2088,7,6,1475.20,2026-08-30 03:39:00,REFUNDED
2089,10,13,3848.40,2026-08-18 20:06:00,FAILED
2090,1,13,2883.00,2026-08-03 18:47:00,FAILED
2091,7,12,4871.60,2026-08-10 22:26:00,SUCCESS
2092,1,2,3030.50,2026-08-10 09:51:00,FAILED
2093,7,8,2634.40,2026-08-19 15:04:00,FAILED
2094,7,18,3885.40,2026-08-09 14:56:00,PENDING
2095,5,20,3507.50,2026-08-10 04:01:00,REFUNDED
2096,2,14,3376.50,2026-08-10 19:07:00,FAILED
2097,9,12,4994.20,2026-08-01 13:21:00,PENDING
2098,7,14,489.60,2026-08-12 12:44:00,PENDING
2099,9,18,1719.90,2026-08-14 15:22:00,REFUNDED
2100,2,18,3461.70,2026-08-05 01:55:00,PENDING
2101,8,1,2391.30,2026-08-28 08:22:00,SUCCESS
2102,9,12,1765.90,2026-08-14 23:37:00,FAILED
2103,7,7,4991.00,2026-08-14 12:50:00,REFUNDED
2104,10,12,646.90,2026-08-04 16:20:00,SUCCESS
2105,7,4,2832.40,2026-08-07 13:27:00,REFUNDED
2106,1,15,2692.20,2026-08-05 13:37:00,PENDING
2107,5,20,1510.00,2026-08-19 01:02:00,SUCCESS
2108,4,16,533.30,2026-08-13 18:46:00,PENDING
2109,8,19,2497.70,2026-08-21 01:55:00,PENDING
2110,5,2,3092.80,2026-08-31 00:25:00,FAILED
2111,1,5,3833.00,2026-08-24 08:32:00,SUCCESS
2112,8,20,1159.20,2026-08-03 09:56:00,REFUNDED
2113,3,13,715.00,2026-08-31 01:08:00,FAILED
2114,9,6,1146.90,2026-08-19 04:27:00,FAILED
2115,10,3,666.60,2026-08-10 00:01:00,REFUNDED
2116,2,1,1504.20,2026-08-19 09:06:00,PENDING
2117,3,12,4654.20,2026-08-07 23:25:00,FAILED
2118,2,15,4084.20,2026-08-14 10:19:00,REFUNDED
2119,4,16,4461.10,2026-08-13 08:02:00,SUCCESS
2120,5,16,2630.10,2026-08-01 10:57:00,PENDING
2121,1,1,2698.40,2026-08-25 22:01:00,PENDING
2122,3,19,4906.70,2026-08-12 16:47:00,REFUNDED
2123,5,17,3483.40,2026-08-14 23:25:00,FAILED
2124,2,14,3349.60,2026-08-08 06:08:00,FAILED
2125,7,6,2081.60,2026-08-22 13:43:00,SUCCESS
2126,4,12,2879.00,2026-08-10 13:26:00,SUCCESS
2127,7,2,367.70,2026-08-11 20:06:00,SUCCESS
2128,2,16,1040.80,2026-08-10 15:37:00,SUCCESS
2129,4,5,4675.10,2026-08-05 19:13:00,FAILED
2130,4,5,3787.90,2026-08-12 12:07:00,FAILED
2131,10,11,3387.40,2026-08-15 15:47:00,SUCCESS
2132,1,4,4296.30,2026-08-30 01:21:00,REFUNDED
2133,3,3,4223.30,2026-08-23 13:17:00,REFUNDED
2134,5,19,4048.20,2026-08-14 10:06:00,SUCCESS
2135,10,15,1018.90,2026-08-22 12:29:00,REFUNDED
2136,1,10,167.00,2026-08-19 13:36:00,PENDING
2137,1,1,2462.30,2026-08-12 04:35:00,PENDING
2138,8,14,439.30,2026-08-26 13:09:00,FAILED
2139,2,19,2563.60,2026-08-01 22:31:00,PENDING
2140,7,2,4436.10,2026-08-09 22:48:00,FAILED
2141,7,16,4624.40,2026-08-28 17:07:00,SUCCESS
2142,7,5,611.80,2026-08-08 16:15:00,REFUNDED
2143,8,15,1696.30,2026-08-06 18:31:00,REFUNDED
2144,3,8,1994.00,2026-08-19 04:43:00,REFUNDED
2145,7,2,53.90,2026-08-24 03:56:00,REFUNDED
2146,9,6,873.00,2026-08-05 18:49:00,FAILED
2147,7,10,4406.60,2026-08-05 17:10:00,FAILED
2148,3,12,2458.60,2026-08-21 15:00:00,FAILED
2149,3,11,2701.60,2026-08-31 01:10:00,REFUNDED
2150,3,5,4059.70,2026-08-26 11:00:00,REFUNDED
2151,9,9,3421.90,2026-08-03 15:36:00,REFUNDED
2152,1,1,5000,2026-08-01 12:00:00,UNKNOWN_STATUS
2153,8,1,3155.40,2026-08-08 22:20:00,PENDING
2154,9,19,4304.90,2026-08-27 03:00:00,PENDING
2155,9,8,1782.70,2026-08-19 19:21:00,REFUNDED
2156,7,9,2918.70,2026-08-12 19:43:00,SUCCESS
2157,4,9,405.60,2026-08-19 22:28:00,REFUNDED
2158,1,14,4549.20,2026-08-18 22:23:00,REFUNDED
2159,4,4,1495.10,2026-08-30 14:24:00,REFUNDED
2160,7,3,4981.70,2026-08-05 04:49:00,SUCCESS
2161,7,11,3701.60,2026-08-19 05:25:00,REFUNDED
2162,5,2,994.50,2026-08-03 07:40:00,PENDING
2163,6,20,4237.50,2026-08-02 07:34:00,REFUNDED
2164,4,17,2212.70,2026-08-22 14:59:00,FAILED
2165,1,9,3802.60,2026-08-27 18:55:00,FAILED
2166,4,10,4176.20,2026-08-27 21:29:00,FAILED
2167,1,6,4837.90,2026-08-21 12:47:00,FAILED
2168,2,18,784.40,2026-08-23 08:07:00,FAILED
2169,5,14,3264.40,2026-08-28 09:28:00,FAILED
2170,6,6,3568.70,2026-08-30 22:47:00,FAILED
2171,6,3,2661.40,2026-08-05 06:42:00,REFUNDED
2172,7,13,3990.90,2026-08-27 14:14:00,PENDING
2173,3,19,1118.20,2026-08-19 19:48:00,FAILED
2174,7,3,1536.20,2026-08-17 19:34:00,FAILED
2175,9,19,4431.40,2026-08-25 08:04:00,FAILED
2176,10,19,540.70,2026-08-27 17:15:00,PENDING
2177,8,8,3025.60,2026-08-03 18:17:00,REFUNDED
2178,7,17,663.40,2026-08-05 15:24:00,FAILED
2179,5,20,754.10,2026-08-15 13:53:00,PENDING
2180,8,18,4320.70,2026-08-07 18:59:00,FAILED
2181,9,5,4276.30,2026-08-11 17:18:00,PENDING
2182,10,7,1053.60,2026-08-12 05:49:00,PENDING
2183,7,19,1014.90,2026-08-21 23:00:00,PENDING
2184,5,9,4382.70,2026-08-08 05:16:00,FAILED
2185,1,3,406.10,2026-08-03 08:51:00,SUCCESS
2186,3,13,599.90,2026-08-14 02:09:00,REFUNDED
2187,6,7,4197.60,2026-08-04 06:03:00,SUCCESS
2188,8,5,1151.80,2026-08-04 14:24:00,PENDING
2189,7,14,4491.00,2026-08-12 00:25:00,PENDING
2190,6,18,3277.80,2026-08-19 23:19:00,PENDING
2191,2,4,3540.00,2026-08-15 00:57:00,PENDING
2192,10,12,623.20,2026-08-05 16:36:00,SUCCESS
2193,10,13,3003.50,2026-08-13 19:07:00,PENDING
2194,4,19,2995.40,2026-08-26 10:33:00,PENDING
2195,1,7,3744.70,2026-08-03 16:30:00,REFUNDED
2196,1,9,974.00,2026-08-08 22:47:00,REFUNDED
2197,9,14,2692.10,2026-08-30 09:11:00,REFUNDED
2198,10,13,4221.60,2026-08-07 19:41:00,SUCCESS
2199,3,4,4566.90,2026-08-24 20:23:00,FAILED
2200,6,10,3428.50,2026-08-21 11:53:00,PENDING
2201,10,19,1659.10,2026-08-02 17:20:00,REFUNDED
2202,4,7,2824.90,2026-08-26 09:22:00,FAILED
2203,9,9,2240.10,2026-08-03 07:00:00,FAILED
2204,5,16,4542.50,2026-08-26 18:43:00,PENDING
2205,1,10,436.40,2026-08-25 21:01:00,REFUNDED
2206,4,7,5032.40,2026-08-19 16:56:00,PENDING
2207,10,20,3096.70,2026-08-12 11:40:00,REFUNDED
2208,6,5,1699.70,2026-08-11 02:10:00,FAILED
2209,6,20,4500.90,2026-08-17 11:41:00,PENDING
2210,7,20,1255.30,2026-08-04 01:24:00,REFUNDED
2211,4,12,1660.00,2026-08-23 17:15:00,PENDING
2212,3,8,4439.70,2026-08-15 06:13:00,PENDING
2213,5,6,2704.50,2026-08-28 09:44:00,REFUNDED
2214,10,16,4114.40,2026-08-09 01:21:00,FAILED
2215,3,1,583.20,2026-08-05 22:49:00,FAILED
2216,4,5,4075.80,2026-08-17 07:04:00,FAILED
2217,8,3,1364.10,2026-08-24 11:23:00,SUCCESS
2218,8,13,3509.20,2026-08-15 12:23:00,SUCCESS
2219,1,17,2623.40,2026-08-03 21:06:00,SUCCESS
2220,1,1,NOT_A_NUMBER,2026-08-01 12:00:00,SUCCESS
2221,4,14,2620.50,2026-08-15 09:40:00,SUCCESS
2222,2,20,497.40,2026-08-27 12:52:00,REFUNDED
2223,3,8,4856.30,2026-08-28 10:38:00,FAILED
2224,3,15,662.20,2026-08-27 19:07:00,FAILED
2225,4,6,2854.10,2026-08-26 15:47:00,PENDING
2226,3,5,1879.60,2026-08-20 02:31:00,SUCCESS
2227,8,9,1815.50,2026-08-03 19:42:00,REFUNDED
2228,6,15,4674.80,2026-08-06 15:42:00,SUCCESS
2229,1,16,1279.00,2026-08-03 12:07:00,PENDING
2230,4,13,1902.20,2026-08-20 19:19:00,REFUNDED
2231,3,17,2758.10,2026-08-21 00:05:00,SUCCESS
2232,5,8,1789.80,2026-08-05 14:45:00,FAILED
2233,6,3,946.60,2026-08-07 02:28:00,FAILED
2234,6,4,1366.40,2026-08-28 15:20:00,SUCCESS
2235,9,13,2278.90,2026-08-28 04:52:00,SUCCESS
2236,8,20,188.70,2026-08-13 15:03:00,PENDING
2237,2,19,3429.40,2026-08-25 19:40:00,SUCCESS
2238,5,7,3375.90,2026-08-12 05:35:00,PENDING
2239,5,4,3744.70,2026-08-18 22:38:00,REFUNDED
2240,10,2,2720.20,2026-08-03 10:34:00,FAILED
2241,9,19,4034.40,2026-08-06 04:00:00,PENDING
2242,7,5,2164.60,2026-08-17 22:27:00,SUCCESS
2243,3,9,4423.20,2026-08-16 11:50:00,FAILED
2244,5,5,3921.00,2026-08-14 11:02:00,FAILED
2245,1,12,4140.50,2026-08-26 21:38:00,FAILED
2246,2,18,959.90,2026-08-06 19:57:00,SUCCESS
2247,5,4,1590.80,2026-08-20 17:30:00,PENDING
2248,8,6,3736.00,2026-08-09 01:38:00,REFUNDED
2249,8,19,788.60,2026-08-14 05:57:00,FAILED
2250,2,18,4143.80,2026-08-27 17:57:00,REFUNDED
2251,9,1,4542.30,2026-08-30 00:27:00,SUCCESS
2252,8,1,4512.70,2026-08-07 13:47:00,PENDING
2253,6,9,2523.00,2026-08-27 04:45:00,SUCCESS
2254,5,19,1503.10,2026-08-28 17:04:00,REFUNDED
2255,1,1,4994.00,2026-08-12 22:38:00,PENDING
2256,4,17,51.10,2026-08-04 06:07:00,SUCCESS
2257,4,13,940.50,2026-08-13 21:52:00,REFUNDED
2258,6,11,2959.00,2026-08-12 02:05:00,REFUNDED
2259,1,14,3509.30,2026-08-08 08:00:00,REFUNDED
2260,1,1,NOT_A_NUMBER,2026-08-01 12:00:00,SUCCESS
2261,10,1,2608.90,2026-08-14 23:00:00,FAILED
2262,5,13,3760.30,2026-08-10 10:32:00,FAILED
2263,7,3,4288.80,2026-08-13 08:27:00,FAILED
2264,8,18,2852.30,2026-08-16 10:24:00,SUCCESS
2265,5,15,52.30,2026-08-03 07:06:00,FAILED
2266,4,14,597.30,2026-08-27 18:05:00,SUCCESS
2267,7,10,1974.00,2026-08-02 18:56:00,PENDING
2268,1,18,877.20,2026-08-18 17:48:00,PENDING
2269,5,20,4821.00,2026-08-09 17:53:00,SUCCESS
2270,10,15,4194.60,2026-08-12 20:46:00,PENDING
2271,1,1,NOT_A_NUMBER,2026-08-01 12:00:00,SUCCESS
2272,1,1,NOT_A_NUMBER,2026-08-01 12:00:00,SUCCESS
2273,2,19,3905.20,2026-08-10 18:13:00,SUCCESS
2274,8,13,4111.10,2026-08-17 18:31:00,REFUNDED
2275,5,11,4032.10,2026-08-26 01:02:00,FAILED
2276,7,3,2467.00,2026-08-06 00:50:00,SUCCESS
2277,7,16,4920.30,2026-08-29 15:48:00,PENDING
2278,4,18,1424.50,2026-08-02 14:25:00,SUCCESS
2279,6,16,4287.20,2026-08-03 15:28:00,REFUNDED
2280,4,14,3294.30,2026-08-10 02:16:00,SUCCESS
2281,6,15,3084.30,2026-08-14 13:01:00,FAILED
2282,8,16,408.40,2026-08-06 02:09:00,SUCCESS
2283,2,2,1651.60,2026-08-20 06:04:00,REFUNDED
2284,2,18,3340.30,2026-08-05 00:36:00,FAILED
2285,8,8,4943.30,2026-08-10 08:54:00,FAILED
2286,3,7,4442.80,2026-08-01 17:10:00,PENDING
2287,9,9,3592.00,2026-08-19 10:36:00,SUCCESS
2288,3,6,139.10,2026-08-08 10:49:00,REFUNDED
2289,4,3,2074.30,2026-08-13 01:52:00,PENDING
2290,3,13,674.20,2026-08-21 04:57:00,REFUNDED
2291,8,16,250.70,2026-08-22 17:24:00,FAILED
2292,9,6,2672.70,2026-08-23 08:28:00,SUCCESS
2293,4,13,3690.80,2026-08-17 18:28:00,REFUNDED
2294,5,12,3616.40,2026-08-12 16:05:00,FAILED
2295,4,15,4377.60,2026-08-30 08:30:00,REFUNDED
2296,2,5,4244.90,2026-08-03 18:35:00,REFUNDED
2297,3,10,3428.40,2026-08-27 14:08:00,SUCCESS
2298,8,15,2308.50,2026-08-13 07:28:00,FAILED
2299,6,4,1747.50,2026-08-03 09:42:00,SUCCESS
2300,8,15,1260.60,2026-08-30 18:16:00,FAILED
2301,2,15,323.00,2026-08-21 11:59:00,FAILED
2302,10,16,1766.00,2026-08-26 13:25:00,REFUNDED
2303,3,11,601.90,2026-08-28 02:30:00,SUCCESS
2304,9,18,4069.30,2026-08-27 01:50:00,SUCCESS
2305,1,15,2028.50,2026-08-02 00:04:00,SUCCESS
2306,5,9,2225.30,2026-08-16 12:01:00,REFUNDED
2307,9,6,182.40,2026-08-15 02:56:00,REFUNDED
2308,7,15,2591.60,2026-08-17 19:20:00,FAILED
2309,2,1,3410.60,2026-08-29 17:06:00,REFUNDED
2310,2,14,1501.60,2026-08-01 17:07:00,FAILED
2311,10,3,3585.60,2026-08-04 23:04:00,SUCCESS
2312,10,14,4697.70,2026-08-19 09:45:00,REFUNDED
2313,3,3,175.90,2026-08-30 05:37:00,SUCCESS
2314,1,15,327.20,2026-08-29 01:12:00,SUCCESS
2315,2,6,575.50,2026-08-21 02:10:00,FAILED
2316,9,8,181.90,2026-08-22 12:22:00,FAILED
2317,2,13,2324.20,2026-08-14 07:20:00,REFUNDED
2318,5,11,3729.60,2026-08-23 22:28:00,PENDING
2319,4,13,184.50,2026-08-13 06:43:00,SUCCESS
2320,9,6,1869.70,2026-08-10 01:26:00,PENDING
2321,6,9,1410.80,2026-08-13 22:07:00,PENDING
2322,5,6,1636.80,2026-08-07 13:35:00,REFUNDED
2323,8,4,999.70,2026-08-12 19:05:00,PENDING
2324,1,5,1409.70,2026-08-22 20:41:00,REFUNDED
2325,5,7,544.80,2026-08-27 04:18:00,PENDING
2326,2,10,1740.30,2026-08-26 20:18:00,PENDING
2327,4,15,269.90,2026-08-10 21:11:00,FAILED
2328,10,5,3216.00,2026-08-03 00:32:00,PENDING
2329,7,11,484.10,2026-08-09 14:50:00,SUCCESS
2330,10,16,1685.30,2026-08-11 22:53:00,PENDING
2331,3,6,4323.50,2026-08-05 13:50:00,SUCCESS
2332,6,10,686.90,2026-08-03 23:18:00,SUCCESS
2333,2,3,3483.20,2026-08-22 17:04:00,PENDING
2334,2,19,2267.20,2026-08-13 02:45:00,SUCCESS
2335,3,12,4037.70,2026-08-29 15:50:00,PENDING
2336,6,11,1174.10,2026-08-14 10:44:00,REFUNDED
2337,1,16,198.00,2026-08-17 18:34:00,FAILED
2338,9,8,4328.50,2026-08-30 20:45:00,PENDING
2339,2,16,259.40,2026-08-02 17:14:00,REFUNDED
2340,2,1,2068.80,2026-08-24 01:47:00,REFUNDED
2341,8,4,573.80,2026-08-24 03:01:00,REFUNDED
2342,5,16,3327.10,2026-08-17 10:49:00,SUCCESS
2343,9,12,373.40,2026-08-27 23:21:00,SUCCESS
2344,4,10,3911.40,2026-08-15 11:50:00,REFUNDED
2345,4,1,965.50,2026-08-14 21:53:00,PENDING
2346,10,17,4796.90,2026-08-28 04:44:00,PENDING
2347,2,19,2943.60,2026-08-02 21:59:00,FAILED
2348,9,19,3436.80,2026-08-29 09:47:00,PENDING
2349,2,16,4890.50,2026-08-18 16:48:00,REFUNDED
2350,6,17,2850.00,2026-08-22 01:10:00,SUCCESS
2351,2,2,3636.00,2026-08-14 08:37:00,REFUNDED
2352,5,19,1044.40,2026-08-27 03:27:00,REFUNDED
2353,2,15,1023.40,2026-08-30 06:54:00,SUCCESS
2354,3,14,3961.90,2026-08-25 06:16:00,SUCCESS
2355,1,7,1378.00,2026-08-10 20:00:00,SUCCESS
2356,5,16,3630.90,2026-08-05 12:00:00,SUCCESS
2357,6,6,356.10,2026-08-28 19:50:00,FAILED
2358,4,20,2220.10,2026-08-24 08:05:00,PENDING
2359,4,9,4473.10,2026-08-19 11:52:00,PENDING
2360,5,2,664.60,2026-08-20 00:27:00,PENDING
2361,7,20,3797.00,2026-08-22 14:40:00,PENDING
2362,2,10,1813.70,2026-08-04 23:45:00,SUCCESS
2363,5,10,1358.80,2026-08-24 00:25:00,REFUNDED
2364,1,100.00
2365,2,11,2124.50,2026-08-17 04:01:00,REFUNDED
2366,10,15,3022.00,2026-08-03 16:26:00,PENDING
2367,4,6,983.70,2026-08-21 01:51:00,REFUNDED
2368,5,11,763.10,2026-08-25 23:32:00,PENDING
2369,5,1,272.90,2026-08-09 05:31:00,REFUNDED
2370,8,20,3984.60,2026-08-28 13:58:00,PENDING
2371,8,16,780.40,2026-08-27 10:13:00,FAILED
2372,3,17,1704.00,2026-08-14 12:06:00,SUCCESS
2373,1,14,2542.10,2026-08-28 20:46:00,FAILED
2374,9,18,1994.20,2026-08-26 08:34:00,SUCCESS
2375,8,9,2296.30,2026-08-17 07:21:00,PENDING
2376,1,4,4578.70,2026-08-26 15:52:00,FAILED
2377,2,6,2290.80,2026-08-06 15:41:00,REFUNDED
2378,6,17,3147.20,2026-08-05 17:41:00,REFUNDED
2379,3,8,1583.00,2026-08-11 07:53:00,REFUNDED
2380,4,8,232.30,2026-08-22 15:53:00,PENDING
2381,8,18,3416.00,2026-08-20 18:53:00,SUCCESS
2382,3,10,338.70,2026-08-29 05:10:00,SUCCESS
2383,9,15,4212.90,2026-08-20 16:03:00,REFUNDED
2384,5,6,3913.60,2026-08-04 06:26:00,SUCCESS
2385,3,9,2558.00,2026-08-26 03:02:00,REFUNDED
2386,5,6,4290.90,2026-08-06 19:06:00,SUCCESS
2387,8,11,4213.70,2026-08-03 23:49:00,FAILED
2388,6,16,1470.50,2026-08-11 05:21:00,REFUNDED
2389,3,10,3124.00,2026-08-27 20:23:00,SUCCESS
2390,3,16,1215.00,2026-08-11 11:50:00,FAILED
2391,2,17,728.50,2026-08-14 05:53:00,SUCCESS
2392,2,5,2004.60,2026-08-14 09:05:00,SUCCESS
2393,6,12,4806.30,2026-08-17 05:18:00,PENDING
2394,5,17,1266.60,2026-08-10 10:56:00,PENDING
2395,8,2,1125.60,2026-08-12 22:13:00,SUCCESS
2396,9,13,1745.40,2026-08-14 09:59:00,SUCCESS
2397,5,20,3490.40,2026-08-05 21:00:00,SUCCESS
2398,8,16,3017.40,2026-08-16 20:43:00,REFUNDED
2399,7,18,2634.30,2026-08-15 13:07:00,SUCCESS
2400,9,11,1805.40,2026-08-29 16:22:00,SUCCESS
2401,5,6,4726.00,2026-08-22 14:44:00,REFUNDED
2402,6,14,3769.20,2026-08-25 20:04:00,PENDING
2403,3,6,1159.70,2026-08-28 15:36:00,PENDING
2404,5,5,3440.40,2026-08-20 14:49:00,PENDING
2405,2,6,597.80,2026-08-23 04:28:00,SUCCESS
2406,3,10,333.10,2026-08-25 13:59:00,SUCCESS
2407,5,3,2516.40,2026-08-30 03:14:00,SUCCESS
2408,10,7,4533.00,2026-08-19 04:49:00,REFUNDED
2409,5,10,4732.50,2026-08-13 08:31:00,REFUNDED
2410,3,17,1759.20,2026-08-29 13:36:00,PENDING
2411,3,15,1053.60,2026-08-15 17:19:00,PENDING
2412,2,14,3241.10,2026-08-27 02:54:00,FAILED
2413,5,1,605.40,2026-08-27 10:35:00,FAILED
2414,9,20,2681.40,2026-08-13 23:31:00,PENDING
2415,1,1,NOT_A_NUMBER,2026-08-01 12:00:00,SUCCESS
2416,6,13,3027.50,2026-08-09 00:46:00,SUCCESS
2417,4,16,3972.10,2026-08-17 19:05:00,FAILED
2418,4,7,299.60,2026-08-10 00:59:00,FAILED
2419,5,10,1334.90,2026-08-15 11:53:00,FAILED
2420,5,11,3900.60,2026-08-07 21:09:00,SUCCESS
2421,4,7,4616.50,2026-08-30 07:29:00,FAILED
2422,4,1,219.20,2026-08-29 02:55:00,FAILED
2423,4,2,3939.60,2026-08-06 19:45:00,FAILED
2424,7,10,1387.70,2026-08-23 02:58:00,FAILED
2425,9,18,1982.40,2026-08-11 15:40:00,PENDING
2426,1,19,847.40,2026-08-06 17:46:00,PENDING
2427,7,15,1077.40,2026-08-04 01:35:00,SUCCESS
2428,2,1,550.80,2026-08-05 20:38:00,SUCCESS
2429,2,15,692.70,2026-08-20 16:02:00,FAILED
2430,8,2,388.40,2026-08-19 01:36:00,FAILED
2431,4,4,1733.90,2026-08-16 19:48:00,SUCCESS
2432,2,5,2528.50,2026-08-09 23:21:00,FAILED
2433,10,17,3255.10,2026-08-09 01:42:00,FAILED
2434,5,19,846.80,2026-08-02 08:23:00,FAILED
2435,9,9,1672.70,2026-08-13 07:23:00,FAILED
2436,7,12,2366.20,2026-08-02 22:31:00,SUCCESS
2437,7,12,4030.00,2026-08-24 06:57:00,PENDING
2438,2,9,4657.30,2026-08-02 07:32:00,SUCCESS
2439,10,10,1558.50,2026-08-08 12:45:00,FAILED
2440,4,3,2615.60,2026-08-10 05:26:00,REFUNDED
2441,1,5,1606.90,2026-08-22 09:28:00,SUCCESS
2442,1,6,2791.90,2026-08-11 08:36:00,REFUNDED
2443,9,2,2909.90,2026-08-06 16:41:00,SUCCESS
2444,3,17,257.40,2026-08-24 18:41:00,REFUNDED
2445,8,18,1022.10,2026-08-28 09:31:00,FAILED
2446,6,7,3193.90,2026-08-23 09:38:00,REFUNDED
2447,7,11,231.40,2026-08-19 00:14:00,PENDING
2448,1,1,NOT_A_NUMBER,2026-08-01 12:00:00,SUCCESS
2449,5,3,316.10,2026-08-19 17:31:00,SUCCESS
2450,8,10,2779.40,2026-08-19 20:21:00,REFUNDED
2451,4,6,1112.70,2026-08-30 17:50:00,REFUNDED
2452,1,13,3865.60,2026-08-21 18:26:00,FAILED
2453,6,20,2444.80,2026-08-31 00:05:00,FAILED
2454,4,8,1663.60,2026-08-02 15:57:00,FAILED
2455,1,18,1153.90,2026-08-28 15:15:00,SUCCESS
2456,9,19,3699.80,2026-08-18 14:58:00,FAILED
2457,3,18,1946.10,2026-08-11 19:17:00,REFUNDED
2458,6,19,59.70,2026-08-14 19:05:00,FAILED
2459,5,19,3444.90,2026-08-23 19:28:00,REFUNDED
2460,9,10,55.20,2026-08-10 02:55:00,PENDING
2461,9,11,1584.30,2026-08-16 02:43:00,REFUNDED
2462,5,10,4498.00,2026-08-08 20:06:00,REFUNDED
2463,7,18,1474.80,2026-08-20 07:20:00,SUCCESS
2464,5,11,1714.60,2026-08-20 04:46:00,REFUNDED
2465,4,7,1777.90,2026-08-05 12:39:00,FAILED
2466,3,10,4373.10,2026-08-18 06:35:00,FAILED
2467,8,4,2209.80,2026-08-22 17:58:00,REFUNDED
2468,3,1,2862.20,2026-08-17 20:31:00,PENDING
2469,3,10,3485.70,2026-08-06 00:59:00,FAILED
2470,10,11,2375.10,2026-08-10 14:31:00,PENDING
2471,8,13,3006.70,2026-08-06 20:08:00,SUCCESS
2472,4,5,4456.40,2026-08-26 02:53:00,FAILED
2473,5,7,282.30,2026-08-30 17:33:00,FAILED
2474,3,3,2200.30,2026-08-06 02:32:00,REFUNDED
2475,5,18,141.60,2026-08-15 06:38:00,REFUNDED
2476,5,18,3950.50,2026-08-19 19:35:00,PENDING
2477,6,7,4396.60,2026-08-16 12:28:00,SUCCESS
2478,8,18,2867.40,2026-08-17 23:26:00,SUCCESS
2479,2,17,2669.40,2026-08-04 03:15:00,SUCCESS
2480,2,13,1754.60,2026-08-11 11:24:00,REFUNDED
2481,7,13,3346.30,2026-08-05 15:10:00,REFUNDED
2482,7,2,417.40,2026-08-19 09:47:00,FAILED
2483,3,6,4060.60,2026-08-28 05:47:00,REFUNDED
2484,1,2,2794.10,2026-08-23 19:56:00,PENDING
2485,7,12,794.00,2026-08-03 06:45:00,SUCCESS
2486,4,12,1179.80,2026-08-15 04:51:00,SUCCESS
2487,4,12,4532.50,2026-08-16 16:52:00,SUCCESS
2488,7,4,3772.60,2026-08-30 04:03:00,PENDING
2489,10,16,1577.70,2026-08-09 16:26:00,SUCCESS
2490,9,17,2627.00,2026-08-23 23:52:00,SUCCESS
2491,8,12,594.60,2026-08-09 23:05:00,PENDING
2492,7,7,3652.80,2026-08-20 15:41:00,PENDING
2493,10,3,1108.90,2026-08-05 05:45:00,REFUNDED
2494,3,14,3131.20,2026-08-19 06:15:00,FAILED
2495,8,1,2395.30,2026-08-08 16:12:00,SUCCESS
2496,1,9,2365.50,2026-08-18 18:00:00,FAILED
2497,7,6,3849.00,2026-08-05 08:07:00,PENDING
2498,2,19,4785.50,2026-08-09 23:05:00,SUCCESS
2499,5,15,4660.10,2026-08-15 23:20:00,REFUNDED
2500,1,16,455.10,2026-08-27 20:29:00,SUCCESS
2501,10,16,704.60,2026-08-23 06:37:00,SUCCESS
2502,6,3,77.30,2026-08-26 01:30:00,SUCCESS
2503,10,9,743.20,2026-08-25 01:31:00,SUCCESS
2504,1,6,991.60,2026-08-26 20:42:00,REFUNDED
2505,3,10,75.90,2026-08-01 19:43:00,REFUNDED
2506,3,19,3168.80,2026-08-27 11:53:00,REFUNDED
2507,3,2,5033.00,2026-08-08 19:47:00,REFUNDED
2508,7,12,4340.00,2026-08-26 21:20:00,FAILED
2509,2,18,2879.90,2026-08-05 11:00:00,SUCCESS
2510,2,17,4786.10,2026-08-04 20:53:00,PENDING
2511,10,2,2472.00,2026-08-10 16:56:00,FAILED
2512,9,19,4634.70,2026-08-30 17:52:00,SUCCESS
2513,7,10,2656.60,2026-08-16 22:07:00,REFUNDED
2514,2,16,1024.30,2026-08-28 12:26:00,FAILED
2515,1,1,5000,INVALID_DATE_TIME,SUCCESS
2516,8,15,4686.20,2026-08-19 16:06:00,FAILED
2517,6,16,1053.10,2026-08-18 17:13:00,SUCCESS
2518,3,10,4418.70,2026-08-29 10:12:00,PENDING
2519,3,2,4451.90,2026-08-16 16:36:00,PENDING
2520,2,14,2476.80,2026-08-07 03:17:00,REFUNDED
2521,2,1,4859.30,2026-08-11 15:21:00,SUCCESS
2522,7,16,841.00,2026-08-20 05:02:00,PENDING
2523,7,5,352.70,2026-08-09 05:41:00,FAILED
2524,7,2,3396.00,2026-08-28 03:39:00,FAILED
2525,1,2,3355.20,2026-08-03 02:17:00,SUCCESS
2526,2,15,4790.00,2026-08-06 14:45:00,FAILED
2527,6,18,3824.40,2026-08-07 20:01:00,SUCCESS
2528,10,16,4369.40,2026-08-10 23:34:00,FAILED
2529,2,11,435.10,2026-08-21 15:35:00,FAILED
2530,3,11,2506.20,2026-08-31 01:45:00,SUCCESS
2531,5,10,1909.10,2026-08-10 22:53:00,SUCCESS
2532,10,16,1617.80,2026-08-24 05:57:00,PENDING
2533,1,17,1949.20,2026-08-26 12:39:00,REFUNDED
2534,2,9,3412.90,2026-08-08 15:38:00,REFUNDED
2535,2,3,1776.50,2026-08-01 20:46:00,REFUNDED
2536,9,8,960.60,2026-08-11 15:47:00,REFUNDED
2537,2,11,2265.60,2026-08-06 21:54:00,FAILED
2538,5,5,4891.10,2026-08-01 16:15:00,PENDING
2539,6,18,1768.20,2026-08-14 14:17:00,PENDING
2540,4,18,2301.90,2026-08-21 09:53:00,SUCCESS
2541,2,15,1961.80,2026-08-15 14:04:00,PENDING
2542,6,7,2705.80,2026-08-20 00:19:00,REFUNDED
2543,3,11,3556.40,2026-08-21 08:00:00,SUCCESS
2544,6,13,4609.30,2026-08-27 17:15:00,REFUNDED
2545,10,17,1490.70,2026-08-14 10:51:00,PENDING
2546,1,1,5000,INVALID_DATE_TIME,SUCCESS
2547,6,7,3377.80,2026-08-06 23:39:00,REFUNDED
2548,5,14,710.60,2026-08-09 17:09:00,PENDING
2549,8,12,920.90,2026-08-10 06:39:00,FAILED
2550,10,9,797.30,2026-08-07 18:39:00,PENDING
2551,5,14,3671.60,2026-08-12 14:48:00,SUCCESS
2552,1,16,3917.30,2026-08-30 12:34:00,REFUNDED
2553,1,20,3010.80,2026-08-21 07:22:00,FAILED
2554,2,15,1499.20,2026-08-05 22:47:00,REFUNDED
2555,9,3,2036.20,2026-08-28 05:14:00,REFUNDED
2556,3,14,3325.20,2026-08-25 00:38:00,REFUNDED
2557,7,8,2768.30,2026-08-19 01:45:00,REFUNDED
2558,8,14,4259.70,2026-08-19 10:51:00,REFUNDED
2559,7,15,1736.10,2026-08-14 14:25:00,PENDING
2560,7,3,3715.30,2026-08-22 16:44:00,FAILED
2561,1,18,3150.30,2026-08-23 07:21:00,FAILED
2562,10,7,2458.10,2026-08-18 11:01:00,SUCCESS
2563,10,11,2194.30,2026-08-11 22:40:00,SUCCESS
2564,8,12,4534.40,2026-08-02 16:03:00,FAILED
2565,3,14,3675.90,2026-08-09 05:58:00,FAILED
2566,4,7,149.20,2026-08-20 00:55:00,REFUNDED
2567,3,4,3115.20,2026-08-26 04:39:00,REFUNDED
2568,8,8,1132.20,2026-08-11 15:23:00,REFUNDED
2569,10,2,1621.20,2026-08-17 13:34:00,PENDING
2570,5,9,2745.30,2026-08-08 03:05:00,SUCCESS
2571,1,13,978.30,2026-08-10 02:47:00,REFUNDED
2572,7,15,714.60,2026-08-05 07:39:00,REFUNDED
2573,10,15,528.00,2026-08-30 23:42:00,PENDING
2574,7,2,3623.40,2026-08-29 13:10:00,FAILED
2575,1,10,3470.60,2026-08-21 22:48:00,PENDING
2576,8,4,3977.90,2026-08-10 22:17:00,REFUNDED
2577,7,3,1489.40,2026-08-29 08:26:00,REFUNDED
2578,9,18,3003.90,2026-08-08 14:55:00,REFUNDED
2579,3,7,461.40,2026-08-03 01:39:00,FAILED
2580,8,11,2118.80,2026-08-01 18:48:00,REFUNDED
2581,6,11,4647.60,2026-08-14 14:49:00,REFUNDED
2582,4,17,4325.30,2026-08-16 06:18:00,REFUNDED
2583,5,14,1283.70,2026-08-05 00:54:00,FAILED
2584,4,7,2145.30,2026-08-12 09:38:00,PENDING
2585,7,5,4590.20,2026-08-19 09:35:00,FAILED
2586,3,13,3067.40,2026-08-19 05:10:00,FAILED
2587,9,18,513.00,2026-08-20 21:47:00,REFUNDED
2588,4,1,4579.30,2026-08-28 18:44:00,FAILED
2589,4,6,3362.20,2026-08-02 02:10:00,REFUNDED
2590,8,14,771.60,2026-08-05 10:50:00,REFUNDED
2591,9,14,3233.70,2026-08-14 18:59:00,REFUNDED
2592,6,20,4633.20,2026-08-21 16:55:00,REFUNDED
2593,5,17,2792.70,2026-08-06 03:02:00,PENDING
2594,8,11,1846.70,2026-08-10 22:43:00,FAILED
2595,3,12,3409.60,2026-08-24 21:20:00,REFUNDED
2596,8,1,4150.30,2026-08-24 20:56:00,REFUNDED
2597,7,16,2812.50,2026-08-26 17:58:00,SUCCESS
2598,9,13,2214.80,2026-08-21 09:00:00,REFUNDED
2599,6,1,2087.80,2026-08-23 15:09:00,REFUNDED
2600,5,18,3414.70,2026-08-08 07:41:00,PENDING
2601,2,16,4314.30,2026-08-01 14:19:00,SUCCESS
2602,9,11,2857.10,2026-08-17 21:48:00,REFUNDED
2603,7,16,4877.50,2026-08-03 19:36:00,SUCCESS
2604,1,9,3495.10,2026-08-05 09:53:00,SUCCESS
2605,8,14,3052.80,2026-08-15 07:18:00,FAILED
2606,8,15,271.90,2026-08-11 22:03:00,REFUNDED
2607,5,15,416.20,2026-08-01 08:13:00,REFUNDED
2608,7,8,2264.90,2026-08-10 14:03:00,PENDING
2609,7,4,988.80,2026-08-03 14:22:00,SUCCESS
2610,2,2,519.30,2026-08-12 18:18:00,PENDING
2611,10,5,65.00,2026-08-27 22:55:00,REFUNDED
2612,8,5,818.00,2026-08-12 16:56:00,SUCCESS
2613,5,5,2536.10,2026-08-21 16:18:00,PENDING
2614,10,15,301.80,2026-08-28 10:38:00,REFUNDED
2615,9,11,1758.90,2026-08-11 00:23:00,PENDING
2616,3,20,4925.20,2026-08-05 22:31:00,REFUNDED
2617,5,15,975.30,2026-08-25 18:02:00,FAILED
2618,7,19,2563.60,2026-08-26 04:08:00,FAILED
2619,10,18,3572.00,2026-08-27 19:00:00,REFUNDED
2620,10,19,2299.60,2026-08-24 13:19:00,REFUNDED
2621,10,14,438.60,2026-08-09 19:08:00,FAILED
2622,1,9,3696.10,2026-08-26 23:25:00,FAILED
2623,8,5,3206.10,2026-08-29 21:39:00,FAILED
2624,1,7,1287.20,2026-08-17 22:30:00,FAILED
2625,5,6,1503.50,2026-08-01 11:42:00,SUCCESS
2626,2,9,3165.40,2026-08-04 22:36:00,FAILED
2627,1,8,1362.70,2026-08-21 11:12:00,PENDING
2628,5,12,4745.40,2026-08-26 23:33:00,FAILED
2629,3,4,1399.10,2026-08-18 01:03:00,FAILED
2630,5,4,4095.30,2026-08-06 22:23:00,PENDING
2631,8,7,735.10,2026-08-03 19:46:00,FAILED
2632,3,10,2806.70,2026-08-26 23:09:00,REFUNDED
2633,7,20,1353.90,2026-08-17 12:56:00,SUCCESS
2634,1,13,4948.30,2026-08-09 20:59:00,FAILED
2635,9,16,3553.00,2026-08-03 00:22:00,PENDING
2636,1,1,1924.00,2026-08-28 23:18:00,PENDING
2637,4,14,4825.70,2026-08-24 21:20:00,REFUNDED
2638,4,11,1876.80,2026-08-15 16:35:00,FAILED
2639,6,14,1938.70,2026-08-22 04:13:00,SUCCESS
2640,9,2,1533.30,2026-08-12 16:17:00,SUCCESS
2641,1,7,161.10,2026-08-30 05:14:00,PENDING
2642,7,19,2604.10,2026-08-03 16:05:00,REFUNDED
2643,5,7,1950.20,2026-08-16 20:32:00,FAILED
2644,10,19,451.60,2026-08-10 07:30:00,FAILED
2645,10,5,4498.30,2026-08-19 14:59:00,SUCCESS
2646,7,7,966.40,2026-08-06 09:55:00,REFUNDED
2647,9,20,4299.70,2026-08-26 09:51:00,PENDING
2648,5,3,2572.20,2026-08-23 16:05:00,REFUNDED
2649,10,16,1074.90,2026-08-30 16:06:00,PENDING
2650,1,1,5000,INVALID_DATE_TIME,SUCCESS
2651,1,17,101.20,2026-08-29 00:34:00,PENDING
2652,7,1,1454.60,2026-08-20 00:04:00,REFUNDED
2653,6,14,4701.50,2026-08-16 17:59:00,REFUNDED
2654,8,10,2081.30,2026-08-13 00:41:00,FAILED
2655,6,16,4902.60,2026-08-01 19:34:00,REFUNDED
2656,2,16,1046.80,2026-08-04 03:37:00,PENDING
2657,7,14,1283.90,2026-08-27 07:33:00,REFUNDED
2658,9,13,4223.40,2026-08-11 16:32:00,FAILED
2659,5,9,2016.10,2026-08-18 06:13:00,REFUNDED
2660,1,17,4895.70,2026-08-13 15:49:00,SUCCESS
2661,7,12,2014.70,2026-08-13 08:50:00,REFUNDED
2662,4,19,4638.40,2026-08-07 19:02:00,SUCCESS
2663,8,18,721.60,2026-08-12 21:04:00,FAILED
2664,2,8,3471.10,2026-08-11 05:56:00,REFUNDED
2665,6,6,4323.00,2026-08-28 18:37:00,SUCCESS
2666,2,17,903.30,2026-08-04 19:30:00,PENDING
2667,4,2,3857.20,2026-08-14 22:12:00,FAILED
2668,10,16,2365.50,2026-08-17 15:01:00,REFUNDED
2669,2,12,2746.30,2026-08-22 11:33:00,FAILED
2670,8,5,3386.10,2026-08-03 01:56:00,SUCCESS
2671,5,9,455.10,2026-08-24 21:52:00,REFUNDED
2672,5,16,4617.40,2026-08-26 16:06:00,FAILED
2673,9,15,3691.50,2026-08-07 00:26:00,PENDING
2674,2,11,4355.10,2026-08-22 19:42:00,REFUNDED
2675,10,13,3551.80,2026-08-24 18:37:00,FAILED
2676,7,1,4785.40,2026-08-21 05:52:00,FAILED
2677,4,5,1064.60,2026-08-13 19:13:00,SUCCESS
2678,4,12,2862.70,2026-08-30 18:07:00,PENDING
2679,10,11,2776.60,2026-08-05 00:31:00,SUCCESS
2680,10,12,4148.80,2026-08-02 17:58:00,PENDING
2681,1,13,1261.50,2026-08-18 18:48:00,SUCCESS
2682,1,20,264.00,2026-08-28 19:28:00,SUCCESS
2683,2,10,606.20,2026-08-12 11:52:00,FAILED
2684,9,17,3182.00,2026-08-21 04:19:00,SUCCESS
2685,5,16,2082.00,2026-08-07 23:14:00,REFUNDED
2686,1,14,3408.00,2026-08-03 19:22:00,SUCCESS
2687,9,14,2071.30,2026-08-20 01:25:00,REFUNDED
2688,2,1,156.00,2026-08-22 12:08:00,SUCCESS
2689,8,7,2429.40,2026-08-23 22:10:00,PENDING
2690,7,13,2996.30,2026-08-05 19:58:00,REFUNDED
2691,10,15,4875.40,2026-08-04 01:06:00,PENDING
2692,9,4,2130.80,2026-08-26 12:35:00,PENDING
2693,9,7,2113.80,2026-08-01 14:57:00,FAILED
2694,8,8,3295.80,2026-08-18 18:57:00,FAILED
2695,2,20,2901.00,2026-08-24 13:58:00,REFUNDED
2696,10,18,2590.80,2026-08-13 17:00:00,FAILED
2697,6,11,4463.40,2026-08-07 01:30:00,FAILED
2698,6,8,2314.90,2026-08-11 22:04:00,PENDING
2699,7,18,978.70,2026-08-01 19:56:00,SUCCESS
2700,7,4,2386.20,2026-08-02 16:35:00,REFUNDED
2701,5,6,127.70,2026-08-20 23:53:00,FAILED
2702,7,14,997.70,2026-08-13 20:19:00,FAILED
2703,2,12,2813.00,2026-08-08 23:10:00,FAILED
2704,5,11,3441.90,2026-08-11 15:19:00,SUCCESS
2705,2,15,1483.50,2026-08-09 05:33:00,SUCCESS
2706,1,1,NOT_A_NUMBER,2026-08-01 12:00:00,SUCCESS
2707,5,15,2807.80,2026-08-29 14:35:00,REFUNDED
2708,6,9,1652.40,2026-08-30 11:31:00,PENDING
2709,4,13,3326.80,2026-08-25 09:52:00,REFUNDED
2710,10,20,537.90,2026-08-20 10:47:00,SUCCESS
2711,6,17,4320.90,2026-08-30 12:36:00,SUCCESS
2712,8,9,1214.30,2026-08-11 22:04:00,REFUNDED
2713,7,2,2538.40,2026-08-16 18:23:00,PENDING
2714,9,16,3566.00,2026-08-05 11:42:00,PENDING
2715,6,15,1244.80,2026-08-20 22:08:00,PENDING
2716,2,10,3157.10,2026-08-27 18:13:00,FAILED
2717,10,19,3859.30,2026-08-02 12:49:00,REFUNDED
2718,9,15,3028.60,2026-08-14 13:39:00,FAILED
2719,2,7,4465.40,2026-08-10 08:50:00,SUCCESS
2720,4,19,2689.50,2026-08-19 08:37:00,SUCCESS
2721,3,1,2866.90,2026-08-11 03:48:00,REFUNDED
2722,6,5,586.00,2026-08-11 20:05:00,FAILED
2723,1,20,3692.50,2026-08-20 07:08:00,REFUNDED
2724,4,11,3774.40,2026-08-03 04:10:00,REFUNDED
2725,4,18,4956.00,2026-08-22 21:25:00,SUCCESS
2726,10,7,1253.90,2026-08-05 03:30:00,SUCCESS
2727,1,12,4966.50,2026-08-12 21:11:00,PENDING
2728,5,9,1497.50,2026-08-24 22:42:00,PENDING
2729,8,12,3497.60,2026-08-03 23:25:00,SUCCESS
2730,6,12,1875.40,2026-08-16 22:05:00,REFUNDED
2731,7,18,729.80,2026-08-15 20:12:00,FAILED
2732,6,8,76.80,2026-08-06 01:06:00,FAILED
2733,2,20,1071.80,2026-08-05 02:03:00,REFUNDED
2734,8,8,3200.80,2026-08-06 21:33:00,FAILED
2735,6,19,2856.30,2026-08-07 21:23:00,FAILED
2736,3,9,2543.50,2026-08-14 05:15:00,REFUNDED
2737,4,4,3136.80,2026-08-13 17:24:00,FAILED
2738,3,4,1652.10,2026-08-05 12:19:00,SUCCESS
2739,3,14,668.90,2026-08-23 20:24:00,FAILED
2740,8,6,1300.90,2026-08-04 02:21:00,REFUNDED
2741,9,18,368.00,2026-08-17 22:07:00,REFUNDED
2742,1,16,2347.10,2026-08-08 09:56:00,FAILED
2743,5,18,4207.20,2026-08-12 07:25:00,SUCCESS
2744,1,3,1686.80,2026-08-31 02:47:00,FAILED
2745,2,14,2190.70,2026-08-14 18:03:00,REFUNDED
2746,5,9,1739.20,2026-08-19 08:33:00,FAILED
2747,4,6,2440.90,2026-08-21 15:29:00,PENDING
2748,7,20,3643.80,2026-08-01 08:44:00,FAILED
2749,9,14,1550.70,2026-08-06 05:39:00,FAILED
2750,8,4,2826.80,2026-08-06 22:26:00,FAILED
2751,6,9,2988.80,2026-08-03 17:46:00,SUCCESS
2752,6,8,4856.80,2026-08-14 11:56:00,SUCCESS
2753,3,8,2345.70,2026-08-30 07:36:00,FAILED
2754,3,17,2954.80,2026-08-17 12:07:00,PENDING
2755,7,7,2279.50,2026-08-12 14:01:00,SUCCESS
2756,10,19,3976.30,2026-08-30 00:40:00,REFUNDED
2757,4,20,1602.30,2026-08-16 07:14:00,SUCCESS
2758,3,13,1227.20,2026-08-09 02:40:00,SUCCESS
2759,7,10,2527.40,2026-08-27 14:54:00,FAILED
2760,6,13,2838.80,2026-08-13 07:44:00,PENDING
2761,9,12,1677.80,2026-08-01 14:12:00,SUCCESS
2762,10,1,4109.20,2026-08-15 13:17:00,FAILED
2763,2,3,2393.90,2026-08-13 18:31:00,FAILED
2764,8,3,4309.80,2026-08-06 00:25:00,FAILED
2765,10,1,2795.60,2026-08-11 23:25:00,PENDING
2766,7,5,1832.90,2026-08-04 03:44:00,FAILED
2767,5,18,4659.30,2026-08-20 11:56:00,PENDING
2768,5,17,3206.50,2026-08-10 09:32:00,FAILED
2769,10,12,2171.60,2026-08-29 17:12:00,SUCCESS
2770,7,3,3783.60,2026-08-02 10:47:00,FAILED
2771,9,1,4261.90,2026-08-08 06:20:00,FAILED
2772,6,18,1643.00,2026-08-29 12:14:00,FAILED
2773,3,10,3006.90,2026-08-23 23:14:00,PENDING
2774,10,4,3592.90,2026-08-26 23:38:00,FAILED
2775,3,9,2742.80,2026-08-27 19:53:00,SUCCESS
2776,8,15,3277.30,2026-08-06 10:42:00,PENDING
2777,7,9,1299.60,2026-08-12 03:17:00,FAILED
2778,8,13,4092.30,2026-08-28 06:02:00,REFUNDED
2779,8,11,4804.80,2026-08-13 00:44:00,SUCCESS
2780,8,19,4729.50,2026-08-27 12:39:00,PENDING
2781,6,10,4238.80,2026-08-23 10:39:00,REFUNDED
2782,7,12,2154.10,2026-08-21 13:33:00,REFUNDED
2783,8,11,4210.00,2026-08-25 05:11:00,SUCCESS
2784,10,9,183.00,2026-08-10 05:16:00,SUCCESS
2785,7,5,1338.50,2026-08-21 12:49:00,SUCCESS
2786,1,1,4721.90,2026-08-05 01:55:00,FAILED
2787,3,5,4404.20,2026-08-30 08:45:00,REFUNDED
2788,1,3,3611.40,2026-08-21 13:51:00,FAILED
2789,1,2,4370.40,2026-08-14 03:21:00,SUCCESS
2790,9,16,3928.40,2026-08-12 09:09:00,FAILED
2791,3,18,5010.20,2026-08-22 22:34:00,REFUNDED
2792,7,10,3177.80,2026-08-20 13:11:00,FAILED
2793,6,16,3328.00,2026-08-19 12:04:00,REFUNDED
2794,10,20,2302.70,2026-08-29 18:47:00,FAILED
2795,8,2,2690.50,2026-08-26 08:51:00,FAILED
2796,4,13,3922.80,2026-08-27 13:44:00,REFUNDED
2797,7,11,3361.10,2026-08-05 02:45:00,SUCCESS
2798,4,2,2808.80,2026-08-11 03:58:00,SUCCESS
2799,9,18,4991.30,2026-08-21 12:18:00,SUCCESS
2800,7,16,727.00,2026-08-05 12:00:00,FAILED
2801,10,9,392.40,2026-08-06 13:37:00,FAILED
2802,6,2,1729.20,2026-08-10 13:27:00,SUCCESS
2803,3,7,2062.20,2026-08-12 10:31:00,REFUNDED
2804,7,7,1324.20,2026-08-09 18:03:00,SUCCESS
2805,8,17,1474.00,2026-08-03 17:33:00,PENDING
2806,5,17,2071.20,2026-08-27 07:24:00,SUCCESS
2807,7,17,1663.70,2026-08-15 03:13:00,REFUNDED
2808,8,17,3254.70,2026-08-17 06:32:00,PENDING
2809,6,6,1840.10,2026-08-19 00:33:00,FAILED
2810,10,3,2102.30,2026-08-20 14:08:00,PENDING
2811,3,16,1388.70,2026-08-10 21:36:00,SUCCESS
2812,7,12,4627.40,2026-08-07 19:36:00,PENDING
2813,5,10,864.00,2026-08-04 10:49:00,PENDING
2814,10,14,559.00,2026-08-18 12:46:00,FAILED
2815,3,4,169.80,2026-08-24 17:18:00,PENDING
2816,4,4,2574.90,2026-08-10 01:36:00,SUCCESS
2817,4,4,1432.80,2026-08-07 01:19:00,FAILED
2818,8,17,3593.00,2026-08-01 23:06:00,REFUNDED
2819,4,10,1392.60,2026-08-06 16:28:00,FAILED
2820,2,12,3732.50,2026-08-15 23:26:00,FAILED
2821,6,17,4131.50,2026-08-08 02:43:00,REFUNDED
2822,6,18,2757.20,2026-08-14 22:06:00,PENDING
2823,4,10,3882.90,2026-08-25 16:47:00,FAILED
2824,8,14,3735.30,2026-08-19 23:05:00,REFUNDED
2825,8,7,275.30,2026-08-19 20:01:00,SUCCESS
2826,7,1,3767.20,2026-08-14 18:26:00,REFUNDED
2827,6,2,5007.30,2026-08-17 23:38:00,FAILED
2828,9,7,2458.40,2026-08-20 17:15:00,FAILED
2829,8,4,2224.10,2026-08-09 08:26:00,FAILED
2830,10,13,3417.50,2026-08-05 09:42:00,FAILED
2831,1,1,5000,2026-08-01 12:00:00,UNKNOWN_STATUS
2832,4,5,3957.70,2026-08-16 17:22:00,REFUNDED
2833,6,13,2772.80,2026-08-26 11:32:00,SUCCESS
2834,2,12,272.80,2026-08-21 13:01:00,FAILED
2835,4,10,1771.60,2026-08-26 18:28:00,SUCCESS
2836,9,10,4332.80,2026-08-29 01:34:00,PENDING
2837,4,7,1286.00,2026-08-02 14:04:00,SUCCESS
2838,10,14,3276.40,2026-08-04 06:02:00,FAILED
2839,5,17,4678.00,2026-08-05 09:35:00,SUCCESS
2840,2,13,4577.90,2026-08-28 18:15:00,PENDING
2841,2,20,1456.50,2026-08-23 06:47:00,SUCCESS
2842,4,16,4725.30,2026-08-29 10:47:00,REFUNDED
2843,10,7,3503.00,2026-08-17 16:07:00,SUCCESS
2844,5,17,1801.80,2026-08-09 06:02:00,REFUNDED
2845,4,4,1104.20,2026-08-27 08:21:00,PENDING
2846,10,15,2078.20,2026-08-13 02:53:00,REFUNDED
2847,8,19,4353.10,2026-08-08 22:27:00,SUCCESS
2848,10,20,2373.50,2026-08-05 22:38:00,REFUNDED
2849,6,2,1653.50,2026-08-01 13:03:00,SUCCESS
2850,1,5,2376.20,2026-08-11 21:13:00,FAILED
2851,10,18,4543.60,2026-08-14 03:22:00,PENDING
2852,9,4,3310.20,2026-08-12 12:46:00,FAILED
2853,10,8,3596.30,2026-08-30 17:18:00,REFUNDED
2854,8,6,3741.30,2026-08-06 07:19:00,PENDING
2855,5,13,3951.40,2026-08-07 19:03:00,SUCCESS
2856,7,18,370.10,2026-08-08 07:49:00,FAILED
2857,8,19,3365.70,2026-08-29 06:56:00,SUCCESS
2858,7,2,307.10,2026-08-09 04:13:00,PENDING
2859,4,9,1898.40,2026-08-14 18:28:00,FAILED
2860,2,12,3760.50,2026-08-11 22:39:00,PENDING
2861,6,7,3834.90,2026-08-09 00:04:00,SUCCESS
2862,9,13,4852.80,2026-08-18 17:46:00,PENDING
2863,4,4,4313.60,2026-08-18 12:17:00,REFUNDED
2864,5,2,861.30,2026-08-02 23:13:00,FAILED
2865,7,3,175.30,2026-08-08 06:49:00,PENDING
2866,2,13,3780.90,2026-08-09 16:43:00,PENDING
2867,4,3,3833.40,2026-08-07 20:41:00,REFUNDED
2868,4,18,344.20,2026-08-06 00:46:00,REFUNDED
2869,1,7,4170.50,2026-08-30 21:59:00,REFUNDED
2870,5,16,1666.50,2026-08-07 16:32:00,FAILED
2871,2,5,3925.80,2026-08-15 13:58:00,PENDING
2872,8,16,1944.00,2026-08-15 21:39:00,PENDING
2873,10,18,3582.20,2026-08-15 16:35:00,PENDING
2874,10,11,419.20,2026-08-19 03:19:00,REFUNDED
2875,9,17,255.70,2026-08-14 20:34:00,REFUNDED
2876,5,10,4941.00,2026-08-05 09:17:00,PENDING
2877,8,20,2921.00,2026-08-30 14:36:00,PENDING
2878,10,6,2019.20,2026-08-08 15:28:00,SUCCESS
2879,2,1,4936.00,2026-08-04 23:05:00,PENDING
2880,7,19,4182.40,2026-08-27 14:34:00,REFUNDED
2881,9,18,1123.60,2026-08-02 13:41:00,SUCCESS
2882,3,13,2099.10,2026-08-28 10:50:00,PENDING
2883,5,14,260.90,2026-08-15 23:01:00,SUCCESS
2884,7,17,3393.90,2026-08-06 12:29:00,PENDING
2885,8,18,4870.50,2026-08-25 08:08:00,PENDING
2886,5,8,3431.50,2026-08-20 23:46:00,REFUNDED
2887,3,3,265.10,2026-08-04 04:44:00,REFUNDED
2888,8,3,1517.80,2026-08-18 23:20:00,SUCCESS
2889,1,1,5000,2026-08-01 12:00:00,UNKNOWN_STATUS
2890,4,12,3624.00,2026-08-25 01:20:00,PENDING
2891,4,12,726.60,2026-08-22 13:32:00,REFUNDED
2892,7,14,5031.50,2026-08-21 01:03:00,SUCCESS
2893,6,10,1322.50,2026-08-27 12:46:00,SUCCESS
2894,5,10,2104.00,2026-08-30 03:14:00,SUCCESS
2895,9,19,3307.20,2026-08-15 05:51:00,REFUNDED
2896,1,10,2203.20,2026-08-16 05:22:00,PENDING
2897,1,16,3574.50,2026-08-14 15:25:00,SUCCESS
2898,1,2,4516.10,2026-08-07 14:48:00,REFUNDED
2899,5,12,789.90,2026-08-14 00:49:00,SUCCESS
2900,10,14,3062.50,2026-08-13 22:38:00,SUCCESS
2901,2,12,4912.70,2026-08-16 15:25:00,SUCCESS
2902,10,1,4525.50,2026-08-07 03:48:00,SUCCESS
2903,5,11,4979.20,2026-08-14 22:08:00,SUCCESS
2904,2,19,934.20,2026-08-11 13:59:00,REFUNDED
2905,7,7,4330.60,2026-08-29 02:56:00,REFUNDED
2906,8,9,392.20,2026-08-10 15:24:00,FAILED
2907,7,8,3385.40,2026-08-25 04:07:00,PENDING
2908,6,16,980.70,2026-08-11 00:54:00,FAILED
2909,6,18,324.30,2026-08-23 08:15:00,PENDING
2910,9,6,2998.30,2026-08-30 21:02:00,FAILED
2911,8,17,4854.80,2026-08-21 04:40:00,REFUNDED
2912,6,10,2760.00,2026-08-14 12:58:00,FAILED
2913,2,20,2644.20,2026-08-03 07:36:00,PENDING
2914,8,8,4753.40,2026-08-25 15:48:00,FAILED
2915,10,7,3365.20,2026-08-29 09:50:00,PENDING
2916,5,9,4278.40,2026-08-25 00:05:00,FAILED
2917,8,7,137.00,2026-08-17 19:43:00,PENDING
2918,6,16,3850.10,2026-08-28 18:43:00,FAILED
2919,3,11,3427.10,2026-08-03 13:28:00,REFUNDED
2920,10,3,4214.40,2026-08-21 19:02:00,REFUNDED
2921,4,20,574.10,2026-08-28 18:33:00,SUCCESS
2922,1,10,4821.00,2026-08-29 15:04:00,PENDING
2923,3,18,3015.20,2026-08-10 20:15:00,PENDING
2924,1,13,4737.10,2026-08-09 18:39:00,FAILED
2925,4,11,2004.40,2026-08-13 22:25:00,FAILED
2926,9,10,1983.60,2026-08-13 17:21:00,REFUNDED
2927,10,19,291.70,2026-08-23 13:44:00,REFUNDED
2928,2,2,616.70,2026-08-11 08:37:00,REFUNDED
2929,3,2,275.00,2026-08-24 22:07:00,REFUNDED
2930,4,9,2976.60,2026-08-08 12:19:00,REFUNDED
2931,6,12,489.60,2026-08-05 15:33:00,REFUNDED
2932,10,8,2889.80,2026-08-07 16:35:00,REFUNDED
2933,6,7,3848.00,2026-08-06 07:43:00,PENDING
2934,1,6,3485.70,2026-08-15 14:37:00,FAILED
2935,8,1,1603.90,2026-08-15 15:59:00,FAILED
2936,3,6,3377.90,2026-08-28 13:26:00,PENDING
2937,4,12,1402.90,2026-08-25 22:05:00,PENDING
2938,5,9,4391.40,2026-08-29 20:03:00,PENDING
2939,1,100.00
2940,10,19,4603.90,2026-08-13 11:41:00,REFUNDED
2941,1,16,169.20,2026-08-19 21:26:00,REFUNDED
2942,3,20,2040.30,2026-08-28 22:44:00,FAILED
2943,10,8,621.40,2026-08-02 21:58:00,PENDING
2944,4,15,2515.10,2026-08-16 14:45:00,REFUNDED
2945,3,19,3784.20,2026-08-23 22:48:00,REFUNDED
2946,1,3,171.20,2026-08-16 00:41:00,REFUNDED
2947,8,5,4668.30,2026-08-21 15:52:00,SUCCESS
2948,2,19,1958.30,2026-08-27 18:16:00,REFUNDED
2949,10,20,1804.60,2026-08-14 10:40:00,REFUNDED
2950,10,12,3841.80,2026-08-11 15:04:00,FAILED
2951,9,16,205.40,2026-08-04 04:54:00,FAILED
2952,5,15,3035.40,2026-08-11 22:25:00,SUCCESS
2953,7,14,4115.00,2026-08-05 10:15:00,SUCCESS
2954,5,19,3957.40,2026-08-30 17:18:00,FAILED
2955,4,12,1260.70,2026-08-15 19:22:00,REFUNDED
2956,9,10,3143.00,2026-08-08 13:53:00,SUCCESS
2957,7,11,3561.80,2026-08-03 23:03:00,SUCCESS
2958,1,3,3149.90,2026-08-15 01:49:00,REFUNDED
2959,7,7,4748.30,2026-08-08 06:41:00,REFUNDED
2960,2,14,3336.00,2026-08-30 16:51:00,PENDING
2961,4,5,884.70,2026-08-30 02:38:00,FAILED
2962,2,13,1950.60,2026-08-07 17:05:00,PENDING
2963,9,18,4632.20,2026-08-15 23:17:00,FAILED
2964,6,14,1644.70,2026-08-21 20:59:00,SUCCESS
2965,9,3,1195.00,2026-08-27 00:36:00,SUCCESS
2966,4,13,3185.50,2026-08-26 17:11:00,REFUNDED
2967,5,12,2482.40,2026-08-01 12:07:00,REFUNDED
2968,8,14,1356.10,2026-08-06 23:41:00,PENDING
2969,2,2,3824.00,2026-08-09 08:57:00,PENDING
2970,2,4,3001.30,2026-08-04 13:26:00,SUCCESS
2971,5,20,2345.30,2026-08-17 09:37:00,SUCCESS
2972,9,20,1373.40,2026-08-18 00:10:00,SUCCESS
2973,5,17,3393.90,2026-08-17 23:09:00,SUCCESS
2974,9,10,1808.80,2026-08-02 22:17:00,PENDING
2975,6,15,2533.70,2026-08-22 02:32:00,PENDING
2976,2,11,173.80,2026-08-15 23:26:00,FAILED
2977,4,6,105.80,2026-08-03 19:24:00,FAILED
2978,5,9,1435.10,2026-08-23 16:13:00,PENDING
2979,1,20,2320.00,2026-08-11 09:07:00,FAILED
2980,1,15,2319.00,2026-08-15 08:06:00,FAILED
2981,10,3,2301.70,2026-08-15 21:52:00,SUCCESS
2982,2,2,2098.50,2026-08-22 21:57:00,SUCCESS
2983,6,10,2985.60,2026-08-16 10:08:00,FAILED
2984,6,17,4844.60,2026-08-23 16:19:00,SUCCESS
2985,3,7,1922.70,2026-08-08 05:46:00,REFUNDED
2986,6,20,1601.90,2026-08-12 10:26:00,REFUNDED
2987,6,10,2970.20,2026-08-16 22:10:00,PENDING
2988,5,1,2248.70,2026-08-23 08:25:00,REFUNDED
2989,8,1,840.40,2026-08-14 05:37:00,SUCCESS
2990,2,4,3462.10,2026-08-21 16:50:00,SUCCESS
2991,10,1,1007.60,2026-08-29 14:34:00,PENDING
2992,6,8,3816.30,2026-08-27 04:14:00,PENDING
2993,5,16,1676.00,2026-08-01 14:26:00,SUCCESS
2994,2,11,3608.60,2026-08-02 02:10:00,REFUNDED
2995,1,5,2112.60,2026-08-27 12:48:00,FAILED
2996,4,11,2048.90,2026-08-26 17:20:00,PENDING
2997,3,4,3705.40,2026-08-12 21:44:00,SUCCESS
2998,5,14,325.50,2026-08-09 19:51:00,REFUNDED
2999,2,2,2342.70,2026-08-06 01:20:00,PENDING
3000,10,13,1685.60,2026-08-16 12:52:00,FAILED
3001,4,3,3858.60,2026-08-15 12:19:00,SUCCESS
3002,7,18,4143.40,2026-08-08 16:37:00,SUCCESS
3003,7,13,4559.90,2026-08-05 04:03:00,SUCCESS
3004,10,3,3284.80,2026-08-11 19:23:00,REFUNDED
3005,2,20,4348.70,2026-08-06 21:07:00,FAILED
3006,1,12,1540.20,2026-08-20 09:50:00,FAILED
3007,1,100.00
3008,5,17,2007.30,2026-08-30 04:43:00,FAILED
3009,9,7,3655.00,2026-08-07 00:49:00,PENDING
3010,10,20,3267.50,2026-08-25 08:33:00,REFUNDED
3011,10,4,3338.80,2026-08-04 18:27:00,FAILED
3012,5,10,4305.30,2026-08-01 20:26:00,PENDING
3013,4,8,3990.80,2026-08-06 10:22:00,SUCCESS
3014,2,15,4508.70,2026-08-07 18:39:00,REFUNDED
3015,9,10,1855.80,2026-08-23 19:12:00,PENDING
3016,7,2,3379.80,2026-08-06 17:50:00,FAILED
3017,10,16,576.90,2026-08-23 11:44:00,SUCCESS
3018,5,20,1072.40,2026-08-26 02:00:00,FAILED
3019,4,13,732.50,2026-08-03 09:27:00,SUCCESS
3020,2,2,801.80,2026-08-17 19:13:00,SUCCESS
3021,10,13,2085.60,2026-08-04 03:41:00,FAILED
3022,9,1,932.90,2026-08-15 19:27:00,SUCCESS
3023,3,9,695.60,2026-08-23 20:51:00,SUCCESS
3024,6,3,3636.60,2026-08-29 12:31:00,FAILED
3025,2,2,2078.70,2026-08-15 04:24:00,PENDING
3026,2,6,580.40,2026-08-14 02:42:00,REFUNDED
3027,6,16,1313.90,2026-08-22 08:21:00,FAILED
3028,3,17,584.00,2026-08-14 06:34:00,FAILED
3029,1,16,4339.10,2026-08-18 03:18:00,FAILED
3030,9,5,2938.70,2026-08-23 11:58:00,PENDING
3031,9,18,4011.20,2026-08-10 23:12:00,REFUNDED
3032,10,11,1234.50,2026-08-06 02:13:00,REFUNDED
3033,5,4,2176.30,2026-08-16 23:00:00,FAILED
3034,7,9,4859.20,2026-08-24 19:57:00,SUCCESS
3035,8,2,542.30,2026-08-10 10:42:00,SUCCESS
3036,7,16,2038.70,2026-08-04 20:13:00,REFUNDED
3037,3,12,4192.90,2026-08-23 00:13:00,REFUNDED
3038,6,20,2803.10,2026-08-07 15:28:00,SUCCESS
3039,6,10,133.60,2026-08-14 19:54:00,FAILED
3040,10,20,753.50,2026-08-02 02:51:00,REFUNDED
3041,8,12,4357.60,2026-08-14 21:11:00,PENDING
3042,2,5,188.40,2026-08-08 17:16:00,PENDING
3043,1,18,2156.10,2026-08-29 18:34:00,SUCCESS
3044,7,10,1459.00,2026-08-05 04:30:00,SUCCESS
3045,10,19,3449.20,2026-08-09 03:45:00,PENDING
3046,2,11,1800.90,2026-08-21 06:32:00,PENDING
3047,3,9,3101.10,2026-08-14 09:02:00,REFUNDED
3048,6,20,4473.00,2026-08-27 19:09:00,SUCCESS
3049,6,11,4570.50,2026-08-03 22:27:00,FAILED
3050,10,6,703.90,2026-08-02 07:15:00,FAILED
3051,8,18,3755.10,2026-08-02 22:46:00,REFUNDED
3052,8,9,2004.70,2026-08-06 06:12:00,PENDING
3053,2,11,4172.40,2026-08-05 14:25:00,REFUNDED
3054,9,14,3486.90,2026-08-17 10:48:00,REFUNDED
3055,3,8,1410.00,2026-08-23 13:26:00,PENDING
3056,3,14,3562.50,2026-08-10 07:40:00,REFUNDED
3057,10,14,3696.10,2026-08-23 15:19:00,FAILED
3058,7,8,4263.90,2026-08-06 02:35:00,REFUNDED
3059,5,4,3109.10,2026-08-07 02:46:00,SUCCESS
3060,4,4,3571.80,2026-08-29 10:15:00,PENDING
3061,9,13,728.50,2026-08-16 11:55:00,REFUNDED
3062,7,7,2663.40,2026-08-05 19:38:00,PENDING
3063,2,12,3736.70,2026-08-25 03:45:00,PENDING
3064,3,18,4050.20,2026-08-22 17:04:00,SUCCESS
3065,1,100.00
3066,1,4,4664.40,2026-08-19 16:16:00,FAILED
3067,7,1,672.70,2026-08-26 04:45:00,SUCCESS
3068,6,3,3058.10,2026-08-02 14:04:00,SUCCESS
3069,10,6,358.10,2026-08-06 15:13:00,REFUNDED
3070,4,14,628.30,2026-08-14 12:14:00,SUCCESS
3071,2,9,4168.40,2026-08-19 09:50:00,FAILED
3072,5,1,1318.50,2026-08-25 05:47:00,FAILED
3073,6,15,4077.60,2026-08-06 14:35:00,PENDING
3074,7,17,1552.00,2026-08-03 09:51:00,PENDING
3075,6,20,852.10,2026-08-25 03:45:00,FAILED
3076,3,19,2795.50,2026-08-08 15:55:00,SUCCESS
3077,5,4,4182.10,2026-08-26 09:09:00,FAILED
3078,7,9,104.80,2026-08-09 21:07:00,SUCCESS
3079,9,16,3156.30,2026-08-29 05:36:00,PENDING
3080,3,10,4996.10,2026-08-16 18:38:00,FAILED
3081,4,8,751.50,2026-08-03 06:36:00,FAILED
3082,8,1,2255.80,2026-08-23 10:07:00,REFUNDED
3083,9,17,867.70,2026-08-21 21:18:00,REFUNDED
3084,6,9,4127.70,2026-08-09 18:53:00,FAILED
3085,10,2,4462.60,2026-08-11 22:52:00,REFUNDED
3086,3,5,299.30,2026-08-29 04:12:00,SUCCESS
3087,7,8,471.20,2026-08-22 22:10:00,PENDING
3088,3,16,1443.60,2026-08-23 18:20:00,SUCCESS
3089,6,15,4760.10,2026-08-02 18:17:00,REFUNDED
3090,8,6,4372.30,2026-08-12 02:47:00,REFUNDED
3091,5,19,3064.00,2026-08-24 18:09:00,PENDING
3092,1,1,3936.50,2026-08-12 16:23:00,SUCCESS
3093,2,6,3542.00,2026-08-02 11:13:00,REFUNDED
3094,1,17,3272.60,2026-08-03 12:56:00,PENDING
3095,9,18,2428.90,2026-08-20 01:41:00,FAILED
3096,2,12,4978.90,2026-08-26 19:41:00,FAILED
3097,4,20,4620.20,2026-08-15 05:53:00,REFUNDED
3098,4,7,1286.10,2026-08-29 16:41:00,REFUNDED
3099,6,6,3342.60,2026-08-06 17:57:00,SUCCESS
3100,5,3,927.10,2026-08-16 22:35:00,PENDING
3101,2,10,3444.70,2026-08-23 15:44:00,REFUNDED
3102,10,10,3125.70,2026-08-17 13:45:00,SUCCESS
3103,7,19,1155.50,2026-08-15 06:27:00,FAILED
3104,2,1,5004.00,2026-08-11 17:58:00,PENDING
3105,4,2,1376.60,2026-08-04 18:38:00,FAILED
3106,1,100.00
3107,3,1,3583.80,2026-08-30 11:21:00,SUCCESS
3108,1,9,2735.40,2026-08-25 16:47:00,PENDING
3109,3,17,3168.20,2026-08-29 02:11:00,REFUNDED
3110,8,16,1229.50,2026-08-16 11:03:00,PENDING
3111,4,10,1998.80,2026-08-08 22:37:00,SUCCESS
3112,3,6,2858.00,2026-08-28 19:46:00,REFUNDED
3113,4,6,5040.70,2026-08-07 14:29:00,SUCCESS
3114,3,12,1108.10,2026-08-28 08:25:00,FAILED
3115,5,9,1012.40,2026-08-26 16:37:00,SUCCESS
3116,6,8,4802.10,2026-08-21 00:37:00,PENDING
3117,7,6,4204.90,2026-08-22 02:32:00,REFUNDED
3118,1,14,2551.60,2026-08-12 23:54:00,SUCCESS
3119,8,12,4623.80,2026-08-22 04:05:00,FAILED
3120,6,11,1794.50,2026-08-02 00:35:00,FAILED
3121,6,19,3062.40,2026-08-07 01:56:00,FAILED
3122,10,12,4424.10,2026-08-16 06:48:00,PENDING
3123,7,18,3564.90,2026-08-22 18:33:00,PENDING
3124,9,1,4388.90,2026-08-12 00:26:00,REFUNDED
3125,6,10,3216.20,2026-08-19 16:06:00,PENDING
3126,7,20,1305.30,2026-08-24 11:19:00,SUCCESS
3127,10,19,4215.40,2026-08-05 12:06:00,PENDING
3128,4,7,347.90,2026-08-26 12:09:00,PENDING
3129,3,20,183.50,2026-08-11 22:23:00,FAILED
3130,9,1,1165.70,2026-08-14 03:50:00,PENDING
3131,5,19,2555.30,2026-08-09 08:37:00,REFUNDED
3132,7,13,3731.70,2026-08-11 01:23:00,PENDING
3133,2,20,2677.50,2026-08-03 07:42:00,SUCCESS
3134,7,13,4466.10,2026-08-25 22:08:00,REFUNDED
3135,3,14,2807.60,2026-08-16 01:46:00,SUCCESS
3136,2,2,2897.10,2026-08-29 06:49:00,REFUNDED
3137,7,20,4781.60,2026-08-06 00:58:00,FAILED
3138,1,18,3760.90,2026-08-09 03:32:00,FAILED
3139,7,11,4201.50,2026-08-21 10:34:00,SUCCESS
3140,3,10,2189.70,2026-08-27 06:54:00,REFUNDED
3141,2,1,3753.90,2026-08-03 23:54:00,FAILED
3142,7,2,2687.30,2026-08-29 00:58:00,SUCCESS
3143,6,7,1701.80,2026-08-23 22:29:00,PENDING
3144,8,3,1936.40,2026-08-28 05:45:00,PENDING
3145,4,13,1944.30,2026-08-13 00:28:00,FAILED
3146,1,4,1113.90,2026-08-18 22:59:00,PENDING
3147,6,20,5005.80,2026-08-04 00:19:00,REFUNDED
3148,7,14,1541.20,2026-08-08 11:41:00,SUCCESS
3149,2,16,4558.70,2026-08-28 15:08:00,REFUNDED
3150,9,15,4519.60,2026-08-06 06:35:00,FAILED
3151,8,5,4116.70,2026-08-05 02:22:00,PENDING
3152,6,16,4965.10,2026-08-05 14:52:00,FAILED
3153,7,8,2335.40,2026-08-07 22:39:00,FAILED
3154,6,18,4316.80,2026-08-17 02:02:00,PENDING
3155,7,2,53.00,2026-08-22 03:50:00,FAILED
3156,1,6,4786.80,2026-08-10 23:03:00,FAILED
3157,8,5,2591.50,2026-08-02 16:47:00,PENDING
3158,5,10,4828.50,2026-08-30 08:18:00,FAILED
3159,2,13,3450.60,2026-08-29 12:04:00,PENDING
3160,5,2,87.70,2026-08-26 21:02:00,SUCCESS
3161,3,5,4104.10,2026-08-12 02:52:00,REFUNDED
3162,4,18,3836.60,2026-08-26 15:00:00,SUCCESS
3163,1,13,1704.20,2026-08-20 11:00:00,FAILED
3164,10,1,60.60,2026-08-29 16:44:00,FAILED
3165,5,9,4456.80,2026-08-19 09:46:00,FAILED
3166,2,20,1585.90,2026-08-08 17:50:00,REFUNDED
3167,2,8,1191.00,2026-08-25 22:06:00,REFUNDED
3168,3,6,1222.70,2026-08-10 19:25:00,PENDING
3169,4,14,966.00,2026-08-15 21:34:00,PENDING
3170,1,2,4368.10,2026-08-03 14:18:00,PENDING
3171,5,19,537.90,2026-08-15 01:51:00,SUCCESS
3172,5,17,785.10,2026-08-04 12:16:00,FAILED
3173,7,14,3283.10,2026-08-11 06:52:00,SUCCESS
3174,3,20,312.30,2026-08-06 14:50:00,SUCCESS
3175,9,3,65.40,2026-08-31 06:44:00,SUCCESS
3176,7,14,1856.20,2026-08-16 17:50:00,FAILED
3177,9,2,251.20,2026-08-24 09:43:00,FAILED
3178,5,5,1196.20,2026-08-17 04:21:00,PENDING
3179,9,2,1328.20,2026-08-01 12:14:00,PENDING
3180,8,12,125.30,2026-08-17 16:30:00,REFUNDED
3181,4,9,1403.40,2026-08-06 03:29:00,FAILED
3182,2,9,3295.30,2026-08-05 01:14:00,REFUNDED
3183,8,19,342.90,2026-08-31 00:22:00,PENDING
3184,6,9,2463.10,2026-08-07 15:55:00,SUCCESS
3185,2,7,2515.50,2026-08-31 05:00:00,FAILED
3186,3,6,4433.40,2026-08-13 09:43:00,FAILED
3187,6,9,1294.30,2026-08-06 10:00:00,SUCCESS
3188,3,6,3548.60,2026-08-17 14:25:00,SUCCESS
3189,9,11,936.20,2026-08-31 03:26:00,REFUNDED
3190,3,15,2916.00,2026-08-30 18:52:00,PENDING
3191,4,17,325.10,2026-08-06 19:35:00,REFUNDED
3192,6,1,3605.00,2026-08-30 18:00:00,REFUNDED
3193,9,4,4029.30,2026-08-20 14:16:00,REFUNDED
3194,2,14,754.90,2026-08-16 17:29:00,FAILED
3195,4,1,3901.10,2026-08-26 08:04:00,PENDING
3196,2,17,265.20,2026-08-02 01:17:00,SUCCESS
3197,3,11,1844.90,2026-08-12 20:49:00,PENDING
3198,4,8,3903.10,2026-08-10 06:23:00,PENDING
3199,2,1,1879.20,2026-08-06 09:01:00,SUCCESS
3200,9,20,882.30,2026-08-22 10:32:00,SUCCESS
3201,8,5,2331.70,2026-08-06 00:41:00,FAILED
3202,6,7,2758.60,2026-08-10 19:31:00,REFUNDED
3203,10,13,4067.80,2026-08-13 21:03:00,FAILED
3204,8,17,807.00,2026-08-03 11:57:00,PENDING
3205,4,14,2956.20,2026-08-11 05:19:00,REFUNDED
3206,4,9,4206.30,2026-08-24 04:10:00,PENDING
3207,4,10,1987.60,2026-08-11 09:34:00,PENDING
3208,10,13,1304.10,2026-08-04 16:59:00,FAILED
3209,2,19,2019.00,2026-08-21 12:44:00,SUCCESS
3210,7,1,2214.90,2026-08-16 07:59:00,SUCCESS
3211,2,14,778.80,2026-08-29 00:09:00,REFUNDED
3212,9,1,640.80,2026-08-28 02:29:00,SUCCESS
3213,1,1,NOT_A_NUMBER,2026-08-01 12:00:00,SUCCESS
3214,10,13,4607.10,2026-08-10 10:35:00,REFUNDED
3215,1,14,2148.20,2026-08-05 04:00:00,REFUNDED
3216,9,3,4789.80,2026-08-26 05:28:00,REFUNDED
3217,3,9,2556.70,2026-08-21 13:52:00,REFUNDED
3218,7,19,99.30,2026-08-23 11:12:00,SUCCESS
3219,4,17,221.80,2026-08-12 05:02:00,PENDING
3220,1,20,4957.30,2026-08-10 20:04:00,REFUNDED
3221,5,9,3950.80,2026-08-25 17:25:00,SUCCESS
3222,7,13,2966.90,2026-08-18 02:16:00,SUCCESS
3223,10,6,819.70,2026-08-04 21:43:00,REFUNDED
3224,4,16,2185.30,2026-08-05 01:11:00,SUCCESS
3225,2,9,2133.50,2026-08-21 16:28:00,PENDING
3226,3,20,3591.00,2026-08-17 16:45:00,REFUNDED
3227,7,16,871.50,2026-08-16 11:24:00,SUCCESS
3228,6,17,3697.90,2026-08-28 20:05:00,REFUNDED
3229,1,5,4552.40,2026-08-30 18:39:00,REFUNDED
3230,6,17,2577.00,2026-08-06 09:16:00,REFUNDED
3231,7,19,1633.00,2026-08-30 21:41:00,REFUNDED
3232,7,20,3895.50,2026-08-03 23:07:00,FAILED
3233,1,2,1555.80,2026-08-06 12:03:00,REFUNDED
3234,1,12,4660.80,2026-08-29 11:55:00,SUCCESS
3235,9,17,746.40,2026-08-13 19:10:00,SUCCESS
3236,2,14,4302.30,2026-08-26 11:04:00,REFUNDED
3237,4,1,3949.40,2026-08-10 11:03:00,PENDING
3238,8,18,3561.00,2026-08-26 02:58:00,REFUNDED
3239,2,15,657.30,2026-08-05 15:16:00,PENDING
3240,3,4,921.80,2026-08-22 12:27:00,SUCCESS
3241,2,1,4689.40,2026-08-12 12:20:00,SUCCESS
3242,8,1,2957.10,2026-08-12 19:11:00,FAILED
3243,1,4,2993.60,2026-08-25 08:12:00,PENDING
3244,7,10,394.60,2026-08-05 01:51:00,SUCCESS
3245,8,10,4964.20,2026-08-31 05:57:00,PENDING
3246,10,14,2649.60,2026-08-01 19:41:00,SUCCESS
3247,3,12,209.30,2026-08-04 00:44:00,FAILED
3248,10,5,1161.70,2026-08-19 14:43:00,REFUNDED
3249,9,8,2805.20,2026-08-23 02:13:00,REFUNDED
3250,2,12,1850.90,2026-08-27 06:50:00,REFUNDED
3251,1,3,3175.30,2026-08-21 08:30:00,PENDING
3252,6,13,465.50,2026-08-05 09:13:00,FAILED
3253,2,14,4272.40,2026-08-23 07:17:00,FAILED
3254,1,3,4669.60,2026-08-17 04:00:00,PENDING
3255,3,8,1217.80,2026-08-27 20:21:00,FAILED
3256,5,8,276.30,2026-08-20 21:47:00,FAILED
3257,7,4,3863.60,2026-08-17 22:46:00,PENDING
3258,1,10,928.30,2026-08-21 10:03:00,SUCCESS
3259,10,1,1756.70,2026-08-20 12:05:00,FAILED
3260,5,17,72.10,2026-08-01 16:39:00,FAILED
3261,4,19,3206.70,2026-08-14 17:55:00,PENDING
3262,2,2,4924.70,2026-08-25 02:50:00,PENDING
3263,9,10,887.90,2026-08-29 23:51:00,SUCCESS
3264,3,12,2351.70,2026-08-28 12:14:00,SUCCESS
3265,8,4,1082.70,2026-08-11 03:16:00,PENDING
3266,8,7,2078.80,2026-08-29 19:42:00,PENDING
3267,7,9,4817.10,2026-08-25 03:12:00,PENDING
3268,7,12,2983.80,2026-08-12 05:14:00,SUCCESS
3269,3,11,3865.80,2026-08-28 00:11:00,PENDING
3270,10,5,1133.60,2026-08-08 02:51:00,REFUNDED
3271,2,3,3341.40,2026-08-19 18:49:00,FAILED
3272,7,2,4204.70,2026-08-22 04:55:00,PENDING
3273,5,4,1851.40,2026-08-20 06:57:00,SUCCESS
3274,3,16,877.50,2026-08-16 15:08:00,PENDING
3275,6,8,4563.10,2026-08-20 21:02:00,PENDING
3276,9,7,1429.40,2026-08-24 14:32:00,REFUNDED
3277,7,7,3424.10,2026-08-07 13:46:00,REFUNDED
3278,2,1,1026.50,2026-08-01 13:51:00,FAILED
3279,5,13,2108.00,2026-08-23 06:03:00,SUCCESS
3280,2,8,3361.10,2026-08-11 09:01:00,SUCCESS
3281,3,16,692.20,2026-08-26 16:43:00,PENDING
3282,6,6,1144.60,2026-08-24 04:36:00,PENDING
3283,3,1,916.90,2026-08-20 17:54:00,REFUNDED
3284,9,14,4984.30,2026-08-26 21:30:00,FAILED
3285,5,20,4402.60,2026-08-12 22:28:00,FAILED
3286,9,16,364.20,2026-08-09 18:33:00,PENDING
3287,7,16,510.60,2026-08-20 10:33:00,REFUNDED
3288,7,14,5032.50,2026-08-10 06:59:00,PENDING
3289,1,5,1200.60,2026-08-19 20:17:00,SUCCESS
3290,10,3,3690.70,2026-08-17 14:44:00,PENDING
3291,8,4,4362.00,2026-08-28 16:08:00,REFUNDED
3292,7,6,2542.40,2026-08-27 08:43:00,REFUNDED
3293,3,14,1855.80,2026-08-27 16:18:00,FAILED
3294,5,19,3372.90,2026-08-11 02:58:00,REFUNDED
3295,9,9,214.50,2026-08-01 17:34:00,PENDING
3296,5,13,2614.40,2026-08-17 23:19:00,PENDING
3297,3,10,4535.20,2026-08-06 21:57:00,FAILED
3298,1,11,2977.80,2026-08-01 15:10:00,FAILED
3299,10,13,2952.20,2026-08-09 06:47:00,PENDING
3300,8,1,1517.80,2026-08-05 10:47:00,SUCCESS
3301,3,7,647.90,2026-08-05 06:38:00,PENDING
3302,9,15,4072.10,2026-08-19 16:24:00,PENDING
3303,3,19,569.70,2026-08-07 12:33:00,SUCCESS
3304,2,19,3929.70,2026-08-23 19:59:00,REFUNDED
3305,10,17,447.90,2026-08-25 03:55:00,FAILED
3306,8,1,3047.30,2026-08-06 06:06:00,REFUNDED
3307,10,13,351.40,2026-08-05 21:48:00,FAILED
3308,1,10,4340.20,2026-08-13 10:22:00,FAILED
3309,4,14,4892.40,2026-08-03 00:07:00,FAILED
3310,7,11,3219.70,2026-08-10 10:34:00,FAILED
3311,6,17,3523.90,2026-08-19 12:37:00,FAILED
3312,6,3,2592.50,2026-08-17 23:38:00,SUCCESS
3313,7,18,1797.20,2026-08-06 19:51:00,PENDING
3314,8,13,3091.20,2026-08-21 06:10:00,PENDING
3315,10,2,694.20,2026-08-10 13:01:00,REFUNDED
3316,5,17,4664.60,2026-08-25 16:04:00,REFUNDED
3317,3,17,584.50,2026-08-07 14:57:00,PENDING
3318,1,12,2894.00,2026-08-06 11:42:00,SUCCESS
3319,5,2,2597.40,2026-08-25 01:48:00,REFUNDED
3320,4,19,2967.90,2026-08-25 17:24:00,FAILED
3321,10,4,4605.50,2026-08-18 03:01:00,FAILED
3322,7,16,3868.80,2026-08-01 17:05:00,REFUNDED
3323,5,11,1807.80,2026-08-26 13:31:00,PENDING
3324,2,15,4877.20,2026-08-12 19:14:00,REFUNDED
3325,8,20,3104.20,2026-08-01 21:57:00,REFUNDED
3326,4,10,2089.10,2026-08-04 07:39:00,REFUNDED
3327,6,6,1067.10,2026-08-08 14:25:00,FAILED
3328,7,16,2565.50,2026-08-23 05:19:00,SUCCESS
3329,8,9,641.00,2026-08-18 15:37:00,REFUNDED
3330,10,9,3697.50,2026-08-23 16:31:00,REFUNDED
3331,10,12,147.10,2026-08-14 02:39:00,SUCCESS
3332,9,6,4108.40,2026-08-28 00:49:00,PENDING
3333,2,14,828.50,2026-08-03 01:43:00,PENDING
3334,5,14,4032.50,2026-08-22 23:39:00,SUCCESS
3335,3,10,387.20,2026-08-29 01:57:00,FAILED
3336,2,7,152.70,2026-08-17 13:52:00,PENDING
3337,7,18,804.20,2026-08-11 20:19:00,PENDING
3338,2,18,3914.00,2026-08-16 05:27:00,PENDING
3339,10,11,2913.20,2026-08-02 08:07:00,SUCCESS
3340,7,15,706.90,2026-08-11 19:42:00,PENDING
3341,10,20,2284.60,2026-08-02 10:42:00,SUCCESS
3342,7,19,3915.10,2026-08-30 08:57:00,FAILED
3343,5,11,2842.00,2026-08-23 22:33:00,PENDING
3344,5,3,1633.20,2026-08-27 01:56:00,SUCCESS
3345,5,6,378.10,2026-08-15 08:33:00,SUCCESS
3346,8,17,2223.00,2026-08-27 22:37:00,SUCCESS
3347,2,3,2039.70,2026-08-11 05:14:00,REFUNDED
3348,7,16,2430.70,2026-08-31 04:27:00,FAILED
3349,1,100.00
3350,6,20,3662.20,2026-08-28 01:12:00,SUCCESS
3351,4,15,4323.00,2026-08-16 16:26:00,SUCCESS
3352,5,18,1376.30,2026-08-29 05:57:00,PENDING
3353,3,15,3537.50,2026-08-07 06:12:00,SUCCESS
3354,5,7,1351.40,2026-08-28 06:08:00,REFUNDED
3355,10,18,3374.20,2026-08-04 14:06:00,REFUNDED
3356,10,16,379.00,2026-08-24 01:39:00,PENDING
3357,1,7,1357.70,2026-08-06 15:13:00,FAILED
3358,5,11,4376.10,2026-08-11 16:27:00,REFUNDED
3359,2,16,2101.50,2026-08-18 04:53:00,REFUNDED
3360,8,12,4140.80,2026-08-03 05:24:00,SUCCESS
3361,6,20,2087.80,2026-08-17 05:49:00,SUCCESS
3362,5,8,348.80,2026-08-30 00:37:00,SUCCESS
3363,6,20,1707.20,2026-08-22 10:15:00,SUCCESS
3364,5,8,3727.40,2026-08-30 14:34:00,REFUNDED
3365,2,17,3942.40,2026-08-25 14:30:00,PENDING
3366,3,3,4209.20,2026-08-29 14:48:00,FAILED
3367,9,17,2343.20,2026-08-28 06:49:00,SUCCESS
3368,3,5,4184.90,2026-08-01 22:21:00,FAILED
3369,1,9,265.50,2026-08-07 20:15:00,FAILED
3370,4,10,2702.00,2026-08-11 07:08:00,PENDING
3371,4,7,2187.10,2026-08-09 15:11:00,FAILED
3372,1,10,2912.10,2026-08-15 08:26:00,PENDING
3373,9,10,3280.70,2026-08-28 11:37:00,PENDING
3374,7,6,4238.30,2026-08-10 09:05:00,REFUNDED
3375,10,12,1470.60,2026-08-14 13:07:00,PENDING
3376,3,17,2723.60,2026-08-04 11:20:00,FAILED
3377,10,4,3847.40,2026-08-03 09:57:00,REFUNDED
3378,5,13,1865.00,2026-08-10 06:07:00,PENDING
3379,4,5,798.00,2026-08-06 10:00:00,PENDING
3380,4,13,1063.70,2026-08-18 17:20:00,FAILED
3381,9,16,4472.40,2026-08-07 03:36:00,SUCCESS
3382,10,14,2466.80,2026-08-11 23:07:00,REFUNDED
3383,10,11,3007.20,2026-08-01 17:48:00,REFUNDED
3384,2,10,1370.60,2026-08-12 23:50:00,FAILED
3385,5,20,1525.60,2026-08-25 19:28:00,PENDING
3386,1,11,4994.40,2026-08-04 10:15:00,FAILED
3387,7,19,3603.90,2026-08-17 08:12:00,PENDING
3388,5,1,1971.20,2026-08-29 04:48:00,REFUNDED
3389,9,11,2804.40,2026-08-07 04:27:00,REFUNDED
3390,6,11,1979.40,2026-08-30 19:37:00,SUCCESS
3391,9,1,2566.30,2026-08-28 01:02:00,FAILED
3392,10,6,4748.00,2026-08-20 07:36:00,SUCCESS
3393,8,13,586.30,2026-08-19 00:33:00,REFUNDED
3394,2,14,2351.10,2026-08-10 13:11:00,REFUNDED
3395,7,15,4407.40,2026-08-04 12:48:00,FAILED
3396,4,18,594.80,2026-08-05 19:27:00,SUCCESS
3397,8,10,2360.40,2026-08-16 16:02:00,SUCCESS
3398,3,6,441.50,2026-08-27 20:58:00,SUCCESS
3399,3,1,2746.00,2026-08-04 06:45:00,PENDING
3400,10,15,569.00,2026-08-12 16:33:00,FAILED
3401,9,3,1712.40,2026-08-29 07:49:00,REFUNDED
3402,10,17,958.00,2026-08-12 18:48:00,REFUNDED
3403,1,15,3631.80,2026-08-08 15:47:00,FAILED
3404,4,1,2725.70,2026-08-13 14:54:00,REFUNDED
3405,3,17,4755.20,2026-08-23 12:12:00,SUCCESS
3406,3,14,4659.60,2026-08-12 17:24:00,SUCCESS
3407,6,1,1133.10,2026-08-11 03:10:00,SUCCESS
3408,10,19,4437.50,2026-08-22 20:08:00,PENDING
3409,9,16,1777.10,2026-08-08 23:59:00,FAILED
3410,6,19,586.60,2026-08-20 00:58:00,PENDING
3411,4,14,4000.90,2026-08-23 11:37:00,REFUNDED
3412,9,13,1836.40,2026-08-23 05:26:00,SUCCESS
3413,6,8,4901.70,2026-08-11 18:27:00,REFUNDED
3414,7,9,2836.00,2026-08-30 13:14:00,PENDING
3415,1,100.00
3416,9,3,4713.60,2026-08-13 04:28:00,PENDING
3417,3,10,2043.10,2026-08-03 21:22:00,PENDING
3418,4,13,431.70,2026-08-08 19:47:00,REFUNDED
3419,5,14,4139.60,2026-08-03 04:40:00,FAILED
3420,8,9,3317.70,2026-08-30 17:03:00,PENDING
3421,4,18,871.40,2026-08-27 22:23:00,SUCCESS
3422,2,3,143.60,2026-08-03 02:41:00,REFUNDED
3423,1,12,687.60,2026-08-18 15:03:00,SUCCESS
3424,7,8,2027.90,2026-08-04 21:06:00,FAILED
3425,1,8,504.60,2026-08-27 17:36:00,REFUNDED
3426,9,3,1890.10,2026-08-13 05:08:00,FAILED
3427,2,19,1971.60,2026-08-05 19:24:00,SUCCESS
3428,2,11,3014.10,2026-08-29 06:21:00,PENDING
3429,2,16,4954.60,2026-08-08 19:47:00,FAILED
3430,4,13,3645.50,2026-08-24 02:04:00,PENDING
3431,2,10,2839.60,2026-08-31 03:34:00,PENDING
3432,8,2,1095.70,2026-08-18 12:34:00,SUCCESS
3433,5,18,2981.20,2026-08-01 17:59:00,SUCCESS
3434,2,2,3678.60,2026-08-19 01:50:00,FAILED
3435,9,19,1642.00,2026-08-10 05:47:00,SUCCESS
3436,4,9,3213.40,2026-08-23 22:01:00,REFUNDED
3437,7,9,892.70,2026-08-18 06:17:00,REFUNDED
3438,2,13,1575.70,2026-08-30 10:34:00,REFUNDED
3439,10,14,4455.60,2026-08-29 10:11:00,FAILED
3440,3,2,4645.00,2026-08-01 18:42:00,PENDING
3441,5,16,3169.80,2026-08-08 13:24:00,REFUNDED
3442,7,13,1995.50,2026-08-16 00:15:00,PENDING
3443,5,6,383.60,2026-08-28 14:23:00,PENDING
3444,1,15,3039.40,2026-08-15 17:01:00,PENDING
3445,6,5,225.30,2026-08-16 17:44:00,SUCCESS
3446,1,13,2972.40,2026-08-29 02:54:00,SUCCESS
3447,1,15,1712.50,2026-08-25 09:38:00,FAILED
3448,5,4,54.30,2026-08-13 19:50:00,PENDING
3449,10,18,120.60,2026-08-18 20:42:00,FAILED
3450,5,2,2660.60,2026-08-17 12:14:00,FAILED
3451,7,15,4344.80,2026-08-16 09:20:00,SUCCESS
3452,3,18,4155.80,2026-08-24 05:25:00,FAILED
3453,3,9,1526.60,2026-08-09 00:15:00,SUCCESS
3454,4,14,4527.50,2026-08-23 13:08:00,REFUNDED
3455,10,16,1672.80,2026-08-24 07:00:00,FAILED
3456,2,10,5000.70,2026-08-23 23:02:00,FAILED
3457,8,19,128.00,2026-08-05 23:21:00,PENDING
3458,7,10,1205.10,2026-08-07 10:33:00,REFUNDED
3459,6,16,4066.10,2026-08-18 16:24:00,SUCCESS
3460,7,19,675.50,2026-08-17 17:39:00,REFUNDED
3461,10,1,1687.60,2026-08-16 09:17:00,FAILED
3462,10,2,1961.40,2026-08-18 03:00:00,FAILED
3463,2,5,4989.80,2026-08-05 03:22:00,SUCCESS
3464,6,5,2412.80,2026-08-15 14:26:00,FAILED
3465,10,19,1835.00,2026-08-31 02:40:00,REFUNDED
3466,1,16,3105.70,2026-08-28 15:09:00,FAILED
3467,2,6,2743.00,2026-08-22 18:51:00,SUCCESS
3468,5,5,250.10,2026-08-14 22:35:00,PENDING
3469,2,5,3972.00,2026-08-04 09:54:00,REFUNDED
3470,4,4,1124.30,2026-08-14 00:13:00,PENDING
3471,6,19,1515.50,2026-08-01 15:05:00,PENDING
3472,1,8,4967.80,2026-08-26 09:48:00,REFUNDED
3473,2,1,3135.90,2026-08-19 02:58:00,REFUNDED
3474,1,12,4203.00,2026-08-25 21:34:00,PENDING
3475,10,7,1051.30,2026-08-12 23:12:00,FAILED
3476,1,1,1309.90,2026-08-01 11:05:00,SUCCESS
3477,9,16,4527.10,2026-08-13 18:02:00,FAILED
3478,3,14,492.70,2026-08-24 16:18:00,FAILED
3479,3,19,1977.80,2026-08-21 03:15:00,PENDING
3480,1,1,5000,2026-08-01 12:00:00,UNKNOWN_STATUS
3481,10,20,296.30,2026-08-30 06:56:00,SUCCESS
3482,8,4,2102.40,2026-08-03 17:19:00,PENDING
3483,1,3,1750.40,2026-08-29 20:17:00,PENDING
3484,9,8,4116.60,2026-08-23 14:08:00,REFUNDED
3485,7,17,2096.30,2026-08-16 19:36:00,PENDING
3486,9,7,2209.80,2026-08-25 06:11:00,SUCCESS
3487,10,14,3580.90,2026-08-12 17:22:00,REFUNDED
3488,8,9,377.10,2026-08-10 13:37:00,PENDING
3489,4,1,3512.90,2026-08-12 04:03:00,PENDING
3490,3,20,3811.50,2026-08-31 03:10:00,FAILED
3491,1,1,NOT_A_NUMBER,2026-08-01 12:00:00,SUCCESS
3492,4,15,1126.70,2026-08-03 02:52:00,PENDING
3493,3,20,111.60,2026-08-23 07:22:00,REFUNDED
3494,1,6,3665.10,2026-08-22 22:02:00,REFUNDED
3495,6,14,2700.70,2026-08-19 11:09:00,FAILED
3496,2,15,4953.40,2026-08-23 10:58:00,SUCCESS
3497,6,18,3560.80,2026-08-13 10:33:00,REFUNDED
3498,3,7,3171.40,2026-08-06 19:34:00,FAILED
3499,6,3,2151.50,2026-08-06 07:15:00,REFUNDED
3500,10,7,3097.60,2026-08-11 03:45:00,REFUNDED
3501,2,10,1344.60,2026-08-06 15:19:00,SUCCESS
3502,7,3,4415.30,2026-08-21 04:10:00,FAILED
3503,7,19,237.70,2026-08-27 12:08:00,FAILED
3504,3,12,4622.40,2026-08-19 17:37:00,SUCCESS
3505,10,4,970.10,2026-08-20 13:03:00,FAILED
3506,8,15,2757.80,2026-08-26 11:07:00,PENDING
3507,9,10,1245.10,2026-08-04 22:05:00,PENDING
3508,10,9,4562.60,2026-08-23 12:27:00,SUCCESS
3509,5,10,2971.40,2026-08-24 20:03:00,PENDING
3510,3,17,5019.40,2026-08-10 05:07:00,SUCCESS
3511,1,19,482.40,2026-08-16 12:29:00,FAILED
3512,5,11,4987.50,2026-08-04 10:15:00,PENDING
3513,1,13,2049.90,2026-08-26 18:20:00,PENDING
3514,6,15,2868.50,2026-08-13 05:34:00,SUCCESS
3515,9,1,1645.90,2026-08-10 15:26:00,FAILED
3516,7,19,3186.20,2026-08-15 07:56:00,REFUNDED
3517,1,20,4730.10,2026-08-24 21:29:00,REFUNDED
3518,3,1,4100.70,2026-08-06 21:27:00,FAILED
3519,1,1,5000,2026-08-01 12:00:00,UNKNOWN_STATUS
3520,1,1,NOT_A_NUMBER,2026-08-01 12:00:00,SUCCESS
3521,2,15,4079.40,2026-08-10 11:44:00,REFUNDED
3522,7,1,4277.00,2026-08-27 00:25:00,FAILED
3523,1,7,1216.60,2026-08-13 05:19:00,REFUNDED
3524,5,20,1770.40,2026-08-13 01:40:00,SUCCESS
3525,6,13,1267.00,2026-08-23 17:31:00,FAILED
3526,3,19,651.40,2026-08-14 19:26:00,SUCCESS
3527,7,12,4221.30,2026-08-13 04:50:00,REFUNDED
3528,1,8,2962.60,2026-08-04 22:13:00,PENDING
3529,6,11,1767.00,2026-08-11 02:00:00,REFUNDED
3530,3,8,3794.10,2026-08-28 17:16:00,SUCCESS
3531,6,3,3949.10,2026-08-06 20:17:00,FAILED
3532,10,1,3628.40,2026-08-01 22:46:00,SUCCESS
3533,3,13,4173.40,2026-08-10 19:17:00,FAILED
3534,6,20,3238.40,2026-08-27 05:08:00,REFUNDED
3535,5,13,670.60,2026-08-20 08:24:00,SUCCESS
3536,9,15,2973.20,2026-08-23 10:49:00,FAILED
3537,1,1,NOT_A_NUMBER,2026-08-01 12:00:00,SUCCESS
3538,5,9,2744.00,2026-08-04 22:19:00,REFUNDED
3539,3,4,878.20,2026-08-04 05:51:00,SUCCESS
3540,3,7,3684.50,2026-08-28 12:16:00,SUCCESS
3541,7,12,205.30,2026-08-22 20:16:00,PENDING
3542,2,7,1270.30,2026-08-01 09:48:00,PENDING
3543,6,11,3697.80,2026-08-14 17:10:00,SUCCESS
3544,10,12,4352.90,2026-08-09 12:48:00,REFUNDED
3545,9,13,1657.30,2026-08-20 04:36:00,FAILED
3546,2,14,4552.70,2026-08-14 18:42:00,FAILED
3547,3,2,771.60,2026-08-17 22:33:00,REFUNDED
3548,2,1,3992.50,2026-08-29 01:23:00,SUCCESS
3549,1,3,4286.90,2026-08-19 16:13:00,FAILED
3550,8,12,4950.30,2026-08-16 19:37:00,FAILED
3551,4,7,4669.60,2026-08-20 06:55:00,FAILED
3552,9,20,2720.80,2026-08-03 17:15:00,REFUNDED
3553,7,8,1039.90,2026-08-29 08:37:00,REFUNDED
3554,1,9,2731.60,2026-08-11 07:45:00,FAILED
3555,2,16,2550.00,2026-08-11 02:46:00,REFUNDED
3556,8,2,4236.50,2026-08-08 12:47:00,FAILED
3557,1,1,4942.10,2026-08-28 04:27:00,SUCCESS
3558,5,10,1943.30,2026-08-11 12:26:00,SUCCESS
3559,1,7,598.40,2026-08-30 21:24:00,FAILED
3560,8,4,821.80,2026-08-10 15:23:00,FAILED
3561,5,4,3955.00,2026-08-18 16:42:00,SUCCESS
3562,7,2,3228.80,2026-08-04 18:14:00,FAILED
3563,10,7,382.90,2026-08-22 12:41:00,PENDING
3564,1,9,389.30,2026-08-18 22:38:00,PENDING
3565,2,3,3745.70,2026-08-02 08:21:00,SUCCESS
3566,7,13,1763.40,2026-08-23 23:46:00,SUCCESS
3567,5,8,3895.40,2026-08-09 05:16:00,SUCCESS
3568,2,3,1510.60,2026-08-11 04:37:00,PENDING
3569,6,17,4454.00,2026-08-22 08:46:00,FAILED
3570,2,6,1075.30,2026-08-16 05:07:00,REFUNDED
3571,7,10,1897.80,2026-08-28 21:42:00,SUCCESS
3572,10,8,770.90,2026-08-20 01:31:00,REFUNDED
3573,3,9,2052.70,2026-08-20 09:05:00,REFUNDED
3574,5,10,3769.90,2026-08-30 22:30:00,PENDING
3575,9,6,551.90,2026-08-28 09:07:00,FAILED
3576,10,12,2193.40,2026-08-17 04:11:00,SUCCESS
3577,6,16,3818.60,2026-08-12 20:55:00,PENDING
3578,9,15,4425.40,2026-08-15 06:07:00,PENDING
3579,2,18,3106.90,2026-08-04 17:43:00,REFUNDED
3580,7,11,2132.60,2026-08-28 02:34:00,PENDING
3581,9,6,4320.20,2026-08-14 10:44:00,SUCCESS
3582,4,14,3914.60,2026-08-02 08:35:00,FAILED
3583,5,9,1978.10,2026-08-26 23:47:00,REFUNDED
3584,6,18,2860.40,2026-08-02 23:40:00,REFUNDED
3585,4,8,4843.60,2026-08-15 11:16:00,REFUNDED
3586,2,5,3334.30,2026-08-02 10:22:00,REFUNDED
3587,2,11,2888.80,2026-08-20 17:37:00,PENDING
3588,7,4,2466.50,2026-08-28 05:35:00,PENDING
3589,10,16,544.00,2026-08-28 10:23:00,FAILED
3590,7,11,1196.10,2026-08-23 12:32:00,REFUNDED
3591,10,5,4882.00,2026-08-10 06:19:00,PENDING
3592,1,1,5000,INVALID_DATE_TIME,SUCCESS
3593,1,20,2395.90,2026-08-08 05:01:00,PENDING
3594,10,15,219.40,2026-08-11 21:58:00,FAILED
3595,4,15,4562.30,2026-08-28 06:26:00,PENDING
3596,4,7,3742.30,2026-08-22 22:09:00,FAILED
3597,5,13,878.10,2026-08-04 06:43:00,FAILED
3598,10,1,967.30,2026-08-25 00:31:00,REFUNDED
3599,1,14,3750.90,2026-08-22 18:06:00,REFUNDED
3600,4,18,1397.80,2026-08-20 07:33:00,REFUNDED
3601,8,1,1150.00,2026-08-30 17:11:00,REFUNDED
3602,3,15,4852.70,2026-08-04 19:15:00,FAILED
3603,8,16,3591.50,2026-08-25 12:21:00,FAILED
3604,10,4,3942.60,2026-08-27 05:00:00,SUCCESS
3605,2,17,1950.50,2026-08-15 20:09:00,PENDING
3606,10,1,2982.50,2026-08-08 17:21:00,PENDING
3607,7,4,281.20,2026-08-20 21:48:00,SUCCESS
3608,1,13,2675.10,2026-08-10 03:52:00,PENDING
3609,7,2,2523.00,2026-08-10 23:39:00,FAILED
3610,1,11,2711.50,2026-08-11 09:11:00,REFUNDED
3611,10,13,2991.90,2026-08-05 01:10:00,FAILED
3612,5,16,415.90,2026-08-02 01:23:00,FAILED
3613,4,11,2728.30,2026-08-15 15:28:00,FAILED
3614,4,7,4514.20,2026-08-15 12:42:00,PENDING
3615,6,3,837.80,2026-08-05 19:14:00,REFUNDED
3616,1,10,1488.00,2026-08-28 10:46:00,SUCCESS
3617,8,16,4308.20,2026-08-10 22:04:00,REFUNDED
3618,10,6,3585.30,2026-08-10 10:09:00,REFUNDED
3619,10,15,2770.60,2026-08-08 08:30:00,PENDING
3620,9,10,3209.70,2026-08-27 17:30:00,FAILED
3621,7,12,748.60,2026-08-30 13:54:00,PENDING
3622,1,20,1409.00,2026-08-04 19:25:00,FAILED
3623,10,18,3221.10,2026-08-12 19:27:00,PENDING
3624,1,16,826.30,2026-08-26 23:01:00,REFUNDED
3625,1,100.00
3626,8,12,1832.20,2026-08-22 08:50:00,FAILED
3627,2,1,4030.50,2026-08-23 02:06:00,REFUNDED
3628,3,19,4027.60,2026-08-22 21:02:00,REFUNDED
3629,3,1,3870.50,2026-08-09 17:09:00,SUCCESS
3630,6,8,3447.00,2026-08-17 17:41:00,FAILED
3631,10,7,1584.70,2026-08-09 15:38:00,SUCCESS
3632,4,13,2235.80,2026-08-30 12:33:00,REFUNDED
3633,7,7,674.90,2026-08-23 21:04:00,SUCCESS
3634,9,4,1933.10,2026-08-23 06:57:00,PENDING
3635,4,18,1283.50,2026-08-12 05:29:00,SUCCESS
3636,3,5,603.50,2026-08-18 11:12:00,PENDING
3637,5,10,1308.40,2026-08-29 20:36:00,PENDING
3638,9,5,1226.30,2026-08-19 22:59:00,REFUNDED
3639,1,19,2618.60,2026-08-17 22:12:00,REFUNDED
3640,9,12,2568.10,2026-08-19 20:10:00,REFUNDED
3641,2,7,3454.70,2026-08-16 13:16:00,FAILED
3642,4,18,4856.60,2026-08-19 06:27:00,SUCCESS
3643,3,6,257.50,2026-08-04 22:38:00,REFUNDED
3644,7,5,2829.00,2026-08-21 04:25:00,PENDING
3645,3,8,2833.00,2026-08-02 20:25:00,SUCCESS
3646,7,17,1436.00,2026-08-27 07:08:00,SUCCESS
3647,9,19,2543.00,2026-08-13 16:21:00,REFUNDED
3648,5,18,3561.10,2026-08-05 23:19:00,PENDING
3649,9,6,4069.80,2026-08-07 04:57:00,FAILED
3650,1,4,2248.90,2026-08-05 03:27:00,PENDING
3651,1,18,1404.80,2026-08-27 18:57:00,REFUNDED
3652,9,18,1297.90,2026-08-14 02:25:00,SUCCESS
3653,1,20,1213.70,2026-08-07 23:28:00,REFUNDED
3654,8,19,3544.60,2026-08-27 06:40:00,SUCCESS
3655,10,14,4509.80,2026-08-27 02:56:00,FAILED
3656,1,15,1835.90,2026-08-10 19:25:00,REFUNDED
3657,4,13,436.20,2026-08-20 15:51:00,FAILED
3658,10,9,3289.10,2026-08-01 08:39:00,SUCCESS
3659,9,13,2928.30,2026-08-18 19:03:00,SUCCESS
3660,2,10,498.00,2026-08-15 18:28:00,SUCCESS
3661,1,2,179.40,2026-08-08 08:08:00,SUCCESS
3662,4,20,843.70,2026-08-14 13:28:00,PENDING
3663,4,2,1569.40,2026-08-16 23:37:00,REFUNDED
3664,9,5,1783.40,2026-08-11 00:02:00,FAILED
3665,9,2,1507.70,2026-08-05 02:06:00,SUCCESS
3666,5,5,2570.50,2026-08-22 02:09:00,REFUNDED
3667,1,7,2241.20,2026-08-25 12:40:00,PENDING
3668,5,13,1886.30,2026-08-11 20:59:00,PENDING
3669,9,17,4366.20,2026-08-17 14:55:00,REFUNDED
3670,2,12,2907.30,2026-08-11 16:55:00,REFUNDED
3671,10,19,675.60,2026-08-23 17:15:00,SUCCESS
3672,7,2,4843.60,2026-08-17 12:05:00,FAILED
3673,6,20,595.10,2026-08-14 23:48:00,SUCCESS
3674,7,9,4119.20,2026-08-21 19:54:00,REFUNDED
3675,2,9,3101.80,2026-08-17 12:29:00,REFUNDED
3676,9,10,1957.50,2026-08-05 21:24:00,SUCCESS
3677,1,1,NOT_A_NUMBER,2026-08-01 12:00:00,SUCCESS
3678,2,5,3532.90,2026-08-27 05:18:00,PENDING
3679,6,19,1553.00,2026-08-18 01:24:00,SUCCESS
3680,4,7,2561.10,2026-08-26 16:38:00,SUCCESS
3681,8,2,303.10,2026-08-27 18:02:00,PENDING
3682,1,5,2801.40,2026-08-18 00:56:00,SUCCESS
3683,7,4,755.90,2026-08-14 12:51:00,FAILED
3684,7,10,3638.10,2026-08-05 06:26:00,SUCCESS
3685,6,6,1334.40,2026-08-27 02:04:00,SUCCESS
3686,9,15,1783.90,2026-08-23 13:34:00,FAILED
3687,7,19,730.40,2026-08-30 00:23:00,SUCCESS
3688,5,7,1038.50,2026-08-24 02:42:00,SUCCESS
3689,10,6,1458.10,2026-08-18 21:59:00,SUCCESS
3690,2,18,1873.50,2026-08-04 18:58:00,FAILED
3691,8,2,2885.10,2026-08-19 22:36:00,SUCCESS
3692,4,8,3361.10,2026-08-31 01:21:00,REFUNDED
3693,5,16,324.00,2026-08-02 09:44:00,FAILED
3694,3,4,647.30,2026-08-27 14:31:00,FAILED
3695,1,12,705.50,2026-08-10 03:58:00,PENDING
3696,9,7,4157.50,2026-08-02 13:18:00,FAILED
3697,1,15,1178.10,2026-08-14 22:43:00,REFUNDED
3698,10,4,2291.80,2026-08-17 10:12:00,REFUNDED
3699,7,9,2570.50,2026-08-15 02:34:00,SUCCESS
3700,5,8,2237.70,2026-08-20 18:05:00,SUCCESS
3701,4,9,2753.80,2026-08-30 14:48:00,FAILED
3702,4,10,684.00,2026-08-07 16:43:00,FAILED
3703,2,9,4026.00,2026-08-17 01:50:00,REFUNDED
3704,6,13,410.50,2026-08-29 19:45:00,PENDING
3705,6,6,938.60,2026-08-16 15:02:00,REFUNDED
3706,2,12,2385.70,2026-08-06 07:51:00,SUCCESS
3707,2,5,3845.80,2026-08-24 10:08:00,SUCCESS
3708,1,1,NOT_A_NUMBER,2026-08-01 12:00:00,SUCCESS
3709,5,17,2266.90,2026-08-17 21:59:00,SUCCESS
3710,3,11,1957.30,2026-08-18 04:52:00,REFUNDED
3711,6,16,1991.40,2026-08-05 03:34:00,SUCCESS
3712,6,5,2286.00,2026-08-15 09:39:00,REFUNDED
3713,8,9,1976.00,2026-08-18 03:26:00,FAILED
3714,7,3,1079.20,2026-08-20 09:16:00,FAILED
3715,6,9,759.50,2026-08-06 06:49:00,SUCCESS
3716,8,17,366.50,2026-08-07 14:50:00,SUCCESS
3717,6,20,2225.30,2026-08-16 04:38:00,SUCCESS
3718,3,3,3017.70,2026-08-06 17:26:00,SUCCESS
3719,9,9,3901.40,2026-08-29 12:19:00,PENDING
3720,10,20,105.60,2026-08-28 13:22:00,REFUNDED
3721,3,4,2127.90,2026-08-03 06:05:00,SUCCESS
3722,10,18,2612.40,2026-08-07 20:33:00,SUCCESS
3723,5,15,634.50,2026-08-04 18:25:00,PENDING
3724,1,11,917.60,2026-08-08 03:36:00,SUCCESS
3725,10,16,4919.80,2026-08-29 18:53:00,PENDING
3726,1,100.00
3727,5,3,2674.50,2026-08-23 18:26:00,SUCCESS
3728,10,16,1184.30,2026-08-14 18:49:00,PENDING
3729,4,12,4998.80,2026-08-12 07:18:00,REFUNDED
3730,10,4,2103.10,2026-08-10 01:00:00,PENDING
3731,8,6,1437.60,2026-08-01 18:32:00,FAILED
3732,5,19,1162.50,2026-08-23 05:26:00,REFUNDED
3733,5,7,210.20,2026-08-18 18:41:00,REFUNDED
3734,6,6,4531.00,2026-08-24 22:36:00,SUCCESS
3735,4,12,2022.60,2026-08-11 21:14:00,PENDING
3736,2,1,81.70,2026-08-16 05:09:00,REFUNDED
3737,8,14,2359.40,2026-08-23 01:46:00,PENDING
3738,5,6,495.30,2026-08-18 00:55:00,REFUNDED
3739,8,5,1591.80,2026-08-23 11:39:00,REFUNDED
3740,7,18,4829.30,2026-08-25 09:51:00,REFUNDED
3741,4,3,310.80,2026-08-05 06:13:00,REFUNDED
3742,2,6,3616.90,2026-08-30 12:55:00,REFUNDED
3743,1,7,3260.20,2026-08-12 17:08:00,FAILED
3744,2,5,3669.00,2026-08-05 08:11:00,REFUNDED
3745,7,14,4548.20,2026-08-05 15:50:00,SUCCESS
3746,6,20,1881.10,2026-08-27 08:28:00,REFUNDED
3747,4,5,2479.00,2026-08-23 19:22:00,REFUNDED
3748,3,12,1484.80,2026-08-25 15:53:00,PENDING
3749,8,9,1199.10,2026-08-10 16:35:00,REFUNDED
3750,1,1,NOT_A_NUMBER,2026-08-01 12:00:00,SUCCESS
3751,1,14,2700.00,2026-08-27 23:33:00,FAILED
3752,5,6,3478.40,2026-08-05 08:16:00,REFUNDED
3753,1,10,1879.30,2026-08-30 03:16:00,REFUNDED
3754,5,2,1893.80,2026-08-25 10:05:00,REFUNDED
3755,8,14,2055.40,2026-08-20 11:45:00,FAILED
3756,7,1,1476.50,2026-08-29 09:48:00,FAILED
3757,3,11,2756.00,2026-08-22 10:26:00,REFUNDED
3758,7,1,4570.60,2026-08-28 02:32:00,PENDING
3759,9,20,2264.70,2026-08-11 11:26:00,FAILED
3760,6,12,1310.40,2026-08-19 03:38:00,SUCCESS
3761,5,8,3736.80,2026-08-12 23:44:00,SUCCESS
3762,9,19,3766.80,2026-08-16 09:17:00,SUCCESS
3763,1,1,69.40,2026-08-24 08:36:00,PENDING
3764,1,6,4268.60,2026-08-19 01:52:00,PENDING
3765,6,13,3675.40,2026-08-02 04:00:00,SUCCESS
3766,9,13,1332.70,2026-08-06 02:19:00,PENDING
3767,3,11,4299.20,2026-08-19 21:43:00,FAILED
3768,8,6,598.70,2026-08-11 02:11:00,SUCCESS
3769,2,3,410.00,2026-08-06 01:57:00,SUCCESS
3770,9,4,2093.50,2026-08-21 03:48:00,FAILED
3771,8,9,315.60,2026-08-29 18:41:00,FAILED
3772,1,14,825.20,2026-08-25 14:39:00,REFUNDED
3773,1,7,1832.90,2026-08-27 05:04:00,FAILED
3774,4,15,888.20,2026-08-24 04:19:00,FAILED
3775,7,3,3416.60,2026-08-12 20:17:00,SUCCESS
3776,9,6,2142.80,2026-08-06 06:50:00,REFUNDED
3777,7,20,1948.60,2026-08-30 00:16:00,SUCCESS
3778,6,9,1609.20,2026-08-17 06:17:00,PENDING
3779,9,14,3925.60,2026-08-20 21:49:00,REFUNDED
3780,2,2,3836.90,2026-08-28 09:18:00,REFUNDED
3781,3,18,3243.50,2026-08-21 23:56:00,PENDING
3782,4,17,3439.80,2026-08-03 01:39:00,FAILED
3783,8,2,748.00,2026-08-04 06:05:00,SUCCESS
3784,1,14,1883.90,2026-08-04 11:37:00,FAILED
3785,4,18,3354.00,2026-08-23 22:12:00,SUCCESS
3786,1,1,5000,2026-08-01 12:00:00,UNKNOWN_STATUS
3787,1,14,4258.20,2026-08-23 21:30:00,FAILED
3788,4,11,817.10,2026-08-06 08:35:00,REFUNDED
3789,4,6,3524.00,2026-08-07 10:19:00,PENDING
3790,1,14,2890.20,2026-08-19 21:01:00,FAILED
3791,4,7,517.50,2026-08-16 14:52:00,PENDING
3792,3,1,588.40,2026-08-19 12:24:00,FAILED
3793,6,13,1248.70,2026-08-01 12:47:00,FAILED
3794,5,6,4099.30,2026-08-18 10:38:00,FAILED
3795,5,20,68.10,2026-08-07 12:33:00,REFUNDED
3796,6,4,3592.80,2026-08-03 14:34:00,PENDING
3797,5,14,1022.90,2026-08-03 16:26:00,SUCCESS
3798,6,9,3782.90,2026-08-28 15:26:00,SUCCESS
3799,10,17,4144.00,2026-08-16 18:14:00,FAILED
3800,5,3,4246.00,2026-08-18 08:12:00,PENDING
3801,6,20,4929.60,2026-08-12 20:18:00,SUCCESS
3802,10,18,3862.50,2026-08-17 04:28:00,PENDING
3803,5,8,1579.60,2026-08-06 15:32:00,REFUNDED
3804,1,4,1562.50,2026-08-04 04:50:00,FAILED
3805,6,17,3477.90,2026-08-16 10:29:00,FAILED
3806,10,16,1913.50,2026-08-11 11:38:00,PENDING
3807,3,8,1442.90,2026-08-01 10:51:00,REFUNDED
3808,10,7,1611.60,2026-08-21 00:34:00,FAILED
3809,5,8,1997.50,2026-08-07 08:25:00,SUCCESS
3810,1,19,707.70,2026-08-15 18:39:00,REFUNDED
3811,2,15,3387.20,2026-08-19 00:11:00,FAILED
3812,8,6,2954.10,2026-08-20 14:28:00,REFUNDED
3813,2,8,2785.30,2026-08-24 08:45:00,REFUNDED
3814,3,6,3995.30,2026-08-21 16:21:00,FAILED
3815,5,7,4540.60,2026-08-20 03:52:00,SUCCESS
3816,4,8,2627.10,2026-08-12 18:55:00,REFUNDED
3817,4,17,4688.20,2026-08-07 12:21:00,FAILED
3818,7,8,3737.40,2026-08-14 16:00:00,SUCCESS
3819,7,11,487.40,2026-08-04 18:26:00,FAILED
3820,6,9,4300.50,2026-08-25 00:08:00,PENDING
3821,2,1,887.60,2026-08-29 17:36:00,REFUNDED
3822,6,17,1697.40,2026-08-07 07:14:00,PENDING
3823,1,6,113.00,2026-08-29 21:42:00,REFUNDED
3824,3,20,1087.10,2026-08-06 06:43:00,FAILED
3825,8,11,1413.10,2026-08-05 18:20:00,REFUNDED
3826,6,7,1980.70,2026-08-29 03:47:00,SUCCESS
3827,9,5,1410.80,2026-08-16 04:51:00,SUCCESS
3828,4,4,1307.10,2026-08-22 13:57:00,SUCCESS
3829,5,11,4258.70,2026-08-18 12:04:00,SUCCESS
3830,5,16,4246.50,2026-08-17 15:20:00,SUCCESS
3831,5,11,297.50,2026-08-14 10:06:00,SUCCESS
3832,5,7,697.10,2026-08-30 22:01:00,SUCCESS
3833,2,8,3961.70,2026-08-26 12:11:00,SUCCESS
3834,8,11,1620.50,2026-08-28 04:47:00,SUCCESS
3835,8,13,196.30,2026-08-03 07:15:00,SUCCESS
3836,3,19,263.20,2026-08-09 22:00:00,SUCCESS
3837,1,6,2024.50,2026-08-17 15:56:00,REFUNDED
3838,9,8,924.40,2026-08-17 11:06:00,SUCCESS
3839,10,7,3095.50,2026-08-29 08:11:00,REFUNDED
3840,5,20,451.20,2026-08-23 11:20:00,SUCCESS
3841,2,8,1897.90,2026-08-27 23:43:00,REFUNDED
3842,4,14,2749.20,2026-08-28 18:00:00,FAILED
3843,8,9,1450.70,2026-08-02 12:09:00,REFUNDED
3844,1,4,3704.80,2026-08-27 15:50:00,PENDING
3845,1,2,2889.20,2026-08-04 16:06:00,SUCCESS
3846,1,8,859.50,2026-08-10 19:19:00,REFUNDED
3847,3,17,2155.10,2026-08-09 17:35:00,REFUNDED
3848,9,18,3667.90,2026-08-11 08:31:00,FAILED
3849,2,16,2818.30,2026-08-17 21:46:00,REFUNDED
3850,4,6,2280.10,2026-08-28 16:00:00,REFUNDED
3851,4,16,2626.50,2026-08-04 18:49:00,REFUNDED
3852,4,1,4731.30,2026-08-30 23:57:00,SUCCESS
3853,8,16,935.50,2026-08-16 05:40:00,PENDING
3854,3,19,252.40,2026-08-02 15:36:00,FAILED
3855,6,10,73.10,2026-08-15 21:41:00,REFUNDED
3856,4,14,1486.30,2026-08-15 22:36:00,PENDING
3857,7,14,1588.70,2026-08-13 14:14:00,SUCCESS
3858,10,17,2068.60,2026-08-17 14:58:00,SUCCESS
3859,9,8,3796.40,2026-08-28 08:41:00,SUCCESS
3860,5,17,4798.20,2026-08-27 15:40:00,REFUNDED
3861,4,17,4484.60,2026-08-18 02:23:00,REFUNDED
3862,8,12,1908.40,2026-08-31 02:34:00,SUCCESS
3863,9,12,3286.10,2026-08-08 14:28:00,SUCCESS
3864,9,10,1283.70,2026-08-03 04:57:00,PENDING
3865,8,2,3077.90,2026-08-18 14:06:00,FAILED
3866,5,17,2229.20,2026-08-28 01:55:00,PENDING
3867,10,3,511.40,2026-08-30 21:36:00,REFUNDED
3868,10,10,216.80,2026-08-07 07:21:00,SUCCESS
3869,3,16,4684.70,2026-08-26 04:49:00,FAILED
3870,2,11,540.50,2026-08-19 23:14:00,SUCCESS
3871,6,17,246.90,2026-08-04 06:28:00,SUCCESS
3872,1,20,520.50,2026-08-16 09:27:00,FAILED
3873,3,2,163.10,2026-08-09 20:32:00,PENDING
3874,3,18,4911.80,2026-08-10 21:21:00,PENDING
3875,3,10,3818.70,2026-08-30 07:11:00,SUCCESS
3876,6,19,4594.50,2026-08-01 11:21:00,SUCCESS
3877,10,16,3122.60,2026-08-29 16:31:00,PENDING
3878,9,9,4334.70,2026-08-26 01:51:00,FAILED
3879,1,3,3094.50,2026-08-20 03:00:00,SUCCESS
3880,6,10,1445.40,2026-08-23 10:54:00,PENDING
3881,1,17,2149.40,2026-08-10 14:21:00,SUCCESS
3882,2,14,3809.60,2026-08-21 02:16:00,REFUNDED
3883,6,8,4651.90,2026-08-28 10:04:00,FAILED
3884,6,12,1085.70,2026-08-23 18:07:00,FAILED
3885,5,12,2864.50,2026-08-27 06:49:00,PENDING
3886,7,16,4482.40,2026-08-21 04:11:00,PENDING
3887,1,1,4428.00,2026-08-26 12:42:00,PENDING
3888,1,100.00
3889,9,12,4379.90,2026-08-19 19:42:00,FAILED
3890,10,13,4509.80,2026-08-18 17:20:00,PENDING
3891,8,11,373.30,2026-08-23 21:21:00,REFUNDED
3892,1,100.00
3893,9,14,2705.90,2026-08-16 13:59:00,PENDING
3894,1,2,4936.60,2026-08-12 03:03:00,SUCCESS
3895,2,6,194.00,2026-08-21 14:03:00,SUCCESS
3896,3,7,4152.50,2026-08-16 19:14:00,PENDING
3897,6,8,3845.30,2026-08-08 00:36:00,REFUNDED
3898,1,100.00
3899,1,11,4158.20,2026-08-21 20:02:00,REFUNDED
3900,1,13,2836.40,2026-08-17 11:19:00,PENDING
3901,3,14,699.10,2026-08-24 09:02:00,SUCCESS
3902,9,3,4820.40,2026-08-27 01:07:00,REFUNDED
3903,2,12,844.70,2026-08-22 05:05:00,FAILED
3904,5,3,2566.90,2026-08-11 10:25:00,SUCCESS
3905,1,8,836.50,2026-08-08 13:46:00,PENDING
3906,3,19,1497.50,2026-08-24 07:17:00,SUCCESS
3907,7,11,1004.30,2026-08-30 23:32:00,FAILED
3908,10,2,243.40,2026-08-13 11:43:00,FAILED
3909,8,10,3347.30,2026-08-19 18:34:00,PENDING
3910,8,1,2797.70,2026-08-27 12:58:00,FAILED
3911,2,7,1202.00,2026-08-08 10:06:00,SUCCESS
3912,5,14,4083.40,2026-08-17 15:15:00,FAILED
3913,10,10,3176.50,2026-08-17 04:04:00,REFUNDED
3914,2,20,4250.70,2026-08-24 02:33:00,FAILED
3915,1,1,5000,INVALID_DATE_TIME,SUCCESS
3916,10,14,1993.80,2026-08-08 12:40:00,REFUNDED
3917,3,18,3376.10,2026-08-31 03:34:00,FAILED
3918,8,15,859.10,2026-08-24 09:23:00,REFUNDED
3919,1,100.00
3920,9,18,3201.90,2026-08-12 04:13:00,PENDING
3921,8,13,4431.20,2026-08-04 05:23:00,FAILED
3922,5,15,3999.70,2026-08-24 03:37:00,REFUNDED
3923,8,20,2936.90,2026-08-15 03:42:00,PENDING
3924,9,15,4613.40,2026-08-12 13:58:00,PENDING
3925,8,15,494.00,2026-08-13 12:18:00,SUCCESS
3926,3,3,2314.40,2026-08-13 13:13:00,SUCCESS
3927,4,10,689.30,2026-08-13 18:11:00,PENDING
3928,7,9,1351.50,2026-08-12 00:39:00,SUCCESS
3929,6,17,1920.80,2026-08-15 05:58:00,PENDING
3930,10,11,2977.30,2026-08-06 10:52:00,SUCCESS
3931,2,1,3031.20,2026-08-21 14:03:00,FAILED
3932,2,5,1647.30,2026-08-02 10:28:00,PENDING
3933,1,3,2684.60,2026-08-10 22:36:00,REFUNDED
3934,8,6,749.20,2026-08-04 16:53:00,FAILED
3935,7,10,2806.50,2026-08-31 00:27:00,FAILED
3936,8,9,3733.10,2026-08-18 13:15:00,FAILED
3937,5,10,3550.80,2026-08-20 04:11:00,FAILED
3938,1,8,4230.00,2026-08-19 22:58:00,FAILED
3939,7,17,1452.70,2026-08-16 12:02:00,FAILED
3940,7,9,3734.00,2026-08-18 06:51:00,REFUNDED
3941,10,2,2571.50,2026-08-26 06:41:00,REFUNDED
3942,3,13,1595.80,2026-08-16 19:00:00,PENDING
3943,3,6,297.00,2026-08-30 19:44:00,SUCCESS
3944,8,5,4062.60,2026-08-19 22:20:00,FAILED
3945,7,17,2965.20,2026-08-16 12:02:00,SUCCESS
3946,4,3,3607.00,2026-08-24 11:41:00,SUCCESS
3947,6,8,4366.20,2026-08-03 03:19:00,PENDING
3948,5,15,397.20,2026-08-23 22:56:00,SUCCESS
3949,6,19,1888.90,2026-08-23 21:14:00,REFUNDED
3950,9,9,4538.00,2026-08-20 02:19:00,SUCCESS
3951,1,1,NOT_A_NUMBER,2026-08-01 12:00:00,SUCCESS
3952,7,7,3491.70,2026-08-26 05:54:00,REFUNDED
3953,5,16,3723.20,2026-08-26 17:33:00,FAILED
3954,8,14,2236.70,2026-08-16 04:41:00,PENDING
3955,10,12,1911.00,2026-08-21 02:00:00,FAILED
3956,4,2,3446.70,2026-08-22 07:44:00,FAILED
3957,4,4,2155.80,2026-08-16 10:22:00,FAILED
3958,2,13,3067.20,2026-08-15 08:46:00,REFUNDED
3959,8,9,3198.90,2026-08-12 00:09:00,FAILED
3960,2,15,91.30,2026-08-11 18:33:00,REFUNDED
3961,9,1,1888.90,2026-08-25 01:16:00,SUCCESS
3962,4,3,3463.80,2026-08-10 13:58:00,SUCCESS
3963,1,1,NOT_A_NUMBER,2026-08-01 12:00:00,SUCCESS
3964,7,18,4100.20,2026-08-18 20:15:00,PENDING
3965,3,3,1167.10,2026-08-04 12:05:00,FAILED
3966,1,6,3867.80,2026-08-24 14:56:00,REFUNDED
3967,6,6,2945.70,2026-08-31 05:45:00,PENDING
3968,4,18,3633.80,2026-08-22 08:02:00,SUCCESS
3969,6,19,2897.80,2026-08-20 19:16:00,REFUNDED
3970,9,19,1589.90,2026-08-27 07:50:00,SUCCESS
3971,6,15,3829.70,2026-08-02 01:28:00,SUCCESS
3972,1,13,535.30,2026-08-14 21:42:00,REFUNDED
3973,7,11,1906.90,2026-08-28 13:07:00,SUCCESS
3974,9,3,4339.30,2026-08-01 09:14:00,REFUNDED
3975,5,15,3206.00,2026-08-29 20:19:00,REFUNDED
3976,7,7,2012.40,2026-08-11 18:49:00,FAILED
3977,7,3,2965.20,2026-08-27 12:40:00,REFUNDED
3978,2,11,815.00,2026-08-18 15:12:00,REFUNDED
3979,9,18,3996.10,2026-08-10 14:47:00,REFUNDED
3980,10,6,849.70,2026-08-25 21:21:00,REFUNDED
3981,8,12,3666.50,2026-08-24 02:43:00,PENDING
3982,9,3,3660.00,2026-08-04 08:11:00,SUCCESS
3983,5,18,732.60,2026-08-27 05:20:00,REFUNDED
3984,9,17,2761.50,2026-08-03 10:41:00,REFUNDED
3985,3,18,4237.80,2026-08-04 23:39:00,FAILED
3986,8,15,1099.70,2026-08-14 18:07:00,PENDING
3987,8,7,1220.40,2026-08-20 21:28:00,FAILED
3988,6,12,1643.00,2026-08-19 18:42:00,PENDING
3989,2,19,3611.60,2026-08-05 19:39:00,FAILED
3990,9,20,1880.30,2026-08-17 07:14:00,FAILED
3991,8,12,4580.20,2026-08-11 23:16:00,PENDING
3992,4,10,251.30,2026-08-14 05:01:00,REFUNDED
3993,3,3,1647.50,2026-08-11 06:53:00,SUCCESS
3994,1,4,3119.00,2026-08-11 00:01:00,REFUNDED
3995,5,13,212.90,2026-08-18 21:14:00,FAILED
3996,6,9,113.60,2026-08-28 15:12:00,REFUNDED
3997,1,1,NOT_A_NUMBER,2026-08-01 12:00:00,SUCCESS
3998,5,18,582.60,2026-08-06 11:01:00,SUCCESS
3999,5,11,483.50,2026-08-23 23:33:00,SUCCESS
4000,2,7,4535.80,2026-08-24 03:54:00,PENDING
4001,5,3,1468.70,2026-08-20 15:54:00,PENDING
4002,1,7,3332.00,2026-08-17 04:47:00,FAILED
4003,9,9,663.30,2026-08-09 13:03:00,REFUNDED
4004,9,7,4148.10,2026-08-09 06:02:00,FAILED
4005,1,100.00
4006,6,4,966.40,2026-08-22 16:21:00,REFUNDED
4007,1,12,343.10,2026-08-26 09:56:00,FAILED
4008,9,5,3075.20,2026-08-25 12:28:00,FAILED
4009,5,13,4815.50,2026-08-16 17:05:00,REFUNDED
4010,2,4,2428.80,2026-08-29 06:31:00,FAILED
4011,3,6,3356.60,2026-08-08 21:52:00,FAILED
4012,7,10,565.60,2026-08-26 18:49:00,FAILED
4013,1,18,3921.70,2026-08-03 16:45:00,REFUNDED
4014,9,17,2326.70,2026-08-16 10:27:00,PENDING
4015,6,8,775.40,2026-08-13 21:01:00,FAILED
4016,6,10,893.50,2026-08-06 13:03:00,FAILED
4017,1,5,2786.40,2026-08-29 18:59:00,REFUNDED
4018,1,20,1592.90,2026-08-14 14:45:00,PENDING
4019,9,7,4116.10,2026-08-23 07:38:00,FAILED
4020,6,1,2832.60,2026-08-20 14:12:00,SUCCESS
4021,5,5,3486.60,2026-08-30 14:09:00,REFUNDED
4022,10,7,1660.80,2026-08-14 08:37:00,PENDING
4023,3,9,4782.80,2026-08-17 07:11:00,FAILED
4024,3,13,4418.60,2026-08-13 23:09:00,FAILED
4025,6,4,3837.60,2026-08-30 02:37:00,PENDING
4026,4,11,2352.50,2026-08-31 03:35:00,SUCCESS
4027,5,20,176.30,2026-08-12 03:24:00,REFUNDED
4028,6,20,4305.30,2026-08-03 21:22:00,PENDING
4029,7,14,1636.90,2026-08-23 10:44:00,FAILED
4030,2,3,3292.50,2026-08-27 02:23:00,SUCCESS
4031,7,9,1783.30,2026-08-10 21:09:00,SUCCESS
4032,9,15,3035.80,2026-08-15 16:54:00,SUCCESS
4033,2,7,1101.80,2026-08-06 23:23:00,PENDING
4034,9,18,1039.30,2026-08-20 10:10:00,REFUNDED
4035,4,4,3102.50,2026-08-25 16:56:00,REFUNDED
4036,6,3,4130.00,2026-08-07 02:52:00,PENDING
4037,2,11,3648.20,2026-08-02 11:49:00,REFUNDED
4038,10,7,2827.00,2026-08-08 23:32:00,REFUNDED
4039,10,11,5014.10,2026-08-08 20:42:00,FAILED
4040,2,19,1798.10,2026-08-15 22:26:00,PENDING
4041,4,20,2310.40,2026-08-23 13:57:00,PENDING
4042,10,3,2539.20,2026-08-05 18:33:00,SUCCESS
4043,5,17,605.50,2026-08-11 06:34:00,PENDING
4044,1,1,NOT_A_NUMBER,2026-08-01 12:00:00,SUCCESS
4045,9,19,3332.50,2026-08-06 20:56:00,REFUNDED
4046,3,15,1327.60,2026-08-08 03:37:00,SUCCESS
4047,9,17,2711.10,2026-08-26 11:12:00,REFUNDED
4048,9,12,3021.60,2026-08-03 22:58:00,PENDING
4049,10,8,806.50,2026-08-13 08:39:00,SUCCESS
4050,1,2,1750.60,2026-08-27 06:45:00,FAILED
4051,10,19,4336.70,2026-08-28 22:51:00,SUCCESS
4052,6,18,3601.60,2026-08-05 04:39:00,REFUNDED
4053,4,15,1468.00,2026-08-27 09:48:00,FAILED
4054,4,19,4749.00,2026-08-03 13:43:00,SUCCESS
4055,10,14,3614.50,2026-08-11 08:29:00,FAILED
4056,10,1,3913.70,2026-08-29 01:35:00,REFUNDED
4057,10,18,1637.10,2026-08-20 21:08:00,FAILED
4058,9,14,4159.00,2026-08-09 22:05:00,SUCCESS
4059,1,2,2641.00,2026-08-16 14:51:00,REFUNDED
4060,3,7,1054.00,2026-08-04 06:38:00,REFUNDED
4061,2,14,741.00,2026-08-16 10:17:00,REFUNDED
4062,5,1,3888.80,2026-08-27 08:54:00,FAILED
4063,7,12,3941.40,2026-08-01 21:14:00,SUCCESS
4064,1,4,2653.20,2026-08-11 01:12:00,FAILED
4065,2,11,2570.30,2026-08-19 09:37:00,REFUNDED
4066,8,6,3267.10,2026-08-03 16:06:00,SUCCESS
4067,10,12,340.20,2026-08-19 16:21:00,PENDING
4068,9,5,1720.10,2026-08-09 23:59:00,REFUNDED
4069,10,15,2873.30,2026-08-31 06:27:00,REFUNDED
4070,1,18,339.00,2026-08-27 21:23:00,REFUNDED
4071,8,11,3071.20,2026-08-24 04:35:00,REFUNDED
4072,1,9,1766.90,2026-08-25 10:23:00,REFUNDED
4073,8,6,2762.90,2026-08-25 09:42:00,FAILED
4074,4,1,2456.60,2026-08-17 16:31:00,REFUNDED
4075,1,20,3362.60,2026-08-17 08:35:00,REFUNDED
4076,1,1,628.50,2026-08-05 01:07:00,REFUNDED
4077,10,18,842.20,2026-08-26 04:18:00,REFUNDED
4078,1,3,3110.90,2026-08-05 01:31:00,PENDING
4079,3,11,1967.20,2026-08-15 01:02:00,PENDING
4080,5,15,2272.00,2026-08-17 21:26:00,REFUNDED
4081,4,16,1346.50,2026-08-15 08:16:00,SUCCESS
4082,9,6,1825.10,2026-08-30 08:53:00,SUCCESS
4083,7,14,3646.80,2026-08-07 23:40:00,REFUNDED
4084,8,18,3017.80,2026-08-09 14:07:00,REFUNDED
4085,8,8,3579.30,2026-08-19 10:53:00,PENDING
4086,3,8,356.80,2026-08-27 21:39:00,REFUNDED
4087,2,4,1040.70,2026-08-27 05:59:00,REFUNDED
4088,7,3,1523.10,2026-08-06 20:02:00,SUCCESS
4089,7,3,2585.00,2026-08-21 02:12:00,FAILED
4090,6,15,3968.50,2026-08-30 06:53:00,REFUNDED
4091,3,4,545.50,2026-08-04 19:02:00,PENDING
4092,7,12,3853.20,2026-08-23 09:55:00,SUCCESS
4093,1,17,2193.50,2026-08-19 19:02:00,FAILED
4094,4,18,942.00,2026-08-29 07:21:00,REFUNDED
4095,8,8,363.30,2026-08-05 10:16:00,REFUNDED
4096,5,5,2597.50,2026-08-16 08:46:00,REFUNDED
4097,4,15,550.20,2026-08-17 09:07:00,FAILED
4098,7,2,2147.90,2026-08-23 20:44:00,PENDING
4099,7,14,3125.20,2026-08-03 01:19:00,FAILED
4100,2,7,107.50,2026-08-30 00:26:00,FAILED
4101,1,8,736.10,2026-08-06 16:26:00,FAILED
4102,9,5,2872.10,2026-08-25 15:13:00,REFUNDED
4103,4,9,2819.70,2026-08-17 17:15:00,SUCCESS
4104,3,6,2801.50,2026-08-20 18:41:00,REFUNDED
4105,10,15,1237.90,2026-08-24 18:23:00,FAILED
4106,2,8,3436.60,2026-08-04 23:59:00,SUCCESS
4107,10,15,2488.50,2026-08-24 15:09:00,FAILED
4108,1,19,3186.50,2026-08-26 21:29:00,FAILED
4109,8,12,1816.30,2026-08-30 19:34:00,PENDING
4110,10,4,4359.80,2026-08-06 07:30:00,FAILED
4111,3,19,2631.50,2026-08-19 09:57:00,SUCCESS
4112,3,13,516.50,2026-08-19 13:28:00,SUCCESS
4113,7,4,1042.90,2026-08-24 17:09:00,REFUNDED
4114,9,4,4875.70,2026-08-11 22:59:00,PENDING
4115,8,17,2523.50,2026-08-15 01:30:00,PENDING
4116,3,15,3417.90,2026-08-04 22:42:00,SUCCESS
4117,3,19,366.80,2026-08-02 23:07:00,PENDING
4118,5,20,4056.30,2026-08-15 09:12:00,REFUNDED
4119,10,11,1128.80,2026-08-19 17:27:00,FAILED
4120,3,6,3022.30,2026-08-29 19:30:00,FAILED
4121,2,1,1862.40,2026-08-17 19:17:00,REFUNDED
4122,9,10,3336.40,2026-08-19 03:09:00,FAILED
4123,6,2,4982.10,2026-08-29 06:32:00,SUCCESS
4124,1,2,1459.30,2026-08-08 09:56:00,PENDING
4125,1,2,870.30,2026-08-05 05:22:00,PENDING
4126,1,11,4942.80,2026-08-17 12:04:00,FAILED
4127,3,6,2054.40,2026-08-25 00:39:00,FAILED
4128,4,18,2455.50,2026-08-20 22:32:00,FAILED
4129,2,7,767.80,2026-08-08 08:49:00,SUCCESS
4130,10,1,4484.80,2026-08-27 01:45:00,FAILED
4131,8,15,759.10,2026-08-26 03:49:00,SUCCESS
4132,5,6,3306.10,2026-08-26 19:21:00,PENDING
4133,10,13,3991.40,2026-08-29 04:00:00,PENDING
4134,10,4,4854.10,2026-08-24 02:01:00,FAILED
4135,2,1,569.00,2026-08-25 07:29:00,PENDING
4136,4,13,740.60,2026-08-25 23:10:00,SUCCESS
4137,8,3,1591.30,2026-08-18 17:02:00,FAILED
4138,1,1,NOT_A_NUMBER,2026-08-01 12:00:00,SUCCESS
4139,4,20,2698.90,2026-08-18 05:49:00,PENDING
4140,5,14,2587.20,2026-08-24 13:02:00,SUCCESS
4141,2,16,661.20,2026-08-24 17:12:00,REFUNDED
4142,7,19,1831.90,2026-08-23 06:18:00,PENDING
4143,7,4,2049.30,2026-08-01 20:07:00,FAILED
4144,2,15,4971.80,2026-08-28 10:19:00,FAILED
4145,5,12,1783.70,2026-08-20 05:16:00,REFUNDED
4146,5,4,182.40,2026-08-05 03:04:00,PENDING
4147,1,8,1477.60,2026-08-15 14:09:00,FAILED
4148,1,6,4701.30,2026-08-10 13:41:00,REFUNDED
4149,9,7,4569.30,2026-08-29 23:45:00,REFUNDED
4150,3,1,509.60,2026-08-20 09:04:00,PENDING
4151,1,1,5000,INVALID_DATE_TIME,SUCCESS
4152,6,4,4194.60,2026-08-10 07:17:00,REFUNDED
4153,6,9,4600.00,2026-08-11 15:51:00,FAILED
4154,9,10,960.80,2026-08-28 21:24:00,SUCCESS
4155,10,14,3723.60,2026-08-21 22:33:00,REFUNDED
4156,1,10,913.80,2026-08-27 21:48:00,PENDING
4157,7,16,1995.60,2026-08-29 10:10:00,SUCCESS
4158,9,19,972.50,2026-08-04 02:30:00,REFUNDED
4159,8,5,320.20,2026-08-12 19:46:00,REFUNDED
4160,5,9,967.70,2026-08-09 16:28:00,PENDING
4161,9,14,1336.20,2026-08-30 21:23:00,FAILED
4162,10,8,3838.60,2026-08-08 03:54:00,FAILED
4163,5,8,390.10,2026-08-21 22:57:00,FAILED
4164,7,17,292.60,2026-08-26 21:26:00,PENDING
4165,6,10,2370.80,2026-08-30 10:09:00,REFUNDED
4166,8,9,3613.40,2026-08-15 22:58:00,PENDING
4167,1,2,3378.00,2026-08-13 03:42:00,PENDING
4168,10,9,144.00,2026-08-21 06:52:00,FAILED
4169,9,17,2096.30,2026-08-23 03:56:00,REFUNDED
4170,3,7,5014.80,2026-08-23 20:50:00,REFUNDED
4171,4,9,3270.40,2026-08-18 23:02:00,SUCCESS
4172,2,3,3143.20,2026-08-05 15:16:00,FAILED
4173,5,4,1291.60,2026-08-07 06:55:00,REFUNDED
4174,1,17,2212.60,2026-08-15 16:42:00,SUCCESS
4175,3,20,1329.20,2026-08-08 16:12:00,REFUNDED
4176,10,6,3883.80,2026-08-30 19:20:00,REFUNDED
4177,4,12,176.20,2026-08-14 18:07:00,PENDING
4178,10,12,591.60,2026-08-26 00:07:00,SUCCESS
4179,3,5,2831.40,2026-08-02 18:38:00,REFUNDED
4180,4,10,977.20,2026-08-25 05:14:00,PENDING
4181,1,1,5000,2026-08-01 12:00:00,UNKNOWN_STATUS
4182,6,2,538.30,2026-08-28 18:55:00,REFUNDED
4183,4,18,4944.00,2026-08-10 19:23:00,FAILED
4184,10,18,92.60,2026-08-15 05:14:00,REFUNDED
4185,10,5,3486.40,2026-08-21 06:08:00,FAILED
4186,1,19,2392.20,2026-08-22 23:13:00,PENDING
4187,6,3,1551.10,2026-08-05 02:06:00,SUCCESS
4188,9,20,729.10,2026-08-15 16:32:00,REFUNDED
4189,6,15,2696.60,2026-08-27 14:25:00,SUCCESS
4190,9,15,4021.10,2026-08-20 09:46:00,REFUNDED
4191,10,15,4809.30,2026-08-21 22:22:00,PENDING
4192,9,14,1401.10,2026-08-11 21:17:00,REFUNDED
4193,1,13,4189.80,2026-08-06 06:10:00,SUCCESS
4194,3,19,401.20,2026-08-26 07:17:00,SUCCESS
4195,3,1,3186.50,2026-08-21 07:39:00,SUCCESS
4196,8,16,1968.10,2026-08-13 14:47:00,PENDING
4197,6,3,3923.30,2026-08-06 06:42:00,SUCCESS
4198,5,13,4666.30,2026-08-13 23:00:00,PENDING
4199,3,10,3896.50,2026-08-13 09:35:00,FAILED
4200,9,5,4893.60,2026-08-01 09:02:00,REFUNDED
4201,3,7,2052.70,2026-08-21 16:35:00,FAILED
4202,2,8,3002.20,2026-08-19 05:02:00,REFUNDED
4203,3,1,523.30,2026-08-14 02:24:00,SUCCESS
4204,10,11,4125.80,2026-08-16 08:39:00,SUCCESS
4205,8,17,1660.10,2026-08-09 23:55:00,REFUNDED
4206,10,8,4262.80,2026-08-05 13:15:00,REFUNDED
4207,3,14,1677.10,2026-08-29 08:57:00,PENDING
4208,9,11,1653.40,2026-08-08 15:17:00,PENDING
4209,1,6,3516.60,2026-08-22 17:39:00,PENDING
4210,9,9,240.30,2026-08-27 10:51:00,REFUNDED
4211,1,16,1346.00,2026-08-06 04:13:00,FAILED
4212,3,15,1794.00,2026-08-24 04:18:00,PENDING
4213,10,20,3061.60,2026-08-09 22:19:00,SUCCESS
4214,7,13,4999.90,2026-08-19 21:08:00,PENDING
4215,5,11,1664.90,2026-08-25 10:48:00,SUCCESS
4216,7,2,1748.10,2026-08-27 22:50:00,REFUNDED
4217,10,15,2585.20,2026-08-20 05:34:00,FAILED
4218,2,19,1473.10,2026-08-16 15:48:00,REFUNDED
4219,10,19,740.90,2026-08-07 18:07:00,FAILED
4220,6,16,2741.50,2026-08-02 16:26:00,PENDING
4221,5,18,1883.80,2026-08-20 12:08:00,SUCCESS
4222,3,9,93.50,2026-08-08 05:26:00,SUCCESS
4223,6,7,2114.80,2026-08-20 15:05:00,PENDING
4224,1,12,253.10,2026-08-06 06:12:00,SUCCESS
4225,3,14,4817.30,2026-08-27 15:18:00,SUCCESS
4226,3,20,863.00,2026-08-20 15:13:00,FAILED
4227,1,6,130.90,2026-08-05 09:18:00,PENDING
4228,3,7,651.70,2026-08-08 04:56:00,SUCCESS
4229,8,2,1422.00,2026-08-15 17:37:00,FAILED
4230,6,5,3496.00,2026-08-22 18:34:00,SUCCESS
4231,5,7,2797.20,2026-08-09 05:56:00,REFUNDED
4232,2,17,4489.40,2026-08-23 01:54:00,REFUNDED
4233,2,4,4775.90,2026-08-14 11:56:00,SUCCESS
4234,7,11,349.60,2026-08-07 21:09:00,REFUNDED
4235,8,19,1109.10,2026-08-06 14:41:00,SUCCESS
4236,4,8,1085.70,2026-08-28 20:05:00,REFUNDED
4237,1,100.00
4238,4,13,1324.60,2026-08-12 12:30:00,FAILED
4239,10,2,4201.30,2026-08-07 00:52:00,SUCCESS
4240,4,10,2050.80,2026-08-18 17:36:00,SUCCESS
4241,1,9,1787.50,2026-08-22 03:52:00,REFUNDED
4242,3,1,2575.50,2026-08-06 21:43:00,PENDING
4243,4,1,1315.50,2026-08-18 08:26:00,SUCCESS
4244,4,16,563.90,2026-08-09 20:35:00,SUCCESS
4245,5,12,3384.00,2026-08-20 22:36:00,FAILED
4246,1,18,2644.70,2026-08-12 04:30:00,FAILED
4247,7,5,3007.20,2026-08-10 06:05:00,FAILED
4248,8,6,969.00,2026-08-13 14:20:00,REFUNDED
4249,1,7,4420.30,2026-08-24 02:50:00,SUCCESS
4250,9,2,1497.00,2026-08-22 14:34:00,SUCCESS
4251,9,10,1382.10,2026-08-23 16:55:00,PENDING
4252,3,10,2272.60,2026-08-08 15:21:00,SUCCESS
4253,4,18,4557.30,2026-08-04 16:20:00,PENDING
4254,1,1,2849.50,2026-08-18 23:52:00,PENDING
4255,3,11,4574.60,2026-08-28 17:12:00,SUCCESS
4256,8,3,2212.70,2026-08-07 11:13:00,PENDING
4257,3,6,4703.40,2026-08-15 11:09:00,FAILED
4258,8,6,2584.40,2026-08-20 07:32:00,REFUNDED
4259,7,12,4815.20,2026-08-10 09:43:00,FAILED
4260,1,2,3496.00,2026-08-22 18:27:00,FAILED
4261,2,10,1659.40,2026-08-26 07:56:00,PENDING
4262,5,13,3677.10,2026-08-16 05:25:00,FAILED
4263,6,6,2332.50,2026-08-06 08:53:00,SUCCESS
4264,8,20,1467.80,2026-08-03 15:43:00,SUCCESS
4265,8,9,1601.10,2026-08-25 03:14:00,FAILED
4266,8,12,4383.10,2026-08-13 04:03:00,FAILED
4267,4,4,674.20,2026-08-28 18:16:00,FAILED
4268,4,17,4014.50,2026-08-05 16:04:00,FAILED
4269,2,9,2371.20,2026-08-11 05:38:00,REFUNDED
4270,7,10,2272.00,2026-08-01 21:21:00,PENDING
4271,3,4,110.40,2026-08-10 23:01:00,REFUNDED
4272,9,14,3856.90,2026-08-03 10:45:00,REFUNDED
4273,8,17,4597.70,2026-08-27 21:34:00,REFUNDED
4274,9,4,3005.10,2026-08-30 04:10:00,REFUNDED
4275,3,11,4251.40,2026-08-08 06:06:00,PENDING
4276,3,19,1703.30,2026-08-10 19:41:00,FAILED
4277,10,1,2789.10,2026-08-30 18:45:00,REFUNDED
4278,10,3,314.90,2026-08-24 03:35:00,REFUNDED
4279,10,18,2328.10,2026-08-17 02:03:00,SUCCESS
4280,8,9,1505.50,2026-08-19 07:06:00,SUCCESS
4281,1,10,4687.00,2026-08-04 06:24:00,FAILED
4282,10,17,3037.30,2026-08-02 19:01:00,FAILED
4283,2,10,369.60,2026-08-12 23:28:00,REFUNDED
4284,4,15,2685.80,2026-08-14 21:34:00,SUCCESS
4285,1,17,1937.40,2026-08-23 01:36:00,REFUNDED
4286,5,8,2430.00,2026-08-12 08:11:00,FAILED
4287,8,4,2958.70,2026-08-08 22:45:00,REFUNDED
4288,2,12,2685.20,2026-08-24 17:18:00,SUCCESS
4289,9,17,2557.10,2026-08-07 01:28:00,FAILED
4290,8,8,3766.90,2026-08-10 20:47:00,PENDING
4291,1,13,3640.10,2026-08-06 08:27:00,REFUNDED
4292,8,15,2142.10,2026-08-08 00:01:00,FAILED
4293,2,9,2396.30,2026-08-06 21:24:00,REFUNDED
4294,6,3,3664.40,2026-08-10 08:41:00,PENDING
4295,4,8,2965.10,2026-08-05 21:06:00,REFUNDED
4296,4,2,4795.50,2026-08-23 01:25:00,FAILED
4297,8,15,196.60,2026-08-17 06:41:00,SUCCESS
4298,8,15,2356.70,2026-08-24 15:54:00,PENDING
4299,3,8,3038.90,2026-08-18 16:13:00,FAILED
4300,5,9,4405.60,2026-08-09 12:28:00,PENDING
4301,4,6,5025.80,2026-08-06 20:27:00,SUCCESS
4302,10,3,3873.00,2026-08-01 11:16:00,SUCCESS
4303,9,6,4400.20,2026-08-20 00:09:00,REFUNDED
4304,10,3,709.70,2026-08-07 10:45:00,REFUNDED
4305,7,1,3203.70,2026-08-04 09:06:00,SUCCESS
4306,10,17,2403.70,2026-08-24 05:09:00,REFUNDED
4307,4,7,3526.60,2026-08-05 15:46:00,REFUNDED
4308,6,12,3307.20,2026-08-01 10:51:00,REFUNDED
4309,9,12,1512.50,2026-08-15 16:02:00,PENDING
4310,4,3,1557.50,2026-08-04 09:35:00,PENDING
4311,3,14,645.10,2026-08-22 07:27:00,FAILED
4312,4,18,1111.90,2026-08-12 17:30:00,REFUNDED
4313,3,19,1298.90,2026-08-11 06:33:00,FAILED
4314,2,20,4426.40,2026-08-01 17:46:00,FAILED
4315,9,17,2404.90,2026-08-28 16:11:00,PENDING
4316,4,13,4654.50,2026-08-19 19:33:00,REFUNDED
4317,4,17,1570.40,2026-08-04 00:34:00,FAILED
4318,8,14,4381.00,2026-08-13 03:19:00,REFUNDED
4319,10,4,3596.00,2026-08-08 01:24:00,PENDING
4320,9,15,1161.40,2026-08-13 12:41:00,PENDING
4321,6,4,2227.00,2026-08-11 15:50:00,FAILED
4322,9,11,2436.90,2026-08-26 02:11:00,PENDING
4323,3,7,4723.20,2026-08-14 06:18:00,SUCCESS
4324,7,7,3388.80,2026-08-10 17:17:00,SUCCESS
4325,10,9,2895.70,2026-08-08 01:07:00,PENDING
4326,1,13,2226.50,2026-08-26 22:07:00,SUCCESS
4327,10,12,197.30,2026-08-03 05:20:00,FAILED
4328,1,18,4343.20,2026-08-18 07:40:00,FAILED
4329,4,2,1358.30,2026-08-25 13:32:00,FAILED
4330,1,7,3235.50,2026-08-20 00:50:00,FAILED
4331,8,20,980.70,2026-08-20 20:49:00,SUCCESS
4332,9,4,4993.10,2026-08-16 15:46:00,FAILED
4333,2,8,1964.40,2026-08-03 20:52:00,PENDING
4334,5,7,4495.70,2026-08-15 23:11:00,SUCCESS
4335,2,7,4030.80,2026-08-08 16:12:00,PENDING
4336,8,11,125.50,2026-08-17 22:14:00,SUCCESS
4337,9,7,2824.10,2026-08-05 08:45:00,REFUNDED
4338,9,9,1466.90,2026-08-22 18:59:00,REFUNDED
4339,1,1,1862.40,2026-08-05 05:12:00,SUCCESS
4340,5,5,4513.50,2026-08-17 05:49:00,REFUNDED
4341,8,17,4108.20,2026-08-09 08:13:00,FAILED
4342,3,19,2957.60,2026-08-07 03:02:00,REFUNDED
4343,1,19,4461.60,2026-08-15 18:05:00,PENDING
4344,5,16,1332.10,2026-08-24 02:49:00,FAILED
4345,9,11,4754.00,2026-08-01 18:16:00,REFUNDED
4346,7,2,3913.20,2026-08-04 05:33:00,FAILED
4347,6,12,1163.50,2026-08-23 17:29:00,SUCCESS
4348,1,15,4899.40,2026-08-16 22:33:00,FAILED
4349,1,7,2202.40,2026-08-20 07:42:00,FAILED
4350,5,15,1268.10,2026-08-24 12:59:00,FAILED
4351,9,19,1913.30,2026-08-11 21:40:00,REFUNDED
4352,1,5,1423.20,2026-08-02 18:26:00,FAILED
4353,6,17,2384.00,2026-08-07 22:32:00,PENDING
4354,2,13,414.90,2026-08-10 17:32:00,REFUNDED
4355,10,3,2871.00,2026-08-04 23:41:00,FAILED
4356,2,5,682.30,2026-08-10 20:18:00,PENDING
4357,10,8,2089.40,2026-08-14 06:42:00,REFUNDED
4358,7,17,3679.90,2026-08-13 02:47:00,SUCCESS
4359,1,3,2119.30,2026-08-06 19:16:00,REFUNDED
4360,3,18,1855.40,2026-08-05 09:02:00,REFUNDED
4361,5,12,4525.00,2026-08-17 08:13:00,REFUNDED
4362,5,17,1860.00,2026-08-18 02:10:00,PENDING
4363,6,9,4023.10,2026-08-02 03:58:00,REFUNDED
4364,7,11,5016.60,2026-08-19 06:47:00,PENDING
4365,2,16,1354.40,2026-08-07 21:27:00,PENDING
4366,9,12,2684.40,2026-08-28 14:48:00,PENDING
4367,3,9,3936.30,2026-08-02 07:00:00,PENDING
4368,1,1,78.10,2026-08-16 01:36:00,FAILED
4369,3,5,2847.00,2026-08-28 12:01:00,REFUNDED
4370,5,6,2747.60,2026-08-18 16:14:00,REFUNDED
4371,8,13,3087.70,2026-08-12 14:30:00,PENDING
4372,7,1,2461.10,2026-08-06 18:13:00,PENDING
4373,5,17,2762.10,2026-08-03 06:42:00,REFUNDED
4374,3,7,3992.50,2026-08-23 06:43:00,SUCCESS
4375,8,2,2155.60,2026-08-26 01:44:00,SUCCESS
4376,7,5,2009.60,2026-08-15 05:31:00,FAILED
4377,3,6,470.50,2026-08-11 06:33:00,SUCCESS
4378,10,1,3445.50,2026-08-25 16:14:00,SUCCESS
4379,9,11,1509.80,2026-08-06 13:44:00,FAILED
4380,4,15,2078.20,2026-08-18 02:33:00,PENDING
4381,2,15,2691.70,2026-08-29 08:53:00,PENDING
4382,9,20,662.00,2026-08-17 13:09:00,FAILED
4383,1,16,4185.50,2026-08-20 17:41:00,PENDING
4384,9,10,3702.90,2026-08-28 16:59:00,SUCCESS
4385,7,16,561.30,2026-08-22 12:54:00,REFUNDED
4386,9,3,873.60,2026-08-10 22:52:00,SUCCESS
4387,4,5,414.40,2026-08-05 06:03:00,FAILED
4388,9,17,4736.00,2026-08-26 07:59:00,SUCCESS
4389,2,19,4536.80,2026-08-07 23:07:00,FAILED
4390,4,7,3804.20,2026-08-25 07:09:00,FAILED
4391,8,3,2996.00,2026-08-07 08:15:00,PENDING
4392,2,6,1128.90,2026-08-07 08:36:00,FAILED
4393,8,2,792.70,2026-08-03 16:12:00,REFUNDED
4394,8,7,661.70,2026-08-20 07:53:00,FAILED
4395,3,1,683.90,2026-08-02 21:29:00,SUCCESS
4396,7,7,1028.40,2026-08-12 23:11:00,SUCCESS
4397,4,17,1508.70,2026-08-02 20:48:00,PENDING
4398,6,2,2324.20,2026-08-23 04:43:00,FAILED
4399,10,3,1483.80,2026-08-07 07:38:00,REFUNDED
4400,4,6,4611.90,2026-08-14 10:58:00,SUCCESS
4401,4,12,3522.00,2026-08-04 11:48:00,PENDING
4402,2,12,1550.90,2026-08-06 19:40:00,REFUNDED
4403,1,14,3504.70,2026-08-03 00:08:00,SUCCESS
4404,7,9,2028.50,2026-08-20 05:23:00,SUCCESS
4405,3,4,5029.80,2026-08-05 19:20:00,REFUNDED
4406,8,20,4390.80,2026-08-01 14:53:00,FAILED
4407,6,2,2154.00,2026-08-12 04:02:00,FAILED
4408,1,1,NOT_A_NUMBER,2026-08-01 12:00:00,SUCCESS
4409,2,5,1159.50,2026-08-24 15:15:00,PENDING
4410,4,2,2952.20,2026-08-05 06:26:00,REFUNDED
4411,5,19,324.90,2026-08-17 00:06:00,SUCCESS
4412,8,7,3789.80,2026-08-15 06:06:00,FAILED
4413,4,14,1357.50,2026-08-04 11:13:00,SUCCESS
4414,5,1,4919.10,2026-08-12 10:33:00,REFUNDED
4415,1,1,NOT_A_NUMBER,2026-08-01 12:00:00,SUCCESS
4416,8,14,4628.90,2026-08-16 10:34:00,FAILED
4417,5,16,2501.60,2026-08-20 08:57:00,SUCCESS
4418,6,19,2308.80,2026-08-31 01:59:00,FAILED
4419,7,7,3150.40,2026-08-12 22:49:00,SUCCESS
4420,2,16,3254.80,2026-08-26 15:30:00,PENDING
4421,7,1,4022.40,2026-08-27 22:17:00,FAILED
4422,7,6,4238.80,2026-08-20 17:45:00,FAILED
4423,8,11,4445.90,2026-08-19 04:11:00,REFUNDED
4424,8,17,4418.50,2026-08-12 12:24:00,SUCCESS
4425,3,13,834.00,2026-08-13 19:47:00,FAILED
4426,1,20,3193.80,2026-08-13 00:10:00,REFUNDED
4427,4,15,3784.90,2026-08-05 03:42:00,PENDING
4428,2,11,910.00,2026-08-06 08:07:00,SUCCESS
4429,9,9,2981.70,2026-08-25 05:32:00,REFUNDED
4430,6,14,3636.80,2026-08-02 01:02:00,FAILED
4431,2,17,4125.60,2026-08-28 19:54:00,PENDING
4432,9,5,3432.70,2026-08-12 05:20:00,FAILED
4433,5,11,2955.80,2026-08-27 04:21:00,PENDING
4434,5,17,4269.00,2026-08-02 00:02:00,FAILED
4435,1,1,5000,INVALID_DATE_TIME,SUCCESS
4436,5,8,2431.10,2026-08-30 20:25:00,FAILED
4437,4,10,2678.00,2026-08-10 18:50:00,FAILED
4438,3,2,604.40,2026-08-04 23:58:00,FAILED
4439,3,19,1079.70,2026-08-23 02:39:00,SUCCESS
4440,8,10,1625.00,2026-08-08 22:59:00,REFUNDED
4441,10,16,301.20,2026-08-29 21:59:00,PENDING
4442,2,6,909.10,2026-08-30 10:47:00,PENDING
4443,10,13,3825.10,2026-08-31 04:21:00,REFUNDED
4444,10,15,1797.30,2026-08-03 03:47:00,FAILED
4445,5,5,2836.90,2026-08-12 10:51:00,SUCCESS
4446,1,12,165.50,2026-08-02 14:05:00,REFUNDED
4447,5,15,4188.60,2026-08-08 04:07:00,REFUNDED
4448,5,15,543.00,2026-08-10 12:34:00,SUCCESS
4449,2,12,764.20,2026-08-24 19:04:00,SUCCESS
4450,7,4,4376.60,2026-08-25 10:08:00,REFUNDED
4451,2,4,3192.20,2026-08-03 21:11:00,PENDING
4452,1,3,2997.10,2026-08-14 06:26:00,PENDING
4453,10,1,933.60,2026-08-26 09:50:00,REFUNDED
4454,1,11,4222.90,2026-08-23 15:39:00,PENDING
4455,9,11,4821.20,2026-08-29 00:17:00,PENDING
4456,3,1,4853.20,2026-08-20 09:14:00,PENDING
4457,6,14,3445.00,2026-08-10 16:29:00,REFUNDED
4458,10,12,3072.90,2026-08-09 18:38:00,PENDING
4459,7,11,4322.20,2026-08-01 21:25:00,SUCCESS
4460,6,6,1969.30,2026-08-07 21:26:00,REFUNDED
4461,8,10,1160.90,2026-08-02 13:51:00,FAILED
4462,5,19,3933.60,2026-08-09 09:55:00,FAILED
4463,4,20,2157.20,2026-08-10 00:42:00,SUCCESS
4464,7,20,1282.20,2026-08-20 13:30:00,PENDING
4465,10,12,3917.50,2026-08-15 16:17:00,REFUNDED
4466,6,10,2142.40,2026-08-25 01:39:00,PENDING
4467,7,16,223.10,2026-08-29 05:50:00,SUCCESS
4468,1,20,1689.20,2026-08-16 02:45:00,SUCCESS
4469,4,17,1767.30,2026-08-24 14:23:00,SUCCESS
4470,3,11,3316.40,2026-08-20 14:28:00,SUCCESS
4471,6,13,4646.50,2026-08-10 07:21:00,SUCCESS
4472,8,16,2100.30,2026-08-28 10:09:00,SUCCESS
4473,10,8,1391.20,2026-08-16 19:18:00,SUCCESS
4474,8,20,3844.20,2026-08-08 15:30:00,FAILED
4475,7,16,3216.10,2026-08-27 14:29:00,PENDING
4476,6,13,377.00,2026-08-23 02:22:00,SUCCESS
4477,7,14,4515.50,2026-08-09 18:13:00,PENDING
4478,7,9,3479.70,2026-08-26 16:03:00,SUCCESS
4479,6,2,129.50,2026-08-20 09:35:00,PENDING
4480,4,7,4533.30,2026-08-16 20:28:00,SUCCESS
4481,7,13,1211.50,2026-08-10 02:29:00,FAILED
4482,9,4,3543.20,2026-08-09 14:21:00,PENDING
4483,2,13,2839.30,2026-08-20 15:57:00,REFUNDED
4484,10,11,2973.20,2026-08-28 19:29:00,SUCCESS
4485,8,12,2063.60,2026-08-12 03:39:00,FAILED
4486,10,12,4381.00,2026-08-16 16:14:00,PENDING
4487,7,17,4323.50,2026-08-20 16:03:00,SUCCESS
4488,5,2,4897.20,2026-08-15 17:02:00,FAILED
4489,9,16,2743.00,2026-08-04 12:27:00,FAILED
4490,9,7,3724.20,2026-08-02 10:28:00,REFUNDED
4491,1,5,2473.80,2026-08-09 21:01:00,FAILED
4492,10,2,4070.60,2026-08-10 06:55:00,PENDING
4493,2,9,1351.20,2026-08-06 15:07:00,SUCCESS
4494,3,19,2619.80,2026-08-03 14:33:00,REFUNDED
4495,4,9,4200.10,2026-08-05 00:26:00,SUCCESS
4496,3,1,95.30,2026-08-24 08:41:00,REFUNDED
4497,8,12,4098.60,2026-08-17 22:30:00,SUCCESS
4498,8,9,4392.60,2026-08-13 23:41:00,PENDING
4499,9,6,4111.70,2026-08-18 11:27:00,FAILED
4500,9,7,199.20,2026-08-15 16:08:00,FAILED
4501,1,5,1350.80,2026-08-22 05:14:00,SUCCESS
4502,3,11,3770.30,2026-08-18 09:36:00,REFUNDED
4503,3,6,735.30,2026-08-07 19:09:00,FAILED
4504,7,20,3762.80,2026-08-26 19:46:00,REFUNDED
4505,8,5,1839.60,2026-08-06 11:06:00,PENDING
4506,2,5,3113.20,2026-08-26 23:45:00,FAILED
4507,10,4,2447.40,2026-08-16 13:10:00,PENDING
4508,1,14,4374.10,2026-08-25 15:12:00,REFUNDED
4509,5,10,3362.70,2026-08-02 20:26:00,SUCCESS
4510,2,11,3886.80,2026-08-09 07:30:00,PENDING
4511,6,17,2848.30,2026-08-04 18:56:00,PENDING
4512,5,3,3890.50,2026-08-04 07:30:00,SUCCESS
4513,9,16,1130.70,2026-08-15 18:45:00,PENDING
4514,3,13,3363.90,2026-08-03 17:23:00,FAILED
4515,2,15,4608.60,2026-08-20 10:08:00,SUCCESS
4516,5,2,1239.80,2026-08-18 06:30:00,SUCCESS
4517,8,8,3694.80,2026-08-09 00:20:00,SUCCESS
4518,5,14,470.60,2026-08-25 05:43:00,SUCCESS
4519,5,6,2415.80,2026-08-30 04:54:00,FAILED
4520,1,11,3399.80,2026-08-31 03:29:00,PENDING
4521,9,3,760.60,2026-08-19 16:25:00,PENDING
4522,10,6,4102.00,2026-08-08 10:53:00,SUCCESS
4523,5,14,2693.40,2026-08-26 12:37:00,SUCCESS
4524,2,6,2038.50,2026-08-15 12:21:00,SUCCESS
4525,9,5,2862.30,2026-08-30 16:19:00,PENDING
4526,5,2,211.50,2026-08-27 22:42:00,REFUNDED
4527,5,3,681.60,2026-08-05 00:36:00,REFUNDED
4528,1,4,1527.70,2026-08-29 13:19:00,FAILED
4529,5,9,1008.80,2026-08-17 11:49:00,REFUNDED
4530,2,18,1995.40,2026-08-09 15:00:00,FAILED
4531,9,8,861.70,2026-08-13 00:11:00,PENDING
4532,10,11,3262.80,2026-08-21 11:42:00,REFUNDED
4533,3,1,2010.60,2026-08-09 22:13:00,PENDING
4534,9,6,1664.30,2026-08-12 04:09:00,SUCCESS
4535,9,18,3922.00,2026-08-12 04:01:00,PENDING
4536,8,2,4846.50,2026-08-23 15:25:00,SUCCESS
4537,8,18,3235.90,2026-08-27 17:41:00,REFUNDED
4538,7,5,3024.10,2026-08-09 06:34:00,REFUNDED
4539,7,12,2918.20,2026-08-06 14:57:00,SUCCESS
4540,2,4,4626.30,2026-08-10 15:21:00,REFUNDED
4541,4,12,4908.50,2026-08-21 07:22:00,REFUNDED
4542,7,19,1008.50,2026-08-28 07:40:00,FAILED
4543,7,2,4343.90,2026-08-11 05:41:00,REFUNDED
4544,9,11,4608.80,2026-08-05 18:29:00,REFUNDED
4545,6,14,3467.20,2026-08-22 14:13:00,PENDING
4546,6,16,4020.10,2026-08-28 16:09:00,REFUNDED
4547,7,5,3897.70,2026-08-22 12:38:00,SUCCESS
4548,3,11,2775.60,2026-08-04 13:51:00,SUCCESS
4549,5,8,4014.30,2026-08-04 10:37:00,PENDING
4550,3,5,74.30,2026-08-07 00:10:00,PENDING
4551,2,14,4447.60,2026-08-02 20:27:00,SUCCESS
4552,7,12,4778.90,2026-08-29 05:02:00,FAILED
4553,3,15,4339.40,2026-08-25 23:51:00,REFUNDED
4554,8,2,4374.80,2026-08-25 06:20:00,SUCCESS
4555,8,16,3332.20,2026-08-02 21:23:00,FAILED
4556,7,14,674.80,2026-08-14 21:50:00,FAILED
4557,2,6,1158.40,2026-08-10 20:38:00,SUCCESS
4558,1,1,5000,2026-08-01 12:00:00,UNKNOWN_STATUS
4559,1,20,4463.70,2026-08-24 09:39:00,PENDING
4560,7,14,1670.30,2026-08-23 08:44:00,REFUNDED
4561,8,5,3952.00,2026-08-07 05:39:00,PENDING
4562,8,9,4594.00,2026-08-06 06:42:00,SUCCESS
4563,9,18,5009.10,2026-08-20 10:35:00,FAILED
4564,2,4,2856.10,2026-08-19 13:17:00,PENDING
4565,7,19,3516.70,2026-08-04 16:51:00,FAILED
4566,9,3,292.10,2026-08-04 11:43:00,REFUNDED
4567,2,4,4073.90,2026-08-20 09:50:00,REFUNDED
4568,3,7,1925.70,2026-08-10 07:21:00,FAILED
4569,10,18,1671.60,2026-08-25 00:51:00,PENDING
4570,5,15,1573.00,2026-08-04 22:21:00,PENDING
4571,3,5,2754.70,2026-08-07 01:35:00,SUCCESS
4572,4,10,756.20,2026-08-06 11:24:00,PENDING
4573,3,20,1167.60,2026-08-08 04:32:00,FAILED
4574,9,17,4129.20,2026-08-26 19:01:00,FAILED
4575,7,18,2374.70,2026-08-07 04:17:00,FAILED
4576,6,7,1992.70,2026-08-29 10:05:00,FAILED
4577,4,3,2044.90,2026-08-15 23:35:00,SUCCESS
4578,1,2,4362.40,2026-08-31 00:33:00,SUCCESS
4579,4,9,4800.60,2026-08-25 23:48:00,REFUNDED
4580,2,17,4416.10,2026-08-19 12:39:00,PENDING
4581,1,6,5030.40,2026-08-04 00:17:00,PENDING
4582,5,11,1454.90,2026-08-02 18:01:00,SUCCESS
4583,5,13,530.60,2026-08-03 18:41:00,FAILED
4584,6,9,1987.80,2026-08-22 18:47:00,PENDING
4585,6,1,2402.80,2026-08-07 02:22:00,SUCCESS
4586,7,16,4688.50,2026-08-07 12:27:00,SUCCESS
4587,9,1,4277.00,2026-08-10 15:08:00,SUCCESS
4588,7,7,4512.40,2026-08-05 17:47:00,FAILED
4589,10,4,2458.50,2026-08-16 14:44:00,PENDING
4590,7,11,3633.30,2026-08-23 23:06:00,PENDING
4591,10,18,4664.10,2026-08-14 21:10:00,REFUNDED
4592,2,1,3255.60,2026-08-04 02:53:00,SUCCESS
4593,3,15,4963.80,2026-08-17 03:40:00,FAILED
4594,7,12,1136.50,2026-08-09 13:57:00,SUCCESS
4595,3,19,832.60,2026-08-26 11:00:00,FAILED
4596,8,14,4527.70,2026-08-28 20:02:00,FAILED
4597,2,5,744.00,2026-08-26 07:20:00,SUCCESS
4598,8,3,307.30,2026-08-27 10:16:00,SUCCESS
4599,10,1,755.60,2026-08-07 21:02:00,PENDING
4600,7,16,3085.40,2026-08-06 13:41:00,SUCCESS
4601,7,7,2290.20,2026-08-14 16:24:00,PENDING
4602,9,20,2773.40,2026-08-27 17:38:00,SUCCESS
4603,8,1,4386.00,2026-08-17 05:20:00,PENDING
4604,10,15,126.20,2026-08-10 11:34:00,FAILED
4605,5,20,4216.80,2026-08-09 05:28:00,FAILED
4606,6,17,3124.70,2026-08-30 07:10:00,SUCCESS
4607,5,11,3180.80,2026-08-27 11:54:00,PENDING
4608,7,13,3289.90,2026-08-12 03:16:00,REFUNDED
4609,10,10,3922.70,2026-08-28 15:05:00,REFUNDED
4610,3,16,2568.60,2026-08-27 10:28:00,FAILED
4611,1,15,508.30,2026-08-18 14:45:00,REFUNDED
4612,7,4,691.40,2026-08-09 02:56:00,PENDING
4613,8,16,4823.60,2026-08-08 13:16:00,FAILED
4614,7,12,1217.70,2026-08-21 05:37:00,FAILED
4615,8,17,263.80,2026-08-02 19:04:00,PENDING
4616,7,18,3131.20,2026-08-23 17:24:00,PENDING
4617,1,4,1872.60,2026-08-06 06:27:00,PENDING
4618,7,17,3454.50,2026-08-07 12:28:00,SUCCESS
4619,3,20,2341.50,2026-08-09 18:01:00,PENDING
4620,6,9,4819.20,2026-08-09 02:45:00,FAILED
4621,3,1,2625.50,2026-08-21 02:35:00,SUCCESS
4622,6,17,2255.40,2026-08-10 13:37:00,FAILED
4623,8,8,4332.00,2026-08-04 23:35:00,REFUNDED
4624,2,13,1374.90,2026-08-21 05:43:00,FAILED
4625,4,7,1426.10,2026-08-27 02:02:00,REFUNDED
4626,5,15,1417.30,2026-08-02 01:04:00,REFUNDED
4627,2,10,924.40,2026-08-06 13:07:00,SUCCESS
4628,6,5,3628.90,2026-08-06 19:40:00,SUCCESS
4629,6,15,3140.50,2026-08-16 20:33:00,PENDING
4630,3,20,3509.40,2026-08-13 06:54:00,PENDING
4631,1,5,1733.60,2026-08-25 04:07:00,PENDING
4632,5,16,740.70,2026-08-23 05:15:00,REFUNDED
4633,9,7,2519.40,2026-08-03 06:25:00,SUCCESS
4634,8,16,4392.10,2026-08-06 18:39:00,SUCCESS
4635,8,12,671.70,2026-08-08 07:22:00,SUCCESS
4636,5,9,4123.90,2026-08-22 13:04:00,SUCCESS
4637,10,4,4080.80,2026-08-04 09:03:00,SUCCESS
4638,5,19,1067.60,2026-08-23 20:38:00,REFUNDED
4639,8,2,3171.80,2026-08-21 05:35:00,PENDING
4640,5,19,2882.00,2026-08-08 17:34:00,PENDING
4641,4,14,2895.50,2026-08-03 21:56:00,REFUNDED
4642,7,6,4880.60,2026-08-07 20:29:00,FAILED
4643,3,15,3374.00,2026-08-05 05:59:00,FAILED
4644,6,11,2837.40,2026-08-02 05:22:00,SUCCESS
4645,5,10,3374.20,2026-08-12 11:46:00,FAILED
4646,3,17,5036.00,2026-08-24 13:36:00,FAILED
4647,1,7,294.30,2026-08-13 13:34:00,FAILED
4648,7,11,851.60,2026-08-01 18:05:00,FAILED
4649,8,4,791.00,2026-08-12 19:18:00,PENDING
4650,8,20,424.00,2026-08-14 02:29:00,SUCCESS
4651,8,7,1387.90,2026-08-08 13:41:00,PENDING
4652,6,20,4551.70,2026-08-28 19:25:00,REFUNDED
4653,1,19,2380.10,2026-08-01 18:11:00,SUCCESS
4654,9,13,1045.70,2026-08-03 00:26:00,PENDING
4655,2,19,4966.50,2026-08-06 18:33:00,PENDING
4656,2,19,3840.50,2026-08-05 07:01:00,PENDING
4657,1,10,167.80,2026-08-24 23:20:00,PENDING
4658,3,11,2692.80,2026-08-22 09:53:00,SUCCESS
4659,4,15,106.30,2026-08-02 06:25:00,FAILED
4660,4,14,1908.40,2026-08-11 17:44:00,REFUNDED
4661,5,16,3156.70,2026-08-23 10:29:00,FAILED
4662,6,9,917.70,2026-08-22 22:10:00,FAILED
4663,2,11,2318.40,2026-08-09 03:18:00,FAILED
4664,4,16,4167.20,2026-08-14 17:03:00,FAILED
4665,7,14,1354.20,2026-08-27 03:09:00,PENDING
4666,10,15,2242.40,2026-08-26 01:50:00,REFUNDED
4667,3,18,1008.20,2026-08-14 08:29:00,SUCCESS
4668,9,3,4022.10,2026-08-23 07:49:00,FAILED
4669,7,19,3960.00,2026-08-22 18:48:00,FAILED
4670,8,12,2051.80,2026-08-21 03:50:00,PENDING
4671,6,19,799.70,2026-08-10 00:46:00,SUCCESS
4672,5,14,2413.10,2026-08-09 16:01:00,SUCCESS
4673,7,8,465.50,2026-08-17 04:17:00,PENDING
4674,4,6,465.30,2026-08-17 19:04:00,FAILED
4675,9,3,4267.90,2026-08-23 16:55:00,SUCCESS
4676,1,19,4484.20,2026-08-08 21:58:00,PENDING
4677,9,8,4700.30,2026-08-12 10:23:00,SUCCESS
4678,1,4,463.30,2026-08-20 22:57:00,PENDING
4679,2,8,1602.60,2026-08-24 04:21:00,SUCCESS
4680,6,8,518.60,2026-08-05 20:04:00,REFUNDED
4681,5,7,1345.20,2026-08-07 14:26:00,REFUNDED
4682,4,6,4950.50,2026-08-15 18:56:00,PENDING
4683,7,4,585.60,2026-08-10 13:56:00,SUCCESS
4684,6,1,432.00,2026-08-24 04:36:00,FAILED
4685,7,11,388.20,2026-08-12 22:04:00,PENDING
4686,2,9,2022.50,2026-08-18 22:31:00,REFUNDED
4687,4,8,1827.60,2026-08-06 15:31:00,SUCCESS
4688,7,20,2701.60,2026-08-29 23:55:00,REFUNDED
4689,6,7,2948.80,2026-08-05 17:32:00,PENDING
4690,4,17,258.80,2026-08-29 18:30:00,FAILED
4691,10,16,128.30,2026-08-17 04:57:00,REFUNDED
4692,7,3,2865.50,2026-08-10 19:52:00,PENDING
4693,9,9,3223.10,2026-08-27 06:22:00,REFUNDED
4694,6,9,3981.00,2026-08-13 06:48:00,SUCCESS
4695,6,7,4659.90,2026-08-22 10:03:00,PENDING
4696,6,16,918.50,2026-08-23 03:14:00,FAILED
4697,2,18,3881.60,2026-08-17 03:05:00,FAILED
4698,3,6,3070.80,2026-08-04 06:00:00,REFUNDED
4699,9,16,1657.00,2026-08-11 06:14:00,PENDING
4700,1,10,2183.00,2026-08-29 01:08:00,PENDING
4701,6,1,3533.10,2026-08-18 14:36:00,SUCCESS
4702,3,11,180.70,2026-08-15 01:14:00,FAILED
4703,3,6,4865.20,2026-08-19 19:56:00,SUCCESS
4704,1,18,342.00,2026-08-05 01:05:00,REFUNDED
4705,8,1,1247.40,2026-08-29 16:06:00,SUCCESS
4706,6,13,3293.50,2026-08-16 16:04:00,REFUNDED
4707,2,11,1548.90,2026-08-05 15:05:00,REFUNDED
4708,10,12,3784.20,2026-08-01 18:41:00,PENDING
4709,3,17,4225.80,2026-08-22 23:22:00,SUCCESS
4710,9,7,2756.30,2026-08-10 20:34:00,FAILED
4711,3,12,4146.10,2026-08-17 06:17:00,FAILED
4712,5,5,1143.60,2026-08-30 15:27:00,FAILED
4713,3,11,2202.50,2026-08-10 03:22:00,REFUNDED
4714,10,6,3780.70,2026-08-03 01:44:00,FAILED
4715,4,4,2672.70,2026-08-06 16:47:00,SUCCESS
4716,6,18,4533.50,2026-08-21 17:14:00,REFUNDED
4717,2,16,1694.00,2026-08-03 00:06:00,PENDING
4718,3,7,1105.50,2026-08-23 21:13:00,REFUNDED
4719,5,16,403.00,2026-08-18 00:48:00,FAILED
4720,8,11,3374.70,2026-08-07 08:36:00,REFUNDED
4721,8,9,938.40,2026-08-23 03:43:00,REFUNDED
4722,4,5,2947.10,2026-08-18 23:36:00,FAILED
4723,6,9,960.70,2026-08-24 20:06:00,SUCCESS
4724,6,4,1538.30,2026-08-04 21:04:00,FAILED
4725,9,13,2022.60,2026-08-07 04:37:00,REFUNDED
4726,7,14,2532.70,2026-08-12 12:56:00,SUCCESS
4727,2,4,1297.40,2026-08-24 07:57:00,PENDING
4728,2,15,4890.20,2026-08-19 09:32:00,REFUNDED
4729,3,8,226.90,2026-08-01 09:34:00,SUCCESS
4730,1,1,NOT_A_NUMBER,2026-08-01 12:00:00,SUCCESS
4731,4,15,2239.50,2026-08-03 19:56:00,REFUNDED
4732,1,16,312.20,2026-08-16 08:06:00,PENDING
4733,7,13,3184.70,2026-08-11 19:58:00,SUCCESS
4734,3,17,3360.60,2026-08-28 03:04:00,FAILED
4735,9,2,4591.10,2026-08-18 11:45:00,SUCCESS
4736,9,15,1637.50,2026-08-07 18:33:00,SUCCESS
4737,10,8,2619.00,2026-08-12 11:47:00,PENDING
4738,5,18,165.80,2026-08-29 22:12:00,SUCCESS
4739,4,9,2173.10,2026-08-02 21:20:00,REFUNDED
4740,3,13,2557.90,2026-08-11 16:38:00,REFUNDED
4741,8,15,1592.20,2026-08-08 13:24:00,FAILED
4742,5,16,1560.10,2026-08-01 14:46:00,REFUNDED
4743,7,8,1589.30,2026-08-12 06:27:00,FAILED
4744,8,2,4824.60,2026-08-28 17:30:00,SUCCESS
4745,6,1,3176.70,2026-08-31 07:01:00,SUCCESS
4746,2,8,530.40,2026-08-24 12:47:00,PENDING
4747,5,18,2284.60,2026-08-27 22:22:00,PENDING
4748,1,5,2551.90,2026-08-18 08:30:00,SUCCESS
4749,7,19,4352.00,2026-08-21 13:59:00,SUCCESS
4750,8,9,533.50,2026-08-30 13:06:00,FAILED
4751,5,20,1253.90,2026-08-11 23:44:00,PENDING
4752,7,7,1243.30,2026-08-22 18:28:00,SUCCESS
4753,7,4,683.10,2026-08-20 10:58:00,SUCCESS
4754,4,8,1915.70,2026-08-06 05:26:00,PENDING
4755,7,7,3352.80,2026-08-20 02:46:00,FAILED
4756,9,17,4612.40,2026-08-11 22:33:00,SUCCESS
4757,9,9,4304.50,2026-08-05 04:34:00,SUCCESS
4758,3,12,1214.60,2026-08-23 06:10:00,SUCCESS
4759,1,1,5000,2026-08-01 12:00:00,UNKNOWN_STATUS
4760,1,11,2129.50,2026-08-30 05:14:00,SUCCESS
4761,10,8,4665.30,2026-08-04 09:32:00,PENDING
4762,10,19,1542.70,2026-08-13 02:04:00,FAILED
4763,4,4,489.00,2026-08-19 01:39:00,PENDING
4764,7,16,1101.90,2026-08-16 10:47:00,SUCCESS
4765,10,11,1638.50,2026-08-23 07:48:00,REFUNDED
4766,6,2,468.60,2026-08-26 11:49:00,PENDING
4767,5,15,1017.80,2026-08-17 15:41:00,FAILED
4768,8,15,62.90,2026-08-11 23:46:00,REFUNDED
4769,7,4,1449.80,2026-08-25 11:06:00,PENDING
4770,1,20,1372.80,2026-08-26 01:29:00,REFUNDED
4771,5,3,3307.60,2026-08-07 14:30:00,SUCCESS
4772,1,14,3427.30,2026-08-04 04:21:00,REFUNDED
4773,6,18,3370.70,2026-08-10 04:44:00,FAILED
4774,1,4,2348.00,2026-08-08 16:16:00,FAILED
4775,8,20,5019.30,2026-08-16 06:21:00,SUCCESS
4776,6,19,1228.10,2026-08-24 14:55:00,FAILED
4777,5,2,4478.20,2026-08-15 00:23:00,FAILED
4778,8,2,2809.10,2026-08-19 01:05:00,SUCCESS
4779,9,11,1962.30,2026-08-02 20:48:00,PENDING
4780,7,16,4837.40,2026-08-08 21:39:00,REFUNDED
4781,10,13,4285.70,2026-08-18 21:35:00,PENDING
4782,1,10,1681.90,2026-08-14 00:23:00,PENDING
4783,10,12,4090.80,2026-08-31 01:36:00,PENDING
4784,7,14,1881.80,2026-08-08 03:22:00,PENDING
4785,9,5,1622.20,2026-08-10 20:19:00,REFUNDED
4786,7,5,4989.70,2026-08-29 04:56:00,FAILED
4787,1,13,2620.30,2026-08-07 16:51:00,FAILED
4788,1,1,5000,2026-08-01 12:00:00,UNKNOWN_STATUS
4789,10,4,3226.70,2026-08-03 22:04:00,PENDING
4790,2,10,2411.50,2026-08-27 06:14:00,SUCCESS
4791,9,16,1874.10,2026-08-20 17:52:00,FAILED
4792,2,3,2186.70,2026-08-17 13:44:00,SUCCESS
4793,1,18,2274.30,2026-08-24 09:21:00,SUCCESS
4794,7,9,3605.00,2026-08-13 15:44:00,FAILED
4795,1,18,4642.50,2026-08-07 05:40:00,PENDING
4796,1,1,NOT_A_NUMBER,2026-08-01 12:00:00,SUCCESS
4797,10,5,2925.70,2026-08-12 05:02:00,FAILED
4798,8,18,714.10,2026-08-30 21:49:00,REFUNDED
4799,1,5,2647.40,2026-08-15 03:47:00,FAILED
4800,4,6,3814.90,2026-08-28 14:07:00,FAILED
4801,7,18,2579.20,2026-08-29 20:28:00,FAILED
4802,4,2,2099.80,2026-08-09 09:19:00,SUCCESS
4803,5,13,4723.80,2026-08-17 13:49:00,FAILED
4804,6,20,1009.80,2026-08-20 00:21:00,REFUNDED
4805,6,5,4364.40,2026-08-20 03:34:00,PENDING
4806,4,1,3559.00,2026-08-14 04:38:00,FAILED
4807,9,9,428.20,2026-08-16 04:13:00,SUCCESS
4808,6,6,4265.80,2026-08-07 07:20:00,PENDING
4809,10,3,2378.20,2026-08-01 23:19:00,FAILED
4810,9,6,3092.30,2026-08-10 15:29:00,REFUNDED
4811,6,1,2085.30,2026-08-09 20:40:00,PENDING
4812,2,9,2081.00,2026-08-30 16:16:00,SUCCESS
4813,8,6,1589.10,2026-08-03 03:01:00,PENDING
4814,3,3,1046.70,2026-08-11 23:33:00,SUCCESS
4815,7,12,4398.30,2026-08-26 23:58:00,REFUNDED
4816,9,16,1865.40,2026-08-13 08:31:00,REFUNDED
4817,10,14,714.30,2026-08-16 07:42:00,FAILED
4818,9,16,4438.70,2026-08-06 07:31:00,FAILED
4819,7,1,228.00,2026-08-10 01:12:00,SUCCESS
4820,5,15,3017.00,2026-08-29 13:09:00,PENDING
4821,1,14,383.40,2026-08-23 16:03:00,REFUNDED
4822,7,1,2442.60,2026-08-01 08:39:00,FAILED
4823,6,4,1123.60,2026-08-08 17:24:00,PENDING
4824,5,3,4283.10,2026-08-25 07:54:00,REFUNDED
4825,1,9,2662.80,2026-08-08 13:11:00,SUCCESS
4826,7,16,3052.40,2026-08-22 17:59:00,SUCCESS
4827,7,2,3279.80,2026-08-12 02:39:00,SUCCESS
4828,6,2,1610.00,2026-08-25 10:47:00,PENDING
4829,4,6,1960.00,2026-08-23 04:24:00,FAILED
4830,8,16,3105.30,2026-08-24 16:34:00,FAILED
4831,8,14,3697.20,2026-08-13 21:51:00,REFUNDED
4832,1,5,501.20,2026-08-26 22:50:00,REFUNDED
4833,3,7,3593.10,2026-08-09 10:42:00,PENDING
4834,1,1,5000,INVALID_DATE_TIME,SUCCESS
4835,6,10,342.90,2026-08-18 06:47:00,SUCCESS
4836,9,2,623.00,2026-08-17 21:42:00,FAILED
4837,3,16,3015.20,2026-08-04 04:05:00,FAILED
4838,4,1,1778.80,2026-08-06 03:49:00,REFUNDED
4839,5,12,2899.00,2026-08-07 03:17:00,SUCCESS
4840,4,12,1372.60,2026-08-22 22:28:00,FAILED
4841,6,1,1306.40,2026-08-08 10:36:00,PENDING
4842,6,5,892.40,2026-08-26 01:34:00,PENDING
4843,9,3,3047.60,2026-08-15 20:36:00,SUCCESS
4844,6,19,1199.50,2026-08-16 16:17:00,FAILED
4845,2,5,3828.90,2026-08-07 02:44:00,FAILED
4846,6,6,3952.40,2026-08-03 20:48:00,SUCCESS
4847,2,11,1573.60,2026-08-25 19:31:00,PENDING
4848,4,2,3083.10,2026-08-09 07:27:00,FAILED
4849,10,3,3563.30,2026-08-14 08:15:00,PENDING
4850,3,20,2506.60,2026-08-01 19:03:00,REFUNDED
4851,1,14,361.90,2026-08-20 07:05:00,REFUNDED
4852,6,5,1669.00,2026-08-17 15:23:00,REFUNDED
4853,2,9,1700.70,2026-08-06 06:03:00,SUCCESS
4854,1,1,3034.40,2026-08-12 08:32:00,FAILED
4855,8,11,2589.80,2026-08-13 16:08:00,PENDING
4856,8,2,4859.30,2026-08-03 05:55:00,PENDING
4857,7,9,3869.90,2026-08-19 22:14:00,REFUNDED
4858,7,11,3552.60,2026-08-08 02:16:00,FAILED
4859,5,7,4544.40,2026-08-05 13:53:00,FAILED
4860,2,17,3771.60,2026-08-24 20:03:00,REFUNDED
4861,1,4,4109.70,2026-08-10 17:16:00,FAILED
4862,3,7,1015.70,2026-08-06 04:14:00,REFUNDED
4863,5,1,2473.60,2026-08-23 10:39:00,SUCCESS
4864,4,20,1274.30,2026-08-02 18:01:00,REFUNDED
4865,5,18,547.10,2026-08-10 17:07:00,PENDING
4866,3,8,937.00,2026-08-08 21:00:00,SUCCESS
4867,4,20,4016.90,2026-08-10 22:06:00,REFUNDED
4868,3,8,3178.30,2026-08-02 14:12:00,SUCCESS
4869,5,11,1256.40,2026-08-04 04:42:00,FAILED
4870,10,12,1546.80,2026-08-08 13:30:00,REFUNDED
4871,8,1,3435.40,2026-08-16 04:50:00,FAILED
4872,3,13,2393.80,2026-08-30 04:54:00,FAILED
4873,2,7,4473.20,2026-08-31 00:06:00,SUCCESS
4874,5,1,4034.30,2026-08-06 04:16:00,FAILED
4875,8,7,2351.00,2026-08-22 05:13:00,PENDING
4876,7,14,4439.20,2026-08-19 04:32:00,FAILED
4877,9,20,3148.80,2026-08-15 15:25:00,REFUNDED
4878,7,19,1249.60,2026-08-03 22:37:00,SUCCESS
4879,9,10,2359.60,2026-08-17 10:04:00,PENDING
4880,6,2,4046.10,2026-08-04 17:00:00,PENDING
4881,7,13,556.30,2026-08-10 18:01:00,FAILED
4882,3,12,4771.00,2026-08-09 06:25:00,REFUNDED
4883,2,3,3321.80,2026-08-18 18:17:00,REFUNDED
4884,4,14,1802.40,2026-08-15 11:34:00,REFUNDED
4885,5,14,3689.00,2026-08-22 13:22:00,FAILED
4886,6,19,3551.70,2026-08-14 01:43:00,PENDING
4887,1,5,958.20,2026-08-25 23:45:00,REFUNDED
4888,7,8,2590.40,2026-08-15 19:22:00,FAILED
4889,3,19,3895.80,2026-08-23 01:12:00,REFUNDED
4890,4,5,1302.60,2026-08-15 11:05:00,SUCCESS
4891,8,3,4138.10,2026-08-30 18:17:00,SUCCESS
4892,6,15,2056.60,2026-08-12 18:04:00,REFUNDED
4893,7,6,849.30,2026-08-30 03:42:00,SUCCESS
4894,10,18,4268.10,2026-08-07 02:10:00,SUCCESS
4895,10,19,1575.50,2026-08-23 02:24:00,PENDING
4896,8,20,4695.10,2026-08-19 03:28:00,FAILED
4897,3,3,3368.50,2026-08-14 05:18:00,FAILED
4898,6,18,4672.80,2026-08-24 15:09:00,PENDING
4899,1,1,5000,2026-08-01 12:00:00,UNKNOWN_STATUS
4900,7,3,511.10,2026-08-14 05:12:00,PENDING
4901,4,14,5033.70,2026-08-29 21:09:00,PENDING
4902,4,1,4366.20,2026-08-16 05:37:00,PENDING
4903,8,3,4608.30,2026-08-26 18:15:00,REFUNDED
4904,8,18,1596.20,2026-08-23 07:09:00,PENDING
4905,9,1,4241.50,2026-08-23 06:59:00,FAILED
4906,1,12,1547.30,2026-08-03 20:11:00,REFUNDED
4907,1,4,3649.60,2026-08-12 10:25:00,PENDING
4908,2,11,1175.60,2026-08-02 09:43:00,FAILED
4909,10,19,1762.60,2026-08-14 01:25:00,REFUNDED
4910,2,1,1589.10,2026-08-21 16:49:00,REFUNDED
4911,5,4,3965.60,2026-08-30 09:42:00,PENDING
4912,3,14,981.80,2026-08-28 08:58:00,FAILED
4913,2,14,3507.90,2026-08-14 19:46:00,FAILED
4914,9,9,390.60,2026-08-19 01:04:00,SUCCESS
4915,6,16,892.80,2026-08-30 05:54:00,REFUNDED
4916,7,1,141.60,2026-08-11 15:33:00,PENDING
4917,4,19,443.20,2026-08-09 10:00:00,PENDING
4918,5,16,2348.60,2026-08-23 11:18:00,PENDING
4919,9,13,664.00,2026-08-25 10:42:00,SUCCESS
4920,5,8,2481.60,2026-08-31 03:23:00,SUCCESS
4921,8,8,2295.20,2026-08-25 03:19:00,FAILED
4922,2,9,1644.40,2026-08-16 20:58:00,REFUNDED
4923,9,9,1711.10,2026-08-09 04:50:00,FAILED
4924,10,4,3828.10,2026-08-27 08:15:00,FAILED
4925,2,9,4131.30,2026-08-26 06:01:00,REFUNDED
4926,6,1,4082.70,2026-08-03 22:26:00,REFUNDED
4927,5,2,4462.70,2026-08-05 20:06:00,FAILED
4928,2,3,1166.40,2026-08-05 03:48:00,SUCCESS
4929,10,10,3294.60,2026-08-19 03:46:00,FAILED
4930,8,15,1830.90,2026-08-18 00:20:00,REFUNDED
4931,6,14,3204.20,2026-08-12 22:35:00,SUCCESS
4932,4,3,4226.70,2026-08-13 20:35:00,REFUNDED
4933,5,14,3764.30,2026-08-16 11:59:00,REFUNDED
4934,8,1,3418.80,2026-08-22 17:07:00,REFUNDED
4935,6,20,4506.70,2026-08-09 13:43:00,FAILED
4936,9,16,2085.60,2026-08-17 07:01:00,PENDING
4937,1,1,NOT_A_NUMBER,2026-08-01 12:00:00,SUCCESS
4938,2,6,404.70,2026-08-27 18:58:00,PENDING
4939,10,9,2078.40,2026-08-11 18:45:00,REFUNDED
4940,2,1,1150.50,2026-08-02 02:51:00,PENDING
4941,10,14,4488.30,2026-08-19 01:01:00,PENDING
4942,6,9,2114.60,2026-08-03 10:32:00,PENDING
4943,9,11,3497.40,2026-08-29 19:49:00,FAILED
4944,9,12,1622.70,2026-08-04 23:29:00,SUCCESS
4945,4,18,4721.70,2026-08-22 09:21:00,SUCCESS
4946,5,19,2845.60,2026-08-27 04:38:00,REFUNDED
4947,8,19,3622.70,2026-08-09 03:59:00,FAILED
4948,9,19,4669.00,2026-08-12 15:10:00,FAILED
4949,6,9,3013.60,2026-08-28 05:44:00,FAILED
4950,2,9,4496.50,2026-08-26 14:16:00,REFUNDED
4951,2,4,2827.40,2026-08-09 00:24:00,PENDING
4952,3,9,728.60,2026-08-29 10:17:00,REFUNDED
4953,9,2,4346.30,2026-08-13 15:18:00,FAILED
4954,8,12,3973.80,2026-08-10 01:24:00,REFUNDED
4955,1,100.00
4956,10,18,2948.50,2026-08-07 03:59:00,FAILED
4957,4,5,570.20,2026-08-29 23:43:00,FAILED
4958,10,6,4084.50,2026-08-15 21:20:00,SUCCESS
4959,2,17,1539.20,2026-08-08 03:00:00,SUCCESS
4960,4,17,2276.70,2026-08-27 20:58:00,REFUNDED
4961,10,14,1638.70,2026-08-02 16:51:00,REFUNDED
4962,5,13,2433.20,2026-08-24 12:04:00,REFUNDED
4963,2,19,3171.00,2026-08-16 13:21:00,REFUNDED
4964,10,14,2362.40,2026-08-19 20:11:00,PENDING
4965,4,12,3526.50,2026-08-23 08:39:00,FAILED
4966,7,17,1849.50,2026-08-14 10:29:00,SUCCESS
4967,7,20,933.50,2026-08-11 12:16:00,REFUNDED
4968,2,7,3924.90,2026-08-26 03:49:00,SUCCESS
4969,10,20,2422.60,2026-08-05 14:09:00,PENDING
4970,1,18,175.00,2026-08-19 02:39:00,SUCCESS
4971,1,1,5000,2026-08-01 12:00:00,UNKNOWN_STATUS
4972,4,15,1018.20,2026-08-09 00:03:00,FAILED
4973,3,5,1688.00,2026-08-10 12:51:00,REFUNDED
4974,8,13,2274.00,2026-08-01 12:41:00,SUCCESS
4975,7,18,3503.60,2026-08-20 01:21:00,FAILED
4976,2,4,4637.40,2026-08-08 15:47:00,FAILED
4977,4,3,1722.80,2026-08-12 18:28:00,FAILED
4978,3,12,4785.60,2026-08-12 19:46:00,REFUNDED
4979,2,3,2916.00,2026-08-01 08:21:00,PENDING
4980,1,4,952.70,2026-08-11 11:07:00,FAILED
4981,2,12,4636.80,2026-08-26 04:49:00,PENDING
4982,9,17,2071.60,2026-08-31 02:07:00,REFUNDED
4983,5,8,2492.20,2026-08-04 04:18:00,SUCCESS
4984,5,19,4139.40,2026-08-26 00:03:00,FAILED
4985,8,12,976.00,2026-08-21 09:24:00,REFUNDED
4986,3,7,2252.30,2026-08-24 22:34:00,PENDING
4987,4,16,3628.10,2026-08-11 07:36:00,SUCCESS
4988,7,20,112.70,2026-08-17 18:20:00,FAILED
4989,2,9,3524.70,2026-08-18 12:00:00,REFUNDED
4990,9,5,3262.50,2026-08-02 09:20:00,PENDING
4991,8,10,120.70,2026-08-16 12:55:00,PENDING
4992,5,15,761.60,2026-08-17 04:03:00,PENDING
4993,1,1,NOT_A_NUMBER,2026-08-01 12:00:00,SUCCESS
4994,2,19,3244.30,2026-08-23 13:23:00,REFUNDED
4995,8,11,2308.20,2026-08-22 05:25:00,PENDING
4996,8,4,1719.40,2026-08-25 01:52:00,REFUNDED
4997,10,2,2595.60,2026-08-26 07:17:00,FAILED
4998,1,1,4667.90,2026-08-02 02:03:00,SUCCESS
4999,8,19,3264.20,2026-08-20 20:44:00,FAILED
5000,3,13,918.30,2026-08-02 07:27:00,SUCCESS
5001,8,13,177.40,2026-08-31 06:00:00,PENDING
5002,5,2,1051.70,2026-08-14 14:27:00,FAILED
5003,7,20,4531.70,2026-08-26 08:14:00,SUCCESS
5004,8,6,2911.60,2026-08-29 16:16:00,REFUNDED
5005,10,3,2856.90,2026-08-16 06:09:00,SUCCESS
5006,10,7,3648.90,2026-08-09 12:18:00,PENDING
5007,1,11,5008.60,2026-08-27 16:59:00,REFUNDED
5008,1,1,5000,INVALID_DATE_TIME,SUCCESS
5009,2,2,721.60,2026-08-21 11:12:00,PENDING
5010,4,19,1552.40,2026-08-16 17:04:00,FAILED
5011,6,15,605.40,2026-08-22 09:21:00,SUCCESS
5012,7,7,2638.00,2026-08-04 12:25:00,PENDING
5013,3,6,986.50,2026-08-16 05:17:00,REFUNDED
5014,7,9,1606.10,2026-08-14 17:48:00,REFUNDED
5015,9,11,3458.50,2026-08-29 09:16:00,FAILED
5016,2,19,1126.40,2026-08-24 15:14:00,SUCCESS
5017,1,13,4334.80,2026-08-26 07:54:00,FAILED
5018,7,20,4435.10,2026-08-27 10:59:00,SUCCESS
5019,1,16,3146.70,2026-08-09 16:56:00,REFUNDED
5020,2,1,2676.90,2026-08-04 22:12:00,FAILED
5021,6,6,4075.70,2026-08-16 06:47:00,REFUNDED
5022,1,10,2658.60,2026-08-15 19:12:00,SUCCESS
5023,2,17,2194.00,2026-08-30 14:07:00,SUCCESS
5024,8,2,3664.50,2026-08-17 12:20:00,PENDING
5025,8,10,1059.60,2026-08-27 05:56:00,REFUNDED
5026,3,19,4901.80,2026-08-11 17:04:00,SUCCESS
5027,3,7,2346.00,2026-08-23 19:21:00,FAILED
5028,3,8,4823.60,2026-08-18 09:35:00,PENDING
5029,1,1,5000,2026-08-01 12:00:00,UNKNOWN_STATUS
5030,7,15,2513.80,2026-08-28 02:18:00,PENDING
5031,7,2,3722.50,2026-08-21 18:01:00,SUCCESS
5032,3,13,3850.10,2026-08-15 18:57:00,PENDING
5033,4,19,1850.60,2026-08-01 09:28:00,FAILED
5034,5,3,4714.50,2026-08-17 18:01:00,FAILED
5035,7,9,3450.00,2026-08-23 06:28:00,REFUNDED
5036,1,15,1194.50,2026-08-02 06:16:00,REFUNDED
5037,6,8,4367.00,2026-08-22 11:56:00,REFUNDED
5038,6,14,4556.60,2026-08-26 13:23:00,SUCCESS
5039,9,16,2127.20,2026-08-08 15:05:00,FAILED
5040,2,17,4141.80,2026-08-03 15:37:00,FAILED
5041,7,12,4407.90,2026-08-22 01:12:00,FAILED
5042,5,1,552.30,2026-08-13 17:35:00,PENDING
5043,3,13,3210.00,2026-08-19 17:32:00,REFUNDED
5044,8,9,4100.00,2026-08-06 00:37:00,REFUNDED
5045,3,5,4826.30,2026-08-07 22:32:00,PENDING
5046,2,8,3918.70,2026-08-29 15:54:00,FAILED
5047,8,10,3495.10,2026-08-19 01:01:00,PENDING
5048,3,10,2354.60,2026-08-03 02:36:00,REFUNDED
5049,4,2,4111.90,2026-08-14 01:18:00,PENDING
5050,1,19,2451.00,2026-08-02 17:07:00,SUCCESS
5051,5,20,3801.30,2026-08-19 02:49:00,REFUNDED
5052,5,17,2323.60,2026-08-24 16:49:00,SUCCESS
5053,9,12,3862.80,2026-08-23 20:00:00,PENDING
5054,5,17,1593.10,2026-08-01 08:38:00,REFUNDED
5055,9,5,2353.40,2026-08-29 16:08:00,SUCCESS
5056,5,5,4417.80,2026-08-02 14:28:00,SUCCESS
5057,5,10,3319.60,2026-08-15 04:24:00,FAILED
5058,2,16,483.10,2026-08-27 15:50:00,SUCCESS
5059,10,11,4087.40,2026-08-06 02:50:00,REFUNDED
5060,1,13,350.70,2026-08-02 03:16:00,FAILED
5061,2,13,4712.60,2026-08-29 10:12:00,REFUNDED
5062,1,18,3817.80,2026-08-12 03:08:00,REFUNDED
5063,5,5,150.40,2026-08-23 00:53:00,SUCCESS
5064,10,14,4526.90,2026-08-09 09:34:00,REFUNDED
5065,6,11,3034.60,2026-08-04 05:38:00,SUCCESS
5066,9,5,3261.60,2026-08-29 05:12:00,REFUNDED
5067,6,8,3651.90,2026-08-04 23:57:00,REFUNDED
5068,2,7,2574.10,2026-08-26 00:08:00,PENDING
5069,1,20,2570.70,2026-08-29 02:50:00,REFUNDED
5070,3,5,108.20,2026-08-26 08:14:00,REFUNDED
5071,8,3,4527.70,2026-08-04 10:00:00,SUCCESS
5072,3,12,2528.80,2026-08-14 04:43:00,SUCCESS
5073,8,2,5011.60,2026-08-25 07:45:00,PENDING
5074,2,5,1554.70,2026-08-15 03:08:00,SUCCESS
5075,8,7,4537.30,2026-08-06 01:20:00,FAILED
5076,7,14,2649.80,2026-08-11 06:56:00,SUCCESS
5077,1,6,3980.20,2026-08-23 19:05:00,FAILED
5078,5,16,2905.20,2026-08-18 01:40:00,REFUNDED
5079,5,9,2605.90,2026-08-20 08:08:00,FAILED
5080,1,8,3012.60,2026-08-19 21:07:00,SUCCESS
5081,5,5,4050.60,2026-08-12 00:36:00,SUCCESS
5082,1,1,5000,2026-08-01 12:00:00,UNKNOWN_STATUS
5083,3,9,946.00,2026-08-22 22:11:00,SUCCESS
5084,3,3,3394.10,2026-08-03 19:08:00,PENDING
5085,1,8,534.40,2026-08-24 22:58:00,REFUNDED
5086,6,19,3256.40,2026-08-08 13:02:00,REFUNDED
5087,2,11,1582.10,2026-08-19 04:55:00,SUCCESS
5088,3,20,4538.30,2026-08-20 14:09:00,REFUNDED
5089,10,15,4146.80,2026-08-09 20:47:00,SUCCESS
5090,2,11,82.30,2026-08-04 03:41:00,FAILED
5091,3,14,3448.10,2026-08-22 01:43:00,PENDING
5092,2,19,4548.80,2026-08-13 03:25:00,PENDING
5093,9,5,1748.90,2026-08-07 12:55:00,SUCCESS
5094,1,9,3266.20,2026-08-11 01:36:00,PENDING
5095,3,12,4426.90,2026-08-28 00:37:00,FAILED
5096,2,18,3043.30,2026-08-03 06:11:00,FAILED
5097,4,9,1822.90,2026-08-25 22:56:00,PENDING
5098,2,12,3436.60,2026-08-02 05:10:00,FAILED
5099,5,9,4561.40,2026-08-04 23:03:00,PENDING
5100,5,16,1993.70,2026-08-07 18:00:00,SUCCESS
5101,7,1,4697.70,2026-08-18 19:25:00,SUCCESS
5102,7,4,1039.40,2026-08-09 18:53:00,PENDING
5103,5,8,2545.40,2026-08-25 00:51:00,SUCCESS
5104,2,12,3761.90,2026-08-06 13:57:00,FAILED
5105,8,16,2982.40,2026-08-06 20:23:00,FAILED
5106,9,10,2917.10,2026-08-02 06:57:00,FAILED
5107,8,11,935.80,2026-08-26 07:54:00,SUCCESS
5108,8,3,3139.10,2026-08-15 13:40:00,FAILED
5109,4,4,1997.10,2026-08-16 17:53:00,REFUNDED
5110,1,1,NOT_A_NUMBER,2026-08-01 12:00:00,SUCCESS
5111,4,16,2969.40,2026-08-16 09:23:00,FAILED
5112,3,20,4681.10,2026-08-10 00:05:00,SUCCESS
5113,5,1,3869.00,2026-08-11 13:04:00,SUCCESS
5114,6,18,1050.30,2026-08-11 14:53:00,PENDING
5115,10,18,1690.70,2026-08-07 06:06:00,FAILED
5116,5,10,2328.70,2026-08-29 00:32:00,FAILED
5117,8,10,3872.20,2026-08-15 23:05:00,SUCCESS
5118,2,8,2870.20,2026-08-03 02:26:00,REFUNDED
5119,9,13,4369.30,2026-08-27 20:00:00,FAILED
5120,9,10,3391.80,2026-08-02 22:33:00,PENDING
5121,7,6,2976.80,2026-08-09 02:31:00,SUCCESS
5122,7,17,4877.60,2026-08-21 01:30:00,PENDING
5123,8,10,2398.90,2026-08-17 05:41:00,PENDING
5124,1,1,5000,2026-08-01 12:00:00,UNKNOWN_STATUS
5125,1,4,1430.50,2026-08-04 01:02:00,FAILED
5126,1,19,2748.90,2026-08-12 10:41:00,REFUNDED
5127,7,3,2317.10,2026-08-28 10:16:00,PENDING
5128,9,7,997.90,2026-08-13 17:20:00,SUCCESS
5129,9,9,407.20,2026-08-16 04:59:00,REFUNDED
5130,9,20,1688.70,2026-08-05 23:28:00,FAILED
5131,2,14,756.10,2026-08-13 03:44:00,FAILED
5132,7,13,4344.50,2026-08-09 11:04:00,PENDING
5133,10,3,4612.90,2026-08-20 23:05:00,FAILED
5134,6,18,921.70,2026-08-06 12:41:00,FAILED
5135,10,9,2511.40,2026-08-24 17:49:00,SUCCESS
5136,1,12,2629.70,2026-08-23 12:15:00,SUCCESS
5137,7,18,2863.60,2026-08-24 05:32:00,SUCCESS
5138,7,20,3940.30,2026-08-02 22:49:00,SUCCESS
5139,4,1,1985.90,2026-08-24 10:23:00,REFUNDED
5140,7,17,2637.40,2026-08-22 12:07:00,FAILED
5141,6,18,1936.90,2026-08-02 01:35:00,FAILED
5142,1,8,1872.40,2026-08-10 08:23:00,REFUNDED
5143,7,16,1928.80,2026-08-01 08:57:00,REFUNDED
5144,2,19,3957.90,2026-08-19 15:04:00,FAILED
5145,6,4,3148.30,2026-08-21 13:10:00,SUCCESS
5146,5,9,2625.50,2026-08-09 18:26:00,PENDING
5147,2,5,2606.90,2026-08-23 20:48:00,SUCCESS
5148,8,10,1487.00,2026-08-12 09:59:00,PENDING
5149,6,6,3080.00,2026-08-06 05:20:00,FAILED
5150,10,12,1725.20,2026-08-15 21:15:00,SUCCESS
5151,6,3,634.70,2026-08-27 23:49:00,FAILED
5152,10,8,3551.60,2026-08-27 00:09:00,SUCCESS
5153,9,5,1265.60,2026-08-20 17:33:00,PENDING
5154,7,15,1890.50,2026-08-22 08:45:00,SUCCESS
5155,9,6,1881.60,2026-08-29 10:38:00,PENDING
5156,5,13,815.70,2026-08-22 16:40:00,FAILED
5157,10,11,1757.10,2026-08-18 16:17:00,FAILED
5158,5,3,3133.60,2026-08-12 06:26:00,PENDING
5159,7,1,1609.60,2026-08-17 01:01:00,PENDING
5160,1,1,255.90,2026-08-24 00:11:00,PENDING
5161,6,3,2588.40,2026-08-03 18:59:00,SUCCESS
5162,6,7,2103.20,2026-08-15 18:02:00,FAILED
5163,9,1,1471.30,2026-08-29 09:02:00,PENDING
5164,5,13,546.00,2026-08-18 20:28:00,FAILED
5165,9,12,5000.90,2026-08-09 23:52:00,PENDING
5166,10,5,2535.30,2026-08-22 03:34:00,FAILED
5167,1,17,3497.00,2026-08-27 04:38:00,FAILED
5168,2,13,1206.60,2026-08-11 09:15:00,PENDING
5169,2,7,4954.60,2026-08-05 12:06:00,FAILED
5170,3,8,1764.70,2026-08-09 17:02:00,SUCCESS
5171,1,19,246.10,2026-08-25 17:31:00,REFUNDED
5172,9,19,3341.20,2026-08-11 08:16:00,PENDING
5173,8,20,3345.20,2026-08-05 22:02:00,SUCCESS
5174,1,13,906.80,2026-08-22 22:15:00,SUCCESS
5175,3,4,2033.90,2026-08-26 09:39:00,FAILED
5176,1,100.00
5177,9,11,4099.90,2026-08-24 18:06:00,REFUNDED
5178,9,6,4690.10,2026-08-02 22:05:00,SUCCESS
5179,6,3,3128.30,2026-08-14 14:40:00,REFUNDED
5180,7,4,4286.50,2026-08-30 21:10:00,FAILED
5181,5,12,2463.30,2026-08-24 19:00:00,REFUNDED
5182,5,15,4993.10,2026-08-16 19:09:00,SUCCESS
5183,7,18,4803.80,2026-08-11 08:06:00,SUCCESS
5184,7,4,396.60,2026-08-22 10:04:00,SUCCESS
5185,9,13,2127.70,2026-08-20 08:51:00,REFUNDED
5186,1,19,1271.60,2026-08-06 21:07:00,FAILED
5187,8,18,2971.20,2026-08-11 19:50:00,SUCCESS
5188,7,1,4760.70,2026-08-10 22:21:00,PENDING
5189,9,12,4752.50,2026-08-03 20:04:00,REFUNDED
5190,5,4,2890.80,2026-08-29 09:20:00,SUCCESS
5191,10,18,573.40,2026-08-19 06:18:00,SUCCESS
5192,5,17,698.30,2026-08-26 05:56:00,PENDING
5193,9,13,1189.50,2026-08-23 04:04:00,PENDING
5194,5,11,2225.40,2026-08-15 03:43:00,REFUNDED
5195,7,20,5032.40,2026-08-23 07:20:00,PENDING
5196,6,9,3722.80,2026-08-22 12:14:00,FAILED
5197,10,9,1778.30,2026-08-05 12:09:00,PENDING
5198,5,4,625.90,2026-08-04 02:25:00,FAILED
5199,3,10,2031.40,2026-08-19 03:22:00,SUCCESS
5200,5,11,458.20,2026-08-13 15:35:00,FAILED
5201,2,1,3814.80,2026-08-17 07:03:00,PENDING
5202,2,10,3898.00,2026-08-23 19:32:00,REFUNDED
5203,6,15,1552.50,2026-08-13 01:49:00,FAILED
5204,1,4,3538.30,2026-08-10 07:13:00,SUCCESS
5205,5,13,3800.40,2026-08-27 15:31:00,FAILED
5206,10,17,4435.90,2026-08-23 23:33:00,REFUNDED
5207,2,18,5049.30,2026-08-24 17:44:00,PENDING
5208,6,3,1664.20,2026-08-22 08:16:00,PENDING
5209,6,8,4680.20,2026-08-29 17:25:00,SUCCESS
5210,10,13,505.50,2026-08-03 03:38:00,REFUNDED
5211,3,9,913.30,2026-08-31 00:32:00,PENDING
5212,6,16,2785.90,2026-08-21 06:45:00,SUCCESS
5213,9,20,2236.90,2026-08-21 20:46:00,FAILED
5214,5,7,798.90,2026-08-03 01:51:00,REFUNDED
5215,2,7,1536.20,2026-08-12 00:02:00,FAILED
5216,8,12,4521.70,2026-08-09 12:03:00,SUCCESS
5217,9,12,3999.00,2026-08-24 13:32:00,SUCCESS
5218,1,14,2356.20,2026-08-25 16:08:00,FAILED
5219,2,8,714.90,2026-08-09 04:30:00,REFUNDED
5220,3,14,4959.20,2026-08-20 22:22:00,REFUNDED
5221,5,2,1255.00,2026-08-04 06:48:00,REFUNDED
5222,6,8,2413.20,2026-08-19 21:46:00,REFUNDED
5223,3,14,242.40,2026-08-03 17:37:00,REFUNDED
5224,8,14,4034.90,2026-08-01 13:12:00,REFUNDED
5225,1,13,2380.50,2026-08-19 22:15:00,PENDING
5226,5,8,1424.50,2026-08-18 09:05:00,REFUNDED
5227,4,14,4561.40,2026-08-15 10:20:00,PENDING
5228,8,3,3819.40,2026-08-02 15:05:00,FAILED
5229,2,20,3260.50,2026-08-26 00:02:00,REFUNDED
5230,2,20,4341.10,2026-08-17 16:02:00,FAILED
5231,3,5,3297.00,2026-08-30 22:42:00,REFUNDED
5232,9,19,4752.00,2026-08-17 04:29:00,SUCCESS
5233,5,10,1670.80,2026-08-16 12:05:00,FAILED
5234,5,19,2547.10,2026-08-09 17:12:00,SUCCESS
5235,9,14,133.60,2026-08-09 05:32:00,PENDING
5236,9,10,3468.00,2026-08-02 04:14:00,FAILED
5237,7,7,2247.30,2026-08-17 01:20:00,REFUNDED
5238,9,12,155.30,2026-08-03 12:47:00,FAILED
5239,5,19,2438.20,2026-08-10 10:01:00,SUCCESS
5240,4,20,3670.50,2026-08-19 14:22:00,PENDING
5241,2,18,4921.10,2026-08-06 06:47:00,PENDING
5242,1,18,2706.40,2026-08-19 15:38:00,REFUNDED
5243,10,8,356.80,2026-08-23 01:16:00,FAILED
5244,4,4,2777.40,2026-08-14 02:14:00,FAILED
5245,9,6,294.00,2026-08-12 00:56:00,SUCCESS
5246,4,2,4760.20,2026-08-30 17:13:00,FAILED
5247,10,5,1613.30,2026-08-28 11:49:00,PENDING
5248,4,4,1338.60,2026-08-02 23:45:00,PENDING
5249,7,20,1737.00,2026-08-18 01:44:00,PENDING
5250,4,15,4474.90,2026-08-06 05:51:00,FAILED
5251,10,8,3317.80,2026-08-13 08:39:00,SUCCESS
5252,8,9,626.90,2026-08-10 04:00:00,FAILED
5253,9,17,3262.00,2026-08-30 09:48:00,PENDING
5254,1,100.00
5255,5,16,3645.50,2026-08-07 14:40:00,PENDING
5256,9,15,3805.40,2026-08-30 05:21:00,PENDING
5257,9,15,3792.10,2026-08-04 15:14:00,FAILED
5258,3,3,4112.60,2026-08-16 03:53:00,PENDING
5259,3,15,1011.00,2026-08-04 04:29:00,SUCCESS
5260,1,9,3136.00,2026-08-13 14:06:00,PENDING
5261,2,17,3705.80,2026-08-11 03:18:00,FAILED
5262,2,3,3145.60,2026-08-26 10:47:00,REFUNDED
5263,9,1,1241.50,2026-08-02 12:36:00,REFUNDED
5264,9,10,4416.40,2026-08-24 09:57:00,REFUNDED
5265,6,15,2287.30,2026-08-23 08:49:00,FAILED
5266,6,6,592.80,2026-08-29 10:47:00,FAILED
5267,5,16,4891.20,2026-08-23 01:21:00,SUCCESS
5268,4,19,783.60,2026-08-28 23:44:00,REFUNDED
5269,4,11,197.50,2026-08-24 16:55:00,FAILED
5270,1,4,2716.40,2026-08-21 12:20:00,SUCCESS
5271,9,12,3621.80,2026-08-17 05:19:00,PENDING
5272,6,11,2887.20,2026-08-19 10:28:00,SUCCESS
5273,1,17,1855.80,2026-08-19 05:44:00,FAILED
5274,8,7,3116.80,2026-08-26 16:13:00,SUCCESS
5275,4,8,2821.80,2026-08-24 06:55:00,PENDING
5276,10,12,977.40,2026-08-11 00:44:00,REFUNDED
5277,4,6,4673.00,2026-08-06 19:12:00,PENDING
5278,5,13,1100.20,2026-08-19 12:57:00,PENDING
5279,7,16,1179.60,2026-08-19 17:40:00,REFUNDED
5280,2,17,4868.40,2026-08-15 03:00:00,PENDING
5281,1,14,2114.50,2026-08-17 06:23:00,SUCCESS
5282,10,16,4700.00,2026-08-30 10:54:00,SUCCESS
5283,5,20,2448.60,2026-08-04 15:21:00,SUCCESS
5284,10,12,2180.10,2026-08-17 03:06:00,SUCCESS
5285,2,6,4305.70,2026-08-13 22:30:00,PENDING
5286,7,3,834.40,2026-08-06 06:33:00,FAILED
5287,1,1,5000,INVALID_DATE_TIME,SUCCESS
5288,2,11,2183.10,2026-08-26 07:04:00,REFUNDED
5289,7,8,1400.90,2026-08-25 12:10:00,FAILED
5290,9,5,3856.00,2026-08-15 13:25:00,PENDING
5291,5,9,1298.90,2026-08-05 00:45:00,SUCCESS
5292,10,5,173.50,2026-08-17 21:54:00,SUCCESS
5293,3,15,551.20,2026-08-20 18:50:00,REFUNDED
5294,3,6,4152.20,2026-08-26 21:49:00,REFUNDED
5295,10,13,4080.30,2026-08-01 22:07:00,REFUNDED
5296,5,13,4466.70,2026-08-14 05:18:00,PENDING
5297,1,18,784.60,2026-08-14 02:48:00,PENDING
5298,1,9,2846.70,2026-08-01 10:20:00,SUCCESS
5299,3,12,4054.60,2026-08-29 20:01:00,REFUNDED
5300,9,18,1438.10,2026-08-02 02:35:00,REFUNDED
5301,1,14,3908.70,2026-08-05 14:17:00,PENDING
5302,2,14,938.60,2026-08-13 12:11:00,REFUNDED
5303,8,12,4551.20,2026-08-20 15:12:00,FAILED
5304,7,5,1032.60,2026-08-17 16:59:00,REFUNDED
5305,1,10,4060.70,2026-08-29 08:38:00,REFUNDED
5306,10,9,2005.00,2026-08-11 06:52:00,PENDING
5307,8,17,4813.80,2026-08-05 13:24:00,REFUNDED
5308,9,19,4570.00,2026-08-05 02:46:00,REFUNDED
5309,7,4,4905.30,2026-08-27 06:58:00,PENDING
5310,3,8,4798.00,2026-08-25 23:02:00,SUCCESS
5311,9,14,1697.90,2026-08-23 15:40:00,PENDING
5312,5,19,3552.10,2026-08-28 03:09:00,REFUNDED
5313,6,1,3761.00,2026-08-07 07:46:00,PENDING
5314,5,7,3266.20,2026-08-29 18:34:00,REFUNDED
5315,1,5,571.20,2026-08-24 14:15:00,REFUNDED
5316,1,19,1268.80,2026-08-02 12:39:00,FAILED
5317,9,18,5017.60,2026-08-25 15:41:00,PENDING
5318,6,4,3966.00,2026-08-30 16:09:00,REFUNDED
5319,5,3,4541.20,2026-08-29 20:48:00,REFUNDED
5320,7,18,1776.50,2026-08-30 12:29:00,REFUNDED
5321,4,2,51.20,2026-08-09 14:42:00,REFUNDED
5322,6,6,5028.70,2026-08-09 08:58:00,PENDING
5323,1,8,5040.10,2026-08-14 01:15:00,FAILED
5324,8,6,3177.30,2026-08-28 13:20:00,SUCCESS
5325,2,16,2268.40,2026-08-15 13:28:00,PENDING
5326,5,7,3092.60,2026-08-09 10:22:00,PENDING
5327,10,2,2818.50,2026-08-13 22:08:00,SUCCESS
5328,9,8,830.20,2026-08-02 08:16:00,PENDING
5329,1,6,881.50,2026-08-25 04:22:00,FAILED
5330,3,12,4916.50,2026-08-13 14:41:00,SUCCESS
5331,5,2,3195.20,2026-08-02 13:38:00,FAILED
5332,10,18,2166.90,2026-08-16 10:47:00,PENDING
5333,9,1,1894.60,2026-08-16 11:53:00,REFUNDED
5334,7,3,2783.50,2026-08-09 07:14:00,PENDING
5335,3,16,873.70,2026-08-02 06:34:00,FAILED
5336,2,9,4711.00,2026-08-13 22:39:00,REFUNDED
5337,10,5,1645.10,2026-08-15 14:19:00,PENDING
5338,7,18,4056.80,2026-08-23 00:53:00,SUCCESS
5339,7,2,2552.90,2026-08-25 00:29:00,SUCCESS
5340,3,11,2423.10,2026-08-01 19:20:00,SUCCESS
5341,6,15,779.50,2026-08-14 09:18:00,FAILED
5342,2,14,3684.10,2026-08-24 11:05:00,SUCCESS
5343,2,8,4991.50,2026-08-26 09:02:00,FAILED
5344,10,3,2891.00,2026-08-02 09:25:00,PENDING
5345,10,15,2766.20,2026-08-27 00:57:00,PENDING
5346,5,7,409.60,2026-08-12 06:05:00,SUCCESS
5347,3,9,1241.70,2026-08-28 19:09:00,FAILED
5348,9,13,4497.20,2026-08-08 15:10:00,PENDING
5349,6,18,276.50,2026-08-09 12:57:00,SUCCESS
5350,10,1,2911.70,2026-08-01 08:43:00,PENDING
5351,4,13,2247.30,2026-08-25 16:58:00,SUCCESS
5352,10,15,3800.00,2026-08-14 20:52:00,REFUNDED
5353,7,6,3472.00,2026-08-28 04:47:00,PENDING
5354,6,1,899.40,2026-08-20 21:14:00,REFUNDED
5355,10,16,3398.40,2026-08-11 23:23:00,REFUNDED
5356,4,2,823.30,2026-08-11 14:15:00,REFUNDED
5357,7,13,843.70,2026-08-14 10:16:00,FAILED
5358,4,19,2450.30,2026-08-23 20:30:00,PENDING
5359,2,11,4609.90,2026-08-17 06:03:00,SUCCESS
5360,9,19,3437.60,2026-08-13 08:39:00,PENDING
5361,3,19,2278.40,2026-08-14 00:08:00,SUCCESS
5362,8,11,4280.30,2026-08-14 18:54:00,PENDING
5363,1,9,681.50,2026-08-16 02:48:00,FAILED
5364,4,9,4794.90,2026-08-26 11:49:00,PENDING
5365,10,4,2591.70,2026-08-02 16:03:00,FAILED
5366,2,5,3868.70,2026-08-10 15:59:00,REFUNDED
5367,1,100.00
5368,3,9,2972.30,2026-08-06 20:44:00,SUCCESS
5369,7,8,1023.40,2026-08-08 02:57:00,FAILED
5370,2,20,4608.90,2026-08-18 06:38:00,REFUNDED
5371,1,16,3916.00,2026-08-05 05:00:00,REFUNDED
5372,6,1,984.00,2026-08-06 21:59:00,FAILED
5373,9,17,731.10,2026-08-24 07:15:00,SUCCESS
5374,4,3,219.00,2026-08-22 02:40:00,REFUNDED
5375,5,15,465.60,2026-08-11 23:06:00,REFUNDED
5376,6,14,1563.40,2026-08-21 11:42:00,SUCCESS
5377,4,12,2049.60,2026-08-12 06:48:00,PENDING
5378,6,13,219.30,2026-08-05 18:51:00,REFUNDED
5379,3,6,1581.00,2026-08-21 04:30:00,REFUNDED
5380,7,5,3068.20,2026-08-14 18:42:00,FAILED
5381,2,6,4788.00,2026-08-07 23:34:00,PENDING
5382,2,20,118.50,2026-08-25 16:33:00,REFUNDED
5383,4,8,1315.20,2026-08-26 14:14:00,PENDING
5384,8,16,3017.00,2026-08-21 04:30:00,SUCCESS
5385,1,18,739.40,2026-08-16 05:35:00,PENDING
5386,9,7,3283.20,2026-08-02 04:12:00,REFUNDED
5387,5,9,2169.50,2026-08-14 14:46:00,SUCCESS
5388,3,14,3373.10,2026-08-30 10:28:00,SUCCESS
5389,6,18,782.20,2026-08-25 00:17:00,PENDING
5390,1,11,3862.60,2026-08-15 13:06:00,PENDING
5391,1,1,253.70,2026-08-24 06:32:00,PENDING
5392,7,5,2583.20,2026-08-14 04:38:00,FAILED
5393,3,2,4308.60,2026-08-12 19:21:00,PENDING
5394,4,4,1875.90,2026-08-12 14:45:00,PENDING
5395,1,11,3954.70,2026-08-06 06:09:00,REFUNDED
5396,1,4,434.20,2026-08-05 12:12:00,SUCCESS
5397,1,19,4910.00,2026-08-02 18:56:00,REFUNDED
5398,5,18,3679.20,2026-08-03 20:46:00,FAILED
5399,8,4,1501.30,2026-08-23 06:54:00,SUCCESS
5400,9,13,5040.00,2026-08-12 15:35:00,SUCCESS
5401,8,18,2903.60,2026-08-07 22:55:00,PENDING
5402,9,5,1730.90,2026-08-13 11:21:00,FAILED
5403,9,4,2423.00,2026-08-08 12:39:00,SUCCESS
5404,6,10,761.00,2026-08-24 14:07:00,FAILED
5405,3,6,615.40,2026-08-23 17:06:00,REFUNDED
5406,2,8,3561.00,2026-08-02 04:03:00,PENDING
5407,7,10,3443.60,2026-08-19 20:20:00,FAILED
5408,1,11,3742.30,2026-08-31 04:24:00,SUCCESS
5409,5,2,3334.40,2026-08-04 12:38:00,REFUNDED
5410,10,5,3907.40,2026-08-12 06:44:00,SUCCESS
5411,9,3,1924.10,2026-08-25 14:02:00,SUCCESS
5412,1,12,2455.90,2026-08-18 19:19:00,PENDING
5413,4,8,2358.80,2026-08-30 19:02:00,PENDING
5414,3,18,4835.90,2026-08-18 08:49:00,PENDING
5415,8,14,4669.70,2026-08-08 07:02:00,PENDING
5416,8,15,221.80,2026-08-30 19:50:00,FAILED
5417,5,5,3462.80,2026-08-27 23:23:00,REFUNDED
5418,10,7,158.90,2026-08-18 03:37:00,PENDING
5419,4,9,689.20,2026-08-31 07:02:00,REFUNDED
5420,4,1,4180.70,2026-08-04 07:46:00,SUCCESS
5421,2,4,2170.50,2026-08-11 23:03:00,REFUNDED
5422,3,6,2977.80,2026-08-23 12:13:00,PENDING
5423,2,3,3198.30,2026-08-16 18:10:00,REFUNDED
5424,8,19,3675.90,2026-08-30 20:12:00,PENDING
5425,10,1,2742.50,2026-08-24 02:24:00,SUCCESS
5426,10,5,1247.30,2026-08-22 05:19:00,SUCCESS
5427,2,19,1018.40,2026-08-13 17:58:00,REFUNDED
5428,1,15,1117.80,2026-08-19 03:07:00,PENDING
5429,6,19,2523.10,2026-08-14 21:16:00,FAILED
5430,8,16,4149.30,2026-08-26 03:16:00,REFUNDED
5431,2,17,216.50,2026-08-23 16:07:00,PENDING
5432,6,18,3849.00,2026-08-20 02:34:00,REFUNDED
5433,1,9,1911.80,2026-08-05 18:34:00,PENDING
5434,9,18,3351.90,2026-08-22 18:30:00,REFUNDED
5435,10,13,3179.30,2026-08-10 13:28:00,SUCCESS
5436,2,1,966.30,2026-08-28 08:00:00,FAILED
5437,10,19,940.20,2026-08-14 23:53:00,PENDING
5438,9,10,4369.60,2026-08-19 04:41:00,REFUNDED
5439,1,1,5000,INVALID_DATE_TIME,SUCCESS
5440,3,1,910.70,2026-08-16 12:17:00,FAILED
5441,5,18,2346.70,2026-08-18 22:56:00,REFUNDED
5442,4,15,191.10,2026-08-26 02:25:00,REFUNDED
5443,6,7,4720.70,2026-08-13 03:35:00,REFUNDED
5444,6,6,2665.80,2026-08-16 12:43:00,SUCCESS
5445,10,6,650.60,2026-08-24 22:16:00,PENDING
5446,3,7,946.20,2026-08-10 09:52:00,PENDING
5447,4,1,4556.00,2026-08-24 07:47:00,FAILED
5448,10,17,3616.60,2026-08-11 07:13:00,REFUNDED
5449,4,20,773.70,2026-08-13 16:35:00,REFUNDED
5450,10,19,4010.80,2026-08-21 22:18:00,REFUNDED
5451,2,20,4796.30,2026-08-11 09:52:00,REFUNDED
5452,5,2,1149.90,2026-08-02 19:52:00,SUCCESS
5453,8,3,76.70,2026-08-29 19:52:00,PENDING
5454,9,1,3647.20,2026-08-31 03:13:00,REFUNDED
5455,5,8,4950.10,2026-08-08 20:01:00,SUCCESS
5456,7,8,4729.50,2026-08-11 22:51:00,PENDING
5457,9,13,2615.70,2026-08-21 08:41:00,FAILED
5458,5,7,2011.20,2026-08-16 10:22:00,PENDING
5459,2,2,4553.30,2026-08-20 17:25:00,REFUNDED
5460,9,10,3937.90,2026-08-13 15:02:00,REFUNDED
5461,1,1,5000,2026-08-01 12:00:00,UNKNOWN_STATUS
5462,6,12,198.50,2026-08-26 07:29:00,FAILED
5463,2,8,1250.10,2026-08-24 00:39:00,FAILED
5464,2,11,2359.30,2026-08-09 20:40:00,SUCCESS
5465,9,18,3530.80,2026-08-26 01:09:00,FAILED
5466,8,4,3325.00,2026-08-05 15:15:00,PENDING
5467,2,11,1228.60,2026-08-01 13:37:00,SUCCESS
5468,1,100.00
5469,7,13,1534.60,2026-08-17 08:18:00,PENDING
5470,8,9,2205.00,2026-08-10 16:05:00,FAILED
5471,9,13,2043.80,2026-08-02 15:52:00,FAILED
5472,3,4,4169.90,2026-08-05 21:44:00,PENDING
5473,6,19,206.20,2026-08-28 17:09:00,FAILED
5474,5,4,3737.10,2026-08-06 04:22:00,FAILED
5475,2,8,4167.20,2026-08-05 03:20:00,PENDING
5476,8,5,2119.20,2026-08-25 09:46:00,FAILED
5477,8,16,2935.40,2026-08-26 16:08:00,REFUNDED
5478,3,18,2329.10,2026-08-14 18:58:00,FAILED
5479,5,13,5023.10,2026-08-04 06:50:00,SUCCESS
5480,4,2,4548.50,2026-08-17 03:16:00,SUCCESS
5481,7,1,4596.60,2026-08-07 12:03:00,PENDING
5482,3,11,1145.10,2026-08-24 14:40:00,FAILED
5483,7,3,3324.90,2026-08-20 19:03:00,FAILED
5484,4,6,608.70,2026-08-01 15:59:00,PENDING
5485,9,19,3481.40,2026-08-30 20:56:00,REFUNDED
5486,8,9,4891.50,2026-08-10 15:51:00,REFUNDED
5487,6,16,3831.30,2026-08-19 08:44:00,REFUNDED
5488,5,10,377.30,2026-08-22 07:09:00,SUCCESS
5489,9,13,3374.30,2026-08-08 12:15:00,SUCCESS
5490,7,2,1549.50,2026-08-30 18:18:00,FAILED
5491,6,4,2489.60,2026-08-15 23:31:00,SUCCESS
5492,9,5,1686.60,2026-08-04 08:16:00,PENDING
5493,6,16,2972.20,2026-08-13 02:36:00,PENDING
5494,10,3,1168.80,2026-08-29 03:27:00,SUCCESS
5495,2,14,3285.70,2026-08-09 23:39:00,PENDING
5496,5,1,1764.90,2026-08-24 12:46:00,SUCCESS
5497,1,5,309.40,2026-08-27 12:02:00,SUCCESS
5498,10,17,1963.40,2026-08-23 04:22:00,PENDING
5499,4,10,506.80,2026-08-19 16:59:00,SUCCESS
5500,8,18,3848.30,2026-08-21 03:18:00,SUCCESS
5501,7,8,2677.00,2026-08-20 22:11:00,FAILED
5502,4,20,3455.60,2026-08-06 20:02:00,PENDING
5503,8,16,2567.60,2026-08-14 12:17:00,FAILED
5504,1,18,339.00,2026-08-09 10:18:00,SUCCESS
5505,1,4,1540.70,2026-08-09 03:42:00,SUCCESS
5506,1,13,140.00,2026-08-25 06:57:00,FAILED
5507,8,15,2968.40,2026-08-23 12:50:00,PENDING
5508,2,8,1332.80,2026-08-17 22:59:00,REFUNDED
5509,5,13,3076.60,2026-08-06 13:11:00,REFUNDED
5510,10,9,4001.10,2026-08-27 13:41:00,PENDING
5511,1,19,3114.00,2026-08-22 12:04:00,FAILED
5512,9,3,2442.40,2026-08-01 21:15:00,PENDING
5513,1,1,5000,INVALID_DATE_TIME,SUCCESS
5514,5,2,1380.20,2026-08-06 19:45:00,PENDING
5515,2,20,934.70,2026-08-09 09:22:00,PENDING
5516,5,9,4506.00,2026-08-02 16:39:00,SUCCESS
5517,2,20,3135.40,2026-08-28 17:36:00,REFUNDED
5518,3,2,3543.30,2026-08-05 19:48:00,PENDING
5519,4,5,4839.30,2026-08-24 08:11:00,SUCCESS
5520,2,3,524.50,2026-08-10 00:41:00,PENDING
5521,3,12,2140.20,2026-08-21 20:48:00,SUCCESS
5522,8,8,3661.40,2026-08-04 22:18:00,REFUNDED
5523,5,1,1441.00,2026-08-18 05:33:00,PENDING
5524,6,2,1765.50,2026-08-21 10:08:00,PENDING
5525,9,2,1170.80,2026-08-05 23:26:00,SUCCESS
5526,9,15,1827.50,2026-08-18 17:26:00,REFUNDED
5527,1,12,4094.20,2026-08-19 21:14:00,FAILED
5528,9,15,817.50,2026-08-17 18:08:00,REFUNDED
5529,7,12,956.60,2026-08-08 18:06:00,PENDING
5530,7,19,3654.50,2026-08-23 13:59:00,SUCCESS
5531,2,13,1802.80,2026-08-07 12:26:00,SUCCESS
5532,1,9,1936.80,2026-08-04 00:32:00,REFUNDED
5533,7,20,74.40,2026-08-19 11:35:00,SUCCESS
5534,4,20,4776.60,2026-08-09 09:56:00,FAILED
5535,3,15,293.90,2026-08-19 10:53:00,PENDING
5536,8,20,589.60,2026-08-05 10:51:00,PENDING
5537,1,4,4315.80,2026-08-24 13:22:00,PENDING
5538,10,11,439.40,2026-08-17 20:34:00,PENDING
5539,10,11,1236.30,2026-08-20 23:19:00,PENDING
5540,2,14,4575.50,2026-08-03 21:43:00,PENDING
5541,2,15,2751.80,2026-08-28 15:34:00,REFUNDED
5542,7,13,2105.40,2026-08-05 18:04:00,PENDING
5543,7,3,4289.60,2026-08-16 21:22:00,SUCCESS
5544,4,17,615.30,2026-08-08 01:41:00,REFUNDED
5545,1,100.00
5546,6,12,2937.60,2026-08-22 09:15:00,REFUNDED
5547,5,3,3398.50,2026-08-07 05:27:00,PENDING
5548,5,2,4734.70,2026-08-07 02:23:00,REFUNDED
5549,5,16,4119.80,2026-08-11 14:27:00,PENDING
5550,3,19,4894.90,2026-08-14 11:36:00,REFUNDED
5551,8,3,3286.60,2026-08-01 17:46:00,PENDING
5552,1,14,3571.60,2026-08-27 09:04:00,REFUNDED
5553,4,19,3354.50,2026-08-22 01:14:00,PENDING
5554,3,6,2212.80,2026-08-23 15:37:00,FAILED
5555,8,13,2570.40,2026-08-27 00:50:00,FAILED
5556,5,7,3011.50,2026-08-21 16:19:00,REFUNDED
5557,1,20,2286.60,2026-08-09 03:38:00,FAILED
5558,9,14,2309.80,2026-08-27 23:58:00,REFUNDED
5559,2,19,404.90,2026-08-13 16:42:00,SUCCESS
5560,4,3,4375.30,2026-08-05 11:39:00,SUCCESS
5561,1,12,505.30,2026-08-09 15:30:00,REFUNDED
5562,2,20,963.10,2026-08-03 10:13:00,FAILED
5563,9,6,3377.60,2026-08-27 04:21:00,REFUNDED
5564,8,12,942.40,2026-08-29 12:33:00,FAILED
5565,1,20,1763.50,2026-08-10 08:18:00,SUCCESS
5566,8,3,534.20,2026-08-15 03:39:00,SUCCESS
5567,4,4,1888.10,2026-08-26 13:48:00,PENDING
5568,6,6,2327.60,2026-08-09 03:54:00,SUCCESS
5569,8,3,2774.30,2026-08-23 03:33:00,SUCCESS
5570,5,10,1920.40,2026-08-25 07:42:00,PENDING
5571,1,1,5000,2026-08-01 12:00:00,UNKNOWN_STATUS
5572,9,7,4991.10,2026-08-30 17:23:00,REFUNDED
5573,8,5,1614.70,2026-08-24 03:46:00,REFUNDED
5574,6,1,4484.70,2026-08-10 13:33:00,REFUNDED
5575,10,11,3775.10,2026-08-30 15:22:00,PENDING
5576,2,14,2945.60,2026-08-28 17:59:00,SUCCESS
5577,4,10,2641.40,2026-08-22 08:07:00,PENDING
5578,1,1,2439.40,2026-08-28 10:13:00,SUCCESS
5579,9,7,466.80,2026-08-24 12:27:00,FAILED
5580,6,12,4060.30,2026-08-31 00:22:00,PENDING
5581,4,2,3258.60,2026-08-13 01:58:00,SUCCESS
5582,1,4,89.80,2026-08-10 01:05:00,FAILED
5583,3,13,4667.30,2026-08-10 12:38:00,REFUNDED
5584,2,15,2817.40,2026-08-16 18:32:00,FAILED
5585,3,10,1307.70,2026-08-14 14:33:00,REFUNDED
5586,6,2,2986.10,2026-08-16 13:22:00,REFUNDED
5587,8,9,2892.10,2026-08-12 17:36:00,SUCCESS
5588,8,8,4908.50,2026-08-16 07:01:00,PENDING
5589,1,100.00
5590,6,2,284.60,2026-08-05 22:02:00,REFUNDED
5591,1,1,5000,INVALID_DATE_TIME,SUCCESS
5592,8,12,681.40,2026-08-02 20:19:00,REFUNDED
5593,7,1,3729.20,2026-08-02 23:24:00,SUCCESS
5594,4,5,3740.20,2026-08-19 08:33:00,SUCCESS
5595,9,4,969.50,2026-08-19 14:10:00,SUCCESS
5596,7,12,4648.30,2026-08-28 07:55:00,REFUNDED
5597,6,7,4203.90,2026-08-19 01:59:00,PENDING
5598,5,6,2909.50,2026-08-29 06:26:00,PENDING
5599,5,18,3578.30,2026-08-12 15:04:00,FAILED
5600,7,18,1513.90,2026-08-29 05:19:00,FAILED
5601,1,2,1848.40,2026-08-15 00:54:00,PENDING
5602,2,7,890.00,2026-08-24 05:19:00,PENDING
5603,6,20,2446.90,2026-08-07 23:40:00,REFUNDED
5604,9,20,3972.80,2026-08-24 23:58:00,PENDING
5605,7,12,3751.80,2026-08-18 03:47:00,SUCCESS
5606,2,7,2211.30,2026-08-22 00:34:00,PENDING
5607,5,11,2439.10,2026-08-13 21:03:00,FAILED
5608,7,4,1490.30,2026-08-07 03:43:00,SUCCESS
5609,9,20,2054.80,2026-08-30 22:11:00,FAILED
5610,9,12,2915.00,2026-08-22 15:29:00,PENDING
5611,2,14,4441.00,2026-08-02 04:54:00,FAILED
5612,4,20,4404.20,2026-08-17 05:11:00,REFUNDED
5613,1,9,2718.00,2026-08-30 08:02:00,REFUNDED
5614,3,4,2976.40,2026-08-22 17:23:00,SUCCESS
5615,1,15,1336.40,2026-08-18 00:56:00,REFUNDED
5616,9,7,827.30,2026-08-27 14:38:00,SUCCESS
5617,10,7,3697.10,2026-08-07 00:39:00,REFUNDED
5618,6,20,538.80,2026-08-18 18:00:00,PENDING
5619,7,12,157.70,2026-08-14 07:36:00,FAILED
5620,4,8,4807.80,2026-08-26 08:47:00,SUCCESS
5621,2,15,1324.90,2026-08-20 02:51:00,PENDING
5622,3,18,4912.30,2026-08-18 21:46:00,PENDING
5623,9,11,786.30,2026-08-08 20:41:00,SUCCESS
5624,5,13,3086.80,2026-08-29 15:06:00,REFUNDED
5625,2,18,4143.30,2026-08-25 16:33:00,REFUNDED
5626,4,3,2981.80,2026-08-26 11:09:00,REFUNDED
5627,2,14,397.60,2026-08-26 21:14:00,SUCCESS
5628,3,2,4709.80,2026-08-28 14:34:00,PENDING
5629,8,7,2933.20,2026-08-06 15:43:00,SUCCESS
5630,1,1,5000,INVALID_DATE_TIME,SUCCESS
5631,8,12,1701.90,2026-08-02 16:14:00,PENDING
5632,10,13,188.10,2026-08-07 23:21:00,REFUNDED
5633,2,15,4905.70,2026-08-04 12:52:00,SUCCESS
5634,2,18,3376.20,2026-08-23 11:14:00,FAILED
5635,9,13,4601.50,2026-08-15 09:19:00,SUCCESS
5636,1,18,4931.70,2026-08-13 12:26:00,REFUNDED
5637,6,2,4015.30,2026-08-30 17:48:00,SUCCESS
5638,4,16,4146.80,2026-08-05 00:47:00,REFUNDED
5639,4,14,2918.20,2026-08-16 12:55:00,FAILED
5640,6,17,1802.00,2026-08-22 14:09:00,PENDING
5641,6,4,1161.00,2026-08-28 04:47:00,PENDING
5642,9,4,5024.60,2026-08-02 17:52:00,PENDING
5643,2,18,2653.70,2026-08-25 13:29:00,FAILED
5644,4,18,2972.80,2026-08-08 15:49:00,REFUNDED
5645,4,16,3851.40,2026-08-22 09:14:00,FAILED
5646,4,4,4229.70,2026-08-26 18:45:00,REFUNDED
5647,1,7,3947.60,2026-08-18 15:42:00,PENDING
5648,8,13,4146.90,2026-08-28 15:16:00,REFUNDED
5649,2,17,4029.60,2026-08-28 13:41:00,FAILED
5650,9,8,4388.70,2026-08-06 00:24:00,REFUNDED
5651,5,3,4197.10,2026-08-15 11:56:00,REFUNDED
5652,5,10,2926.90,2026-08-11 05:21:00,FAILED
5653,4,16,528.90,2026-08-31 07:40:00,PENDING
5654,10,7,2001.10,2026-08-04 08:26:00,FAILED
5655,7,8,3185.70,2026-08-06 07:22:00,FAILED
5656,6,5,5038.80,2026-08-14 14:17:00,SUCCESS
5657,8,17,990.70,2026-08-27 13:48:00,FAILED
5658,8,4,3014.80,2026-08-05 03:21:00,FAILED
5659,10,15,1275.80,2026-08-27 08:58:00,REFUNDED
5660,8,19,2203.50,2026-08-04 03:52:00,SUCCESS
5661,4,9,5040.50,2026-08-05 21:51:00,SUCCESS
5662,1,17,1089.70,2026-08-15 22:44:00,SUCCESS
5663,9,11,3868.00,2026-08-17 23:07:00,FAILED
5664,4,1,2095.10,2026-08-09 12:45:00,FAILED
5665,4,12,2468.10,2026-08-30 06:33:00,SUCCESS
5666,3,17,3447.30,2026-08-06 07:45:00,PENDING
5667,6,8,1802.80,2026-08-13 15:08:00,PENDING
5668,8,9,878.20,2026-08-25 03:09:00,REFUNDED
5669,4,7,4308.00,2026-08-01 15:44:00,SUCCESS
5670,9,19,3061.10,2026-08-02 10:09:00,FAILED
5671,10,6,2199.70,2026-08-01 20:14:00,FAILED
5672,4,11,2805.70,2026-08-10 05:58:00,REFUNDED
5673,5,7,1752.70,2026-08-22 22:29:00,PENDING
5674,10,8,4503.60,2026-08-07 07:35:00,PENDING
5675,8,19,1833.20,2026-08-01 11:15:00,FAILED
5676,4,5,2110.50,2026-08-01 11:56:00,PENDING
5677,7,2,4336.90,2026-08-13 13:18:00,PENDING
5678,6,6,494.20,2026-08-26 00:45:00,PENDING
5679,9,16,1145.30,2026-08-08 05:18:00,SUCCESS
5680,6,2,2576.00,2026-08-24 07:15:00,REFUNDED
5681,3,6,980.60,2026-08-07 22:14:00,FAILED
5682,5,13,203.90,2026-08-19 23:34:00,PENDING
5683,4,13,1860.50,2026-08-13 18:17:00,FAILED
5684,8,5,4945.90,2026-08-23 08:59:00,REFUNDED
5685,6,2,617.20,2026-08-20 14:44:00,FAILED
5686,10,16,4888.50,2026-08-14 04:59:00,PENDING
5687,7,10,3956.80,2026-08-24 13:44:00,SUCCESS
5688,4,11,2713.60,2026-08-03 03:08:00,FAILED
5689,4,18,954.20,2026-08-22 05:05:00,SUCCESS
5690,8,20,1494.00,2026-08-22 02:56:00,SUCCESS
5691,4,8,2367.60,2026-08-09 12:38:00,PENDING
5692,8,8,4117.20,2026-08-13 01:55:00,REFUNDED
5693,6,10,379.10,2026-08-20 13:47:00,REFUNDED
5694,1,10,2474.70,2026-08-24 16:45:00,PENDING
5695,2,12,913.90,2026-08-04 00:32:00,REFUNDED
5696,2,6,2868.70,2026-08-05 17:48:00,SUCCESS
5697,3,15,4039.80,2026-08-06 04:39:00,PENDING
5698,3,15,1382.10,2026-08-30 22:13:00,SUCCESS
5699,10,5,4895.20,2026-08-23 13:05:00,FAILED
5700,5,18,3332.40,2026-08-29 23:04:00,FAILED
5701,2,19,3783.10,2026-08-04 03:14:00,FAILED
5702,5,16,3096.40,2026-08-06 07:50:00,REFUNDED
5703,2,11,385.70,2026-08-28 05:29:00,FAILED
5704,8,20,260.50,2026-08-03 04:30:00,PENDING
5705,9,13,747.40,2026-08-28 18:55:00,FAILED
5706,3,2,548.50,2026-08-12 08:02:00,PENDING
5707,1,1,5000,INVALID_DATE_TIME,SUCCESS
5708,5,3,3002.90,2026-08-04 18:38:00,REFUNDED
5709,6,8,1932.00,2026-08-27 21:37:00,PENDING
5710,2,13,2418.90,2026-08-08 03:27:00,SUCCESS
5711,1,1,5000,INVALID_DATE_TIME,SUCCESS
5712,7,2,4294.40,2026-08-25 12:21:00,PENDING
5713,7,2,4206.80,2026-08-16 02:44:00,REFUNDED
5714,7,20,4053.40,2026-08-08 16:47:00,REFUNDED
5715,3,6,1708.10,2026-08-04 04:02:00,REFUNDED
5716,2,11,701.20,2026-08-15 16:00:00,SUCCESS
5717,1,7,4230.50,2026-08-10 22:23:00,SUCCESS
5718,2,8,548.10,2026-08-17 20:27:00,PENDING
5719,9,9,53.70,2026-08-16 14:04:00,PENDING
5720,1,1,5000,INVALID_DATE_TIME,SUCCESS
5721,7,13,3665.70,2026-08-09 11:15:00,FAILED
5722,8,6,87.70,2026-08-31 00:32:00,SUCCESS
5723,7,5,4723.60,2026-08-06 04:00:00,REFUNDED
5724,4,8,3116.70,2026-08-30 20:07:00,SUCCESS
5725,3,15,2436.00,2026-08-03 23:34:00,REFUNDED
5726,5,13,1650.50,2026-08-29 06:04:00,SUCCESS
5727,1,13,3011.20,2026-08-03 18:35:00,SUCCESS
5728,9,1,3892.30,2026-08-30 21:31:00,FAILED
5729,4,17,2369.90,2026-08-25 15:49:00,SUCCESS
5730,10,20,2241.30,2026-08-03 22:30:00,SUCCESS
5731,3,7,2883.30,2026-08-03 03:50:00,REFUNDED
5732,2,2,1049.00,2026-08-24 12:42:00,SUCCESS
5733,1,7,4462.20,2026-08-18 23:26:00,REFUNDED
5734,1,100.00
5735,7,8,4366.40,2026-08-29 06:26:00,PENDING
5736,9,17,3042.30,2026-08-10 07:00:00,PENDING
5737,4,4,116.10,2026-08-29 03:07:00,PENDING
5738,8,20,201.30,2026-08-24 10:39:00,REFUNDED
5739,7,19,4714.70,2026-08-20 04:48:00,SUCCESS
5740,7,5,4576.60,2026-08-14 23:16:00,PENDING
5741,9,19,4136.90,2026-08-22 07:47:00,PENDING
5742,6,1,1255.70,2026-08-29 08:26:00,REFUNDED
5743,9,17,3492.60,2026-08-20 03:10:00,PENDING
5744,10,3,3312.70,2026-08-09 23:01:00,PENDING
5745,6,15,2557.40,2026-08-13 00:36:00,FAILED
5746,2,19,3270.60,2026-08-07 23:11:00,SUCCESS
5747,4,18,2494.50,2026-08-21 06:34:00,FAILED
5748,4,6,434.60,2026-08-31 04:16:00,PENDING
5749,10,18,709.30,2026-08-29 13:09:00,REFUNDED
5750,9,5,847.30,2026-08-11 01:16:00,REFUNDED
5751,7,11,2158.50,2026-08-15 18:58:00,REFUNDED
5752,6,10,4566.70,2026-08-16 03:21:00,FAILED
5753,3,8,4779.30,2026-08-20 17:12:00,FAILED
5754,4,12,4059.80,2026-08-18 15:00:00,SUCCESS
5755,8,7,2932.30,2026-08-31 03:13:00,REFUNDED
5756,9,13,1454.00,2026-08-21 04:55:00,FAILED
5757,3,20,2234.60,2026-08-30 12:36:00,SUCCESS
5758,5,5,124.40,2026-08-31 00:00:00,SUCCESS
5759,10,3,4243.50,2026-08-09 16:44:00,SUCCESS
5760,7,17,4048.10,2026-08-03 21:35:00,SUCCESS
5761,9,3,2409.50,2026-08-12 21:29:00,FAILED
5762,2,3,4286.30,2026-08-09 13:58:00,PENDING
5763,7,4,2739.10,2026-08-30 22:55:00,FAILED
5764,5,1,1519.60,2026-08-16 04:00:00,SUCCESS
5765,6,7,4603.00,2026-08-23 07:45:00,SUCCESS
5766,8,15,4866.10,2026-08-22 19:09:00,PENDING
5767,1,10,4837.20,2026-08-26 10:59:00,REFUNDED
5768,3,19,1740.20,2026-08-03 06:12:00,REFUNDED
5769,4,1,1723.70,2026-08-20 23:01:00,FAILED
5770,8,18,250.50,2026-08-11 09:41:00,SUCCESS
5771,2,1,1459.50,2026-08-02 06:37:00,REFUNDED
5772,9,18,785.40,2026-08-30 07:44:00,REFUNDED
5773,9,1,196.90,2026-08-22 04:20:00,PENDING
5774,5,12,1327.00,2026-08-08 17:10:00,SUCCESS
5775,6,1,986.30,2026-08-16 16:41:00,FAILED
5776,7,20,3738.90,2026-08-25 13:44:00,PENDING
5777,6,3,2949.60,2026-08-17 02:02:00,SUCCESS
5778,4,10,3943.70,2026-08-16 18:47:00,REFUNDED
5779,9,16,4104.20,2026-08-28 01:48:00,FAILED
5780,9,10,2153.90,2026-08-04 09:46:00,REFUNDED
5781,8,3,2524.50,2026-08-10 12:13:00,PENDING
5782,6,17,1828.10,2026-08-13 04:12:00,PENDING
5783,6,20,1782.40,2026-08-13 11:06:00,REFUNDED
5784,2,8,4612.00,2026-08-11 05:18:00,REFUNDED
5785,6,11,143.20,2026-08-26 07:19:00,FAILED
5786,9,14,3613.90,2026-08-09 20:09:00,FAILED
5787,3,8,4471.40,2026-08-09 18:03:00,REFUNDED
5788,4,8,4832.60,2026-08-04 13:31:00,REFUNDED
5789,3,14,2824.10,2026-08-21 09:13:00,SUCCESS
5790,9,11,1905.30,2026-08-06 05:59:00,SUCCESS
5791,7,4,3596.10,2026-08-28 19:40:00,REFUNDED
5792,2,17,4609.20,2026-08-26 23:55:00,FAILED
5793,5,10,4500.30,2026-08-18 07:46:00,PENDING
5794,7,11,1295.80,2026-08-01 20:23:00,SUCCESS
5795,8,12,4718.60,2026-08-15 05:05:00,REFUNDED
5796,7,12,4998.90,2026-08-30 19:13:00,PENDING
5797,8,20,785.50,2026-08-02 18:16:00,REFUNDED
5798,4,6,690.30,2026-08-18 03:58:00,FAILED
5799,6,11,910.70,2026-08-18 21:32:00,FAILED
5800,8,5,3969.40,2026-08-14 05:54:00,REFUNDED
5801,1,3,933.50,2026-08-02 06:54:00,SUCCESS
5802,3,9,4221.10,2026-08-08 19:36:00,REFUNDED
5803,2,17,4179.90,2026-08-05 15:17:00,SUCCESS
5804,9,6,1526.10,2026-08-22 15:55:00,FAILED
5805,3,8,56.80,2026-08-08 02:49:00,PENDING
5806,4,6,4306.60,2026-08-05 11:39:00,FAILED
5807,2,1,3353.80,2026-08-01 08:59:00,FAILED
5808,8,8,4501.50,2026-08-15 10:10:00,REFUNDED
5809,9,5,4437.50,2026-08-14 07:11:00,REFUNDED
5810,4,18,357.90,2026-08-08 07:05:00,PENDING
5811,3,3,2015.30,2026-08-10 17:07:00,PENDING
5812,9,15,3437.60,2026-08-30 19:02:00,FAILED
5813,5,8,2015.60,2026-08-11 06:14:00,FAILED
5814,1,18,4914.80,2026-08-20 20:20:00,FAILED
5815,4,8,625.00,2026-08-18 02:25:00,FAILED
5816,8,8,3567.30,2026-08-17 02:29:00,SUCCESS
5817,6,7,3125.70,2026-08-02 03:10:00,FAILED
5818,7,12,2071.90,2026-08-03 18:01:00,REFUNDED
5819,1,18,4553.20,2026-08-17 17:47:00,PENDING
5820,4,1,5007.30,2026-08-24 03:47:00,REFUNDED
5821,10,12,1287.50,2026-08-16 19:16:00,REFUNDED
5822,10,3,3629.10,2026-08-17 02:26:00,FAILED
5823,8,18,4227.00,2026-08-03 15:32:00,PENDING
5824,6,10,410.40,2026-08-04 07:28:00,FAILED
5825,5,15,1326.50,2026-08-10 06:47:00,SUCCESS
5826,7,15,2661.00,2026-08-05 21:40:00,SUCCESS
5827,1,7,2939.50,2026-08-24 07:57:00,REFUNDED
5828,8,19,1692.80,2026-08-26 22:07:00,REFUNDED
5829,1,4,3606.80,2026-08-25 18:49:00,SUCCESS
5830,10,19,3063.60,2026-08-27 06:16:00,SUCCESS
5831,9,10,3844.10,2026-08-20 11:41:00,FAILED
5832,2,9,2663.50,2026-08-08 15:56:00,SUCCESS
5833,3,13,110.90,2026-08-12 08:58:00,PENDING
5834,4,7,1655.80,2026-08-04 12:44:00,REFUNDED
5835,1,3,4256.20,2026-08-27 09:20:00,FAILED
5836,3,10,3171.00,2026-08-21 21:02:00,PENDING
5837,8,16,3795.00,2026-08-30 23:24:00,PENDING
5838,2,3,2739.40,2026-08-24 13:06:00,PENDING
5839,3,3,3878.80,2026-08-05 20:02:00,PENDING
5840,9,20,2021.40,2026-08-04 23:16:00,SUCCESS
5841,4,1,3436.80,2026-08-22 12:54:00,SUCCESS
5842,9,14,1108.10,2026-08-02 00:49:00,REFUNDED
5843,2,6,1066.00,2026-08-24 16:12:00,SUCCESS
5844,5,12,1113.50,2026-08-24 22:14:00,PENDING
5845,10,14,4143.30,2026-08-30 11:04:00,FAILED
5846,9,6,2556.10,2026-08-07 23:34:00,REFUNDED
5847,1,17,2430.30,2026-08-24 05:09:00,REFUNDED
5848,1,10,1421.50,2026-08-26 08:38:00,REFUNDED
5849,6,7,2150.70,2026-08-02 14:17:00,PENDING
5850,8,18,1905.70,2026-08-02 11:48:00,SUCCESS
5851,8,2,1032.50,2026-08-22 13:08:00,FAILED
5852,4,1,822.80,2026-08-06 12:37:00,FAILED
5853,8,1,2051.30,2026-08-15 00:17:00,SUCCESS
5854,10,17,4900.90,2026-08-30 04:54:00,SUCCESS
5855,5,1,1007.20,2026-08-25 12:11:00,FAILED
5856,10,11,3940.30,2026-08-24 17:56:00,REFUNDED
5857,4,2,1630.90,2026-08-04 21:00:00,FAILED
5858,9,19,141.30,2026-08-25 16:51:00,SUCCESS
5859,6,13,1917.90,2026-08-03 11:55:00,PENDING
5860,9,4,4983.60,2026-08-28 02:50:00,REFUNDED
5861,10,18,188.30,2026-08-16 03:19:00,REFUNDED
5862,7,2,3677.60,2026-08-05 03:52:00,SUCCESS
5863,10,16,337.00,2026-08-09 19:10:00,PENDING
5864,7,9,995.70,2026-08-30 17:04:00,PENDING
5865,8,15,3476.80,2026-08-22 15:41:00,PENDING
5866,4,8,3608.40,2026-08-08 03:12:00,SUCCESS
5867,7,5,4786.10,2026-08-02 14:31:00,SUCCESS
5868,6,5,2905.30,2026-08-15 19:59:00,SUCCESS
5869,8,6,4281.50,2026-08-05 22:47:00,PENDING
5870,5,5,3634.10,2026-08-18 23:33:00,SUCCESS
5871,2,20,1435.20,2026-08-22 04:51:00,REFUNDED
5872,7,18,2823.00,2026-08-03 00:47:00,SUCCESS
5873,7,4,1982.40,2026-08-15 16:52:00,REFUNDED
5874,5,14,4979.60,2026-08-24 01:39:00,REFUNDED
5875,9,12,2911.20,2026-08-25 21:21:00,PENDING
5876,7,17,332.00,2026-08-08 19:11:00,REFUNDED
5877,7,7,4942.70,2026-08-14 01:42:00,PENDING
5878,7,5,132.30,2026-08-25 07:58:00,REFUNDED
5879,7,16,3668.10,2026-08-14 00:22:00,FAILED
5880,7,4,4911.90,2026-08-17 05:55:00,REFUNDED
5881,5,15,2839.50,2026-08-27 12:41:00,REFUNDED
5882,6,2,1389.70,2026-08-14 20:33:00,PENDING
5883,6,8,4247.40,2026-08-27 19:04:00,REFUNDED
5884,1,5,4440.00,2026-08-09 22:36:00,SUCCESS
5885,3,4,2963.40,2026-08-07 05:49:00,PENDING
5886,1,7,1142.10,2026-08-11 06:28:00,REFUNDED
5887,8,10,2936.40,2026-08-13 07:37:00,REFUNDED
5888,5,12,1607.50,2026-08-22 07:07:00,PENDING
5889,3,8,2324.60,2026-08-15 13:42:00,FAILED
5890,8,15,1002.20,2026-08-03 03:30:00,REFUNDED
5891,2,15,2528.90,2026-08-07 03:22:00,SUCCESS
5892,8,19,3246.40,2026-08-08 13:04:00,SUCCESS
5893,4,13,2420.00,2026-08-28 08:44:00,PENDING
5894,1,8,4972.70,2026-08-28 05:39:00,PENDING
5895,4,11,4192.10,2026-08-19 17:36:00,PENDING
5896,7,6,2309.50,2026-08-02 13:03:00,FAILED
5897,3,11,1292.90,2026-08-10 11:54:00,FAILED
5898,10,19,2927.70,2026-08-30 16:22:00,SUCCESS
5899,8,4,3549.00,2026-08-30 22:53:00,FAILED
5900,4,17,1943.70,2026-08-06 15:42:00,PENDING
5901,4,17,872.10,2026-08-13 21:05:00,SUCCESS
5902,6,8,2621.90,2026-08-10 08:18:00,SUCCESS
5903,6,5,4374.30,2026-08-17 18:39:00,REFUNDED
5904,8,10,4056.90,2026-08-23 15:07:00,PENDING
5905,7,16,3924.60,2026-08-08 19:59:00,REFUNDED
5906,1,19,777.40,2026-08-12 14:47:00,FAILED
5907,10,11,761.10,2026-08-06 11:24:00,PENDING
5908,3,1,1498.80,2026-08-01 22:10:00,REFUNDED
5909,4,19,474.80,2026-08-01 12:01:00,FAILED
5910,7,14,3539.10,2026-08-01 18:43:00,FAILED
5911,3,7,2928.30,2026-08-09 15:42:00,PENDING
5912,1,10,4924.50,2026-08-29 22:51:00,REFUNDED
5913,6,14,3484.70,2026-08-20 11:23:00,REFUNDED
5914,2,14,939.30,2026-08-22 22:05:00,REFUNDED
5915,6,12,2360.00,2026-08-04 20:35:00,SUCCESS
5916,8,12,1506.20,2026-08-23 05:12:00,SUCCESS
5917,8,5,4333.80,2026-08-16 16:40:00,REFUNDED
5918,10,14,4339.80,2026-08-14 19:15:00,PENDING
5919,1,11,1228.30,2026-08-03 12:55:00,REFUNDED
5920,4,9,3438.30,2026-08-22 22:51:00,FAILED
5921,2,16,3428.10,2026-08-28 16:21:00,REFUNDED
5922,10,13,861.40,2026-08-23 19:41:00,REFUNDED
5923,1,7,3943.60,2026-08-15 23:19:00,REFUNDED
5924,3,15,3474.70,2026-08-28 20:28:00,REFUNDED
5925,10,12,2543.90,2026-08-30 23:01:00,REFUNDED
5926,7,8,3844.70,2026-08-08 20:42:00,FAILED
5927,7,6,1742.40,2026-08-09 23:47:00,FAILED
5928,4,2,2685.40,2026-08-05 08:53:00,SUCCESS
5929,3,13,4525.90,2026-08-26 02:39:00,REFUNDED
5930,3,4,2969.40,2026-08-16 16:23:00,SUCCESS
5931,10,9,3258.10,2026-08-31 03:36:00,FAILED
5932,9,9,4213.20,2026-08-16 17:00:00,FAILED
5933,7,9,2469.60,2026-08-16 20:09:00,SUCCESS
5934,7,16,2078.40,2026-08-15 08:41:00,FAILED
5935,5,8,808.50,2026-08-02 02:55:00,FAILED
5936,6,12,2162.90,2026-08-17 14:15:00,REFUNDED
5937,9,19,4683.50,2026-08-03 03:39:00,SUCCESS
5938,9,17,596.60,2026-08-05 23:53:00,SUCCESS
5939,3,9,2739.70,2026-08-17 02:44:00,FAILED
5940,2,18,4696.70,2026-08-27 23:01:00,SUCCESS
5941,6,2,2584.80,2026-08-16 02:43:00,FAILED
5942,6,15,2710.90,2026-08-28 04:41:00,PENDING
5943,6,14,1685.90,2026-08-25 09:21:00,REFUNDED
5944,2,10,2064.90,2026-08-28 17:18:00,SUCCESS
5945,5,12,4430.30,2026-08-10 08:49:00,FAILED
5946,3,15,4513.10,2026-08-15 19:56:00,PENDING
5947,4,6,919.60,2026-08-18 15:17:00,FAILED
5948,1,100.00
5949,1,2,4082.60,2026-08-29 12:02:00,REFUNDED
5950,7,6,1926.80,2026-08-02 03:52:00,PENDING
5951,2,16,4221.20,2026-08-27 02:32:00,FAILED
5952,3,8,3608.60,2026-08-03 18:03:00,REFUNDED
5953,8,6,369.10,2026-08-17 22:05:00,FAILED
5954,2,3,521.70,2026-08-27 07:47:00,SUCCESS
5955,6,19,549.60,2026-08-11 21:08:00,REFUNDED
5956,9,17,506.70,2026-08-20 05:39:00,FAILED
5957,9,7,4277.80,2026-08-18 09:41:00,FAILED
5958,7,14,2371.70,2026-08-08 03:52:00,SUCCESS
5959,10,6,4568.60,2026-08-03 23:01:00,FAILED
5960,10,15,3566.50,2026-08-25 19:09:00,REFUNDED
5961,9,7,1213.90,2026-08-30 14:10:00,SUCCESS
5962,10,4,1250.20,2026-08-24 11:58:00,REFUNDED
5963,10,1,1537.50,2026-08-28 15:54:00,FAILED
5964,7,6,4024.60,2026-08-11 03:46:00,REFUNDED
5965,8,11,4677.20,2026-08-04 04:25:00,SUCCESS
5966,1,3,4947.20,2026-08-30 21:56:00,FAILED
5967,7,10,2965.60,2026-08-03 08:54:00,REFUNDED
5968,9,14,3115.60,2026-08-28 18:43:00,SUCCESS
5969,3,13,4119.70,2026-08-21 07:21:00,SUCCESS
5970,3,17,387.40,2026-08-03 17:56:00,FAILED
5971,10,7,149.10,2026-08-12 16:20:00,SUCCESS
5972,5,11,3943.30,2026-08-15 10:16:00,PENDING
5973,10,9,3310.90,2026-08-26 21:12:00,FAILED
5974,6,7,3710.90,2026-08-10 23:10:00,SUCCESS
5975,3,18,639.70,2026-08-19 13:42:00,REFUNDED
5976,10,10,392.30,2026-08-13 07:29:00,PENDING
5977,2,15,994.20,2026-08-24 18:10:00,PENDING
5978,1,9,4325.20,2026-08-13 17:15:00,SUCCESS
5979,1,1,NOT_A_NUMBER,2026-08-01 12:00:00,SUCCESS
5980,2,2,3435.50,2026-08-25 11:36:00,PENDING
5981,5,12,785.10,2026-08-27 06:04:00,REFUNDED
5982,1,12,3714.50,2026-08-03 16:07:00,SUCCESS
5983,1,1,5000,2026-08-01 12:00:00,UNKNOWN_STATUS
5984,9,13,329.90,2026-08-12 03:16:00,REFUNDED
5985,10,19,4696.80,2026-08-26 06:48:00,PENDING
5986,3,15,4482.80,2026-08-15 19:16:00,PENDING
5987,5,17,747.30,2026-08-31 06:13:00,FAILED
5988,3,20,4826.60,2026-08-20 04:29:00,REFUNDED
5989,6,16,4384.70,2026-08-16 20:46:00,FAILED
5990,5,5,1953.80,2026-08-27 11:21:00,REFUNDED
5991,10,15,1112.70,2026-08-07 01:07:00,SUCCESS
5992,1,9,1344.60,2026-08-02 15:11:00,FAILED
5993,9,1,3586.50,2026-08-26 09:56:00,PENDING
5994,4,15,4057.40,2026-08-04 21:03:00,REFUNDED
5995,4,4,902.80,2026-08-24 15:45:00,REFUNDED
5996,5,10,69.40,2026-08-20 14:23:00,SUCCESS
5997,1,19,1313.20,2026-08-28 04:13:00,PENDING
5998,9,19,1379.40,2026-08-15 06:03:00,PENDING
5999,10,4,3802.80,2026-08-16 03:39:00,FAILED
6000,5,4,4687.60,2026-08-15 01:31:00,PENDING
6001,9,18,1575.70,2026-08-11 09:05:00,FAILED
6002,2,14,2618.40,2026-08-12 23:50:00,PENDING
6003,10,14,2919.60,2026-08-14 09:39:00,REFUNDED
6004,4,14,1455.00,2026-08-18 22:39:00,FAILED
6005,1,1,NOT_A_NUMBER,2026-08-01 12:00:00,SUCCESS
6006,3,20,527.80,2026-08-27 09:57:00,FAILED
6007,7,3,1090.80,2026-08-18 04:36:00,REFUNDED
6008,2,17,917.40,2026-08-18 11:32:00,REFUNDED
6009,9,16,4083.40,2026-08-30 10:10:00,PENDING
6010,8,6,1040.40,2026-08-09 18:10:00,SUCCESS
6011,7,18,4998.20,2026-08-24 02:41:00,SUCCESS
6012,8,4,3730.80,2026-08-28 08:47:00,SUCCESS
6013,7,17,1743.50,2026-08-12 08:11:00,SUCCESS
6014,10,10,3124.10,2026-08-25 09:15:00,PENDING
6015,2,11,4336.90,2026-08-15 12:13:00,FAILED
6016,4,3,870.50,2026-08-16 12:55:00,REFUNDED
6017,5,20,729.40,2026-08-29 01:01:00,REFUNDED
6018,10,20,4737.40,2026-08-19 12:58:00,SUCCESS
6019,3,18,3056.60,2026-08-12 23:51:00,FAILED
6020,10,13,3214.70,2026-08-26 13:04:00,REFUNDED
6021,9,5,2750.10,2026-08-25 00:14:00,PENDING
6022,7,16,4049.10,2026-08-07 19:58:00,PENDING
6023,5,8,3293.50,2026-08-13 22:17:00,PENDING
6024,1,1,NOT_A_NUMBER,2026-08-01 12:00:00,SUCCESS
6025,5,13,3937.60,2026-08-18 14:43:00,PENDING
6026,3,14,3040.10,2026-08-27 19:53:00,REFUNDED
6027,1,10,331.40,2026-08-01 13:41:00,REFUNDED
6028,7,5,3544.90,2026-08-17 01:49:00,FAILED
6029,3,19,1928.90,2026-08-01 20:21:00,REFUNDED
6030,1,17,3619.70,2026-08-31 03:15:00,SUCCESS
6031,7,14,2430.40,2026-08-14 13:28:00,SUCCESS
6032,9,11,1470.60,2026-08-10 01:05:00,SUCCESS
6033,1,6,2150.60,2026-08-15 13:26:00,PENDING
6034,7,10,198.10,2026-08-31 03:59:00,SUCCESS
6035,3,11,2252.00,2026-08-17 12:41:00,REFUNDED
6036,3,2,795.20,2026-08-14 08:02:00,PENDING
6037,6,1,878.80,2026-08-27 16:09:00,FAILED
6038,4,8,4111.10,2026-08-26 05:05:00,FAILED
6039,3,18,2033.10,2026-08-29 11:00:00,FAILED
6040,9,17,717.40,2026-08-03 19:32:00,REFUNDED
6041,3,2,3961.90,2026-08-16 11:16:00,REFUNDED
6042,5,2,2715.10,2026-08-10 07:26:00,REFUNDED
6043,6,4,3648.40,2026-08-03 06:47:00,SUCCESS
6044,6,19,2462.20,2026-08-05 11:42:00,FAILED
6045,10,19,2194.60,2026-08-27 22:53:00,REFUNDED
6046,9,3,3200.80,2026-08-15 20:56:00,REFUNDED
6047,7,14,1198.00,2026-08-21 09:51:00,REFUNDED
6048,1,6,4106.20,2026-08-13 17:41:00,REFUNDED
6049,5,13,3306.90,2026-08-21 21:22:00,SUCCESS
6050,4,19,4257.90,2026-08-26 19:09:00,SUCCESS
6051,3,4,1671.90,2026-08-07 13:35:00,FAILED
6052,3,19,3760.90,2026-08-02 17:18:00,SUCCESS
6053,6,5,574.40,2026-08-23 20:51:00,SUCCESS
6054,1,20,4126.10,2026-08-16 09:39:00,FAILED
6055,4,3,4144.70,2026-08-08 10:05:00,SUCCESS
6056,3,5,4836.80,2026-08-20 16:08:00,PENDING
6057,2,9,2070.20,2026-08-23 19:36:00,REFUNDED
6058,4,18,4368.20,2026-08-21 22:56:00,REFUNDED
6059,7,5,4799.70,2026-08-14 08:14:00,REFUNDED
6060,7,10,3932.10,2026-08-12 08:31:00,SUCCESS
6061,8,13,3033.20,2026-08-24 22:48:00,PENDING
6062,1,100.00
6063,6,6,4259.40,2026-08-15 22:09:00,FAILED
6064,4,14,2317.80,2026-08-05 22:17:00,REFUNDED
6065,2,14,3043.80,2026-08-16 23:50:00,PENDING
6066,9,4,2207.30,2026-08-04 12:05:00,REFUNDED
6067,2,11,1566.00,2026-08-16 01:43:00,REFUNDED
6068,2,8,3147.20,2026-08-21 16:58:00,SUCCESS
6069,4,15,3546.40,2026-08-03 21:08:00,SUCCESS
6070,4,5,3813.00,2026-08-29 20:29:00,REFUNDED
6071,9,5,1775.00,2026-08-24 11:04:00,PENDING
6072,1,1,5000,INVALID_DATE_TIME,SUCCESS
6073,3,2,643.80,2026-08-07 19:56:00,FAILED
6074,1,7,4462.50,2026-08-26 23:57:00,SUCCESS
6075,5,12,2156.50,2026-08-16 00:24:00,REFUNDED
6076,8,10,254.80,2026-08-12 10:06:00,PENDING
6077,8,12,2777.70,2026-08-04 15:37:00,SUCCESS
6078,9,16,4730.90,2026-08-17 11:41:00,FAILED
6079,3,2,2205.20,2026-08-19 01:50:00,REFUNDED
6080,1,12,3975.50,2026-08-22 02:34:00,FAILED
6081,10,12,4430.00,2026-08-25 18:27:00,SUCCESS
6082,4,3,1775.50,2026-08-11 07:21:00,SUCCESS
6083,3,3,3418.30,2026-08-10 04:53:00,SUCCESS
6084,10,3,3809.60,2026-08-25 09:14:00,FAILED
6085,5,13,4936.40,2026-08-05 19:25:00,FAILED
6086,2,12,2114.80,2026-08-01 20:36:00,FAILED
6087,4,8,1231.90,2026-08-05 01:34:00,PENDING
6088,6,19,1380.40,2026-08-19 07:35:00,FAILED
6089,2,13,2930.60,2026-08-23 13:57:00,PENDING
6090,1,14,2094.30,2026-08-11 05:58:00,FAILED
6091,6,8,3032.80,2026-08-10 11:53:00,PENDING
6092,8,5,3673.40,2026-08-21 21:58:00,PENDING
6093,9,16,4815.50,2026-08-11 08:17:00,SUCCESS
6094,9,12,265.30,2026-08-06 19:34:00,FAILED
6095,10,10,578.90,2026-08-07 17:59:00,SUCCESS
6096,4,16,4517.40,2026-08-25 00:30:00,REFUNDED
6097,10,5,2488.60,2026-08-17 18:38:00,SUCCESS
6098,10,14,2653.00,2026-08-17 03:18:00,SUCCESS
6099,4,19,4168.40,2026-08-18 05:16:00,REFUNDED
6100,7,12,3829.40,2026-08-08 07:20:00,FAILED
6101,9,14,2680.50,2026-08-15 16:44:00,SUCCESS
6102,1,2,1034.90,2026-08-29 22:22:00,REFUNDED
6103,10,10,2888.80,2026-08-03 09:28:00,FAILED
6104,2,11,3744.70,2026-08-27 08:33:00,PENDING
6105,1,1,5000,INVALID_DATE_TIME,SUCCESS
6106,3,18,835.50,2026-08-20 06:19:00,FAILED
6107,5,13,4868.70,2026-08-12 03:18:00,REFUNDED
6108,2,8,2954.00,2026-08-24 05:42:00,PENDING
6109,1,12,4356.40,2026-08-20 03:50:00,SUCCESS
6110,6,14,4501.80,2026-08-24 05:13:00,PENDING
6111,6,7,2059.40,2026-08-10 15:51:00,PENDING
6112,3,5,3209.50,2026-08-27 22:17:00,REFUNDED
6113,9,1,1370.80,2026-08-03 09:45:00,FAILED
6114,9,18,2660.50,2026-08-05 15:28:00,SUCCESS
6115,8,7,4743.90,2026-08-29 10:37:00,REFUNDED
6116,9,5,4864.80,2026-08-10 07:56:00,REFUNDED
6117,2,6,3697.20,2026-08-10 13:27:00,FAILED
6118,5,12,4519.20,2026-08-27 08:23:00,PENDING
6119,3,3,1225.40,2026-08-17 14:29:00,FAILED
6120,10,9,1975.40,2026-08-11 05:45:00,FAILED
6121,2,9,3769.30,2026-08-03 04:52:00,SUCCESS
6122,9,14,392.00,2026-08-11 15:53:00,PENDING
6123,4,15,1628.20,2026-08-21 17:43:00,PENDING
6124,9,8,3493.90,2026-08-13 09:52:00,SUCCESS
6125,2,7,800.80,2026-08-15 05:46:00,PENDING
6126,3,13,4682.90,2026-08-16 21:56:00,REFUNDED
6127,8,5,968.90,2026-08-25 02:42:00,SUCCESS
6128,3,1,824.60,2026-08-10 20:03:00,PENDING
6129,4,17,438.80,2026-08-03 18:56:00,FAILED
6130,4,1,2633.10,2026-08-15 05:31:00,REFUNDED
6131,6,2,4584.80,2026-08-04 19:34:00,FAILED
6132,4,7,2897.00,2026-08-13 10:38:00,FAILED
6133,3,17,2415.60,2026-08-09 01:16:00,PENDING
6134,10,12,4274.40,2026-08-30 23:00:00,SUCCESS
6135,3,10,1557.40,2026-08-17 07:33:00,FAILED
6136,9,3,2949.80,2026-08-30 08:42:00,SUCCESS
6137,6,4,1037.60,2026-08-01 23:10:00,SUCCESS
6138,4,1,1615.50,2026-08-06 05:35:00,REFUNDED
6139,2,3,156.90,2026-08-15 23:47:00,SUCCESS
6140,9,17,3207.10,2026-08-19 22:34:00,SUCCESS
6141,7,16,3375.70,2026-08-10 02:53:00,PENDING
6142,2,17,3313.20,2026-08-19 23:38:00,REFUNDED
6143,1,8,557.30,2026-08-12 14:13:00,REFUNDED
6144,1,13,1230.60,2026-08-05 17:02:00,REFUNDED
6145,8,9,2199.10,2026-08-07 13:48:00,FAILED
6146,2,15,2390.60,2026-08-03 15:31:00,SUCCESS
6147,1,14,3059.10,2026-08-25 19:07:00,FAILED
6148,4,13,2865.10,2026-08-30 19:27:00,REFUNDED
6149,5,10,2661.20,2026-08-16 18:48:00,SUCCESS
6150,2,9,153.60,2026-08-11 01:00:00,SUCCESS
6151,4,10,1863.70,2026-08-14 14:45:00,REFUNDED
6152,1,1,NOT_A_NUMBER,2026-08-01 12:00:00,SUCCESS
6153,5,14,4745.50,2026-08-04 18:43:00,REFUNDED
6154,9,3,379.70,2026-08-11 21:40:00,REFUNDED
6155,9,20,4349.90,2026-08-03 22:15:00,PENDING
6156,9,7,2937.10,2026-08-17 17:59:00,FAILED
6157,7,12,3718.90,2026-08-21 04:30:00,PENDING
6158,2,16,3151.60,2026-08-17 09:37:00,SUCCESS
6159,10,7,2496.50,2026-08-04 04:40:00,REFUNDED
6160,5,10,4976.50,2026-08-21 01:02:00,FAILED
6161,7,1,4248.20,2026-08-11 05:11:00,PENDING
6162,1,14,5032.10,2026-08-17 03:35:00,FAILED
6163,7,19,1860.00,2026-08-22 05:40:00,FAILED
6164,10,16,1156.20,2026-08-05 07:40:00,PENDING
6165,5,15,2440.20,2026-08-12 02:36:00,SUCCESS
6166,5,17,549.40,2026-08-24 04:20:00,FAILED
6167,3,15,4107.30,2026-08-10 09:03:00,FAILED
6168,7,12,3353.90,2026-08-30 07:10:00,SUCCESS
6169,6,4,1175.70,2026-08-30 13:48:00,PENDING
6170,9,12,4131.70,2026-08-10 04:32:00,REFUNDED
6171,4,5,1254.60,2026-08-28 08:00:00,PENDING
6172,1,7,3192.60,2026-08-16 15:26:00,PENDING
6173,5,13,2912.10,2026-08-21 00:51:00,SUCCESS
6174,4,13,998.50,2026-08-07 00:36:00,SUCCESS
6175,3,12,2185.60,2026-08-23 09:20:00,PENDING
6176,9,12,3538.00,2026-08-15 07:14:00,PENDING
6177,6,13,752.20,2026-08-16 17:03:00,PENDING
6178,2,2,4767.70,2026-08-26 07:17:00,REFUNDED
6179,3,1,2086.20,2026-08-18 14:03:00,SUCCESS
6180,10,5,3174.70,2026-08-11 20:32:00,SUCCESS
6181,4,5,3056.60,2026-08-12 16:39:00,FAILED
6182,3,11,1172.00,2026-08-23 03:51:00,PENDING
6183,7,7,1378.30,2026-08-23 19:25:00,FAILED
6184,4,5,4779.10,2026-08-07 19:21:00,PENDING
6185,2,11,482.40,2026-08-26 16:22:00,FAILED
6186,9,11,2217.80,2026-08-30 17:41:00,SUCCESS
6187,6,16,4331.80,2026-08-04 23:34:00,PENDING
6188,5,1,635.00,2026-08-10 22:26:00,PENDING
6189,5,2,1761.30,2026-08-16 15:48:00,SUCCESS
6190,4,1,507.50,2026-08-10 13:23:00,PENDING
6191,2,17,803.70,2026-08-23 05:23:00,SUCCESS
6192,2,14,5000.40,2026-08-14 12:48:00,SUCCESS
6193,1,13,2120.40,2026-08-21 15:38:00,FAILED
6194,3,3,1213.70,2026-08-29 10:21:00,SUCCESS
6195,8,6,1529.30,2026-08-17 18:22:00,SUCCESS
6196,8,16,1515.00,2026-08-20 04:47:00,REFUNDED
6197,6,11,2398.10,2026-08-20 20:37:00,REFUNDED
6198,1,14,1602.90,2026-08-03 00:19:00,PENDING
6199,7,15,96.20,2026-08-14 04:19:00,FAILED
6200,10,13,2408.50,2026-08-20 03:20:00,SUCCESS
6201,4,2,4027.60,2026-08-03 21:04:00,PENDING
6202,6,3,634.40,2026-08-21 19:03:00,FAILED
6203,2,5,1467.90,2026-08-05 05:42:00,SUCCESS
6204,2,14,3778.70,2026-08-24 08:02:00,REFUNDED
6205,3,7,3083.70,2026-08-29 10:55:00,FAILED
6206,3,2,1104.20,2026-08-21 17:19:00,REFUNDED
6207,6,7,2640.30,2026-08-30 05:17:00,PENDING
6208,3,19,1122.40,2026-08-04 05:16:00,SUCCESS
6209,6,10,3942.90,2026-08-13 04:23:00,PENDING
6210,10,10,1929.80,2026-08-13 20:41:00,PENDING
6211,8,13,4403.70,2026-08-23 09:50:00,SUCCESS
6212,4,18,3374.20,2026-08-15 20:49:00,FAILED
6213,3,9,4265.00,2026-08-06 07:22:00,REFUNDED
6214,8,20,1118.80,2026-08-17 09:17:00,FAILED
6215,9,10,4581.00,2026-08-25 04:16:00,REFUNDED
6216,1,14,2840.80,2026-08-12 15:16:00,SUCCESS
6217,7,17,4897.10,2026-08-14 15:26:00,REFUNDED
6218,2,7,723.30,2026-08-06 18:52:00,FAILED
6219,10,10,2790.70,2026-08-02 13:48:00,FAILED
6220,9,1,4770.50,2026-08-05 11:02:00,REFUNDED
6221,5,5,2634.50,2026-08-21 10:03:00,REFUNDED
6222,4,16,3337.10,2026-08-17 21:49:00,REFUNDED
6223,4,3,1967.60,2026-08-02 00:05:00,FAILED
6224,4,1,2007.20,2026-08-10 04:38:00,FAILED
6225,1,3,3375.50,2026-08-03 18:29:00,SUCCESS
6226,10,9,4399.70,2026-08-18 23:45:00,REFUNDED
6227,6,16,2861.40,2026-08-03 19:46:00,PENDING
6228,1,100.00
6229,10,11,513.30,2026-08-12 15:03:00,FAILED
6230,7,2,3843.50,2026-08-31 00:15:00,PENDING
6231,3,11,1916.80,2026-08-17 02:09:00,REFUNDED
6232,3,18,389.40,2026-08-21 20:23:00,FAILED
6233,9,4,4205.20,2026-08-16 13:33:00,REFUNDED
6234,9,11,4131.60,2026-08-22 01:36:00,SUCCESS
6235,3,14,1730.70,2026-08-08 06:56:00,PENDING
6236,10,16,4898.20,2026-08-06 19:55:00,REFUNDED
6237,5,9,2254.70,2026-08-28 21:59:00,PENDING
6238,5,7,4486.30,2026-08-30 07:42:00,REFUNDED
6239,7,7,75.20,2026-08-24 04:12:00,FAILED
6240,1,17,1372.70,2026-08-16 02:12:00,PENDING
6241,10,10,766.50,2026-08-11 13:06:00,SUCCESS
6242,2,1,4533.30,2026-08-16 02:48:00,REFUNDED
6243,5,4,2813.90,2026-08-20 22:50:00,PENDING
6244,6,8,3729.20,2026-08-17 10:10:00,SUCCESS
6245,3,3,1039.20,2026-08-06 23:05:00,FAILED
6246,2,3,4223.90,2026-08-09 23:48:00,SUCCESS
6247,5,14,317.70,2026-08-16 01:26:00,PENDING
6248,7,10,1269.70,2026-08-03 10:15:00,PENDING
6249,8,12,4964.70,2026-08-18 05:29:00,REFUNDED
6250,2,13,3053.20,2026-08-06 11:00:00,FAILED
6251,5,2,2685.30,2026-08-07 05:02:00,PENDING
6252,7,20,171.10,2026-08-23 13:45:00,SUCCESS
6253,2,3,3320.70,2026-08-17 06:06:00,REFUNDED
6254,2,5,1634.80,2026-08-12 13:29:00,FAILED
6255,1,1,2708.40,2026-08-09 11:52:00,PENDING
6256,1,17,1552.20,2026-08-24 23:10:00,PENDING
6257,6,8,524.70,2026-08-11 07:07:00,PENDING
6258,9,18,1143.60,2026-08-02 20:16:00,SUCCESS
6259,5,12,4559.90,2026-08-01 08:48:00,SUCCESS
6260,9,5,2180.90,2026-08-29 18:29:00,SUCCESS
6261,6,7,2292.90,2026-08-06 02:17:00,SUCCESS
6262,6,8,3635.50,2026-08-18 05:34:00,REFUNDED
6263,4,9,298.80,2026-08-08 14:41:00,PENDING
6264,3,13,2228.10,2026-08-12 19:35:00,SUCCESS
6265,3,2,3748.90,2026-08-24 10:49:00,REFUNDED
6266,8,4,3267.20,2026-08-13 12:47:00,PENDING
6267,5,10,2260.00,2026-08-26 17:54:00,REFUNDED
6268,10,10,1797.60,2026-08-11 15:29:00,REFUNDED
6269,9,10,3972.60,2026-08-05 12:38:00,PENDING
6270,9,16,582.20,2026-08-28 09:08:00,PENDING
6271,4,1,840.30,2026-08-17 16:36:00,FAILED
6272,1,10,1804.00,2026-08-04 17:05:00,PENDING
6273,5,12,2651.50,2026-08-21 11:51:00,PENDING
6274,2,3,3800.10,2026-08-07 18:27:00,FAILED
6275,7,4,592.70,2026-08-08 22:43:00,PENDING
6276,9,19,4884.50,2026-08-17 09:42:00,PENDING
6277,2,8,86.30,2026-08-16 07:02:00,FAILED
6278,6,7,928.70,2026-08-20 09:37:00,PENDING
6279,9,11,2118.20,2026-08-02 08:17:00,FAILED
6280,10,2,1330.90,2026-08-13 19:54:00,PENDING
6281,9,20,3622.40,2026-08-11 17:11:00,FAILED
6282,10,15,3726.90,2026-08-04 16:20:00,PENDING
6283,7,20,674.60,2026-08-26 11:13:00,FAILED
6284,5,4,4212.70,2026-08-31 04:11:00,REFUNDED
6285,1,10,3891.90,2026-08-13 00:24:00,SUCCESS
6286,7,18,1179.30,2026-08-10 03:51:00,REFUNDED
6287,7,14,1467.90,2026-08-04 18:13:00,SUCCESS
6288,1,2,4436.80,2026-08-13 02:53:00,SUCCESS
6289,8,4,2443.00,2026-08-04 15:43:00,PENDING
6290,3,19,3247.20,2026-08-19 02:13:00,FAILED
6291,10,12,531.20,2026-08-12 08:33:00,PENDING
6292,9,1,4892.60,2026-08-01 18:57:00,PENDING
6293,3,11,3149.20,2026-08-15 08:48:00,FAILED
6294,2,15,1832.10,2026-08-06 10:44:00,REFUNDED
6295,3,13,1300.20,2026-08-20 23:19:00,SUCCESS
6296,6,4,2364.50,2026-08-21 19:19:00,REFUNDED
6297,8,11,2364.50,2026-08-23 01:02:00,FAILED
6298,1,19,2586.60,2026-08-07 18:24:00,SUCCESS
6299,8,2,4784.10,2026-08-26 10:08:00,SUCCESS
6300,5,20,4097.80,2026-08-14 03:11:00,FAILED
6301,10,17,2837.20,2026-08-28 14:11:00,SUCCESS
6302,5,20,1187.20,2026-08-16 22:59:00,PENDING
6303,1,19,2997.10,2026-08-24 07:23:00,PENDING
6304,2,17,427.80,2026-08-02 13:18:00,SUCCESS
6305,3,20,1242.90,2026-08-06 21:09:00,FAILED
6306,3,1,588.50,2026-08-02 23:26:00,PENDING
6307,5,10,2390.30,2026-08-13 01:45:00,PENDING
6308,7,6,4920.00,2026-08-13 05:18:00,FAILED
6309,10,1,376.00,2026-08-25 10:36:00,PENDING
6310,1,1,NOT_A_NUMBER,2026-08-01 12:00:00,SUCCESS
6311,7,17,4861.80,2026-08-26 07:54:00,FAILED
6312,6,5,2536.00,2026-08-19 17:32:00,PENDING
6313,10,19,518.40,2026-08-09 04:08:00,FAILED
6314,1,8,3832.00,2026-08-25 05:22:00,FAILED
6315,10,17,415.00,2026-08-07 18:00:00,REFUNDED
6316,2,2,744.80,2026-08-25 04:29:00,SUCCESS
6317,8,16,1320.80,2026-08-25 22:24:00,PENDING
6318,6,3,1634.70,2026-08-19 03:42:00,FAILED
6319,9,9,51.50,2026-08-06 22:14:00,SUCCESS
6320,9,3,2147.20,2026-08-03 00:25:00,PENDING
6321,4,3,1423.70,2026-08-17 15:56:00,SUCCESS
6322,2,12,943.00,2026-08-16 23:33:00,FAILED
6323,1,1,5000,INVALID_DATE_TIME,SUCCESS
6324,8,10,2822.60,2026-08-20 18:40:00,FAILED
6325,9,3,3773.20,2026-08-09 14:00:00,FAILED
6326,7,6,1416.00,2026-08-04 20:38:00,REFUNDED
6327,9,5,410.60,2026-08-13 05:18:00,PENDING
6328,10,15,529.40,2026-08-06 09:02:00,FAILED
6329,5,2,3210.80,2026-08-07 22:03:00,FAILED
6330,1,12,1222.80,2026-08-28 22:21:00,REFUNDED
6331,9,4,1212.70,2026-08-13 07:00:00,SUCCESS
6332,4,14,1358.00,2026-08-08 11:39:00,FAILED
6333,4,8,815.90,2026-08-27 11:50:00,FAILED
6334,4,11,123.60,2026-08-16 04:53:00,PENDING
6335,6,16,2214.60,2026-08-28 08:08:00,REFUNDED
6336,10,11,1347.00,2026-08-15 10:02:00,FAILED
6337,6,18,4372.50,2026-08-18 07:41:00,PENDING
6338,10,19,290.20,2026-08-25 18:57:00,SUCCESS
6339,8,2,552.60,2026-08-09 08:21:00,PENDING
6340,2,6,1619.50,2026-08-27 12:37:00,SUCCESS
6341,7,6,5041.20,2026-08-02 12:41:00,SUCCESS
6342,7,18,4563.30,2026-08-01 09:42:00,SUCCESS
6343,9,19,2995.10,2026-08-19 14:05:00,SUCCESS
6344,8,15,3944.00,2026-08-22 23:53:00,SUCCESS
6345,10,10,4814.00,2026-08-14 05:28:00,FAILED
6346,2,19,85.70,2026-08-25 03:42:00,REFUNDED
6347,3,7,3587.80,2026-08-02 14:38:00,PENDING
6348,3,12,1769.40,2026-08-03 03:26:00,SUCCESS
6349,10,5,94.30,2026-08-24 16:05:00,FAILED
6350,5,17,4105.20,2026-08-16 07:13:00,FAILED
6351,5,9,4782.30,2026-08-20 14:36:00,FAILED
6352,10,17,4893.30,2026-08-20 08:11:00,SUCCESS
6353,3,1,4359.80,2026-08-13 22:00:00,PENDING
6354,4,2,4128.80,2026-08-13 13:20:00,PENDING
6355,1,2,3581.80,2026-08-22 13:24:00,REFUNDED
6356,8,20,4563.90,2026-08-02 20:31:00,FAILED
6357,5,20,3471.50,2026-08-03 15:40:00,FAILED
6358,8,20,3131.70,2026-08-24 03:20:00,PENDING
6359,2,4,3217.00,2026-08-23 16:39:00,REFUNDED
6360,1,2,890.60,2026-08-02 11:58:00,REFUNDED
6361,1,3,4347.10,2026-08-26 13:54:00,SUCCESS
6362,8,2,1020.10,2026-08-17 12:57:00,PENDING
6363,1,10,4055.90,2026-08-06 17:03:00,FAILED
6364,3,8,3295.00,2026-08-16 04:22:00,FAILED
6365,3,20,464.10,2026-08-14 15:31:00,REFUNDED
6366,9,17,3506.50,2026-08-27 06:35:00,PENDING
6367,6,12,4031.40,2026-08-07 03:22:00,FAILED
6368,3,5,1475.30,2026-08-18 02:49:00,PENDING
6369,2,5,911.30,2026-08-17 10:54:00,REFUNDED
6370,5,10,1339.60,2026-08-21 09:20:00,REFUNDED
6371,3,14,2034.10,2026-08-10 03:04:00,REFUNDED
6372,10,2,3415.90,2026-08-30 07:59:00,SUCCESS
6373,8,11,499.50,2026-08-22 03:23:00,FAILED
6374,9,9,840.60,2026-08-15 03:04:00,FAILED
6375,1,17,2845.00,2026-08-17 01:54:00,REFUNDED
6376,5,9,1913.50,2026-08-23 05:39:00,FAILED
6377,10,7,1581.40,2026-08-10 06:41:00,PENDING
6378,4,12,4945.70,2026-08-23 23:13:00,PENDING
6379,5,17,3441.00,2026-08-04 03:36:00,FAILED
6380,6,16,568.00,2026-08-07 19:00:00,FAILED
6381,6,13,1702.20,2026-08-10 20:47:00,SUCCESS
6382,10,2,956.90,2026-08-24 21:16:00,REFUNDED
6383,7,20,2809.70,2026-08-14 15:40:00,FAILED
6384,9,20,2504.70,2026-08-01 23:18:00,SUCCESS
6385,4,7,1256.60,2026-08-27 17:58:00,PENDING
6386,1,7,3516.50,2026-08-17 23:33:00,PENDING
6387,6,8,3380.40,2026-08-27 14:07:00,FAILED
6388,8,2,5016.00,2026-08-07 16:37:00,SUCCESS
6389,7,20,2837.30,2026-08-24 07:26:00,REFUNDED
6390,10,1,339.70,2026-08-25 01:21:00,REFUNDED
6391,5,11,2923.70,2026-08-22 18:09:00,FAILED
6392,8,13,2974.70,2026-08-05 02:45:00,PENDING
6393,2,1,1099.10,2026-08-02 11:41:00,REFUNDED
6394,10,14,3293.10,2026-08-13 15:39:00,PENDING
6395,5,16,4703.10,2026-08-22 03:39:00,REFUNDED
6396,3,6,876.10,2026-08-05 12:25:00,FAILED
6397,1,3,706.90,2026-08-10 16:11:00,SUCCESS
6398,1,9,1589.00,2026-08-10 02:00:00,REFUNDED
6399,1,1,5000,2026-08-01 12:00:00,UNKNOWN_STATUS
6400,1,4,3401.10,2026-08-29 00:45:00,REFUNDED
6401,10,4,2093.20,2026-08-10 09:16:00,PENDING
6402,5,18,2656.00,2026-08-29 16:33:00,SUCCESS
6403,7,9,1833.10,2026-08-06 05:25:00,SUCCESS
6404,10,17,643.60,2026-08-08 04:02:00,REFUNDED
6405,6,6,1868.20,2026-08-15 16:02:00,REFUNDED
6406,10,1,2539.90,2026-08-14 13:10:00,FAILED
6407,1,14,2127.80,2026-08-07 15:42:00,SUCCESS
6408,3,2,4504.00,2026-08-21 15:10:00,FAILED
6409,4,6,2776.10,2026-08-08 10:44:00,FAILED
6410,4,19,1767.70,2026-08-20 22:06:00,SUCCESS
6411,8,1,3029.60,2026-08-02 23:54:00,PENDING
6412,7,19,247.70,2026-08-27 00:17:00,REFUNDED
6413,6,2,2451.60,2026-08-04 21:11:00,FAILED
6414,9,14,1649.70,2026-08-21 06:51:00,FAILED
6415,2,9,3592.50,2026-08-28 07:34:00,SUCCESS
6416,9,13,2102.20,2026-08-20 18:56:00,REFUNDED
6417,3,10,3934.70,2026-08-17 11:11:00,PENDING
6418,10,17,110.20,2026-08-22 10:20:00,PENDING
6419,2,8,2367.20,2026-08-18 18:52:00,REFUNDED
6420,5,17,947.30,2026-08-18 12:34:00,REFUNDED
6421,5,12,921.40,2026-08-16 05:19:00,REFUNDED
6422,1,5,3853.40,2026-08-23 06:26:00,FAILED
6423,7,17,532.60,2026-08-15 20:37:00,REFUNDED
6424,5,8,795.10,2026-08-28 11:38:00,SUCCESS
6425,2,20,297.90,2026-08-26 19:57:00,FAILED
6426,10,3,5038.70,2026-08-11 07:19:00,FAILED
6427,1,100.00
6428,6,6,1236.10,2026-08-06 18:06:00,FAILED
6429,3,6,1731.70,2026-08-15 12:32:00,REFUNDED
6430,10,8,2785.50,2026-08-25 22:40:00,PENDING
6431,2,3,191.80,2026-08-11 13:14:00,PENDING
6432,2,17,2682.90,2026-08-29 13:47:00,PENDING
6433,10,14,3882.80,2026-08-24 09:29:00,REFUNDED
6434,1,6,262.30,2026-08-11 09:51:00,FAILED
6435,4,19,586.10,2026-08-07 13:49:00,SUCCESS
6436,3,17,1698.30,2026-08-15 17:50:00,REFUNDED
6437,5,12,2833.80,2026-08-24 12:48:00,SUCCESS
6438,10,1,3711.20,2026-08-07 05:04:00,FAILED
6439,6,18,2515.70,2026-08-28 21:32:00,SUCCESS
6440,2,6,1253.90,2026-08-19 12:55:00,FAILED
6441,1,4,1105.30,2026-08-11 20:04:00,REFUNDED
6442,8,13,967.30,2026-08-01 19:33:00,FAILED
6443,3,2,4743.40,2026-08-19 03:11:00,REFUNDED
6444,7,19,867.80,2026-08-05 07:17:00,PENDING
6445,2,11,3361.50,2026-08-29 02:44:00,REFUNDED
6446,9,5,3078.90,2026-08-26 11:40:00,REFUNDED
6447,9,4,4512.90,2026-08-17 01:43:00,FAILED
6448,5,17,3556.60,2026-08-25 22:04:00,REFUNDED
6449,4,18,4346.70,2026-08-17 17:53:00,SUCCESS
6450,2,5,1680.80,2026-08-12 22:50:00,FAILED
6451,5,15,3339.20,2026-08-23 19:01:00,REFUNDED
6452,7,19,4035.00,2026-08-11 21:56:00,REFUNDED
6453,2,15,2715.40,2026-08-11 16:34:00,REFUNDED
6454,9,8,2494.20,2026-08-18 04:30:00,REFUNDED
6455,8,10,3949.10,2026-08-03 09:34:00,SUCCESS
6456,7,1,4828.70,2026-08-09 13:33:00,REFUNDED
6457,8,8,856.00,2026-08-03 00:46:00,SUCCESS
6458,3,18,3487.70,2026-08-26 02:57:00,SUCCESS
6459,3,16,1235.60,2026-08-08 08:02:00,FAILED
6460,8,8,3998.00,2026-08-02 12:14:00,REFUNDED
6461,1,1,5000,INVALID_DATE_TIME,SUCCESS
6462,2,17,2579.80,2026-08-19 19:34:00,REFUNDED
6463,10,15,419.00,2026-08-10 09:18:00,REFUNDED
6464,7,10,884.60,2026-08-06 18:44:00,REFUNDED
6465,7,20,3402.10,2026-08-16 15:34:00,FAILED
6466,1,4,4211.40,2026-08-08 03:38:00,REFUNDED
6467,7,16,2092.10,2026-08-07 20:01:00,SUCCESS
6468,8,8,4151.00,2026-08-17 10:09:00,PENDING
6469,6,5,1442.30,2026-08-19 18:39:00,FAILED
6470,6,14,2344.10,2026-08-10 21:30:00,SUCCESS
6471,2,7,4720.20,2026-08-22 23:02:00,FAILED
6472,7,11,4813.30,2026-08-28 03:07:00,PENDING
6473,1,1,5000,INVALID_DATE_TIME,SUCCESS
6474,2,7,2350.30,2026-08-26 12:28:00,REFUNDED
6475,9,16,2052.20,2026-08-14 17:37:00,REFUNDED
6476,10,9,3309.10,2026-08-29 08:03:00,SUCCESS
6477,10,11,2225.50,2026-08-09 04:08:00,PENDING
6478,2,17,1907.90,2026-08-29 17:31:00,REFUNDED
6479,5,1,3939.40,2026-08-02 03:28:00,REFUNDED
6480,2,17,1964.90,2026-08-16 03:41:00,PENDING
6481,5,19,349.20,2026-08-16 03:48:00,REFUNDED
6482,1,19,2323.50,2026-08-13 04:10:00,PENDING
6483,5,6,450.70,2026-08-22 22:33:00,REFUNDED
6484,9,20,796.00,2026-08-11 15:58:00,FAILED
6485,6,16,3429.20,2026-08-20 17:50:00,SUCCESS
6486,1,19,570.90,2026-08-25 07:51:00,REFUNDED
6487,7,18,4749.50,2026-08-19 12:28:00,PENDING
6488,4,2,2854.30,2026-08-24 16:23:00,PENDING
6489,1,12,4003.10,2026-08-19 15:19:00,REFUNDED
6490,9,1,2730.50,2026-08-03 03:24:00,SUCCESS
6491,8,16,437.60,2026-08-19 10:11:00,PENDING
6492,5,9,3246.10,2026-08-23 19:11:00,SUCCESS
6493,1,100.00
6494,7,8,4928.10,2026-08-29 17:09:00,SUCCESS
6495,6,3,4303.00,2026-08-15 15:58:00,REFUNDED
6496,5,18,2336.90,2026-08-12 00:51:00,FAILED
6497,1,10,450.50,2026-08-03 22:35:00,SUCCESS
6498,5,2,734.60,2026-08-07 01:36:00,SUCCESS
6499,3,17,1161.60,2026-08-16 20:00:00,FAILED
6500,9,19,2281.50,2026-08-14 03:05:00,REFUNDED
6501,3,7,738.50,2026-08-26 08:09:00,PENDING
6502,4,9,1274.80,2026-08-11 18:37:00,FAILED
6503,5,13,4145.70,2026-08-28 15:36:00,PENDING
6504,7,3,2741.40,2026-08-09 02:05:00,REFUNDED
6505,10,1,2064.90,2026-08-02 20:12:00,PENDING
6506,5,10,3724.80,2026-08-14 07:54:00,REFUNDED
6507,2,14,338.40,2026-08-07 18:01:00,SUCCESS
6508,3,20,4392.60,2026-08-19 06:34:00,REFUNDED
6509,5,13,4255.70,2026-08-18 09:27:00,SUCCESS
6510,6,3,2216.90,2026-08-28 10:57:00,SUCCESS
6511,4,17,3384.70,2026-08-16 10:28:00,SUCCESS
6512,2,3,1778.40,2026-08-25 20:37:00,PENDING
6513,9,16,1051.40,2026-08-19 07:41:00,PENDING
6514,6,12,1562.00,2026-08-21 18:32:00,REFUNDED
6515,9,7,2561.50,2026-08-17 13:23:00,SUCCESS
6516,3,13,4163.70,2026-08-06 19:09:00,REFUNDED
6517,5,11,2538.10,2026-08-09 03:27:00,REFUNDED
6518,2,13,3837.40,2026-08-11 15:12:00,FAILED
6519,2,20,1749.40,2026-08-18 14:17:00,SUCCESS
6520,9,16,773.50,2026-08-01 22:42:00,SUCCESS
6521,9,18,4453.90,2026-08-13 08:15:00,FAILED
6522,1,2,2410.80,2026-08-08 22:24:00,SUCCESS
6523,7,3,2583.50,2026-08-25 10:35:00,REFUNDED
6524,1,5,1893.00,2026-08-09 00:50:00,PENDING
6525,4,19,137.10,2026-08-24 01:22:00,FAILED
6526,2,9,1940.20,2026-08-03 11:35:00,SUCCESS
6527,9,3,4480.80,2026-08-29 11:48:00,FAILED
6528,4,15,2626.80,2026-08-11 09:11:00,FAILED
6529,6,17,2111.40,2026-08-07 03:41:00,SUCCESS
6530,6,7,2023.00,2026-08-25 09:11:00,PENDING
6531,8,11,2269.20,2026-08-01 14:45:00,SUCCESS
6532,10,3,242.40,2026-08-26 07:38:00,REFUNDED
6533,6,6,3201.60,2026-08-09 21:51:00,PENDING
6534,8,17,3089.60,2026-08-15 08:53:00,PENDING
6535,1,1,NOT_A_NUMBER,2026-08-01 12:00:00,SUCCESS
6536,9,14,947.90,2026-08-29 10:48:00,REFUNDED
6537,6,6,1631.40,2026-08-31 05:31:00,FAILED
6538,3,13,4466.30,2026-08-26 04:00:00,PENDING
6539,7,15,1299.20,2026-08-03 23:05:00,FAILED
6540,2,2,241.80,2026-08-03 19:36:00,PENDING
6541,1,4,4200.20,2026-08-05 07:27:00,FAILED
6542,7,19,1000.10,2026-08-29 04:19:00,REFUNDED
6543,5,1,4645.40,2026-08-21 01:25:00,SUCCESS
6544,8,4,4306.90,2026-08-06 11:37:00,FAILED
6545,10,7,907.20,2026-08-27 09:31:00,FAILED
6546,7,3,753.10,2026-08-06 09:49:00,REFUNDED
6547,10,8,1734.90,2026-08-23 15:21:00,PENDING
6548,4,5,4949.70,2026-08-10 08:53:00,PENDING
6549,6,3,324.80,2026-08-26 13:24:00,SUCCESS
6550,6,7,3180.30,2026-08-28 07:13:00,PENDING
6551,6,11,3698.30,2026-08-02 10:07:00,FAILED
6552,1,13,1021.30,2026-08-23 09:03:00,REFUNDED
6553,2,12,1862.70,2026-08-23 15:28:00,REFUNDED
6554,5,3,860.20,2026-08-23 14:53:00,PENDING
6555,4,19,302.50,2026-08-14 21:16:00,FAILED
6556,10,19,3467.90,2026-08-29 05:08:00,REFUNDED
6557,2,18,2929.10,2026-08-14 03:11:00,SUCCESS
6558,10,16,2358.40,2026-08-23 22:51:00,PENDING
6559,6,13,2350.20,2026-08-05 20:11:00,REFUNDED
6560,1,6,150.40,2026-08-15 10:59:00,PENDING
6561,4,9,4090.40,2026-08-28 21:43:00,REFUNDED
6562,2,13,1080.10,2026-08-02 20:25:00,SUCCESS
6563,9,11,2229.20,2026-08-20 03:36:00,FAILED
6564,10,12,3039.80,2026-08-15 14:37:00,SUCCESS
6565,8,16,502.70,2026-08-30 03:32:00,SUCCESS
6566,9,19,703.00,2026-08-24 23:57:00,PENDING
6567,10,6,2782.70,2026-08-24 09:05:00,SUCCESS
6568,5,10,4980.00,2026-08-02 22:02:00,FAILED
6569,3,7,879.70,2026-08-16 03:49:00,PENDING
6570,9,17,77.20,2026-08-12 04:52:00,SUCCESS
6571,10,3,199.80,2026-08-28 04:41:00,REFUNDED
6572,7,19,2645.20,2026-08-20 05:45:00,REFUNDED
6573,2,17,4107.50,2026-08-19 10:10:00,FAILED
6574,7,6,4076.00,2026-08-14 03:03:00,FAILED
6575,1,4,3773.90,2026-08-18 04:08:00,PENDING
6576,7,16,3049.20,2026-08-17 06:51:00,PENDING
6577,2,12,5025.70,2026-08-02 17:11:00,PENDING
6578,4,3,3691.60,2026-08-28 23:03:00,REFUNDED
6579,3,10,4987.40,2026-08-14 03:06:00,PENDING
6580,5,13,1964.10,2026-08-12 03:27:00,FAILED
6581,3,14,2022.60,2026-08-27 15:45:00,PENDING
6582,9,19,1146.40,2026-08-26 23:59:00,PENDING
6583,6,5,2147.30,2026-08-07 03:56:00,REFUNDED
6584,1,9,4189.30,2026-08-26 04:08:00,PENDING
6585,6,12,2504.50,2026-08-05 21:15:00,REFUNDED
6586,1,13,282.00,2026-08-29 13:09:00,REFUNDED
6587,6,6,2860.30,2026-08-03 07:41:00,FAILED
6588,10,16,4525.60,2026-08-06 15:55:00,REFUNDED
6589,7,9,2067.90,2026-08-20 11:45:00,SUCCESS
6590,8,16,4236.30,2026-08-11 14:03:00,REFUNDED
6591,6,4,3144.70,2026-08-13 12:36:00,FAILED
6592,2,11,190.60,2026-08-30 18:29:00,SUCCESS
6593,6,11,2321.90,2026-08-02 03:03:00,REFUNDED
6594,6,16,1088.30,2026-08-02 11:09:00,FAILED
6595,6,14,4330.60,2026-08-12 06:01:00,SUCCESS
6596,2,19,5013.10,2026-08-18 06:59:00,PENDING
6597,2,5,3762.40,2026-08-03 03:59:00,SUCCESS
6598,2,6,4287.30,2026-08-23 03:34:00,FAILED
6599,1,1,1939.90,2026-08-17 08:40:00,FAILED
6600,8,5,1110.70,2026-08-18 08:04:00,FAILED
6601,6,4,3222.70,2026-08-19 07:16:00,REFUNDED
6602,9,3,1591.30,2026-08-21 17:03:00,PENDING
6603,8,15,2055.30,2026-08-07 23:00:00,REFUNDED
6604,1,1,5000,2026-08-01 12:00:00,UNKNOWN_STATUS
6605,9,8,1426.60,2026-08-23 02:09:00,REFUNDED
6606,8,15,4103.70,2026-08-19 22:21:00,PENDING
6607,9,18,191.20,2026-08-16 11:46:00,SUCCESS
6608,2,15,3556.70,2026-08-28 15:47:00,REFUNDED
6609,7,4,3694.50,2026-08-18 04:04:00,FAILED
6610,3,2,3018.30,2026-08-19 19:20:00,PENDING
6611,10,3,2248.40,2026-08-07 18:01:00,SUCCESS
6612,10,15,576.10,2026-08-29 21:26:00,REFUNDED
6613,6,14,4334.20,2026-08-02 10:43:00,FAILED
6614,9,11,1916.10,2026-08-24 03:13:00,PENDING
6615,5,7,2586.20,2026-08-24 14:58:00,PENDING
6616,5,11,3990.80,2026-08-14 20:29:00,REFUNDED
6617,2,12,3178.90,2026-08-02 19:46:00,SUCCESS
6618,7,13,657.30,2026-08-21 21:27:00,PENDING
6619,9,11,2145.60,2026-08-21 23:30:00,SUCCESS
6620,6,19,4706.60,2026-08-26 07:31:00,REFUNDED
6621,2,12,2020.60,2026-08-16 22:22:00,REFUNDED
6622,5,14,4995.70,2026-08-28 02:11:00,REFUNDED
6623,10,17,3369.70,2026-08-05 09:18:00,SUCCESS
6624,1,1,5000,2026-08-01 12:00:00,UNKNOWN_STATUS
6625,6,19,2429.70,2026-08-21 14:08:00,FAILED
6626,8,4,4936.00,2026-08-20 10:08:00,REFUNDED
6627,5,3,3216.40,2026-08-20 03:13:00,REFUNDED
6628,6,12,2991.60,2026-08-21 16:37:00,SUCCESS
6629,9,18,1378.70,2026-08-20 07:04:00,FAILED
6630,9,3,3177.90,2026-08-20 12:51:00,PENDING
6631,1,10,4240.30,2026-08-17 05:54:00,REFUNDED
6632,1,3,2110.30,2026-08-01 13:01:00,REFUNDED
6633,10,6,2148.70,2026-08-10 14:46:00,FAILED
6634,8,4,4292.40,2026-08-25 14:26:00,REFUNDED
6635,3,8,1777.00,2026-08-15 05:15:00,FAILED
6636,6,5,1184.30,2026-08-25 03:29:00,REFUNDED
6637,3,11,2074.00,2026-08-22 11:15:00,PENDING
6638,5,6,3896.90,2026-08-05 08:34:00,REFUNDED
6639,9,10,4306.90,2026-08-15 19:26:00,PENDING
6640,4,7,4013.30,2026-08-25 16:44:00,FAILED
6641,8,5,1523.80,2026-08-27 04:09:00,SUCCESS
6642,9,13,3562.00,2026-08-08 17:51:00,REFUNDED
6643,5,9,720.90,2026-08-10 05:12:00,SUCCESS
6644,3,16,92.50,2026-08-03 09:45:00,FAILED
6645,5,5,3078.30,2026-08-23 15:22:00,FAILED
6646,6,5,583.00,2026-08-27 08:03:00,FAILED
6647,2,11,925.50,2026-08-03 10:14:00,SUCCESS
6648,7,3,4270.00,2026-08-28 19:45:00,PENDING
6649,3,1,647.70,2026-08-24 10:26:00,REFUNDED
6650,8,20,69.80,2026-08-19 23:16:00,FAILED
6651,3,5,4442.00,2026-08-15 12:11:00,SUCCESS
6652,10,12,4282.60,2026-08-15 12:42:00,REFUNDED
6653,2,4,3945.90,2026-08-20 21:27:00,SUCCESS
6654,1,6,4442.00,2026-08-07 03:00:00,SUCCESS
6655,10,12,1984.50,2026-08-20 23:29:00,SUCCESS
6656,1,19,1239.70,2026-08-20 04:19:00,REFUNDED
6657,9,6,3421.30,2026-08-17 05:08:00,SUCCESS
6658,10,7,5048.10,2026-08-06 00:50:00,SUCCESS
6659,3,6,3112.80,2026-08-09 22:06:00,PENDING
6660,4,8,3724.20,2026-08-17 13:20:00,PENDING
6661,10,15,802.60,2026-08-30 00:59:00,FAILED
6662,2,20,4222.00,2026-08-04 22:08:00,FAILED
6663,4,5,708.40,2026-08-21 06:35:00,FAILED
6664,2,12,4957.10,2026-08-15 01:26:00,REFUNDED
6665,3,14,3489.20,2026-08-12 15:44:00,PENDING
6666,10,2,691.90,2026-08-05 21:28:00,REFUNDED
6667,1,18,1039.60,2026-08-20 20:13:00,PENDING
6668,1,10,4188.50,2026-08-01 18:36:00,PENDING
6669,5,14,4378.40,2026-08-03 00:18:00,REFUNDED
6670,9,13,1146.90,2026-08-10 10:19:00,SUCCESS
6671,1,2,2146.50,2026-08-25 04:02:00,PENDING
6672,1,10,480.80,2026-08-09 13:25:00,REFUNDED
6673,6,4,4966.60,2026-08-02 21:05:00,FAILED
6674,10,1,1057.20,2026-08-09 07:44:00,SUCCESS
6675,3,18,3030.80,2026-08-03 07:31:00,FAILED
6676,2,8,1447.00,2026-08-20 21:58:00,FAILED
6677,10,19,3030.30,2026-08-18 07:21:00,FAILED
6678,3,13,4992.90,2026-08-12 21:57:00,SUCCESS
6679,8,17,686.40,2026-08-28 02:10:00,FAILED
6680,10,5,834.20,2026-08-05 05:26:00,PENDING
6681,2,14,4071.80,2026-08-08 04:50:00,FAILED
6682,8,14,1092.70,2026-08-03 12:57:00,REFUNDED
6683,6,4,761.30,2026-08-18 18:09:00,REFUNDED
6684,10,14,4652.60,2026-08-20 18:27:00,SUCCESS
6685,1,1,5000,INVALID_DATE_TIME,SUCCESS
6686,8,19,4580.20,2026-08-30 08:47:00,SUCCESS
6687,1,9,4487.30,2026-08-29 17:24:00,FAILED
6688,9,7,4972.40,2026-08-04 16:17:00,REFUNDED
6689,2,6,2132.10,2026-08-23 03:49:00,PENDING
6690,8,11,581.20,2026-08-21 10:08:00,FAILED
6691,1,7,1513.20,2026-08-15 08:31:00,FAILED
6692,3,15,3071.20,2026-08-03 05:10:00,SUCCESS
6693,4,20,570.60,2026-08-15 01:30:00,PENDING
6694,8,3,2059.70,2026-08-04 01:48:00,FAILED
6695,7,14,2239.10,2026-08-11 23:36:00,SUCCESS
6696,7,6,1412.10,2026-08-17 12:38:00,SUCCESS
6697,6,10,3781.10,2026-08-20 22:55:00,SUCCESS
6698,1,1,5000,INVALID_DATE_TIME,SUCCESS
6699,6,5,1461.60,2026-08-16 17:39:00,REFUNDED
6700,3,3,1863.80,2026-08-26 11:26:00,PENDING
6701,1,18,1587.90,2026-08-11 23:29:00,PENDING
6702,10,19,4135.50,2026-08-09 01:06:00,SUCCESS
6703,2,10,2472.00,2026-08-23 13:49:00,PENDING
6704,3,14,1140.40,2026-08-29 23:14:00,SUCCESS
6705,2,10,1634.70,2026-08-17 08:16:00,FAILED
6706,8,3,2616.10,2026-08-26 20:10:00,FAILED
6707,4,9,4415.30,2026-08-24 03:32:00,SUCCESS
6708,5,18,4582.60,2026-08-12 22:57:00,SUCCESS
6709,5,20,3315.40,2026-08-12 00:32:00,PENDING
6710,2,3,4821.20,2026-08-07 00:59:00,REFUNDED
6711,5,4,2170.10,2026-08-15 02:59:00,REFUNDED
6712,9,9,1474.00,2026-08-18 11:31:00,PENDING
6713,4,3,2142.10,2026-08-05 05:18:00,FAILED
6714,4,8,70.80,2026-08-05 07:42:00,SUCCESS
6715,2,18,2011.00,2026-08-02 16:22:00,PENDING
6716,8,2,5011.20,2026-08-14 13:06:00,REFUNDED
6717,6,8,3860.10,2026-08-13 15:29:00,REFUNDED
6718,9,10,4452.00,2026-08-01 16:44:00,PENDING
6719,2,14,1607.50,2026-08-04 21:39:00,PENDING
6720,8,11,1314.80,2026-08-25 14:43:00,SUCCESS
6721,1,1,3472.90,2026-08-17 09:41:00,REFUNDED
6722,4,18,3602.20,2026-08-13 18:27:00,PENDING
6723,1,7,1703.70,2026-08-31 06:04:00,FAILED
6724,3,6,1476.40,2026-08-02 23:24:00,PENDING
6725,9,7,3443.10,2026-08-03 12:50:00,REFUNDED
6726,4,5,4628.60,2026-08-22 08:04:00,SUCCESS
6727,8,15,671.60,2026-08-01 22:46:00,PENDING
6728,3,1,398.90,2026-08-22 23:44:00,SUCCESS
6729,3,12,4511.50,2026-08-21 14:51:00,REFUNDED
6730,7,5,3415.70,2026-08-17 03:49:00,REFUNDED
6731,2,4,3471.90,2026-08-19 03:40:00,SUCCESS
6732,2,10,4144.80,2026-08-22 10:50:00,FAILED
6733,2,20,2961.50,2026-08-28 00:45:00,PENDING
6734,9,13,1195.20,2026-08-17 18:37:00,REFUNDED
6735,6,13,3558.00,2026-08-17 18:22:00,FAILED
6736,7,14,3091.70,2026-08-24 20:32:00,SUCCESS
6737,4,12,4127.70,2026-08-05 22:06:00,FAILED
6738,7,20,515.70,2026-08-21 19:20:00,REFUNDED
6739,7,14,4159.00,2026-08-06 06:00:00,SUCCESS
6740,2,19,1041.90,2026-08-10 06:32:00,PENDING
6741,3,17,2132.60,2026-08-06 18:22:00,FAILED
6742,3,12,3971.60,2026-08-19 10:55:00,SUCCESS
6743,1,15,1179.10,2026-08-23 09:51:00,SUCCESS
6744,7,16,2374.60,2026-08-08 22:24:00,PENDING
6745,4,11,2088.50,2026-08-22 23:57:00,FAILED
6746,10,15,3591.90,2026-08-05 11:54:00,PENDING
6747,7,5,4494.50,2026-08-06 02:25:00,REFUNDED
6748,2,3,163.70,2026-08-15 20:49:00,PENDING
6749,3,5,900.30,2026-08-12 22:24:00,SUCCESS
6750,10,9,190.60,2026-08-27 01:48:00,REFUNDED
6751,5,13,2555.50,2026-08-22 10:52:00,FAILED
6752,8,7,1427.30,2026-08-29 08:01:00,REFUNDED
6753,10,20,4551.20,2026-08-07 17:08:00,PENDING
6754,1,13,4586.30,2026-08-13 05:14:00,REFUNDED
6755,8,13,1206.20,2026-08-04 14:04:00,FAILED
6756,7,9,4749.50,2026-08-21 16:17:00,SUCCESS
6757,2,13,1709.40,2026-08-18 14:07:00,SUCCESS
6758,3,18,2080.90,2026-08-14 06:54:00,PENDING
6759,9,2,4191.40,2026-08-25 14:33:00,PENDING
6760,3,10,769.10,2026-08-17 18:51:00,SUCCESS
6761,6,14,373.70,2026-08-24 12:42:00,FAILED
6762,5,18,3055.90,2026-08-08 07:21:00,REFUNDED
6763,3,18,2708.50,2026-08-24 08:47:00,REFUNDED
6764,4,20,904.60,2026-08-07 22:04:00,PENDING
6765,10,13,3129.40,2026-08-06 23:51:00,FAILED
6766,2,7,1093.60,2026-08-27 11:43:00,SUCCESS
6767,9,3,1289.50,2026-08-18 05:47:00,FAILED
6768,5,4,3381.80,2026-08-14 10:41:00,SUCCESS
6769,3,3,414.30,2026-08-30 13:04:00,FAILED
6770,1,3,2684.80,2026-08-13 12:41:00,REFUNDED
6771,7,18,1304.80,2026-08-04 00:59:00,PENDING
6772,4,17,2495.10,2026-08-08 08:27:00,FAILED
6773,9,6,3867.80,2026-08-01 15:04:00,FAILED
6774,9,7,3073.80,2026-08-29 20:12:00,PENDING
6775,8,7,2720.80,2026-08-05 11:34:00,SUCCESS
6776,5,15,888.10,2026-08-20 06:02:00,SUCCESS
6777,6,13,4149.00,2026-08-30 05:53:00,REFUNDED
6778,5,14,1741.80,2026-08-01 19:14:00,REFUNDED
6779,5,12,4944.90,2026-08-26 21:09:00,FAILED
6780,1,11,4887.80,2026-08-21 20:27:00,PENDING
6781,1,100.00
6782,6,17,1472.10,2026-08-26 21:02:00,REFUNDED
6783,7,6,3284.80,2026-08-18 16:11:00,SUCCESS
6784,10,9,161.30,2026-08-30 19:07:00,FAILED
6785,4,4,3442.60,2026-08-19 01:18:00,PENDING
6786,3,8,2956.20,2026-08-15 21:44:00,PENDING
6787,3,14,509.00,2026-08-23 14:13:00,PENDING
6788,3,1,3189.80,2026-08-19 18:55:00,PENDING
6789,5,4,2592.40,2026-08-12 16:13:00,REFUNDED
6790,8,8,846.90,2026-08-14 15:54:00,FAILED
6791,7,16,1448.20,2026-08-17 05:26:00,FAILED
6792,8,13,1685.40,2026-08-25 23:38:00,SUCCESS
6793,6,6,4702.10,2026-08-15 10:46:00,SUCCESS
6794,3,4,1800.40,2026-08-21 23:02:00,REFUNDED
6795,4,14,3197.10,2026-08-10 22:36:00,REFUNDED
6796,3,19,2904.40,2026-08-20 16:24:00,FAILED
6797,9,10,1247.20,2026-08-10 07:44:00,FAILED
6798,8,14,3020.20,2026-08-12 01:59:00,FAILED
6799,3,2,2116.50,2026-08-19 00:48:00,FAILED
6800,3,14,817.90,2026-08-10 18:49:00,SUCCESS
6801,8,16,3672.40,2026-08-20 12:49:00,REFUNDED
6802,6,5,4260.60,2026-08-18 04:24:00,SUCCESS
6803,1,11,1187.40,2026-08-22 01:08:00,FAILED
6804,9,8,2487.60,2026-08-17 01:22:00,REFUNDED
6805,4,12,2432.20,2026-08-06 23:48:00,SUCCESS
6806,8,8,4431.60,2026-08-22 09:04:00,SUCCESS
6807,4,14,1728.20,2026-08-19 17:28:00,REFUNDED
6808,8,6,3598.70,2026-08-19 14:21:00,FAILED
6809,3,16,3634.90,2026-08-26 05:10:00,FAILED
6810,7,11,2720.90,2026-08-24 06:07:00,SUCCESS
6811,8,15,2405.70,2026-08-19 09:59:00,SUCCESS
6812,8,4,4538.50,2026-08-29 10:19:00,FAILED
6813,4,11,3745.30,2026-08-23 03:47:00,PENDING
6814,5,18,812.60,2026-08-03 03:40:00,PENDING
6815,2,7,2170.10,2026-08-17 09:21:00,REFUNDED
6816,1,19,145.70,2026-08-27 20:17:00,FAILED
6817,7,10,2609.10,2026-08-31 01:17:00,FAILED
6818,3,8,2443.40,2026-08-10 03:15:00,SUCCESS
6819,7,20,1084.70,2026-08-03 01:02:00,SUCCESS
6820,7,19,4689.00,2026-08-23 21:27:00,SUCCESS
6821,2,5,4809.80,2026-08-01 15:46:00,SUCCESS
6822,7,16,1356.90,2026-08-28 04:02:00,FAILED
6823,4,15,2541.40,2026-08-01 09:33:00,PENDING
6824,5,17,559.20,2026-08-18 06:48:00,SUCCESS
6825,7,14,483.60,2026-08-07 07:55:00,REFUNDED
6826,4,7,3787.50,2026-08-18 04:44:00,SUCCESS
6827,9,4,4419.80,2026-08-15 16:20:00,PENDING
6828,9,10,822.30,2026-08-24 00:41:00,SUCCESS
6829,7,10,2720.70,2026-08-03 05:04:00,SUCCESS
6830,9,12,3543.80,2026-08-28 14:58:00,REFUNDED
6831,1,6,1060.00,2026-08-15 19:58:00,REFUNDED
6832,10,11,710.60,2026-08-12 07:59:00,PENDING
6833,10,9,4139.10,2026-08-08 06:57:00,FAILED
6834,6,3,4124.10,2026-08-25 05:28:00,REFUNDED
6835,5,7,582.20,2026-08-12 21:32:00,SUCCESS
6836,8,16,3692.30,2026-08-22 09:58:00,FAILED
6837,2,15,954.60,2026-08-21 12:04:00,PENDING
6838,5,15,2709.00,2026-08-29 00:30:00,SUCCESS
6839,1,2,4710.60,2026-08-02 01:01:00,SUCCESS
6840,2,14,3529.00,2026-08-19 12:41:00,PENDING
6841,10,19,5021.50,2026-08-29 08:02:00,SUCCESS
6842,4,2,1277.30,2026-08-09 10:06:00,PENDING
6843,2,6,2780.80,2026-08-07 02:57:00,REFUNDED
6844,4,4,1911.60,2026-08-18 15:51:00,SUCCESS
6845,4,2,1714.80,2026-08-17 11:34:00,PENDING
6846,6,7,4993.20,2026-08-23 13:07:00,SUCCESS
6847,1,18,1002.90,2026-08-11 10:08:00,SUCCESS
6848,10,4,3019.70,2026-08-24 00:38:00,REFUNDED
6849,5,17,2043.10,2026-08-02 01:03:00,FAILED
6850,5,17,3576.60,2026-08-08 23:39:00,FAILED
6851,3,5,1636.30,2026-08-17 17:43:00,REFUNDED
6852,6,7,752.60,2026-08-19 18:37:00,PENDING
6853,4,4,1425.90,2026-08-27 07:02:00,SUCCESS
6854,1,9,4962.10,2026-08-06 22:52:00,SUCCESS
6855,3,4,750.00,2026-08-23 09:02:00,SUCCESS
6856,3,16,85.20,2026-08-02 16:51:00,REFUNDED
6857,2,20,2965.50,2026-08-03 09:26:00,FAILED
6858,10,7,4726.60,2026-08-17 11:32:00,PENDING
6859,10,5,1456.10,2026-08-03 05:59:00,REFUNDED
6860,1,4,631.00,2026-08-20 10:36:00,FAILED
6861,5,3,2574.10,2026-08-30 23:57:00,SUCCESS
6862,9,11,121.00,2026-08-25 11:22:00,FAILED
6863,4,5,513.10,2026-08-02 20:18:00,SUCCESS
6864,5,12,3495.70,2026-08-11 19:33:00,REFUNDED
6865,10,3,2849.00,2026-08-04 04:44:00,FAILED
6866,10,11,1539.90,2026-08-11 11:06:00,SUCCESS
6867,2,15,2187.80,2026-08-02 01:53:00,SUCCESS
6868,1,11,2137.90,2026-08-12 13:47:00,REFUNDED
6869,7,6,4045.30,2026-08-10 11:17:00,REFUNDED
6870,4,20,4664.10,2026-08-30 11:16:00,FAILED
6871,8,11,5024.90,2026-08-15 22:40:00,REFUNDED
6872,9,17,4970.70,2026-08-04 15:15:00,REFUNDED
6873,10,7,60.60,2026-08-31 04:00:00,SUCCESS
6874,8,20,2542.50,2026-08-01 17:05:00,REFUNDED
6875,3,8,3185.90,2026-08-18 04:42:00,FAILED
6876,8,3,1609.30,2026-08-15 19:04:00,PENDING
6877,8,9,4318.50,2026-08-28 02:29:00,REFUNDED
6878,4,4,3677.60,2026-08-29 10:05:00,SUCCESS
6879,2,2,4383.50,2026-08-06 21:57:00,REFUNDED
6880,2,7,632.40,2026-08-02 10:52:00,SUCCESS
6881,4,2,3755.90,2026-08-17 08:29:00,REFUNDED
6882,1,10,422.60,2026-08-06 17:09:00,PENDING
6883,2,11,970.00,2026-08-13 22:26:00,PENDING
6884,2,9,3850.20,2026-08-08 09:18:00,PENDING
6885,3,4,1887.30,2026-08-09 10:34:00,SUCCESS
6886,6,16,1938.30,2026-08-25 19:48:00,PENDING
6887,1,11,1689.60,2026-08-29 17:57:00,FAILED
6888,6,18,952.00,2026-08-19 04:23:00,FAILED
6889,10,5,2554.90,2026-08-25 05:02:00,REFUNDED
6890,2,3,1333.10,2026-08-01 23:20:00,FAILED
6891,2,5,272.70,2026-08-23 15:14:00,PENDING
6892,2,3,4266.30,2026-08-17 10:14:00,REFUNDED
6893,3,3,4628.20,2026-08-29 05:25:00,FAILED
6894,7,14,295.80,2026-08-05 15:46:00,FAILED
6895,6,2,1569.30,2026-08-04 22:21:00,FAILED
6896,8,9,4500.10,2026-08-02 16:16:00,SUCCESS
6897,7,2,3134.30,2026-08-15 22:10:00,REFUNDED
6898,9,15,2431.80,2026-08-13 21:45:00,REFUNDED
6899,9,16,479.00,2026-08-09 02:54:00,REFUNDED
6900,1,1,NOT_A_NUMBER,2026-08-01 12:00:00,SUCCESS
6901,5,9,4548.40,2026-08-22 01:30:00,REFUNDED
6902,6,13,673.70,2026-08-20 17:44:00,REFUNDED
6903,10,9,1830.10,2026-08-20 17:55:00,REFUNDED
6904,10,7,3161.10,2026-08-19 20:31:00,REFUNDED
6905,6,14,3490.40,2026-08-19 00:31:00,SUCCESS
6906,9,7,852.50,2026-08-05 05:29:00,PENDING
6907,2,18,3551.10,2026-08-11 16:02:00,PENDING
6908,8,16,3774.60,2026-08-14 19:42:00,SUCCESS
6909,4,7,1461.20,2026-08-18 00:19:00,PENDING
6910,5,5,1757.30,2026-08-18 09:32:00,FAILED
6911,8,1,1019.20,2026-08-22 05:13:00,SUCCESS
6912,9,9,4077.80,2026-08-05 08:52:00,SUCCESS
6913,3,9,1269.30,2026-08-19 22:07:00,SUCCESS
6914,5,7,843.00,2026-08-20 16:42:00,PENDING
6915,9,11,4337.20,2026-08-02 23:42:00,FAILED
6916,8,3,4963.10,2026-08-01 21:35:00,SUCCESS
6917,8,11,2952.30,2026-08-26 02:05:00,SUCCESS
6918,7,17,4908.60,2026-08-21 23:57:00,FAILED
6919,7,2,2594.30,2026-08-01 16:13:00,PENDING
6920,5,4,1899.50,2026-08-19 17:26:00,PENDING
6921,6,10,1232.10,2026-08-17 14:36:00,PENDING
6922,8,1,72.20,2026-08-07 15:57:00,FAILED
6923,4,16,1712.60,2026-08-22 18:53:00,PENDING
6924,1,4,4836.50,2026-08-30 13:02:00,PENDING
6925,6,17,3953.50,2026-08-24 09:53:00,FAILED
6926,4,7,866.60,2026-08-13 11:05:00,REFUNDED
6927,4,20,625.70,2026-08-15 14:46:00,FAILED
6928,3,17,2918.50,2026-08-12 13:46:00,REFUNDED
6929,4,3,3704.30,2026-08-28 14:58:00,PENDING
6930,6,5,1093.00,2026-08-14 12:58:00,SUCCESS
6931,4,3,2931.90,2026-08-21 08:02:00,PENDING
6932,7,6,702.60,2026-08-26 07:39:00,PENDING
6933,1,3,822.90,2026-08-10 10:16:00,SUCCESS
6934,1,15,3040.90,2026-08-21 12:22:00,PENDING
6935,1,12,4241.30,2026-08-19 12:40:00,SUCCESS
6936,7,3,2427.10,2026-08-03 01:59:00,FAILED
6937,5,7,1329.70,2026-08-26 21:19:00,SUCCESS
6938,4,18,1581.20,2026-08-26 17:46:00,FAILED
6939,2,11,1634.60,2026-08-02 17:39:00,FAILED
6940,7,20,3989.50,2026-08-12 14:50:00,FAILED
6941,8,3,2323.40,2026-08-15 02:49:00,FAILED
6942,8,20,3848.10,2026-08-18 20:31:00,REFUNDED
6943,1,2,2323.50,2026-08-24 08:24:00,FAILED
6944,4,5,1211.20,2026-08-22 06:56:00,SUCCESS
6945,5,9,1031.20,2026-08-30 00:41:00,REFUNDED
6946,4,11,4267.40,2026-08-15 02:52:00,SUCCESS
6947,3,8,559.70,2026-08-04 12:24:00,SUCCESS
6948,1,13,4875.20,2026-08-02 20:35:00,SUCCESS
6949,5,9,486.50,2026-08-07 08:34:00,SUCCESS
6950,5,13,2323.60,2026-08-12 01:55:00,FAILED
6951,1,1,5000,2026-08-01 12:00:00,UNKNOWN_STATUS
6952,10,18,862.80,2026-08-12 19:02:00,PENDING
6953,4,6,4768.50,2026-08-22 21:56:00,FAILED
6954,5,19,1789.20,2026-08-22 19:11:00,PENDING
6955,8,9,313.50,2026-08-23 03:17:00,FAILED
6956,1,13,2316.10,2026-08-13 03:05:00,SUCCESS
6957,2,18,4240.30,2026-08-19 23:15:00,PENDING
6958,8,18,4503.00,2026-08-24 17:11:00,REFUNDED
6959,4,13,2718.40,2026-08-27 21:57:00,FAILED
6960,7,4,2387.10,2026-08-30 03:30:00,PENDING
6961,6,4,2739.50,2026-08-07 23:52:00,REFUNDED
6962,2,14,1478.10,2026-08-17 21:01:00,FAILED
6963,3,19,2703.00,2026-08-06 00:18:00,SUCCESS
6964,2,10,2002.80,2026-08-08 22:24:00,REFUNDED
6965,3,2,2861.10,2026-08-17 23:27:00,PENDING
6966,8,8,690.20,2026-08-04 07:20:00,PENDING
6967,10,1,2391.10,2026-08-03 13:53:00,FAILED
6968,10,6,2616.60,2026-08-24 07:21:00,SUCCESS
6969,10,7,4449.30,2026-08-25 18:49:00,REFUNDED
6970,10,13,2106.40,2026-08-27 08:38:00,PENDING
6971,6,11,3368.30,2026-08-21 11:43:00,FAILED
6972,6,19,3599.50,2026-08-27 09:10:00,SUCCESS
6973,10,8,2908.00,2026-08-19 08:27:00,PENDING
6974,10,5,2093.30,2026-08-19 18:16:00,REFUNDED
6975,4,18,2717.90,2026-08-19 16:53:00,SUCCESS
6976,8,1,2946.30,2026-08-15 12:19:00,FAILED
6977,8,2,259.90,2026-08-02 05:34:00,PENDING
6978,5,15,3134.20,2026-08-30 19:24:00,PENDING
6979,7,4,2567.10,2026-08-14 07:07:00,SUCCESS
6980,10,10,4599.90,2026-08-19 21:03:00,FAILED
6981,7,15,2852.00,2026-08-05 05:26:00,PENDING
6982,5,9,3362.90,2026-08-14 12:04:00,PENDING
6983,6,12,4422.60,2026-08-08 11:40:00,PENDING
6984,2,8,2690.30,2026-08-13 17:13:00,SUCCESS
6985,7,1,474.80,2026-08-21 17:30:00,FAILED
6986,8,6,738.50,2026-08-30 03:36:00,REFUNDED
6987,6,4,3285.40,2026-08-26 06:48:00,PENDING
6988,5,9,4968.40,2026-08-21 00:17:00,REFUNDED
6989,3,20,2484.60,2026-08-12 08:58:00,REFUNDED
6990,5,2,4642.40,2026-08-13 23:48:00,PENDING
6991,5,17,1244.90,2026-08-14 04:52:00,PENDING
6992,8,15,4356.40,2026-08-13 10:07:00,REFUNDED
6993,1,1,5000,2026-08-01 12:00:00,UNKNOWN_STATUS
6994,6,2,4398.10,2026-08-28 02:19:00,SUCCESS
6995,1,6,1049.80,2026-08-24 06:52:00,SUCCESS
6996,6,19,2997.60,2026-08-30 18:51:00,SUCCESS
6997,7,5,794.90,2026-08-06 23:44:00,REFUNDED
6998,2,16,3019.00,2026-08-11 16:42:00,REFUNDED
6999,2,13,2994.60,2026-08-31 01:58:00,SUCCESS
7000,3,3,4013.20,2026-08-04 19:56:00,PENDING
7001,2,9,2765.40,2026-08-16 08:05:00,REFUNDED
7002,6,11,3360.80,2026-08-24 18:31:00,SUCCESS
7003,9,18,4506.00,2026-08-25 01:27:00,REFUNDED
7004,10,17,2283.20,2026-08-16 23:38:00,REFUNDED
7005,6,3,4333.60,2026-08-21 18:36:00,FAILED
7006,6,18,3390.00,2026-08-21 05:52:00,PENDING
7007,6,11,2153.30,2026-08-27 22:03:00,PENDING
7008,7,6,5016.80,2026-08-26 10:11:00,SUCCESS
7009,4,17,4494.20,2026-08-08 22:13:00,SUCCESS
7010,7,8,4714.10,2026-08-14 03:47:00,REFUNDED
7011,1,5,680.90,2026-08-19 22:26:00,PENDING
7012,3,5,3849.50,2026-08-22 07:58:00,SUCCESS
7013,3,14,1760.00,2026-08-16 05:29:00,PENDING
7014,3,8,2083.20,2026-08-26 10:47:00,FAILED
7015,3,6,2405.80,2026-08-18 11:58:00,PENDING
7016,6,5,3699.10,2026-08-04 12:01:00,PENDING
7017,6,13,439.30,2026-08-29 13:02:00,FAILED
7018,10,7,3694.80,2026-08-13 23:32:00,PENDING
7019,5,15,539.40,2026-08-06 12:08:00,FAILED
7020,2,19,4055.50,2026-08-05 11:50:00,SUCCESS
7021,5,1,3340.70,2026-08-22 09:06:00,REFUNDED
7022,7,18,2610.80,2026-08-17 02:49:00,REFUNDED
7023,3,11,1290.70,2026-08-11 00:17:00,SUCCESS
7024,8,3,4466.80,2026-08-11 18:21:00,SUCCESS
7025,4,16,4086.60,2026-08-07 11:45:00,FAILED
7026,8,20,4073.50,2026-08-05 22:39:00,REFUNDED
7027,1,11,2497.40,2026-08-24 05:35:00,REFUNDED
7028,5,18,3980.60,2026-08-05 20:45:00,FAILED
7029,1,20,4605.20,2026-08-02 16:11:00,SUCCESS
7030,3,17,557.60,2026-08-02 02:56:00,PENDING
7031,10,4,1477.70,2026-08-01 09:54:00,SUCCESS
7032,2,4,1673.30,2026-08-04 23:01:00,PENDING
7033,6,4,2109.50,2026-08-15 17:08:00,FAILED
7034,2,17,2550.10,2026-08-27 11:40:00,FAILED
7035,1,13,651.10,2026-08-17 14:48:00,PENDING
7036,2,14,2484.10,2026-08-19 23:14:00,FAILED
7037,8,14,4258.80,2026-08-07 19:52:00,REFUNDED
7038,6,11,4356.30,2026-08-06 20:41:00,FAILED
7039,2,10,2828.20,2026-08-10 07:02:00,SUCCESS
7040,10,17,4969.60,2026-08-14 11:03:00,FAILED
7041,10,3,1699.90,2026-08-11 23:48:00,SUCCESS
7042,2,7,1436.80,2026-08-14 01:35:00,SUCCESS
7043,8,3,4945.80,2026-08-11 08:01:00,FAILED
7044,3,10,4368.50,2026-08-25 07:49:00,SUCCESS
7045,10,1,983.70,2026-08-24 22:23:00,SUCCESS
7046,3,13,2080.70,2026-08-11 03:06:00,PENDING
7047,2,8,800.20,2026-08-14 12:40:00,FAILED
7048,6,17,3283.90,2026-08-05 03:11:00,REFUNDED
7049,1,5,2633.20,2026-08-23 11:24:00,SUCCESS
7050,4,8,341.50,2026-08-27 10:48:00,REFUNDED
7051,2,15,1386.10,2026-08-08 20:51:00,FAILED
7052,9,19,3766.30,2026-08-11 12:02:00,REFUNDED
7053,9,5,2352.60,2026-08-06 00:16:00,PENDING
7054,2,10,233.10,2026-08-05 09:09:00,REFUNDED
7055,2,14,339.90,2026-08-17 16:14:00,SUCCESS
7056,7,13,3571.00,2026-08-12 14:49:00,REFUNDED
7057,8,1,563.20,2026-08-18 06:46:00,SUCCESS
7058,2,19,4012.00,2026-08-17 22:26:00,PENDING
7059,7,9,2987.80,2026-08-17 22:11:00,SUCCESS
7060,7,14,3759.00,2026-08-12 12:14:00,REFUNDED
7061,1,15,4241.90,2026-08-16 01:14:00,SUCCESS
7062,5,9,4415.80,2026-08-17 01:37:00,SUCCESS
7063,8,2,914.70,2026-08-21 02:50:00,FAILED
7064,8,7,858.10,2026-08-27 14:34:00,SUCCESS
7065,10,2,3553.20,2026-08-07 12:33:00,SUCCESS
7066,10,13,1977.80,2026-08-12 00:03:00,PENDING
7067,8,11,905.60,2026-08-13 17:03:00,PENDING
7068,7,19,1281.80,2026-08-26 19:41:00,PENDING
7069,8,16,3371.60,2026-08-08 03:28:00,FAILED
7070,8,4,3151.70,2026-08-23 01:02:00,FAILED
7071,3,9,4954.40,2026-08-07 21:35:00,REFUNDED
7072,4,17,3923.40,2026-08-05 19:45:00,REFUNDED
7073,8,20,2280.40,2026-08-13 01:25:00,PENDING
7074,4,19,2595.80,2026-08-07 06:16:00,SUCCESS
7075,9,14,723.00,2026-08-17 04:32:00,SUCCESS
7076,1,16,4746.10,2026-08-12 14:15:00,FAILED
7077,2,4,2699.90,2026-08-21 03:46:00,REFUNDED
7078,4,9,565.30,2026-08-15 05:26:00,PENDING
7079,2,11,4897.90,2026-08-06 07:51:00,PENDING
7080,5,17,1712.90,2026-08-16 10:11:00,REFUNDED
7081,3,6,2319.50,2026-08-12 01:07:00,REFUNDED
7082,6,2,4415.90,2026-08-06 01:45:00,FAILED
7083,10,8,638.90,2026-08-12 16:38:00,REFUNDED
7084,10,13,1880.30,2026-08-14 01:00:00,SUCCESS
7085,4,15,4743.10,2026-08-17 10:52:00,SUCCESS
7086,3,19,1684.30,2026-08-22 21:07:00,REFUNDED
7087,9,10,3874.40,2026-08-13 18:53:00,PENDING
7088,2,11,1314.60,2026-08-28 11:38:00,REFUNDED
7089,7,6,2565.30,2026-08-12 22:57:00,PENDING
7090,10,17,861.70,2026-08-30 14:08:00,REFUNDED
7091,5,15,4756.60,2026-08-29 11:27:00,SUCCESS
7092,9,10,2909.50,2026-08-07 04:27:00,SUCCESS
7093,9,1,4670.50,2026-08-06 17:55:00,PENDING
7094,8,5,4299.40,2026-08-07 10:27:00,SUCCESS
7095,5,13,2066.30,2026-08-02 20:44:00,FAILED
7096,5,9,1412.60,2026-08-09 16:30:00,REFUNDED
7097,3,16,1569.50,2026-08-20 04:07:00,PENDING
7098,2,3,1270.60,2026-08-04 15:19:00,PENDING
7099,3,6,285.60,2026-08-30 14:31:00,REFUNDED
7100,5,10,2350.90,2026-08-09 08:29:00,REFUNDED
7101,10,2,588.10,2026-08-05 20:38:00,SUCCESS
7102,3,8,722.70,2026-08-10 03:21:00,FAILED
7103,9,7,4604.80,2026-08-12 12:51:00,PENDING
7104,3,10,3306.10,2026-08-03 08:19:00,SUCCESS
7105,7,17,3677.00,2026-08-10 21:49:00,SUCCESS
7106,6,13,3532.40,2026-08-06 15:59:00,FAILED
7107,5,13,3247.90,2026-08-05 23:16:00,PENDING
7108,1,17,3149.10,2026-08-03 03:51:00,SUCCESS
7109,6,19,1824.70,2026-08-06 21:18:00,FAILED
7110,4,5,3232.50,2026-08-05 03:53:00,FAILED
7111,8,9,731.60,2026-08-08 03:53:00,REFUNDED
7112,3,18,4705.60,2026-08-19 07:48:00,PENDING
7113,9,15,171.20,2026-08-07 18:23:00,SUCCESS
7114,7,16,1676.00,2026-08-11 23:09:00,SUCCESS
7115,2,5,450.70,2026-08-19 12:00:00,FAILED
7116,2,1,1044.50,2026-08-19 21:02:00,FAILED
7117,10,8,3047.90,2026-08-20 21:35:00,PENDING
7118,3,4,910.30,2026-08-23 00:23:00,PENDING
7119,1,18,4372.10,2026-08-16 16:44:00,FAILED
7120,7,13,656.80,2026-08-13 10:25:00,FAILED
7121,6,6,411.60,2026-08-22 07:48:00,PENDING
7122,10,7,4296.30,2026-08-09 22:19:00,FAILED
7123,8,3,3929.00,2026-08-29 19:54:00,PENDING
7124,5,2,931.50,2026-08-24 12:29:00,REFUNDED
7125,6,8,3788.00,2026-08-13 17:55:00,FAILED
7126,8,13,2649.40,2026-08-25 08:11:00,REFUNDED
7127,3,8,754.30,2026-08-04 13:11:00,SUCCESS
7128,1,1,NOT_A_NUMBER,2026-08-01 12:00:00,SUCCESS
7129,6,14,754.30,2026-08-25 20:25:00,REFUNDED
7130,9,17,1193.70,2026-08-16 06:26:00,PENDING
7131,2,18,1909.70,2026-08-07 13:36:00,SUCCESS
7132,7,19,2848.60,2026-08-19 23:05:00,SUCCESS
7133,5,7,2040.40,2026-08-12 17:09:00,REFUNDED
7134,9,7,4338.30,2026-08-24 21:19:00,REFUNDED
7135,10,13,3930.50,2026-08-08 03:04:00,FAILED
7136,7,12,448.80,2026-08-03 14:11:00,FAILED
7137,5,7,2394.30,2026-08-07 13:40:00,SUCCESS
7138,9,3,4753.50,2026-08-13 19:57:00,REFUNDED
7139,3,18,589.30,2026-08-09 00:13:00,FAILED
7140,1,13,4374.50,2026-08-10 09:57:00,PENDING
7141,7,18,1619.40,2026-08-09 01:52:00,REFUNDED
7142,3,2,320.30,2026-08-02 06:01:00,SUCCESS
7143,6,13,2548.30,2026-08-10 18:24:00,PENDING
7144,1,20,3779.70,2026-08-15 02:31:00,SUCCESS
7145,9,1,1596.60,2026-08-15 14:26:00,SUCCESS
7146,8,12,3101.80,2026-08-02 07:21:00,PENDING
7147,4,7,955.60,2026-08-25 16:37:00,FAILED
7148,7,10,3501.30,2026-08-30 22:52:00,PENDING
7149,8,4,4403.80,2026-08-25 20:07:00,SUCCESS
7150,10,3,705.30,2026-08-14 16:29:00,FAILED
7151,1,2,1090.00,2026-08-28 09:46:00,REFUNDED
7152,6,11,1214.10,2026-08-30 10:51:00,SUCCESS
7153,3,9,2790.40,2026-08-17 03:37:00,FAILED
7154,7,7,1125.80,2026-08-29 03:27:00,SUCCESS
7155,3,14,799.40,2026-08-16 22:00:00,REFUNDED
7156,3,15,2660.60,2026-08-16 10:41:00,REFUNDED
7157,5,9,2817.40,2026-08-28 07:56:00,SUCCESS
7158,6,5,3797.90,2026-08-15 11:04:00,REFUNDED
7159,5,11,4222.00,2026-08-28 22:45:00,PENDING
7160,3,18,2646.20,2026-08-15 02:53:00,PENDING
7161,4,3,4240.80,2026-08-03 15:36:00,FAILED
7162,6,5,1622.70,2026-08-30 03:44:00,REFUNDED
7163,9,2,917.40,2026-08-15 10:44:00,PENDING
7164,3,1,364.00,2026-08-10 13:11:00,SUCCESS
7165,4,9,2128.80,2026-08-28 09:31:00,FAILED
7166,1,19,1828.70,2026-08-20 03:49:00,FAILED
7167,5,10,727.90,2026-08-01 08:49:00,PENDING
7168,9,9,2996.20,2026-08-10 23:20:00,REFUNDED
7169,9,16,4269.70,2026-08-19 11:12:00,FAILED
7170,9,15,2023.50,2026-08-10 08:16:00,SUCCESS
7171,3,13,2652.70,2026-08-18 12:51:00,REFUNDED
7172,8,17,3664.70,2026-08-14 08:52:00,REFUNDED
7173,1,7,4341.50,2026-08-13 12:23:00,FAILED
7174,7,8,770.80,2026-08-27 17:23:00,SUCCESS
7175,5,16,4373.50,2026-08-07 19:24:00,REFUNDED
7176,7,16,1811.40,2026-08-03 18:50:00,REFUNDED
7177,10,8,577.80,2026-08-21 23:18:00,PENDING
7178,1,15,1884.10,2026-08-08 09:47:00,PENDING
7179,3,19,738.90,2026-08-18 00:36:00,SUCCESS
7180,8,5,2595.30,2026-08-25 04:18:00,PENDING
7181,8,6,834.30,2026-08-20 18:45:00,PENDING
7182,9,5,3751.30,2026-08-07 21:24:00,PENDING
7183,6,4,1687.80,2026-08-28 23:18:00,FAILED
7184,2,11,2815.00,2026-08-20 17:15:00,FAILED
7185,1,1,3415.80,2026-08-11 05:23:00,FAILED
7186,2,1,2689.30,2026-08-22 23:31:00,REFUNDED
7187,9,19,730.20,2026-08-18 03:05:00,REFUNDED
7188,10,9,559.70,2026-08-08 19:20:00,SUCCESS
7189,7,19,2341.40,2026-08-20 12:32:00,PENDING
7190,4,15,496.60,2026-08-12 17:48:00,FAILED
7191,4,2,4220.50,2026-08-25 15:46:00,REFUNDED
7192,1,7,130.20,2026-08-06 02:55:00,REFUNDED
7193,5,18,1061.30,2026-08-13 20:17:00,FAILED
7194,3,5,2563.10,2026-08-24 16:32:00,FAILED
7195,1,2,669.40,2026-08-17 05:10:00,SUCCESS
7196,6,13,3852.70,2026-08-12 07:26:00,FAILED
7197,10,16,4785.20,2026-08-17 08:04:00,FAILED
7198,3,20,78.40,2026-08-28 06:52:00,FAILED
7199,4,18,729.90,2026-08-02 08:15:00,FAILED
7200,2,12,2526.70,2026-08-16 03:35:00,REFUNDED
7201,9,8,3746.30,2026-08-27 19:35:00,PENDING
7202,1,2,1130.80,2026-08-07 18:38:00,SUCCESS
7203,1,14,2999.60,2026-08-14 21:16:00,SUCCESS
7204,2,8,3701.80,2026-08-15 08:04:00,PENDING
7205,4,10,3254.30,2026-08-10 00:34:00,FAILED
7206,3,16,1756.30,2026-08-25 05:03:00,SUCCESS
7207,4,5,4218.80,2026-08-23 12:57:00,FAILED
7208,10,13,724.00,2026-08-03 10:51:00,REFUNDED
7209,8,18,2720.20,2026-08-21 01:06:00,SUCCESS
7210,9,4,3270.20,2026-08-23 03:00:00,PENDING
7211,1,6,4604.30,2026-08-20 13:00:00,PENDING
7212,4,20,4755.90,2026-08-14 04:21:00,FAILED
7213,8,6,4603.00,2026-08-23 01:58:00,FAILED
7214,1,9,1393.80,2026-08-07 14:38:00,PENDING
7215,7,8,3750.10,2026-08-04 05:47:00,PENDING
7216,2,9,4423.90,2026-08-15 11:07:00,FAILED
7217,8,7,378.90,2026-08-26 03:00:00,SUCCESS
7218,6,18,1984.90,2026-08-27 10:09:00,PENDING
7219,2,19,2265.10,2026-08-05 16:27:00,REFUNDED
7220,8,20,2689.60,2026-08-30 16:37:00,PENDING
7221,2,1,458.60,2026-08-15 01:30:00,REFUNDED
7222,4,20,2665.30,2026-08-05 14:04:00,SUCCESS
7223,4,7,528.60,2026-08-21 17:57:00,SUCCESS
7224,4,13,1300.60,2026-08-19 21:42:00,SUCCESS
7225,9,4,1824.40,2026-08-14 12:17:00,PENDING
7226,3,5,4158.00,2026-08-30 10:07:00,SUCCESS
7227,3,10,4771.80,2026-08-02 00:19:00,FAILED
7228,8,1,3996.80,2026-08-13 19:28:00,FAILED
7229,6,18,2696.30,2026-08-29 15:04:00,SUCCESS
7230,9,11,1312.50,2026-08-03 21:55:00,PENDING
7231,2,13,986.30,2026-08-03 02:59:00,FAILED
7232,9,2,487.70,2026-08-21 14:08:00,FAILED
7233,3,6,1131.60,2026-08-04 12:45:00,PENDING
7234,7,18,2992.20,2026-08-30 11:42:00,REFUNDED
7235,6,19,3573.00,2026-08-11 14:17:00,FAILED
7236,6,16,694.70,2026-08-03 16:40:00,FAILED
7237,9,13,662.30,2026-08-20 00:39:00,FAILED
7238,8,17,4131.70,2026-08-13 07:48:00,PENDING
7239,9,5,63.60,2026-08-10 04:17:00,FAILED
7240,7,16,1925.60,2026-08-03 04:33:00,FAILED
7241,1,1,NOT_A_NUMBER,2026-08-01 12:00:00,SUCCESS
7242,6,11,4040.90,2026-08-23 21:45:00,REFUNDED
7243,6,7,1373.90,2026-08-19 05:47:00,FAILED
7244,10,16,2447.20,2026-08-09 22:17:00,REFUNDED
7245,1,9,3367.40,2026-08-24 15:13:00,REFUNDED
7246,2,12,2119.40,2026-08-05 22:27:00,SUCCESS
7247,1,17,4220.60,2026-08-29 07:31:00,REFUNDED
7248,5,1,2091.50,2026-08-03 15:38:00,REFUNDED
7249,2,7,400.30,2026-08-20 10:55:00,PENDING
7250,4,18,4827.90,2026-08-12 10:07:00,SUCCESS
7251,1,1,NOT_A_NUMBER,2026-08-01 12:00:00,SUCCESS
7252,10,20,1661.40,2026-08-17 01:03:00,REFUNDED
7253,7,10,3092.30,2026-08-15 06:59:00,FAILED
7254,2,13,2002.50,2026-08-17 19:59:00,PENDING
7255,7,14,1460.50,2026-08-23 14:24:00,PENDING
7256,5,5,131.00,2026-08-28 11:58:00,SUCCESS
7257,3,8,2628.70,2026-08-13 19:48:00,SUCCESS
7258,7,3,1857.20,2026-08-26 02:53:00,PENDING
7259,3,12,3745.90,2026-08-09 01:48:00,PENDING
7260,5,4,2479.60,2026-08-26 17:54:00,SUCCESS
7261,3,19,3492.70,2026-08-11 15:56:00,PENDING
7262,3,4,99.90,2026-08-30 04:14:00,PENDING
7263,4,14,4896.30,2026-08-19 22:09:00,PENDING
7264,4,4,2129.90,2026-08-02 20:02:00,SUCCESS
7265,3,6,2028.30,2026-08-09 00:42:00,FAILED
7266,3,1,1639.30,2026-08-10 03:32:00,REFUNDED
7267,2,1,4874.80,2026-08-08 00:49:00,SUCCESS
7268,5,5,2181.50,2026-08-13 14:22:00,PENDING
7269,10,9,3977.00,2026-08-31 02:54:00,FAILED
7270,6,16,279.50,2026-08-16 05:30:00,FAILED
7271,6,19,3672.40,2026-08-21 06:37:00,PENDING
7272,8,7,4241.50,2026-08-26 23:32:00,SUCCESS
7273,4,9,3001.60,2026-08-15 09:03:00,REFUNDED
7274,3,19,625.70,2026-08-20 03:27:00,PENDING
7275,4,20,276.30,2026-08-27 23:16:00,REFUNDED
7276,3,3,3082.00,2026-08-18 18:59:00,REFUNDED
7277,7,11,3818.80,2026-08-25 22:33:00,SUCCESS
7278,9,15,3139.30,2026-08-09 01:46:00,FAILED
7279,2,10,4159.70,2026-08-22 09:44:00,FAILED
7280,6,7,2366.40,2026-08-21 09:46:00,SUCCESS
7281,5,13,820.90,2026-08-06 18:00:00,SUCCESS
7282,5,3,1238.60,2026-08-05 00:54:00,REFUNDED
7283,5,18,2963.90,2026-08-06 12:45:00,PENDING
7284,8,5,3311.50,2026-08-11 18:31:00,SUCCESS
7285,1,4,701.70,2026-08-30 06:15:00,SUCCESS
7286,3,3,3306.90,2026-08-26 08:46:00,SUCCESS
7287,4,12,1069.70,2026-08-26 09:27:00,PENDING
7288,7,2,3923.70,2026-08-04 06:51:00,FAILED
7289,6,5,833.80,2026-08-13 03:30:00,PENDING
7290,9,20,433.30,2026-08-13 15:44:00,FAILED
7291,8,14,1946.50,2026-08-25 12:52:00,SUCCESS
7292,6,11,3468.20,2026-08-12 00:27:00,FAILED
7293,1,9,81.20,2026-08-01 13:01:00,PENDING
7294,6,9,4047.20,2026-08-03 14:57:00,SUCCESS
7295,4,3,423.70,2026-08-20 07:28:00,SUCCESS
7296,5,10,4102.30,2026-08-02 15:21:00,SUCCESS
7297,9,9,4037.20,2026-08-29 23:49:00,PENDING
7298,5,13,1709.00,2026-08-13 17:22:00,FAILED
7299,9,5,701.00,2026-08-28 05:02:00,REFUNDED
7300,6,5,1960.20,2026-08-22 07:28:00,SUCCESS
7301,7,1,2281.00,2026-08-14 23:40:00,FAILED
7302,7,12,952.00,2026-08-10 08:04:00,FAILED
7303,4,1,162.60,2026-08-14 16:36:00,FAILED
7304,1,20,2626.50,2026-08-19 10:15:00,SUCCESS
7305,7,10,758.80,2026-08-21 18:24:00,SUCCESS
7306,3,9,2114.30,2026-08-17 03:15:00,PENDING
7307,2,8,4548.00,2026-08-23 01:07:00,PENDING
7308,2,17,1690.30,2026-08-09 08:56:00,SUCCESS
7309,3,3,4025.30,2026-08-13 01:37:00,SUCCESS
7310,2,20,2778.80,2026-08-08 18:51:00,FAILED
7311,4,11,2798.70,2026-08-13 07:31:00,FAILED
7312,1,5,1722.20,2026-08-29 11:31:00,SUCCESS
7313,2,11,2630.40,2026-08-12 12:35:00,PENDING
7314,6,15,462.60,2026-08-18 05:35:00,SUCCESS
7315,6,1,4708.30,2026-08-28 14:45:00,PENDING
7316,10,10,3057.20,2026-08-27 22:16:00,FAILED
7317,1,100.00
7318,7,7,197.40,2026-08-15 13:57:00,REFUNDED
7319,2,17,1004.80,2026-08-30 12:56:00,REFUNDED
7320,2,1,3832.50,2026-08-15 22:46:00,SUCCESS
7321,8,20,4464.80,2026-08-20 18:53:00,FAILED
7322,1,4,4878.00,2026-08-09 09:43:00,REFUNDED
7323,1,14,1720.90,2026-08-21 21:57:00,FAILED
7324,5,11,3186.60,2026-08-27 19:31:00,PENDING
7325,10,7,2044.10,2026-08-16 22:11:00,SUCCESS
7326,8,12,4419.20,2026-08-14 21:02:00,REFUNDED
7327,2,18,1771.70,2026-08-24 19:36:00,REFUNDED
7328,4,6,697.70,2026-08-11 15:10:00,REFUNDED
7329,9,7,4729.30,2026-08-30 02:20:00,PENDING
7330,5,3,2668.60,2026-08-09 05:46:00,FAILED
7331,8,11,1520.40,2026-08-09 09:05:00,REFUNDED
7332,1,100.00
7333,1,6,1724.20,2026-08-19 08:57:00,FAILED
7334,5,4,2110.30,2026-08-16 23:22:00,PENDING
7335,5,1,1168.20,2026-08-16 12:37:00,FAILED
7336,6,16,383.10,2026-08-25 13:44:00,SUCCESS
7337,8,11,3280.20,2026-08-26 13:31:00,REFUNDED
7338,3,9,1333.40,2026-08-15 04:19:00,REFUNDED
7339,9,5,1706.50,2026-08-28 20:09:00,PENDING
7340,7,13,4420.20,2026-08-14 19:11:00,SUCCESS
7341,1,16,2511.70,2026-08-07 20:27:00,REFUNDED
7342,9,7,469.60,2026-08-29 12:22:00,REFUNDED
7343,5,1,4947.10,2026-08-13 19:19:00,PENDING
7344,6,1,1439.40,2026-08-01 20:08:00,PENDING
7345,7,19,2480.50,2026-08-10 07:44:00,SUCCESS
7346,10,8,5018.00,2026-08-03 08:11:00,SUCCESS
7347,7,2,1589.50,2026-08-23 13:57:00,REFUNDED
7348,6,4,266.10,2026-08-04 07:48:00,SUCCESS
7349,5,15,2967.50,2026-08-25 00:32:00,FAILED
7350,1,10,4781.30,2026-08-26 23:08:00,FAILED
7351,8,10,2555.50,2026-08-23 08:11:00,FAILED
7352,10,12,1613.00,2026-08-04 12:40:00,SUCCESS
7353,9,8,4442.50,2026-08-30 10:17:00,PENDING
7354,5,18,2796.00,2026-08-06 22:06:00,FAILED
7355,1,16,4436.40,2026-08-24 10:57:00,SUCCESS
7356,3,12,680.30,2026-08-29 21:11:00,PENDING
7357,9,15,3311.50,2026-08-16 17:46:00,PENDING
7358,7,18,758.50,2026-08-06 08:04:00,SUCCESS
7359,4,4,4948.10,2026-08-22 05:59:00,FAILED
7360,1,14,574.40,2026-08-11 22:48:00,FAILED
7361,10,4,3752.70,2026-08-08 07:00:00,SUCCESS
7362,9,2,3325.00,2026-08-23 18:55:00,PENDING
7363,7,6,2013.80,2026-08-04 05:31:00,PENDING
7364,2,7,363.70,2026-08-22 17:58:00,SUCCESS
7365,1,100.00
7366,4,3,708.10,2026-08-25 01:46:00,REFUNDED
7367,10,9,5015.00,2026-08-19 21:40:00,SUCCESS
7368,5,11,963.10,2026-08-08 21:01:00,REFUNDED
7369,2,16,2476.40,2026-08-04 11:00:00,SUCCESS
7370,4,13,4269.70,2026-08-05 04:39:00,REFUNDED
7371,2,12,1715.50,2026-08-20 09:13:00,SUCCESS
7372,10,3,3469.10,2026-08-04 04:10:00,SUCCESS
7373,8,1,4301.80,2026-08-12 05:43:00,SUCCESS
7374,6,4,317.50,2026-08-27 09:20:00,REFUNDED
7375,5,18,2230.90,2026-08-20 14:58:00,SUCCESS
7376,7,7,2108.10,2026-08-21 08:42:00,FAILED
7377,5,20,3720.40,2026-08-06 23:19:00,FAILED
7378,8,10,1649.60,2026-08-30 09:19:00,REFUNDED
7379,5,13,3961.90,2026-08-05 22:15:00,SUCCESS
7380,1,1,1686.50,2026-08-10 16:04:00,REFUNDED
7381,9,16,1370.70,2026-08-19 10:36:00,REFUNDED
7382,4,10,3001.70,2026-08-22 04:28:00,SUCCESS
7383,4,6,4059.60,2026-08-10 16:26:00,PENDING
7384,6,8,4280.00,2026-08-16 17:04:00,SUCCESS
7385,1,1,5000,2026-08-01 12:00:00,UNKNOWN_STATUS
7386,8,4,4099.50,2026-08-04 19:28:00,SUCCESS
7387,2,15,1577.70,2026-08-03 08:50:00,SUCCESS
7388,1,13,4971.90,2026-08-20 14:19:00,REFUNDED
7389,1,6,3428.90,2026-08-20 10:36:00,FAILED
7390,6,14,685.70,2026-08-15 00:38:00,SUCCESS
7391,3,12,2811.60,2026-08-12 21:58:00,SUCCESS
7392,1,3,804.80,2026-08-10 06:58:00,PENDING
7393,2,11,4760.20,2026-08-06 21:46:00,REFUNDED
7394,4,10,228.10,2026-08-25 10:05:00,PENDING
7395,9,7,1646.00,2026-08-28 21:08:00,REFUNDED
7396,5,11,3160.00,2026-08-03 17:49:00,REFUNDED
7397,10,18,4051.00,2026-08-30 18:44:00,PENDING
7398,1,1,1508.80,2026-08-02 19:47:00,SUCCESS
7399,5,1,3998.00,2026-08-25 09:05:00,REFUNDED
7400,8,10,2023.00,2026-08-22 17:49:00,SUCCESS
7401,7,5,2621.50,2026-08-08 06:48:00,SUCCESS
7402,8,8,1839.10,2026-08-05 04:42:00,REFUNDED
7403,9,14,1706.60,2026-08-24 11:53:00,FAILED
7404,9,18,884.60,2026-08-12 16:34:00,FAILED
7405,10,8,3651.70,2026-08-07 11:06:00,SUCCESS
7406,5,3,1433.50,2026-08-15 04:56:00,REFUNDED
7407,5,4,2182.40,2026-08-06 08:56:00,REFUNDED
7408,5,13,3457.60,2026-08-21 05:49:00,REFUNDED
7409,3,20,1021.10,2026-08-03 10:50:00,REFUNDED
7410,5,3,2342.70,2026-08-11 20:02:00,SUCCESS
7411,4,11,2700.50,2026-08-21 00:57:00,PENDING
7412,3,19,457.10,2026-08-20 00:21:00,PENDING
7413,10,3,4501.70,2026-08-14 12:31:00,SUCCESS
7414,4,14,1577.40,2026-08-30 19:21:00,PENDING
7415,4,10,4400.70,2026-08-14 18:54:00,SUCCESS
7416,1,9,4603.50,2026-08-27 09:13:00,FAILED
7417,4,9,1391.80,2026-08-10 08:05:00,PENDING
7418,9,9,4207.70,2026-08-12 07:59:00,SUCCESS
7419,6,3,3892.50,2026-08-11 16:51:00,PENDING
7420,4,11,1835.20,2026-08-14 09:13:00,REFUNDED
7421,4,3,252.30,2026-08-24 17:23:00,SUCCESS
7422,10,18,1094.30,2026-08-09 11:30:00,FAILED
7423,3,19,3441.20,2026-08-14 04:49:00,FAILED
7424,8,5,1134.10,2026-08-16 23:45:00,PENDING
7425,6,17,2146.80,2026-08-30 01:11:00,FAILED
7426,5,1,3855.40,2026-08-05 09:06:00,PENDING
7427,7,4,4153.70,2026-08-28 22:54:00,REFUNDED
7428,7,13,3217.60,2026-08-07 08:18:00,SUCCESS
7429,7,12,1911.60,2026-08-04 18:20:00,PENDING
7430,6,7,1503.60,2026-08-26 12:30:00,SUCCESS
7431,2,15,4744.10,2026-08-17 19:25:00,FAILED
7432,7,8,456.90,2026-08-18 21:35:00,REFUNDED
7433,1,6,1011.30,2026-08-24 18:26:00,FAILED
7434,5,15,4582.10,2026-08-30 04:06:00,FAILED
7435,1,19,696.90,2026-08-10 16:47:00,FAILED
7436,8,20,4494.10,2026-08-16 21:06:00,REFUNDED
7437,4,14,1962.30,2026-08-30 04:46:00,REFUNDED
7438,8,4,2697.30,2026-08-06 23:09:00,FAILED
7439,2,20,644.90,2026-08-28 14:02:00,REFUNDED
7440,10,9,2599.00,2026-08-31 05:11:00,FAILED
7441,10,7,2251.60,2026-08-10 12:45:00,REFUNDED
7442,1,1,4596.90,2026-08-26 20:26:00,PENDING
7443,9,7,3515.00,2026-08-19 10:43:00,REFUNDED
7444,7,20,3699.70,2026-08-02 16:04:00,REFUNDED
7445,10,8,2730.70,2026-08-06 16:03:00,PENDING
7446,1,7,1193.00,2026-08-28 19:53:00,PENDING
7447,8,18,4320.20,2026-08-23 20:15:00,PENDING
7448,10,5,2538.90,2026-08-23 00:29:00,SUCCESS
7449,6,20,2827.60,2026-08-01 16:27:00,REFUNDED
7450,2,2,1002.70,2026-08-25 16:45:00,REFUNDED
7451,7,13,4265.40,2026-08-02 01:39:00,SUCCESS
7452,2,14,1583.80,2026-08-06 07:07:00,SUCCESS
7453,6,19,2740.40,2026-08-25 13:04:00,FAILED
7454,1,18,4899.30,2026-08-07 16:32:00,REFUNDED
7455,3,5,1457.90,2026-08-25 08:32:00,FAILED
7456,10,19,4628.50,2026-08-06 08:50:00,SUCCESS
7457,5,5,4955.70,2026-08-26 20:02:00,PENDING
7458,1,14,197.60,2026-08-24 00:53:00,FAILED
7459,6,15,1050.40,2026-08-20 07:12:00,REFUNDED
7460,1,7,4926.10,2026-08-18 06:29:00,FAILED
7461,2,13,4985.20,2026-08-09 13:33:00,REFUNDED
7462,6,1,2631.40,2026-08-25 07:45:00,FAILED
7463,5,8,2543.90,2026-08-21 08:59:00,REFUNDED
7464,3,6,5042.70,2026-08-17 05:54:00,SUCCESS
7465,9,15,1483.10,2026-08-08 14:51:00,REFUNDED
7466,5,1,1063.00,2026-08-18 02:35:00,PENDING
7467,5,10,3569.40,2026-08-02 18:02:00,REFUNDED
7468,3,20,2202.80,2026-08-28 12:04:00,REFUNDED
7469,1,10,1156.60,2026-08-27 04:20:00,FAILED
7470,9,17,2588.30,2026-08-17 07:01:00,FAILED
7471,8,16,622.80,2026-08-27 05:02:00,REFUNDED
7472,2,12,2927.80,2026-08-23 11:40:00,SUCCESS
7473,8,16,2022.70,2026-08-13 12:30:00,REFUNDED
7474,1,4,1941.20,2026-08-10 19:01:00,SUCCESS
7475,1,12,4000.00,2026-08-23 09:49:00,SUCCESS
7476,6,8,256.00,2026-08-19 05:36:00,REFUNDED
7477,3,17,2058.90,2026-08-13 07:57:00,FAILED
7478,5,9,2594.50,2026-08-15 20:06:00,SUCCESS
7479,8,15,940.20,2026-08-04 01:21:00,SUCCESS
7480,6,20,775.20,2026-08-29 12:32:00,FAILED
7481,3,11,3701.40,2026-08-30 11:24:00,FAILED
7482,8,13,2336.30,2026-08-22 15:00:00,REFUNDED
7483,2,4,4401.10,2026-08-02 05:43:00,SUCCESS
7484,10,16,1171.40,2026-08-08 08:52:00,PENDING
7485,8,1,640.20,2026-08-19 18:39:00,PENDING
7486,1,8,3254.30,2026-08-15 19:32:00,FAILED
7487,4,3,2567.30,2026-08-16 06:45:00,PENDING
7488,10,4,3975.90,2026-08-24 19:45:00,SUCCESS
7489,4,8,1329.00,2026-08-10 02:58:00,REFUNDED
7490,7,2,3759.40,2026-08-04 11:49:00,SUCCESS
7491,3,17,3344.80,2026-08-18 10:49:00,PENDING
7492,4,19,3055.40,2026-08-04 08:33:00,SUCCESS
7493,10,6,2209.10,2026-08-01 20:39:00,REFUNDED
7494,8,17,697.00,2026-08-02 05:39:00,PENDING
7495,7,5,4347.10,2026-08-01 10:05:00,REFUNDED
7496,3,12,980.40,2026-08-21 11:19:00,SUCCESS
7497,1,1,5000,INVALID_DATE_TIME,SUCCESS
7498,4,15,1428.30,2026-08-11 07:05:00,SUCCESS
7499,10,16,637.40,2026-08-08 09:10:00,REFUNDED
7500,4,10,4443.60,2026-08-13 12:10:00,SUCCESS
7501,5,15,1552.20,2026-08-12 01:46:00,SUCCESS
7502,4,3,2762.70,2026-08-25 05:18:00,REFUNDED
7503,4,13,3037.30,2026-08-03 18:01:00,SUCCESS
7504,6,3,1985.60,2026-08-18 16:00:00,FAILED
7505,7,2,2388.70,2026-08-19 08:34:00,FAILED
7506,2,7,1763.20,2026-08-28 22:23:00,SUCCESS
7507,3,10,397.10,2026-08-22 02:29:00,FAILED
7508,3,1,2934.90,2026-08-16 17:53:00,REFUNDED
7509,9,20,4050.40,2026-08-21 00:58:00,SUCCESS
7510,2,1,1573.40,2026-08-20 17:54:00,FAILED
7511,10,11,453.60,2026-08-15 17:43:00,FAILED
7512,4,4,3616.30,2026-08-27 10:03:00,SUCCESS
7513,2,1,1419.90,2026-08-08 06:04:00,SUCCESS
7514,10,4,2088.10,2026-08-20 05:13:00,SUCCESS
7515,8,9,2981.30,2026-08-09 20:07:00,SUCCESS
7516,10,3,3463.00,2026-08-16 20:01:00,REFUNDED
7517,2,7,3468.20,2026-08-03 12:56:00,PENDING
7518,9,8,79.70,2026-08-19 08:20:00,FAILED
7519,10,17,3788.10,2026-08-24 15:32:00,FAILED
7520,5,11,2011.50,2026-08-24 04:05:00,PENDING
7521,7,19,3282.30,2026-08-06 04:21:00,REFUNDED
7522,5,18,2828.10,2026-08-24 01:47:00,REFUNDED
7523,3,19,273.20,2026-08-09 21:37:00,PENDING
7524,6,10,2697.80,2026-08-17 08:55:00,SUCCESS
7525,7,2,3150.40,2026-08-09 03:01:00,SUCCESS
7526,6,10,3239.60,2026-08-11 05:37:00,FAILED
7527,1,1,3300.10,2026-08-25 03:45:00,REFUNDED
7528,7,15,2955.90,2026-08-25 16:57:00,REFUNDED
7529,10,11,3577.70,2026-08-10 06:30:00,PENDING
7530,3,8,3191.40,2026-08-12 03:58:00,PENDING
7531,8,5,732.00,2026-08-21 07:35:00,PENDING
7532,4,8,453.70,2026-08-21 20:36:00,SUCCESS
7533,1,7,4689.90,2026-08-30 11:20:00,SUCCESS
7534,6,11,773.80,2026-08-09 05:39:00,SUCCESS
7535,9,19,2398.60,2026-08-04 12:00:00,SUCCESS
7536,10,19,1222.70,2026-08-11 22:57:00,FAILED
7537,2,2,2458.40,2026-08-17 13:39:00,PENDING
7538,5,8,1045.70,2026-08-22 06:01:00,PENDING
7539,3,5,1136.40,2026-08-24 14:06:00,FAILED
7540,5,13,3243.80,2026-08-15 07:08:00,PENDING
7541,7,6,1070.70,2026-08-05 04:35:00,PENDING
7542,3,4,3731.50,2026-08-04 08:50:00,FAILED
7543,2,19,3289.90,2026-08-28 22:28:00,REFUNDED
7544,7,11,3064.00,2026-08-31 01:29:00,SUCCESS
7545,7,2,4855.20,2026-08-23 18:11:00,REFUNDED
7546,1,15,3405.40,2026-08-23 05:45:00,REFUNDED
7547,4,17,1335.40,2026-08-18 18:35:00,PENDING
7548,8,7,4314.00,2026-08-26 12:29:00,FAILED
7549,2,12,3862.80,2026-08-29 15:21:00,FAILED
7550,8,5,1850.40,2026-08-22 14:59:00,SUCCESS
7551,5,16,2552.50,2026-08-02 22:43:00,PENDING
7552,1,100.00
7553,5,17,242.70,2026-08-11 10:38:00,PENDING
7554,9,9,923.50,2026-08-15 06:50:00,REFUNDED
7555,9,4,2462.10,2026-08-17 12:41:00,SUCCESS
7556,4,8,1062.40,2026-08-25 05:15:00,SUCCESS
7557,3,3,3512.40,2026-08-03 19:51:00,SUCCESS
7558,6,16,3034.80,2026-08-12 21:15:00,FAILED
7559,8,13,3259.80,2026-08-10 14:03:00,SUCCESS
7560,10,4,2033.10,2026-08-21 02:44:00,REFUNDED
7561,9,15,4158.90,2026-08-18 02:48:00,FAILED
7562,7,19,1865.70,2026-08-07 22:30:00,SUCCESS
7563,4,10,2171.10,2026-08-09 14:34:00,PENDING
7564,4,13,1253.60,2026-08-18 10:34:00,PENDING
7565,7,4,4636.30,2026-08-30 05:55:00,REFUNDED
7566,6,19,568.70,2026-08-02 07:48:00,FAILED
7567,10,3,323.80,2026-08-20 16:53:00,SUCCESS
7568,8,1,3286.80,2026-08-05 23:38:00,SUCCESS
7569,8,4,4485.10,2026-08-10 03:47:00,FAILED
7570,6,1,1268.10,2026-08-14 21:03:00,REFUNDED
7571,6,2,3013.50,2026-08-05 04:34:00,FAILED
7572,4,16,1983.50,2026-08-20 21:45:00,FAILED
7573,1,11,1374.30,2026-08-17 05:01:00,PENDING
7574,5,17,1213.40,2026-08-14 06:43:00,SUCCESS
7575,2,6,2429.10,2026-08-05 10:27:00,FAILED
7576,8,10,996.50,2026-08-16 02:27:00,FAILED
7577,8,7,4910.80,2026-08-26 15:33:00,REFUNDED
7578,5,17,2204.20,2026-08-20 22:14:00,SUCCESS
7579,3,7,3498.60,2026-08-05 12:13:00,PENDING
7580,6,16,3361.70,2026-08-03 19:24:00,REFUNDED
7581,8,5,4237.80,2026-08-08 01:04:00,REFUNDED
7582,9,4,3401.90,2026-08-13 09:35:00,SUCCESS
7583,7,15,4531.70,2026-08-16 09:36:00,PENDING
7584,1,1,NOT_A_NUMBER,2026-08-01 12:00:00,SUCCESS
7585,4,5,3980.60,2026-08-22 00:29:00,FAILED
7586,9,6,4029.00,2026-08-26 17:13:00,REFUNDED
7587,3,18,4136.40,2026-08-14 10:12:00,PENDING
7588,2,16,1673.50,2026-08-18 14:23:00,SUCCESS
7589,1,7,2383.80,2026-08-15 14:21:00,SUCCESS
7590,8,5,4092.20,2026-08-24 06:37:00,REFUNDED
7591,9,3,120.40,2026-08-24 19:24:00,SUCCESS
7592,5,18,493.10,2026-08-05 00:17:00,PENDING
7593,9,11,1224.60,2026-08-05 07:57:00,REFUNDED
7594,10,7,1101.20,2026-08-29 13:37:00,FAILED
7595,2,14,3833.90,2026-08-03 14:20:00,REFUNDED
7596,10,11,1575.80,2026-08-16 11:01:00,FAILED
7597,6,4,3943.60,2026-08-16 22:02:00,SUCCESS
7598,3,2,458.80,2026-08-21 01:13:00,PENDING
7599,9,18,2774.00,2026-08-15 11:43:00,PENDING
7600,4,13,4930.20,2026-08-15 15:29:00,SUCCESS
7601,9,9,1399.80,2026-08-30 22:40:00,PENDING
7602,10,15,2110.40,2026-08-06 23:40:00,SUCCESS
7603,7,20,2199.20,2026-08-24 09:10:00,PENDING
7604,1,3,3370.60,2026-08-09 20:13:00,PENDING
7605,7,13,3247.80,2026-08-28 01:42:00,REFUNDED
7606,8,9,2530.80,2026-08-18 21:19:00,FAILED
7607,2,16,1388.10,2026-08-21 05:56:00,PENDING
7608,10,15,4203.60,2026-08-14 23:48:00,PENDING
7609,10,13,3695.70,2026-08-12 08:16:00,REFUNDED
7610,1,1,5000,2026-08-01 12:00:00,UNKNOWN_STATUS
7611,1,9,1935.40,2026-08-04 10:22:00,FAILED
7612,5,3,2846.60,2026-08-20 15:47:00,SUCCESS
7613,10,9,532.10,2026-08-28 04:45:00,SUCCESS
7614,2,19,4167.60,2026-08-22 16:36:00,REFUNDED
7615,4,15,1499.40,2026-08-25 13:43:00,FAILED
7616,1,16,4978.70,2026-08-18 02:37:00,SUCCESS
7617,7,11,5034.60,2026-08-08 21:48:00,FAILED
7618,9,4,1752.30,2026-08-22 04:56:00,REFUNDED
7619,10,15,859.90,2026-08-11 09:16:00,REFUNDED
7620,5,15,4802.70,2026-08-07 12:16:00,SUCCESS
7621,1,1,NOT_A_NUMBER,2026-08-01 12:00:00,SUCCESS
7622,1,18,2900.20,2026-08-27 03:47:00,SUCCESS
7623,6,20,2770.10,2026-08-29 10:59:00,PENDING
7624,8,11,160.30,2026-08-17 15:41:00,SUCCESS
7625,5,11,1849.10,2026-08-30 02:28:00,REFUNDED
7626,3,18,3465.10,2026-08-30 21:44:00,FAILED
7627,5,11,3346.70,2026-08-12 13:08:00,REFUNDED
7628,5,18,492.50,2026-08-06 13:07:00,FAILED
7629,9,12,3516.70,2026-08-29 00:17:00,REFUNDED
7630,5,6,4542.80,2026-08-13 17:30:00,REFUNDED
7631,10,12,377.40,2026-08-18 05:52:00,PENDING
7632,2,18,3693.80,2026-08-24 09:53:00,SUCCESS
7633,7,20,1827.50,2026-08-22 03:37:00,PENDING
7634,6,11,3735.10,2026-08-27 05:07:00,PENDING
7635,10,17,4409.10,2026-08-04 18:09:00,SUCCESS
7636,4,8,3339.70,2026-08-11 12:56:00,REFUNDED
7637,1,15,1749.80,2026-08-04 03:59:00,PENDING
7638,3,4,2408.30,2026-08-17 06:13:00,PENDING
7639,7,19,231.00,2026-08-16 05:06:00,PENDING
7640,2,14,3550.70,2026-08-30 07:49:00,FAILED
7641,1,9,1613.60,2026-08-23 16:12:00,REFUNDED
7642,3,17,2148.10,2026-08-01 11:13:00,PENDING
7643,5,4,216.80,2026-08-27 23:28:00,SUCCESS
7644,7,16,4905.10,2026-08-20 01:30:00,PENDING
7645,10,8,4320.10,2026-08-25 14:43:00,PENDING
7646,1,16,3960.60,2026-08-18 00:08:00,FAILED
7647,4,14,1920.90,2026-08-15 22:48:00,SUCCESS
7648,1,12,870.20,2026-08-14 16:42:00,PENDING
7649,9,9,3453.20,2026-08-06 18:04:00,SUCCESS
7650,6,7,3563.60,2026-08-09 03:21:00,SUCCESS
7651,1,14,2346.90,2026-08-30 15:19:00,FAILED
7652,10,11,1562.30,2026-08-03 23:41:00,REFUNDED
7653,2,18,969.20,2026-08-22 15:09:00,FAILED
7654,2,7,1703.60,2026-08-25 03:06:00,REFUNDED
7655,3,2,2089.10,2026-08-19 06:59:00,PENDING
7656,7,2,581.20,2026-08-10 17:42:00,FAILED
7657,10,2,1820.90,2026-08-26 13:42:00,PENDING
7658,2,5,3815.80,2026-08-02 17:59:00,PENDING
7659,7,13,4717.50,2026-08-14 11:45:00,SUCCESS
7660,8,4,597.30,2026-08-27 00:40:00,REFUNDED
7661,9,19,1662.90,2026-08-30 23:34:00,FAILED
7662,6,1,4096.70,2026-08-21 23:37:00,PENDING
7663,9,6,3420.50,2026-08-14 03:10:00,PENDING
7664,10,17,4896.90,2026-08-18 14:24:00,SUCCESS
7665,8,16,1899.30,2026-08-17 08:17:00,REFUNDED
7666,10,8,2716.40,2026-08-14 14:11:00,REFUNDED
7667,7,18,1947.90,2026-08-15 08:38:00,REFUNDED
7668,1,6,2613.60,2026-08-27 07:39:00,FAILED
7669,2,2,902.90,2026-08-11 05:16:00,FAILED
7670,3,3,3288.20,2026-08-05 05:23:00,SUCCESS
7671,7,20,4569.90,2026-08-28 11:00:00,REFUNDED
7672,10,6,4262.40,2026-08-06 07:15:00,PENDING
7673,7,18,4375.50,2026-08-29 17:55:00,SUCCESS
7674,5,13,437.70,2026-08-16 16:13:00,FAILED
7675,3,12,3664.40,2026-08-11 07:59:00,FAILED
7676,8,6,654.00,2026-08-16 05:52:00,SUCCESS
7677,5,13,4051.60,2026-08-26 02:38:00,PENDING
7678,6,7,520.50,2026-08-02 05:19:00,REFUNDED
7679,7,12,4825.30,2026-08-06 13:50:00,PENDING
7680,6,10,4838.70,2026-08-27 18:00:00,FAILED
7681,10,18,2531.20,2026-08-15 16:35:00,FAILED
7682,1,5,2526.80,2026-08-30 23:16:00,SUCCESS
7683,8,2,470.00,2026-08-13 17:22:00,REFUNDED
7684,3,18,3799.80,2026-08-05 11:14:00,FAILED
7685,4,3,1125.20,2026-08-31 01:00:00,SUCCESS
7686,1,12,768.80,2026-08-07 00:38:00,SUCCESS
7687,1,13,4492.10,2026-08-24 17:35:00,PENDING
7688,5,4,2711.00,2026-08-27 07:25:00,SUCCESS
7689,4,8,3447.70,2026-08-17 21:50:00,SUCCESS
7690,6,7,2742.50,2026-08-22 14:51:00,FAILED
7691,10,14,2355.10,2026-08-04 03:52:00,PENDING
7692,3,20,2260.40,2026-08-22 17:42:00,PENDING
7693,7,20,4003.40,2026-08-29 09:30:00,PENDING
7694,7,18,1578.40,2026-08-20 14:13:00,FAILED
7695,2,2,1039.10,2026-08-07 17:16:00,PENDING
7696,1,17,1408.50,2026-08-01 19:12:00,SUCCESS
7697,9,17,2322.00,2026-08-01 22:32:00,SUCCESS
7698,2,16,429.80,2026-08-15 11:41:00,REFUNDED
7699,4,17,2882.30,2026-08-05 18:26:00,FAILED
7700,10,5,3661.70,2026-08-25 06:45:00,REFUNDED
7701,5,12,1749.60,2026-08-22 15:36:00,FAILED
7702,9,13,1819.20,2026-08-30 06:55:00,FAILED
7703,2,11,530.90,2026-08-27 13:59:00,PENDING
7704,1,11,4933.10,2026-08-13 05:55:00,REFUNDED
7705,9,18,4130.50,2026-08-04 23:34:00,REFUNDED
7706,4,18,2623.80,2026-08-20 18:29:00,PENDING
7707,9,1,4462.60,2026-08-22 19:53:00,SUCCESS
7708,2,9,1269.80,2026-08-04 08:47:00,FAILED
7709,10,13,1668.50,2026-08-16 13:53:00,REFUNDED
7710,2,10,3422.30,2026-08-09 10:37:00,FAILED
7711,6,18,145.20,2026-08-17 12:48:00,REFUNDED
7712,10,7,246.10,2026-08-15 07:54:00,REFUNDED
7713,8,19,3787.80,2026-08-11 21:27:00,PENDING
7714,4,6,3455.30,2026-08-30 09:22:00,PENDING
7715,6,12,849.10,2026-08-15 12:51:00,FAILED
7716,5,13,2156.80,2026-08-21 10:27:00,PENDING
7717,5,2,4479.40,2026-08-31 05:38:00,SUCCESS
7718,3,17,1083.60,2026-08-04 05:21:00,REFUNDED
7719,9,20,2716.10,2026-08-28 16:07:00,FAILED
7720,9,14,1311.90,2026-08-06 06:08:00,REFUNDED
7721,6,3,3105.10,2026-08-10 05:37:00,FAILED
7722,9,13,293.60,2026-08-23 07:52:00,SUCCESS
7723,7,4,3579.60,2026-08-14 20:58:00,FAILED
7724,1,4,4773.30,2026-08-18 06:47:00,FAILED
7725,3,8,4166.70,2026-08-23 09:00:00,FAILED
7726,10,8,1950.10,2026-08-28 05:30:00,FAILED
7727,6,7,4177.10,2026-08-25 02:52:00,SUCCESS
7728,6,5,4319.80,2026-08-02 06:04:00,PENDING
7729,8,15,507.20,2026-08-11 06:07:00,SUCCESS
7730,2,13,4408.80,2026-08-10 11:00:00,REFUNDED
7731,1,1,NOT_A_NUMBER,2026-08-01 12:00:00,SUCCESS
7732,4,10,3677.40,2026-08-02 07:23:00,SUCCESS
7733,2,7,4943.70,2026-08-11 13:19:00,REFUNDED
7734,8,14,180.90,2026-08-07 18:34:00,FAILED
7735,3,10,713.60,2026-08-20 15:02:00,REFUNDED
7736,9,7,3723.40,2026-08-23 12:07:00,SUCCESS
7737,6,11,1805.50,2026-08-10 09:04:00,PENDING
7738,5,1,4387.60,2026-08-01 09:16:00,SUCCESS
7739,10,5,4983.10,2026-08-07 04:19:00,SUCCESS
7740,3,3,688.20,2026-08-18 11:22:00,FAILED
7741,5,5,1096.80,2026-08-23 14:33:00,FAILED
7742,9,19,543.80,2026-08-19 11:19:00,PENDING
7743,4,18,1380.90,2026-08-08 22:24:00,PENDING
7744,10,16,1328.10,2026-08-22 12:39:00,REFUNDED
7745,7,4,830.40,2026-08-21 18:51:00,SUCCESS
7746,3,13,2306.60,2026-08-22 05:11:00,FAILED
7747,10,18,232.60,2026-08-12 08:58:00,PENDING
7748,1,6,4937.30,2026-08-07 08:27:00,SUCCESS
7749,8,2,4959.00,2026-08-27 13:29:00,FAILED
7750,10,16,2584.40,2026-08-15 07:29:00,REFUNDED
7751,1,3,2588.10,2026-08-19 20:21:00,REFUNDED
7752,5,12,2701.80,2026-08-23 05:38:00,REFUNDED
7753,4,18,4023.10,2026-08-20 18:33:00,SUCCESS
7754,9,16,952.20,2026-08-24 15:26:00,PENDING
7755,4,3,2059.30,2026-08-15 10:16:00,SUCCESS
7756,7,11,4523.60,2026-08-05 12:35:00,REFUNDED
7757,4,10,3788.80,2026-08-31 04:54:00,PENDING
7758,6,5,2322.10,2026-08-25 14:44:00,SUCCESS
7759,4,10,4006.10,2026-08-21 06:04:00,PENDING
7760,9,12,186.50,2026-08-23 12:34:00,REFUNDED
7761,4,13,1058.90,2026-08-31 05:04:00,REFUNDED
7762,2,8,2776.40,2026-08-15 14:48:00,FAILED
7763,2,17,296.80,2026-08-02 12:57:00,FAILED
7764,6,2,3217.40,2026-08-15 01:29:00,PENDING
7765,10,5,1759.00,2026-08-16 14:46:00,PENDING
7766,7,18,3783.80,2026-08-07 10:35:00,FAILED
7767,3,11,3553.90,2026-08-18 21:31:00,PENDING
7768,5,16,4291.50,2026-08-12 17:19:00,PENDING
7769,2,6,3542.20,2026-08-11 23:08:00,FAILED
7770,10,18,2395.40,2026-08-02 07:12:00,SUCCESS
7771,4,5,4768.30,2026-08-17 02:10:00,FAILED
7772,5,2,4118.20,2026-08-16 03:37:00,FAILED
7773,9,15,2494.70,2026-08-14 19:19:00,REFUNDED
7774,5,11,1075.10,2026-08-08 02:27:00,REFUNDED
7775,10,14,2721.00,2026-08-11 05:13:00,SUCCESS
7776,1,1,NOT_A_NUMBER,2026-08-01 12:00:00,SUCCESS
7777,8,8,3180.30,2026-08-09 21:24:00,REFUNDED
7778,7,17,4472.40,2026-08-08 04:31:00,PENDING
7779,2,6,2000.60,2026-08-13 15:14:00,REFUNDED
7780,4,19,439.20,2026-08-14 07:44:00,SUCCESS
7781,10,3,1851.50,2026-08-05 09:22:00,PENDING
7782,5,8,2610.30,2026-08-29 05:31:00,PENDING
7783,7,9,1962.90,2026-08-28 04:54:00,PENDING
7784,5,19,4129.40,2026-08-18 11:17:00,SUCCESS
7785,7,20,2869.20,2026-08-13 21:28:00,SUCCESS
7786,9,2,994.50,2026-08-05 09:25:00,REFUNDED
7787,10,9,3860.90,2026-08-15 21:01:00,REFUNDED
7788,3,10,1966.60,2026-08-20 21:18:00,FAILED
7789,2,11,3501.60,2026-08-21 01:21:00,PENDING
7790,1,1,5000,2026-08-01 12:00:00,UNKNOWN_STATUS
7791,6,16,3149.50,2026-08-31 02:37:00,REFUNDED
7792,5,19,3865.90,2026-08-21 04:37:00,FAILED
7793,1,2,1283.70,2026-08-24 09:40:00,PENDING
7794,5,18,1547.20,2026-08-08 03:28:00,REFUNDED
7795,3,16,4219.80,2026-08-27 06:49:00,SUCCESS
7796,9,18,4316.90,2026-08-28 06:40:00,REFUNDED
7797,3,12,3287.90,2026-08-02 22:40:00,SUCCESS
7798,9,16,2780.30,2026-08-13 07:27:00,PENDING
7799,5,10,3362.60,2026-08-31 05:52:00,SUCCESS
7800,3,20,2323.00,2026-08-26 23:20:00,SUCCESS
7801,9,5,3105.40,2026-08-23 04:48:00,REFUNDED
7802,6,18,2023.20,2026-08-08 15:48:00,PENDING
7803,6,18,2173.10,2026-08-03 01:32:00,PENDING
7804,2,5,4797.70,2026-08-03 13:54:00,SUCCESS
7805,10,1,4672.80,2026-08-20 22:16:00,REFUNDED
7806,4,14,82.60,2026-08-10 15:02:00,SUCCESS
7807,1,19,2655.70,2026-08-05 21:42:00,PENDING
7808,6,1,345.30,2026-08-06 14:21:00,SUCCESS
7809,6,8,154.60,2026-08-05 09:40:00,REFUNDED
7810,7,17,3861.70,2026-08-28 12:01:00,REFUNDED
7811,10,7,67.00,2026-08-11 03:03:00,REFUNDED
7812,1,13,1513.10,2026-08-26 11:14:00,SUCCESS
7813,1,1,1091.70,2026-08-20 00:34:00,PENDING
7814,3,18,4576.80,2026-08-19 02:34:00,PENDING
7815,10,16,1847.80,2026-08-17 01:35:00,FAILED
7816,9,2,4182.60,2026-08-25 14:25:00,PENDING
7817,2,9,3561.70,2026-08-10 09:18:00,FAILED
7818,6,1,1078.10,2026-08-30 22:37:00,REFUNDED
7819,10,17,4854.90,2026-08-25 19:43:00,PENDING
7820,10,15,4447.30,2026-08-15 23:30:00,PENDING
7821,8,15,1178.40,2026-08-07 01:19:00,REFUNDED
7822,8,9,99.20,2026-08-25 17:01:00,REFUNDED
7823,2,19,3646.00,2026-08-02 16:02:00,SUCCESS
7824,1,14,607.10,2026-08-27 16:07:00,SUCCESS
7825,6,1,1841.70,2026-08-22 23:02:00,REFUNDED
7826,8,10,1829.40,2026-08-05 05:08:00,FAILED
7827,8,2,4059.70,2026-08-30 12:00:00,FAILED
7828,2,19,1529.40,2026-08-06 13:23:00,REFUNDED
7829,3,7,1098.70,2026-08-25 20:02:00,PENDING
7830,1,10,3030.50,2026-08-15 18:57:00,PENDING
7831,9,15,2539.60,2026-08-10 19:23:00,PENDING
7832,1,18,3255.60,2026-08-23 13:38:00,PENDING
7833,4,14,2271.20,2026-08-01 16:18:00,FAILED
7834,9,14,2662.60,2026-08-03 21:12:00,SUCCESS
7835,1,13,1380.80,2026-08-17 16:49:00,SUCCESS
7836,5,12,4373.80,2026-08-26 01:32:00,SUCCESS
7837,5,11,1798.00,2026-08-22 06:49:00,REFUNDED
7838,1,18,4959.10,2026-08-21 10:58:00,REFUNDED
7839,1,10,4572.80,2026-08-22 05:32:00,SUCCESS
7840,5,6,1962.00,2026-08-13 04:18:00,REFUNDED
7841,9,18,1696.70,2026-08-26 17:17:00,PENDING
7842,3,16,1395.00,2026-08-14 11:44:00,FAILED
7843,5,12,4330.10,2026-08-22 00:12:00,REFUNDED
7844,3,5,4891.30,2026-08-15 11:34:00,REFUNDED
7845,5,14,1807.80,2026-08-03 13:56:00,PENDING
7846,6,11,1486.40,2026-08-10 22:37:00,REFUNDED
7847,8,19,3930.80,2026-08-15 21:43:00,PENDING
7848,1,3,4584.20,2026-08-04 23:39:00,FAILED
7849,4,17,815.30,2026-08-12 06:13:00,FAILED
7850,5,15,537.60,2026-08-21 15:09:00,FAILED
7851,6,13,3284.30,2026-08-30 18:42:00,FAILED
7852,2,8,812.30,2026-08-17 10:32:00,PENDING
7853,5,13,4286.90,2026-08-12 23:38:00,FAILED
7854,6,17,1114.00,2026-08-19 08:49:00,FAILED
7855,2,12,2778.10,2026-08-22 19:30:00,FAILED
7856,8,8,4674.40,2026-08-07 10:19:00,PENDING
7857,1,17,3591.50,2026-08-21 18:53:00,FAILED
7858,2,14,74.50,2026-08-16 17:29:00,FAILED
7859,10,5,4543.90,2026-08-18 05:48:00,REFUNDED
7860,9,7,3747.50,2026-08-30 20:16:00,REFUNDED
7861,10,11,1827.80,2026-08-06 02:44:00,REFUNDED
7862,2,20,1013.40,2026-08-25 18:01:00,SUCCESS
7863,4,18,206.60,2026-08-29 11:18:00,PENDING
7864,4,12,3753.40,2026-08-21 22:00:00,SUCCESS
7865,5,17,2629.60,2026-08-02 16:31:00,REFUNDED
7866,9,13,3712.20,2026-08-11 08:04:00,SUCCESS
7867,2,18,900.00,2026-08-04 12:18:00,SUCCESS
7868,9,18,555.40,2026-08-25 16:38:00,SUCCESS
7869,1,11,1944.60,2026-08-23 19:43:00,SUCCESS
7870,10,2,3903.20,2026-08-28 07:22:00,SUCCESS
7871,4,13,1175.90,2026-08-10 07:48:00,REFUNDED
7872,8,10,1217.70,2026-08-21 23:09:00,REFUNDED
7873,3,16,2415.30,2026-08-21 00:27:00,FAILED
7874,4,10,303.60,2026-08-26 03:37:00,SUCCESS
7875,1,12,309.80,2026-08-04 09:50:00,SUCCESS
7876,9,6,4959.20,2026-08-08 10:24:00,SUCCESS
7877,2,9,56.50,2026-08-25 01:50:00,REFUNDED
7878,4,15,4744.40,2026-08-13 11:22:00,FAILED
7879,8,19,1179.00,2026-08-16 23:30:00,REFUNDED
7880,10,5,3994.00,2026-08-26 21:51:00,PENDING
7881,6,7,2263.20,2026-08-04 21:30:00,FAILED
7882,4,13,3150.90,2026-08-05 15:57:00,PENDING
7883,2,15,4509.00,2026-08-16 23:26:00,FAILED
7884,9,16,4884.70,2026-08-06 13:37:00,SUCCESS
7885,4,11,1247.30,2026-08-15 19:38:00,REFUNDED
7886,10,14,1620.40,2026-08-24 19:31:00,FAILED
7887,9,19,1454.10,2026-08-13 22:05:00,REFUNDED
7888,9,12,4505.90,2026-08-18 11:53:00,REFUNDED
7889,4,2,3591.60,2026-08-14 13:19:00,REFUNDED
7890,7,7,1347.50,2026-08-16 22:47:00,SUCCESS
7891,9,18,484.50,2026-08-12 07:14:00,PENDING
7892,4,15,1335.00,2026-08-23 02:35:00,SUCCESS
7893,4,8,2226.80,2026-08-25 13:51:00,REFUNDED
7894,9,12,3459.20,2026-08-30 06:13:00,PENDING
7895,8,10,3656.10,2026-08-13 06:49:00,FAILED
7896,3,1,2052.90,2026-08-03 02:14:00,FAILED
7897,2,5,1464.60,2026-08-26 04:13:00,SUCCESS
7898,6,9,4544.50,2026-08-30 21:55:00,PENDING
7899,8,2,1602.30,2026-08-04 00:10:00,REFUNDED
7900,5,6,548.70,2026-08-23 21:18:00,SUCCESS
7901,9,9,1999.20,2026-08-07 13:57:00,SUCCESS
7902,7,12,1619.70,2026-08-29 18:56:00,SUCCESS
7903,9,13,167.30,2026-08-21 10:56:00,PENDING
7904,1,18,1980.30,2026-08-16 23:32:00,PENDING
7905,8,2,345.30,2026-08-14 17:25:00,SUCCESS
7906,3,9,1815.20,2026-08-05 22:48:00,FAILED
7907,7,17,2905.20,2026-08-07 22:27:00,PENDING
7908,7,13,4528.50,2026-08-18 17:30:00,SUCCESS
7909,3,12,2830.30,2026-08-27 06:47:00,PENDING
7910,10,2,3997.30,2026-08-21 14:23:00,PENDING
7911,9,1,4031.00,2026-08-05 06:57:00,FAILED
7912,6,8,4167.70,2026-08-28 21:24:00,PENDING
7913,6,16,3118.70,2026-08-20 06:51:00,REFUNDED
7914,9,10,2303.10,2026-08-19 20:47:00,PENDING
7915,1,10,3558.10,2026-08-23 01:27:00,REFUNDED
7916,10,18,2130.00,2026-08-05 03:12:00,SUCCESS
7917,8,17,3235.00,2026-08-16 04:15:00,FAILED
7918,5,15,4688.00,2026-08-21 22:22:00,PENDING
7919,3,11,349.10,2026-08-24 16:46:00,REFUNDED
7920,10,10,671.80,2026-08-24 13:01:00,REFUNDED
7921,3,16,2941.10,2026-08-31 02:54:00,SUCCESS
7922,6,14,969.40,2026-08-11 19:15:00,SUCCESS
7923,4,11,2015.80,2026-08-12 21:28:00,REFUNDED
7924,3,19,1740.10,2026-08-07 02:17:00,SUCCESS
7925,7,11,1994.00,2026-08-12 17:52:00,SUCCESS
7926,5,12,4352.20,2026-08-14 15:45:00,PENDING
7927,9,5,4218.40,2026-08-16 15:57:00,PENDING
7928,9,12,4319.10,2026-08-15 10:49:00,FAILED
7929,6,14,799.80,2026-08-18 05:25:00,FAILED
7930,9,16,3509.40,2026-08-19 21:40:00,PENDING
7931,4,15,4285.70,2026-08-09 02:26:00,REFUNDED
7932,3,20,609.00,2026-08-19 22:45:00,FAILED
7933,3,5,966.90,2026-08-17 17:34:00,FAILED
7934,10,13,2902.80,2026-08-04 12:45:00,REFUNDED
7935,7,15,2303.90,2026-08-02 09:14:00,FAILED
7936,7,3,1131.40,2026-08-12 14:26:00,REFUNDED
7937,3,1,439.10,2026-08-20 11:41:00,REFUNDED
7938,2,14,858.20,2026-08-29 04:44:00,PENDING
7939,10,1,4211.30,2026-08-12 06:11:00,FAILED
7940,8,10,4778.00,2026-08-10 20:48:00,FAILED
7941,9,20,421.00,2026-08-22 16:55:00,REFUNDED
7942,10,13,4476.50,2026-08-14 21:20:00,FAILED
7943,6,14,1028.10,2026-08-25 00:27:00,SUCCESS
7944,10,8,4269.30,2026-08-28 09:51:00,FAILED
7945,5,17,3108.60,2026-08-07 02:38:00,REFUNDED
7946,4,2,2726.30,2026-08-09 12:26:00,PENDING
7947,1,18,411.40,2026-08-29 23:40:00,PENDING
7948,2,5,939.70,2026-08-24 01:29:00,SUCCESS
7949,6,3,1048.10,2026-08-15 05:23:00,PENDING
7950,2,14,529.80,2026-08-19 16:13:00,FAILED
7951,10,10,882.60,2026-08-30 11:30:00,PENDING
7952,2,3,1351.00,2026-08-25 15:50:00,REFUNDED
7953,6,18,2644.20,2026-08-20 05:52:00,SUCCESS
7954,5,9,1237.70,2026-08-08 05:22:00,PENDING
7955,8,9,189.10,2026-08-23 16:00:00,REFUNDED
7956,1,2,2554.30,2026-08-21 09:21:00,FAILED
7957,8,14,3377.70,2026-08-15 19:41:00,REFUNDED
7958,8,4,4525.60,2026-08-04 21:11:00,SUCCESS
7959,9,7,4482.70,2026-08-02 16:06:00,FAILED
7960,4,7,3807.20,2026-08-26 15:02:00,FAILED
7961,7,4,2451.20,2026-08-02 19:45:00,PENDING
7962,4,12,2488.80,2026-08-06 16:17:00,SUCCESS
7963,4,8,4376.20,2026-08-10 18:00:00,REFUNDED
7964,10,19,1607.70,2026-08-13 19:59:00,SUCCESS
7965,3,14,4103.50,2026-08-08 14:23:00,FAILED
7966,8,4,4240.80,2026-08-30 23:00:00,FAILED
7967,8,17,1052.60,2026-08-23 22:27:00,FAILED
7968,9,3,2405.40,2026-08-03 13:23:00,SUCCESS
7969,5,17,2129.30,2026-08-18 15:48:00,SUCCESS
7970,7,4,2940.60,2026-08-19 21:02:00,PENDING
7971,7,4,2061.40,2026-08-29 07:49:00,PENDING
7972,1,8,2195.60,2026-08-28 11:18:00,SUCCESS
7973,7,11,783.30,2026-08-14 03:26:00,SUCCESS
7974,2,20,1732.70,2026-08-19 15:48:00,PENDING
7975,6,4,3762.00,2026-08-23 13:45:00,SUCCESS
7976,3,6,2852.60,2026-08-19 15:21:00,SUCCESS
7977,2,1,3036.40,2026-08-07 21:16:00,SUCCESS
7978,6,6,1592.70,2026-08-05 21:37:00,FAILED
7979,5,7,811.80,2026-08-16 19:46:00,REFUNDED
7980,9,10,808.80,2026-08-20 06:09:00,SUCCESS
7981,9,20,2097.20,2026-08-18 18:16:00,FAILED
7982,9,3,4574.40,2026-08-19 20:57:00,REFUNDED
7983,7,4,4167.50,2026-08-08 23:41:00,FAILED
7984,6,1,444.20,2026-08-16 05:30:00,REFUNDED
7985,2,13,4993.90,2026-08-03 09:36:00,REFUNDED
7986,9,16,260.40,2026-08-13 20:14:00,FAILED
7987,4,13,2908.20,2026-08-25 13:06:00,SUCCESS
7988,7,4,3757.10,2026-08-31 03:18:00,REFUNDED
7989,2,3,2554.30,2026-08-03 10:20:00,PENDING
7990,5,12,3938.80,2026-08-27 07:11:00,SUCCESS
7991,7,8,1861.30,2026-08-08 05:19:00,SUCCESS
7992,10,16,2383.90,2026-08-13 13:57:00,REFUNDED
7993,2,5,2664.30,2026-08-12 02:33:00,REFUNDED
7994,3,12,280.60,2026-08-23 16:26:00,PENDING
7995,8,18,4235.70,2026-08-12 10:15:00,FAILED
7996,5,15,1440.60,2026-08-23 23:22:00,FAILED
7997,4,5,4816.20,2026-08-14 17:22:00,SUCCESS
7998,1,13,1395.60,2026-08-15 22:23:00,FAILED
7999,8,3,3539.90,2026-08-03 15:49:00,SUCCESS
8000,8,19,4305.10,2026-08-07 16:10:00,REFUNDED
8001,1,16,3126.90,2026-08-29 23:19:00,REFUNDED
8002,1,11,1848.90,2026-08-11 11:10:00,FAILED
8003,6,4,3702.20,2026-08-23 22:06:00,REFUNDED
8004,10,2,3205.80,2026-08-17 09:42:00,FAILED
8005,6,20,4496.20,2026-08-28 04:56:00,REFUNDED
8006,4,19,576.20,2026-08-06 08:02:00,PENDING
8007,10,8,1123.30,2026-08-04 18:08:00,REFUNDED
8008,6,12,1018.90,2026-08-05 11:28:00,REFUNDED
8009,7,5,2019.80,2026-08-06 15:15:00,SUCCESS
8010,6,14,795.90,2026-08-15 06:37:00,SUCCESS
8011,1,11,2059.60,2026-08-17 06:41:00,FAILED
8012,3,20,2897.50,2026-08-03 17:30:00,FAILED
8013,8,16,937.00,2026-08-09 14:35:00,FAILED
8014,6,5,601.00,2026-08-27 17:43:00,SUCCESS
8015,4,17,599.10,2026-08-22 19:28:00,FAILED
8016,1,16,2097.90,2026-08-30 13:18:00,REFUNDED
8017,4,16,1394.80,2026-08-14 06:22:00,REFUNDED
8018,7,5,496.70,2026-08-30 21:56:00,FAILED
8019,10,8,2768.90,2026-08-29 12:54:00,PENDING
8020,9,7,2072.30,2026-08-09 15:58:00,FAILED
8021,2,15,629.60,2026-08-25 13:21:00,REFUNDED
8022,4,10,4744.10,2026-08-16 06:23:00,FAILED
8023,10,2,4950.00,2026-08-09 14:19:00,SUCCESS
8024,8,10,3501.40,2026-08-16 00:23:00,FAILED
8025,2,10,2252.40,2026-08-23 21:02:00,REFUNDED
8026,3,13,494.10,2026-08-08 00:01:00,SUCCESS
8027,2,11,4219.80,2026-08-21 19:51:00,REFUNDED
8028,2,2,4058.70,2026-08-07 10:12:00,PENDING
8029,9,11,2682.00,2026-08-27 13:09:00,FAILED
8030,5,16,4764.90,2026-08-27 13:49:00,FAILED
8031,8,9,1532.70,2026-08-14 20:22:00,SUCCESS
8032,8,2,3315.50,2026-08-02 21:12:00,REFUNDED
8033,3,9,4476.70,2026-08-16 13:27:00,SUCCESS
8034,8,12,2570.20,2026-08-11 09:00:00,PENDING
8035,6,4,4097.80,2026-08-22 22:42:00,PENDING
8036,5,15,688.70,2026-08-04 09:55:00,FAILED
8037,8,17,688.90,2026-08-06 03:35:00,PENDING
8038,4,17,1813.30,2026-08-09 05:25:00,FAILED
8039,7,12,4011.10,2026-08-27 10:16:00,REFUNDED
8040,4,6,1441.40,2026-08-27 18:41:00,PENDING
8041,10,17,404.90,2026-08-18 04:56:00,FAILED
8042,7,8,4319.20,2026-08-14 22:53:00,SUCCESS
8043,2,10,3049.70,2026-08-10 07:08:00,PENDING
8044,6,9,1549.60,2026-08-30 14:09:00,FAILED
8045,2,6,722.10,2026-08-28 16:03:00,FAILED
8046,8,6,4972.30,2026-08-25 20:17:00,FAILED
8047,7,15,3547.20,2026-08-06 12:46:00,PENDING
8048,5,16,4059.50,2026-08-22 08:40:00,SUCCESS
8049,7,11,1693.80,2026-08-28 00:06:00,FAILED
8050,2,1,3182.30,2026-08-03 14:46:00,FAILED
8051,4,3,697.40,2026-08-26 19:34:00,SUCCESS
8052,10,11,3053.50,2026-08-22 01:27:00,FAILED
8053,9,6,1096.00,2026-08-31 01:17:00,PENDING
8054,1,13,1889.30,2026-08-30 09:38:00,SUCCESS
8055,8,6,503.80,2026-08-22 04:32:00,SUCCESS
8056,6,1,4992.10,2026-08-31 03:42:00,FAILED
8057,7,12,3921.90,2026-08-26 06:28:00,SUCCESS
8058,9,16,2491.80,2026-08-07 01:54:00,PENDING
8059,9,16,4963.10,2026-08-12 21:03:00,REFUNDED
8060,1,9,958.40,2026-08-04 15:42:00,REFUNDED
8061,2,16,2098.90,2026-08-25 13:14:00,PENDING
8062,2,1,2017.40,2026-08-06 15:56:00,SUCCESS
8063,8,16,2956.00,2026-08-20 01:16:00,FAILED
8064,10,15,2154.70,2026-08-20 06:04:00,SUCCESS
8065,10,12,2601.90,2026-08-23 21:46:00,PENDING
8066,8,14,4738.50,2026-08-11 01:57:00,FAILED
8067,7,8,4698.90,2026-08-23 17:42:00,FAILED
8068,1,3,3948.10,2026-08-10 20:45:00,PENDING
8069,3,12,756.10,2026-08-22 08:53:00,PENDING
8070,9,11,1083.50,2026-08-22 15:57:00,PENDING
8071,5,17,3878.50,2026-08-08 00:10:00,REFUNDED
8072,1,2,372.00,2026-08-19 15:55:00,REFUNDED
8073,5,3,1023.30,2026-08-27 23:38:00,SUCCESS
8074,4,12,1987.20,2026-08-24 13:51:00,PENDING
8075,5,4,3432.80,2026-08-03 23:42:00,SUCCESS
8076,3,6,3810.20,2026-08-14 07:00:00,PENDING
8077,2,12,4686.70,2026-08-08 02:24:00,REFUNDED
8078,1,4,4223.40,2026-08-08 14:29:00,PENDING
8079,4,6,1047.00,2026-08-28 14:16:00,PENDING
8080,6,15,4198.30,2026-08-04 03:16:00,FAILED
8081,10,19,1810.10,2026-08-22 09:35:00,REFUNDED
8082,7,3,986.30,2026-08-07 03:39:00,SUCCESS
8083,4,3,4131.30,2026-08-24 01:47:00,FAILED
8084,7,7,1315.80,2026-08-04 11:32:00,SUCCESS
8085,6,6,2914.40,2026-08-03 12:07:00,REFUNDED
8086,5,14,4248.40,2026-08-13 06:18:00,PENDING
8087,1,3,4629.60,2026-08-16 20:33:00,FAILED
8088,8,8,1335.80,2026-08-13 22:54:00,REFUNDED
8089,7,11,2483.70,2026-08-14 22:46:00,REFUNDED
8090,7,14,1651.10,2026-08-12 00:56:00,PENDING
8091,1,100.00
8092,3,18,1000.90,2026-08-20 15:11:00,REFUNDED
8093,10,12,922.50,2026-08-09 16:21:00,PENDING
8094,4,16,273.30,2026-08-18 15:59:00,PENDING
8095,1,11,507.60,2026-08-27 17:09:00,SUCCESS
8096,1,8,2424.60,2026-08-15 23:01:00,SUCCESS
8097,2,14,4290.90,2026-08-11 08:13:00,PENDING
8098,7,18,4041.20,2026-08-07 13:34:00,SUCCESS
8099,10,14,4304.80,2026-08-22 11:29:00,FAILED
8100,3,17,295.60,2026-08-15 02:35:00,FAILED
8101,8,20,2687.40,2026-08-11 02:34:00,REFUNDED
8102,1,8,3122.20,2026-08-25 05:32:00,PENDING
8103,6,17,2765.00,2026-08-24 19:50:00,REFUNDED
8104,1,9,1658.60,2026-08-11 15:53:00,SUCCESS
8105,3,13,4571.30,2026-08-24 08:11:00,PENDING
8106,5,1,1919.10,2026-08-11 10:59:00,REFUNDED
8107,2,5,1546.40,2026-08-26 12:01:00,SUCCESS
8108,1,15,2482.20,2026-08-21 22:03:00,FAILED
8109,4,1,3054.30,2026-08-19 07:12:00,FAILED
8110,4,20,4098.20,2026-08-16 20:35:00,SUCCESS
8111,2,11,3763.80,2026-08-25 14:20:00,REFUNDED
8112,8,8,2546.20,2026-08-24 17:10:00,FAILED
8113,2,14,778.90,2026-08-28 15:48:00,PENDING
8114,2,6,419.20,2026-08-20 22:27:00,FAILED
8115,8,13,4707.80,2026-08-24 18:00:00,PENDING
8116,1,9,2300.60,2026-08-29 21:15:00,REFUNDED
8117,3,16,1537.60,2026-08-02 04:07:00,FAILED
8118,4,11,1223.90,2026-08-18 20:43:00,FAILED
8119,10,4,3352.50,2026-08-08 12:04:00,REFUNDED
8120,7,4,4364.70,2026-08-23 07:51:00,REFUNDED
8121,9,15,4309.00,2026-08-10 20:01:00,SUCCESS
8122,10,6,4788.40,2026-08-16 04:05:00,SUCCESS
8123,9,18,3723.20,2026-08-26 08:07:00,PENDING
8124,2,5,4299.80,2026-08-10 09:20:00,FAILED
8125,8,7,2865.70,2026-08-20 04:23:00,SUCCESS
8126,2,20,1287.70,2026-08-30 23:18:00,REFUNDED
8127,4,7,2829.20,2026-08-09 02:40:00,PENDING
8128,9,20,4544.40,2026-08-23 13:48:00,SUCCESS
8129,9,15,2012.50,2026-08-29 19:12:00,PENDING
8130,9,4,4783.80,2026-08-07 18:23:00,FAILED
8131,5,6,4267.40,2026-08-06 14:26:00,SUCCESS
8132,2,7,3928.20,2026-08-10 10:35:00,SUCCESS
8133,9,1,3653.70,2026-08-30 01:44:00,REFUNDED
8134,6,16,2552.00,2026-08-15 21:17:00,REFUNDED
8135,3,17,4127.70,2026-08-07 16:18:00,SUCCESS
8136,1,10,4766.50,2026-08-28 02:40:00,PENDING
8137,4,8,2387.80,2026-08-29 15:12:00,PENDING
8138,6,19,2226.90,2026-08-06 05:31:00,REFUNDED
8139,10,4,2925.40,2026-08-17 11:19:00,FAILED
8140,9,7,764.20,2026-08-22 08:58:00,PENDING
8141,4,16,1855.30,2026-08-31 07:29:00,REFUNDED
8142,7,7,984.30,2026-08-29 03:43:00,PENDING
8143,3,4,2655.60,2026-08-23 02:50:00,FAILED
8144,4,13,482.00,2026-08-26 13:11:00,REFUNDED
8145,9,4,4251.20,2026-08-03 04:47:00,REFUNDED
8146,7,3,4566.40,2026-08-18 20:11:00,REFUNDED
8147,1,1,5000,2026-08-01 12:00:00,UNKNOWN_STATUS
8148,10,11,191.00,2026-08-01 23:32:00,FAILED
8149,4,2,4409.70,2026-08-27 03:17:00,PENDING
8150,1,11,4790.60,2026-08-03 02:42:00,SUCCESS
8151,7,9,3722.80,2026-08-14 20:20:00,FAILED
8152,6,8,3843.90,2026-08-04 19:04:00,SUCCESS
8153,10,17,2882.80,2026-08-28 04:40:00,REFUNDED
8154,8,5,1715.60,2026-08-04 03:13:00,FAILED
8155,10,5,1005.50,2026-08-02 12:34:00,FAILED
8156,10,18,2612.00,2026-08-16 12:43:00,SUCCESS
8157,6,19,1090.50,2026-08-06 00:26:00,PENDING
8158,9,18,4476.00,2026-08-24 17:38:00,FAILED
8159,6,5,2714.40,2026-08-09 01:15:00,REFUNDED
8160,3,5,3181.50,2026-08-02 19:43:00,REFUNDED
8161,6,17,3094.20,2026-08-18 05:57:00,REFUNDED
8162,5,1,2593.20,2026-08-11 20:08:00,SUCCESS
8163,6,10,355.70,2026-08-22 03:09:00,REFUNDED
8164,5,4,2699.20,2026-08-01 20:22:00,SUCCESS
8165,2,13,3310.90,2026-08-29 19:04:00,SUCCESS
8166,7,11,741.60,2026-08-06 06:17:00,PENDING
8167,4,9,293.10,2026-08-19 11:02:00,SUCCESS
8168,4,8,4578.10,2026-08-15 02:44:00,FAILED
8169,6,9,3124.80,2026-08-25 11:29:00,REFUNDED
8170,5,4,2531.70,2026-08-08 20:09:00,REFUNDED
8171,1,19,3493.70,2026-08-16 13:59:00,FAILED
8172,5,9,663.50,2026-08-27 11:36:00,PENDING
8173,2,13,4623.10,2026-08-31 03:36:00,SUCCESS
8174,9,16,3449.80,2026-08-01 10:35:00,PENDING
8175,3,11,2843.00,2026-08-17 10:40:00,FAILED
8176,7,11,2142.70,2026-08-06 11:42:00,REFUNDED
8177,7,6,2594.60,2026-08-11 20:59:00,FAILED
8178,8,18,1477.80,2026-08-30 12:17:00,PENDING
8179,5,6,4922.50,2026-08-17 09:38:00,REFUNDED
8180,7,1,3756.70,2026-08-22 06:43:00,SUCCESS
8181,10,9,2269.20,2026-08-05 17:23:00,REFUNDED
8182,6,13,4748.20,2026-08-23 20:50:00,REFUNDED
8183,2,6,1398.10,2026-08-25 09:39:00,FAILED
8184,9,10,659.40,2026-08-27 14:56:00,FAILED
8185,6,15,713.90,2026-08-08 08:29:00,PENDING
8186,9,7,4756.30,2026-08-09 09:11:00,SUCCESS
8187,7,11,1228.10,2026-08-07 11:38:00,REFUNDED
8188,1,7,1475.90,2026-08-06 00:00:00,SUCCESS
8189,10,8,4968.40,2026-08-30 05:57:00,PENDING
8190,5,9,4208.40,2026-08-17 12:27:00,FAILED
8191,5,7,4015.70,2026-08-29 09:29:00,FAILED
8192,1,8,3128.20,2026-08-25 15:43:00,SUCCESS
8193,5,10,3731.60,2026-08-25 13:38:00,FAILED
8194,1,1,4125.60,2026-08-20 13:34:00,SUCCESS
8195,1,4,616.50,2026-08-05 14:43:00,PENDING
8196,10,15,1106.20,2026-08-20 04:29:00,FAILED
8197,3,11,889.70,2026-08-01 19:20:00,REFUNDED
8198,3,20,4241.90,2026-08-24 06:19:00,FAILED
8199,4,5,3790.80,2026-08-10 04:41:00,SUCCESS
8200,4,19,4459.50,2026-08-29 00:09:00,REFUNDED
8201,9,20,4527.60,2026-08-13 06:54:00,PENDING
8202,2,17,95.30,2026-08-18 14:21:00,FAILED
8203,6,13,2227.20,2026-08-02 05:25:00,REFUNDED
8204,9,6,975.60,2026-08-09 22:56:00,PENDING
8205,3,3,3610.30,2026-08-19 19:54:00,SUCCESS
8206,4,2,4273.30,2026-08-28 23:30:00,REFUNDED
8207,3,2,191.60,2026-08-07 09:33:00,PENDING
8208,10,9,2775.20,2026-08-02 04:51:00,FAILED
8209,7,13,2396.80,2026-08-23 16:12:00,SUCCESS
8210,9,19,1150.80,2026-08-07 22:58:00,PENDING
8211,5,9,1421.30,2026-08-15 16:11:00,SUCCESS
8212,9,9,1727.90,2026-08-09 08:15:00,SUCCESS
8213,3,4,2338.80,2026-08-03 22:11:00,PENDING
8214,5,14,2019.10,2026-08-03 16:57:00,PENDING
8215,5,17,1395.10,2026-08-08 05:57:00,FAILED
8216,6,9,2956.30,2026-08-23 12:32:00,PENDING
8217,5,6,4253.00,2026-08-08 01:55:00,PENDING
8218,8,8,673.80,2026-08-16 13:59:00,PENDING
8219,5,5,4343.30,2026-08-09 05:32:00,SUCCESS
8220,8,1,1773.30,2026-08-01 10:00:00,FAILED
8221,6,12,1897.60,2026-08-21 18:05:00,REFUNDED
8222,6,16,607.80,2026-08-05 04:02:00,SUCCESS
8223,6,13,2023.00,2026-08-01 16:13:00,FAILED
8224,4,19,1758.80,2026-08-27 06:08:00,SUCCESS
8225,9,1,528.30,2026-08-16 23:18:00,FAILED
8226,8,20,1662.60,2026-08-16 10:23:00,PENDING
8227,10,13,3179.80,2026-08-04 15:33:00,SUCCESS
8228,3,18,4376.80,2026-08-08 18:26:00,REFUNDED
8229,6,16,3335.50,2026-08-22 19:28:00,PENDING
8230,7,11,3339.90,2026-08-25 14:13:00,SUCCESS
8231,4,20,3304.30,2026-08-04 02:46:00,FAILED
8232,7,16,3155.10,2026-08-05 22:01:00,PENDING
8233,5,3,1206.70,2026-08-24 21:28:00,PENDING
8234,7,12,905.70,2026-08-01 18:48:00,REFUNDED
8235,1,1,5000,INVALID_DATE_TIME,SUCCESS
8236,2,11,856.00,2026-08-28 07:41:00,FAILED
8237,5,15,1868.60,2026-08-24 21:59:00,FAILED
8238,10,3,2651.60,2026-08-24 13:53:00,SUCCESS
8239,1,19,342.40,2026-08-04 03:59:00,PENDING
8240,5,1,4764.30,2026-08-10 10:42:00,PENDING
8241,1,17,4204.80,2026-08-14 07:35:00,REFUNDED
8242,3,16,3384.30,2026-08-12 12:22:00,SUCCESS
8243,10,8,2715.60,2026-08-24 01:02:00,REFUNDED
8244,3,17,967.20,2026-08-15 05:46:00,PENDING
8245,5,12,3253.30,2026-08-29 02:30:00,SUCCESS
8246,5,15,3628.00,2026-08-16 14:41:00,FAILED
8247,1,8,2587.90,2026-08-10 04:55:00,PENDING
8248,3,4,1764.00,2026-08-22 00:49:00,SUCCESS
8249,7,13,1114.00,2026-08-24 20:04:00,FAILED
8250,3,9,1381.70,2026-08-04 19:06:00,SUCCESS
8251,5,2,917.10,2026-08-17 21:21:00,FAILED
8252,7,11,877.50,2026-08-29 04:22:00,PENDING
8253,5,12,2838.10,2026-08-05 12:10:00,PENDING
8254,4,1,3479.20,2026-08-17 06:24:00,FAILED
8255,10,16,357.20,2026-08-12 13:04:00,REFUNDED
8256,8,5,4352.40,2026-08-12 09:14:00,REFUNDED
8257,10,12,1200.20,2026-08-30 05:23:00,FAILED
8258,8,10,2665.10,2026-08-10 01:27:00,SUCCESS
8259,4,10,4836.90,2026-08-25 05:26:00,PENDING
8260,9,5,2176.30,2026-08-10 01:14:00,PENDING
8261,4,20,3159.20,2026-08-02 15:03:00,PENDING
8262,6,3,1677.10,2026-08-10 10:59:00,PENDING
8263,5,8,724.30,2026-08-21 02:45:00,SUCCESS
8264,9,10,5009.60,2026-08-06 08:55:00,REFUNDED
8265,6,2,1082.60,2026-08-21 14:01:00,SUCCESS
8266,8,10,1462.20,2026-08-27 23:09:00,PENDING
8267,5,17,2905.50,2026-08-03 10:20:00,PENDING
8268,7,3,4686.40,2026-08-11 10:43:00,FAILED
8269,7,18,75.40,2026-08-28 08:34:00,FAILED
8270,10,17,2578.20,2026-08-04 04:10:00,FAILED
8271,5,17,1994.10,2026-08-17 15:10:00,PENDING
8272,6,17,2700.90,2026-08-07 20:02:00,REFUNDED
8273,2,19,3756.40,2026-08-01 13:05:00,REFUNDED
8274,4,19,4378.50,2026-08-06 01:49:00,PENDING
8275,10,9,3726.40,2026-08-23 06:43:00,FAILED
8276,8,7,3754.50,2026-08-16 11:08:00,REFUNDED
8277,2,7,3663.10,2026-08-17 22:10:00,PENDING
8278,6,14,1367.70,2026-08-25 18:58:00,SUCCESS
8279,4,3,4300.10,2026-08-18 12:09:00,PENDING
8280,1,17,3186.00,2026-08-26 11:30:00,REFUNDED
8281,1,16,1482.10,2026-08-16 08:39:00,PENDING
8282,3,3,2228.60,2026-08-04 20:07:00,SUCCESS
8283,9,12,1949.20,2026-08-29 14:47:00,PENDING
8284,6,8,4683.30,2026-08-11 11:27:00,REFUNDED
8285,6,19,4791.60,2026-08-07 10:19:00,REFUNDED
8286,4,20,1672.20,2026-08-09 16:16:00,REFUNDED
8287,10,20,2282.50,2026-08-27 23:26:00,REFUNDED
8288,10,1,4603.20,2026-08-08 10:15:00,REFUNDED
8289,4,9,3861.60,2026-08-11 22:17:00,PENDING
8290,5,18,4618.60,2026-08-17 02:34:00,PENDING
8291,8,13,2103.00,2026-08-09 01:40:00,PENDING
8292,10,19,2495.00,2026-08-23 04:29:00,SUCCESS
8293,4,16,2543.50,2026-08-18 20:20:00,SUCCESS
8294,10,19,855.40,2026-08-15 06:42:00,SUCCESS
8295,6,16,3356.30,2026-08-16 05:01:00,PENDING
8296,7,10,1083.90,2026-08-18 23:50:00,SUCCESS
8297,5,13,503.30,2026-08-03 08:28:00,REFUNDED
8298,9,17,2972.10,2026-08-06 13:22:00,REFUNDED
8299,3,11,2259.70,2026-08-09 21:07:00,FAILED
8300,5,11,2764.10,2026-08-16 13:50:00,PENDING
8301,10,4,2940.90,2026-08-14 10:42:00,PENDING
8302,4,16,2768.40,2026-08-11 03:59:00,FAILED
8303,4,16,1272.60,2026-08-14 02:19:00,REFUNDED
8304,1,100.00
8305,4,10,3032.40,2026-08-20 22:26:00,REFUNDED
8306,10,4,819.70,2026-08-31 04:41:00,REFUNDED
8307,1,4,1357.20,2026-08-20 11:17:00,PENDING
8308,8,14,1627.10,2026-08-24 10:15:00,PENDING
8309,6,8,1758.20,2026-08-11 15:37:00,FAILED
8310,10,19,3750.50,2026-08-14 23:37:00,REFUNDED
8311,5,6,250.40,2026-08-08 10:12:00,PENDING
8312,4,17,961.40,2026-08-09 14:51:00,SUCCESS
8313,9,1,871.10,2026-08-12 01:12:00,SUCCESS
8314,2,20,4690.20,2026-08-24 06:53:00,REFUNDED
8315,5,12,643.00,2026-08-14 21:18:00,FAILED
8316,7,14,181.90,2026-08-29 19:18:00,REFUNDED
8317,10,15,2270.60,2026-08-05 10:16:00,REFUNDED
8318,4,16,4645.70,2026-08-10 06:16:00,FAILED
8319,10,12,3559.50,2026-08-11 22:09:00,REFUNDED
8320,6,16,882.60,2026-08-28 21:22:00,SUCCESS
8321,6,8,83.40,2026-08-24 00:48:00,REFUNDED
8322,2,15,815.80,2026-08-16 14:34:00,SUCCESS
8323,6,20,2354.80,2026-08-21 12:18:00,FAILED
8324,9,17,4184.90,2026-08-04 14:22:00,FAILED
8325,8,8,4912.90,2026-08-02 00:19:00,FAILED
8326,3,14,1089.60,2026-08-23 07:15:00,SUCCESS
8327,6,15,3883.20,2026-08-20 16:21:00,REFUNDED
8328,9,5,2944.30,2026-08-14 09:54:00,REFUNDED
8329,2,14,3907.30,2026-08-02 07:33:00,REFUNDED
8330,7,19,3949.20,2026-08-25 14:16:00,SUCCESS
8331,4,18,487.40,2026-08-22 12:53:00,FAILED
8332,3,14,1960.20,2026-08-06 09:50:00,FAILED
8333,8,11,4524.20,2026-08-28 04:01:00,PENDING
8334,1,5,3217.40,2026-08-04 03:38:00,FAILED
8335,7,11,726.60,2026-08-11 16:20:00,SUCCESS
8336,3,6,1370.30,2026-08-27 05:24:00,FAILED
8337,3,10,2679.70,2026-08-11 22:41:00,REFUNDED
8338,10,2,138.00,2026-08-24 05:13:00,SUCCESS
8339,3,1,2243.40,2026-08-25 03:54:00,PENDING
8340,5,18,901.10,2026-08-26 03:39:00,PENDING
8341,5,11,871.40,2026-08-14 04:00:00,PENDING
8342,1,3,2406.30,2026-08-29 14:44:00,SUCCESS
8343,9,13,4678.70,2026-08-27 15:13:00,SUCCESS
8344,2,5,2257.90,2026-08-28 23:57:00,REFUNDED
8345,4,10,3429.30,2026-08-24 11:24:00,SUCCESS
8346,5,17,1970.80,2026-08-11 22:07:00,SUCCESS
8347,10,15,1506.60,2026-08-15 16:25:00,REFUNDED
8348,3,6,3240.90,2026-08-27 11:47:00,FAILED
8349,3,16,2698.20,2026-08-11 17:04:00,FAILED
8350,9,17,4651.50,2026-08-10 06:41:00,SUCCESS
8351,10,12,1145.00,2026-08-29 21:07:00,SUCCESS
8352,3,10,4130.80,2026-08-02 20:53:00,SUCCESS
8353,10,9,3277.80,2026-08-15 19:54:00,REFUNDED
8354,9,10,3210.10,2026-08-22 03:59:00,REFUNDED
8355,10,1,307.90,2026-08-21 19:41:00,REFUNDED
8356,1,9,1608.10,2026-08-11 07:46:00,REFUNDED
8357,8,10,4026.60,2026-08-27 10:20:00,SUCCESS
8358,9,5,3130.80,2026-08-30 10:27:00,REFUNDED
8359,7,4,696.70,2026-08-26 05:22:00,REFUNDED
8360,3,16,2934.60,2026-08-04 17:27:00,REFUNDED
8361,9,8,4654.10,2026-08-06 20:37:00,PENDING
8362,4,20,4009.50,2026-08-05 03:51:00,FAILED
8363,9,13,4688.40,2026-08-03 20:44:00,SUCCESS
8364,2,15,4563.50,2026-08-18 09:13:00,FAILED
8365,7,7,3689.90,2026-08-27 00:15:00,SUCCESS
8366,2,18,3942.30,2026-08-13 16:58:00,SUCCESS
8367,3,6,2640.00,2026-08-21 00:14:00,REFUNDED
8368,5,4,3771.00,2026-08-02 21:40:00,PENDING
8369,5,11,3570.60,2026-08-05 23:36:00,SUCCESS
8370,8,19,3070.10,2026-08-27 15:26:00,REFUNDED
8371,7,10,3752.10,2026-08-14 22:46:00,FAILED
8372,3,4,4160.20,2026-08-31 01:08:00,FAILED
8373,9,2,685.00,2026-08-23 13:27:00,FAILED
8374,2,9,4838.90,2026-08-26 00:30:00,SUCCESS
8375,3,17,4099.30,2026-08-19 18:30:00,PENDING
8376,7,10,4685.60,2026-08-20 07:33:00,SUCCESS
8377,5,11,5039.30,2026-08-29 03:48:00,PENDING
8378,8,5,3959.50,2026-08-13 11:14:00,PENDING
8379,8,2,1040.10,2026-08-14 06:48:00,SUCCESS
8380,5,9,513.70,2026-08-10 14:16:00,FAILED
8381,6,14,499.40,2026-08-07 01:22:00,SUCCESS
8382,4,19,3597.40,2026-08-17 15:24:00,FAILED
8383,8,18,4448.40,2026-08-25 00:34:00,FAILED
8384,8,19,1621.10,2026-08-17 19:12:00,REFUNDED
8385,6,6,3309.00,2026-08-11 03:13:00,FAILED
8386,7,19,2375.90,2026-08-24 22:22:00,REFUNDED
8387,10,6,546.90,2026-08-03 01:55:00,PENDING
8388,7,12,721.90,2026-08-14 12:36:00,FAILED
8389,4,2,4834.50,2026-08-27 03:48:00,SUCCESS
8390,10,16,765.80,2026-08-09 13:58:00,SUCCESS
8391,6,1,3666.70,2026-08-11 12:51:00,PENDING
8392,8,15,3922.60,2026-08-30 01:03:00,REFUNDED
8393,1,1,5000,INVALID_DATE_TIME,SUCCESS
8394,5,16,2596.40,2026-08-09 02:51:00,FAILED
8395,10,20,4192.10,2026-08-30 17:28:00,REFUNDED
8396,10,3,164.70,2026-08-18 05:24:00,REFUNDED
8397,7,12,2094.80,2026-08-26 05:16:00,FAILED
8398,2,16,1725.70,2026-08-01 11:07:00,FAILED
8399,2,12,2880.10,2026-08-10 02:34:00,REFUNDED
8400,9,6,2018.70,2026-08-12 05:49:00,SUCCESS
8401,2,13,612.40,2026-08-03 08:32:00,REFUNDED
8402,9,5,4153.70,2026-08-22 10:05:00,SUCCESS
8403,8,6,1670.80,2026-08-06 17:55:00,SUCCESS
8404,7,18,2144.40,2026-08-27 02:13:00,REFUNDED
8405,3,15,3526.60,2026-08-08 14:22:00,PENDING
8406,3,7,4223.00,2026-08-29 08:42:00,PENDING
8407,6,6,503.40,2026-08-04 20:52:00,SUCCESS
8408,3,2,1162.10,2026-08-13 14:47:00,PENDING
8409,8,13,2854.90,2026-08-04 05:22:00,FAILED
8410,9,3,2502.10,2026-08-15 18:28:00,SUCCESS
8411,2,11,1754.40,2026-08-05 06:17:00,SUCCESS
8412,7,10,2775.50,2026-08-09 19:10:00,REFUNDED
8413,9,8,2301.80,2026-08-22 19:58:00,REFUNDED
8414,7,19,3802.70,2026-08-17 19:02:00,FAILED
8415,5,19,2465.40,2026-08-01 14:07:00,REFUNDED
8416,6,12,2405.20,2026-08-20 08:25:00,SUCCESS
8417,10,20,3030.80,2026-08-29 07:00:00,PENDING
8418,2,12,558.20,2026-08-27 09:58:00,FAILED
8419,1,5,215.00,2026-08-17 06:30:00,SUCCESS
8420,5,1,4696.50,2026-08-09 04:51:00,PENDING
8421,7,20,1219.70,2026-08-24 01:36:00,REFUNDED
8422,2,6,2295.20,2026-08-28 05:57:00,PENDING
8423,5,1,2015.90,2026-08-28 11:13:00,SUCCESS
8424,8,8,2955.00,2026-08-28 23:36:00,REFUNDED
8425,5,17,4773.90,2026-08-03 08:35:00,FAILED
8426,10,14,470.30,2026-08-23 12:03:00,FAILED
8427,10,5,4766.50,2026-08-27 12:49:00,PENDING
8428,7,3,1995.40,2026-08-10 16:34:00,SUCCESS
8429,3,10,1215.90,2026-08-23 12:24:00,REFUNDED
8430,10,12,416.50,2026-08-19 16:10:00,SUCCESS
8431,10,19,1509.90,2026-08-16 15:02:00,PENDING
8432,8,11,2408.60,2026-08-10 11:03:00,PENDING
8433,1,7,2057.90,2026-08-11 07:35:00,FAILED
8434,3,19,3013.40,2026-08-11 00:57:00,SUCCESS
8435,1,8,289.50,2026-08-09 21:43:00,REFUNDED
8436,6,16,1235.40,2026-08-26 20:09:00,PENDING
8437,1,4,3943.20,2026-08-10 10:19:00,SUCCESS
8438,10,1,2749.10,2026-08-26 14:24:00,REFUNDED
8439,7,16,1528.80,2026-08-22 19:00:00,SUCCESS
8440,4,11,2875.80,2026-08-21 10:54:00,REFUNDED
8441,9,18,4985.60,2026-08-07 10:40:00,FAILED
8442,5,12,4125.10,2026-08-24 09:11:00,REFUNDED
8443,8,18,4288.40,2026-08-06 03:39:00,PENDING
8444,1,19,4783.60,2026-08-08 16:30:00,FAILED
8445,10,20,2295.00,2026-08-14 15:14:00,PENDING
8446,7,8,1918.90,2026-08-12 09:45:00,SUCCESS
8447,2,10,2797.80,2026-08-29 08:12:00,PENDING
8448,5,6,2022.90,2026-08-05 03:43:00,PENDING
8449,3,16,3643.10,2026-08-13 08:42:00,PENDING
8450,2,17,1027.90,2026-08-07 11:44:00,REFUNDED
8451,9,5,4837.30,2026-08-29 20:18:00,SUCCESS
8452,2,10,4495.00,2026-08-03 06:48:00,SUCCESS
8453,7,15,4497.80,2026-08-18 04:11:00,PENDING
8454,7,2,4221.70,2026-08-10 01:36:00,REFUNDED
8455,2,13,4790.30,2026-08-03 03:31:00,SUCCESS
8456,1,2,1642.30,2026-08-05 16:50:00,PENDING
8457,9,5,4344.50,2026-08-03 17:22:00,FAILED
8458,9,17,69.50,2026-08-13 16:26:00,REFUNDED
8459,8,11,3185.40,2026-08-19 08:31:00,FAILED
8460,9,3,1102.10,2026-08-15 22:29:00,PENDING
8461,2,7,957.30,2026-08-02 01:06:00,REFUNDED
8462,1,11,4698.10,2026-08-11 19:34:00,SUCCESS
8463,1,11,2489.70,2026-08-30 19:31:00,FAILED
8464,9,19,4950.80,2026-08-10 14:01:00,SUCCESS
8465,3,18,4933.80,2026-08-01 08:53:00,REFUNDED
8466,9,13,890.50,2026-08-07 14:12:00,REFUNDED
8467,4,3,574.80,2026-08-15 04:54:00,PENDING
8468,6,17,555.80,2026-08-22 21:47:00,PENDING
8469,2,2,2775.60,2026-08-27 08:15:00,FAILED
8470,3,6,1229.30,2026-08-01 08:47:00,FAILED
8471,8,14,357.50,2026-08-05 03:28:00,PENDING
8472,3,5,3590.00,2026-08-27 00:48:00,REFUNDED
8473,9,4,3037.50,2026-08-10 15:37:00,REFUNDED
8474,9,20,1616.40,2026-08-04 20:49:00,FAILED
8475,9,19,4597.90,2026-08-02 20:49:00,SUCCESS
8476,9,2,588.10,2026-08-11 02:32:00,PENDING
8477,10,7,1703.90,2026-08-26 17:56:00,PENDING
8478,6,19,1754.30,2026-08-02 22:45:00,PENDING
8479,7,12,3904.10,2026-08-27 22:21:00,REFUNDED
8480,4,13,2219.20,2026-08-27 13:38:00,FAILED
8481,5,13,308.00,2026-08-17 17:34:00,FAILED
8482,10,7,277.60,2026-08-21 00:55:00,PENDING
8483,5,16,1854.80,2026-08-30 17:35:00,FAILED
8484,4,14,3637.60,2026-08-20 14:36:00,REFUNDED
8485,8,6,4200.00,2026-08-14 14:27:00,PENDING
8486,6,7,2849.90,2026-08-04 10:28:00,SUCCESS
8487,7,18,53.70,2026-08-11 13:24:00,REFUNDED
8488,1,4,2335.60,2026-08-27 20:46:00,PENDING
8489,8,8,4040.50,2026-08-25 07:20:00,PENDING
8490,5,6,2589.10,2026-08-30 21:18:00,PENDING
8491,9,12,2224.80,2026-08-29 05:14:00,SUCCESS
8492,2,15,141.80,2026-08-16 13:18:00,SUCCESS
8493,6,13,552.30,2026-08-26 04:55:00,REFUNDED
8494,10,9,4379.30,2026-08-24 20:01:00,REFUNDED
8495,10,19,2269.40,2026-08-08 22:56:00,REFUNDED
8496,9,18,3000.00,2026-08-09 09:31:00,PENDING
8497,3,5,474.20,2026-08-20 06:30:00,FAILED
8498,8,8,1741.70,2026-08-17 03:44:00,REFUNDED
8499,5,16,3202.30,2026-08-15 15:25:00,PENDING
8500,9,5,1992.40,2026-08-26 22:24:00,REFUNDED
8501,1,3,4023.80,2026-08-08 19:17:00,REFUNDED
8502,3,4,1493.80,2026-08-08 12:54:00,SUCCESS
8503,6,20,4022.20,2026-08-11 21:56:00,PENDING
8504,9,11,1563.50,2026-08-16 09:35:00,PENDING
8505,5,9,4136.50,2026-08-22 13:23:00,REFUNDED
8506,1,13,1837.70,2026-08-17 13:10:00,SUCCESS
8507,7,8,3043.30,2026-08-19 22:43:00,PENDING
8508,6,1,1281.40,2026-08-07 00:46:00,REFUNDED
8509,2,14,4887.80,2026-08-01 13:51:00,PENDING
8510,5,17,4142.30,2026-08-06 18:43:00,REFUNDED
8511,4,4,1803.10,2026-08-02 22:39:00,PENDING
8512,8,15,4693.60,2026-08-17 16:00:00,SUCCESS
8513,9,12,1968.50,2026-08-05 11:22:00,REFUNDED
8514,9,1,576.00,2026-08-01 11:21:00,REFUNDED
8515,9,6,3438.50,2026-08-06 16:59:00,SUCCESS
8516,2,5,3264.40,2026-08-15 01:52:00,SUCCESS
8517,10,17,1760.30,2026-08-27 22:47:00,FAILED
8518,5,4,1137.30,2026-08-04 12:18:00,REFUNDED
8519,8,14,3480.90,2026-08-30 01:52:00,PENDING
8520,7,9,2431.40,2026-08-05 14:28:00,SUCCESS
8521,4,18,4932.90,2026-08-31 01:55:00,PENDING
8522,3,12,2184.30,2026-08-19 06:16:00,REFUNDED
8523,10,11,1721.80,2026-08-27 15:57:00,SUCCESS
8524,8,9,1268.50,2026-08-23 22:37:00,PENDING
8525,6,11,1724.30,2026-08-14 10:44:00,PENDING
8526,2,9,1527.10,2026-08-18 08:36:00,SUCCESS
8527,4,19,1378.40,2026-08-04 02:24:00,FAILED
8528,10,15,1688.30,2026-08-24 16:49:00,PENDING
8529,5,14,526.70,2026-08-04 02:49:00,SUCCESS
8530,4,19,3708.70,2026-08-12 02:29:00,PENDING
8531,8,17,4775.80,2026-08-30 16:30:00,PENDING
8532,2,5,1380.00,2026-08-21 10:17:00,SUCCESS
8533,5,19,4576.00,2026-08-24 07:17:00,FAILED
8534,8,3,2307.30,2026-08-06 02:28:00,REFUNDED
8535,3,10,4160.40,2026-08-15 21:08:00,REFUNDED
8536,9,2,3690.30,2026-08-13 08:23:00,REFUNDED
8537,8,6,4450.70,2026-08-04 15:07:00,SUCCESS
8538,9,2,3361.90,2026-08-04 23:30:00,REFUNDED
8539,2,3,4242.00,2026-08-16 18:01:00,PENDING
8540,4,18,2574.90,2026-08-14 15:29:00,FAILED
8541,1,13,4354.00,2026-08-13 01:16:00,REFUNDED
8542,1,2,4235.40,2026-08-14 06:08:00,SUCCESS
8543,5,1,5005.40,2026-08-23 03:39:00,FAILED
8544,9,4,1283.00,2026-08-12 18:51:00,FAILED
8545,6,20,2504.10,2026-08-25 20:45:00,REFUNDED
8546,7,20,53.30,2026-08-14 22:31:00,SUCCESS
8547,8,10,4191.10,2026-08-22 13:44:00,SUCCESS
8548,5,11,4347.80,2026-08-09 13:06:00,SUCCESS
8549,1,17,3668.90,2026-08-01 20:29:00,FAILED
8550,6,20,3983.70,2026-08-22 16:28:00,REFUNDED
8551,3,20,4926.40,2026-08-26 16:41:00,PENDING
8552,2,11,3350.80,2026-08-12 20:22:00,PENDING
8553,6,18,2953.70,2026-08-20 02:18:00,SUCCESS
8554,4,13,3188.00,2026-08-10 03:39:00,SUCCESS
8555,8,2,2213.50,2026-08-19 18:21:00,SUCCESS
8556,5,4,3093.30,2026-08-30 04:16:00,REFUNDED
8557,5,4,4385.90,2026-08-01 08:13:00,PENDING
8558,7,3,1616.90,2026-08-23 19:24:00,PENDING
8559,9,18,1124.90,2026-08-29 13:03:00,FAILED
8560,10,20,3183.40,2026-08-20 00:54:00,SUCCESS
8561,8,8,341.00,2026-08-26 00:14:00,FAILED
8562,6,13,1996.00,2026-08-02 20:33:00,REFUNDED
8563,5,4,427.50,2026-08-12 07:56:00,PENDING
8564,8,16,3174.70,2026-08-25 08:46:00,SUCCESS
8565,1,9,4257.20,2026-08-22 23:55:00,FAILED
8566,2,3,998.20,2026-08-02 20:34:00,FAILED
8567,5,4,4401.10,2026-08-23 12:10:00,SUCCESS
8568,2,19,4511.80,2026-08-21 09:09:00,SUCCESS
8569,5,4,1072.50,2026-08-22 12:48:00,SUCCESS
8570,2,9,4886.30,2026-08-14 09:04:00,PENDING
8571,2,14,407.40,2026-08-20 03:45:00,SUCCESS
8572,4,19,901.20,2026-08-23 17:00:00,FAILED
8573,7,13,4212.80,2026-08-28 21:30:00,REFUNDED
8574,2,16,3617.20,2026-08-18 01:20:00,REFUNDED
8575,9,7,2157.50,2026-08-08 04:57:00,SUCCESS
8576,9,1,3064.50,2026-08-25 07:06:00,FAILED
8577,1,17,4347.70,2026-08-13 13:52:00,PENDING
8578,2,12,313.80,2026-08-06 21:26:00,REFUNDED
8579,3,13,1423.70,2026-08-30 00:32:00,REFUNDED
8580,5,2,1381.50,2026-08-10 10:54:00,FAILED
8581,2,2,3109.90,2026-08-30 19:00:00,SUCCESS
8582,9,5,285.30,2026-08-01 10:50:00,REFUNDED
8583,9,7,1090.50,2026-08-27 22:07:00,SUCCESS
8584,10,17,1794.00,2026-08-10 19:01:00,FAILED
8585,6,1,2878.50,2026-08-30 06:22:00,FAILED
8586,8,9,1171.20,2026-08-23 11:03:00,REFUNDED
8587,4,18,4414.20,2026-08-22 01:29:00,FAILED
8588,3,3,5005.80,2026-08-28 07:12:00,PENDING
8589,9,9,2620.40,2026-08-29 10:27:00,PENDING
8590,9,17,1202.10,2026-08-07 15:40:00,REFUNDED
8591,9,10,3565.70,2026-08-17 15:38:00,PENDING
8592,8,17,317.50,2026-08-12 01:46:00,SUCCESS
8593,7,3,132.10,2026-08-01 19:24:00,SUCCESS
8594,3,2,952.10,2026-08-06 09:36:00,REFUNDED
8595,10,16,76.40,2026-08-07 19:38:00,PENDING
8596,1,5,2213.80,2026-08-12 02:29:00,REFUNDED
8597,3,8,3744.20,2026-08-14 01:04:00,FAILED
8598,8,11,2620.20,2026-08-08 01:58:00,SUCCESS
8599,2,9,2376.20,2026-08-25 00:51:00,SUCCESS
8600,3,4,1957.10,2026-08-06 11:23:00,REFUNDED
8601,4,2,823.10,2026-08-21 02:00:00,REFUNDED
8602,4,8,2363.70,2026-08-29 23:14:00,SUCCESS
8603,6,1,2141.30,2026-08-08 11:44:00,PENDING
8604,6,2,866.70,2026-08-10 13:42:00,FAILED
8605,9,7,2802.60,2026-08-02 07:07:00,REFUNDED
8606,10,13,4076.00,2026-08-27 17:53:00,FAILED
8607,3,17,1217.90,2026-08-16 14:32:00,FAILED
8608,10,12,3645.80,2026-08-03 12:08:00,FAILED
8609,5,14,2133.80,2026-08-20 22:42:00,FAILED
8610,10,18,1357.70,2026-08-18 03:00:00,REFUNDED
8611,1,8,3389.90,2026-08-07 16:55:00,FAILED
8612,6,17,4796.00,2026-08-04 22:47:00,REFUNDED
8613,6,14,4670.10,2026-08-08 02:10:00,REFUNDED
8614,5,16,3256.60,2026-08-26 17:31:00,FAILED
8615,3,17,263.90,2026-08-03 03:23:00,PENDING
8616,9,19,1298.60,2026-08-30 18:49:00,SUCCESS
8617,3,11,1437.80,2026-08-16 08:48:00,REFUNDED
8618,6,7,346.30,2026-08-24 00:52:00,REFUNDED
8619,5,10,2885.00,2026-08-10 04:56:00,FAILED
8620,8,13,4426.30,2026-08-17 18:30:00,REFUNDED
8621,5,15,336.60,2026-08-21 06:53:00,PENDING
8622,2,15,2704.70,2026-08-03 07:52:00,SUCCESS
8623,4,2,4222.90,2026-08-18 18:25:00,REFUNDED
8624,10,17,4778.00,2026-08-18 15:13:00,FAILED
8625,10,18,4692.40,2026-08-13 13:39:00,REFUNDED
8626,7,11,3613.80,2026-08-19 10:34:00,FAILED
8627,2,4,545.40,2026-08-09 17:01:00,SUCCESS
8628,7,18,3289.60,2026-08-19 17:42:00,REFUNDED
8629,2,19,3585.80,2026-08-14 21:05:00,FAILED
8630,10,16,1161.20,2026-08-26 19:12:00,FAILED
8631,8,20,4066.30,2026-08-05 12:06:00,PENDING
8632,2,8,3922.60,2026-08-22 16:53:00,REFUNDED
8633,6,15,470.40,2026-08-19 13:35:00,SUCCESS
8634,4,4,3833.60,2026-08-18 03:09:00,FAILED
8635,7,19,2505.80,2026-08-21 13:32:00,PENDING
8636,5,5,4730.00,2026-08-11 16:42:00,PENDING
8637,6,18,856.40,2026-08-08 03:22:00,SUCCESS
8638,7,15,2447.00,2026-08-15 16:15:00,PENDING
8639,5,19,4859.10,2026-08-03 11:01:00,REFUNDED
8640,2,18,4246.30,2026-08-10 22:21:00,SUCCESS
8641,2,8,957.80,2026-08-25 15:59:00,PENDING
8642,7,19,3716.40,2026-08-13 22:13:00,SUCCESS
8643,1,6,2329.50,2026-08-09 08:14:00,REFUNDED
8644,10,3,161.50,2026-08-07 18:07:00,REFUNDED
8645,3,20,1703.90,2026-08-17 01:35:00,FAILED
8646,6,15,3300.70,2026-08-27 08:15:00,FAILED
8647,10,7,2327.10,2026-08-16 22:57:00,REFUNDED
8648,9,11,1965.20,2026-08-11 15:08:00,PENDING
8649,2,17,1600.00,2026-08-12 16:16:00,REFUNDED
8650,4,8,4503.10,2026-08-23 22:58:00,SUCCESS
8651,2,13,1733.50,2026-08-08 21:27:00,PENDING
8652,3,6,2693.70,2026-08-24 19:06:00,FAILED
8653,8,7,2778.40,2026-08-12 00:17:00,PENDING
8654,7,14,229.90,2026-08-18 12:33:00,SUCCESS
8655,9,8,3273.90,2026-08-04 19:20:00,PENDING
8656,5,20,4170.30,2026-08-21 19:15:00,SUCCESS
8657,5,12,2280.90,2026-08-29 07:40:00,SUCCESS
8658,4,12,2622.80,2026-08-02 07:15:00,REFUNDED
8659,1,6,1476.50,2026-08-12 17:56:00,REFUNDED
8660,1,7,4616.20,2026-08-17 09:43:00,SUCCESS
8661,10,2,2109.40,2026-08-21 21:54:00,PENDING
8662,1,13,369.30,2026-08-18 21:54:00,SUCCESS
8663,5,19,4231.70,2026-08-04 00:27:00,SUCCESS
8664,3,7,1837.40,2026-08-23 17:10:00,FAILED
8665,6,2,1776.30,2026-08-08 06:37:00,FAILED
8666,3,2,2147.30,2026-08-16 10:48:00,PENDING
8667,9,6,4528.90,2026-08-19 06:53:00,SUCCESS
8668,9,1,3755.80,2026-08-17 10:15:00,REFUNDED
8669,5,14,3253.20,2026-08-07 10:20:00,PENDING
8670,7,9,3045.00,2026-08-04 14:55:00,PENDING
8671,9,15,1050.10,2026-08-25 17:52:00,FAILED
8672,9,2,4270.60,2026-08-29 08:55:00,SUCCESS
8673,6,5,433.20,2026-08-11 22:09:00,PENDING
8674,10,1,3850.00,2026-08-09 21:19:00,SUCCESS
8675,6,11,3348.10,2026-08-21 22:52:00,REFUNDED
8676,4,19,251.20,2026-08-29 07:03:00,PENDING
8677,5,17,1220.70,2026-08-23 20:57:00,FAILED
8678,7,11,4718.80,2026-08-23 08:42:00,FAILED
8679,4,3,1408.20,2026-08-19 18:41:00,PENDING
8680,10,1,2430.80,2026-08-15 14:03:00,REFUNDED
8681,10,20,1098.90,2026-08-10 16:40:00,FAILED
8682,1,14,1650.60,2026-08-27 05:37:00,FAILED
8683,9,3,3702.60,2026-08-15 10:39:00,SUCCESS
8684,4,1,1365.70,2026-08-28 13:30:00,FAILED
8685,5,14,1402.10,2026-08-19 04:41:00,REFUNDED
8686,2,15,425.00,2026-08-08 03:48:00,PENDING
8687,1,1,NOT_A_NUMBER,2026-08-01 12:00:00,SUCCESS
8688,8,10,4382.20,2026-08-26 01:04:00,REFUNDED
8689,4,16,2034.60,2026-08-24 14:10:00,PENDING
8690,3,18,4764.60,2026-08-18 21:24:00,FAILED
8691,3,18,4162.60,2026-08-21 03:48:00,REFUNDED
8692,7,19,2786.70,2026-08-14 16:19:00,FAILED
8693,1,1,NOT_A_NUMBER,2026-08-01 12:00:00,SUCCESS
8694,5,1,815.90,2026-08-23 11:59:00,REFUNDED
8695,9,9,245.30,2026-08-03 13:21:00,SUCCESS
8696,2,1,94.70,2026-08-21 20:29:00,PENDING
8697,7,8,3649.10,2026-08-22 02:26:00,SUCCESS
8698,2,17,4438.90,2026-08-05 07:03:00,REFUNDED
8699,7,6,3349.00,2026-08-15 21:02:00,SUCCESS
8700,1,20,4555.10,2026-08-07 10:13:00,FAILED
8701,4,20,4002.80,2026-08-20 20:26:00,REFUNDED
8702,9,1,4063.60,2026-08-14 08:14:00,FAILED
8703,3,3,869.20,2026-08-17 03:54:00,SUCCESS
8704,2,10,1213.30,2026-08-19 05:08:00,REFUNDED
8705,7,14,2256.90,2026-08-21 07:44:00,REFUNDED
8706,3,16,2519.40,2026-08-20 12:48:00,PENDING
8707,2,9,1829.90,2026-08-12 22:00:00,SUCCESS
8708,9,10,2293.80,2026-08-13 09:23:00,REFUNDED
8709,6,17,3088.40,2026-08-08 19:47:00,FAILED
8710,4,12,182.10,2026-08-06 13:01:00,PENDING
8711,5,5,1698.40,2026-08-08 16:54:00,FAILED
8712,7,19,2602.40,2026-08-18 11:22:00,PENDING
8713,2,14,2655.80,2026-08-04 04:14:00,REFUNDED
8714,1,17,3596.80,2026-08-21 00:16:00,FAILED
8715,9,6,3611.20,2026-08-27 01:47:00,SUCCESS
8716,7,12,992.30,2026-08-06 22:52:00,REFUNDED
8717,1,100.00
8718,10,20,828.00,2026-08-14 00:58:00,FAILED
8719,8,15,586.60,2026-08-12 06:34:00,FAILED
8720,2,14,4925.30,2026-08-10 08:54:00,SUCCESS
8721,5,5,1530.10,2026-08-11 21:24:00,SUCCESS
8722,3,8,867.50,2026-08-28 07:08:00,REFUNDED
8723,1,17,1241.20,2026-08-08 17:46:00,SUCCESS
8724,10,2,4589.00,2026-08-17 18:10:00,FAILED
8725,6,18,4877.10,2026-08-13 02:44:00,FAILED
8726,6,3,3693.50,2026-08-04 13:43:00,REFUNDED
8727,5,12,638.00,2026-08-03 07:51:00,PENDING
8728,3,14,1252.70,2026-08-04 02:56:00,REFUNDED
8729,4,20,985.60,2026-08-23 17:40:00,SUCCESS
8730,10,12,2354.00,2026-08-23 14:54:00,SUCCESS
8731,4,14,2274.30,2026-08-21 12:29:00,REFUNDED
8732,9,2,1549.90,2026-08-20 08:25:00,REFUNDED
8733,8,12,3744.80,2026-08-08 03:46:00,REFUNDED
8734,5,17,1573.70,2026-08-17 21:20:00,SUCCESS
8735,7,14,3678.30,2026-08-12 04:30:00,PENDING
8736,5,13,3973.60,2026-08-06 15:18:00,SUCCESS
8737,9,11,426.80,2026-08-02 22:03:00,PENDING
8738,2,14,4287.90,2026-08-13 21:37:00,PENDING
8739,5,12,622.30,2026-08-07 05:38:00,SUCCESS
8740,4,3,4265.00,2026-08-25 19:56:00,PENDING
8741,1,8,2796.20,2026-08-24 14:43:00,SUCCESS
8742,7,18,637.90,2026-08-06 10:19:00,REFUNDED
8743,10,18,744.50,2026-08-17 15:46:00,SUCCESS
8744,9,16,3811.50,2026-08-13 01:59:00,FAILED
8745,2,4,3904.30,2026-08-07 17:27:00,REFUNDED
8746,6,12,1962.40,2026-08-15 01:58:00,REFUNDED
8747,10,3,2573.30,2026-08-12 13:56:00,FAILED
8748,5,12,1079.90,2026-08-19 07:15:00,PENDING
8749,9,20,4753.70,2026-08-21 05:32:00,FAILED
8750,8,4,963.60,2026-08-21 07:16:00,PENDING
8751,8,5,4740.30,2026-08-30 12:21:00,PENDING
8752,2,7,5038.30,2026-08-15 07:47:00,PENDING
8753,5,6,4924.80,2026-08-11 06:51:00,FAILED
8754,1,13,4015.40,2026-08-03 21:13:00,FAILED
8755,5,11,1297.40,2026-08-24 08:54:00,FAILED
8756,5,2,3775.80,2026-08-19 19:26:00,REFUNDED
8757,10,14,2143.00,2026-08-25 09:15:00,SUCCESS
8758,5,15,1700.50,2026-08-20 14:44:00,REFUNDED
8759,10,19,3318.40,2026-08-10 06:22:00,FAILED
8760,4,7,1527.90,2026-08-13 09:37:00,SUCCESS
8761,1,12,2267.70,2026-08-11 09:32:00,FAILED
8762,1,17,4810.80,2026-08-29 16:41:00,PENDING
8763,9,14,1767.50,2026-08-22 14:41:00,REFUNDED
8764,7,10,1552.30,2026-08-12 12:01:00,PENDING
8765,10,12,2912.30,2026-08-20 16:07:00,SUCCESS
8766,2,20,2340.60,2026-08-16 06:11:00,SUCCESS
8767,5,8,4267.00,2026-08-08 11:29:00,FAILED
8768,10,3,3242.90,2026-08-16 16:36:00,PENDING
8769,7,4,3273.60,2026-08-21 11:42:00,FAILED
8770,9,12,2600.50,2026-08-30 17:44:00,REFUNDED
8771,7,4,3030.40,2026-08-05 03:15:00,PENDING
8772,10,17,2260.70,2026-08-02 21:47:00,REFUNDED
8773,1,3,1425.10,2026-08-07 14:44:00,SUCCESS
8774,2,11,4651.60,2026-08-13 00:26:00,REFUNDED
8775,1,9,3933.80,2026-08-20 10:48:00,FAILED
8776,9,13,2859.50,2026-08-16 07:37:00,FAILED
8777,3,17,4973.20,2026-08-12 20:19:00,PENDING
8778,1,6,2180.90,2026-08-01 12:40:00,REFUNDED
8779,5,3,3731.90,2026-08-29 21:38:00,SUCCESS
8780,5,17,992.40,2026-08-25 09:35:00,FAILED
8781,8,14,3238.50,2026-08-19 13:14:00,FAILED
8782,2,3,866.50,2026-08-29 21:50:00,REFUNDED
8783,8,14,3275.30,2026-08-20 07:49:00,SUCCESS
8784,7,10,3008.40,2026-08-24 09:04:00,SUCCESS
8785,6,15,4522.40,2026-08-17 06:32:00,REFUNDED
8786,3,11,4066.10,2026-08-18 19:46:00,FAILED
8787,10,10,3316.20,2026-08-15 06:25:00,REFUNDED
8788,1,18,188.20,2026-08-24 10:50:00,REFUNDED
8789,1,2,2629.20,2026-08-25 23:09:00,REFUNDED
8790,8,20,1349.90,2026-08-18 13:09:00,PENDING
8791,5,4,626.80,2026-08-28 22:20:00,FAILED
8792,1,14,1484.30,2026-08-30 20:32:00,SUCCESS
8793,1,1,299.90,2026-08-13 13:56:00,PENDING
8794,7,10,1256.30,2026-08-18 09:45:00,FAILED
8795,2,1,3958.40,2026-08-31 04:38:00,SUCCESS
8796,10,18,2741.80,2026-08-05 05:43:00,FAILED
8797,3,19,1621.00,2026-08-16 10:09:00,REFUNDED
8798,9,5,1364.20,2026-08-29 23:50:00,PENDING
8799,2,14,1939.90,2026-08-24 21:39:00,SUCCESS
8800,3,4,456.30,2026-08-28 00:24:00,SUCCESS
8801,10,18,2943.90,2026-08-03 01:23:00,PENDING
8802,6,3,3950.00,2026-08-16 17:27:00,FAILED
8803,5,9,3099.80,2026-08-27 21:36:00,REFUNDED
8804,5,12,780.40,2026-08-24 16:30:00,FAILED
8805,8,15,4869.40,2026-08-20 12:00:00,PENDING
8806,8,14,4949.10,2026-08-30 09:28:00,SUCCESS
8807,7,5,3285.50,2026-08-29 00:21:00,REFUNDED
8808,7,17,1370.70,2026-08-19 04:13:00,PENDING
8809,3,8,4765.30,2026-08-26 14:52:00,REFUNDED
8810,4,20,1214.60,2026-08-20 01:48:00,SUCCESS
8811,7,18,2735.70,2026-08-03 20:25:00,PENDING
8812,6,15,1793.50,2026-08-29 06:56:00,SUCCESS
8813,5,3,4734.10,2026-08-06 06:08:00,REFUNDED
8814,7,11,2860.50,2026-08-12 06:07:00,REFUNDED
8815,9,2,4183.80,2026-08-15 22:46:00,FAILED
8816,3,1,2152.80,2026-08-24 19:56:00,SUCCESS
8817,1,1,NOT_A_NUMBER,2026-08-01 12:00:00,SUCCESS
8818,7,2,3271.50,2026-08-05 14:03:00,FAILED
8819,4,17,589.80,2026-08-06 20:43:00,PENDING
8820,7,3,4208.90,2026-08-05 12:06:00,SUCCESS
8821,10,8,466.20,2026-08-06 06:21:00,REFUNDED
8822,6,4,3226.60,2026-08-02 01:59:00,PENDING
8823,6,6,3386.00,2026-08-17 12:28:00,SUCCESS
8824,10,7,3483.30,2026-08-29 21:57:00,SUCCESS
8825,6,19,3826.90,2026-08-19 17:20:00,FAILED
8826,9,8,1994.60,2026-08-28 06:26:00,REFUNDED
8827,1,1,5000,2026-08-01 12:00:00,UNKNOWN_STATUS
8828,10,1,1167.10,2026-08-13 13:00:00,PENDING
8829,8,18,3662.40,2026-08-08 16:58:00,PENDING
8830,6,8,3391.20,2026-08-03 04:42:00,SUCCESS
8831,9,17,466.60,2026-08-22 00:29:00,PENDING
8832,8,5,763.60,2026-08-18 08:01:00,REFUNDED
8833,7,19,2799.80,2026-08-24 19:43:00,REFUNDED
8834,2,18,591.70,2026-08-30 00:18:00,SUCCESS
8835,5,15,4683.00,2026-08-17 01:58:00,SUCCESS
8836,8,12,2595.00,2026-08-16 11:10:00,FAILED
8837,1,12,1003.60,2026-08-13 19:21:00,REFUNDED
8838,4,6,1833.50,2026-08-08 09:44:00,REFUNDED
8839,2,5,1432.70,2026-08-07 12:29:00,FAILED
8840,4,13,359.70,2026-08-28 12:14:00,REFUNDED
8841,8,14,3835.80,2026-08-22 07:44:00,SUCCESS
8842,2,10,3630.90,2026-08-21 18:38:00,REFUNDED
8843,4,1,4548.20,2026-08-25 19:22:00,REFUNDED
8844,4,19,3508.00,2026-08-30 03:40:00,FAILED
8845,5,6,2887.90,2026-08-21 13:11:00,FAILED
8846,1,13,185.70,2026-08-20 16:39:00,PENDING
8847,6,19,3606.90,2026-08-29 19:36:00,SUCCESS
8848,7,20,439.90,2026-08-05 19:58:00,REFUNDED
8849,3,1,3105.70,2026-08-04 14:36:00,PENDING
8850,5,6,4911.50,2026-08-12 05:21:00,REFUNDED
8851,10,15,2036.80,2026-08-08 11:45:00,FAILED
8852,7,18,2882.70,2026-08-03 02:51:00,REFUNDED
8853,1,18,2939.50,2026-08-25 16:12:00,SUCCESS
8854,9,1,1611.80,2026-08-04 20:44:00,PENDING
8855,4,6,3338.60,2026-08-29 17:18:00,FAILED
8856,9,16,1070.60,2026-08-19 12:58:00,SUCCESS
8857,6,2,3424.90,2026-08-20 03:49:00,FAILED
8858,2,5,1292.20,2026-08-19 22:19:00,REFUNDED
8859,1,7,1378.40,2026-08-01 18:09:00,PENDING
8860,9,10,2278.00,2026-08-15 12:56:00,REFUNDED
8861,6,13,399.80,2026-08-16 19:55:00,SUCCESS
8862,6,1,3014.60,2026-08-13 20:54:00,SUCCESS
8863,1,9,3957.90,2026-08-23 12:45:00,SUCCESS
8864,8,2,4873.20,2026-08-18 13:46:00,SUCCESS
8865,7,6,243.50,2026-08-28 18:26:00,SUCCESS
8866,6,5,83.50,2026-08-11 03:17:00,REFUNDED
8867,1,11,1045.10,2026-08-20 23:43:00,SUCCESS
8868,10,8,1789.40,2026-08-01 20:30:00,FAILED
8869,10,11,3851.90,2026-08-24 03:14:00,REFUNDED
8870,1,1,5000,INVALID_DATE_TIME,SUCCESS
8871,4,16,3341.10,2026-08-30 22:29:00,REFUNDED
8872,4,8,1367.60,2026-08-07 06:30:00,REFUNDED
8873,2,18,4523.70,2026-08-04 09:13:00,FAILED
8874,3,9,3952.30,2026-08-23 02:08:00,REFUNDED
8875,7,19,4301.40,2026-08-24 19:03:00,FAILED
8876,2,6,200.10,2026-08-27 10:03:00,REFUNDED
8877,1,20,3930.70,2026-08-07 12:54:00,REFUNDED
8878,6,9,3477.20,2026-08-13 18:46:00,PENDING
8879,5,15,4383.00,2026-08-19 09:14:00,PENDING
8880,6,16,4363.30,2026-08-08 10:02:00,PENDING
8881,4,6,3467.10,2026-08-27 17:12:00,REFUNDED
8882,10,2,1479.40,2026-08-10 09:01:00,PENDING
8883,4,18,4630.70,2026-08-04 18:40:00,PENDING
8884,10,13,603.90,2026-08-06 15:53:00,REFUNDED
8885,4,16,3169.80,2026-08-24 01:44:00,REFUNDED
8886,2,4,4150.60,2026-08-22 19:50:00,SUCCESS
8887,10,16,1317.50,2026-08-19 06:42:00,PENDING
8888,5,18,182.40,2026-08-31 02:46:00,REFUNDED
8889,3,7,520.20,2026-08-29 07:36:00,PENDING
8890,5,3,1410.00,2026-08-10 11:54:00,PENDING
8891,2,5,239.40,2026-08-22 12:34:00,PENDING
8892,7,13,547.30,2026-08-29 07:41:00,SUCCESS
8893,6,6,167.80,2026-08-15 01:28:00,PENDING
8894,6,1,3510.20,2026-08-18 21:08:00,REFUNDED
8895,2,6,3505.30,2026-08-09 16:52:00,SUCCESS
8896,2,18,3890.50,2026-08-04 07:06:00,FAILED
8897,3,17,3167.60,2026-08-03 12:11:00,REFUNDED
8898,1,11,1434.90,2026-08-24 05:24:00,FAILED
8899,9,13,319.40,2026-08-12 20:05:00,REFUNDED
8900,7,1,2189.10,2026-08-14 04:00:00,PENDING
8901,7,5,2202.90,2026-08-11 14:20:00,SUCCESS
8902,7,3,116.90,2026-08-22 08:18:00,FAILED
8903,7,8,989.70,2026-08-25 21:25:00,PENDING
8904,6,4,3935.30,2026-08-07 12:34:00,FAILED
8905,7,19,1624.80,2026-08-10 22:37:00,PENDING
8906,2,6,3795.70,2026-08-03 05:30:00,PENDING
8907,9,13,1236.40,2026-08-24 09:23:00,PENDING
8908,4,13,347.50,2026-08-25 22:41:00,FAILED
8909,8,10,864.20,2026-08-24 10:30:00,PENDING
8910,5,14,1943.80,2026-08-25 21:00:00,REFUNDED
8911,1,5,1771.30,2026-08-11 20:23:00,SUCCESS
8912,1,8,2849.10,2026-08-29 13:20:00,PENDING
8913,7,5,4337.00,2026-08-06 13:50:00,SUCCESS
8914,8,9,3212.50,2026-08-27 07:24:00,SUCCESS
8915,2,7,1968.40,2026-08-17 08:14:00,FAILED
8916,10,1,1053.20,2026-08-16 02:06:00,REFUNDED
8917,10,10,2078.10,2026-08-15 20:51:00,REFUNDED
8918,1,4,3489.10,2026-08-04 16:50:00,REFUNDED
8919,3,19,1660.30,2026-08-24 01:22:00,SUCCESS
8920,4,9,4756.50,2026-08-16 09:52:00,SUCCESS
8921,9,9,4284.80,2026-08-23 17:35:00,FAILED
8922,1,1,5000,2026-08-01 12:00:00,UNKNOWN_STATUS
8923,4,10,1211.30,2026-08-15 17:48:00,SUCCESS
8924,9,8,448.80,2026-08-07 17:07:00,REFUNDED
8925,5,2,2655.00,2026-08-20 02:49:00,FAILED
8926,4,4,2262.10,2026-08-07 04:45:00,REFUNDED
8927,6,3,2310.40,2026-08-22 19:04:00,PENDING
8928,3,7,4985.20,2026-08-30 05:36:00,FAILED
8929,8,2,3830.50,2026-08-06 02:14:00,REFUNDED
8930,5,1,4104.20,2026-08-28 05:49:00,PENDING
8931,1,6,2251.40,2026-08-11 03:55:00,FAILED
8932,8,2,2493.50,2026-08-02 19:51:00,PENDING
8933,4,8,2957.00,2026-08-03 06:33:00,FAILED
8934,4,1,2413.90,2026-08-22 19:43:00,FAILED
8935,1,1,5000,2026-08-01 12:00:00,UNKNOWN_STATUS
8936,3,20,2132.60,2026-08-25 03:20:00,FAILED
8937,6,12,4662.40,2026-08-17 12:55:00,SUCCESS
8938,6,9,3452.80,2026-08-02 14:36:00,SUCCESS
8939,4,2,3079.30,2026-08-23 12:30:00,REFUNDED
8940,2,12,4508.00,2026-08-01 22:54:00,REFUNDED
8941,1,8,581.40,2026-08-03 13:27:00,REFUNDED
8942,2,18,4065.60,2026-08-28 10:07:00,REFUNDED
8943,9,2,2669.80,2026-08-26 20:47:00,REFUNDED
8944,5,16,655.70,2026-08-04 21:01:00,FAILED
8945,1,1,5000,INVALID_DATE_TIME,SUCCESS
8946,4,13,4377.40,2026-08-30 03:43:00,SUCCESS
8947,7,2,1565.70,2026-08-14 19:50:00,PENDING
8948,10,6,3024.10,2026-08-15 00:42:00,SUCCESS
8949,6,1,778.70,2026-08-11 18:21:00,REFUNDED
8950,1,20,2353.60,2026-08-06 01:42:00,PENDING
8951,4,16,5023.50,2026-08-26 15:03:00,FAILED
8952,4,15,3193.50,2026-08-17 08:22:00,SUCCESS
8953,10,7,3980.10,2026-08-23 08:20:00,FAILED
8954,6,9,1560.40,2026-08-26 22:16:00,SUCCESS
8955,10,6,1362.10,2026-08-29 09:54:00,FAILED
8956,9,15,3397.30,2026-08-18 13:38:00,SUCCESS
8957,10,2,2079.30,2026-08-30 00:47:00,REFUNDED
8958,2,19,2993.10,2026-08-13 23:20:00,SUCCESS
8959,9,19,2020.90,2026-08-22 20:04:00,FAILED
8960,7,17,4232.60,2026-08-07 07:53:00,FAILED
8961,2,15,2623.10,2026-08-04 08:22:00,FAILED
8962,1,20,1612.80,2026-08-13 14:25:00,REFUNDED
8963,1,20,4569.70,2026-08-20 21:41:00,PENDING
8964,8,16,2996.80,2026-08-20 23:23:00,FAILED
8965,5,6,3959.90,2026-08-21 00:09:00,SUCCESS
8966,2,3,2873.40,2026-08-03 09:59:00,FAILED
8967,2,4,3288.50,2026-08-01 18:30:00,REFUNDED
8968,7,6,2760.80,2026-08-12 15:31:00,SUCCESS
8969,3,18,4565.90,2026-08-13 11:36:00,SUCCESS
8970,4,9,3331.70,2026-08-27 19:20:00,SUCCESS
8971,9,20,3674.20,2026-08-05 02:52:00,REFUNDED
8972,2,18,3910.00,2026-08-13 17:25:00,FAILED
8973,4,1,493.20,2026-08-08 16:59:00,SUCCESS
8974,3,10,675.20,2026-08-30 18:53:00,SUCCESS
8975,8,7,1460.40,2026-08-05 09:10:00,PENDING
8976,2,10,3903.10,2026-08-15 12:36:00,FAILED
8977,5,6,1473.70,2026-08-14 21:01:00,FAILED
8978,9,1,3072.60,2026-08-16 21:08:00,REFUNDED
8979,5,7,4165.60,2026-08-05 18:51:00,PENDING
8980,10,4,3904.50,2026-08-12 11:49:00,PENDING
8981,10,18,861.20,2026-08-07 13:35:00,FAILED
8982,10,19,648.50,2026-08-22 19:56:00,FAILED
8983,10,13,648.60,2026-08-27 10:49:00,FAILED
8984,4,20,359.40,2026-08-24 19:19:00,PENDING
8985,3,16,1279.50,2026-08-14 12:27:00,SUCCESS
8986,8,5,62.90,2026-08-09 01:39:00,FAILED
8987,6,2,761.10,2026-08-19 16:53:00,SUCCESS
8988,6,18,3534.40,2026-08-30 20:27:00,SUCCESS
8989,3,11,1508.40,2026-08-31 01:24:00,FAILED
8990,6,16,589.10,2026-08-07 16:12:00,REFUNDED
8991,4,13,1221.80,2026-08-21 23:09:00,FAILED
8992,10,18,3458.70,2026-08-05 23:48:00,PENDING
8993,4,13,4488.70,2026-08-13 19:59:00,SUCCESS
8994,7,8,1997.00,2026-08-19 01:32:00,FAILED
8995,7,18,545.40,2026-08-19 05:24:00,SUCCESS
8996,6,6,3137.00,2026-08-06 08:54:00,REFUNDED
8997,6,16,4180.30,2026-08-23 23:07:00,FAILED
8998,5,3,425.80,2026-08-20 12:02:00,FAILED
8999,1,8,3743.20,2026-08-13 08:13:00,FAILED
9000,8,12,869.20,2026-08-08 02:58:00,PENDING
9001,6,2,3633.70,2026-08-21 08:40:00,FAILED
9002,5,6,2783.80,2026-08-05 23:46:00,FAILED
9003,3,15,3236.90,2026-08-05 08:44:00,REFUNDED
9004,3,6,4067.30,2026-08-20 08:57:00,FAILED
9005,9,10,1764.40,2026-08-23 13:46:00,FAILED
9006,1,3,3055.40,2026-08-19 21:01:00,REFUNDED
9007,1,19,5035.20,2026-08-15 18:33:00,PENDING
9008,10,11,3003.50,2026-08-05 02:20:00,SUCCESS
9009,7,1,3194.10,2026-08-01 15:44:00,FAILED
9010,7,3,612.10,2026-08-27 05:29:00,SUCCESS
9011,8,5,1013.90,2026-08-21 11:58:00,REFUNDED
9012,10,3,1781.40,2026-08-17 11:14:00,FAILED
9013,2,15,4849.80,2026-08-08 17:37:00,PENDING
9014,9,12,715.30,2026-08-10 23:45:00,SUCCESS
9015,8,15,258.60,2026-08-27 12:44:00,PENDING
9016,9,2,1578.50,2026-08-11 23:08:00,PENDING
9017,3,19,3535.50,2026-08-23 10:47:00,PENDING
9018,4,1,1689.10,2026-08-19 08:10:00,FAILED
9019,8,9,2141.30,2026-08-22 03:37:00,REFUNDED
9020,7,12,4950.80,2026-08-08 13:31:00,FAILED
9021,5,19,3821.80,2026-08-07 18:55:00,REFUNDED
9022,8,6,4335.90,2026-08-19 00:59:00,REFUNDED
9023,1,1,NOT_A_NUMBER,2026-08-01 12:00:00,SUCCESS
9024,8,7,1300.50,2026-08-04 11:59:00,FAILED
9025,7,16,3739.40,2026-08-26 22:50:00,REFUNDED
9026,6,3,2521.20,2026-08-07 13:19:00,FAILED
9027,9,18,3716.50,2026-08-17 19:00:00,FAILED
9028,10,15,643.20,2026-08-24 09:08:00,FAILED
9029,5,6,2711.50,2026-08-17 04:59:00,REFUNDED
9030,4,9,306.20,2026-08-09 03:30:00,SUCCESS
9031,9,6,2467.30,2026-08-24 23:28:00,SUCCESS
9032,3,7,3001.80,2026-08-20 16:46:00,PENDING
9033,8,13,3156.20,2026-08-07 04:54:00,FAILED
9034,2,6,3415.40,2026-08-04 16:59:00,REFUNDED
9035,1,13,2746.30,2026-08-23 09:32:00,SUCCESS
9036,2,20,4282.30,2026-08-05 05:34:00,FAILED
9037,6,17,1031.30,2026-08-20 07:10:00,PENDING
9038,10,18,4281.40,2026-08-13 15:11:00,REFUNDED
9039,2,20,175.80,2026-08-02 17:15:00,REFUNDED
9040,6,9,2358.30,2026-08-06 21:45:00,PENDING
9041,10,4,553.50,2026-08-15 21:00:00,PENDING
9042,8,12,1072.60,2026-08-21 20:34:00,PENDING
9043,10,1,3965.50,2026-08-16 03:03:00,REFUNDED
9044,5,4,2995.90,2026-08-05 22:12:00,REFUNDED
9045,10,2,674.30,2026-08-07 13:23:00,REFUNDED
9046,3,14,1438.50,2026-08-25 06:36:00,FAILED
9047,8,2,3247.20,2026-08-17 23:36:00,PENDING
9048,10,10,1590.80,2026-08-21 01:02:00,FAILED
9049,4,1,1374.50,2026-08-10 08:59:00,PENDING
9050,1,1,5000,2026-08-01 12:00:00,UNKNOWN_STATUS
9051,9,19,4512.30,2026-08-23 20:56:00,FAILED
9052,3,16,2700.70,2026-08-01 17:45:00,REFUNDED
9053,8,13,1866.60,2026-08-05 12:34:00,REFUNDED
9054,3,15,1272.70,2026-08-03 21:38:00,PENDING
9055,3,17,280.50,2026-08-02 15:57:00,SUCCESS
9056,2,8,4857.10,2026-08-10 04:14:00,PENDING
9057,2,2,1600.50,2026-08-10 09:50:00,FAILED
9058,9,10,3278.50,2026-08-26 20:34:00,REFUNDED
9059,1,12,1996.00,2026-08-02 05:26:00,SUCCESS
9060,2,15,2530.60,2026-08-22 22:39:00,FAILED
9061,2,11,4489.40,2026-08-30 03:41:00,PENDING
9062,10,9,1698.70,2026-08-06 06:17:00,REFUNDED
9063,5,12,525.50,2026-08-02 03:53:00,PENDING
9064,2,6,1455.60,2026-08-17 23:01:00,SUCCESS
9065,6,4,994.70,2026-08-01 08:18:00,FAILED
9066,10,12,2806.10,2026-08-07 11:42:00,REFUNDED
9067,5,3,3296.10,2026-08-17 20:22:00,PENDING
9068,1,20,284.20,2026-08-10 15:03:00,PENDING
9069,5,15,1668.40,2026-08-30 00:19:00,PENDING
9070,1,1,5000,INVALID_DATE_TIME,SUCCESS
9071,10,13,4802.40,2026-08-08 09:39:00,PENDING
9072,5,7,1466.00,2026-08-10 18:14:00,FAILED
9073,1,18,2896.00,2026-08-04 22:27:00,FAILED
9074,9,4,4289.10,2026-08-23 19:17:00,FAILED
9075,2,14,868.50,2026-08-14 17:50:00,PENDING
9076,1,10,510.00,2026-08-15 19:19:00,SUCCESS
9077,3,7,4795.90,2026-08-01 22:20:00,SUCCESS
9078,4,12,757.40,2026-08-18 17:40:00,PENDING
9079,2,3,3485.50,2026-08-19 23:57:00,REFUNDED
9080,4,7,4559.10,2026-08-08 02:24:00,REFUNDED
9081,6,16,2580.00,2026-08-19 23:22:00,REFUNDED
9082,1,11,655.90,2026-08-15 06:24:00,REFUNDED
9083,3,13,3854.90,2026-08-07 10:15:00,SUCCESS
9084,1,1,NOT_A_NUMBER,2026-08-01 12:00:00,SUCCESS
9085,1,18,3674.80,2026-08-04 21:59:00,REFUNDED
9086,1,1,NOT_A_NUMBER,2026-08-01 12:00:00,SUCCESS
9087,4,19,4632.70,2026-08-05 23:50:00,SUCCESS
9088,7,14,4539.00,2026-08-05 05:49:00,PENDING
9089,5,20,4689.00,2026-08-02 15:29:00,REFUNDED
9090,4,13,2369.60,2026-08-19 23:54:00,REFUNDED
9091,6,19,3017.20,2026-08-25 00:01:00,PENDING
9092,7,8,1962.20,2026-08-24 13:14:00,FAILED
9093,7,15,1280.40,2026-08-25 19:38:00,PENDING
9094,3,5,2200.50,2026-08-17 16:21:00,SUCCESS
9095,2,6,4988.90,2026-08-26 14:36:00,SUCCESS
9096,4,10,2439.90,2026-08-18 01:30:00,SUCCESS
9097,4,14,3879.20,2026-08-16 22:18:00,REFUNDED
9098,3,9,2909.50,2026-08-18 04:45:00,PENDING
9099,9,6,1932.10,2026-08-07 00:29:00,SUCCESS
9100,2,1,3246.30,2026-08-10 12:12:00,FAILED
9101,10,8,1999.10,2026-08-22 04:47:00,FAILED
9102,7,5,221.20,2026-08-24 07:36:00,FAILED
9103,1,4,2980.00,2026-08-23 11:51:00,FAILED
9104,9,1,3923.70,2026-08-02 22:08:00,PENDING
9105,2,5,4303.50,2026-08-12 00:34:00,FAILED
9106,5,18,4482.20,2026-08-28 16:14:00,SUCCESS
9107,6,20,1793.80,2026-08-11 20:24:00,PENDING
9108,4,2,3672.00,2026-08-14 20:13:00,SUCCESS
9109,2,1,4869.90,2026-08-08 16:20:00,FAILED
9110,7,3,3314.30,2026-08-26 18:37:00,FAILED
9111,7,5,3957.00,2026-08-13 10:51:00,SUCCESS
9112,6,6,3286.40,2026-08-25 14:47:00,PENDING
9113,2,15,1318.30,2026-08-18 00:56:00,REFUNDED
9114,10,3,3827.80,2026-08-16 18:53:00,PENDING
9115,5,19,4071.50,2026-08-03 10:57:00,REFUNDED
9116,5,5,1824.90,2026-08-19 04:26:00,SUCCESS
9117,6,17,3095.80,2026-08-24 03:17:00,PENDING
9118,2,3,3997.90,2026-08-28 09:23:00,SUCCESS
9119,2,14,1433.80,2026-08-01 11:41:00,REFUNDED
9120,3,2,3498.60,2026-08-16 00:34:00,FAILED
9121,4,6,1029.60,2026-08-01 19:52:00,REFUNDED
9122,3,7,669.10,2026-08-22 06:23:00,PENDING
9123,10,19,4596.60,2026-08-17 11:07:00,REFUNDED
9124,5,8,1844.80,2026-08-03 12:00:00,REFUNDED
9125,4,5,1583.20,2026-08-15 12:24:00,PENDING
9126,8,8,2213.50,2026-08-14 03:44:00,SUCCESS
9127,9,12,4615.80,2026-08-04 14:52:00,PENDING
9128,2,18,3750.10,2026-08-26 06:06:00,FAILED
9129,6,6,620.70,2026-08-28 09:19:00,SUCCESS
9130,7,15,1383.40,2026-08-28 03:18:00,REFUNDED
9131,3,18,1447.00,2026-08-13 06:03:00,PENDING
9132,10,15,1074.60,2026-08-04 07:43:00,REFUNDED
9133,6,16,4004.90,2026-08-03 23:54:00,FAILED
9134,10,12,179.70,2026-08-26 11:51:00,FAILED
9135,7,9,2615.30,2026-08-17 23:17:00,REFUNDED
9136,4,2,1431.20,2026-08-30 12:41:00,SUCCESS
9137,4,1,4627.30,2026-08-11 20:41:00,PENDING
9138,3,9,1079.50,2026-08-14 18:02:00,PENDING
9139,1,9,94.40,2026-08-06 11:30:00,PENDING
9140,1,8,2659.10,2026-08-27 15:09:00,SUCCESS
9141,6,15,2207.40,2026-08-01 14:38:00,REFUNDED
9142,9,7,1033.70,2026-08-30 21:24:00,PENDING
9143,1,2,4617.50,2026-08-23 21:37:00,PENDING
9144,6,2,3617.10,2026-08-11 03:41:00,SUCCESS
9145,5,1,4890.20,2026-08-17 11:39:00,FAILED
9146,5,18,3499.50,2026-08-10 16:46:00,REFUNDED
9147,1,19,3648.60,2026-08-12 11:25:00,PENDING
9148,2,11,1752.80,2026-08-08 15:11:00,FAILED
9149,4,3,3441.80,2026-08-10 13:55:00,PENDING
9150,5,20,3702.60,2026-08-09 08:15:00,REFUNDED
9151,8,4,3459.80,2026-08-29 19:56:00,PENDING
9152,6,18,2208.10,2026-08-23 13:51:00,SUCCESS
9153,7,8,2094.70,2026-08-08 04:24:00,SUCCESS
9154,10,17,4311.80,2026-08-27 15:34:00,PENDING
9155,9,1,3251.90,2026-08-10 04:16:00,SUCCESS
9156,6,12,3912.30,2026-08-08 20:13:00,REFUNDED
9157,10,19,4611.50,2026-08-20 20:34:00,SUCCESS
9158,3,19,530.30,2026-08-23 21:37:00,SUCCESS
9159,6,5,2229.30,2026-08-02 19:51:00,PENDING
9160,4,9,3333.60,2026-08-20 20:49:00,PENDING
9161,8,14,3834.20,2026-08-05 09:39:00,REFUNDED
9162,2,17,2773.50,2026-08-13 19:06:00,FAILED
9163,4,15,558.50,2026-08-08 01:27:00,PENDING
9164,7,1,1226.90,2026-08-28 17:18:00,FAILED
9165,1,15,4374.70,2026-08-18 09:21:00,REFUNDED
9166,10,10,2818.80,2026-08-13 05:18:00,FAILED
9167,9,9,2555.40,2026-08-10 12:09:00,SUCCESS
9168,5,11,4437.80,2026-08-04 01:38:00,PENDING
9169,3,10,2137.90,2026-08-28 06:37:00,PENDING
9170,8,11,3939.70,2026-08-10 04:56:00,REFUNDED
9171,1,2,2937.20,2026-08-15 05:32:00,FAILED
9172,9,2,651.10,2026-08-24 10:55:00,REFUNDED
9173,2,16,2872.90,2026-08-01 10:33:00,FAILED
9174,9,1,1426.50,2026-08-17 05:50:00,REFUNDED
9175,7,7,3473.70,2026-08-19 21:07:00,REFUNDED
9176,7,2,383.80,2026-08-30 19:10:00,SUCCESS
9177,3,17,734.50,2026-08-18 00:52:00,REFUNDED
9178,6,9,4921.90,2026-08-28 08:37:00,PENDING
9179,4,16,180.50,2026-08-28 11:52:00,FAILED
9180,3,7,1867.20,2026-08-04 06:10:00,SUCCESS
9181,1,14,2589.10,2026-08-31 05:15:00,REFUNDED
9182,1,20,2840.10,2026-08-27 07:38:00,REFUNDED
9183,6,9,2404.00,2026-08-12 12:47:00,SUCCESS
9184,7,18,2263.10,2026-08-12 16:30:00,FAILED
9185,8,1,287.90,2026-08-20 19:02:00,SUCCESS
9186,6,13,1209.40,2026-08-05 23:34:00,SUCCESS
9187,7,20,1616.00,2026-08-05 09:15:00,SUCCESS
9188,3,3,216.20,2026-08-31 04:50:00,REFUNDED
9189,8,12,3577.50,2026-08-28 19:36:00,FAILED
9190,10,8,4476.20,2026-08-10 17:15:00,FAILED
9191,4,20,1036.30,2026-08-20 02:32:00,REFUNDED
9192,3,4,522.80,2026-08-02 04:13:00,REFUNDED
9193,5,5,222.60,2026-08-01 20:45:00,SUCCESS
9194,1,10,283.60,2026-08-10 00:29:00,SUCCESS
9195,10,12,1349.70,2026-08-17 18:11:00,SUCCESS
9196,3,3,3627.00,2026-08-29 18:37:00,REFUNDED
9197,2,19,875.20,2026-08-15 04:34:00,REFUNDED
9198,8,11,986.70,2026-08-04 05:48:00,FAILED
9199,4,7,580.40,2026-08-24 19:05:00,PENDING
9200,9,11,3657.90,2026-08-30 15:50:00,PENDING
9201,9,3,738.30,2026-08-18 16:19:00,SUCCESS
9202,3,13,2079.30,2026-08-18 09:00:00,FAILED
9203,6,3,1897.00,2026-08-02 22:56:00,FAILED
9204,5,5,2085.10,2026-08-31 03:28:00,SUCCESS
9205,7,18,1985.10,2026-08-03 22:33:00,PENDING
9206,10,3,4899.40,2026-08-25 01:23:00,REFUNDED
9207,5,15,3125.90,2026-08-04 12:44:00,REFUNDED
9208,7,1,4976.30,2026-08-06 14:34:00,FAILED
9209,7,10,1769.10,2026-08-27 04:06:00,FAILED
9210,9,6,451.30,2026-08-29 02:01:00,REFUNDED
9211,6,20,4840.50,2026-08-19 11:04:00,FAILED
9212,10,18,4582.70,2026-08-11 20:20:00,SUCCESS
9213,3,16,51.60,2026-08-25 18:20:00,PENDING
9214,6,2,2135.10,2026-08-19 13:48:00,PENDING
9215,3,2,2980.60,2026-08-29 10:08:00,REFUNDED
9216,3,12,3688.00,2026-08-14 14:26:00,FAILED
9217,6,17,1441.30,2026-08-13 03:38:00,REFUNDED
9218,7,10,632.40,2026-08-04 19:22:00,PENDING
9219,4,4,3631.30,2026-08-12 08:09:00,SUCCESS
9220,2,16,1214.10,2026-08-20 09:56:00,SUCCESS
9221,7,7,4560.00,2026-08-10 09:05:00,SUCCESS
9222,10,16,3384.70,2026-08-30 06:29:00,PENDING
9223,1,1,4751.80,2026-08-29 05:16:00,SUCCESS
9224,1,9,3025.20,2026-08-28 02:20:00,FAILED
9225,9,3,1447.60,2026-08-06 17:52:00,REFUNDED
9226,6,8,896.40,2026-08-07 08:15:00,PENDING
9227,7,2,2939.90,2026-08-13 20:58:00,SUCCESS
9228,6,10,2816.80,2026-08-21 03:16:00,PENDING
9229,3,18,660.50,2026-08-09 00:30:00,REFUNDED
9230,10,17,3266.00,2026-08-13 18:55:00,REFUNDED
9231,1,19,4375.50,2026-08-07 22:52:00,REFUNDED
9232,3,13,4256.40,2026-08-27 15:26:00,REFUNDED
9233,3,12,1575.20,2026-08-14 20:28:00,PENDING
9234,5,12,2430.30,2026-08-13 18:09:00,PENDING
9235,3,1,947.20,2026-08-30 22:39:00,REFUNDED
9236,7,10,4301.00,2026-08-21 10:46:00,PENDING
9237,6,18,4700.80,2026-08-16 20:57:00,SUCCESS
9238,6,6,3885.60,2026-08-18 04:49:00,PENDING
9239,2,9,3405.90,2026-08-15 08:35:00,REFUNDED
9240,8,3,4819.20,2026-08-08 06:23:00,FAILED
9241,2,14,2043.80,2026-08-04 11:04:00,SUCCESS
9242,3,17,1452.50,2026-08-29 03:56:00,SUCCESS
9243,8,20,2542.00,2026-08-04 22:34:00,REFUNDED
9244,3,9,1896.40,2026-08-06 21:41:00,REFUNDED
9245,8,20,3991.70,2026-08-16 14:52:00,SUCCESS
9246,5,7,3935.60,2026-08-09 05:12:00,PENDING
9247,3,1,3532.20,2026-08-14 07:37:00,REFUNDED
9248,3,19,2763.60,2026-08-23 06:24:00,SUCCESS
9249,7,19,4127.20,2026-08-09 01:42:00,SUCCESS
9250,1,1,5000,INVALID_DATE_TIME,SUCCESS
9251,5,6,4333.30,2026-08-07 16:41:00,PENDING
9252,3,7,4621.80,2026-08-21 03:17:00,SUCCESS
9253,10,5,2668.20,2026-08-24 18:52:00,FAILED
9254,4,10,1481.10,2026-08-10 20:08:00,SUCCESS
9255,4,4,849.30,2026-08-27 04:35:00,FAILED
9256,6,18,694.00,2026-08-17 02:14:00,REFUNDED
9257,9,5,591.50,2026-08-20 02:25:00,SUCCESS
9258,7,5,1769.00,2026-08-10 12:59:00,REFUNDED
9259,1,19,3863.00,2026-08-20 22:13:00,REFUNDED
9260,3,10,281.10,2026-08-23 08:15:00,SUCCESS
9261,8,7,2761.20,2026-08-18 20:43:00,REFUNDED
9262,4,19,4917.30,2026-08-10 13:54:00,SUCCESS
9263,4,1,3609.60,2026-08-14 01:12:00,SUCCESS
9264,8,14,3258.70,2026-08-10 01:19:00,FAILED
9265,8,9,2780.30,2026-08-05 22:18:00,REFUNDED
9266,5,12,382.60,2026-08-10 20:35:00,SUCCESS
9267,2,15,3264.80,2026-08-17 09:51:00,SUCCESS
9268,1,8,3016.60,2026-08-02 01:58:00,SUCCESS
9269,5,8,4844.20,2026-08-09 08:26:00,REFUNDED
9270,9,11,643.90,2026-08-08 22:54:00,PENDING
9271,7,8,1717.20,2026-08-23 14:18:00,SUCCESS
9272,9,4,483.50,2026-08-28 19:44:00,PENDING
9273,4,1,599.30,2026-08-21 13:10:00,REFUNDED
9274,9,8,2730.40,2026-08-22 06:52:00,SUCCESS
9275,8,5,4337.10,2026-08-08 01:27:00,SUCCESS
9276,9,6,4790.70,2026-08-19 06:03:00,REFUNDED
9277,1,10,2820.60,2026-08-23 06:07:00,REFUNDED
9278,4,3,4837.50,2026-08-05 16:56:00,SUCCESS
9279,5,18,3783.60,2026-08-10 00:00:00,SUCCESS
9280,5,5,378.90,2026-08-15 14:41:00,REFUNDED
9281,8,20,86.40,2026-08-29 22:02:00,SUCCESS
9282,2,10,5047.10,2026-08-24 05:14:00,FAILED
9283,10,17,3591.20,2026-08-03 03:43:00,FAILED
9284,7,9,1999.50,2026-08-25 03:47:00,FAILED
9285,6,15,1822.80,2026-08-31 05:55:00,REFUNDED
9286,5,19,2504.50,2026-08-30 01:51:00,FAILED
9287,5,11,92.70,2026-08-16 13:11:00,FAILED
9288,3,17,4354.20,2026-08-07 11:06:00,REFUNDED
9289,6,1,2755.40,2026-08-22 19:32:00,PENDING
9290,1,16,4229.80,2026-08-04 12:28:00,PENDING
9291,3,4,2152.70,2026-08-02 16:19:00,PENDING
9292,1,17,1844.10,2026-08-25 06:18:00,FAILED
9293,8,18,2714.40,2026-08-05 23:26:00,SUCCESS
9294,3,3,1709.10,2026-08-11 02:20:00,REFUNDED
9295,6,16,4518.40,2026-08-19 23:29:00,PENDING
9296,6,20,1845.00,2026-08-08 19:26:00,FAILED
9297,4,3,776.70,2026-08-13 22:24:00,PENDING
9298,3,11,1967.60,2026-08-10 22:20:00,SUCCESS
9299,1,11,2974.50,2026-08-06 13:12:00,REFUNDED
9300,9,16,1163.50,2026-08-08 15:39:00,FAILED
9301,4,20,3663.30,2026-08-05 12:39:00,PENDING
9302,5,4,3639.80,2026-08-17 02:39:00,SUCCESS
9303,10,12,2253.20,2026-08-18 21:42:00,FAILED
9304,4,1,3008.50,2026-08-16 16:18:00,SUCCESS
9305,9,11,3287.10,2026-08-29 01:48:00,REFUNDED
9306,1,100.00
9307,4,4,3399.80,2026-08-15 08:11:00,PENDING
9308,3,6,4075.20,2026-08-18 14:13:00,PENDING
9309,10,6,3554.60,2026-08-05 16:42:00,FAILED
9310,6,1,2815.70,2026-08-14 15:43:00,REFUNDED
9311,3,8,1482.70,2026-08-08 13:39:00,SUCCESS
9312,10,1,1765.20,2026-08-08 14:45:00,SUCCESS
9313,1,20,4723.10,2026-08-02 15:33:00,REFUNDED
9314,6,9,4486.10,2026-08-29 09:16:00,SUCCESS
9315,1,7,1956.90,2026-08-03 22:44:00,FAILED
9316,2,19,2285.40,2026-08-09 02:05:00,SUCCESS
9317,7,4,2722.10,2026-08-30 19:04:00,REFUNDED
9318,8,14,4159.80,2026-08-22 22:18:00,SUCCESS
9319,9,5,1860.00,2026-08-20 01:51:00,FAILED
9320,6,19,3545.50,2026-08-30 10:23:00,PENDING
9321,9,3,4254.60,2026-08-06 20:07:00,REFUNDED
9322,2,3,2451.10,2026-08-07 00:29:00,REFUNDED
9323,5,20,2636.60,2026-08-13 02:12:00,FAILED
9324,8,13,4417.50,2026-08-14 09:54:00,SUCCESS
9325,8,16,3122.30,2026-08-21 10:09:00,PENDING
9326,2,19,3670.10,2026-08-13 20:21:00,FAILED
9327,1,100.00
9328,7,13,2833.70,2026-08-10 12:29:00,REFUNDED
9329,8,18,1746.10,2026-08-16 22:23:00,REFUNDED
9330,2,1,2095.70,2026-08-22 19:50:00,PENDING
9331,9,12,3311.60,2026-08-10 11:35:00,REFUNDED
9332,9,12,949.30,2026-08-27 07:21:00,FAILED
9333,7,17,878.80,2026-08-16 03:51:00,SUCCESS
9334,7,20,501.00,2026-08-17 09:01:00,PENDING
9335,8,8,2761.80,2026-08-14 13:07:00,REFUNDED
9336,10,8,751.60,2026-08-19 06:26:00,PENDING
9337,1,16,1101.10,2026-08-24 06:32:00,REFUNDED
9338,8,2,3569.10,2026-08-13 09:38:00,SUCCESS
9339,3,18,1476.80,2026-08-23 03:04:00,PENDING
9340,4,11,1391.50,2026-08-28 11:16:00,FAILED
9341,10,20,1268.50,2026-08-04 21:55:00,FAILED
9342,2,19,2014.90,2026-08-12 06:25:00,SUCCESS
9343,7,19,546.10,2026-08-18 04:02:00,SUCCESS
9344,8,11,1784.90,2026-08-05 00:36:00,REFUNDED
9345,8,12,2671.70,2026-08-08 15:42:00,REFUNDED
9346,6,14,3243.20,2026-08-20 05:16:00,SUCCESS
9347,1,1,5000,2026-08-01 12:00:00,UNKNOWN_STATUS
9348,1,11,3085.90,2026-08-17 07:28:00,SUCCESS
9349,1,4,1924.50,2026-08-21 10:09:00,SUCCESS
9350,8,17,3301.80,2026-08-22 22:01:00,PENDING
9351,4,5,4609.40,2026-08-27 13:54:00,FAILED
9352,8,18,3061.20,2026-08-28 12:56:00,FAILED
9353,8,8,2722.00,2026-08-12 18:00:00,REFUNDED
9354,8,6,4529.70,2026-08-17 03:06:00,PENDING
9355,1,5,1966.00,2026-08-28 20:15:00,SUCCESS
9356,6,16,2636.70,2026-08-13 00:41:00,REFUNDED
9357,10,3,4951.30,2026-08-10 17:03:00,REFUNDED
9358,7,2,3843.40,2026-08-30 23:33:00,FAILED
9359,9,19,1236.20,2026-08-09 12:45:00,SUCCESS
9360,8,10,2815.70,2026-08-19 02:39:00,FAILED
9361,1,9,2055.30,2026-08-06 11:18:00,FAILED
9362,2,11,4805.40,2026-08-15 13:33:00,PENDING
9363,3,17,4564.60,2026-08-04 14:19:00,PENDING
9364,2,10,1162.20,2026-08-15 00:03:00,FAILED
9365,5,15,2914.90,2026-08-04 23:29:00,SUCCESS
9366,1,15,883.10,2026-08-13 06:34:00,PENDING
9367,10,5,3153.70,2026-08-26 22:08:00,SUCCESS
9368,1,16,221.60,2026-08-03 03:26:00,SUCCESS
9369,7,6,1999.20,2026-08-08 16:57:00,SUCCESS
9370,10,19,3105.80,2026-08-21 23:02:00,REFUNDED
9371,3,18,2078.10,2026-08-03 21:51:00,REFUNDED
9372,4,18,1282.80,2026-08-06 07:15:00,PENDING
9373,10,2,1553.10,2026-08-21 03:01:00,FAILED
9374,3,3,4251.10,2026-08-15 13:49:00,REFUNDED
9375,3,16,4602.10,2026-08-16 22:09:00,SUCCESS
9376,1,7,3644.10,2026-08-11 06:22:00,SUCCESS
9377,8,9,4339.80,2026-08-22 01:01:00,REFUNDED
9378,5,18,1917.50,2026-08-24 06:16:00,SUCCESS
9379,3,15,139.30,2026-08-26 08:48:00,REFUNDED
9380,5,18,5026.90,2026-08-05 08:56:00,PENDING
9381,9,2,256.90,2026-08-17 06:26:00,SUCCESS
9382,9,14,2421.60,2026-08-15 10:24:00,REFUNDED
9383,4,16,1305.10,2026-08-24 12:40:00,FAILED
9384,3,8,1950.10,2026-08-23 05:55:00,SUCCESS
9385,8,6,4391.90,2026-08-07 01:19:00,FAILED
9386,8,4,5009.90,2026-08-02 04:27:00,SUCCESS
9387,9,16,539.90,2026-08-09 09:53:00,REFUNDED
9388,7,18,1190.50,2026-08-26 17:38:00,PENDING
9389,2,4,4846.80,2026-08-18 18:26:00,FAILED
9390,8,12,2467.30,2026-08-03 22:57:00,REFUNDED
9391,1,10,2565.90,2026-08-16 14:52:00,SUCCESS
9392,1,100.00
9393,7,20,142.80,2026-08-07 07:09:00,REFUNDED
9394,1,1,5000,2026-08-01 12:00:00,UNKNOWN_STATUS
9395,9,9,658.30,2026-08-17 02:53:00,SUCCESS
9396,5,12,3953.40,2026-08-21 21:28:00,PENDING
9397,8,13,628.00,2026-08-15 06:11:00,SUCCESS
9398,2,3,2271.90,2026-08-30 17:35:00,REFUNDED
9399,8,13,4392.10,2026-08-24 17:15:00,REFUNDED
9400,9,6,1522.10,2026-08-18 04:03:00,REFUNDED
9401,5,20,2277.10,2026-08-25 11:38:00,SUCCESS
9402,2,18,59.80,2026-08-19 06:37:00,SUCCESS
9403,7,4,877.70,2026-08-20 16:22:00,PENDING
9404,8,10,802.50,2026-08-07 22:10:00,PENDING
9405,4,2,1913.20,2026-08-28 04:04:00,REFUNDED
9406,10,9,1263.80,2026-08-19 22:33:00,REFUNDED
9407,2,19,2486.40,2026-08-07 11:10:00,REFUNDED
9408,2,4,479.50,2026-08-26 14:14:00,SUCCESS
9409,1,15,1592.10,2026-08-20 18:01:00,FAILED
9410,6,11,3437.60,2026-08-22 14:25:00,FAILED
9411,1,1,NOT_A_NUMBER,2026-08-01 12:00:00,SUCCESS
9412,8,12,466.50,2026-08-17 16:56:00,REFUNDED
9413,6,2,2660.10,2026-08-16 13:32:00,REFUNDED
9414,8,17,3701.50,2026-08-18 23:16:00,SUCCESS
9415,5,1,2621.70,2026-08-27 14:24:00,REFUNDED
9416,7,1,4666.50,2026-08-28 03:58:00,FAILED
9417,4,18,1031.60,2026-08-30 07:22:00,PENDING
9418,9,20,1217.30,2026-08-09 09:49:00,PENDING
9419,10,20,2656.10,2026-08-16 13:23:00,REFUNDED
9420,2,1,2198.30,2026-08-15 01:21:00,REFUNDED
9421,10,20,1481.90,2026-08-08 13:28:00,FAILED
9422,5,19,1075.80,2026-08-03 21:02:00,PENDING
9423,8,5,4797.40,2026-08-20 04:21:00,FAILED
9424,5,12,3060.10,2026-08-03 02:24:00,FAILED
9425,5,1,275.30,2026-08-08 05:04:00,REFUNDED
9426,5,5,1278.40,2026-08-22 04:04:00,SUCCESS
9427,10,11,948.80,2026-08-22 23:51:00,SUCCESS
9428,1,8,1287.70,2026-08-18 00:18:00,PENDING
9429,1,1,4016.80,2026-08-17 03:28:00,PENDING
9430,5,14,3079.60,2026-08-15 22:46:00,PENDING
9431,3,17,100.60,2026-08-13 19:46:00,REFUNDED
9432,1,18,4337.40,2026-08-09 19:47:00,PENDING
9433,10,13,2742.80,2026-08-04 18:35:00,PENDING
9434,9,10,3065.40,2026-08-10 16:58:00,SUCCESS
9435,5,12,3566.70,2026-08-07 15:46:00,SUCCESS
9436,1,7,2767.30,2026-08-30 06:33:00,FAILED
9437,5,16,690.20,2026-08-06 09:25:00,FAILED
9438,8,10,4118.70,2026-08-23 21:04:00,PENDING
9439,10,20,1760.20,2026-08-06 05:59:00,FAILED
9440,7,18,886.80,2026-08-21 06:49:00,REFUNDED
9441,7,10,3192.10,2026-08-15 08:39:00,SUCCESS
9442,3,7,3462.90,2026-08-20 14:59:00,SUCCESS
9443,2,8,1682.90,2026-08-28 10:46:00,FAILED
9444,3,7,2333.90,2026-08-06 23:25:00,PENDING
9445,1,16,656.80,2026-08-18 05:07:00,FAILED
9446,1,19,3550.30,2026-08-09 01:49:00,FAILED
9447,9,18,4924.20,2026-08-01 10:12:00,PENDING
9448,1,12,2710.60,2026-08-19 07:26:00,PENDING
9449,4,7,1942.50,2026-08-29 12:29:00,PENDING
9450,2,1,1618.50,2026-08-12 16:21:00,SUCCESS
9451,3,14,2563.10,2026-08-19 11:44:00,PENDING
9452,6,13,4459.10,2026-08-25 20:04:00,FAILED
9453,2,20,4308.60,2026-08-01 15:15:00,REFUNDED
9454,1,7,3030.80,2026-08-15 03:30:00,PENDING
9455,5,19,1942.30,2026-08-29 21:34:00,FAILED
9456,8,5,2924.90,2026-08-01 23:48:00,FAILED
9457,4,3,2923.00,2026-08-14 18:36:00,FAILED
9458,7,1,4770.50,2026-08-22 17:35:00,PENDING
9459,2,18,3611.30,2026-08-25 14:24:00,FAILED
9460,3,5,4792.90,2026-08-10 08:38:00,SUCCESS
9461,6,3,375.70,2026-08-16 09:53:00,FAILED
9462,3,20,3227.50,2026-08-23 08:37:00,FAILED
9463,9,17,2029.20,2026-08-04 22:45:00,FAILED
9464,3,8,978.40,2026-08-11 03:13:00,PENDING
9465,2,8,3077.90,2026-08-27 10:18:00,PENDING
9466,10,5,3551.40,2026-08-22 03:26:00,FAILED
9467,5,20,3836.20,2026-08-26 14:48:00,FAILED
9468,2,6,3207.40,2026-08-11 11:16:00,FAILED
9469,1,2,2834.70,2026-08-09 15:37:00,FAILED
9470,3,6,2156.90,2026-08-05 23:53:00,PENDING
9471,3,3,2896.10,2026-08-16 04:52:00,FAILED
9472,8,6,2172.20,2026-08-03 20:34:00,SUCCESS
9473,7,19,780.60,2026-08-16 14:51:00,FAILED
9474,7,8,1361.40,2026-08-18 00:14:00,SUCCESS
9475,1,5,4544.90,2026-08-16 19:54:00,SUCCESS
9476,10,14,551.40,2026-08-11 01:25:00,FAILED
9477,7,4,3363.20,2026-08-22 15:31:00,REFUNDED
9478,4,15,2783.30,2026-08-22 17:30:00,PENDING
9479,8,16,4883.80,2026-08-28 16:01:00,SUCCESS
9480,7,18,300.60,2026-08-28 01:14:00,PENDING
9481,3,13,358.30,2026-08-16 03:17:00,REFUNDED
9482,5,7,5021.10,2026-08-03 09:48:00,REFUNDED
9483,8,16,3084.90,2026-08-02 08:39:00,PENDING
9484,2,16,3145.80,2026-08-09 21:21:00,PENDING
9485,8,6,1133.10,2026-08-12 03:55:00,PENDING
9486,8,19,2128.30,2026-08-10 11:57:00,FAILED
9487,8,7,4622.10,2026-08-21 04:26:00,FAILED
9488,7,1,908.20,2026-08-02 23:40:00,REFUNDED
9489,2,11,3178.40,2026-08-07 09:13:00,FAILED
9490,10,18,717.80,2026-08-28 18:12:00,SUCCESS
9491,9,5,4710.80,2026-08-07 04:07:00,PENDING
9492,2,19,4658.00,2026-08-13 06:19:00,SUCCESS
9493,3,16,3840.10,2026-08-11 22:24:00,SUCCESS
9494,3,17,3470.00,2026-08-14 01:32:00,FAILED
9495,5,10,2978.70,2026-08-24 20:17:00,REFUNDED
9496,4,12,612.40,2026-08-02 15:10:00,PENDING
9497,6,1,2531.80,2026-08-10 09:04:00,REFUNDED
9498,6,10,512.90,2026-08-12 06:25:00,REFUNDED
9499,1,16,824.00,2026-08-12 02:14:00,FAILED
9500,4,13,3964.60,2026-08-02 05:19:00,SUCCESS
9501,7,4,1860.90,2026-08-12 13:14:00,SUCCESS
9502,5,13,4574.40,2026-08-24 10:23:00,REFUNDED
9503,6,2,2510.00,2026-08-05 02:19:00,SUCCESS
9504,6,20,1014.30,2026-08-02 12:54:00,REFUNDED
9505,10,20,1091.30,2026-08-02 12:37:00,PENDING
9506,1,10,2079.10,2026-08-04 21:13:00,SUCCESS
9507,7,19,4688.00,2026-08-21 22:58:00,PENDING
9508,9,1,1889.00,2026-08-18 23:42:00,REFUNDED
9509,7,4,3658.60,2026-08-22 22:39:00,REFUNDED
9510,9,6,4367.80,2026-08-01 19:39:00,REFUNDED
9511,5,8,245.80,2026-08-25 06:00:00,REFUNDED
9512,9,20,1276.30,2026-08-19 20:00:00,FAILED
9513,2,14,4266.80,2026-08-28 04:57:00,FAILED
9514,8,2,4407.20,2026-08-26 08:13:00,PENDING
9515,6,16,2652.70,2026-08-03 18:39:00,FAILED
9516,1,7,4355.50,2026-08-12 07:22:00,FAILED
9517,1,100.00
9518,8,6,1480.30,2026-08-27 22:20:00,REFUNDED
9519,10,16,781.20,2026-08-14 08:15:00,PENDING
9520,5,20,1959.60,2026-08-13 06:00:00,FAILED
9521,1,12,4635.90,2026-08-20 07:37:00,SUCCESS
9522,5,13,2278.60,2026-08-11 13:46:00,SUCCESS
9523,1,9,1402.40,2026-08-21 20:10:00,SUCCESS
9524,5,3,3344.80,2026-08-11 09:34:00,FAILED
9525,4,3,4670.80,2026-08-23 21:01:00,FAILED
9526,9,8,2481.40,2026-08-19 00:52:00,SUCCESS
9527,8,9,140.90,2026-08-11 05:15:00,REFUNDED
9528,10,1,1320.30,2026-08-03 21:20:00,SUCCESS
9529,3,19,2361.80,2026-08-01 16:37:00,REFUNDED
9530,10,11,1516.50,2026-08-23 01:03:00,FAILED
9531,10,16,1257.30,2026-08-22 06:32:00,REFUNDED
9532,1,4,2794.40,2026-08-15 18:28:00,FAILED
9533,7,5,4113.20,2026-08-28 11:53:00,REFUNDED
9534,1,12,1780.80,2026-08-05 03:23:00,FAILED
9535,5,12,2096.50,2026-08-27 06:17:00,PENDING
9536,4,5,3555.60,2026-08-16 09:46:00,FAILED
9537,6,17,4454.20,2026-08-21 23:56:00,SUCCESS
9538,4,8,4802.30,2026-08-18 16:54:00,SUCCESS
9539,6,8,1271.30,2026-08-14 11:52:00,SUCCESS
9540,4,13,1997.20,2026-08-26 01:18:00,PENDING
9541,6,7,1564.90,2026-08-12 19:02:00,REFUNDED
9542,4,12,1017.30,2026-08-25 21:39:00,FAILED
9543,5,7,1913.90,2026-08-28 06:54:00,FAILED
9544,6,6,854.00,2026-08-10 23:30:00,PENDING
9545,2,11,914.20,2026-08-26 03:31:00,REFUNDED
9546,1,5,3131.70,2026-08-01 22:43:00,FAILED
9547,9,8,1847.10,2026-08-27 02:47:00,PENDING
9548,8,19,1934.20,2026-08-10 06:50:00,REFUNDED
9549,3,10,391.40,2026-08-01 09:18:00,PENDING
9550,10,12,1977.80,2026-08-16 18:01:00,SUCCESS
9551,9,6,3802.80,2026-08-11 12:26:00,SUCCESS
9552,10,18,1744.20,2026-08-06 02:39:00,REFUNDED
9553,5,11,4095.40,2026-08-12 22:57:00,FAILED
9554,1,2,3695.60,2026-08-10 06:25:00,REFUNDED
9555,6,3,2647.00,2026-08-19 01:02:00,SUCCESS
9556,2,9,472.70,2026-08-14 23:31:00,FAILED
9557,2,9,3108.10,2026-08-02 00:40:00,FAILED
9558,8,19,418.70,2026-08-10 05:54:00,PENDING
9559,3,13,1190.90,2026-08-14 14:50:00,REFUNDED
9560,6,16,3194.80,2026-08-06 23:14:00,SUCCESS
9561,1,1,1443.10,2026-08-27 09:37:00,FAILED
9562,1,3,1429.60,2026-08-11 10:11:00,REFUNDED
9563,2,6,5014.20,2026-08-06 18:24:00,PENDING
9564,10,19,1739.30,2026-08-30 05:31:00,SUCCESS
9565,3,18,4298.80,2026-08-04 11:54:00,SUCCESS
9566,9,15,2645.70,2026-08-03 09:40:00,REFUNDED
9567,7,17,1788.20,2026-08-07 10:07:00,PENDING
9568,3,19,1144.80,2026-08-27 14:51:00,PENDING
9569,1,12,3783.40,2026-08-10 15:39:00,REFUNDED
9570,2,9,4265.00,2026-08-11 03:31:00,PENDING
9571,5,3,3818.40,2026-08-10 20:57:00,FAILED
9572,1,14,4869.50,2026-08-12 00:29:00,REFUNDED
9573,10,18,1603.90,2026-08-20 23:00:00,PENDING
9574,6,15,1019.90,2026-08-04 08:13:00,FAILED
9575,8,6,1347.00,2026-08-03 06:11:00,REFUNDED
9576,1,5,1043.20,2026-08-15 04:12:00,REFUNDED
9577,9,18,1020.20,2026-08-14 00:41:00,FAILED
9578,5,18,3016.20,2026-08-04 10:47:00,FAILED
9579,8,8,723.80,2026-08-29 06:39:00,PENDING
9580,10,12,5033.90,2026-08-16 12:38:00,SUCCESS
9581,5,17,882.80,2026-08-10 21:25:00,REFUNDED
9582,7,17,2461.10,2026-08-07 19:20:00,REFUNDED
9583,9,5,1382.80,2026-08-14 13:58:00,SUCCESS
9584,4,8,2167.90,2026-08-22 11:59:00,PENDING
9585,9,6,3032.10,2026-08-09 12:21:00,PENDING
9586,5,13,2526.30,2026-08-15 05:42:00,PENDING
9587,8,15,144.50,2026-08-03 11:05:00,REFUNDED
9588,9,6,880.90,2026-08-26 04:58:00,FAILED
9589,1,5,2255.40,2026-08-17 11:11:00,REFUNDED
9590,3,4,4435.30,2026-08-20 12:00:00,FAILED
9591,4,20,1119.30,2026-08-20 01:37:00,SUCCESS
9592,2,2,4781.70,2026-08-05 21:56:00,FAILED
9593,3,6,185.70,2026-08-19 05:06:00,FAILED
9594,10,1,2879.20,2026-08-19 15:48:00,PENDING
9595,6,4,4458.70,2026-08-17 17:10:00,PENDING
9596,8,6,2330.10,2026-08-13 14:47:00,REFUNDED
9597,9,1,1069.80,2026-08-06 21:53:00,SUCCESS
9598,3,12,787.30,2026-08-06 16:29:00,SUCCESS
9599,9,5,2386.40,2026-08-07 19:45:00,SUCCESS
9600,7,1,359.20,2026-08-19 18:28:00,SUCCESS
9601,9,13,3627.20,2026-08-13 16:39:00,SUCCESS
9602,5,17,3696.00,2026-08-13 15:03:00,FAILED
9603,4,4,1148.50,2026-08-30 05:05:00,PENDING
9604,7,18,2736.40,2026-08-28 03:25:00,REFUNDED
9605,5,13,125.20,2026-08-11 13:58:00,FAILED
9606,5,17,4537.30,2026-08-24 05:52:00,FAILED
9607,10,4,2570.40,2026-08-04 13:52:00,REFUNDED
9608,3,7,2605.90,2026-08-18 08:08:00,SUCCESS
9609,5,14,2210.70,2026-08-28 16:13:00,SUCCESS
9610,5,4,1596.60,2026-08-15 00:47:00,REFUNDED
9611,10,15,722.00,2026-08-15 16:43:00,PENDING
9612,8,7,3373.40,2026-08-09 12:52:00,PENDING
9613,8,20,3318.80,2026-08-22 14:46:00,REFUNDED
9614,1,1,3613.00,2026-08-17 10:16:00,REFUNDED
9615,6,20,1822.90,2026-08-10 07:13:00,PENDING
9616,6,7,2788.20,2026-08-31 04:19:00,PENDING
9617,6,14,533.80,2026-08-18 16:04:00,SUCCESS
9618,1,1,5000,2026-08-01 12:00:00,UNKNOWN_STATUS
9619,6,8,4234.60,2026-08-29 18:28:00,FAILED
9620,8,1,3826.70,2026-08-25 03:22:00,PENDING
9621,3,1,1271.30,2026-08-15 08:16:00,PENDING
9622,4,8,2914.50,2026-08-15 01:02:00,SUCCESS
9623,8,1,3477.50,2026-08-24 18:47:00,FAILED
9624,9,1,4811.50,2026-08-28 15:58:00,PENDING
9625,1,15,2795.70,2026-08-18 08:34:00,PENDING
9626,7,19,4877.70,2026-08-09 09:41:00,REFUNDED
9627,8,13,1345.70,2026-08-18 08:03:00,SUCCESS
9628,3,11,642.10,2026-08-03 05:43:00,FAILED
9629,6,11,1161.10,2026-08-03 01:12:00,FAILED
9630,1,17,4832.70,2026-08-05 15:43:00,SUCCESS
9631,2,19,3189.50,2026-08-24 10:00:00,SUCCESS
9632,7,13,2071.50,2026-08-22 02:53:00,SUCCESS
9633,4,2,5049.80,2026-08-18 15:33:00,PENDING
9634,7,4,938.60,2026-08-21 18:11:00,REFUNDED
9635,5,6,799.80,2026-08-05 19:29:00,FAILED
9636,1,3,4989.90,2026-08-21 07:11:00,PENDING
9637,9,20,3388.80,2026-08-06 09:38:00,SUCCESS
9638,4,10,1022.00,2026-08-01 22:47:00,PENDING
9639,8,8,3564.10,2026-08-15 11:58:00,FAILED
9640,4,5,702.60,2026-08-20 10:49:00,REFUNDED
9641,9,20,756.80,2026-08-02 14:16:00,SUCCESS
9642,7,2,4474.30,2026-08-23 14:03:00,PENDING
9643,2,10,2916.30,2026-08-06 14:54:00,REFUNDED
9644,10,16,669.10,2026-08-14 22:24:00,PENDING
9645,9,18,4661.90,2026-08-29 17:15:00,FAILED
9646,10,7,466.20,2026-08-16 01:46:00,PENDING
9647,4,13,3103.60,2026-08-09 19:07:00,REFUNDED
9648,8,2,3919.10,2026-08-18 16:35:00,SUCCESS
9649,8,15,1056.30,2026-08-25 14:43:00,REFUNDED
9650,3,9,378.00,2026-08-02 03:04:00,REFUNDED
9651,1,1,5000,INVALID_DATE_TIME,SUCCESS
9652,1,15,3968.10,2026-08-24 01:23:00,SUCCESS
9653,8,19,3436.10,2026-08-26 13:43:00,PENDING
9654,3,17,4266.50,2026-08-31 03:33:00,FAILED
9655,8,15,4733.90,2026-08-24 11:20:00,REFUNDED
9656,2,3,901.40,2026-08-18 05:18:00,PENDING
9657,9,10,2872.60,2026-08-08 06:41:00,FAILED
9658,9,14,2710.80,2026-08-29 17:42:00,REFUNDED
9659,9,17,2389.30,2026-08-09 02:20:00,SUCCESS
9660,2,16,4397.80,2026-08-08 14:52:00,REFUNDED
9661,5,5,1447.70,2026-08-31 01:53:00,SUCCESS
9662,2,2,3274.60,2026-08-24 10:51:00,REFUNDED
9663,1,15,1541.80,2026-08-05 04:45:00,SUCCESS
9664,4,10,1615.10,2026-08-13 02:23:00,REFUNDED
9665,4,11,544.10,2026-08-05 21:57:00,PENDING
9666,2,9,3885.80,2026-08-27 19:59:00,PENDING
9667,4,6,2471.60,2026-08-10 07:58:00,PENDING
9668,6,12,4712.80,2026-08-30 03:25:00,SUCCESS
9669,1,4,533.40,2026-08-13 16:12:00,REFUNDED
9670,3,20,2914.80,2026-08-19 08:30:00,PENDING
9671,9,19,4244.40,2026-08-02 09:00:00,FAILED
9672,4,6,885.10,2026-08-17 10:09:00,FAILED
9673,1,1,NOT_A_NUMBER,2026-08-01 12:00:00,SUCCESS
9674,2,4,3853.70,2026-08-29 20:20:00,SUCCESS
9675,10,12,2044.90,2026-08-31 04:38:00,SUCCESS
9676,2,1,4848.10,2026-08-10 10:18:00,REFUNDED
9677,9,6,1423.80,2026-08-07 00:35:00,REFUNDED
9678,7,4,441.80,2026-08-16 09:02:00,FAILED
9679,5,7,4511.80,2026-08-05 03:12:00,PENDING
9680,7,7,4637.10,2026-08-02 19:08:00,PENDING
9681,10,13,2278.00,2026-08-27 22:09:00,FAILED
9682,9,8,4682.90,2026-08-13 20:16:00,SUCCESS
9683,7,10,3663.40,2026-08-05 05:40:00,PENDING
9684,6,13,4544.70,2026-08-15 09:53:00,REFUNDED
9685,2,9,981.50,2026-08-04 08:24:00,FAILED
9686,5,3,377.40,2026-08-20 03:27:00,SUCCESS
9687,5,20,1337.60,2026-08-03 21:50:00,SUCCESS
9688,3,9,1004.10,2026-08-01 18:02:00,PENDING
9689,8,11,229.60,2026-08-31 02:53:00,REFUNDED
9690,8,12,2836.00,2026-08-13 12:09:00,SUCCESS
9691,7,10,1302.90,2026-08-03 04:42:00,REFUNDED
9692,8,20,1776.00,2026-08-24 03:48:00,PENDING
9693,6,5,4489.00,2026-08-13 17:06:00,FAILED
9694,10,11,1518.70,2026-08-06 22:33:00,SUCCESS
9695,1,13,4430.90,2026-08-03 14:06:00,SUCCESS
9696,7,9,3804.80,2026-08-12 22:13:00,PENDING
9697,5,10,755.60,2026-08-22 15:56:00,SUCCESS
9698,10,17,4842.90,2026-08-16 02:28:00,FAILED
9699,7,8,1601.50,2026-08-06 12:23:00,FAILED
9700,3,12,1908.90,2026-08-09 01:16:00,FAILED
9701,4,1,290.60,2026-08-29 06:13:00,FAILED
9702,2,10,3954.70,2026-08-11 12:38:00,REFUNDED
9703,6,8,3068.10,2026-08-06 15:51:00,FAILED
9704,3,19,1398.60,2026-08-12 17:01:00,FAILED
9705,9,3,2740.40,2026-08-30 02:06:00,SUCCESS
9706,10,16,2779.90,2026-08-02 10:55:00,PENDING
9707,3,13,4096.10,2026-08-23 07:22:00,REFUNDED
9708,1,6,1297.30,2026-08-15 08:39:00,PENDING
9709,10,7,4267.00,2026-08-11 17:52:00,PENDING
9710,1,13,1104.50,2026-08-27 11:35:00,REFUNDED
9711,1,7,1949.60,2026-08-13 00:53:00,PENDING
9712,5,19,3161.40,2026-08-01 20:46:00,SUCCESS
9713,7,8,3336.90,2026-08-02 12:02:00,PENDING
9714,7,16,2893.80,2026-08-28 08:21:00,PENDING
9715,7,20,1440.10,2026-08-17 05:09:00,PENDING
9716,8,20,3587.10,2026-08-30 06:49:00,SUCCESS
9717,5,9,1503.90,2026-08-27 03:35:00,SUCCESS
9718,10,19,3145.60,2026-08-26 16:01:00,REFUNDED
9719,4,4,1343.90,2026-08-24 04:35:00,REFUNDED
9720,3,10,4013.30,2026-08-13 19:08:00,SUCCESS
9721,7,20,3666.30,2026-08-02 01:38:00,SUCCESS
9722,9,6,4329.70,2026-08-20 11:18:00,FAILED
9723,9,18,1558.30,2026-08-20 15:08:00,REFUNDED
9724,1,9,3757.50,2026-08-15 16:40:00,PENDING
9725,7,19,1674.00,2026-08-10 13:36:00,FAILED
9726,8,8,1751.80,2026-08-31 04:28:00,SUCCESS
9727,9,4,279.60,2026-08-26 09:39:00,PENDING
9728,4,18,3143.20,2026-08-28 13:33:00,SUCCESS
9729,5,1,4074.30,2026-08-02 22:44:00,PENDING
9730,10,17,3737.40,2026-08-25 22:33:00,REFUNDED
9731,10,14,308.50,2026-08-14 13:10:00,SUCCESS
9732,10,20,2795.00,2026-08-18 09:44:00,SUCCESS
9733,5,1,2040.50,2026-08-10 10:43:00,REFUNDED
9734,5,6,2575.50,2026-08-23 00:44:00,FAILED
9735,10,4,310.60,2026-08-22 07:21:00,SUCCESS
9736,5,3,1934.10,2026-08-20 01:24:00,PENDING
9737,7,7,4718.10,2026-08-18 04:42:00,PENDING
9738,1,17,3359.00,2026-08-26 09:48:00,REFUNDED
9739,10,16,2985.40,2026-08-15 15:18:00,PENDING
9740,5,10,1141.10,2026-08-05 18:36:00,PENDING
9741,6,14,3246.80,2026-08-18 04:05:00,SUCCESS
9742,4,4,4827.20,2026-08-28 00:47:00,FAILED
9743,6,4,3457.70,2026-08-25 05:39:00,REFUNDED
9744,6,19,1158.60,2026-08-16 18:53:00,SUCCESS
9745,9,13,1171.40,2026-08-10 04:46:00,SUCCESS
9746,3,2,1837.40,2026-08-15 05:55:00,SUCCESS
9747,10,17,2970.40,2026-08-29 19:51:00,REFUNDED
9748,7,19,901.00,2026-08-13 17:26:00,FAILED
9749,8,4,3290.00,2026-08-23 13:45:00,REFUNDED
9750,9,2,1153.80,2026-08-13 13:28:00,SUCCESS
9751,5,17,3167.00,2026-08-07 09:28:00,FAILED
9752,1,6,1987.60,2026-08-15 19:57:00,PENDING
9753,9,16,2331.50,2026-08-06 12:26:00,SUCCESS
9754,4,12,4444.50,2026-08-29 01:36:00,FAILED
9755,3,19,1485.00,2026-08-23 12:22:00,PENDING
9756,5,6,3796.00,2026-08-29 07:27:00,PENDING
9757,8,10,3586.20,2026-08-01 11:26:00,SUCCESS
9758,1,19,106.70,2026-08-16 17:59:00,SUCCESS
9759,5,5,2514.30,2026-08-11 19:25:00,REFUNDED
9760,5,18,3731.20,2026-08-26 20:27:00,PENDING
9761,8,11,3840.50,2026-08-06 18:33:00,SUCCESS
9762,5,8,1916.40,2026-08-27 17:22:00,REFUNDED
9763,10,7,2707.50,2026-08-25 16:59:00,PENDING
9764,5,15,258.70,2026-08-13 02:21:00,PENDING
9765,1,3,3326.80,2026-08-26 19:56:00,FAILED
9766,1,1,3652.50,2026-08-21 20:37:00,SUCCESS
9767,10,3,3487.70,2026-08-08 19:23:00,FAILED
9768,9,17,2971.70,2026-08-16 12:31:00,SUCCESS
9769,5,12,194.20,2026-08-05 13:56:00,FAILED
9770,5,15,3040.10,2026-08-15 23:46:00,SUCCESS
9771,10,14,1232.30,2026-08-16 18:42:00,SUCCESS
9772,10,14,1389.80,2026-08-13 01:57:00,PENDING
9773,8,19,573.90,2026-08-13 02:22:00,SUCCESS
9774,9,20,4838.50,2026-08-05 06:36:00,FAILED
9775,9,20,2326.80,2026-08-25 17:46:00,SUCCESS
9776,4,10,2214.00,2026-08-23 16:28:00,REFUNDED
9777,4,17,1602.50,2026-08-14 00:52:00,PENDING
9778,4,8,4708.10,2026-08-13 07:04:00,SUCCESS
9779,5,4,3489.20,2026-08-23 01:53:00,SUCCESS
9780,9,19,2501.00,2026-08-23 23:17:00,SUCCESS
9781,5,14,3359.80,2026-08-03 03:58:00,FAILED
9782,2,15,2801.90,2026-08-29 08:07:00,SUCCESS
9783,4,16,4248.90,2026-08-04 22:40:00,PENDING
9784,9,7,401.00,2026-08-16 04:56:00,SUCCESS
9785,8,15,1036.80,2026-08-07 15:11:00,FAILED
9786,6,18,3353.00,2026-08-02 07:21:00,FAILED
9787,8,1,1179.60,2026-08-05 16:30:00,FAILED
9788,6,11,3547.40,2026-08-20 23:14:00,PENDING
9789,2,19,3339.80,2026-08-13 09:39:00,SUCCESS
9790,6,9,3150.10,2026-08-28 20:06:00,PENDING
9791,9,19,577.60,2026-08-28 22:23:00,REFUNDED
9792,7,5,661.90,2026-08-03 03:51:00,REFUNDED
9793,10,7,955.00,2026-08-26 19:58:00,FAILED
9794,7,14,3788.00,2026-08-02 04:39:00,PENDING
9795,4,2,2145.20,2026-08-12 10:47:00,REFUNDED
9796,7,10,3518.00,2026-08-18 09:23:00,FAILED
9797,9,1,114.30,2026-08-20 06:39:00,REFUNDED
9798,9,10,1066.40,2026-08-26 04:34:00,SUCCESS
9799,1,18,4543.20,2026-08-28 04:55:00,SUCCESS
9800,3,10,2621.90,2026-08-29 12:18:00,PENDING
9801,8,17,4473.80,2026-08-17 15:13:00,PENDING
9802,2,20,1542.60,2026-08-15 18:45:00,REFUNDED
9803,3,14,1781.50,2026-08-26 05:39:00,PENDING
9804,6,18,4089.70,2026-08-31 03:25:00,SUCCESS
9805,5,20,1215.80,2026-08-19 06:20:00,FAILED
9806,2,5,3689.40,2026-08-25 05:42:00,PENDING
9807,6,2,2003.00,2026-08-18 20:55:00,FAILED
9808,2,4,4505.80,2026-08-01 22:21:00,SUCCESS
9809,1,7,2382.30,2026-08-13 18:27:00,PENDING
9810,3,10,3601.00,2026-08-13 04:00:00,FAILED
9811,6,12,2768.00,2026-08-17 13:15:00,REFUNDED
9812,5,6,94.30,2026-08-24 05:18:00,REFUNDED
9813,6,18,3527.90,2026-08-06 04:53:00,REFUNDED
9814,9,19,1464.50,2026-08-15 11:03:00,FAILED
9815,7,17,4730.80,2026-08-20 03:42:00,SUCCESS
9816,7,13,2374.20,2026-08-24 21:01:00,FAILED
9817,8,14,5030.20,2026-08-09 11:11:00,FAILED
9818,10,8,4661.50,2026-08-01 20:48:00,PENDING
9819,2,8,2038.80,2026-08-27 10:46:00,PENDING
9820,5,9,3502.40,2026-08-05 10:09:00,FAILED
9821,1,1,2730.00,2026-08-21 23:59:00,FAILED
9822,1,18,257.70,2026-08-01 15:46:00,FAILED
9823,1,100.00
9824,2,12,2667.70,2026-08-27 04:59:00,FAILED
9825,5,18,4068.30,2026-08-26 22:28:00,PENDING
9826,3,16,1435.00,2026-08-27 17:07:00,PENDING
9827,1,1,5000,INVALID_DATE_TIME,SUCCESS
9828,10,18,1283.70,2026-08-08 16:09:00,PENDING
9829,5,5,2107.50,2026-08-27 00:16:00,REFUNDED
9830,7,4,3383.90,2026-08-26 10:48:00,REFUNDED
9831,10,11,103.20,2026-08-07 12:10:00,SUCCESS
9832,10,19,142.80,2026-08-25 18:15:00,REFUNDED
9833,3,2,4149.00,2026-08-02 20:57:00,SUCCESS
9834,4,10,195.50,2026-08-08 23:21:00,SUCCESS
9835,5,3,4743.00,2026-08-25 19:11:00,REFUNDED
9836,4,6,3676.80,2026-08-22 00:35:00,FAILED
9837,5,17,4367.00,2026-08-06 16:57:00,FAILED
9838,1,13,2125.50,2026-08-27 13:58:00,PENDING
9839,10,17,409.80,2026-08-24 16:37:00,FAILED
9840,1,8,2908.00,2026-08-18 09:29:00,SUCCESS
9841,3,1,4668.10,2026-08-12 17:03:00,FAILED
9842,2,3,2658.30,2026-08-03 03:51:00,SUCCESS
9843,6,15,1854.40,2026-08-02 17:20:00,SUCCESS
9844,9,20,3157.30,2026-08-22 21:34:00,PENDING
9845,9,11,542.90,2026-08-23 12:09:00,FAILED
9846,8,9,4134.50,2026-08-19 14:57:00,FAILED
9847,5,1,2319.00,2026-08-14 03:24:00,PENDING
9848,6,20,1397.80,2026-08-13 10:36:00,SUCCESS
9849,5,4,1905.50,2026-08-10 21:04:00,PENDING
9850,6,7,4347.70,2026-08-18 22:15:00,PENDING
9851,5,16,3292.10,2026-08-22 07:06:00,PENDING
9852,8,10,5029.50,2026-08-11 01:51:00,SUCCESS
9853,4,12,3291.80,2026-08-19 13:23:00,FAILED
9854,10,6,467.00,2026-08-15 14:53:00,REFUNDED
9855,2,4,1905.50,2026-08-23 08:10:00,FAILED
9856,5,20,4998.30,2026-08-15 18:38:00,SUCCESS
9857,9,14,2643.20,2026-08-04 15:29:00,PENDING
9858,4,15,2990.20,2026-08-03 11:51:00,FAILED
9859,5,10,1648.40,2026-08-21 16:54:00,SUCCESS
9860,7,20,1733.80,2026-08-23 03:35:00,SUCCESS
9861,1,19,2686.50,2026-08-22 15:10:00,PENDING
9862,5,16,3625.40,2026-08-28 22:22:00,SUCCESS
9863,10,8,555.30,2026-08-04 07:52:00,FAILED
9864,10,3,2810.60,2026-08-18 19:10:00,FAILED
9865,3,7,3215.40,2026-08-17 13:12:00,FAILED
9866,9,15,4281.60,2026-08-15 20:27:00,REFUNDED
9867,2,7,1441.30,2026-08-13 07:56:00,FAILED
9868,8,19,3982.80,2026-08-04 07:52:00,PENDING
9869,8,3,1090.30,2026-08-14 02:48:00,SUCCESS
9870,5,15,325.10,2026-08-22 05:16:00,SUCCESS
9871,10,8,483.60,2026-08-12 04:58:00,REFUNDED
9872,10,14,1462.80,2026-08-14 17:54:00,FAILED
9873,1,3,2385.90,2026-08-08 17:41:00,REFUNDED
9874,5,11,519.30,2026-08-06 02:34:00,PENDING
9875,6,13,302.60,2026-08-05 10:43:00,PENDING
9876,2,20,303.20,2026-08-15 15:29:00,FAILED
9877,10,4,1986.40,2026-08-17 00:50:00,PENDING
9878,3,17,1876.00,2026-08-30 04:36:00,FAILED
9879,7,16,1144.30,2026-08-26 19:07:00,PENDING
9880,5,7,2631.10,2026-08-11 12:48:00,FAILED
9881,7,8,3652.20,2026-08-17 13:28:00,PENDING
9882,10,3,3879.50,2026-08-29 03:32:00,FAILED
9883,7,11,652.30,2026-08-25 17:56:00,FAILED
9884,7,20,1204.30,2026-08-14 17:52:00,REFUNDED
9885,5,12,3587.00,2026-08-21 12:16:00,FAILED
9886,2,14,4496.00,2026-08-17 17:12:00,FAILED
9887,10,8,4067.60,2026-08-28 01:59:00,SUCCESS
9888,6,12,3166.50,2026-08-19 21:01:00,REFUNDED
9889,5,16,3435.80,2026-08-22 11:26:00,SUCCESS
9890,5,20,4167.90,2026-08-15 18:43:00,PENDING
9891,5,9,2448.70,2026-08-11 03:08:00,FAILED
9892,9,16,3933.30,2026-08-14 00:20:00,SUCCESS
9893,2,16,441.20,2026-08-09 06:24:00,FAILED
9894,3,4,2097.90,2026-08-21 02:31:00,REFUNDED
9895,6,17,4479.60,2026-08-17 21:06:00,PENDING
9896,7,13,3901.60,2026-08-20 02:20:00,PENDING
9897,6,4,989.20,2026-08-11 00:42:00,FAILED
9898,10,8,369.30,2026-08-02 00:11:00,SUCCESS
9899,9,14,545.10,2026-08-02 02:08:00,FAILED
9900,5,3,948.10,2026-08-17 00:21:00,PENDING
9901,6,7,4078.50,2026-08-02 07:27:00,PENDING
9902,4,13,4032.40,2026-08-28 07:33:00,REFUNDED
9903,8,16,4496.20,2026-08-11 10:21:00,REFUNDED
9904,8,16,4477.60,2026-08-27 16:18:00,SUCCESS
9905,1,12,651.70,2026-08-30 14:19:00,PENDING
9906,8,10,1582.00,2026-08-12 11:36:00,REFUNDED
9907,9,6,1544.70,2026-08-17 07:38:00,REFUNDED
9908,4,12,3214.60,2026-08-07 19:22:00,SUCCESS
9909,5,13,4046.50,2026-08-12 22:56:00,SUCCESS
9910,9,10,1930.00,2026-08-05 02:14:00,FAILED
9911,6,7,2492.60,2026-08-09 03:01:00,SUCCESS
9912,8,1,4185.30,2026-08-10 02:44:00,REFUNDED
9913,10,6,3920.10,2026-08-14 05:04:00,FAILED
9914,8,18,3769.20,2026-08-27 19:44:00,REFUNDED
9915,7,4,596.50,2026-08-02 05:29:00,SUCCESS
9916,2,12,4945.40,2026-08-30 07:30:00,FAILED
9917,4,11,502.00,2026-08-09 13:57:00,FAILED
9918,10,11,3258.90,2026-08-04 11:16:00,REFUNDED
9919,5,7,1877.20,2026-08-19 18:11:00,SUCCESS
9920,8,4,2752.60,2026-08-07 05:27:00,REFUNDED
9921,5,7,254.60,2026-08-28 09:55:00,FAILED
9922,7,8,5034.30,2026-08-16 23:43:00,REFUNDED
9923,10,17,1751.20,2026-08-03 10:24:00,SUCCESS
9924,7,13,2209.30,2026-08-23 00:29:00,PENDING
9925,4,5,4809.90,2026-08-11 04:07:00,FAILED
9926,2,20,2882.30,2026-08-05 22:43:00,FAILED
9927,8,6,202.80,2026-08-30 00:27:00,PENDING
9928,1,18,1292.00,2026-08-09 03:32:00,SUCCESS
9929,2,1,1014.30,2026-08-01 20:53:00,SUCCESS
9930,4,19,204.20,2026-08-21 22:52:00,REFUNDED
9931,8,2,3719.70,2026-08-02 08:20:00,FAILED
9932,1,1,5000,INVALID_DATE_TIME,SUCCESS
9933,7,13,140.90,2026-08-27 21:25:00,FAILED
9934,3,4,1736.60,2026-08-25 19:56:00,FAILED
9935,9,6,4685.20,2026-08-14 09:31:00,REFUNDED
9936,1,13,407.30,2026-08-16 20:15:00,PENDING
9937,7,7,2583.20,2026-08-24 12:34:00,PENDING
9938,2,17,4741.10,2026-08-21 20:55:00,FAILED
9939,3,3,3154.40,2026-08-13 19:54:00,REFUNDED
9940,2,8,3196.10,2026-08-23 13:36:00,SUCCESS
9941,5,15,4213.40,2026-08-23 03:19:00,PENDING
9942,8,20,293.30,2026-08-25 10:04:00,FAILED
9943,4,20,3435.90,2026-08-04 05:23:00,REFUNDED
9944,2,4,669.10,2026-08-17 23:30:00,PENDING
9945,7,3,2942.50,2026-08-30 17:55:00,SUCCESS
9946,6,19,3272.90,2026-08-30 00:30:00,REFUNDED
9947,3,7,4709.60,2026-08-05 02:39:00,REFUNDED
9948,8,12,3296.20,2026-08-25 01:47:00,FAILED
9949,7,11,3958.00,2026-08-28 01:00:00,REFUNDED
9950,6,8,667.20,2026-08-24 11:57:00,FAILED
9951,7,8,4903.60,2026-08-24 09:43:00,REFUNDED
9952,5,18,1031.70,2026-08-28 05:33:00,SUCCESS
9953,1,10,1047.10,2026-08-13 09:29:00,SUCCESS
9954,5,19,1204.20,2026-08-29 07:38:00,PENDING
9955,2,5,207.50,2026-08-13 09:35:00,SUCCESS
9956,3,9,4459.50,2026-08-26 21:32:00,FAILED
9957,9,14,1196.90,2026-08-05 07:12:00,REFUNDED
9958,2,11,4779.10,2026-08-25 16:34:00,SUCCESS
9959,9,3,3545.40,2026-08-12 16:31:00,PENDING
9960,5,3,4866.80,2026-08-20 05:42:00,FAILED
9961,8,12,1071.80,2026-08-08 05:09:00,PENDING
9962,6,13,471.90,2026-08-20 19:34:00,REFUNDED
9963,10,19,3976.00,2026-08-22 20:57:00,REFUNDED
9964,4,4,2939.30,2026-08-30 13:29:00,PENDING
9965,2,8,2221.80,2026-08-24 18:43:00,REFUNDED
9966,1,5,1317.40,2026-08-04 18:32:00,FAILED
9967,9,19,3991.10,2026-08-10 19:04:00,FAILED
9968,8,14,1437.40,2026-08-07 23:10:00,REFUNDED
9969,8,14,3905.20,2026-08-18 17:23:00,REFUNDED
9970,1,17,2623.70,2026-08-27 10:15:00,SUCCESS
9971,6,9,3441.30,2026-08-11 20:27:00,PENDING
9972,3,4,2330.70,2026-08-02 13:32:00,REFUNDED
9973,7,7,2073.50,2026-08-05 15:12:00,REFUNDED
9974,3,9,1079.20,2026-08-04 12:02:00,FAILED
9975,5,2,3672.10,2026-08-10 09:35:00,PENDING
9976,1,9,1147.20,2026-08-15 16:32:00,REFUNDED
9977,2,14,659.70,2026-08-02 08:11:00,REFUNDED
9978,2,19,3116.80,2026-08-27 05:28:00,FAILED
9979,9,8,715.00,2026-08-09 11:52:00,REFUNDED
9980,3,16,3700.20,2026-08-11 15:51:00,SUCCESS
9981,7,16,4854.30,2026-08-10 09:29:00,FAILED
9982,5,6,3111.60,2026-08-16 16:08:00,FAILED
9983,1,1,5000,INVALID_DATE_TIME,SUCCESS
9984,3,3,3909.70,2026-08-19 08:53:00,FAILED
9985,1,8,655.40,2026-08-18 15:31:00,PENDING
9986,10,11,3739.30,2026-08-24 20:58:00,REFUNDED
9987,5,8,3314.40,2026-08-11 01:19:00,FAILED
9988,5,15,276.10,2026-08-22 06:35:00,PENDING
9989,1,1,5000,2026-08-01 12:00:00,UNKNOWN_STATUS
9990,3,20,3708.20,2026-08-15 16:31:00,PENDING
9991,10,7,2496.10,2026-08-06 09:18:00,FAILED
9992,2,1,2134.20,2026-08-28 03:14:00,FAILED
9993,2,15,3958.20,2026-08-27 04:54:00,PENDING
9994,1,13,1243.90,2026-08-31 06:06:00,REFUNDED
9995,5,11,3375.40,2026-08-12 18:40:00,FAILED
9996,7,12,346.70,2026-08-03 14:48:00,REFUNDED
9997,7,17,4347.30,2026-08-02 09:45:00,REFUNDED
9998,8,5,2131.90,2026-08-19 07:55:00,PENDING
9999,8,5,314.50,2026-08-05 01:00:00,REFUNDED
10000,4,10,4774.40,2026-08-25 03:01:00,REFUNDED
