id,merchant_id,outlet_id,bill_total,transaction_time,status
20001,8,2,2865.00,2026-08-15 08:29:00,FAILED
20002,6,13,3472.30,2026-08-03 05:11:00,REFUNDED
20003,8,7,641.00,2026-08-01 18:56:00,REFUNDED
20004,2,5,3430.60,2026-08-18 03:46:00,FAILED
20005,7,16,2932.20,2026-08-29 19:45:00,FAILED
20006,4,16,361.60,2026-08-16 13:11:00,FAILED
20007,1,1,5000,2026-08-01 12:00:00,UNKNOWN_STATUS
20008,3,15,647.80,2026-08-09 22:40:00,PENDING
20009,5,13,4097.60,2026-08-03 20:47:00,FAILED
20010,5,20,4226.30,2026-08-18 15:44:00,REFUNDED
20011,1,13,117.90,2026-08-10 04:55:00,SUCCESS
20012,1,13,3890.00,2026-08-13 21:42:00,PENDING
20013,7,2,3162.80,2026-08-29 03:48:00,PENDING
20014,7,17,4539.70,2026-08-22 11:31:00,PENDING
20015,3,2,3811.80,2026-08-03 13:23:00,REFUNDED
20016,10,4,4359.60,2026-08-17 15:28:00,FAILED
20017,8,4,3807.70,2026-08-26 09:16:00,REFUNDED
20018,10,16,1977.20,2026-08-30 02:31:00,FAILED
20019,10,16,4541.60,2026-08-01 12:21:00,PENDING
20020,8,2,4642.40,2026-08-30 14:27:00,SUCCESS
20021,1,19,2162.50,2026-08-09 22:04:00,SUCCESS
20022,8,6,4234.00,2026-08-27 03:07:00,PENDING
20023,3,13,1311.20,2026-08-29 05:06:00,PENDING
20024,8,6,3308.10,2026-08-06 15:41:00,FAILED
20025,8,18,237.00,2026-08-04 01:13:00,PENDING
20026,1,16,2122.80,2026-08-21 10:07:00,PENDING
20027,7,15,1620.50,2026-08-06 15:31:00,FAILED
20028,2,13,4130.20,2026-08-04 14:44:00,PENDING
20029,5,5,764.10,2026-08-18 20:02:00,PENDING
20030,3,18,416.10,2026-08-05 20:26:00,FAILED
20031,6,18,4376.90,2026-08-07 14:52:00,SUCCESS
20032,2,18,4003.10,2026-08-16 05:31:00,PENDING
20033,7,9,2362.20,2026-08-27 04:52:00,PENDING
20034,9,6,2564.90,2026-08-17 11:01:00,FAILED
20035,7,20,408.10,2026-08-10 23:06:00,REFUNDED
20036,6,16,877.00,2026-08-30 02:02:00,PENDING
20037,5,3,2642.90,2026-08-30 08:40:00,SUCCESS
20038,3,5,4455.50,2026-08-18 15:22:00,SUCCESS
20039,10,10,3652.80,2026-08-12 01:34:00,PENDING
20040,1,1,NOT_A_NUMBER,2026-08-01 12:00:00,SUCCESS
20041,9,11,957.00,2026-08-31 05:40:00,FAILED
20042,3,14,4570.50,2026-08-26 21:34:00,PENDING
20043,2,9,860.90,2026-08-12 22:38:00,REFUNDED
20044,10,10,2165.30,2026-08-30 03:30:00,REFUNDED
20045,1,5,748.60,2026-08-01 20:41:00,FAILED
20046,10,17,1533.30,2026-08-04 11:11:00,PENDING
20047,3,3,4321.40,2026-08-30 05:50:00,FAILED
20048,5,18,2959.10,2026-08-18 14:56:00,SUCCESS
20049,1,4,2678.00,2026-08-26 15:36:00,REFUNDED
20050,6,12,3637.50,2026-08-07 07:58:00,FAILED
20051,9,8,764.00,2026-08-16 20:46:00,FAILED
20052,6,14,4767.90,2026-08-01 17:05:00,SUCCESS
20053,9,17,1272.10,2026-08-19 17:51:00,FAILED
20054,10,2,390.80,2026-08-04 08:19:00,SUCCESS
20055,6,8,4303.20,2026-08-29 08:43:00,SUCCESS
20056,7,7,363.00,2026-08-20 02:49:00,SUCCESS
20057,2,12,1205.90,2026-08-23 11:44:00,FAILED
20058,3,16,4832.40,2026-08-30 11:01:00,SUCCESS
20059,9,11,4438.60,2026-08-20 00:09:00,SUCCESS
20060,6,19,1394.20,2026-08-19 11:25:00,PENDING
20061,8,15,3327.20,2026-08-08 21:20:00,SUCCESS
20062,1,13,4090.00,2026-08-14 06:15:00,SUCCESS
20063,7,9,4269.30,2026-08-18 11:45:00,FAILED
20064,5,16,2748.10,2026-08-11 00:01:00,PENDING
20065,9,6,889.60,2026-08-26 12:38:00,FAILED
20066,2,17,4331.40,2026-08-29 18:43:00,SUCCESS
20067,1,12,4175.30,2026-08-07 21:48:00,REFUNDED
20068,8,11,4373.10,2026-08-02 09:35:00,FAILED
20069,5,15,770.80,2026-08-05 03:20:00,REFUNDED
20070,10,1,2187.10,2026-08-29 02:05:00,SUCCESS
20071,8,2,2102.00,2026-08-04 10:31:00,REFUNDED
20072,3,6,3704.60,2026-08-07 23:02:00,SUCCESS
20073,2,20,3396.20,2026-08-29 08:20:00,PENDING
20074,3,7,1454.10,2026-08-28 13:01:00,PENDING
20075,3,16,3703.10,2026-08-01 12:36:00,FAILED
20076,2,18,1579.80,2026-08-23 09:22:00,PENDING
20077,6,17,3206.30,2026-08-29 21:02:00,SUCCESS
20078,6,11,3044.70,2026-08-31 07:00:00,FAILED
20079,10,15,2724.30,2026-08-22 15:02:00,REFUNDED
20080,2,16,4789.70,2026-08-08 03:12:00,FAILED
20081,5,12,3383.40,2026-08-16 21:06:00,REFUNDED
20082,4,2,2251.30,2026-08-03 05:05:00,FAILED
20083,8,20,915.50,2026-08-05 11:46:00,SUCCESS
20084,3,20,3234.90,2026-08-05 02:59:00,FAILED
20085,9,20,3681.40,2026-08-29 17:59:00,REFUNDED
20086,7,19,515.00,2026-08-18 13:27:00,REFUNDED
20087,2,3,2243.70,2026-08-29 06:46:00,FAILED
20088,3,10,1933.10,2026-08-14 00:24:00,PENDING
20089,7,17,94.00,2026-08-11 11:05:00,PENDING
20090,3,17,4000.00,2026-08-18 06:51:00,PENDING
20091,1,13,496.70,2026-08-10 22:41:00,PENDING
20092,8,13,4963.90,2026-08-24 20:09:00,REFUNDED
20093,2,1,699.80,2026-08-19 10:25:00,PENDING
20094,5,14,742.50,2026-08-23 02:16:00,SUCCESS
20095,1,2,139.00,2026-08-12 23:26:00,REFUNDED
20096,6,11,579.20,2026-08-18 19:36:00,FAILED
20097,8,9,2507.60,2026-08-22 13:52:00,PENDING
20098,5,15,3695.60,2026-08-12 19:13:00,FAILED
20099,2,2,978.50,2026-08-20 17:53:00,SUCCESS
20100,10,3,4893.80,2026-08-11 20:02:00,PENDING
20101,7,8,3553.60,2026-08-04 17:59:00,SUCCESS
20102,4,4,4264.20,2026-08-15 22:30:00,REFUNDED
20103,7,16,4871.90,2026-08-07 11:39:00,SUCCESS
20104,2,8,296.00,2026-08-22 18:25:00,FAILED
20105,3,9,1326.80,2026-08-09 14:05:00,SUCCESS
20106,2,6,86.50,2026-08-02 13:50:00,REFUNDED
20107,9,15,2029.20,2026-08-20 23:19:00,SUCCESS
20108,1,20,2080.30,2026-08-17 15:11:00,REFUNDED
20109,9,10,1855.70,2026-08-10 20:09:00,FAILED
20110,9,4,4788.20,2026-08-28 11:11:00,SUCCESS
20111,1,4,4256.70,2026-08-09 14:53:00,SUCCESS
20112,6,8,2709.20,2026-08-28 04:49:00,REFUNDED
20113,2,20,3460.90,2026-08-19 06:09:00,REFUNDED
20114,8,20,625.60,2026-08-17 02:13:00,PENDING
20115,2,20,1929.40,2026-08-19 19:40:00,SUCCESS
20116,2,6,430.20,2026-08-11 14:15:00,SUCCESS
20117,3,14,3918.90,2026-08-09 13:17:00,SUCCESS
20118,7,9,2572.90,2026-08-22 06:49:00,FAILED
20119,6,20,3279.70,2026-08-26 00:37:00,SUCCESS
20120,10,18,4951.10,2026-08-22 20:47:00,PENDING
20121,4,7,2963.10,2026-08-21 17:12:00,FAILED
20122,4,7,2621.50,2026-08-18 22:54:00,SUCCESS
20123,4,11,2717.90,2026-08-24 13:00:00,SUCCESS
20124,9,12,4422.50,2026-08-17 01:46:00,PENDING
20125,8,20,1176.70,2026-08-30 04:10:00,FAILED
20126,9,4,2480.90,2026-08-28 07:31:00,FAILED
20127,4,6,4890.50,2026-08-27 09:55:00,SUCCESS
20128,2,7,187.90,2026-08-17 06:58:00,SUCCESS
20129,3,7,3634.30,2026-08-01 10:15:00,PENDING
20130,5,18,542.60,2026-08-09 20:51:00,FAILED
20131,4,2,4410.90,2026-08-06 23:04:00,SUCCESS
20132,8,5,2509.90,2026-08-16 10:00:00,SUCCESS
20133,7,12,905.70,2026-08-11 09:10:00,FAILED
20134,2,5,3288.40,2026-08-13 13:52:00,REFUNDED
20135,7,1,4495.40,2026-08-14 14:14:00,FAILED
20136,9,16,1483.00,2026-08-10 15:11:00,PENDING
20137,2,16,1754.90,2026-08-16 08:18:00,REFUNDED
20138,7,3,4264.40,2026-08-20 07:20:00,REFUNDED
20139,1,4,1172.10,2026-08-29 01:50:00,REFUNDED
20140,3,1,3326.20,2026-08-12 19:11:00,REFUNDED
20141,8,17,3359.60,2026-08-09 04:57:00,FAILED
20142,6,7,2285.80,2026-08-07 14:29:00,PENDING
20143,9,14,3053.00,2026-08-16 10:09:00,SUCCESS
20144,3,2,170.10,2026-08-06 16:10:00,SUCCESS
20145,10,15,2608.60,2026-08-18 13:25:00,PENDING
20146,9,2,2894.30,2026-08-26 19:23:00,PENDING
20147,7,5,1311.10,2026-08-24 22:16:00,REFUNDED
20148,1,12,520.90,2026-08-12 07:13:00,FAILED
20149,5,4,619.20,2026-08-11 21:42:00,SUCCESS
20150,9,5,3457.20,2026-08-26 11:04:00,SUCCESS
20151,5,12,2983.60,2026-08-11 18:57:00,SUCCESS
20152,1,20,805.80,2026-08-14 19:19:00,SUCCESS
20153,4,6,3994.80,2026-08-10 18:12:00,PENDING
20154,5,14,4217.70,2026-08-13 05:42:00,SUCCESS
20155,10,13,2007.70,2026-08-03 19:56:00,REFUNDED
20156,5,19,2590.10,2026-08-04 10:43:00,REFUNDED
20157,2,8,2916.50,2026-08-05 00:37:00,PENDING
20158,1,20,1932.00,2026-08-24 16:32:00,REFUNDED
20159,7,15,4222.70,2026-08-31 03:12:00,SUCCESS
20160,9,9,3097.70,2026-08-13 03:28:00,SUCCESS
20161,8,15,2789.80,2026-08-06 12:24:00,FAILED
20162,8,15,135.90,2026-08-06 17:37:00,FAILED
20163,1,7,608.10,2026-08-22 22:38:00,REFUNDED
20164,2,3,796.90,2026-08-08 06:49:00,SUCCESS
20165,2,8,1128.90,2026-08-07 21:30:00,REFUNDED
20166,10,4,2750.10,2026-08-14 16:32:00,SUCCESS
20167,3,14,2341.40,2026-08-03 11:29:00,PENDING
20168,1,12,3932.00,2026-08-11 06:46:00,FAILED
20169,3,2,577.60,2026-08-08 09:29:00,FAILED
20170,1,10,641.20,2026-08-10 06:35:00,REFUNDED
20171,7,7,1624.80,2026-08-22 17:02:00,PENDING
20172,3,1,953.70,2026-08-14 04:56:00,SUCCESS
20173,4,20,2188.90,2026-08-06 12:48:00,PENDING
20174,9,17,2414.10,2026-08-05 03:35:00,REFUNDED
20175,7,17,1510.90,2026-08-19 17:58:00,FAILED
20176,1,12,1066.90,2026-08-15 16:47:00,PENDING
20177,5,16,4787.00,2026-08-16 09:55:00,FAILED
20178,9,10,856.30,2026-08-07 03:00:00,PENDING
20179,9,11,4949.50,2026-08-28 17:41:00,PENDING
20180,1,9,622.30,2026-08-18 20:29:00,REFUNDED
20181,8,12,4094.50,2026-08-30 09:26:00,SUCCESS
20182,9,2,1148.70,2026-08-15 11:28:00,PENDING
20183,2,1,4110.80,2026-08-10 20:30:00,SUCCESS
20184,2,1,3062.40,2026-08-01 23:56:00,PENDING
20185,3,13,515.90,2026-08-10 12:41:00,SUCCESS
20186,2,18,1307.00,2026-08-21 18:42:00,REFUNDED
20187,5,17,3516.00,2026-08-28 15:46:00,FAILED
20188,1,3,1453.30,2026-08-30 22:17:00,SUCCESS
20189,5,3,4777.20,2026-08-11 00:16:00,PENDING
20190,4,12,2969.70,2026-08-26 03:52:00,REFUNDED
20191,6,7,521.40,2026-08-19 22:09:00,SUCCESS
20192,3,2,1311.90,2026-08-25 08:06:00,PENDING
20193,10,7,3149.60,2026-08-07 10:21:00,PENDING
20194,6,18,3632.10,2026-08-24 13:24:00,PENDING
20195,3,11,970.60,2026-08-01 09:36:00,SUCCESS
20196,4,8,2817.00,2026-08-06 05:06:00,PENDING
20197,10,12,4990.10,2026-08-16 04:45:00,REFUNDED
20198,10,1,3528.30,2026-08-27 05:51:00,FAILED
20199,9,2,1414.50,2026-08-12 15:11:00,REFUNDED
20200,7,14,2583.70,2026-08-18 05:27:00,PENDING
20201,5,8,4549.70,2026-08-01 08:23:00,SUCCESS
20202,3,9,2041.50,2026-08-10 04:18:00,FAILED
20203,1,5,2102.70,2026-08-15 04:14:00,PENDING
20204,8,3,2147.10,2026-08-27 22:37:00,PENDING
20205,8,5,4501.60,2026-08-05 22:00:00,PENDING
20206,1,6,2315.00,2026-08-25 14:18:00,SUCCESS
20207,10,13,1056.60,2026-08-30 18:55:00,PENDING
20208,1,5,3878.00,2026-08-24 11:15:00,FAILED
20209,4,17,125.70,2026-08-09 15:44:00,FAILED
20210,4,6,422.10,2026-08-06 23:58:00,PENDING
20211,7,1,4328.50,2026-08-18 15:24:00,FAILED
20212,6,7,2191.40,2026-08-21 12:00:00,REFUNDED
20213,9,9,2769.90,2026-08-19 16:14:00,SUCCESS
20214,5,13,4685.80,2026-08-10 06:24:00,REFUNDED
20215,5,7,4302.20,2026-08-30 12:28:00,REFUNDED
20216,3,14,2922.90,2026-08-25 08:43:00,REFUNDED
20217,1,12,2133.10,2026-08-26 08:05:00,REFUNDED
20218,2,2,3615.40,2026-08-09 04:03:00,SUCCESS
20219,8,8,2343.20,2026-08-12 09:00:00,PENDING
20220,9,16,1321.20,2026-08-16 18:53:00,PENDING
20221,5,20,2426.10,2026-08-03 07:14:00,FAILED
20222,2,13,760.60,2026-08-15 19:37:00,SUCCESS
20223,4,3,237.90,2026-08-16 23:55:00,SUCCESS
20224,10,19,4835.20,2026-08-30 02:18:00,REFUNDED
20225,9,8,3889.80,2026-08-06 12:47:00,REFUNDED
20226,10,15,4970.00,2026-08-17 20:27:00,PENDING
20227,5,19,2816.80,2026-08-10 04:29:00,SUCCESS
20228,5,18,4284.10,2026-08-15 20:37:00,SUCCESS
20229,5,2,564.10,2026-08-11 00:32:00,REFUNDED
20230,9,15,2174.80,2026-08-30 18:26:00,REFUNDED
20231,3,9,4304.60,2026-08-24 03:19:00,SUCCESS
20232,7,12,3558.50,2026-08-04 04:25:00,PENDING
20233,2,4,2220.70,2026-08-13 02:49:00,REFUNDED
20234,5,10,1641.10,2026-08-08 22:24:00,PENDING
20235,1,100.00
20236,3,9,4106.40,2026-08-20 03:16:00,PENDING
20237,7,10,165.20,2026-08-06 19:57:00,REFUNDED
20238,7,15,697.30,2026-08-14 02:24:00,FAILED
20239,2,1,892.50,2026-08-17 22:23:00,SUCCESS
20240,3,20,1755.00,2026-08-06 17:45:00,PENDING
20241,2,5,2212.00,2026-08-26 06:45:00,SUCCESS
20242,8,9,3053.90,2026-08-12 06:09:00,FAILED
20243,1,17,874.10,2026-08-21 01:12:00,FAILED
20244,1,1,5000,2026-08-01 12:00:00,UNKNOWN_STATUS
20245,10,5,4282.20,2026-08-19 17:38:00,REFUNDED
20246,4,7,2639.40,2026-08-23 09:11:00,PENDING
20247,7,3,2680.70,2026-08-09 17:29:00,SUCCESS
20248,4,4,1162.10,2026-08-22 22:41:00,SUCCESS
20249,2,17,4864.50,2026-08-09 07:45:00,PENDING
20250,4,15,1453.80,2026-08-18 09:52:00,REFUNDED
20251,6,10,153.80,2026-08-16 04:52:00,SUCCESS
20252,9,13,4913.30,2026-08-10 05:16:00,SUCCESS
20253,1,8,4478.60,2026-08-04 22:04:00,FAILED
20254,3,4,863.90,2026-08-12 12:37:00,FAILED
20255,7,2,3641.80,2026-08-30 20:09:00,FAILED
20256,9,15,4905.60,2026-08-18 11:01:00,FAILED
20257,8,6,1651.40,2026-08-30 16:38:00,SUCCESS
20258,8,2,4691.10,2026-08-27 18:31:00,SUCCESS
20259,2,6,3656.00,2026-08-23 08:49:00,FAILED
20260,7,1,4772.70,2026-08-13 18:53:00,REFUNDED
20261,5,15,2654.00,2026-08-04 02:29:00,FAILED
20262,10,16,3843.70,2026-08-26 01:03:00,FAILED
20263,4,3,4036.60,2026-08-04 10:56:00,REFUNDED
20264,8,15,2676.50,2026-08-21 16:37:00,SUCCESS
20265,1,1,3736.10,2026-08-03 10:39:00,SUCCESS
20266,6,17,3293.80,2026-08-03 19:59:00,REFUNDED
20267,7,9,3405.70,2026-08-07 00:27:00,PENDING
20268,3,6,444.30,2026-08-06 10:39:00,PENDING
20269,6,3,816.70,2026-08-13 15:32:00,FAILED
20270,2,2,3160.70,2026-08-14 18:06:00,REFUNDED
20271,6,4,3604.90,2026-08-11 12:25:00,SUCCESS
20272,10,18,51.10,2026-08-05 07:55:00,REFUNDED
20273,1,1,1089.70,2026-08-24 19:42:00,FAILED
20274,2,11,1239.50,2026-08-11 16:46:00,FAILED
20275,4,10,1499.00,2026-08-12 17:42:00,SUCCESS
20276,1,12,1988.40,2026-08-27 09:30:00,PENDING
20277,2,9,3755.10,2026-08-19 02:23:00,PENDING
20278,8,10,1027.10,2026-08-22 10:43:00,SUCCESS
20279,10,15,4405.70,2026-08-01 17:47:00,SUCCESS
20280,10,7,2697.10,2026-08-06 07:03:00,SUCCESS
20281,2,18,928.60,2026-08-11 16:44:00,PENDING
20282,4,2,2815.50,2026-08-06 07:34:00,SUCCESS
20283,1,4,1833.10,2026-08-19 04:40:00,PENDING
20284,10,17,1821.10,2026-08-17 19:13:00,FAILED
20285,1,5,1884.40,2026-08-29 17:28:00,SUCCESS
20286,3,4,1103.40,2026-08-07 17:43:00,PENDING
20287,7,4,434.60,2026-08-03 16:02:00,PENDING
20288,8,10,1311.70,2026-08-04 21:53:00,FAILED
20289,1,17,144.00,2026-08-09 21:37:00,PENDING
20290,10,10,1999.30,2026-08-12 10:20:00,REFUNDED
20291,9,1,4147.00,2026-08-09 05:17:00,SUCCESS
20292,8,16,1868.50,2026-08-21 11:51:00,PENDING
20293,3,9,3139.60,2026-08-24 10:40:00,PENDING
20294,3,9,764.70,2026-08-11 04:35:00,FAILED
20295,2,12,750.70,2026-08-13 17:12:00,PENDING
20296,7,5,4352.90,2026-08-30 03:30:00,REFUNDED
20297,7,10,473.00,2026-08-05 16:01:00,FAILED
20298,3,10,4498.00,2026-08-18 17:55:00,REFUNDED
20299,4,17,1126.90,2026-08-14 14:21:00,FAILED
20300,3,18,572.70,2026-08-28 00:56:00,PENDING
20301,2,18,3217.40,2026-08-17 09:09:00,SUCCESS
20302,4,19,2336.90,2026-08-13 03:55:00,REFUNDED
20303,6,6,4288.60,2026-08-08 20:11:00,PENDING
20304,8,6,4568.10,2026-08-22 01:24:00,PENDING
20305,10,13,3110.70,2026-08-09 07:59:00,PENDING
20306,9,2,2751.30,2026-08-03 23:24:00,SUCCESS
20307,7,1,3841.00,2026-08-23 01:19:00,SUCCESS
20308,6,8,1579.50,2026-08-03 07:43:00,REFUNDED
20309,5,12,4977.50,2026-08-22 05:48:00,REFUNDED
20310,5,6,497.20,2026-08-11 02:30:00,PENDING
20311,6,20,2729.90,2026-08-11 03:10:00,SUCCESS
20312,5,10,1272.30,2026-08-27 06:40:00,PENDING
20313,8,19,2017.70,2026-08-04 16:20:00,PENDING
20314,6,9,938.80,2026-08-03 01:43:00,PENDING
20315,4,7,871.60,2026-08-11 11:52:00,PENDING
20316,1,1,2874.90,2026-08-27 18:39:00,REFUNDED
20317,1,5,432.50,2026-08-30 06:23:00,SUCCESS
20318,7,15,4006.60,2026-08-29 07:04:00,FAILED
20319,7,10,93.90,2026-08-16 19:43:00,PENDING
20320,4,19,2613.60,2026-08-11 17:27:00,FAILED
20321,8,17,3652.10,2026-08-27 22:27:00,FAILED
20322,3,8,1071.20,2026-08-20 19:50:00,REFUNDED
20323,9,4,2966.30,2026-08-07 08:31:00,PENDING
20324,1,3,503.20,2026-08-25 14:31:00,REFUNDED
20325,5,13,2434.50,2026-08-30 12:04:00,SUCCESS
20326,2,5,1313.30,2026-08-07 08:11:00,SUCCESS
20327,5,2,839.50,2026-08-23 07:41:00,PENDING
20328,3,12,106.60,2026-08-31 02:19:00,FAILED
20329,10,15,2628.10,2026-08-14 21:14:00,REFUNDED
20330,4,12,2412.00,2026-08-18 08:04:00,FAILED
20331,6,6,2852.60,2026-08-02 14:58:00,SUCCESS
20332,7,9,2884.60,2026-08-23 09:36:00,PENDING
20333,10,17,4087.70,2026-08-20 10:39:00,FAILED
20334,4,20,2624.10,2026-08-13 07:09:00,SUCCESS
20335,3,3,1145.70,2026-08-14 08:40:00,SUCCESS
20336,1,15,3786.70,2026-08-21 06:32:00,PENDING
20337,3,7,429.30,2026-08-21 18:08:00,REFUNDED
20338,1,18,5018.50,2026-08-16 22:44:00,FAILED
20339,3,14,3905.30,2026-08-02 17:42:00,FAILED
20340,3,4,5040.20,2026-08-10 10:34:00,REFUNDED
20341,4,11,2779.10,2026-08-09 07:55:00,FAILED
20342,3,11,4109.80,2026-08-29 21:37:00,REFUNDED
20343,8,15,2296.90,2026-08-20 18:09:00,REFUNDED
20344,4,8,3493.80,2026-08-29 01:14:00,FAILED
20345,1,9,3718.50,2026-08-29 02:21:00,SUCCESS
20346,7,4,2722.60,2026-08-05 00:44:00,REFUNDED
20347,10,20,4574.00,2026-08-09 03:07:00,FAILED
20348,6,8,444.60,2026-08-17 11:45:00,REFUNDED
20349,5,7,3016.40,2026-08-14 22:08:00,REFUNDED
20350,3,17,3715.20,2026-08-22 00:05:00,PENDING
20351,3,12,1536.10,2026-08-15 02:58:00,PENDING
20352,4,4,3541.30,2026-08-24 18:25:00,SUCCESS
20353,4,12,4647.70,2026-08-03 12:49:00,SUCCESS
20354,10,18,261.60,2026-08-01 16:41:00,SUCCESS
20355,5,2,1569.50,2026-08-27 14:24:00,REFUNDED
20356,2,15,2489.50,2026-08-20 09:05:00,PENDING
20357,6,6,4907.40,2026-08-18 01:33:00,REFUNDED
20358,4,14,543.60,2026-08-14 21:12:00,SUCCESS
20359,5,3,3798.20,2026-08-01 12:07:00,SUCCESS
20360,3,4,941.90,2026-08-18 20:33:00,REFUNDED
20361,8,9,4956.00,2026-08-04 17:59:00,PENDING
20362,7,13,1795.40,2026-08-10 18:10:00,PENDING
20363,9,17,1180.20,2026-08-07 18:33:00,FAILED
20364,7,20,2162.20,2026-08-07 21:24:00,FAILED
20365,4,2,1857.30,2026-08-05 04:29:00,SUCCESS
20366,9,2,106.90,2026-08-12 12:39:00,SUCCESS
20367,9,9,3981.70,2026-08-05 21:32:00,REFUNDED
20368,1,1,4398.30,2026-08-03 02:25:00,FAILED
20369,8,4,2245.00,2026-08-25 10:05:00,FAILED
20370,8,5,3125.70,2026-08-08 05:12:00,PENDING
20371,6,12,602.30,2026-08-19 01:59:00,REFUNDED
20372,2,14,1957.50,2026-08-17 14:43:00,REFUNDED
20373,9,20,3419.20,2026-08-11 18:26:00,REFUNDED
20374,4,1,1164.50,2026-08-11 12:16:00,PENDING
20375,9,1,4180.30,2026-08-15 23:50:00,FAILED
20376,7,8,1370.70,2026-08-24 20:07:00,REFUNDED
20377,5,8,2569.80,2026-08-14 04:33:00,REFUNDED
20378,10,20,320.30,2026-08-29 15:12:00,SUCCESS
20379,4,19,2231.80,2026-08-06 03:16:00,FAILED
20380,8,1,2008.30,2026-08-21 14:39:00,FAILED
20381,4,5,2757.80,2026-08-01 17:33:00,FAILED
20382,2,4,4460.30,2026-08-28 10:40:00,FAILED
20383,5,1,3775.10,2026-08-30 19:28:00,SUCCESS
20384,2,19,2300.00,2026-08-29 01:26:00,PENDING
20385,2,3,861.30,2026-08-09 01:34:00,SUCCESS
20386,5,4,1523.60,2026-08-26 06:09:00,FAILED
20387,5,20,4092.70,2026-08-09 13:36:00,FAILED
20388,8,18,1356.70,2026-08-15 23:44:00,PENDING
20389,5,15,658.00,2026-08-15 05:53:00,SUCCESS
20390,5,7,3789.00,2026-08-24 18:22:00,PENDING
20391,4,10,4092.40,2026-08-14 06:40:00,REFUNDED
20392,3,17,3459.40,2026-08-19 13:22:00,PENDING
20393,7,19,3370.60,2026-08-05 16:02:00,REFUNDED
20394,3,10,681.40,2026-08-18 11:12:00,REFUNDED
20395,5,11,1283.40,2026-08-31 04:50:00,SUCCESS
20396,3,2,312.80,2026-08-16 04:50:00,REFUNDED
20397,7,4,3572.90,2026-08-04 04:34:00,FAILED
20398,9,2,3591.20,2026-08-02 03:54:00,SUCCESS
20399,4,10,4060.50,2026-08-03 13:11:00,PENDING
20400,1,13,975.80,2026-08-08 02:16:00,REFUNDED
20401,8,18,2163.10,2026-08-15 22:21:00,FAILED
20402,10,3,1229.90,2026-08-19 05:42:00,FAILED
20403,8,17,931.20,2026-08-03 04:42:00,SUCCESS
20404,1,1,NOT_A_NUMBER,2026-08-01 12:00:00,SUCCESS
20405,2,4,1000.60,2026-08-01 12:15:00,SUCCESS
20406,1,16,2804.70,2026-08-25 21:32:00,PENDING
20407,6,18,876.70,2026-08-03 02:37:00,FAILED
20408,5,20,3502.80,2026-08-25 14:43:00,PENDING
20409,3,9,3528.70,2026-08-14 04:14:00,FAILED
20410,9,5,4965.50,2026-08-06 08:30:00,PENDING
20411,5,19,304.20,2026-08-17 04:13:00,FAILED
20412,3,13,3938.40,2026-08-07 06:47:00,SUCCESS
20413,5,10,3945.10,2026-08-28 08:41:00,SUCCESS
20414,1,5,138.00,2026-08-02 23:41:00,SUCCESS
20415,3,8,3966.40,2026-08-29 17:48:00,REFUNDED
20416,4,18,429.90,2026-08-08 17:19:00,FAILED
20417,3,14,2798.40,2026-08-30 15:45:00,FAILED
20418,2,3,1508.50,2026-08-27 21:42:00,SUCCESS
20419,10,5,2449.50,2026-08-06 08:08:00,SUCCESS
20420,2,10,3334.40,2026-08-12 05:31:00,SUCCESS
20421,5,8,2081.60,2026-08-26 14:36:00,FAILED
20422,5,16,155.40,2026-08-12 14:58:00,SUCCESS
20423,2,9,1045.40,2026-08-05 02:21:00,FAILED
20424,4,15,1348.10,2026-08-03 14:46:00,REFUNDED
20425,3,9,2980.20,2026-08-26 21:59:00,FAILED
20426,10,20,2165.10,2026-08-13 17:22:00,REFUNDED
20427,7,12,632.00,2026-08-10 10:18:00,SUCCESS
20428,3,15,1401.40,2026-08-15 16:11:00,SUCCESS
20429,4,20,196.20,2026-08-05 12:33:00,FAILED
20430,5,8,2495.80,2026-08-17 06:30:00,FAILED
20431,10,6,3504.80,2026-08-12 23:13:00,FAILED
20432,3,18,3564.80,2026-08-14 02:30:00,REFUNDED
20433,6,4,4725.70,2026-08-22 06:04:00,SUCCESS
20434,7,15,3998.60,2026-08-20 01:36:00,REFUNDED
20435,9,15,4373.40,2026-08-23 23:50:00,FAILED
20436,6,9,1569.50,2026-08-20 13:10:00,SUCCESS
20437,2,3,612.20,2026-08-29 12:29:00,SUCCESS
20438,2,12,2614.10,2026-08-04 01:55:00,SUCCESS
20439,9,20,2731.80,2026-08-10 01:13:00,SUCCESS
20440,10,9,641.30,2026-08-28 14:13:00,PENDING
20441,2,10,3252.40,2026-08-07 09:37:00,FAILED
20442,9,6,1433.60,2026-08-18 03:51:00,FAILED
20443,7,10,563.80,2026-08-26 07:36:00,REFUNDED
20444,5,9,3367.00,2026-08-15 10:36:00,FAILED
20445,8,3,239.80,2026-08-23 08:32:00,PENDING
20446,2,9,2400.60,2026-08-07 04:44:00,FAILED
20447,1,15,2457.10,2026-08-10 02:32:00,SUCCESS
20448,5,19,4447.80,2026-08-26 23:07:00,SUCCESS
20449,3,20,709.60,2026-08-06 04:22:00,PENDING
20450,5,16,367.90,2026-08-18 06:19:00,PENDING
20451,2,14,3425.90,2026-08-08 21:10:00,PENDING
20452,1,6,3396.40,2026-08-01 18:45:00,FAILED
20453,1,17,2853.20,2026-08-28 06:40:00,PENDING
20454,1,1,5000,2026-08-01 12:00:00,UNKNOWN_STATUS
20455,9,18,768.30,2026-08-10 01:11:00,PENDING
20456,8,5,1278.80,2026-08-05 03:55:00,REFUNDED
20457,3,4,1407.20,2026-08-04 21:57:00,FAILED
20458,8,18,1982.60,2026-08-28 11:18:00,PENDING
20459,1,16,2343.90,2026-08-16 13:06:00,FAILED
20460,10,14,3647.80,2026-08-12 14:45:00,FAILED
20461,6,20,573.30,2026-08-14 13:41:00,FAILED
20462,1,1,NOT_A_NUMBER,2026-08-01 12:00:00,SUCCESS
20463,1,14,3644.20,2026-08-28 17:45:00,SUCCESS
20464,7,14,662.60,2026-08-24 23:10:00,SUCCESS
20465,5,12,2468.70,2026-08-02 09:59:00,REFUNDED
20466,9,14,1166.40,2026-08-11 07:27:00,SUCCESS
20467,8,14,4128.30,2026-08-19 03:39:00,SUCCESS
20468,2,20,4213.00,2026-08-20 08:56:00,SUCCESS
20469,2,16,1637.10,2026-08-17 12:33:00,SUCCESS
20470,3,5,2160.90,2026-08-22 12:19:00,PENDING
20471,3,3,1365.90,2026-08-04 21:51:00,FAILED
20472,6,1,3843.50,2026-08-17 08:16:00,FAILED
20473,5,1,2643.90,2026-08-28 02:52:00,REFUNDED
20474,6,7,2725.00,2026-08-24 01:52:00,SUCCESS
20475,8,8,3930.50,2026-08-08 18:27:00,SUCCESS
20476,8,13,251.20,2026-08-20 21:07:00,PENDING
20477,5,2,1803.10,2026-08-18 14:15:00,FAILED
20478,8,17,1771.40,2026-08-20 14:49:00,FAILED
20479,2,7,1333.00,2026-08-19 04:55:00,REFUNDED
20480,6,5,2627.10,2026-08-30 09:14:00,SUCCESS
20481,3,17,3363.60,2026-08-02 05:42:00,REFUNDED
20482,1,20,4376.10,2026-08-03 01:12:00,FAILED
20483,6,4,477.00,2026-08-28 07:36:00,REFUNDED
20484,7,16,4015.30,2026-08-11 15:02:00,REFUNDED
20485,10,3,3771.80,2026-08-27 16:11:00,SUCCESS
20486,4,16,3285.40,2026-08-16 09:36:00,REFUNDED
20487,2,8,4655.10,2026-08-27 23:42:00,SUCCESS
20488,5,9,1227.10,2026-08-23 04:52:00,SUCCESS
20489,7,13,2899.40,2026-08-02 01:10:00,FAILED
20490,10,16,3132.70,2026-08-14 16:38:00,PENDING
20491,5,19,4617.40,2026-08-09 11:26:00,FAILED
20492,3,16,3832.70,2026-08-26 13:13:00,FAILED
20493,6,14,4131.10,2026-08-10 16:28:00,SUCCESS
20494,4,17,279.40,2026-08-27 03:53:00,PENDING
20495,5,4,4393.50,2026-08-22 03:30:00,REFUNDED
20496,2,3,3969.20,2026-08-18 05:39:00,PENDING
20497,8,15,4270.90,2026-08-24 00:12:00,REFUNDED
20498,2,17,897.20,2026-08-25 03:48:00,SUCCESS
20499,10,8,3426.70,2026-08-13 14:10:00,PENDING
20500,4,12,372.30,2026-08-23 20:46:00,SUCCESS
20501,1,10,2683.80,2026-08-18 09:08:00,FAILED
20502,2,1,313.30,2026-08-30 04:26:00,FAILED
20503,5,13,4801.60,2026-08-08 19:42:00,PENDING
20504,5,7,2237.40,2026-08-08 14:18:00,REFUNDED
20505,2,13,4893.70,2026-08-03 12:19:00,PENDING
20506,7,17,4136.20,2026-08-21 07:03:00,SUCCESS
20507,2,15,1260.50,2026-08-23 00:25:00,SUCCESS
20508,8,11,4001.80,2026-08-23 15:13:00,PENDING
20509,10,18,5018.80,2026-08-07 07:11:00,FAILED
20510,1,19,391.30,2026-08-12 18:38:00,REFUNDED
20511,3,6,3711.00,2026-08-21 08:33:00,PENDING
20512,3,20,4836.00,2026-08-10 18:26:00,FAILED
20513,10,14,2749.30,2026-08-13 11:46:00,FAILED
20514,2,19,3977.60,2026-08-26 18:34:00,REFUNDED
20515,2,1,4200.70,2026-08-22 19:36:00,FAILED
20516,2,18,4364.60,2026-08-06 13:52:00,FAILED
20517,3,19,253.30,2026-08-04 23:27:00,REFUNDED
20518,5,18,1511.70,2026-08-18 22:09:00,FAILED
20519,4,11,975.50,2026-08-26 03:09:00,REFUNDED
20520,1,20,528.70,2026-08-21 16:21:00,FAILED
20521,1,1,5000,INVALID_DATE_TIME,SUCCESS
20522,10,20,3828.90,2026-08-21 13:59:00,SUCCESS
20523,2,9,2957.10,2026-08-02 22:48:00,FAILED
20524,5,12,3233.60,2026-08-28 05:30:00,FAILED
20525,10,16,1463.40,2026-08-13 23:56:00,FAILED
20526,2,10,109.20,2026-08-18 01:18:00,SUCCESS
20527,4,7,3133.00,2026-08-20 00:38:00,PENDING
20528,6,4,334.00,2026-08-30 08:03:00,SUCCESS
20529,6,17,1507.50,2026-08-22 00:14:00,REFUNDED
20530,1,4,3838.70,2026-08-05 23:14:00,PENDING
20531,6,12,556.90,2026-08-09 01:33:00,REFUNDED
20532,8,17,2176.70,2026-08-20 08:08:00,PENDING
20533,5,18,893.40,2026-08-23 01:01:00,PENDING
20534,5,6,4811.30,2026-08-23 04:31:00,PENDING
20535,3,12,1655.00,2026-08-07 10:34:00,SUCCESS
20536,4,7,2049.80,2026-08-29 02:25:00,REFUNDED
20537,2,14,1246.40,2026-08-19 07:53:00,FAILED
20538,6,3,1924.10,2026-08-18 23:33:00,SUCCESS
20539,3,1,1896.20,2026-08-19 21:59:00,FAILED
20540,6,15,4233.90,2026-08-24 07:56:00,FAILED
20541,7,18,3221.40,2026-08-26 12:36:00,PENDING
20542,5,2,3953.40,2026-08-24 16:11:00,PENDING
20543,10,18,2156.20,2026-08-23 21:15:00,PENDING
20544,6,4,1392.60,2026-08-15 20:17:00,PENDING
20545,2,18,2763.30,2026-08-11 21:23:00,FAILED
20546,4,13,1097.20,2026-08-09 07:54:00,REFUNDED
20547,9,18,161.70,2026-08-14 00:21:00,PENDING
20548,4,9,2233.50,2026-08-12 12:04:00,FAILED
20549,4,19,1019.20,2026-08-15 08:15:00,REFUNDED
20550,3,16,4910.10,2026-08-19 14:18:00,FAILED
20551,3,6,1119.00,2026-08-31 07:28:00,FAILED
20552,7,19,697.60,2026-08-21 05:38:00,FAILED
20553,4,7,4719.00,2026-08-28 20:36:00,PENDING
20554,4,12,1581.50,2026-08-04 23:58:00,REFUNDED
20555,3,11,3627.50,2026-08-16 07:13:00,PENDING
20556,7,2,3604.70,2026-08-24 12:38:00,FAILED
20557,10,2,153.20,2026-08-11 02:20:00,REFUNDED
20558,6,9,3404.00,2026-08-25 02:00:00,FAILED
20559,7,10,685.50,2026-08-02 07:56:00,PENDING
20560,3,20,126.00,2026-08-21 18:06:00,REFUNDED
20561,6,15,1778.10,2026-08-04 06:08:00,SUCCESS
20562,10,9,3993.20,2026-08-14 00:48:00,FAILED
20563,9,20,2046.20,2026-08-09 02:30:00,REFUNDED
20564,6,8,2549.90,2026-08-31 06:18:00,SUCCESS
20565,5,7,3867.50,2026-08-01 17:12:00,REFUNDED
20566,1,9,2582.10,2026-08-21 17:31:00,PENDING
20567,4,10,3256.40,2026-08-04 11:21:00,PENDING
20568,3,6,1363.70,2026-08-26 17:42:00,FAILED
20569,4,3,2470.10,2026-08-26 17:46:00,REFUNDED
20570,3,10,4778.50,2026-08-05 20:17:00,FAILED
20571,3,10,729.30,2026-08-19 01:49:00,PENDING
20572,4,7,3657.80,2026-08-20 05:39:00,PENDING
20573,3,14,3550.20,2026-08-09 21:15:00,SUCCESS
20574,6,20,4259.70,2026-08-12 00:25:00,REFUNDED
20575,5,19,2193.10,2026-08-29 01:14:00,SUCCESS
20576,4,5,1773.20,2026-08-09 00:06:00,FAILED
20577,3,1,3383.50,2026-08-02 08:08:00,SUCCESS
20578,2,14,3905.40,2026-08-27 16:41:00,REFUNDED
20579,4,17,121.40,2026-08-25 13:21:00,SUCCESS
20580,8,13,3264.90,2026-08-04 01:37:00,FAILED
20581,4,3,4615.30,2026-08-30 15:39:00,FAILED
20582,2,7,1516.00,2026-08-19 01:58:00,PENDING
20583,10,12,3090.00,2026-08-02 14:26:00,REFUNDED
20584,6,18,4286.00,2026-08-26 21:09:00,REFUNDED
20585,5,2,1816.90,2026-08-19 01:47:00,FAILED
20586,2,9,2133.60,2026-08-28 15:29:00,PENDING
20587,1,1,5000,2026-08-01 12:00:00,UNKNOWN_STATUS
20588,7,12,1060.30,2026-08-03 07:18:00,REFUNDED
20589,1,2,907.40,2026-08-15 20:25:00,FAILED
20590,2,16,4187.30,2026-08-11 12:02:00,PENDING
20591,4,5,337.60,2026-08-15 19:11:00,SUCCESS
20592,8,4,4032.70,2026-08-19 01:33:00,FAILED
20593,1,8,3624.70,2026-08-09 09:14:00,REFUNDED
20594,6,1,818.50,2026-08-16 18:10:00,REFUNDED
20595,5,8,762.20,2026-08-22 20:57:00,SUCCESS
20596,4,6,2868.20,2026-08-17 21:26:00,FAILED
20597,1,2,2526.50,2026-08-28 12:15:00,REFUNDED
20598,8,15,3950.20,2026-08-22 22:29:00,PENDING
20599,6,15,2630.40,2026-08-16 15:10:00,FAILED
20600,9,3,1254.40,2026-08-25 14:46:00,FAILED
20601,4,17,4145.50,2026-08-18 17:35:00,PENDING
20602,8,2,2000.50,2026-08-24 18:42:00,PENDING
20603,7,18,2443.80,2026-08-22 01:05:00,PENDING
20604,7,15,1927.10,2026-08-16 00:01:00,SUCCESS
20605,8,6,2985.40,2026-08-05 11:42:00,SUCCESS
20606,6,8,5014.60,2026-08-24 21:05:00,SUCCESS
20607,7,18,324.90,2026-08-02 01:02:00,SUCCESS
20608,4,9,2988.10,2026-08-04 05:29:00,SUCCESS
20609,4,19,2722.60,2026-08-25 12:34:00,SUCCESS
20610,10,11,4512.80,2026-08-09 03:36:00,SUCCESS
20611,5,15,4624.80,2026-08-30 07:17:00,FAILED
20612,1,16,5025.40,2026-08-29 07:02:00,PENDING
20613,8,17,1712.50,2026-08-12 20:26:00,FAILED
20614,2,19,722.90,2026-08-03 13:20:00,PENDING
20615,10,13,3487.30,2026-08-07 08:03:00,SUCCESS
20616,8,5,4682.20,2026-08-04 19:38:00,SUCCESS
20617,3,12,4777.70,2026-08-07 21:07:00,FAILED
20618,4,19,1247.80,2026-08-13 17:32:00,PENDING
20619,9,12,4414.50,2026-08-07 05:26:00,FAILED
20620,6,16,2510.40,2026-08-27 18:22:00,REFUNDED
20621,1,6,642.90,2026-08-06 11:15:00,SUCCESS
20622,4,6,3686.30,2026-08-31 03:14:00,PENDING
20623,9,4,2398.20,2026-08-18 17:38:00,FAILED
20624,5,11,855.30,2026-08-14 00:22:00,REFUNDED
20625,2,7,479.60,2026-08-28 20:13:00,REFUNDED
20626,6,17,3379.40,2026-08-27 08:28:00,REFUNDED
20627,1,9,733.90,2026-08-04 21:51:00,REFUNDED
20628,8,14,3806.50,2026-08-16 19:56:00,PENDING
20629,7,13,1596.10,2026-08-12 13:02:00,PENDING
20630,10,7,1402.10,2026-08-03 13:44:00,FAILED
20631,7,10,563.50,2026-08-15 18:08:00,FAILED
20632,2,12,2811.50,2026-08-23 11:50:00,PENDING
20633,8,1,548.20,2026-08-27 08:11:00,REFUNDED
20634,7,7,4822.00,2026-08-13 15:20:00,SUCCESS
20635,6,9,1247.00,2026-08-10 23:45:00,FAILED
20636,1,100.00
20637,2,2,4160.40,2026-08-25 15:11:00,FAILED
20638,6,10,1048.90,2026-08-14 23:43:00,REFUNDED
20639,1,6,553.20,2026-08-25 07:09:00,SUCCESS
20640,3,11,3670.60,2026-08-06 09:20:00,SUCCESS
20641,2,12,3419.60,2026-08-22 16:57:00,FAILED
20642,1,15,3745.80,2026-08-23 10:38:00,PENDING
20643,4,16,668.70,2026-08-04 03:23:00,PENDING
20644,3,6,4801.00,2026-08-29 16:37:00,FAILED
20645,6,11,654.90,2026-08-25 11:14:00,REFUNDED
20646,2,17,1969.10,2026-08-22 07:19:00,PENDING
20647,7,13,817.90,2026-08-29 18:46:00,PENDING
20648,10,2,4062.90,2026-08-20 13:30:00,REFUNDED
20649,1,1,NOT_A_NUMBER,2026-08-01 12:00:00,SUCCESS
20650,10,10,3839.50,2026-08-13 05:39:00,FAILED
20651,4,5,918.90,2026-08-30 06:48:00,PENDING
20652,1,1,NOT_A_NUMBER,2026-08-01 12:00:00,SUCCESS
20653,1,6,3232.50,2026-08-21 18:45:00,FAILED
20654,3,7,3454.80,2026-08-22 06:59:00,PENDING
20655,1,4,1113.00,2026-08-28 12:12:00,FAILED
20656,10,13,4621.90,2026-08-26 19:19:00,SUCCESS
20657,3,7,1368.10,2026-08-17 17:36:00,SUCCESS
20658,10,17,1590.60,2026-08-05 09:49:00,PENDING
20659,8,10,3779.30,2026-08-16 01:37:00,SUCCESS
20660,4,10,2105.30,2026-08-13 11:39:00,SUCCESS
20661,8,12,4536.70,2026-08-19 22:02:00,SUCCESS
20662,1,15,2265.40,2026-08-12 03:29:00,REFUNDED
20663,5,8,316.50,2026-08-17 18:19:00,REFUNDED
20664,9,10,2788.50,2026-08-07 13:15:00,FAILED
20665,4,12,1488.80,2026-08-15 22:08:00,SUCCESS
20666,4,2,4966.80,2026-08-14 20:36:00,PENDING
20667,7,9,1950.30,2026-08-20 02:44:00,SUCCESS
20668,1,15,4020.00,2026-08-14 13:39:00,FAILED
20669,2,13,2532.80,2026-08-26 19:35:00,PENDING
20670,3,20,2949.60,2026-08-27 18:39:00,PENDING
20671,10,19,3078.30,2026-08-06 19:23:00,SUCCESS
20672,8,2,2027.90,2026-08-29 10:25:00,REFUNDED
20673,8,6,1971.00,2026-08-15 18:29:00,SUCCESS
20674,8,13,4314.50,2026-08-25 14:33:00,FAILED
20675,2,14,3208.50,2026-08-29 01:38:00,SUCCESS
20676,3,8,2140.50,2026-08-25 13:48:00,PENDING
20677,8,20,799.50,2026-08-07 17:57:00,SUCCESS
20678,5,9,753.60,2026-08-15 18:37:00,FAILED
20679,8,7,3891.60,2026-08-03 08:19:00,PENDING
20680,7,15,2948.40,2026-08-05 14:55:00,PENDING
20681,3,4,2305.20,2026-08-09 23:07:00,PENDING
20682,7,11,3569.20,2026-08-19 15:38:00,REFUNDED
20683,4,1,4238.10,2026-08-15 13:16:00,PENDING
20684,4,15,2102.90,2026-08-07 18:28:00,FAILED
20685,3,16,3678.20,2026-08-30 08:54:00,SUCCESS
20686,3,13,3256.70,2026-08-11 18:02:00,SUCCESS
20687,4,19,1120.70,2026-08-28 23:27:00,REFUNDED
20688,10,9,3206.60,2026-08-18 14:54:00,SUCCESS
20689,8,9,3063.80,2026-08-12 17:11:00,FAILED
20690,4,4,62.50,2026-08-07 18:06:00,SUCCESS
20691,3,19,4772.00,2026-08-03 13:46:00,PENDING
20692,3,20,4535.50,2026-08-10 11:14:00,FAILED
20693,8,3,3535.50,2026-08-04 07:22:00,SUCCESS
20694,3,4,1579.10,2026-08-11 22:21:00,PENDING
20695,3,19,941.40,2026-08-25 04:54:00,REFUNDED
20696,10,20,976.80,2026-08-12 18:03:00,PENDING
20697,4,19,844.40,2026-08-13 05:26:00,REFUNDED
20698,7,1,3738.80,2026-08-03 18:14:00,REFUNDED
20699,7,18,4329.50,2026-08-28 22:35:00,PENDING
20700,7,11,1657.60,2026-08-13 17:37:00,FAILED
20701,9,15,1502.60,2026-08-21 13:42:00,FAILED
20702,4,10,1568.70,2026-08-03 09:56:00,PENDING
20703,4,16,1207.40,2026-08-18 22:44:00,FAILED
20704,7,5,3462.90,2026-08-04 23:22:00,PENDING
20705,5,1,2582.40,2026-08-30 21:00:00,SUCCESS
20706,9,4,4786.40,2026-08-07 23:38:00,PENDING
20707,7,15,3659.10,2026-08-14 03:03:00,REFUNDED
20708,9,2,3789.60,2026-08-30 11:38:00,FAILED
20709,10,6,4538.30,2026-08-04 00:16:00,FAILED
20710,6,7,4815.20,2026-08-22 00:43:00,FAILED
20711,1,19,3075.90,2026-08-31 00:46:00,FAILED
20712,8,15,2700.50,2026-08-08 19:05:00,FAILED
20713,10,1,4373.20,2026-08-17 14:59:00,REFUNDED
20714,8,1,1984.00,2026-08-08 23:22:00,PENDING
20715,6,14,3435.10,2026-08-16 09:17:00,PENDING
20716,5,20,2589.30,2026-08-05 17:45:00,PENDING
20717,1,1,2965.50,2026-08-02 07:36:00,PENDING
20718,1,19,405.50,2026-08-20 12:20:00,SUCCESS
20719,9,6,3962.00,2026-08-13 19:00:00,REFUNDED
20720,3,19,4639.50,2026-08-30 14:31:00,SUCCESS
20721,9,17,3868.60,2026-08-01 18:13:00,SUCCESS
20722,10,8,1866.50,2026-08-16 11:12:00,FAILED
20723,3,10,3672.30,2026-08-31 04:20:00,REFUNDED
20724,10,2,3418.70,2026-08-06 09:28:00,PENDING
20725,6,2,740.50,2026-08-16 02:09:00,SUCCESS
20726,2,16,1069.00,2026-08-27 01:07:00,PENDING
20727,1,8,3812.40,2026-08-29 19:39:00,SUCCESS
20728,6,3,2828.40,2026-08-03 02:50:00,PENDING
20729,1,12,372.00,2026-08-28 08:20:00,FAILED
20730,7,17,160.10,2026-08-03 16:11:00,REFUNDED
20731,1,19,3333.90,2026-08-13 20:50:00,SUCCESS
20732,9,11,3361.80,2026-08-15 22:46:00,SUCCESS
20733,9,17,4983.60,2026-08-25 15:50:00,PENDING
20734,3,19,2528.50,2026-08-13 18:02:00,SUCCESS
20735,4,6,4668.80,2026-08-07 09:50:00,FAILED
20736,6,2,3101.40,2026-08-02 08:04:00,FAILED
20737,1,5,3432.10,2026-08-22 04:23:00,REFUNDED
20738,6,19,4536.40,2026-08-21 06:48:00,REFUNDED
20739,4,9,3872.70,2026-08-16 07:36:00,PENDING
20740,4,13,2399.00,2026-08-24 21:10:00,SUCCESS
20741,9,8,2547.10,2026-08-13 20:41:00,PENDING
20742,3,15,4621.80,2026-08-17 01:48:00,SUCCESS
20743,8,12,898.50,2026-08-13 09:50:00,REFUNDED
20744,3,15,4082.00,2026-08-03 08:58:00,SUCCESS
20745,6,7,3864.10,2026-08-11 20:02:00,PENDING
20746,2,17,3141.10,2026-08-17 20:21:00,REFUNDED
20747,2,17,2106.40,2026-08-15 04:18:00,SUCCESS
20748,4,17,527.70,2026-08-13 07:05:00,REFUNDED
20749,6,5,1722.60,2026-08-24 02:24:00,SUCCESS
20750,1,1,NOT_A_NUMBER,2026-08-01 12:00:00,SUCCESS
20751,6,7,1335.40,2026-08-29 19:25:00,REFUNDED
20752,10,12,2303.80,2026-08-23 17:46:00,REFUNDED
20753,7,11,4802.60,2026-08-09 18:34:00,SUCCESS
20754,7,20,1733.00,2026-08-12 17:22:00,FAILED
20755,4,7,504.20,2026-08-08 03:57:00,REFUNDED
20756,9,14,3954.60,2026-08-04 21:10:00,FAILED
20757,5,13,1910.30,2026-08-28 23:06:00,FAILED
20758,9,10,3058.60,2026-08-02 17:09:00,PENDING
20759,8,3,3393.60,2026-08-12 14:29:00,SUCCESS
20760,10,6,806.20,2026-08-22 15:29:00,REFUNDED
20761,3,10,4670.30,2026-08-24 12:23:00,SUCCESS
20762,9,20,3933.80,2026-08-02 14:22:00,SUCCESS
20763,5,19,2719.40,2026-08-26 15:32:00,FAILED
20764,2,8,2626.00,2026-08-14 04:19:00,SUCCESS
20765,1,5,1066.50,2026-08-18 06:40:00,SUCCESS
20766,4,18,1296.50,2026-08-27 04:25:00,FAILED
20767,2,20,4428.40,2026-08-30 08:11:00,REFUNDED
20768,9,10,4945.60,2026-08-09 00:26:00,REFUNDED
20769,3,19,79.40,2026-08-29 03:12:00,FAILED
20770,7,12,2861.30,2026-08-28 01:33:00,FAILED
20771,6,17,353.60,2026-08-17 09:58:00,PENDING
20772,1,1,5000,INVALID_DATE_TIME,SUCCESS
20773,6,13,4266.30,2026-08-22 10:13:00,SUCCESS
20774,1,6,2973.60,2026-08-21 14:51:00,PENDING
20775,9,4,4852.10,2026-08-14 02:32:00,FAILED
20776,3,9,3982.80,2026-08-21 07:00:00,SUCCESS
20777,1,8,3471.50,2026-08-04 03:01:00,FAILED
20778,9,1,229.80,2026-08-16 04:35:00,SUCCESS
20779,1,1,5000,2026-08-01 12:00:00,UNKNOWN_STATUS
20780,3,1,1551.70,2026-08-02 04:36:00,FAILED
20781,9,10,3417.60,2026-08-30 19:08:00,SUCCESS
20782,5,17,3173.10,2026-08-01 09:01:00,PENDING
20783,1,6,1258.10,2026-08-23 02:50:00,PENDING
20784,10,15,1642.30,2026-08-02 18:42:00,SUCCESS
20785,8,18,1172.50,2026-08-10 04:58:00,SUCCESS
20786,6,14,1820.20,2026-08-30 17:16:00,PENDING
20787,9,12,4650.10,2026-08-25 04:14:00,PENDING
20788,5,14,2410.30,2026-08-21 20:00:00,FAILED
20789,6,3,1719.70,2026-08-10 08:12:00,SUCCESS
20790,5,14,4396.10,2026-08-16 12:27:00,REFUNDED
20791,9,14,1349.30,2026-08-03 23:10:00,SUCCESS
20792,5,12,123.40,2026-08-14 17:24:00,FAILED
20793,10,2,1613.90,2026-08-30 11:39:00,FAILED
20794,9,14,3726.70,2026-08-25 17:51:00,REFUNDED
20795,6,8,1332.70,2026-08-03 21:50:00,FAILED
20796,2,10,218.10,2026-08-15 11:31:00,REFUNDED
20797,1,2,2678.40,2026-08-15 08:45:00,SUCCESS
20798,7,9,1174.40,2026-08-31 05:29:00,PENDING
20799,1,20,1259.70,2026-08-05 17:08:00,REFUNDED
20800,5,2,2390.40,2026-08-10 18:44:00,SUCCESS
20801,5,18,991.40,2026-08-14 01:47:00,PENDING
20802,5,11,163.50,2026-08-23 20:55:00,PENDING
20803,9,16,1263.20,2026-08-01 16:54:00,REFUNDED
20804,6,15,1445.20,2026-08-18 21:33:00,SUCCESS
20805,5,10,1503.10,2026-08-19 04:36:00,SUCCESS
20806,7,1,831.60,2026-08-08 18:31:00,REFUNDED
20807,9,9,345.30,2026-08-26 21:56:00,REFUNDED
20808,9,18,58.40,2026-08-18 21:16:00,PENDING
20809,5,17,146.60,2026-08-27 00:08:00,REFUNDED
20810,8,4,1550.60,2026-08-28 03:17:00,PENDING
20811,6,20,3908.00,2026-08-10 17:00:00,SUCCESS
20812,3,7,4479.80,2026-08-31 01:00:00,FAILED
20813,10,3,3059.20,2026-08-01 14:11:00,PENDING
20814,1,8,219.00,2026-08-11 20:03:00,SUCCESS
20815,6,15,4257.20,2026-08-08 08:05:00,FAILED
20816,9,16,3590.40,2026-08-25 13:22:00,PENDING
20817,5,1,3268.50,2026-08-14 18:03:00,FAILED
20818,1,13,4109.20,2026-08-23 14:49:00,SUCCESS
20819,10,2,3180.30,2026-08-07 22:28:00,FAILED
20820,9,2,1631.70,2026-08-22 10:32:00,SUCCESS
20821,2,1,4948.20,2026-08-29 22:16:00,PENDING
20822,4,12,1205.40,2026-08-10 12:01:00,PENDING
20823,9,15,323.70,2026-08-10 06:22:00,SUCCESS
20824,6,20,4375.60,2026-08-27 10:25:00,SUCCESS
20825,2,1,4694.80,2026-08-18 23:09:00,SUCCESS
20826,1,1,748.20,2026-08-06 02:14:00,FAILED
20827,1,8,4139.00,2026-08-08 21:12:00,SUCCESS
20828,5,6,4832.70,2026-08-18 01:36:00,FAILED
20829,5,12,2005.10,2026-08-10 16:49:00,PENDING
20830,2,15,735.30,2026-08-28 03:22:00,PENDING
20831,5,5,839.00,2026-08-08 23:49:00,SUCCESS
20832,2,18,4175.60,2026-08-25 01:20:00,REFUNDED
20833,4,2,712.50,2026-08-06 07:45:00,SUCCESS
20834,5,13,1644.30,2026-08-20 04:55:00,SUCCESS
20835,10,18,4603.30,2026-08-23 05:33:00,REFUNDED
20836,6,20,756.10,2026-08-12 10:16:00,REFUNDED
20837,9,2,1948.40,2026-08-07 20:20:00,FAILED
20838,10,4,4497.30,2026-08-05 15:59:00,SUCCESS
20839,5,1,2259.70,2026-08-30 14:34:00,FAILED
20840,2,6,4590.70,2026-08-18 23:26:00,FAILED
20841,5,17,3137.00,2026-08-02 21:06:00,PENDING
20842,4,3,74.30,2026-08-20 22:47:00,FAILED
20843,3,18,1419.90,2026-08-11 00:57:00,REFUNDED
20844,6,13,1583.70,2026-08-21 16:22:00,SUCCESS
20845,2,1,1816.80,2026-08-28 11:23:00,PENDING
20846,10,4,4096.70,2026-08-08 05:02:00,REFUNDED
20847,2,2,888.10,2026-08-23 03:45:00,PENDING
20848,2,12,4089.90,2026-08-24 13:01:00,PENDING
20849,1,18,4349.10,2026-08-06 08:29:00,SUCCESS
20850,3,8,1380.10,2026-08-28 06:39:00,REFUNDED
20851,4,20,2828.00,2026-08-20 03:15:00,PENDING
20852,10,4,1456.10,2026-08-30 21:37:00,SUCCESS
20853,8,14,1876.00,2026-08-26 09:53:00,REFUNDED
20854,3,14,969.10,2026-08-02 14:16:00,REFUNDED
20855,6,16,2601.60,2026-08-29 03:55:00,PENDING
20856,3,18,2399.90,2026-08-12 21:12:00,REFUNDED
20857,6,3,3626.60,2026-08-27 08:57:00,PENDING
20858,9,11,2398.00,2026-08-03 20:07:00,SUCCESS
20859,5,8,755.50,2026-08-09 18:36:00,REFUNDED
20860,10,19,727.30,2026-08-04 14:25:00,SUCCESS
20861,6,12,3126.40,2026-08-22 04:06:00,FAILED
20862,5,19,4241.30,2026-08-21 18:46:00,FAILED
20863,5,18,3467.10,2026-08-17 18:43:00,PENDING
20864,3,6,416.90,2026-08-09 22:29:00,PENDING
20865,4,3,1653.10,2026-08-05 02:03:00,REFUNDED
20866,7,8,3734.90,2026-08-26 23:54:00,SUCCESS
20867,8,10,3649.60,2026-08-29 18:55:00,REFUNDED
20868,2,10,3696.90,2026-08-12 15:43:00,REFUNDED
20869,1,12,4887.70,2026-08-09 01:06:00,FAILED
20870,10,13,2785.00,2026-08-29 17:10:00,FAILED
20871,6,5,3097.30,2026-08-23 19:53:00,REFUNDED
20872,9,1,1569.30,2026-08-07 18:18:00,REFUNDED
20873,8,20,2340.40,2026-08-05 05:19:00,PENDING
20874,5,5,5017.70,2026-08-16 13:31:00,PENDING
20875,5,10,2660.10,2026-08-13 02:50:00,PENDING
20876,8,18,4381.40,2026-08-30 17:04:00,FAILED
20877,4,6,4294.10,2026-08-05 13:43:00,SUCCESS
20878,10,13,586.90,2026-08-05 04:36:00,REFUNDED
20879,4,5,2847.20,2026-08-10 23:21:00,SUCCESS
20880,8,11,2855.30,2026-08-08 07:34:00,REFUNDED
20881,5,13,3096.70,2026-08-02 23:34:00,SUCCESS
20882,10,15,348.80,2026-08-08 06:55:00,PENDING
20883,10,4,2409.10,2026-08-27 07:32:00,SUCCESS
20884,6,16,3190.30,2026-08-09 15:08:00,FAILED
20885,10,10,3517.60,2026-08-08 01:46:00,REFUNDED
20886,3,1,4446.90,2026-08-22 08:11:00,REFUNDED
20887,1,1,5000,INVALID_DATE_TIME,SUCCESS
20888,5,8,3941.80,2026-08-07 14:21:00,SUCCESS
20889,6,15,1718.40,2026-08-09 22:52:00,FAILED
20890,9,10,1122.50,2026-08-15 07:11:00,REFUNDED
20891,8,19,3118.50,2026-08-20 04:57:00,FAILED
20892,1,14,442.30,2026-08-22 22:19:00,REFUNDED
20893,5,17,4963.10,2026-08-12 02:22:00,FAILED
20894,6,17,3260.80,2026-08-27 04:37:00,PENDING
20895,3,11,1205.60,2026-08-28 07:26:00,PENDING
20896,8,3,2387.90,2026-08-20 05:36:00,FAILED
20897,4,14,4956.90,2026-08-09 17:43:00,REFUNDED
20898,10,11,2596.60,2026-08-27 13:40:00,SUCCESS
20899,7,15,3677.00,2026-08-09 22:44:00,SUCCESS
20900,9,20,798.20,2026-08-30 05:25:00,PENDING
20901,6,14,682.30,2026-08-29 20:36:00,PENDING
20902,9,10,2201.40,2026-08-27 17:16:00,SUCCESS
20903,3,3,553.00,2026-08-19 23:16:00,PENDING
20904,2,7,274.50,2026-08-24 22:46:00,PENDING
20905,9,7,4137.40,2026-08-06 20:59:00,SUCCESS
20906,1,14,1568.30,2026-08-29 20:29:00,FAILED
20907,8,8,3742.80,2026-08-26 15:01:00,FAILED
20908,2,1,1262.90,2026-08-14 20:52:00,FAILED
20909,9,11,4393.30,2026-08-09 03:55:00,PENDING
20910,8,17,3354.20,2026-08-04 07:58:00,PENDING
20911,4,10,4094.30,2026-08-17 19:58:00,FAILED
20912,6,16,3538.50,2026-08-13 04:58:00,PENDING
20913,3,9,2807.00,2026-08-11 20:52:00,SUCCESS
20914,7,12,2740.90,2026-08-15 02:00:00,FAILED
20915,7,6,3491.50,2026-08-09 00:18:00,SUCCESS
20916,1,20,1049.60,2026-08-04 18:02:00,SUCCESS
20917,2,1,2626.10,2026-08-23 05:56:00,FAILED
20918,5,3,557.50,2026-08-20 21:39:00,SUCCESS
20919,5,4,2335.40,2026-08-02 03:06:00,PENDING
20920,1,20,655.30,2026-08-30 16:02:00,FAILED
20921,1,18,2603.00,2026-08-09 01:24:00,SUCCESS
20922,8,6,5048.20,2026-08-01 12:07:00,REFUNDED
20923,2,9,3491.30,2026-08-02 03:18:00,REFUNDED
20924,3,4,1185.30,2026-08-24 09:22:00,SUCCESS
20925,3,4,2990.70,2026-08-04 10:57:00,SUCCESS
20926,6,5,2484.80,2026-08-06 22:22:00,REFUNDED
20927,8,3,3738.10,2026-08-07 07:31:00,REFUNDED
20928,9,4,488.80,2026-08-21 00:58:00,REFUNDED
20929,3,20,2452.70,2026-08-10 18:28:00,PENDING
20930,9,6,1689.10,2026-08-20 04:10:00,FAILED
20931,2,11,863.10,2026-08-30 09:10:00,FAILED
20932,5,7,3880.20,2026-08-24 02:10:00,FAILED
20933,4,5,3064.90,2026-08-31 02:19:00,REFUNDED
20934,10,1,869.10,2026-08-13 08:21:00,REFUNDED
20935,4,12,2172.10,2026-08-13 06:34:00,SUCCESS
20936,5,3,3264.30,2026-08-17 05:41:00,PENDING
20937,7,5,1201.00,2026-08-10 22:42:00,SUCCESS
20938,2,10,4227.70,2026-08-28 07:39:00,REFUNDED
20939,4,16,169.60,2026-08-13 07:01:00,SUCCESS
20940,4,4,1562.80,2026-08-10 12:56:00,SUCCESS
20941,7,3,675.10,2026-08-03 01:08:00,SUCCESS
20942,4,10,4257.00,2026-08-29 04:14:00,SUCCESS
20943,1,7,2168.50,2026-08-08 11:50:00,SUCCESS
20944,6,8,2194.40,2026-08-21 10:14:00,PENDING
20945,5,1,3557.90,2026-08-16 03:30:00,SUCCESS
20946,10,3,2326.40,2026-08-01 13:28:00,SUCCESS
20947,10,19,1818.10,2026-08-27 13:48:00,FAILED
20948,3,8,2813.80,2026-08-04 14:12:00,PENDING
20949,10,20,4949.50,2026-08-14 15:52:00,FAILED
20950,9,13,4027.80,2026-08-03 19:56:00,PENDING
20951,9,16,2445.80,2026-08-15 14:08:00,PENDING
20952,8,4,1039.00,2026-08-06 15:07:00,REFUNDED
20953,3,4,2128.00,2026-08-12 18:19:00,SUCCESS
20954,9,16,1237.40,2026-08-06 18:13:00,SUCCESS
20955,1,7,1734.60,2026-08-20 01:01:00,REFUNDED
20956,5,5,4603.60,2026-08-02 22:42:00,PENDING
20957,5,16,2611.30,2026-08-27 12:09:00,SUCCESS
20958,9,6,1210.80,2026-08-06 00:53:00,REFUNDED
20959,8,20,2009.90,2026-08-26 01:32:00,SUCCESS
20960,4,7,1574.20,2026-08-10 07:54:00,SUCCESS
20961,9,20,4503.90,2026-08-06 08:12:00,PENDING
20962,2,6,214.30,2026-08-05 13:47:00,FAILED
20963,10,8,2145.60,2026-08-30 08:14:00,REFUNDED
20964,10,6,4218.60,2026-08-29 04:23:00,REFUNDED
20965,4,18,3538.00,2026-08-25 21:05:00,REFUNDED
20966,8,12,3386.30,2026-08-08 20:13:00,SUCCESS
20967,7,8,4513.20,2026-08-30 10:41:00,FAILED
20968,7,10,1370.00,2026-08-04 07:20:00,REFUNDED
20969,9,17,4884.90,2026-08-04 23:59:00,REFUNDED
20970,5,15,3293.90,2026-08-09 09:45:00,FAILED
20971,2,3,3626.30,2026-08-13 03:46:00,PENDING
20972,5,15,2422.70,2026-08-08 12:00:00,REFUNDED
20973,8,18,2230.30,2026-08-15 20:19:00,SUCCESS
20974,1,14,1005.20,2026-08-03 23:24:00,REFUNDED
20975,1,18,160.20,2026-08-25 03:01:00,PENDING
20976,5,12,3343.80,2026-08-15 14:04:00,FAILED
20977,1,9,3264.30,2026-08-29 05:07:00,REFUNDED
20978,9,9,4689.80,2026-08-30 14:37:00,REFUNDED
20979,7,10,4424.70,2026-08-11 11:59:00,PENDING
20980,4,13,2531.60,2026-08-25 21:49:00,SUCCESS
20981,10,18,3611.30,2026-08-12 10:37:00,REFUNDED
20982,5,11,2972.10,2026-08-28 17:50:00,PENDING
20983,8,8,2615.50,2026-08-08 17:59:00,PENDING
20984,5,16,2433.70,2026-08-24 11:57:00,SUCCESS
20985,8,4,4140.20,2026-08-15 01:30:00,FAILED
20986,1,100.00
20987,1,100.00
20988,3,11,1960.90,2026-08-15 12:29:00,SUCCESS
20989,2,4,784.70,2026-08-07 19:46:00,REFUNDED
20990,8,20,1873.00,2026-08-17 09:59:00,REFUNDED
20991,10,10,4266.40,2026-08-31 05:46:00,PENDING
20992,3,6,2341.70,2026-08-11 09:02:00,PENDING
20993,5,5,4819.60,2026-08-18 09:58:00,REFUNDED
20994,6,12,1666.40,2026-08-26 05:57:00,SUCCESS
20995,10,7,1819.20,2026-08-27 14:05:00,FAILED
20996,2,19,3350.80,2026-08-23 23:05:00,SUCCESS
20997,3,9,3218.50,2026-08-13 10:21:00,REFUNDED
20998,5,5,2152.50,2026-08-11 16:47:00,SUCCESS
20999,10,5,763.90,2026-08-11 15:39:00,FAILED
21000,8,9,1911.90,2026-08-12 22:42:00,PENDING
21001,9,7,315.80,2026-08-23 01:40:00,FAILED
21002,1,20,4014.30,2026-08-17 00:17:00,REFUNDED
21003,2,2,2028.50,2026-08-27 19:05:00,REFUNDED
21004,3,4,1913.90,2026-08-12 03:30:00,REFUNDED
21005,4,9,2540.90,2026-08-06 12:16:00,REFUNDED
21006,6,17,2453.00,2026-08-24 06:16:00,FAILED
21007,4,16,496.30,2026-08-29 21:35:00,SUCCESS
21008,2,5,884.10,2026-08-27 12:37:00,REFUNDED
21009,8,6,3249.80,2026-08-20 05:06:00,REFUNDED
21010,1,19,4873.10,2026-08-13 04:57:00,REFUNDED
21011,9,1,1305.20,2026-08-30 01:51:00,PENDING
21012,5,6,4657.90,2026-08-16 15:04:00,REFUNDED
21013,1,18,783.30,2026-08-19 09:15:00,FAILED
21014,6,20,475.90,2026-08-07 10:18:00,FAILED
21015,10,7,1780.40,2026-08-01 19:45:00,FAILED
21016,2,2,4788.10,2026-08-27 10:21:00,REFUNDED
21017,7,18,4260.80,2026-08-28 08:57:00,SUCCESS
21018,3,20,1950.90,2026-08-18 16:50:00,PENDING
21019,7,1,3135.80,2026-08-20 16:22:00,PENDING
21020,6,7,3955.00,2026-08-19 08:17:00,PENDING
21021,3,6,3894.40,2026-08-28 14:32:00,SUCCESS
21022,5,9,1560.60,2026-08-05 00:33:00,PENDING
21023,4,2,884.70,2026-08-19 08:42:00,REFUNDED
21024,3,20,2067.70,2026-08-19 00:40:00,SUCCESS
21025,8,19,4770.40,2026-08-08 09:15:00,FAILED
21026,8,8,971.30,2026-08-24 17:46:00,REFUNDED
21027,8,1,2242.50,2026-08-09 22:02:00,FAILED
21028,8,19,4710.50,2026-08-24 09:35:00,FAILED
21029,5,6,1642.70,2026-08-01 13:39:00,FAILED
21030,2,20,1458.90,2026-08-21 18:10:00,FAILED
21031,6,17,2695.10,2026-08-11 07:53:00,PENDING
21032,5,5,542.10,2026-08-12 15:07:00,REFUNDED
21033,4,7,2735.60,2026-08-25 21:45:00,PENDING
21034,3,4,3176.60,2026-08-02 22:07:00,PENDING
21035,8,3,654.10,2026-08-28 11:20:00,SUCCESS
21036,1,7,2495.00,2026-08-26 23:40:00,FAILED
21037,9,14,715.10,2026-08-10 13:18:00,PENDING
21038,10,7,3416.50,2026-08-01 20:10:00,FAILED
21039,2,5,2914.20,2026-08-22 05:53:00,REFUNDED
21040,1,1,335.60,2026-08-22 09:22:00,REFUNDED
21041,8,10,1433.50,2026-08-19 20:17:00,PENDING
21042,8,1,577.60,2026-08-08 19:36:00,REFUNDED
21043,1,16,3134.10,2026-08-23 02:00:00,REFUNDED
21044,6,13,3989.10,2026-08-04 07:45:00,FAILED
21045,4,4,655.00,2026-08-12 10:59:00,FAILED
21046,3,18,4326.60,2026-08-09 10:16:00,FAILED
21047,8,8,2973.40,2026-08-21 06:56:00,REFUNDED
21048,1,1,793.10,2026-08-07 01:30:00,SUCCESS
21049,4,5,218.60,2026-08-30 16:01:00,FAILED
21050,1,7,2810.00,2026-08-06 04:25:00,SUCCESS
21051,9,13,1395.50,2026-08-05 22:05:00,REFUNDED
21052,10,17,184.80,2026-08-30 13:23:00,SUCCESS
21053,4,19,835.00,2026-08-24 03:20:00,SUCCESS
21054,6,10,2211.50,2026-08-26 05:17:00,PENDING
21055,5,12,4153.30,2026-08-03 07:52:00,FAILED
21056,8,13,3204.20,2026-08-23 00:07:00,SUCCESS
21057,6,19,4481.30,2026-08-05 07:05:00,REFUNDED
21058,8,15,557.80,2026-08-02 12:07:00,PENDING
21059,1,13,2682.10,2026-08-04 00:32:00,REFUNDED
21060,10,19,861.30,2026-08-16 04:28:00,REFUNDED
21061,1,1,5000,2026-08-01 12:00:00,UNKNOWN_STATUS
21062,6,9,2596.10,2026-08-18 09:40:00,PENDING
21063,7,10,3950.40,2026-08-08 15:03:00,REFUNDED
21064,9,4,71.10,2026-08-02 09:01:00,FAILED
21065,9,11,3853.80,2026-08-02 18:14:00,PENDING
21066,9,5,2467.30,2026-08-12 16:38:00,SUCCESS
21067,10,15,3719.10,2026-08-15 20:51:00,REFUNDED
21068,8,1,4685.70,2026-08-02 02:58:00,REFUNDED
21069,8,13,2879.30,2026-08-15 07:11:00,SUCCESS
21070,7,12,2853.80,2026-08-18 13:30:00,FAILED
21071,3,15,1110.70,2026-08-22 23:17:00,REFUNDED
21072,4,16,3491.50,2026-08-03 05:14:00,FAILED
21073,7,12,4834.60,2026-08-17 02:36:00,SUCCESS
21074,9,9,4901.20,2026-08-26 13:20:00,PENDING
21075,4,20,2727.90,2026-08-25 05:27:00,REFUNDED
21076,3,12,4155.60,2026-08-13 04:53:00,FAILED
21077,5,8,780.90,2026-08-13 19:16:00,PENDING
21078,10,6,657.30,2026-08-16 00:55:00,PENDING
21079,3,1,513.80,2026-08-01 10:26:00,FAILED
21080,2,5,3304.30,2026-08-08 09:22:00,REFUNDED
21081,5,19,4442.20,2026-08-26 07:51:00,FAILED
21082,5,19,729.50,2026-08-02 13:58:00,SUCCESS
21083,9,2,191.70,2026-08-09 00:27:00,REFUNDED
21084,1,1,NOT_A_NUMBER,2026-08-01 12:00:00,SUCCESS
21085,4,20,4757.90,2026-08-29 11:45:00,FAILED
21086,6,5,4808.40,2026-08-18 01:56:00,FAILED
21087,1,13,4870.10,2026-08-24 08:09:00,SUCCESS
21088,7,5,726.60,2026-08-16 06:25:00,FAILED
21089,5,11,3504.60,2026-08-28 23:50:00,SUCCESS
21090,10,6,4446.90,2026-08-18 09:01:00,REFUNDED
21091,5,20,3009.90,2026-08-27 18:47:00,PENDING
21092,1,11,441.80,2026-08-05 12:03:00,SUCCESS
21093,9,19,4296.20,2026-08-04 12:47:00,SUCCESS
21094,7,17,1907.60,2026-08-09 13:56:00,SUCCESS
21095,5,6,1743.70,2026-08-16 07:19:00,PENDING
21096,5,15,941.70,2026-08-11 21:21:00,SUCCESS
21097,6,1,1381.30,2026-08-03 21:27:00,PENDING
21098,10,19,1111.80,2026-08-20 19:21:00,REFUNDED
21099,2,18,752.10,2026-08-08 02:51:00,FAILED
21100,10,18,1515.70,2026-08-22 20:46:00,SUCCESS
21101,8,16,1491.70,2026-08-09 00:41:00,PENDING
21102,1,13,1772.60,2026-08-06 09:33:00,REFUNDED
21103,5,16,3056.20,2026-08-01 19:05:00,PENDING
21104,10,4,4581.70,2026-08-17 21:34:00,PENDING
21105,5,14,3872.60,2026-08-14 11:34:00,SUCCESS
21106,8,6,442.10,2026-08-20 14:47:00,PENDING
21107,10,5,1231.40,2026-08-28 02:36:00,PENDING
21108,4,8,4137.80,2026-08-16 19:28:00,PENDING
21109,3,5,91.00,2026-08-06 04:49:00,FAILED
21110,1,19,1034.80,2026-08-09 21:42:00,PENDING
21111,7,1,1808.70,2026-08-23 02:57:00,REFUNDED
21112,8,7,4051.30,2026-08-07 11:45:00,PENDING
21113,6,2,94.60,2026-08-12 19:10:00,SUCCESS
21114,6,2,2466.10,2026-08-05 03:14:00,SUCCESS
21115,2,15,3152.60,2026-08-25 19:56:00,SUCCESS
21116,8,20,1715.30,2026-08-13 15:36:00,FAILED
21117,1,9,4937.80,2026-08-13 02:19:00,REFUNDED
21118,2,6,4222.60,2026-08-03 18:16:00,SUCCESS
21119,1,6,3483.80,2026-08-28 22:05:00,FAILED
21120,1,1,5000,INVALID_DATE_TIME,SUCCESS
21121,7,18,1367.90,2026-08-19 09:23:00,FAILED
21122,2,9,4218.00,2026-08-29 06:22:00,SUCCESS
21123,1,2,1899.90,2026-08-19 17:52:00,SUCCESS
21124,7,15,3002.10,2026-08-27 08:02:00,PENDING
21125,1,100.00
21126,6,8,1159.80,2026-08-06 23:40:00,PENDING
21127,1,10,4389.80,2026-08-06 10:59:00,REFUNDED
21128,4,14,3676.50,2026-08-19 04:17:00,PENDING
21129,1,15,1158.70,2026-08-14 03:17:00,PENDING
21130,8,6,2965.00,2026-08-02 01:52:00,SUCCESS
21131,1,5,4420.40,2026-08-09 14:40:00,FAILED
21132,10,6,3626.00,2026-08-04 18:37:00,PENDING
21133,2,4,4375.60,2026-08-23 17:45:00,SUCCESS
21134,4,4,943.90,2026-08-18 03:10:00,REFUNDED
21135,2,19,119.80,2026-08-30 06:11:00,PENDING
21136,8,8,1339.70,2026-08-01 12:43:00,REFUNDED
21137,2,18,1277.90,2026-08-18 04:52:00,FAILED
21138,6,19,4847.50,2026-08-20 08:59:00,REFUNDED
21139,3,20,3513.50,2026-08-04 06:48:00,FAILED
21140,5,6,3524.70,2026-08-02 14:42:00,SUCCESS
21141,2,20,2645.40,2026-08-02 01:01:00,PENDING
21142,2,3,1034.10,2026-08-20 08:04:00,PENDING
21143,10,20,3141.50,2026-08-09 04:39:00,PENDING
21144,4,11,1646.20,2026-08-13 13:05:00,FAILED
21145,10,6,4919.80,2026-08-03 09:33:00,REFUNDED
21146,8,19,4059.90,2026-08-30 03:37:00,FAILED
21147,6,20,2477.80,2026-08-10 13:03:00,REFUNDED
21148,1,10,3148.60,2026-08-02 02:32:00,SUCCESS
21149,7,17,101.20,2026-08-01 08:50:00,SUCCESS
21150,4,2,522.10,2026-08-04 04:12:00,FAILED
21151,4,4,429.10,2026-08-02 14:41:00,SUCCESS
21152,7,18,843.70,2026-08-10 00:37:00,PENDING
21153,10,1,2410.90,2026-08-19 11:47:00,REFUNDED
21154,3,16,1204.10,2026-08-14 06:41:00,SUCCESS
21155,10,15,3734.60,2026-08-05 10:57:00,PENDING
21156,1,20,4114.50,2026-08-23 17:58:00,PENDING
21157,7,11,2168.20,2026-08-01 08:09:00,SUCCESS
21158,2,15,686.60,2026-08-14 14:29:00,SUCCESS
21159,10,19,1783.80,2026-08-22 09:23:00,REFUNDED
21160,5,9,4376.90,2026-08-16 12:00:00,REFUNDED
21161,2,8,3608.00,2026-08-13 07:35:00,SUCCESS
21162,10,5,3626.30,2026-08-03 13:33:00,SUCCESS
21163,3,7,690.80,2026-08-02 20:57:00,REFUNDED
21164,10,4,3682.70,2026-08-04 12:58:00,PENDING
21165,4,15,3683.70,2026-08-30 17:49:00,SUCCESS
21166,2,17,2369.50,2026-08-21 18:31:00,SUCCESS
21167,7,8,2846.00,2026-08-07 07:11:00,PENDING
21168,4,3,1435.00,2026-08-04 10:30:00,SUCCESS
21169,5,20,831.80,2026-08-15 02:24:00,FAILED
21170,7,17,2828.90,2026-08-16 11:32:00,PENDING
21171,8,20,4339.00,2026-08-04 21:05:00,FAILED
21172,9,9,1167.60,2026-08-30 10:45:00,SUCCESS
21173,2,5,3006.70,2026-08-18 17:32:00,REFUNDED
21174,9,4,3744.50,2026-08-20 22:29:00,REFUNDED
21175,4,13,3352.30,2026-08-19 07:12:00,SUCCESS
21176,1,1,5000,2026-08-01 12:00:00,UNKNOWN_STATUS
21177,8,20,3936.10,2026-08-21 22:04:00,PENDING
21178,2,2,4290.50,2026-08-19 08:34:00,FAILED
21179,2,1,3637.10,2026-08-09 13:00:00,SUCCESS
21180,5,1,1503.70,2026-08-11 14:42:00,PENDING
21181,2,3,242.60,2026-08-30 19:28:00,REFUNDED
21182,7,2,2869.50,2026-08-07 06:59:00,SUCCESS
21183,7,11,1382.40,2026-08-05 14:21:00,SUCCESS
21184,4,20,748.00,2026-08-28 20:11:00,SUCCESS
21185,1,16,2925.10,2026-08-12 21:05:00,SUCCESS
21186,8,13,196.30,2026-08-27 21:59:00,FAILED
21187,1,100.00
21188,8,3,926.30,2026-08-30 20:19:00,REFUNDED
21189,5,2,2241.00,2026-08-23 05:12:00,FAILED
21190,6,20,2393.60,2026-08-31 03:48:00,REFUNDED
21191,5,17,1401.50,2026-08-16 10:02:00,FAILED
21192,10,18,4017.90,2026-08-30 22:49:00,FAILED
21193,1,6,1298.00,2026-08-28 23:30:00,PENDING
21194,5,20,4985.70,2026-08-04 19:18:00,FAILED
21195,2,7,4329.90,2026-08-08 04:18:00,PENDING
21196,7,12,3450.50,2026-08-30 23:56:00,FAILED
21197,10,16,599.90,2026-08-12 06:59:00,FAILED
21198,1,20,141.70,2026-08-03 13:00:00,REFUNDED
21199,4,7,2892.80,2026-08-21 17:19:00,SUCCESS
21200,6,20,4104.80,2026-08-06 03:35:00,REFUNDED
21201,9,8,2682.90,2026-08-08 10:29:00,REFUNDED
21202,5,17,4967.80,2026-08-06 05:33:00,SUCCESS
21203,7,7,490.10,2026-08-20 01:27:00,PENDING
21204,1,13,1506.80,2026-08-02 02:13:00,SUCCESS
21205,1,5,4829.00,2026-08-23 02:18:00,REFUNDED
21206,2,6,411.70,2026-08-01 10:03:00,SUCCESS
21207,5,4,540.50,2026-08-13 23:53:00,SUCCESS
21208,1,18,2956.20,2026-08-30 18:06:00,PENDING
21209,1,3,2820.00,2026-08-19 00:44:00,PENDING
21210,2,3,2488.50,2026-08-08 18:44:00,FAILED
21211,9,3,1607.40,2026-08-04 02:02:00,REFUNDED
21212,2,17,4749.00,2026-08-12 13:50:00,PENDING
21213,1,7,174.10,2026-08-26 23:14:00,SUCCESS
21214,6,10,3218.50,2026-08-21 19:34:00,PENDING
21215,5,19,3314.80,2026-08-11 01:16:00,FAILED
21216,8,12,3399.00,2026-08-07 08:20:00,SUCCESS
21217,10,16,2837.40,2026-08-10 00:37:00,PENDING
21218,3,12,868.00,2026-08-14 04:30:00,PENDING
21219,6,16,1125.30,2026-08-15 11:53:00,SUCCESS
21220,7,14,5008.90,2026-08-20 20:45:00,PENDING
21221,2,4,366.90,2026-08-09 11:46:00,REFUNDED
21222,1,3,1702.00,2026-08-27 16:28:00,SUCCESS
21223,7,8,4036.50,2026-08-29 04:56:00,FAILED
21224,10,1,2827.80,2026-08-27 16:17:00,FAILED
21225,2,14,1908.00,2026-08-20 03:43:00,FAILED
21226,9,16,1119.30,2026-08-03 09:48:00,FAILED
21227,8,8,813.70,2026-08-14 19:20:00,FAILED
21228,7,19,2075.10,2026-08-23 03:11:00,REFUNDED
21229,6,8,4077.40,2026-08-03 02:36:00,REFUNDED
21230,6,12,391.50,2026-08-22 23:06:00,SUCCESS
21231,8,12,4566.60,2026-08-10 18:13:00,SUCCESS
21232,8,19,3912.80,2026-08-03 07:52:00,PENDING
21233,4,10,3882.40,2026-08-27 06:20:00,REFUNDED
21234,2,15,3435.00,2026-08-19 15:23:00,REFUNDED
21235,10,17,3000.70,2026-08-16 09:08:00,REFUNDED
21236,7,1,1386.90,2026-08-28 13:38:00,REFUNDED
21237,4,2,4447.00,2026-08-10 15:50:00,REFUNDED
21238,1,1,1969.50,2026-08-21 00:28:00,PENDING
21239,5,10,2128.20,2026-08-05 08:36:00,PENDING
21240,2,6,553.20,2026-08-18 08:56:00,SUCCESS
21241,8,17,1135.10,2026-08-23 03:51:00,FAILED
21242,8,10,4677.30,2026-08-03 21:36:00,SUCCESS
21243,5,4,2256.40,2026-08-08 13:22:00,REFUNDED
21244,5,5,662.70,2026-08-16 17:06:00,PENDING
21245,6,3,4156.10,2026-08-05 21:54:00,FAILED
21246,5,14,2641.80,2026-08-03 04:21:00,PENDING
21247,8,10,2641.60,2026-08-21 00:16:00,PENDING
21248,7,13,884.40,2026-08-08 03:34:00,SUCCESS
21249,7,16,1231.90,2026-08-02 23:37:00,REFUNDED
21250,8,5,2697.60,2026-08-14 05:10:00,PENDING
21251,1,20,3860.80,2026-08-28 23:20:00,FAILED
21252,6,6,4000.00,2026-08-19 21:09:00,SUCCESS
21253,8,4,1642.90,2026-08-21 13:05:00,PENDING
21254,10,14,3769.00,2026-08-06 21:48:00,SUCCESS
21255,4,3,637.20,2026-08-14 07:13:00,REFUNDED
21256,5,2,4685.30,2026-08-22 02:02:00,PENDING
21257,5,1,2165.10,2026-08-24 23:41:00,FAILED
21258,10,20,834.10,2026-08-03 21:00:00,PENDING
21259,6,14,913.30,2026-08-20 11:02:00,REFUNDED
21260,7,7,2719.30,2026-08-17 22:56:00,SUCCESS
21261,8,8,1295.70,2026-08-23 08:27:00,FAILED
21262,7,8,1561.80,2026-08-20 01:24:00,SUCCESS
21263,1,2,4815.50,2026-08-27 02:16:00,FAILED
21264,8,18,3485.10,2026-08-19 15:04:00,REFUNDED
21265,10,2,3715.30,2026-08-19 21:40:00,SUCCESS
21266,6,10,1774.00,2026-08-21 10:23:00,REFUNDED
21267,6,9,2364.20,2026-08-18 07:54:00,SUCCESS
21268,1,10,3683.00,2026-08-06 20:38:00,REFUNDED
21269,9,3,2519.20,2026-08-17 14:28:00,REFUNDED
21270,1,8,1353.40,2026-08-22 22:57:00,SUCCESS
21271,5,20,1895.90,2026-08-19 11:22:00,FAILED
21272,6,18,2150.20,2026-08-27 19:53:00,REFUNDED
21273,5,8,4570.50,2026-08-10 06:13:00,FAILED
21274,7,6,2857.80,2026-08-25 20:25:00,REFUNDED
21275,2,17,4335.30,2026-08-14 10:56:00,REFUNDED
21276,1,12,1254.10,2026-08-21 03:17:00,FAILED
21277,6,4,1144.20,2026-08-15 15:32:00,REFUNDED
21278,6,18,2537.70,2026-08-28 23:37:00,SUCCESS
21279,3,2,3811.60,2026-08-20 11:04:00,FAILED
21280,7,6,3723.00,2026-08-13 15:55:00,PENDING
21281,10,19,2976.50,2026-08-11 08:14:00,FAILED
21282,1,18,1930.90,2026-08-03 06:02:00,SUCCESS
21283,4,15,2687.70,2026-08-29 17:36:00,REFUNDED
21284,2,1,2960.90,2026-08-24 17:55:00,REFUNDED
21285,9,14,3587.80,2026-08-31 05:47:00,REFUNDED
21286,6,9,3203.80,2026-08-26 19:22:00,SUCCESS
21287,9,15,4167.10,2026-08-16 02:57:00,FAILED
21288,9,17,213.10,2026-08-14 02:53:00,SUCCESS
21289,4,19,4954.60,2026-08-22 05:09:00,REFUNDED
21290,4,4,4569.20,2026-08-11 16:58:00,FAILED
21291,2,19,1681.50,2026-08-08 14:51:00,FAILED
21292,8,4,3965.90,2026-08-17 18:42:00,SUCCESS
21293,5,11,3654.70,2026-08-17 04:58:00,PENDING
21294,9,18,3599.80,2026-08-29 04:16:00,FAILED
21295,5,16,2394.60,2026-08-29 11:15:00,FAILED
21296,8,15,621.50,2026-08-21 02:10:00,FAILED
21297,2,14,2541.20,2026-08-11 09:23:00,FAILED
21298,3,8,636.70,2026-08-14 18:57:00,REFUNDED
21299,6,6,2207.30,2026-08-03 11:17:00,PENDING
21300,3,16,4371.70,2026-08-27 02:54:00,PENDING
21301,9,11,3007.80,2026-08-17 13:32:00,PENDING
21302,4,18,1882.40,2026-08-24 10:46:00,PENDING
21303,1,20,4815.20,2026-08-02 04:58:00,SUCCESS
21304,6,15,640.50,2026-08-24 07:38:00,PENDING
21305,2,12,2191.20,2026-08-27 04:24:00,REFUNDED
21306,8,16,1029.90,2026-08-29 02:40:00,PENDING
21307,10,15,1859.80,2026-08-16 10:33:00,REFUNDED
21308,8,13,4403.10,2026-08-02 17:36:00,REFUNDED
21309,8,2,4150.90,2026-08-08 13:00:00,REFUNDED
21310,1,2,371.10,2026-08-16 22:20:00,FAILED
21311,3,5,4953.20,2026-08-27 01:12:00,PENDING
21312,5,8,2084.30,2026-08-04 14:12:00,REFUNDED
21313,2,10,3057.40,2026-08-25 19:21:00,REFUNDED
21314,6,5,1987.10,2026-08-06 20:41:00,SUCCESS
21315,6,14,2675.20,2026-08-02 00:06:00,FAILED
21316,9,3,3072.00,2026-08-18 03:42:00,REFUNDED
21317,7,16,3319.60,2026-08-29 00:15:00,FAILED
21318,8,6,4686.70,2026-08-02 07:11:00,PENDING
21319,9,16,4704.50,2026-08-04 00:36:00,REFUNDED
21320,6,15,2685.80,2026-08-17 17:55:00,PENDING
21321,1,13,2876.00,2026-08-23 21:32:00,PENDING
21322,1,11,3478.70,2026-08-15 13:17:00,FAILED
21323,10,15,2960.60,2026-08-03 14:25:00,FAILED
21324,2,18,3250.10,2026-08-26 22:57:00,FAILED
21325,6,11,4743.40,2026-08-17 22:07:00,FAILED
21326,9,8,2609.60,2026-08-26 16:41:00,FAILED
21327,10,13,1675.00,2026-08-10 16:16:00,PENDING
21328,7,8,2871.10,2026-08-04 10:42:00,FAILED
21329,10,10,2574.00,2026-08-05 01:52:00,REFUNDED
21330,6,12,1061.90,2026-08-27 16:24:00,PENDING
21331,5,5,769.90,2026-08-18 09:22:00,FAILED
21332,4,6,1050.40,2026-08-11 05:56:00,SUCCESS
21333,5,17,968.10,2026-08-27 17:29:00,SUCCESS
21334,5,11,4903.30,2026-08-11 12:38:00,REFUNDED
21335,10,16,2957.70,2026-08-05 08:44:00,REFUNDED
21336,2,17,3883.30,2026-08-06 08:40:00,REFUNDED
21337,7,2,4253.80,2026-08-02 22:48:00,FAILED
21338,10,18,304.90,2026-08-12 21:34:00,PENDING
21339,8,15,3393.40,2026-08-22 21:55:00,FAILED
21340,7,14,1790.60,2026-08-07 09:29:00,SUCCESS
21341,5,15,2353.50,2026-08-03 03:21:00,REFUNDED
21342,8,9,546.50,2026-08-23 11:34:00,SUCCESS
21343,9,12,2609.60,2026-08-13 13:57:00,REFUNDED
21344,10,10,2397.50,2026-08-01 21:11:00,REFUNDED
21345,10,13,3962.20,2026-08-18 17:40:00,PENDING
21346,5,18,1207.90,2026-08-24 08:50:00,SUCCESS
21347,10,5,2213.80,2026-08-15 23:03:00,REFUNDED
21348,1,18,3296.80,2026-08-10 03:59:00,REFUNDED
21349,9,20,2027.80,2026-08-10 13:31:00,SUCCESS
21350,2,18,1503.80,2026-08-29 10:02:00,PENDING
21351,4,10,3273.40,2026-08-12 21:23:00,FAILED
21352,10,9,2432.00,2026-08-22 07:47:00,FAILED
21353,6,1,4508.80,2026-08-19 10:17:00,FAILED
21354,8,5,2286.00,2026-08-07 10:57:00,REFUNDED
21355,7,16,580.10,2026-08-14 23:33:00,PENDING
21356,1,5,4877.70,2026-08-28 21:14:00,PENDING
21357,10,11,208.50,2026-08-08 15:38:00,FAILED
21358,1,1,NOT_A_NUMBER,2026-08-01 12:00:00,SUCCESS
21359,1,4,4520.20,2026-08-12 09:29:00,FAILED
21360,4,7,551.70,2026-08-27 08:48:00,SUCCESS
21361,8,11,3152.70,2026-08-18 21:04:00,FAILED
21362,10,3,2743.10,2026-08-14 15:25:00,PENDING
21363,5,16,1194.30,2026-08-11 05:58:00,PENDING
21364,10,7,4032.20,2026-08-27 13:03:00,REFUNDED
21365,3,17,1529.20,2026-08-18 19:36:00,PENDING
21366,7,17,403.80,2026-08-21 10:49:00,PENDING
21367,6,14,4277.20,2026-08-09 18:40:00,FAILED
21368,9,12,125.30,2026-08-18 10:06:00,FAILED
21369,5,15,2896.80,2026-08-28 06:54:00,SUCCESS
21370,8,4,1753.60,2026-08-26 06:45:00,FAILED
21371,7,1,1773.00,2026-08-30 18:33:00,FAILED
21372,2,3,5006.40,2026-08-04 10:44:00,SUCCESS
21373,7,19,424.70,2026-08-15 11:08:00,PENDING
21374,8,12,2467.30,2026-08-27 06:47:00,FAILED
21375,1,16,4393.50,2026-08-08 07:10:00,PENDING
21376,3,6,1865.60,2026-08-02 04:19:00,REFUNDED
21377,8,8,2245.30,2026-08-19 06:26:00,PENDING
21378,7,18,2837.40,2026-08-29 20:22:00,SUCCESS
21379,10,19,3466.90,2026-08-09 20:45:00,FAILED
21380,9,13,1468.70,2026-08-15 02:33:00,SUCCESS
21381,8,18,393.90,2026-08-28 20:00:00,FAILED
21382,7,4,105.20,2026-08-07 03:26:00,FAILED
21383,2,14,4012.70,2026-08-20 15:53:00,SUCCESS
21384,9,11,3114.00,2026-08-19 18:41:00,FAILED
21385,10,6,3488.30,2026-08-08 01:10:00,SUCCESS
21386,7,17,416.90,2026-08-20 14:21:00,PENDING
21387,10,3,925.40,2026-08-24 09:47:00,PENDING
21388,1,16,2386.20,2026-08-02 18:33:00,REFUNDED
21389,3,20,4250.80,2026-08-11 16:34:00,SUCCESS
21390,7,13,2655.50,2026-08-09 04:20:00,REFUNDED
21391,4,9,2550.10,2026-08-06 18:46:00,REFUNDED
21392,3,9,3551.60,2026-08-07 09:53:00,REFUNDED
21393,8,17,3094.70,2026-08-28 15:33:00,FAILED
21394,10,10,1169.10,2026-08-03 21:20:00,FAILED
21395,7,16,1979.70,2026-08-29 12:52:00,FAILED
21396,5,11,2832.60,2026-08-05 06:05:00,REFUNDED
21397,1,10,2766.40,2026-08-14 00:37:00,FAILED
21398,3,6,3349.00,2026-08-07 05:11:00,PENDING
21399,9,8,1130.40,2026-08-24 02:22:00,SUCCESS
21400,6,7,4007.40,2026-08-18 21:15:00,FAILED
21401,8,12,4887.20,2026-08-20 19:59:00,REFUNDED
21402,9,8,3529.80,2026-08-28 14:38:00,SUCCESS
21403,7,18,4825.50,2026-08-18 02:14:00,SUCCESS
21404,3,6,513.40,2026-08-29 02:52:00,FAILED
21405,9,4,4724.10,2026-08-11 16:28:00,PENDING
21406,6,18,651.30,2026-08-12 16:21:00,PENDING
21407,9,19,3954.70,2026-08-18 04:09:00,SUCCESS
21408,2,1,2302.50,2026-08-13 01:22:00,SUCCESS
21409,5,8,4349.10,2026-08-22 08:34:00,PENDING
21410,8,11,4141.60,2026-08-22 10:19:00,SUCCESS
21411,10,19,310.50,2026-08-19 23:12:00,PENDING
21412,3,17,3064.00,2026-08-19 19:46:00,REFUNDED
21413,5,16,3505.60,2026-08-02 12:34:00,FAILED
21414,6,14,1613.20,2026-08-11 20:17:00,SUCCESS
21415,5,11,1668.30,2026-08-07 23:10:00,SUCCESS
21416,10,14,529.90,2026-08-23 10:37:00,FAILED
21417,10,12,3320.10,2026-08-23 18:45:00,FAILED
21418,10,14,5029.00,2026-08-23 17:26:00,SUCCESS
21419,5,18,3931.00,2026-08-05 06:27:00,REFUNDED
21420,4,2,2657.10,2026-08-24 05:37:00,FAILED
21421,9,11,1238.10,2026-08-20 09:09:00,SUCCESS
21422,4,18,1377.90,2026-08-01 14:18:00,PENDING
21423,9,10,2777.70,2026-08-09 17:35:00,SUCCESS
21424,3,20,4485.70,2026-08-03 13:14:00,SUCCESS
21425,2,13,755.10,2026-08-30 20:08:00,REFUNDED
21426,4,15,3577.30,2026-08-23 16:57:00,REFUNDED
21427,3,6,412.30,2026-08-21 14:11:00,SUCCESS
21428,5,8,3835.00,2026-08-24 08:44:00,PENDING
21429,6,15,785.30,2026-08-01 11:25:00,FAILED
21430,9,11,2346.10,2026-08-19 19:36:00,PENDING
21431,3,9,3718.30,2026-08-09 11:32:00,PENDING
21432,4,2,4441.90,2026-08-13 10:39:00,SUCCESS
21433,5,1,3771.30,2026-08-02 16:27:00,FAILED
21434,2,4,1269.10,2026-08-15 06:34:00,REFUNDED
21435,4,3,2466.60,2026-08-02 08:37:00,PENDING
21436,3,10,821.10,2026-08-28 07:46:00,FAILED
21437,4,5,1735.10,2026-08-03 10:42:00,SUCCESS
21438,1,1,790.90,2026-08-17 15:15:00,FAILED
21439,7,13,432.70,2026-08-14 20:15:00,PENDING
21440,9,8,3226.70,2026-08-30 07:10:00,FAILED
21441,7,1,3125.60,2026-08-24 12:14:00,FAILED
21442,10,18,1353.60,2026-08-08 17:46:00,PENDING
21443,3,11,4370.80,2026-08-21 21:35:00,PENDING
21444,2,15,1357.10,2026-08-02 10:14:00,REFUNDED
21445,7,2,4924.30,2026-08-11 12:10:00,FAILED
21446,8,7,4806.50,2026-08-17 20:07:00,SUCCESS
21447,5,2,1772.50,2026-08-18 00:52:00,FAILED
21448,9,12,2526.90,2026-08-11 21:23:00,FAILED
21449,1,11,837.10,2026-08-16 17:34:00,FAILED
21450,2,3,1952.40,2026-08-23 22:24:00,PENDING
21451,9,4,4460.30,2026-08-07 11:55:00,SUCCESS
21452,1,12,1704.00,2026-08-15 06:18:00,PENDING
21453,9,8,1659.40,2026-08-17 02:11:00,FAILED
21454,1,17,3829.00,2026-08-28 04:11:00,SUCCESS
21455,6,19,4653.70,2026-08-21 15:49:00,FAILED
21456,7,13,4375.00,2026-08-11 22:29:00,SUCCESS
21457,1,100.00
21458,5,5,4978.00,2026-08-20 01:03:00,FAILED
21459,3,15,3960.30,2026-08-19 07:28:00,SUCCESS
21460,8,9,1567.80,2026-08-09 19:13:00,PENDING
21461,6,19,777.90,2026-08-14 10:21:00,PENDING
21462,1,7,202.20,2026-08-23 02:31:00,REFUNDED
21463,9,7,1554.80,2026-08-10 12:40:00,SUCCESS
21464,8,11,1363.90,2026-08-22 00:19:00,REFUNDED
21465,1,8,5014.80,2026-08-27 13:59:00,PENDING
21466,8,16,2077.60,2026-08-18 21:50:00,PENDING
21467,2,11,4065.80,2026-08-25 16:30:00,FAILED
21468,2,5,1987.90,2026-08-17 19:36:00,REFUNDED
21469,10,4,3632.20,2026-08-19 04:40:00,REFUNDED
21470,9,7,4083.70,2026-08-20 02:35:00,FAILED
21471,6,13,1878.70,2026-08-10 04:07:00,FAILED
21472,3,20,265.10,2026-08-27 09:35:00,REFUNDED
21473,9,14,651.10,2026-08-04 01:54:00,REFUNDED
21474,6,19,4402.30,2026-08-03 19:15:00,SUCCESS
21475,7,13,4338.30,2026-08-21 08:26:00,SUCCESS
21476,1,14,3243.00,2026-08-25 04:55:00,REFUNDED
21477,1,8,1501.10,2026-08-27 16:48:00,SUCCESS
21478,3,3,1397.20,2026-08-09 22:58:00,REFUNDED
21479,8,19,4184.70,2026-08-09 07:03:00,SUCCESS
21480,6,18,1980.50,2026-08-08 08:52:00,FAILED
21481,5,5,1142.00,2026-08-30 00:52:00,REFUNDED
21482,6,10,1579.40,2026-08-23 05:36:00,PENDING
21483,1,6,154.40,2026-08-18 05:34:00,FAILED
21484,6,15,4612.70,2026-08-05 12:52:00,REFUNDED
21485,10,7,2642.50,2026-08-26 23:11:00,PENDING
21486,6,11,268.80,2026-08-12 20:06:00,SUCCESS
21487,1,1,5000,2026-08-01 12:00:00,UNKNOWN_STATUS
21488,4,5,1121.30,2026-08-29 20:54:00,FAILED
21489,2,19,2674.10,2026-08-21 22:35:00,REFUNDED
21490,10,11,3556.50,2026-08-17 17:01:00,REFUNDED
21491,1,19,1158.90,2026-08-22 08:18:00,SUCCESS
21492,9,5,415.50,2026-08-02 11:03:00,REFUNDED
21493,9,2,210.00,2026-08-16 21:32:00,FAILED
21494,10,2,1199.90,2026-08-06 10:09:00,REFUNDED
21495,8,9,3107.20,2026-08-03 09:26:00,SUCCESS
21496,7,6,212.50,2026-08-03 13:32:00,FAILED
21497,4,12,415.70,2026-08-17 13:46:00,PENDING
21498,6,10,3625.60,2026-08-02 00:48:00,REFUNDED
21499,8,12,2966.50,2026-08-24 07:04:00,SUCCESS
21500,8,10,4699.80,2026-08-23 22:30:00,SUCCESS
21501,8,20,1832.80,2026-08-19 04:22:00,FAILED
21502,4,15,442.80,2026-08-08 22:25:00,FAILED
21503,9,13,1134.30,2026-08-20 12:00:00,REFUNDED
21504,10,6,2617.00,2026-08-18 03:11:00,REFUNDED
21505,6,7,4261.20,2026-08-08 17:50:00,FAILED
21506,7,2,1890.70,2026-08-24 03:41:00,FAILED
21507,8,11,4696.40,2026-08-13 15:00:00,SUCCESS
21508,3,6,3801.00,2026-08-22 00:37:00,PENDING
21509,8,12,1470.50,2026-08-04 20:57:00,FAILED
21510,9,13,2920.90,2026-08-20 11:52:00,SUCCESS
21511,3,17,4799.00,2026-08-24 12:05:00,FAILED
21512,10,17,3932.70,2026-08-04 19:24:00,PENDING
21513,4,5,580.20,2026-08-07 13:40:00,SUCCESS
21514,7,9,2080.50,2026-08-06 21:21:00,PENDING
21515,3,19,371.00,2026-08-22 18:07:00,REFUNDED
21516,2,15,4381.60,2026-08-18 12:03:00,PENDING
21517,7,1,4956.40,2026-08-30 21:03:00,FAILED
21518,2,13,3545.20,2026-08-03 17:12:00,PENDING
21519,8,7,2804.00,2026-08-07 02:10:00,FAILED
21520,8,14,2648.40,2026-08-12 07:22:00,SUCCESS
21521,7,4,2411.70,2026-08-22 13:28:00,SUCCESS
21522,8,5,723.40,2026-08-12 07:24:00,SUCCESS
21523,8,20,3348.30,2026-08-13 16:29:00,REFUNDED
21524,10,8,897.60,2026-08-10 23:26:00,SUCCESS
21525,3,1,1692.30,2026-08-22 21:38:00,PENDING
21526,7,5,5042.30,2026-08-28 02:58:00,REFUNDED
21527,9,9,2519.70,2026-08-12 03:12:00,SUCCESS
21528,3,7,4411.80,2026-08-04 18:38:00,FAILED
21529,4,5,193.20,2026-08-27 23:59:00,REFUNDED
21530,3,6,473.50,2026-08-01 20:53:00,SUCCESS
21531,7,3,4191.30,2026-08-13 16:23:00,FAILED
21532,9,7,4269.90,2026-08-08 06:09:00,SUCCESS
21533,10,2,232.30,2026-08-16 21:15:00,PENDING
21534,8,8,1822.50,2026-08-19 19:56:00,SUCCESS
21535,7,12,4691.80,2026-08-15 16:33:00,REFUNDED
21536,1,11,778.30,2026-08-14 12:51:00,PENDING
21537,3,9,303.20,2026-08-19 06:23:00,REFUNDED
21538,1,14,1463.50,2026-08-31 00:21:00,FAILED
21539,9,10,4546.10,2026-08-04 08:45:00,PENDING
21540,4,16,145.80,2026-08-16 17:39:00,PENDING
21541,4,4,1292.60,2026-08-27 05:42:00,FAILED
21542,1,100.00
21543,7,14,1583.10,2026-08-22 14:24:00,SUCCESS
21544,1,1,5000,2026-08-01 12:00:00,UNKNOWN_STATUS
21545,3,5,1928.30,2026-08-29 14:05:00,REFUNDED
21546,2,3,4463.10,2026-08-29 14:10:00,SUCCESS
21547,2,20,4461.70,2026-08-14 00:33:00,SUCCESS
21548,7,13,1977.70,2026-08-08 10:34:00,SUCCESS
21549,8,12,169.60,2026-08-25 21:29:00,FAILED
21550,10,2,2346.70,2026-08-13 03:12:00,REFUNDED
21551,10,17,3114.30,2026-08-17 17:49:00,SUCCESS
21552,10,15,2632.50,2026-08-10 07:25:00,REFUNDED
21553,3,20,2028.80,2026-08-29 00:33:00,PENDING
21554,3,10,1869.70,2026-08-05 05:26:00,PENDING
21555,10,15,952.50,2026-08-16 00:25:00,PENDING
21556,5,19,205.50,2026-08-11 05:23:00,FAILED
21557,2,5,2358.30,2026-08-21 13:10:00,REFUNDED
21558,4,13,3251.60,2026-08-03 02:51:00,SUCCESS
21559,6,17,717.30,2026-08-13 19:12:00,PENDING
21560,8,13,3755.00,2026-08-06 11:01:00,SUCCESS
21561,9,13,2195.80,2026-08-15 03:26:00,REFUNDED
21562,6,13,981.30,2026-08-29 06:51:00,PENDING
21563,7,15,2602.30,2026-08-20 04:20:00,SUCCESS
21564,8,13,4555.40,2026-08-17 19:10:00,FAILED
21565,9,6,3187.80,2026-08-09 06:44:00,REFUNDED
21566,4,19,3449.60,2026-08-09 23:14:00,PENDING
21567,2,4,2431.30,2026-08-04 12:59:00,REFUNDED
21568,3,11,3214.70,2026-08-04 20:04:00,PENDING
21569,1,2,755.20,2026-08-24 03:12:00,PENDING
21570,2,7,236.00,2026-08-22 21:42:00,SUCCESS
21571,2,8,2429.00,2026-08-04 06:55:00,SUCCESS
21572,8,16,4954.20,2026-08-05 01:07:00,FAILED
21573,2,4,1545.60,2026-08-31 04:41:00,SUCCESS
21574,8,13,3710.40,2026-08-05 15:16:00,FAILED
21575,7,4,3810.90,2026-08-20 03:54:00,FAILED
21576,5,14,2433.20,2026-08-18 06:02:00,SUCCESS
21577,6,3,4563.20,2026-08-15 23:03:00,PENDING
21578,3,13,3148.80,2026-08-21 12:41:00,PENDING
21579,5,1,3362.20,2026-08-03 10:59:00,FAILED
21580,9,16,4733.50,2026-08-09 20:44:00,PENDING
21581,8,20,2183.80,2026-08-11 11:12:00,REFUNDED
21582,6,18,1781.10,2026-08-12 02:22:00,FAILED
21583,1,1,5000,INVALID_DATE_TIME,SUCCESS
21584,10,20,3221.70,2026-08-28 18:07:00,FAILED
21585,10,12,2200.50,2026-08-13 11:55:00,SUCCESS
21586,4,18,850.10,2026-08-16 16:40:00,REFUNDED
21587,1,15,3473.70,2026-08-09 00:13:00,SUCCESS
21588,4,10,2888.70,2026-08-23 13:17:00,REFUNDED
21589,1,17,1081.60,2026-08-19 14:45:00,FAILED
21590,6,1,2769.00,2026-08-25 06:45:00,REFUNDED
21591,3,7,3540.80,2026-08-15 02:49:00,SUCCESS
21592,7,5,3712.10,2026-08-29 08:52:00,FAILED
21593,10,2,768.90,2026-08-28 06:22:00,FAILED
21594,7,8,2626.20,2026-08-13 18:39:00,SUCCESS
21595,10,9,1856.80,2026-08-10 18:43:00,SUCCESS
21596,3,11,580.20,2026-08-10 14:48:00,SUCCESS
21597,2,12,3258.90,2026-08-16 03:42:00,REFUNDED
21598,3,8,2498.20,2026-08-24 15:10:00,SUCCESS
21599,6,9,190.40,2026-08-18 10:14:00,PENDING
21600,5,8,689.20,2026-08-29 06:54:00,SUCCESS
21601,1,6,2485.60,2026-08-17 09:33:00,FAILED
21602,7,4,4828.20,2026-08-08 12:01:00,SUCCESS
21603,8,9,1192.50,2026-08-11 00:13:00,SUCCESS
21604,8,14,566.40,2026-08-03 23:16:00,FAILED
21605,8,1,3789.00,2026-08-13 10:01:00,FAILED
21606,4,18,3744.50,2026-08-30 02:45:00,PENDING
21607,3,8,1977.00,2026-08-28 05:28:00,PENDING
21608,9,11,461.10,2026-08-15 09:05:00,PENDING
21609,10,14,3815.50,2026-08-27 22:51:00,FAILED
21610,9,7,2430.20,2026-08-21 06:38:00,REFUNDED
21611,1,1,4513.10,2026-08-07 11:21:00,FAILED
21612,8,1,2518.10,2026-08-15 21:14:00,REFUNDED
21613,2,3,2763.60,2026-08-30 06:34:00,REFUNDED
21614,10,18,2740.70,2026-08-30 10:58:00,PENDING
21615,1,1,5000,2026-08-01 12:00:00,UNKNOWN_STATUS
21616,1,12,3873.70,2026-08-22 01:43:00,FAILED
21617,2,3,4534.30,2026-08-29 15:17:00,SUCCESS
21618,6,9,5030.90,2026-08-03 11:45:00,SUCCESS
21619,4,13,3264.60,2026-08-14 09:01:00,SUCCESS
21620,1,14,3737.60,2026-08-31 03:10:00,PENDING
21621,5,2,359.10,2026-08-12 14:25:00,REFUNDED
21622,9,15,3904.60,2026-08-23 12:04:00,FAILED
21623,10,6,4515.20,2026-08-21 15:26:00,SUCCESS
21624,7,9,3051.80,2026-08-05 19:21:00,SUCCESS
21625,8,18,2254.90,2026-08-30 05:53:00,REFUNDED
21626,7,18,3651.50,2026-08-23 00:34:00,FAILED
21627,6,19,572.60,2026-08-14 06:21:00,FAILED
21628,10,15,2493.10,2026-08-09 00:15:00,PENDING
21629,9,8,3986.10,2026-08-04 22:11:00,REFUNDED
21630,6,5,4868.90,2026-08-29 02:21:00,SUCCESS
21631,8,17,4535.50,2026-08-24 12:54:00,FAILED
21632,7,2,2030.70,2026-08-23 22:44:00,REFUNDED
21633,7,16,2013.40,2026-08-07 07:09:00,REFUNDED
21634,1,2,2096.30,2026-08-23 17:59:00,REFUNDED
21635,10,7,377.90,2026-08-28 21:54:00,REFUNDED
21636,1,16,3994.10,2026-08-19 20:31:00,REFUNDED
21637,10,9,3185.40,2026-08-11 19:21:00,FAILED
21638,2,15,1266.00,2026-08-13 21:33:00,PENDING
21639,7,10,1414.70,2026-08-15 07:44:00,PENDING
21640,1,13,1213.00,2026-08-01 23:16:00,SUCCESS
21641,9,4,278.40,2026-08-07 12:19:00,SUCCESS
21642,1,18,2452.30,2026-08-10 13:44:00,PENDING
21643,5,4,3061.60,2026-08-26 20:07:00,FAILED
21644,8,12,4487.90,2026-08-04 05:04:00,PENDING
21645,6,15,3084.30,2026-08-27 06:55:00,REFUNDED
21646,1,100.00
21647,4,16,777.90,2026-08-28 14:00:00,FAILED
21648,1,12,4449.70,2026-08-02 12:09:00,FAILED
21649,3,16,3977.50,2026-08-26 11:11:00,FAILED
21650,2,9,4249.20,2026-08-11 03:29:00,SUCCESS
21651,5,4,1394.80,2026-08-01 19:44:00,PENDING
21652,3,11,3012.50,2026-08-31 02:06:00,FAILED
21653,6,18,3950.70,2026-08-23 05:01:00,PENDING
21654,4,10,4052.40,2026-08-05 10:40:00,SUCCESS
21655,8,1,3515.90,2026-08-30 09:31:00,PENDING
21656,2,20,3706.20,2026-08-05 01:02:00,SUCCESS
21657,8,8,2385.90,2026-08-26 21:28:00,PENDING
21658,4,14,3370.80,2026-08-18 17:47:00,FAILED
21659,1,1,5000,2026-08-01 12:00:00,UNKNOWN_STATUS
21660,5,19,1313.40,2026-08-19 01:40:00,FAILED
21661,10,20,4453.80,2026-08-12 22:35:00,REFUNDED
21662,3,18,4318.40,2026-08-10 22:07:00,SUCCESS
21663,9,3,1351.50,2026-08-11 01:12:00,REFUNDED
21664,8,6,2059.00,2026-08-19 12:37:00,REFUNDED
21665,4,8,4469.20,2026-08-08 10:59:00,PENDING
21666,8,20,2188.50,2026-08-09 06:13:00,SUCCESS
21667,10,1,3130.20,2026-08-08 02:57:00,PENDING
21668,4,6,4918.70,2026-08-07 13:42:00,SUCCESS
21669,3,18,866.90,2026-08-18 21:02:00,REFUNDED
21670,4,2,4373.20,2026-08-12 18:25:00,SUCCESS
21671,3,13,4351.30,2026-08-01 11:56:00,REFUNDED
21672,9,18,2792.90,2026-08-15 10:12:00,SUCCESS
21673,1,20,1696.70,2026-08-22 07:07:00,REFUNDED
21674,8,19,3538.40,2026-08-10 00:39:00,SUCCESS
21675,1,1,5000,INVALID_DATE_TIME,SUCCESS
21676,3,6,4076.10,2026-08-23 18:27:00,FAILED
21677,9,14,2458.60,2026-08-28 16:17:00,REFUNDED
21678,3,9,2044.60,2026-08-26 03:05:00,PENDING
21679,1,9,92.20,2026-08-19 22:25:00,PENDING
21680,1,11,3253.00,2026-08-19 16:02:00,SUCCESS
21681,2,8,2542.00,2026-08-14 00:27:00,REFUNDED
21682,6,17,2759.20,2026-08-19 17:51:00,REFUNDED
21683,7,6,3563.80,2026-08-10 22:14:00,REFUNDED
21684,1,14,3324.20,2026-08-05 01:10:00,REFUNDED
21685,9,9,1002.30,2026-08-21 16:20:00,FAILED
21686,9,5,4483.50,2026-08-22 15:53:00,REFUNDED
21687,8,20,2995.20,2026-08-23 13:33:00,REFUNDED
21688,8,11,3236.50,2026-08-12 02:11:00,SUCCESS
21689,1,15,281.20,2026-08-13 18:56:00,REFUNDED
21690,4,8,1520.80,2026-08-19 01:50:00,PENDING
21691,5,9,238.90,2026-08-05 16:44:00,REFUNDED
21692,6,17,268.60,2026-08-02 10:42:00,PENDING
21693,2,17,1403.50,2026-08-16 11:42:00,REFUNDED
21694,8,3,2777.80,2026-08-19 04:01:00,PENDING
21695,10,7,123.80,2026-08-03 04:35:00,PENDING
21696,10,18,581.60,2026-08-11 23:20:00,PENDING
21697,2,15,3056.40,2026-08-14 19:07:00,SUCCESS
21698,2,4,1352.30,2026-08-21 12:49:00,SUCCESS
21699,9,6,4935.00,2026-08-16 01:31:00,PENDING
21700,10,2,972.20,2026-08-20 10:33:00,PENDING
21701,3,15,4851.50,2026-08-31 03:51:00,FAILED
21702,1,15,305.30,2026-08-15 04:17:00,FAILED
21703,1,20,365.60,2026-08-04 18:38:00,SUCCESS
21704,6,4,3991.50,2026-08-07 11:54:00,FAILED
21705,1,18,270.10,2026-08-04 11:24:00,SUCCESS
21706,3,7,1021.10,2026-08-30 22:47:00,REFUNDED
21707,9,17,4923.30,2026-08-19 10:11:00,REFUNDED
21708,7,20,702.60,2026-08-27 19:11:00,FAILED
21709,8,12,3871.60,2026-08-24 14:33:00,PENDING
21710,9,6,2934.30,2026-08-12 21:04:00,FAILED
21711,4,4,3524.70,2026-08-17 21:49:00,PENDING
21712,4,9,973.70,2026-08-01 12:19:00,FAILED
21713,1,7,2318.40,2026-08-15 11:16:00,SUCCESS
21714,1,17,4016.40,2026-08-11 15:30:00,PENDING
21715,8,16,2201.90,2026-08-22 00:03:00,FAILED
21716,7,18,1005.60,2026-08-26 06:36:00,SUCCESS
21717,3,10,2320.60,2026-08-15 04:57:00,SUCCESS
21718,10,8,4968.70,2026-08-14 05:51:00,PENDING
21719,4,2,2215.10,2026-08-04 00:16:00,FAILED
21720,6,9,3110.10,2026-08-25 13:19:00,PENDING
21721,3,3,2552.20,2026-08-04 07:12:00,REFUNDED
21722,10,9,750.70,2026-08-25 16:24:00,REFUNDED
21723,2,10,3827.00,2026-08-07 21:39:00,FAILED
21724,1,7,5033.30,2026-08-24 14:22:00,FAILED
21725,4,7,1318.20,2026-08-25 21:37:00,REFUNDED
21726,7,1,2804.40,2026-08-08 19:16:00,FAILED
21727,5,1,3626.80,2026-08-17 19:13:00,FAILED
21728,3,7,2207.70,2026-08-22 10:38:00,REFUNDED
21729,10,17,2927.30,2026-08-26 23:46:00,SUCCESS
21730,8,12,2486.00,2026-08-25 01:05:00,PENDING
21731,1,6,3016.60,2026-08-27 15:09:00,REFUNDED
21732,2,6,4789.80,2026-08-28 10:08:00,REFUNDED
21733,3,12,4894.40,2026-08-09 00:29:00,REFUNDED
21734,6,3,692.00,2026-08-09 21:06:00,SUCCESS
21735,8,9,3030.00,2026-08-04 07:53:00,REFUNDED
21736,2,4,1130.20,2026-08-27 03:08:00,PENDING
21737,4,19,3153.30,2026-08-13 03:21:00,SUCCESS
21738,7,11,4212.20,2026-08-01 09:43:00,REFUNDED
21739,3,20,4635.50,2026-08-15 15:09:00,PENDING
21740,10,10,4476.50,2026-08-29 20:44:00,SUCCESS
21741,7,7,3618.70,2026-08-29 11:00:00,REFUNDED
21742,6,10,4368.20,2026-08-01 18:28:00,REFUNDED
21743,1,1,5000,2026-08-01 12:00:00,UNKNOWN_STATUS
21744,4,2,3578.00,2026-08-22 12:48:00,REFUNDED
21745,5,4,2384.50,2026-08-11 10:59:00,SUCCESS
21746,8,4,1121.80,2026-08-18 10:08:00,PENDING
21747,9,9,1129.30,2026-08-12 16:45:00,REFUNDED
21748,4,20,4653.90,2026-08-30 05:11:00,REFUNDED
21749,4,16,699.40,2026-08-29 08:55:00,SUCCESS
21750,8,9,3467.90,2026-08-05 23:34:00,REFUNDED
21751,7,12,2358.80,2026-08-30 21:11:00,FAILED
21752,10,5,4265.30,2026-08-22 13:47:00,FAILED
21753,8,3,4356.40,2026-08-05 10:45:00,PENDING
21754,6,3,4854.30,2026-08-27 16:07:00,REFUNDED
21755,2,10,2334.10,2026-08-19 19:14:00,SUCCESS
21756,7,14,1982.20,2026-08-11 04:42:00,FAILED
21757,6,7,238.40,2026-08-20 18:12:00,PENDING
21758,7,3,380.90,2026-08-19 20:09:00,FAILED
21759,8,15,3146.60,2026-08-28 00:46:00,REFUNDED
21760,9,19,3957.50,2026-08-03 22:55:00,REFUNDED
21761,5,3,4274.90,2026-08-26 19:20:00,REFUNDED
21762,1,10,2466.60,2026-08-24 21:12:00,REFUNDED
21763,6,8,4270.90,2026-08-15 04:18:00,SUCCESS
21764,6,6,231.20,2026-08-07 15:02:00,SUCCESS
21765,6,12,4875.80,2026-08-15 16:59:00,REFUNDED
21766,9,5,462.90,2026-08-29 13:01:00,PENDING
21767,5,13,4275.80,2026-08-03 15:35:00,REFUNDED
21768,6,2,1508.90,2026-08-06 02:37:00,SUCCESS
21769,10,14,642.70,2026-08-30 11:02:00,SUCCESS
21770,10,11,102.90,2026-08-10 05:46:00,REFUNDED
21771,3,8,2892.30,2026-08-31 04:06:00,REFUNDED
21772,6,5,346.50,2026-08-29 02:20:00,FAILED
21773,3,7,2878.30,2026-08-20 18:41:00,FAILED
21774,4,12,2569.90,2026-08-28 05:45:00,REFUNDED
21775,1,1,5000,INVALID_DATE_TIME,SUCCESS
21776,8,5,1406.60,2026-08-22 10:08:00,SUCCESS
21777,8,18,4208.30,2026-08-23 12:06:00,PENDING
21778,9,13,4414.30,2026-08-30 14:14:00,PENDING
21779,6,2,4106.30,2026-08-05 03:41:00,FAILED
21780,2,5,1386.70,2026-08-07 20:26:00,FAILED
21781,1,3,461.80,2026-08-21 05:39:00,REFUNDED
21782,4,19,2053.30,2026-08-27 22:54:00,FAILED
21783,8,4,4261.90,2026-08-11 09:21:00,SUCCESS
21784,8,18,4784.90,2026-08-24 17:43:00,REFUNDED
21785,5,2,4962.20,2026-08-01 14:39:00,SUCCESS
21786,5,16,80.50,2026-08-16 07:36:00,REFUNDED
21787,1,10,2572.50,2026-08-20 12:11:00,PENDING
21788,9,14,365.10,2026-08-09 12:21:00,PENDING
21789,4,10,2043.90,2026-08-15 13:18:00,FAILED
21790,9,10,725.40,2026-08-18 16:48:00,REFUNDED
21791,8,20,74.60,2026-08-25 05:15:00,PENDING
21792,9,20,2508.90,2026-08-31 01:44:00,REFUNDED
21793,5,6,4663.50,2026-08-11 06:27:00,PENDING
21794,4,12,4337.20,2026-08-23 02:57:00,SUCCESS
21795,5,7,745.10,2026-08-16 16:38:00,SUCCESS
21796,6,7,382.90,2026-08-22 06:06:00,PENDING
21797,7,16,923.60,2026-08-04 16:18:00,PENDING
21798,10,5,1414.50,2026-08-12 12:13:00,SUCCESS
21799,5,1,4815.50,2026-08-12 23:58:00,SUCCESS
21800,8,1,1247.50,2026-08-24 03:46:00,FAILED
21801,7,17,3578.00,2026-08-01 18:00:00,SUCCESS
21802,7,8,204.30,2026-08-22 00:02:00,SUCCESS
21803,6,6,4110.30,2026-08-20 10:57:00,FAILED
21804,10,17,349.40,2026-08-09 02:29:00,SUCCESS
21805,2,17,3254.50,2026-08-07 02:18:00,FAILED
21806,5,2,1390.40,2026-08-12 19:50:00,REFUNDED
21807,2,1,1335.00,2026-08-28 08:00:00,PENDING
21808,4,2,1824.90,2026-08-29 03:50:00,REFUNDED
21809,4,18,4116.90,2026-08-24 09:29:00,FAILED
21810,7,1,2722.80,2026-08-28 21:58:00,FAILED
21811,5,7,2389.10,2026-08-13 01:08:00,FAILED
21812,2,20,5018.80,2026-08-16 05:59:00,REFUNDED
21813,7,9,3323.60,2026-08-10 12:53:00,FAILED
21814,3,15,4918.00,2026-08-13 02:05:00,PENDING
21815,5,20,517.60,2026-08-07 01:09:00,SUCCESS
21816,3,14,1661.80,2026-08-25 02:20:00,FAILED
21817,3,11,145.40,2026-08-04 13:13:00,FAILED
21818,5,3,1510.10,2026-08-25 03:44:00,PENDING
21819,6,12,2163.20,2026-08-08 18:28:00,FAILED
21820,2,18,4423.30,2026-08-30 08:00:00,PENDING
21821,3,13,4499.70,2026-08-13 00:50:00,PENDING
21822,5,20,3238.60,2026-08-18 08:55:00,FAILED
21823,6,15,2015.40,2026-08-29 01:10:00,FAILED
21824,9,17,4255.10,2026-08-08 23:56:00,FAILED
21825,9,3,1365.30,2026-08-28 05:42:00,FAILED
21826,8,10,3785.30,2026-08-20 18:40:00,SUCCESS
21827,4,10,967.00,2026-08-24 22:08:00,SUCCESS
21828,4,6,305.30,2026-08-27 03:14:00,REFUNDED
21829,9,3,4505.80,2026-08-25 16:52:00,FAILED
21830,10,10,4180.80,2026-08-22 14:26:00,SUCCESS
21831,9,1,1241.30,2026-08-14 16:55:00,REFUNDED
21832,4,13,2328.00,2026-08-24 06:29:00,SUCCESS
21833,9,19,2931.60,2026-08-18 21:39:00,FAILED
21834,1,10,429.30,2026-08-27 15:26:00,FAILED
21835,7,14,1371.20,2026-08-21 10:52:00,PENDING
21836,8,4,2344.90,2026-08-18 07:52:00,FAILED
21837,2,3,1561.90,2026-08-18 16:27:00,REFUNDED
21838,10,11,2495.70,2026-08-03 05:36:00,SUCCESS
21839,9,12,2532.90,2026-08-29 12:58:00,PENDING
21840,9,17,3235.60,2026-08-08 21:22:00,PENDING
21841,2,8,2293.00,2026-08-06 04:07:00,FAILED
21842,6,15,1471.10,2026-08-07 04:55:00,SUCCESS
21843,5,10,4849.40,2026-08-04 12:36:00,FAILED
21844,6,8,2276.00,2026-08-09 03:12:00,FAILED
21845,8,12,1377.60,2026-08-10 09:54:00,REFUNDED
21846,9,4,1797.10,2026-08-01 10:53:00,PENDING
21847,6,6,4704.20,2026-08-13 18:47:00,PENDING
21848,6,15,196.00,2026-08-23 03:58:00,FAILED
21849,7,5,2502.20,2026-08-07 01:28:00,PENDING
21850,10,16,3785.90,2026-08-02 23:48:00,FAILED
21851,1,1,NOT_A_NUMBER,2026-08-01 12:00:00,SUCCESS
21852,4,15,3880.50,2026-08-03 18:12:00,FAILED
21853,3,10,4733.20,2026-08-13 18:17:00,REFUNDED
21854,1,20,3903.60,2026-08-14 02:40:00,FAILED
21855,9,14,454.30,2026-08-02 22:37:00,SUCCESS
21856,10,9,1130.00,2026-08-26 06:36:00,SUCCESS
21857,5,5,2028.20,2026-08-15 18:22:00,FAILED
21858,4,5,1813.50,2026-08-02 03:46:00,PENDING
21859,4,7,1512.00,2026-08-28 00:43:00,SUCCESS
21860,4,15,1201.20,2026-08-09 02:18:00,SUCCESS
21861,4,7,2785.40,2026-08-14 23:34:00,REFUNDED
21862,6,2,601.00,2026-08-31 00:59:00,FAILED
21863,10,5,3445.70,2026-08-05 01:48:00,SUCCESS
21864,8,20,2279.00,2026-08-05 21:22:00,PENDING
21865,10,11,4005.90,2026-08-08 01:09:00,REFUNDED
21866,3,10,1963.20,2026-08-14 07:39:00,PENDING
21867,8,13,380.60,2026-08-01 08:44:00,PENDING
21868,10,17,3285.70,2026-08-23 04:36:00,SUCCESS
21869,1,4,4522.60,2026-08-16 12:00:00,REFUNDED
21870,4,3,4415.20,2026-08-12 06:16:00,FAILED
21871,1,15,4727.50,2026-08-17 17:22:00,SUCCESS
21872,3,3,599.40,2026-08-30 13:35:00,FAILED
21873,9,14,3542.30,2026-08-11 11:55:00,SUCCESS
21874,6,11,3819.30,2026-08-15 23:40:00,FAILED
21875,5,17,2358.10,2026-08-03 12:41:00,REFUNDED
21876,2,8,2884.10,2026-08-22 18:33:00,FAILED
21877,9,7,1250.10,2026-08-11 18:20:00,PENDING
21878,7,2,665.20,2026-08-24 03:49:00,PENDING
21879,7,12,3537.60,2026-08-08 17:22:00,SUCCESS
21880,3,7,3392.40,2026-08-05 03:50:00,REFUNDED
21881,3,3,822.60,2026-08-28 21:46:00,REFUNDED
21882,8,17,3004.10,2026-08-19 11:16:00,FAILED
21883,2,12,917.30,2026-08-19 14:14:00,REFUNDED
21884,1,4,1383.70,2026-08-22 02:15:00,REFUNDED
21885,2,1,4111.20,2026-08-08 09:06:00,SUCCESS
21886,7,20,393.20,2026-08-06 16:35:00,FAILED
21887,8,4,356.70,2026-08-29 21:30:00,REFUNDED
21888,3,14,4659.10,2026-08-27 18:54:00,REFUNDED
21889,3,1,4506.00,2026-08-09 07:43:00,REFUNDED
21890,8,10,866.10,2026-08-14 13:10:00,SUCCESS
21891,9,8,2927.00,2026-08-30 00:39:00,REFUNDED
21892,1,15,4863.10,2026-08-18 13:43:00,PENDING
21893,8,15,2323.30,2026-08-06 19:47:00,REFUNDED
21894,3,8,961.00,2026-08-08 09:20:00,SUCCESS
21895,9,14,1434.30,2026-08-06 19:16:00,PENDING
21896,10,15,3961.30,2026-08-28 11:19:00,FAILED
21897,8,5,3863.00,2026-08-12 21:27:00,PENDING
21898,2,12,3263.70,2026-08-21 13:43:00,FAILED
21899,3,12,735.60,2026-08-23 14:09:00,PENDING
21900,8,12,2199.80,2026-08-15 18:35:00,SUCCESS
21901,10,8,3886.20,2026-08-14 15:12:00,FAILED
21902,7,8,111.20,2026-08-17 11:45:00,REFUNDED
21903,10,12,4578.40,2026-08-12 12:43:00,REFUNDED
21904,7,1,352.40,2026-08-31 03:39:00,REFUNDED
21905,10,16,74.40,2026-08-20 01:14:00,REFUNDED
21906,8,4,3940.90,2026-08-23 07:39:00,REFUNDED
21907,1,10,2308.50,2026-08-14 09:33:00,PENDING
21908,3,16,3045.20,2026-08-13 21:10:00,REFUNDED
21909,9,19,4706.30,2026-08-05 18:44:00,SUCCESS
21910,6,16,3893.80,2026-08-02 11:10:00,PENDING
21911,10,6,3084.10,2026-08-01 12:49:00,REFUNDED
21912,3,7,3030.70,2026-08-02 09:52:00,REFUNDED
21913,1,5,3889.70,2026-08-08 15:12:00,SUCCESS
21914,8,1,945.90,2026-08-30 23:38:00,SUCCESS
21915,10,4,4483.80,2026-08-20 12:24:00,PENDING
21916,2,12,4656.90,2026-08-14 16:58:00,SUCCESS
21917,5,6,2927.50,2026-08-26 21:21:00,FAILED
21918,10,14,4699.00,2026-08-05 17:53:00,PENDING
21919,6,11,2836.40,2026-08-07 15:57:00,PENDING
21920,3,13,2213.70,2026-08-04 14:14:00,FAILED
21921,1,1,NOT_A_NUMBER,2026-08-01 12:00:00,SUCCESS
21922,5,15,352.40,2026-08-13 07:23:00,REFUNDED
21923,5,4,1653.30,2026-08-21 19:25:00,SUCCESS
21924,10,7,1131.10,2026-08-12 02:48:00,SUCCESS
21925,8,16,3948.10,2026-08-13 08:02:00,SUCCESS
21926,2,17,1036.40,2026-08-21 16:55:00,REFUNDED
21927,9,15,797.70,2026-08-04 06:45:00,PENDING
21928,8,14,3618.70,2026-08-15 23:31:00,PENDING
21929,8,3,1602.30,2026-08-11 20:19:00,REFUNDED
21930,1,1,5000,INVALID_DATE_TIME,SUCCESS
21931,2,1,4345.20,2026-08-29 02:04:00,SUCCESS
21932,5,3,1558.10,2026-08-27 22:23:00,REFUNDED
21933,10,3,2958.50,2026-08-01 21:46:00,FAILED
21934,5,18,2744.30,2026-08-25 03:24:00,PENDING
21935,4,7,4242.60,2026-08-09 03:00:00,FAILED
21936,10,9,2135.40,2026-08-12 18:35:00,SUCCESS
21937,10,13,4561.90,2026-08-12 10:09:00,REFUNDED
21938,8,10,4164.40,2026-08-20 04:47:00,PENDING
21939,6,1,4067.80,2026-08-05 12:07:00,REFUNDED
21940,7,8,1442.10,2026-08-05 07:19:00,REFUNDED
21941,1,1,NOT_A_NUMBER,2026-08-01 12:00:00,SUCCESS
21942,3,18,3808.50,2026-08-23 22:09:00,SUCCESS
21943,10,19,3508.20,2026-08-09 00:30:00,SUCCESS
21944,9,19,2254.90,2026-08-24 00:34:00,FAILED
21945,8,1,3398.00,2026-08-14 23:18:00,SUCCESS
21946,9,18,3370.60,2026-08-02 14:29:00,SUCCESS
21947,10,4,3384.20,2026-08-18 19:40:00,REFUNDED
21948,1,1,5000,2026-08-01 12:00:00,UNKNOWN_STATUS
21949,3,13,4338.40,2026-08-18 23:09:00,REFUNDED
21950,4,5,4684.80,2026-08-27 22:53:00,SUCCESS
21951,4,2,3407.00,2026-08-23 10:32:00,PENDING
21952,2,16,1472.30,2026-08-12 10:42:00,FAILED
21953,5,13,671.90,2026-08-11 06:22:00,FAILED
21954,5,6,3358.10,2026-08-05 23:51:00,REFUNDED
21955,5,1,870.00,2026-08-16 03:58:00,FAILED
21956,3,19,4594.00,2026-08-26 20:43:00,SUCCESS
21957,1,14,256.80,2026-08-26 01:38:00,FAILED
21958,8,4,3888.70,2026-08-24 20:12:00,REFUNDED
21959,9,3,4141.40,2026-08-20 16:45:00,SUCCESS
21960,10,13,2356.20,2026-08-11 09:00:00,FAILED
21961,10,6,2678.70,2026-08-05 21:35:00,SUCCESS
21962,6,16,2248.60,2026-08-12 07:44:00,SUCCESS
21963,3,3,2146.70,2026-08-13 14:30:00,REFUNDED
21964,1,17,2304.90,2026-08-02 10:18:00,FAILED
21965,9,9,1602.00,2026-08-20 10:19:00,REFUNDED
21966,1,12,4927.20,2026-08-23 03:52:00,REFUNDED
21967,4,3,2177.00,2026-08-27 04:32:00,PENDING
21968,8,6,2534.60,2026-08-12 16:03:00,FAILED
21969,2,6,3153.70,2026-08-19 12:09:00,FAILED
21970,5,16,1984.30,2026-08-06 15:22:00,PENDING
21971,9,11,2900.70,2026-08-30 15:23:00,FAILED
21972,6,6,2098.80,2026-08-18 17:57:00,REFUNDED
21973,9,16,4881.50,2026-08-22 12:38:00,PENDING
21974,8,12,4319.80,2026-08-20 17:18:00,FAILED
21975,1,9,910.00,2026-08-22 23:25:00,FAILED
21976,4,1,2711.50,2026-08-10 20:10:00,SUCCESS
21977,3,19,1743.70,2026-08-19 11:19:00,SUCCESS
21978,2,6,4436.50,2026-08-15 00:14:00,REFUNDED
21979,2,15,2751.60,2026-08-25 15:27:00,PENDING
21980,3,19,3579.90,2026-08-12 23:40:00,REFUNDED
21981,6,17,3300.40,2026-08-09 20:54:00,FAILED
21982,9,12,654.10,2026-08-16 14:59:00,PENDING
21983,3,12,1877.00,2026-08-09 06:52:00,PENDING
21984,1,17,4513.20,2026-08-19 14:42:00,PENDING
21985,4,12,692.60,2026-08-08 00:52:00,PENDING
21986,10,12,3542.30,2026-08-02 18:38:00,SUCCESS
21987,10,8,1811.30,2026-08-30 23:18:00,REFUNDED
21988,4,1,185.20,2026-08-08 10:45:00,REFUNDED
21989,6,4,1885.70,2026-08-25 10:46:00,PENDING
21990,4,14,4437.30,2026-08-17 10:07:00,FAILED
21991,10,7,3964.30,2026-08-11 12:11:00,REFUNDED
21992,9,2,3143.20,2026-08-06 02:06:00,FAILED
21993,5,13,1470.70,2026-08-21 03:53:00,PENDING
21994,6,17,423.40,2026-08-22 16:11:00,PENDING
21995,10,14,4783.30,2026-08-18 03:50:00,PENDING
21996,9,12,471.40,2026-08-13 07:51:00,SUCCESS
21997,10,15,3846.10,2026-08-16 21:53:00,REFUNDED
21998,10,18,4325.20,2026-08-26 15:25:00,PENDING
21999,7,14,4243.40,2026-08-15 04:36:00,SUCCESS
22000,6,1,1476.60,2026-08-02 15:47:00,REFUNDED
22001,6,1,4271.30,2026-08-23 22:02:00,REFUNDED
22002,6,18,1320.00,2026-08-24 08:06:00,SUCCESS
22003,10,12,1591.80,2026-08-26 04:25:00,PENDING
22004,4,7,2759.40,2026-08-22 18:41:00,PENDING
22005,4,7,1003.40,2026-08-16 02:25:00,PENDING
22006,9,16,3579.00,2026-08-30 20:27:00,FAILED
22007,9,14,2544.30,2026-08-24 03:25:00,PENDING
22008,8,5,3207.10,2026-08-18 14:41:00,REFUNDED
22009,7,9,3156.20,2026-08-18 05:46:00,FAILED
22010,2,8,2158.30,2026-08-02 16:33:00,PENDING
22011,1,5,4437.00,2026-08-30 21:32:00,PENDING
22012,9,9,3973.90,2026-08-30 13:47:00,FAILED
22013,4,18,1901.30,2026-08-23 16:06:00,PENDING
22014,1,1,1467.60,2026-08-28 05:12:00,SUCCESS
22015,7,12,4070.90,2026-08-10 23:08:00,FAILED
22016,1,1,73.50,2026-08-10 02:38:00,PENDING
22017,9,12,3599.70,2026-08-27 06:41:00,FAILED
22018,9,8,4804.10,2026-08-27 04:26:00,REFUNDED
22019,3,12,3749.30,2026-08-01 13:30:00,SUCCESS
22020,10,1,4478.90,2026-08-31 00:29:00,SUCCESS
22021,4,15,1992.40,2026-08-20 03:03:00,PENDING
22022,5,3,3185.80,2026-08-26 11:02:00,FAILED
22023,2,6,1099.60,2026-08-23 23:41:00,REFUNDED
22024,10,9,148.70,2026-08-02 20:06:00,REFUNDED
22025,1,1,5000,INVALID_DATE_TIME,SUCCESS
22026,6,8,4707.40,2026-08-26 16:22:00,SUCCESS
22027,1,10,3008.20,2026-08-05 01:48:00,SUCCESS
22028,8,13,2005.90,2026-08-16 11:22:00,REFUNDED
22029,1,6,4746.60,2026-08-12 15:59:00,FAILED
22030,3,15,1393.10,2026-08-30 17:32:00,PENDING
22031,7,2,1401.60,2026-08-14 06:27:00,FAILED
22032,6,18,2726.30,2026-08-17 12:40:00,FAILED
22033,3,3,4978.60,2026-08-05 11:49:00,SUCCESS
22034,1,15,75.20,2026-08-19 01:05:00,FAILED
22035,6,2,3682.60,2026-08-24 05:50:00,PENDING
22036,7,13,1589.50,2026-08-30 00:30:00,PENDING
22037,9,5,1860.30,2026-08-25 00:06:00,SUCCESS
22038,5,4,756.80,2026-08-11 14:51:00,FAILED
22039,4,4,2063.30,2026-08-29 12:54:00,PENDING
22040,2,17,2000.00,2026-08-28 20:54:00,PENDING
22041,1,20,2927.40,2026-08-18 21:18:00,FAILED
22042,2,6,2228.40,2026-08-12 16:25:00,FAILED
22043,3,6,1068.20,2026-08-03 04:42:00,SUCCESS
22044,9,11,903.70,2026-08-02 22:35:00,FAILED
22045,10,2,3679.00,2026-08-06 18:45:00,REFUNDED
22046,4,18,2440.40,2026-08-14 07:14:00,PENDING
22047,7,7,4086.40,2026-08-15 16:40:00,FAILED
22048,10,5,4387.40,2026-08-22 03:18:00,SUCCESS
22049,2,15,3401.50,2026-08-26 01:37:00,PENDING
22050,8,20,778.20,2026-08-05 09:50:00,PENDING
22051,9,11,4525.60,2026-08-11 10:58:00,SUCCESS
22052,9,17,1900.00,2026-08-13 14:38:00,FAILED
22053,1,10,2396.60,2026-08-29 12:45:00,FAILED
22054,2,1,2188.60,2026-08-04 22:38:00,FAILED
22055,2,18,1173.10,2026-08-23 19:13:00,SUCCESS
22056,3,16,669.80,2026-08-28 20:31:00,SUCCESS
22057,6,13,3463.50,2026-08-29 13:28:00,FAILED
22058,6,1,2777.20,2026-08-29 17:11:00,SUCCESS
22059,8,4,3823.60,2026-08-12 05:48:00,REFUNDED
22060,7,19,4980.40,2026-08-15 04:43:00,SUCCESS
22061,2,14,4975.70,2026-08-02 10:53:00,REFUNDED
22062,3,16,2853.20,2026-08-29 14:06:00,SUCCESS
22063,6,8,3907.90,2026-08-01 12:54:00,PENDING
22064,2,18,3148.30,2026-08-20 10:22:00,FAILED
22065,9,10,3924.10,2026-08-09 17:16:00,REFUNDED
22066,9,20,1771.80,2026-08-23 01:07:00,PENDING
22067,4,16,1455.30,2026-08-10 06:24:00,PENDING
22068,1,9,2771.50,2026-08-15 03:54:00,REFUNDED
22069,6,5,3908.90,2026-08-21 02:58:00,FAILED
22070,7,6,1242.40,2026-08-24 02:41:00,SUCCESS
22071,10,1,3784.80,2026-08-27 12:13:00,REFUNDED
22072,1,1,636.10,2026-08-17 18:43:00,SUCCESS
22073,2,17,113.00,2026-08-28 10:41:00,PENDING
22074,10,20,2516.40,2026-08-06 05:29:00,PENDING
22075,5,10,1760.70,2026-08-03 19:35:00,SUCCESS
22076,5,16,4023.60,2026-08-01 23:27:00,SUCCESS
22077,8,11,2255.20,2026-08-28 00:04:00,SUCCESS
22078,1,6,2018.60,2026-08-21 23:14:00,REFUNDED
22079,1,18,175.70,2026-08-21 01:30:00,PENDING
22080,4,9,4505.00,2026-08-10 11:46:00,REFUNDED
22081,6,19,3493.10,2026-08-28 16:01:00,PENDING
22082,10,6,1822.20,2026-08-22 19:41:00,FAILED
22083,5,14,3343.40,2026-08-28 07:31:00,SUCCESS
22084,3,1,3966.70,2026-08-20 07:02:00,REFUNDED
22085,6,12,740.10,2026-08-08 14:58:00,FAILED
22086,1,7,2487.20,2026-08-10 19:50:00,PENDING
22087,10,17,2169.10,2026-08-23 13:19:00,PENDING
22088,8,7,3725.00,2026-08-12 11:01:00,PENDING
22089,1,7,4222.50,2026-08-18 11:54:00,SUCCESS
22090,8,8,4223.20,2026-08-23 07:00:00,REFUNDED
22091,2,5,2317.00,2026-08-06 10:54:00,REFUNDED
22092,10,12,3283.60,2026-08-10 18:07:00,SUCCESS
22093,9,10,4650.30,2026-08-17 07:32:00,PENDING
22094,3,18,2628.10,2026-08-01 20:40:00,PENDING
22095,3,9,269.70,2026-08-04 17:02:00,SUCCESS
22096,7,13,3765.90,2026-08-26 02:38:00,PENDING
22097,5,15,304.70,2026-08-19 21:14:00,REFUNDED
22098,3,18,2107.50,2026-08-09 06:33:00,SUCCESS
22099,2,13,1301.50,2026-08-05 21:28:00,PENDING
22100,8,7,3186.10,2026-08-23 00:22:00,PENDING
22101,9,11,4931.30,2026-08-16 21:23:00,FAILED
22102,5,19,556.90,2026-08-12 20:15:00,FAILED
22103,10,4,4095.50,2026-08-27 06:39:00,SUCCESS
22104,2,6,3226.10,2026-08-02 22:33:00,SUCCESS
22105,10,7,4606.60,2026-08-30 03:07:00,REFUNDED
22106,1,20,1376.20,2026-08-29 05:37:00,PENDING
22107,1,7,3967.10,2026-08-10 19:05:00,REFUNDED
22108,2,3,1240.30,2026-08-15 01:13:00,REFUNDED
22109,8,6,1834.20,2026-08-26 23:40:00,FAILED
22110,8,11,1563.50,2026-08-19 08:18:00,FAILED
22111,8,11,2029.70,2026-08-19 05:40:00,SUCCESS
22112,6,10,2618.50,2026-08-08 20:28:00,FAILED
22113,10,12,4572.40,2026-08-03 00:41:00,FAILED
22114,3,3,1140.10,2026-08-13 23:59:00,SUCCESS
22115,6,4,1620.40,2026-08-21 00:59:00,SUCCESS
22116,1,1,5000,INVALID_DATE_TIME,SUCCESS
22117,9,13,2540.90,2026-08-26 02:27:00,PENDING
22118,8,18,1405.90,2026-08-15 08:42:00,REFUNDED
22119,10,17,2198.60,2026-08-25 23:31:00,PENDING
22120,9,7,801.50,2026-08-22 18:54:00,SUCCESS
22121,4,6,1359.80,2026-08-05 14:29:00,FAILED
22122,10,14,3517.70,2026-08-31 05:06:00,REFUNDED
22123,1,9,218.40,2026-08-02 14:35:00,FAILED
22124,3,3,3414.20,2026-08-11 17:30:00,PENDING
22125,5,12,2076.00,2026-08-26 08:11:00,SUCCESS
22126,8,12,2492.80,2026-08-11 16:49:00,FAILED
22127,6,9,2719.30,2026-08-08 20:06:00,SUCCESS
22128,8,4,4104.80,2026-08-03 12:27:00,PENDING
22129,10,17,2008.20,2026-08-20 19:23:00,REFUNDED
22130,4,3,3876.20,2026-08-08 23:19:00,PENDING
22131,4,13,2842.20,2026-08-19 23:56:00,REFUNDED
22132,9,15,2531.80,2026-08-09 09:29:00,REFUNDED
22133,2,19,3365.50,2026-08-20 02:41:00,PENDING
22134,3,13,4192.70,2026-08-27 05:40:00,PENDING
22135,6,17,2700.70,2026-08-01 13:06:00,PENDING
22136,8,13,2836.40,2026-08-16 06:14:00,REFUNDED
22137,8,8,4641.40,2026-08-27 17:23:00,REFUNDED
22138,1,16,2365.30,2026-08-19 07:21:00,SUCCESS
22139,2,3,1781.50,2026-08-10 20:12:00,PENDING
22140,9,2,3620.90,2026-08-26 04:40:00,SUCCESS
22141,4,16,3576.30,2026-08-30 18:18:00,REFUNDED
22142,5,20,2257.90,2026-08-05 08:04:00,REFUNDED
22143,9,20,4279.30,2026-08-30 10:17:00,SUCCESS
22144,6,19,3686.30,2026-08-07 20:45:00,PENDING
22145,3,14,4999.40,2026-08-11 12:28:00,REFUNDED
22146,1,6,3059.30,2026-08-17 16:48:00,FAILED
22147,2,10,4658.70,2026-08-11 17:40:00,FAILED
22148,5,9,168.50,2026-08-09 00:46:00,SUCCESS
22149,8,15,4063.60,2026-08-19 18:21:00,REFUNDED
22150,7,17,2317.50,2026-08-21 22:38:00,PENDING
22151,3,16,2977.60,2026-08-31 01:27:00,REFUNDED
22152,1,13,4802.90,2026-08-09 21:51:00,PENDING
22153,4,9,406.40,2026-08-12 18:12:00,FAILED
22154,8,3,173.30,2026-08-12 13:14:00,PENDING
22155,10,7,58.20,2026-08-03 18:13:00,FAILED
22156,4,6,1468.10,2026-08-07 14:09:00,REFUNDED
22157,8,9,1315.50,2026-08-29 18:34:00,PENDING
22158,8,7,4294.00,2026-08-01 20:57:00,FAILED
22159,1,5,3754.00,2026-08-28 16:02:00,FAILED
22160,7,7,3991.40,2026-08-01 17:25:00,PENDING
22161,10,4,4985.10,2026-08-29 22:32:00,SUCCESS
22162,5,19,3175.20,2026-08-03 13:32:00,PENDING
22163,1,16,2679.40,2026-08-16 06:38:00,REFUNDED
22164,1,9,4630.60,2026-08-08 00:23:00,PENDING
22165,9,6,4300.10,2026-08-28 11:20:00,REFUNDED
22166,2,13,3238.50,2026-08-21 13:22:00,REFUNDED
22167,1,1,1216.60,2026-08-30 00:58:00,SUCCESS
22168,9,18,4703.30,2026-08-13 05:35:00,REFUNDED
22169,1,4,2861.00,2026-08-12 03:13:00,FAILED
22170,2,6,641.20,2026-08-11 20:57:00,PENDING
22171,6,11,3598.80,2026-08-23 10:27:00,SUCCESS
22172,8,4,4916.40,2026-08-17 22:27:00,SUCCESS
22173,10,10,1800.60,2026-08-06 23:36:00,FAILED
22174,10,4,3099.60,2026-08-12 01:32:00,PENDING
22175,10,11,3187.70,2026-08-07 05:50:00,REFUNDED
22176,10,6,595.10,2026-08-24 18:13:00,PENDING
22177,8,8,87.90,2026-08-25 18:22:00,REFUNDED
22178,5,9,2778.50,2026-08-01 20:36:00,REFUNDED
22179,5,18,926.00,2026-08-03 11:03:00,PENDING
22180,6,5,438.20,2026-08-12 21:43:00,SUCCESS
22181,4,3,3722.90,2026-08-11 04:13:00,SUCCESS
22182,3,7,1129.20,2026-08-05 05:52:00,SUCCESS
22183,3,4,4128.90,2026-08-15 07:46:00,PENDING
22184,8,12,614.50,2026-08-12 19:51:00,PENDING
22185,6,20,4862.50,2026-08-10 03:25:00,FAILED
22186,3,17,359.30,2026-08-07 23:34:00,PENDING
22187,3,14,3040.50,2026-08-06 03:07:00,REFUNDED
22188,1,12,3776.00,2026-08-22 18:49:00,PENDING
22189,5,5,4064.80,2026-08-23 03:43:00,REFUNDED
22190,3,8,4505.80,2026-08-20 00:07:00,REFUNDED
22191,7,13,2574.30,2026-08-13 23:54:00,FAILED
22192,6,11,4122.70,2026-08-07 19:40:00,SUCCESS
22193,6,9,126.60,2026-08-15 01:13:00,SUCCESS
22194,10,13,2715.70,2026-08-26 08:14:00,REFUNDED
22195,2,8,414.60,2026-08-04 12:13:00,PENDING
22196,6,11,2753.00,2026-08-09 07:45:00,REFUNDED
22197,9,2,87.40,2026-08-06 02:05:00,SUCCESS
22198,7,9,4802.80,2026-08-18 14:30:00,PENDING
22199,8,2,2961.40,2026-08-23 14:24:00,FAILED
22200,3,1,395.20,2026-08-13 19:31:00,REFUNDED
22201,6,11,224.40,2026-08-07 04:42:00,FAILED
22202,8,17,2967.30,2026-08-07 11:35:00,SUCCESS
22203,5,16,933.40,2026-08-01 11:57:00,FAILED
22204,7,4,4919.30,2026-08-03 19:04:00,REFUNDED
22205,9,11,313.30,2026-08-18 15:00:00,FAILED
22206,3,20,5008.70,2026-08-19 18:05:00,FAILED
22207,9,19,3142.60,2026-08-22 04:00:00,REFUNDED
22208,3,8,229.00,2026-08-08 07:42:00,FAILED
22209,5,8,2171.70,2026-08-05 09:50:00,PENDING
22210,9,10,2755.50,2026-08-01 16:57:00,REFUNDED
22211,9,6,4999.80,2026-08-09 11:14:00,FAILED
22212,4,7,1795.50,2026-08-23 12:20:00,SUCCESS
22213,2,3,195.90,2026-08-12 21:35:00,PENDING
22214,6,17,2458.80,2026-08-01 11:20:00,PENDING
22215,6,19,4033.60,2026-08-07 08:30:00,FAILED
22216,1,19,3505.60,2026-08-09 01:24:00,REFUNDED
22217,4,5,2163.80,2026-08-05 06:07:00,PENDING
22218,9,17,509.70,2026-08-09 08:08:00,PENDING
22219,6,2,4600.80,2026-08-16 04:19:00,FAILED
22220,3,1,2115.30,2026-08-30 16:58:00,PENDING
22221,8,11,436.00,2026-08-16 21:54:00,SUCCESS
22222,8,6,346.70,2026-08-24 12:08:00,SUCCESS
22223,2,15,697.60,2026-08-18 03:42:00,REFUNDED
22224,10,19,1557.20,2026-08-12 02:00:00,PENDING
22225,10,6,3606.20,2026-08-28 07:40:00,REFUNDED
22226,3,15,3125.90,2026-08-25 12:35:00,PENDING
22227,4,19,3387.10,2026-08-20 10:23:00,REFUNDED
22228,6,5,2449.20,2026-08-29 20:07:00,FAILED
22229,8,16,1275.90,2026-08-07 17:48:00,FAILED
22230,5,14,3921.90,2026-08-06 18:19:00,REFUNDED
22231,10,17,2940.60,2026-08-19 03:06:00,REFUNDED
22232,7,18,2972.50,2026-08-03 18:24:00,FAILED
22233,2,10,621.60,2026-08-07 01:49:00,PENDING
22234,8,2,3006.50,2026-08-17 04:30:00,FAILED
22235,2,7,3996.50,2026-08-08 15:39:00,SUCCESS
22236,6,15,1364.50,2026-08-23 01:34:00,FAILED
22237,4,19,3068.50,2026-08-15 21:52:00,PENDING
22238,7,7,3550.80,2026-08-07 20:11:00,SUCCESS
22239,1,1,3467.20,2026-08-01 09:23:00,FAILED
22240,8,13,3212.90,2026-08-23 17:18:00,REFUNDED
22241,6,3,2466.90,2026-08-26 11:56:00,FAILED
22242,5,11,847.40,2026-08-10 02:23:00,SUCCESS
22243,2,18,864.70,2026-08-28 14:15:00,PENDING
22244,2,7,4783.20,2026-08-03 15:12:00,REFUNDED
22245,4,1,4042.50,2026-08-01 22:47:00,FAILED
22246,9,6,3422.00,2026-08-26 23:51:00,REFUNDED
22247,4,5,3019.30,2026-08-01 21:53:00,SUCCESS
22248,3,3,1792.30,2026-08-16 16:04:00,REFUNDED
22249,10,17,2808.50,2026-08-12 18:34:00,FAILED
22250,5,18,1567.70,2026-08-18 09:14:00,REFUNDED
22251,7,15,2332.30,2026-08-07 09:58:00,PENDING
22252,6,15,3643.80,2026-08-13 09:34:00,FAILED
22253,3,12,668.60,2026-08-13 12:33:00,REFUNDED
22254,5,4,1941.40,2026-08-29 16:21:00,SUCCESS
22255,1,20,4571.40,2026-08-09 02:51:00,SUCCESS
22256,10,7,3062.60,2026-08-08 04:01:00,FAILED
22257,10,20,3105.00,2026-08-29 01:34:00,REFUNDED
22258,2,11,2721.60,2026-08-16 06:16:00,SUCCESS
22259,9,1,2469.50,2026-08-23 18:57:00,FAILED
22260,9,4,1767.60,2026-08-05 14:18:00,PENDING
22261,5,11,2363.30,2026-08-16 19:26:00,REFUNDED
22262,8,17,4521.10,2026-08-08 12:54:00,PENDING
22263,7,15,3097.70,2026-08-13 12:32:00,PENDING
22264,2,10,1649.90,2026-08-06 00:39:00,SUCCESS
22265,2,9,1829.20,2026-08-25 18:19:00,REFUNDED
22266,10,4,2290.00,2026-08-15 12:18:00,FAILED
22267,4,5,215.30,2026-08-26 14:43:00,SUCCESS
22268,6,12,1041.90,2026-08-26 14:30:00,PENDING
22269,3,7,3399.40,2026-08-25 21:15:00,PENDING
22270,1,100.00
22271,8,13,1573.90,2026-08-26 12:48:00,FAILED
22272,1,15,851.10,2026-08-25 20:36:00,PENDING
22273,10,5,3437.70,2026-08-09 14:31:00,FAILED
22274,5,12,1038.40,2026-08-09 05:08:00,SUCCESS
22275,2,15,2979.20,2026-08-23 00:25:00,REFUNDED
22276,3,2,1816.50,2026-08-12 22:28:00,PENDING
22277,7,20,817.90,2026-08-29 10:05:00,SUCCESS
22278,3,20,469.10,2026-08-27 06:06:00,PENDING
22279,4,4,3174.30,2026-08-17 06:51:00,SUCCESS
22280,2,6,3499.70,2026-08-04 00:53:00,FAILED
22281,4,4,2104.20,2026-08-13 01:58:00,REFUNDED
22282,5,18,2207.00,2026-08-15 00:25:00,REFUNDED
22283,1,3,1699.10,2026-08-25 11:45:00,SUCCESS
22284,2,12,109.80,2026-08-28 03:57:00,REFUNDED
22285,3,11,3242.70,2026-08-15 13:50:00,REFUNDED
22286,9,15,2275.60,2026-08-31 03:22:00,PENDING
22287,2,13,2354.70,2026-08-04 09:52:00,SUCCESS
22288,7,11,3458.50,2026-08-16 14:27:00,SUCCESS
22289,3,9,171.60,2026-08-23 01:10:00,PENDING
22290,2,3,3393.60,2026-08-13 15:42:00,REFUNDED
22291,3,14,3458.40,2026-08-30 02:09:00,SUCCESS
22292,8,19,267.30,2026-08-29 15:07:00,SUCCESS
22293,3,7,3291.10,2026-08-22 22:04:00,FAILED
22294,5,2,4007.40,2026-08-11 15:12:00,PENDING
22295,2,9,3410.10,2026-08-08 07:45:00,REFUNDED
22296,2,13,947.10,2026-08-04 18:00:00,PENDING
22297,4,14,4881.90,2026-08-16 20:25:00,REFUNDED
22298,9,19,1381.20,2026-08-02 18:33:00,PENDING
22299,10,20,2260.90,2026-08-23 06:39:00,PENDING
22300,7,5,105.40,2026-08-01 20:04:00,FAILED
22301,6,6,2348.30,2026-08-27 01:56:00,REFUNDED
22302,4,14,4445.00,2026-08-15 16:30:00,REFUNDED
22303,9,15,4099.40,2026-08-28 07:17:00,REFUNDED
22304,10,18,1702.50,2026-08-22 19:36:00,FAILED
22305,7,6,4159.80,2026-08-07 14:38:00,FAILED
22306,5,13,1688.70,2026-08-18 21:16:00,SUCCESS
22307,1,10,1718.30,2026-08-03 00:12:00,FAILED
22308,1,1,5000,INVALID_DATE_TIME,SUCCESS
22309,3,15,2233.80,2026-08-26 12:47:00,FAILED
22310,7,10,2570.70,2026-08-21 01:13:00,REFUNDED
22311,5,10,4928.50,2026-08-20 08:48:00,REFUNDED
22312,2,15,3473.90,2026-08-16 16:21:00,SUCCESS
22313,2,8,3009.90,2026-08-05 05:49:00,PENDING
22314,1,20,1918.00,2026-08-08 10:41:00,SUCCESS
22315,3,13,3026.50,2026-08-07 02:06:00,REFUNDED
22316,4,17,4114.40,2026-08-13 06:11:00,SUCCESS
22317,7,9,2822.40,2026-08-07 22:57:00,REFUNDED
22318,1,5,1696.10,2026-08-19 04:04:00,REFUNDED
22319,7,16,2116.00,2026-08-03 15:00:00,SUCCESS
22320,4,5,313.00,2026-08-28 16:24:00,PENDING
22321,10,1,4093.80,2026-08-25 20:29:00,REFUNDED
22322,10,1,766.50,2026-08-21 04:30:00,PENDING
22323,6,20,4252.20,2026-08-31 01:16:00,SUCCESS
22324,2,5,3474.00,2026-08-05 23:00:00,SUCCESS
22325,1,13,4552.20,2026-08-29 09:35:00,FAILED
22326,1,2,559.00,2026-08-16 03:19:00,REFUNDED
22327,6,17,3861.50,2026-08-07 04:04:00,SUCCESS
22328,7,4,4792.20,2026-08-02 14:32:00,REFUNDED
22329,1,5,2263.10,2026-08-07 17:27:00,REFUNDED
22330,4,9,4492.20,2026-08-11 08:45:00,PENDING
22331,5,13,3895.20,2026-08-02 16:14:00,FAILED
22332,3,9,237.30,2026-08-08 12:53:00,SUCCESS
22333,10,20,67.60,2026-08-29 23:49:00,SUCCESS
22334,2,3,842.50,2026-08-20 06:21:00,PENDING
22335,9,7,4835.30,2026-08-19 10:40:00,REFUNDED
22336,6,5,1727.50,2026-08-31 05:16:00,REFUNDED
22337,10,11,539.90,2026-08-12 07:36:00,SUCCESS
22338,3,6,3364.60,2026-08-16 01:48:00,FAILED
22339,5,4,2491.40,2026-08-09 12:04:00,FAILED
22340,8,12,4074.40,2026-08-26 02:33:00,FAILED
22341,5,6,4156.60,2026-08-31 01:02:00,FAILED
22342,6,8,2291.10,2026-08-25 06:01:00,PENDING
22343,6,16,1803.60,2026-08-21 04:07:00,REFUNDED
22344,2,2,321.60,2026-08-08 16:49:00,SUCCESS
22345,10,12,937.80,2026-08-17 02:32:00,SUCCESS
22346,5,11,2780.40,2026-08-05 08:56:00,REFUNDED
22347,2,9,1605.20,2026-08-24 21:49:00,PENDING
22348,9,13,3872.30,2026-08-13 00:58:00,REFUNDED
22349,8,1,724.50,2026-08-02 07:37:00,PENDING
22350,2,5,4620.10,2026-08-13 00:39:00,FAILED
22351,10,13,665.80,2026-08-18 18:00:00,FAILED
22352,10,17,3790.10,2026-08-26 04:14:00,PENDING
22353,9,17,187.80,2026-08-11 10:50:00,FAILED
22354,8,12,4002.40,2026-08-28 07:30:00,SUCCESS
22355,5,1,857.10,2026-08-26 20:31:00,PENDING
22356,10,3,4173.10,2026-08-05 03:28:00,SUCCESS
22357,2,12,2330.40,2026-08-30 18:21:00,PENDING
22358,6,5,3037.20,2026-08-10 07:43:00,FAILED
22359,3,9,2136.90,2026-08-13 00:20:00,REFUNDED
22360,9,4,1715.10,2026-08-11 16:16:00,REFUNDED
22361,3,16,3221.50,2026-08-25 14:04:00,PENDING
22362,10,7,126.40,2026-08-21 06:55:00,SUCCESS
22363,6,13,760.10,2026-08-23 01:17:00,REFUNDED
22364,1,12,3434.40,2026-08-24 19:03:00,SUCCESS
22365,8,14,2955.20,2026-08-12 16:00:00,REFUNDED
22366,8,8,2997.70,2026-08-31 01:03:00,FAILED
22367,9,12,3131.20,2026-08-18 17:32:00,PENDING
22368,1,6,1087.80,2026-08-29 22:37:00,REFUNDED
22369,8,20,150.50,2026-08-16 07:34:00,SUCCESS
22370,6,1,4631.00,2026-08-27 05:57:00,REFUNDED
22371,8,12,4510.50,2026-08-06 08:34:00,REFUNDED
22372,5,10,3818.10,2026-08-30 18:47:00,SUCCESS
22373,7,16,3988.10,2026-08-21 14:32:00,FAILED
22374,9,4,952.30,2026-08-17 20:03:00,FAILED
22375,2,6,1024.70,2026-08-06 21:46:00,REFUNDED
22376,1,1,NOT_A_NUMBER,2026-08-01 12:00:00,SUCCESS
22377,7,12,4495.30,2026-08-17 04:23:00,SUCCESS
22378,7,3,3717.90,2026-08-21 21:27:00,FAILED
22379,3,7,3412.70,2026-08-03 03:14:00,SUCCESS
22380,4,3,1068.90,2026-08-27 12:37:00,SUCCESS
22381,7,5,1665.90,2026-08-30 06:08:00,REFUNDED
22382,1,11,3048.20,2026-08-12 05:48:00,PENDING
22383,9,6,1078.40,2026-08-16 01:43:00,SUCCESS
22384,7,15,100.30,2026-08-09 04:51:00,FAILED
22385,2,1,4283.00,2026-08-25 19:57:00,REFUNDED
22386,3,3,2662.30,2026-08-27 10:17:00,SUCCESS
22387,9,1,1445.20,2026-08-04 05:28:00,SUCCESS
22388,4,15,3658.10,2026-08-29 12:49:00,REFUNDED
22389,4,19,4852.40,2026-08-09 04:00:00,REFUNDED
22390,4,3,3969.60,2026-08-15 15:55:00,REFUNDED
22391,2,14,4256.60,2026-08-11 19:22:00,PENDING
22392,4,6,2398.60,2026-08-05 19:47:00,FAILED
22393,1,11,616.60,2026-08-14 01:16:00,REFUNDED
22394,8,1,3983.50,2026-08-31 03:41:00,PENDING
22395,6,9,4533.00,2026-08-10 21:58:00,REFUNDED
22396,6,20,3682.90,2026-08-15 19:55:00,PENDING
22397,1,4,278.50,2026-08-01 18:11:00,SUCCESS
22398,6,9,2242.80,2026-08-05 22:23:00,REFUNDED
22399,9,9,506.30,2026-08-25 06:53:00,REFUNDED
22400,6,17,2093.60,2026-08-27 13:03:00,SUCCESS
22401,3,20,806.60,2026-08-15 20:42:00,REFUNDED
22402,8,13,869.10,2026-08-14 02:40:00,PENDING
22403,10,16,2770.30,2026-08-20 16:21:00,FAILED
22404,3,10,2829.70,2026-08-01 22:25:00,PENDING
22405,9,19,3482.30,2026-08-28 05:38:00,FAILED
22406,1,4,1529.10,2026-08-17 16:10:00,PENDING
22407,1,6,4618.10,2026-08-18 17:52:00,PENDING
22408,3,16,4614.10,2026-08-04 11:58:00,REFUNDED
22409,10,17,2493.60,2026-08-24 10:54:00,FAILED
22410,10,6,690.90,2026-08-05 07:19:00,SUCCESS
22411,9,6,2958.10,2026-08-06 00:14:00,SUCCESS
22412,2,17,1492.00,2026-08-08 18:20:00,REFUNDED
22413,10,7,347.20,2026-08-08 14:04:00,PENDING
22414,5,2,1783.90,2026-08-13 20:58:00,SUCCESS
22415,4,20,74.00,2026-08-07 12:27:00,FAILED
22416,6,16,4667.30,2026-08-15 11:27:00,FAILED
22417,5,16,2575.70,2026-08-06 07:44:00,SUCCESS
22418,6,12,1603.30,2026-08-29 05:33:00,PENDING
22419,5,1,3183.20,2026-08-23 07:00:00,REFUNDED
22420,10,13,3508.70,2026-08-08 03:18:00,FAILED
22421,9,4,2361.80,2026-08-08 18:24:00,REFUNDED
22422,4,12,3958.30,2026-08-23 15:42:00,PENDING
22423,5,19,3707.20,2026-08-06 20:56:00,FAILED
22424,10,1,4939.60,2026-08-12 06:13:00,PENDING
22425,4,4,297.60,2026-08-04 04:01:00,REFUNDED
22426,4,2,450.00,2026-08-03 10:28:00,PENDING
22427,1,6,504.20,2026-08-28 18:28:00,REFUNDED
22428,3,5,3810.40,2026-08-02 14:54:00,REFUNDED
22429,2,8,4433.60,2026-08-21 09:52:00,REFUNDED
22430,7,1,70.80,2026-08-03 22:03:00,FAILED
22431,3,12,4755.20,2026-08-18 21:49:00,FAILED
22432,7,20,4369.40,2026-08-23 05:52:00,SUCCESS
22433,4,18,1615.90,2026-08-02 02:53:00,PENDING
22434,1,14,1655.50,2026-08-30 18:41:00,FAILED
22435,1,8,2462.80,2026-08-20 04:34:00,FAILED
22436,10,5,2598.20,2026-08-06 07:08:00,REFUNDED
22437,10,7,1205.70,2026-08-12 05:35:00,SUCCESS
22438,3,19,3214.70,2026-08-29 20:56:00,REFUNDED
22439,8,15,4804.20,2026-08-28 17:56:00,FAILED
22440,10,17,1776.20,2026-08-15 07:49:00,FAILED
22441,4,3,2724.20,2026-08-20 12:39:00,SUCCESS
22442,10,18,567.10,2026-08-22 03:09:00,PENDING
22443,8,16,1852.30,2026-08-20 09:04:00,PENDING
22444,2,11,849.80,2026-08-10 01:23:00,REFUNDED
22445,9,13,2749.70,2026-08-10 13:14:00,PENDING
22446,5,17,4834.20,2026-08-02 10:26:00,REFUNDED
22447,5,2,2584.70,2026-08-16 21:26:00,PENDING
22448,3,10,4427.50,2026-08-17 03:12:00,FAILED
22449,1,1,5000,INVALID_DATE_TIME,SUCCESS
22450,1,13,3174.60,2026-08-11 17:17:00,FAILED
22451,7,9,54.60,2026-08-17 23:03:00,FAILED
22452,4,14,4898.40,2026-08-05 10:32:00,REFUNDED
22453,1,2,3789.50,2026-08-03 18:11:00,SUCCESS
22454,8,2,1984.80,2026-08-02 15:50:00,REFUNDED
22455,7,4,4743.40,2026-08-13 10:27:00,FAILED
22456,4,11,4788.30,2026-08-18 13:46:00,FAILED
22457,7,19,2289.40,2026-08-09 20:07:00,FAILED
22458,4,15,2234.30,2026-08-19 14:39:00,REFUNDED
22459,8,13,1615.80,2026-08-11 07:13:00,SUCCESS
22460,6,10,1471.50,2026-08-10 21:16:00,REFUNDED
22461,3,11,1409.80,2026-08-24 17:02:00,REFUNDED
22462,2,17,337.80,2026-08-24 14:22:00,FAILED
22463,5,10,2140.80,2026-08-05 08:32:00,SUCCESS
22464,1,15,2611.50,2026-08-31 04:34:00,SUCCESS
22465,10,19,985.30,2026-08-08 02:40:00,PENDING
22466,5,9,242.00,2026-08-25 13:50:00,PENDING
22467,9,3,4909.50,2026-08-15 04:25:00,FAILED
22468,2,17,2900.40,2026-08-14 09:40:00,PENDING
22469,2,8,748.00,2026-08-27 07:12:00,REFUNDED
22470,4,13,116.20,2026-08-27 08:26:00,REFUNDED
22471,1,1,5000,INVALID_DATE_TIME,SUCCESS
22472,10,17,3884.00,2026-08-17 06:40:00,SUCCESS
22473,8,16,546.00,2026-08-22 01:40:00,SUCCESS
22474,10,1,1698.00,2026-08-24 15:00:00,PENDING
22475,2,12,4351.60,2026-08-07 15:37:00,REFUNDED
22476,4,5,2040.80,2026-08-21 04:41:00,FAILED
22477,6,20,3912.70,2026-08-07 21:50:00,SUCCESS
22478,3,5,2007.50,2026-08-30 22:58:00,PENDING
22479,10,4,815.10,2026-08-13 09:45:00,FAILED
22480,2,13,2129.60,2026-08-20 17:02:00,FAILED
22481,1,3,1035.90,2026-08-12 05:55:00,SUCCESS
22482,3,9,2213.40,2026-08-13 04:23:00,SUCCESS
22483,5,4,698.80,2026-08-30 11:12:00,PENDING
22484,6,1,2037.10,2026-08-12 08:46:00,FAILED
22485,8,2,1388.10,2026-08-05 11:45:00,REFUNDED
22486,9,15,4980.80,2026-08-06 09:18:00,SUCCESS
22487,10,13,782.60,2026-08-20 17:57:00,REFUNDED
22488,10,14,1598.50,2026-08-16 16:50:00,PENDING
22489,8,8,3799.80,2026-08-14 20:56:00,FAILED
22490,5,9,3324.90,2026-08-06 16:36:00,FAILED
22491,3,7,309.70,2026-08-15 17:53:00,REFUNDED
22492,4,17,2823.30,2026-08-23 02:18:00,PENDING
22493,3,3,4190.80,2026-08-17 11:42:00,PENDING
22494,1,100.00
22495,4,2,2424.10,2026-08-22 05:28:00,PENDING
22496,4,8,2737.70,2026-08-23 07:09:00,SUCCESS
22497,9,7,1943.80,2026-08-25 21:45:00,FAILED
22498,3,14,1089.10,2026-08-11 19:40:00,FAILED
22499,2,11,3948.30,2026-08-18 00:28:00,REFUNDED
22500,10,7,1189.40,2026-08-08 03:22:00,REFUNDED
22501,1,15,2831.10,2026-08-20 21:47:00,SUCCESS
22502,3,5,1017.60,2026-08-27 12:46:00,FAILED
22503,3,19,1714.20,2026-08-19 13:27:00,SUCCESS
22504,3,17,1524.70,2026-08-21 14:12:00,FAILED
22505,9,13,3126.40,2026-08-07 23:46:00,REFUNDED
22506,2,8,4882.10,2026-08-10 00:51:00,REFUNDED
22507,4,11,2272.60,2026-08-22 06:12:00,FAILED
22508,8,8,1761.30,2026-08-15 05:11:00,PENDING
22509,2,19,4963.70,2026-08-15 12:13:00,SUCCESS
22510,1,20,1556.90,2026-08-30 11:34:00,SUCCESS
22511,2,11,1053.00,2026-08-13 00:13:00,SUCCESS
22512,1,15,2537.60,2026-08-06 13:14:00,REFUNDED
22513,2,12,3602.70,2026-08-11 23:59:00,FAILED
22514,10,7,1466.20,2026-08-02 05:23:00,PENDING
22515,7,6,1256.90,2026-08-14 18:22:00,FAILED
22516,6,20,149.90,2026-08-19 04:32:00,REFUNDED
22517,5,7,1832.80,2026-08-02 02:30:00,FAILED
22518,9,15,4841.50,2026-08-11 16:53:00,REFUNDED
22519,6,13,1041.10,2026-08-11 06:06:00,REFUNDED
22520,7,15,2142.70,2026-08-27 18:49:00,PENDING
22521,8,19,360.30,2026-08-27 19:49:00,REFUNDED
22522,9,8,4551.60,2026-08-14 15:53:00,FAILED
22523,8,7,2619.10,2026-08-06 00:47:00,SUCCESS
22524,6,13,2698.70,2026-08-19 14:13:00,REFUNDED
22525,1,1,5000,INVALID_DATE_TIME,SUCCESS
22526,8,7,522.80,2026-08-01 20:36:00,FAILED
22527,4,9,3877.80,2026-08-20 13:13:00,FAILED
22528,5,17,2114.90,2026-08-24 20:58:00,REFUNDED
22529,5,12,1359.60,2026-08-17 13:15:00,PENDING
22530,7,9,783.30,2026-08-12 22:18:00,REFUNDED
22531,9,14,469.50,2026-08-02 05:49:00,FAILED
22532,6,19,4034.00,2026-08-22 09:27:00,REFUNDED
22533,4,17,4149.00,2026-08-13 10:19:00,SUCCESS
22534,4,15,4618.10,2026-08-23 07:46:00,SUCCESS
22535,5,11,2189.20,2026-08-07 20:59:00,FAILED
22536,8,6,1710.00,2026-08-13 03:31:00,PENDING
22537,6,10,3135.00,2026-08-20 04:07:00,PENDING
22538,1,1,5000,2026-08-01 12:00:00,UNKNOWN_STATUS
22539,8,11,199.10,2026-08-17 04:33:00,SUCCESS
22540,4,12,5021.00,2026-08-23 09:21:00,FAILED
22541,4,9,4747.70,2026-08-17 00:25:00,REFUNDED
22542,10,18,3433.20,2026-08-08 16:42:00,SUCCESS
22543,5,13,1209.50,2026-08-23 18:27:00,SUCCESS
22544,3,1,306.40,2026-08-15 06:05:00,FAILED
22545,6,18,852.70,2026-08-21 19:44:00,PENDING
22546,1,13,2426.60,2026-08-16 01:03:00,REFUNDED
22547,7,12,445.60,2026-08-24 13:40:00,REFUNDED
22548,1,5,1278.20,2026-08-16 17:48:00,REFUNDED
22549,9,8,3127.50,2026-08-30 11:10:00,FAILED
22550,6,1,4256.60,2026-08-13 21:25:00,PENDING
22551,6,12,1246.00,2026-08-21 18:17:00,FAILED
22552,9,3,1298.10,2026-08-20 08:46:00,FAILED
22553,1,9,1741.80,2026-08-19 18:53:00,SUCCESS
22554,6,14,1958.90,2026-08-02 05:37:00,FAILED
22555,9,12,643.40,2026-08-08 10:48:00,FAILED
22556,5,3,2677.70,2026-08-03 17:23:00,PENDING
22557,1,6,1271.70,2026-08-11 02:13:00,REFUNDED
22558,3,19,3762.40,2026-08-30 17:23:00,SUCCESS
22559,1,3,4144.20,2026-08-25 17:46:00,REFUNDED
22560,5,3,3228.50,2026-08-03 06:40:00,PENDING
22561,6,17,723.10,2026-08-25 06:28:00,PENDING
22562,3,5,3571.30,2026-08-08 20:50:00,FAILED
22563,4,18,4891.70,2026-08-29 17:00:00,REFUNDED
22564,9,17,4976.70,2026-08-31 05:01:00,REFUNDED
22565,5,14,2269.60,2026-08-22 09:35:00,FAILED
22566,9,10,3744.00,2026-08-06 12:10:00,SUCCESS
22567,7,16,918.20,2026-08-24 05:30:00,FAILED
22568,4,11,1244.30,2026-08-13 07:23:00,FAILED
22569,7,3,665.30,2026-08-19 10:12:00,REFUNDED
22570,8,13,1132.90,2026-08-12 06:50:00,PENDING
22571,6,16,909.10,2026-08-21 20:45:00,SUCCESS
22572,2,12,3520.70,2026-08-16 14:41:00,FAILED
22573,7,4,2726.10,2026-08-13 10:18:00,SUCCESS
22574,4,17,867.50,2026-08-29 10:28:00,FAILED
22575,8,16,3500.70,2026-08-05 15:57:00,SUCCESS
22576,3,16,3360.40,2026-08-07 21:26:00,FAILED
22577,8,19,4776.60,2026-08-14 19:47:00,FAILED
22578,5,19,4287.00,2026-08-29 16:56:00,PENDING
22579,9,19,691.20,2026-08-05 19:31:00,PENDING
22580,10,12,3775.30,2026-08-29 00:21:00,SUCCESS
22581,5,19,3900.60,2026-08-23 21:59:00,FAILED
22582,1,17,80.10,2026-08-26 18:52:00,SUCCESS
22583,9,19,2467.30,2026-08-10 11:59:00,PENDING
22584,7,12,374.70,2026-08-20 08:07:00,PENDING
22585,3,7,241.40,2026-08-29 10:39:00,REFUNDED
22586,1,13,1386.60,2026-08-20 19:31:00,SUCCESS
22587,7,16,3477.30,2026-08-05 21:32:00,SUCCESS
22588,10,4,1738.40,2026-08-06 07:38:00,FAILED
22589,10,11,1839.90,2026-08-04 18:02:00,FAILED
22590,1,6,2973.70,2026-08-01 13:21:00,REFUNDED
22591,1,1,889.90,2026-08-25 09:27:00,FAILED
22592,1,11,4535.00,2026-08-05 14:26:00,REFUNDED
22593,3,20,111.30,2026-08-09 14:20:00,PENDING
22594,6,13,1542.90,2026-08-24 14:58:00,PENDING
22595,7,20,2103.80,2026-08-11 03:59:00,FAILED
22596,9,7,452.80,2026-08-24 14:15:00,FAILED
22597,1,15,1789.60,2026-08-27 19:34:00,REFUNDED
22598,7,5,2586.40,2026-08-16 08:56:00,SUCCESS
22599,4,9,329.10,2026-08-12 15:14:00,REFUNDED
22600,6,18,5033.30,2026-08-18 05:50:00,SUCCESS
22601,9,10,3475.50,2026-08-22 02:15:00,PENDING
22602,2,17,3248.70,2026-08-23 00:11:00,REFUNDED
22603,8,12,4281.00,2026-08-20 22:34:00,SUCCESS
22604,1,18,3696.60,2026-08-17 17:43:00,REFUNDED
22605,3,11,773.90,2026-08-02 22:26:00,PENDING
22606,9,11,2027.40,2026-08-13 12:17:00,PENDING
22607,3,13,2820.90,2026-08-13 20:01:00,PENDING
22608,7,19,2181.80,2026-08-02 21:55:00,PENDING
22609,2,12,804.70,2026-08-05 01:31:00,REFUNDED
22610,1,1,NOT_A_NUMBER,2026-08-01 12:00:00,SUCCESS
22611,1,5,1991.30,2026-08-25 19:41:00,FAILED
22612,6,3,2934.00,2026-08-22 05:18:00,SUCCESS
22613,9,7,3941.50,2026-08-19 18:31:00,SUCCESS
22614,10,8,2612.10,2026-08-19 14:45:00,PENDING
22615,10,10,945.70,2026-08-28 03:02:00,FAILED
22616,5,19,2474.40,2026-08-03 12:37:00,PENDING
22617,8,5,4307.30,2026-08-10 11:13:00,PENDING
22618,10,19,377.70,2026-08-24 08:08:00,REFUNDED
22619,10,3,582.30,2026-08-22 12:32:00,FAILED
22620,6,10,3363.50,2026-08-28 12:35:00,FAILED
22621,3,16,501.00,2026-08-17 17:43:00,FAILED
22622,7,1,3582.80,2026-08-22 13:28:00,SUCCESS
22623,4,14,4816.50,2026-08-20 21:53:00,PENDING
22624,3,2,1281.70,2026-08-07 01:05:00,PENDING
22625,10,19,1308.60,2026-08-20 22:29:00,SUCCESS
22626,10,8,4424.90,2026-08-18 14:57:00,SUCCESS
22627,2,1,3153.10,2026-08-24 05:06:00,PENDING
22628,4,15,2251.10,2026-08-19 00:08:00,FAILED
22629,3,16,2170.80,2026-08-18 02:56:00,REFUNDED
22630,9,11,4844.40,2026-08-05 06:02:00,REFUNDED
22631,3,5,1279.50,2026-08-24 16:59:00,FAILED
22632,9,14,1477.20,2026-08-26 12:35:00,SUCCESS
22633,8,3,2544.30,2026-08-05 22:04:00,FAILED
22634,9,4,3839.60,2026-08-09 11:21:00,SUCCESS
22635,8,3,1019.20,2026-08-17 15:25:00,FAILED
22636,9,6,541.20,2026-08-01 09:02:00,SUCCESS
22637,1,9,1019.40,2026-08-23 06:15:00,PENDING
22638,8,6,2929.70,2026-08-09 07:17:00,SUCCESS
22639,4,17,64.80,2026-08-17 18:10:00,PENDING
22640,6,19,1596.60,2026-08-03 08:41:00,REFUNDED
22641,8,8,2946.40,2026-08-19 00:54:00,SUCCESS
22642,2,2,636.70,2026-08-27 06:27:00,FAILED
22643,6,9,2133.10,2026-08-04 05:04:00,FAILED
22644,3,20,3014.60,2026-08-02 04:00:00,REFUNDED
22645,1,11,4933.60,2026-08-26 07:43:00,REFUNDED
22646,1,12,1710.30,2026-08-07 07:47:00,FAILED
22647,1,100.00
22648,7,9,305.30,2026-08-21 00:35:00,FAILED
22649,2,3,3767.30,2026-08-25 09:40:00,REFUNDED
22650,2,6,3621.90,2026-08-20 02:54:00,SUCCESS
22651,8,7,4919.40,2026-08-14 21:28:00,FAILED
22652,1,14,2945.60,2026-08-10 12:39:00,SUCCESS
22653,8,17,3522.30,2026-08-21 15:21:00,FAILED
22654,1,20,2612.90,2026-08-21 08:56:00,SUCCESS
22655,5,14,3407.30,2026-08-04 10:49:00,SUCCESS
22656,8,8,3533.70,2026-08-27 06:55:00,FAILED
22657,4,4,3613.90,2026-08-21 13:21:00,SUCCESS
22658,7,7,5011.90,2026-08-29 01:24:00,PENDING
22659,1,12,2944.10,2026-08-09 10:47:00,SUCCESS
22660,5,9,3658.00,2026-08-07 09:45:00,REFUNDED
22661,3,20,4195.80,2026-08-28 11:47:00,PENDING
22662,1,15,1439.60,2026-08-30 20:18:00,SUCCESS
22663,1,18,4543.40,2026-08-12 15:59:00,FAILED
22664,7,4,1703.10,2026-08-11 03:02:00,PENDING
22665,7,5,2127.50,2026-08-08 20:27:00,FAILED
22666,2,6,1910.40,2026-08-30 13:43:00,SUCCESS
22667,7,1,3745.70,2026-08-08 21:47:00,PENDING
22668,10,16,4222.90,2026-08-22 09:08:00,FAILED
22669,3,17,1493.40,2026-08-02 12:21:00,PENDING
22670,10,18,1354.30,2026-08-25 19:02:00,SUCCESS
22671,5,15,1875.80,2026-08-21 12:25:00,REFUNDED
22672,10,9,5021.80,2026-08-05 05:16:00,PENDING
22673,1,1,5000,2026-08-01 12:00:00,UNKNOWN_STATUS
22674,7,8,2328.20,2026-08-28 02:36:00,FAILED
22675,3,4,1120.00,2026-08-18 19:58:00,FAILED
22676,4,5,1886.00,2026-08-30 06:41:00,FAILED
22677,9,10,2595.00,2026-08-20 02:50:00,REFUNDED
22678,1,5,3902.60,2026-08-29 13:30:00,PENDING
22679,4,8,841.10,2026-08-05 18:37:00,REFUNDED
22680,5,14,992.30,2026-08-16 18:04:00,REFUNDED
22681,8,12,2731.20,2026-08-06 01:10:00,REFUNDED
22682,6,12,1850.30,2026-08-07 10:23:00,SUCCESS
22683,7,12,4540.50,2026-08-15 15:33:00,FAILED
22684,6,10,2847.40,2026-08-21 08:44:00,FAILED
22685,6,10,1646.60,2026-08-26 19:33:00,PENDING
22686,3,10,4912.10,2026-08-26 01:55:00,REFUNDED
22687,3,4,4990.40,2026-08-30 01:03:00,REFUNDED
22688,2,18,3261.30,2026-08-23 10:39:00,REFUNDED
22689,5,1,4731.20,2026-08-13 21:45:00,PENDING
22690,8,10,4317.10,2026-08-10 01:12:00,PENDING
22691,9,9,1741.50,2026-08-24 13:36:00,FAILED
22692,10,8,2436.60,2026-08-10 03:59:00,PENDING
22693,10,16,2693.30,2026-08-29 06:44:00,FAILED
22694,3,19,3532.90,2026-08-15 07:52:00,FAILED
22695,7,3,432.50,2026-08-04 09:43:00,FAILED
22696,5,7,2398.50,2026-08-05 04:12:00,REFUNDED
22697,4,3,263.80,2026-08-18 12:56:00,FAILED
22698,6,17,3007.20,2026-08-06 05:26:00,FAILED
22699,6,19,2935.50,2026-08-01 13:52:00,PENDING
22700,10,1,429.30,2026-08-08 03:46:00,FAILED
22701,6,4,1459.70,2026-08-18 15:38:00,FAILED
22702,8,13,1351.60,2026-08-02 17:00:00,PENDING
22703,8,19,2051.20,2026-08-30 22:25:00,REFUNDED
22704,4,17,908.70,2026-08-17 21:07:00,SUCCESS
22705,6,5,534.00,2026-08-24 17:21:00,REFUNDED
22706,7,13,3719.20,2026-08-26 20:22:00,REFUNDED
22707,2,5,4907.70,2026-08-17 08:37:00,FAILED
22708,1,100.00
22709,1,100.00
22710,7,6,4489.90,2026-08-20 18:40:00,REFUNDED
22711,7,9,2431.20,2026-08-08 16:38:00,REFUNDED
22712,6,3,4938.70,2026-08-01 18:04:00,FAILED
22713,5,20,589.10,2026-08-26 10:23:00,PENDING
22714,8,5,914.30,2026-08-02 05:32:00,FAILED
22715,2,3,1743.10,2026-08-13 13:18:00,REFUNDED
22716,4,19,3600.40,2026-08-30 17:08:00,PENDING
22717,9,17,2805.00,2026-08-14 11:46:00,SUCCESS
22718,10,2,852.60,2026-08-14 06:53:00,SUCCESS
22719,6,9,3158.50,2026-08-02 05:58:00,REFUNDED
22720,8,6,1426.70,2026-08-21 14:00:00,SUCCESS
22721,5,17,4821.00,2026-08-18 10:07:00,REFUNDED
22722,4,11,1837.90,2026-08-27 10:14:00,PENDING
22723,8,5,1309.40,2026-08-22 05:52:00,PENDING
22724,2,6,430.60,2026-08-24 18:18:00,PENDING
22725,10,10,312.60,2026-08-07 22:56:00,REFUNDED
22726,8,12,386.50,2026-08-20 13:20:00,FAILED
22727,7,1,484.90,2026-08-30 01:36:00,FAILED
22728,6,2,1826.70,2026-08-30 00:56:00,PENDING
22729,10,11,2066.40,2026-08-26 03:29:00,PENDING
22730,1,8,1801.10,2026-08-08 13:19:00,FAILED
22731,2,19,2669.10,2026-08-23 09:12:00,REFUNDED
22732,6,18,3664.20,2026-08-10 16:56:00,SUCCESS
22733,5,10,1431.20,2026-08-28 23:22:00,REFUNDED
22734,4,10,3068.50,2026-08-27 21:07:00,FAILED
22735,4,9,1595.00,2026-08-12 17:06:00,FAILED
22736,5,18,723.20,2026-08-20 20:53:00,SUCCESS
22737,3,16,1085.60,2026-08-09 22:56:00,PENDING
22738,3,12,1082.90,2026-08-28 05:51:00,FAILED
22739,1,20,145.60,2026-08-13 22:00:00,SUCCESS
22740,1,18,4080.60,2026-08-08 18:02:00,PENDING
22741,8,16,342.80,2026-08-09 10:52:00,REFUNDED
22742,8,15,2595.30,2026-08-04 22:39:00,SUCCESS
22743,3,7,3168.30,2026-08-02 16:48:00,PENDING
22744,4,6,3259.70,2026-08-13 06:02:00,SUCCESS
22745,5,18,4144.10,2026-08-23 15:23:00,REFUNDED
22746,10,4,4975.10,2026-08-13 10:28:00,FAILED
22747,2,18,1362.20,2026-08-17 18:28:00,PENDING
22748,6,17,4779.00,2026-08-03 18:37:00,SUCCESS
22749,5,14,881.60,2026-08-18 06:13:00,SUCCESS
22750,10,8,2055.30,2026-08-29 17:18:00,PENDING
22751,6,14,4945.60,2026-08-25 04:06:00,PENDING
22752,6,13,1768.30,2026-08-11 01:45:00,SUCCESS
22753,8,16,3400.80,2026-08-14 07:39:00,REFUNDED
22754,1,7,2068.40,2026-08-23 09:36:00,SUCCESS
22755,6,18,1698.00,2026-08-10 19:44:00,SUCCESS
22756,7,8,4280.60,2026-08-10 01:40:00,PENDING
22757,4,7,4824.00,2026-08-30 00:05:00,FAILED
22758,5,20,1999.90,2026-08-09 06:28:00,PENDING
22759,6,19,3149.10,2026-08-16 18:16:00,REFUNDED
22760,10,19,2818.50,2026-08-16 03:23:00,REFUNDED
22761,4,1,4024.30,2026-08-23 11:03:00,REFUNDED
22762,3,7,4827.60,2026-08-08 04:41:00,REFUNDED
22763,9,5,301.30,2026-08-03 05:29:00,REFUNDED
22764,7,7,4075.00,2026-08-08 19:34:00,REFUNDED
22765,1,5,3926.00,2026-08-18 11:04:00,REFUNDED
22766,8,9,2267.50,2026-08-08 17:18:00,REFUNDED
22767,1,19,466.80,2026-08-20 22:56:00,SUCCESS
22768,5,10,2321.90,2026-08-04 05:35:00,REFUNDED
22769,6,6,556.10,2026-08-17 04:55:00,PENDING
22770,7,16,2630.30,2026-08-14 11:49:00,SUCCESS
22771,8,4,3868.70,2026-08-23 12:17:00,SUCCESS
22772,7,15,3716.60,2026-08-26 07:32:00,FAILED
22773,6,13,1141.90,2026-08-06 21:48:00,REFUNDED
22774,10,2,675.10,2026-08-02 11:00:00,REFUNDED
22775,3,14,2068.70,2026-08-23 21:09:00,SUCCESS
22776,10,18,1145.80,2026-08-03 07:00:00,PENDING
22777,9,10,2942.40,2026-08-12 10:18:00,SUCCESS
22778,7,8,1372.00,2026-08-25 09:57:00,FAILED
22779,5,3,701.20,2026-08-02 07:23:00,FAILED
22780,8,19,2399.80,2026-08-28 20:43:00,PENDING
22781,10,1,4826.10,2026-08-26 20:18:00,SUCCESS
22782,2,17,4642.80,2026-08-22 20:18:00,SUCCESS
22783,3,10,682.90,2026-08-10 23:11:00,REFUNDED
22784,2,14,1356.50,2026-08-17 14:36:00,FAILED
22785,6,10,2682.10,2026-08-16 20:29:00,SUCCESS
22786,9,5,4203.70,2026-08-18 01:33:00,PENDING
22787,8,10,3604.40,2026-08-26 06:13:00,REFUNDED
22788,3,6,4899.90,2026-08-20 06:46:00,REFUNDED
22789,4,5,4756.70,2026-08-02 19:56:00,SUCCESS
22790,6,9,4604.80,2026-08-20 15:47:00,FAILED
22791,3,16,2354.70,2026-08-08 17:23:00,REFUNDED
22792,4,8,3425.70,2026-08-25 00:00:00,REFUNDED
22793,2,11,3887.90,2026-08-12 16:13:00,SUCCESS
22794,6,4,972.10,2026-08-22 18:24:00,SUCCESS
22795,5,7,2575.10,2026-08-06 19:49:00,REFUNDED
22796,3,8,3382.00,2026-08-25 19:19:00,SUCCESS
22797,10,5,84.60,2026-08-14 11:53:00,REFUNDED
22798,2,20,911.30,2026-08-01 08:13:00,PENDING
22799,4,3,1630.70,2026-08-07 06:05:00,PENDING
22800,4,4,3168.60,2026-08-15 09:52:00,FAILED
22801,1,16,3439.50,2026-08-17 12:11:00,PENDING
22802,5,11,1647.10,2026-08-15 20:33:00,FAILED
22803,4,14,4440.80,2026-08-24 03:51:00,REFUNDED
22804,9,8,4780.00,2026-08-20 05:35:00,FAILED
22805,10,6,3689.60,2026-08-30 18:07:00,SUCCESS
22806,10,8,3568.50,2026-08-05 07:59:00,PENDING
22807,1,9,4730.40,2026-08-06 09:49:00,REFUNDED
22808,4,8,5040.00,2026-08-16 07:46:00,SUCCESS
22809,3,8,54.20,2026-08-08 10:08:00,REFUNDED
22810,4,19,2351.90,2026-08-24 22:52:00,PENDING
22811,2,13,497.70,2026-08-26 08:26:00,PENDING
22812,9,4,1534.50,2026-08-28 12:32:00,SUCCESS
22813,8,9,642.70,2026-08-25 20:43:00,FAILED
22814,2,18,2953.60,2026-08-11 23:56:00,SUCCESS
22815,10,2,1826.70,2026-08-26 00:12:00,REFUNDED
22816,10,1,4311.80,2026-08-06 23:38:00,PENDING
22817,5,16,972.60,2026-08-18 10:10:00,FAILED
22818,8,4,1287.80,2026-08-31 05:58:00,FAILED
22819,1,13,673.70,2026-08-06 11:35:00,REFUNDED
22820,9,4,4027.70,2026-08-06 09:57:00,SUCCESS
22821,1,1,5000,INVALID_DATE_TIME,SUCCESS
22822,9,10,889.70,2026-08-04 19:07:00,FAILED
22823,5,12,1468.90,2026-08-06 05:28:00,REFUNDED
22824,7,6,2271.30,2026-08-01 20:42:00,SUCCESS
22825,2,11,564.70,2026-08-25 19:25:00,REFUNDED
22826,5,17,309.60,2026-08-14 16:35:00,FAILED
22827,8,16,3052.80,2026-08-15 08:24:00,REFUNDED
22828,7,18,1585.70,2026-08-26 03:58:00,PENDING
22829,3,15,4342.50,2026-08-06 21:51:00,FAILED
22830,3,10,61.00,2026-08-12 20:23:00,PENDING
22831,3,1,3083.10,2026-08-31 01:55:00,REFUNDED
22832,3,20,1855.50,2026-08-09 20:55:00,REFUNDED
22833,6,1,1844.20,2026-08-29 12:55:00,SUCCESS
22834,8,7,3742.10,2026-08-02 19:08:00,REFUNDED
22835,7,9,4250.70,2026-08-29 07:59:00,REFUNDED
22836,4,4,547.50,2026-08-09 05:10:00,PENDING
22837,6,6,2593.30,2026-08-25 18:13:00,FAILED
22838,4,19,2418.00,2026-08-15 22:37:00,SUCCESS
22839,2,11,123.80,2026-08-19 17:09:00,SUCCESS
22840,9,16,2489.40,2026-08-07 04:15:00,PENDING
22841,5,1,647.80,2026-08-26 17:28:00,PENDING
22842,9,2,3284.20,2026-08-02 10:46:00,REFUNDED
22843,5,20,2514.80,2026-08-05 17:49:00,SUCCESS
22844,7,15,4445.00,2026-08-15 09:14:00,PENDING
22845,5,20,3834.20,2026-08-04 01:29:00,PENDING
22846,4,3,3424.50,2026-08-11 04:22:00,PENDING
22847,4,12,4875.00,2026-08-25 11:54:00,SUCCESS
22848,7,17,3977.80,2026-08-23 17:09:00,SUCCESS
22849,3,19,3622.10,2026-08-14 10:09:00,PENDING
22850,6,9,1027.70,2026-08-14 20:21:00,PENDING
22851,3,19,225.80,2026-08-09 05:13:00,SUCCESS
22852,7,15,3962.60,2026-08-26 08:19:00,SUCCESS
22853,7,8,3547.50,2026-08-12 03:17:00,REFUNDED
22854,3,20,4866.40,2026-08-10 23:33:00,SUCCESS
22855,3,14,129.80,2026-08-08 16:49:00,PENDING
22856,6,1,2752.70,2026-08-04 04:56:00,FAILED
22857,5,13,207.60,2026-08-09 16:54:00,FAILED
22858,4,7,4971.50,2026-08-24 22:47:00,REFUNDED
22859,3,10,302.50,2026-08-28 23:58:00,SUCCESS
22860,4,14,4819.80,2026-08-11 22:06:00,SUCCESS
22861,2,11,4833.80,2026-08-17 10:38:00,FAILED
22862,1,6,1775.60,2026-08-08 23:13:00,REFUNDED
22863,6,10,2765.90,2026-08-04 17:42:00,SUCCESS
22864,1,7,2726.50,2026-08-06 16:34:00,FAILED
22865,3,6,2133.40,2026-08-28 23:25:00,FAILED
22866,4,10,4294.90,2026-08-27 16:25:00,REFUNDED
22867,7,16,924.00,2026-08-16 18:34:00,SUCCESS
22868,8,14,2932.40,2026-08-25 08:53:00,SUCCESS
22869,9,13,4184.30,2026-08-30 10:30:00,PENDING
22870,4,4,3980.00,2026-08-17 14:24:00,REFUNDED
22871,2,14,1153.70,2026-08-30 11:27:00,REFUNDED
22872,2,3,4820.60,2026-08-27 04:16:00,REFUNDED
22873,8,12,2804.10,2026-08-04 23:19:00,PENDING
22874,6,8,1374.00,2026-08-22 22:35:00,SUCCESS
22875,6,14,1497.60,2026-08-25 06:38:00,PENDING
22876,8,18,4118.40,2026-08-02 15:50:00,PENDING
22877,1,15,921.20,2026-08-06 00:08:00,SUCCESS
22878,6,2,729.90,2026-08-28 18:15:00,FAILED
22879,8,10,880.20,2026-08-22 15:50:00,FAILED
22880,8,13,1128.00,2026-08-25 13:52:00,PENDING
22881,4,5,764.90,2026-08-26 20:13:00,REFUNDED
22882,1,12,3239.50,2026-08-06 11:01:00,FAILED
22883,7,13,3674.00,2026-08-27 05:38:00,PENDING
22884,5,18,2363.80,2026-08-18 16:34:00,FAILED
22885,9,15,2435.20,2026-08-04 04:01:00,PENDING
22886,2,19,1355.10,2026-08-10 01:57:00,SUCCESS
22887,10,4,3440.50,2026-08-21 15:09:00,FAILED
22888,3,6,216.50,2026-08-10 21:51:00,FAILED
22889,1,1,5000,2026-08-01 12:00:00,UNKNOWN_STATUS
22890,10,13,2532.60,2026-08-23 10:43:00,SUCCESS
22891,2,13,4837.60,2026-08-02 07:18:00,PENDING
22892,2,14,135.60,2026-08-28 16:43:00,REFUNDED
22893,1,10,2795.80,2026-08-19 12:04:00,FAILED
22894,1,5,300.40,2026-08-01 20:44:00,PENDING
22895,1,2,3558.40,2026-08-17 15:35:00,SUCCESS
22896,5,2,2146.70,2026-08-18 11:43:00,SUCCESS
22897,2,6,70.10,2026-08-28 06:42:00,REFUNDED
22898,10,3,3804.60,2026-08-17 07:20:00,REFUNDED
22899,5,2,368.50,2026-08-16 18:54:00,FAILED
22900,3,10,4296.00,2026-08-02 06:45:00,SUCCESS
22901,2,7,1637.90,2026-08-08 16:22:00,SUCCESS
22902,2,15,1551.50,2026-08-24 15:40:00,REFUNDED
22903,10,1,3353.80,2026-08-04 00:47:00,PENDING
22904,1,1,5000,2026-08-01 12:00:00,UNKNOWN_STATUS
22905,1,1,3910.90,2026-08-31 00:11:00,FAILED
22906,8,10,879.10,2026-08-23 12:32:00,SUCCESS
22907,5,17,3240.60,2026-08-19 23:33:00,FAILED
22908,8,20,2708.30,2026-08-03 09:55:00,REFUNDED
22909,7,18,1654.10,2026-08-22 20:20:00,PENDING
22910,1,3,2125.10,2026-08-08 15:24:00,FAILED
22911,7,9,5035.30,2026-08-30 22:50:00,PENDING
22912,3,8,2320.40,2026-08-15 23:32:00,FAILED
22913,9,14,1929.50,2026-08-21 09:11:00,SUCCESS
22914,2,13,4344.70,2026-08-25 00:18:00,REFUNDED
22915,9,6,619.70,2026-08-28 08:14:00,FAILED
22916,9,13,3609.90,2026-08-16 15:56:00,PENDING
22917,8,15,4819.40,2026-08-10 17:36:00,PENDING
22918,7,17,888.80,2026-08-10 19:46:00,FAILED
22919,5,7,2364.80,2026-08-22 02:21:00,FAILED
22920,7,16,3343.40,2026-08-07 06:32:00,FAILED
22921,1,10,969.90,2026-08-08 05:35:00,SUCCESS
22922,1,1,NOT_A_NUMBER,2026-08-01 12:00:00,SUCCESS
22923,3,8,3776.70,2026-08-28 17:44:00,PENDING
22924,4,7,2988.50,2026-08-13 05:32:00,PENDING
22925,3,12,4784.50,2026-08-04 20:43:00,SUCCESS
22926,10,5,2662.60,2026-08-21 20:19:00,FAILED
22927,7,9,2809.70,2026-08-06 03:13:00,FAILED
22928,8,15,3357.40,2026-08-11 03:01:00,FAILED
22929,6,19,4494.20,2026-08-30 17:57:00,REFUNDED
22930,8,2,2253.80,2026-08-30 20:15:00,SUCCESS
22931,3,1,2131.30,2026-08-08 20:23:00,SUCCESS
22932,2,8,3983.70,2026-08-04 17:35:00,PENDING
22933,10,13,1004.90,2026-08-27 04:51:00,FAILED
22934,2,16,1275.40,2026-08-05 17:01:00,FAILED
22935,3,11,405.00,2026-08-08 01:57:00,SUCCESS
22936,3,13,2031.80,2026-08-11 15:13:00,REFUNDED
22937,6,5,3188.10,2026-08-05 07:34:00,PENDING
22938,4,3,3041.80,2026-08-20 07:41:00,PENDING
22939,10,12,534.60,2026-08-25 02:59:00,SUCCESS
22940,2,15,1842.90,2026-08-26 10:04:00,FAILED
22941,7,19,188.20,2026-08-13 23:30:00,SUCCESS
22942,2,18,1967.70,2026-08-10 17:11:00,FAILED
22943,2,6,3285.90,2026-08-05 03:38:00,REFUNDED
22944,10,17,770.30,2026-08-25 11:49:00,REFUNDED
22945,9,16,1368.20,2026-08-03 01:09:00,FAILED
22946,4,12,3366.60,2026-08-21 00:42:00,REFUNDED
22947,5,18,2367.20,2026-08-01 12:03:00,PENDING
22948,4,5,720.10,2026-08-03 05:27:00,PENDING
22949,10,10,143.40,2026-08-03 20:16:00,REFUNDED
22950,4,14,359.10,2026-08-11 01:51:00,PENDING
22951,9,10,1428.80,2026-08-02 15:28:00,PENDING
22952,4,2,1577.90,2026-08-02 23:25:00,FAILED
22953,10,12,4807.70,2026-08-08 14:43:00,FAILED
22954,1,11,2605.80,2026-08-19 01:42:00,SUCCESS
22955,10,16,1441.20,2026-08-27 22:39:00,REFUNDED
22956,10,10,114.90,2026-08-26 03:26:00,PENDING
22957,3,19,2027.90,2026-08-19 09:38:00,REFUNDED
22958,10,7,654.00,2026-08-13 05:02:00,FAILED
22959,4,14,909.30,2026-08-03 17:02:00,REFUNDED
22960,6,18,5037.70,2026-08-13 22:03:00,PENDING
22961,1,15,4263.20,2026-08-23 07:45:00,FAILED
22962,3,12,4688.20,2026-08-14 03:57:00,REFUNDED
22963,1,4,4599.90,2026-08-07 00:32:00,FAILED
22964,3,18,4604.60,2026-08-25 14:59:00,PENDING
22965,4,6,180.40,2026-08-30 11:17:00,REFUNDED
22966,3,3,4716.40,2026-08-10 00:14:00,REFUNDED
22967,1,100.00
22968,7,17,134.90,2026-08-02 08:42:00,PENDING
22969,4,17,3032.40,2026-08-30 10:38:00,REFUNDED
22970,5,3,351.10,2026-08-16 21:56:00,SUCCESS
22971,5,13,4654.60,2026-08-24 11:18:00,SUCCESS
22972,1,100.00
22973,9,16,4396.90,2026-08-21 22:49:00,FAILED
22974,10,7,4046.20,2026-08-24 07:29:00,SUCCESS
22975,2,15,1326.50,2026-08-04 18:53:00,FAILED
22976,6,2,4309.50,2026-08-26 16:23:00,SUCCESS
22977,1,2,4583.10,2026-08-09 00:56:00,REFUNDED
22978,1,20,1853.80,2026-08-11 02:53:00,REFUNDED
22979,4,2,4104.90,2026-08-06 21:13:00,SUCCESS
22980,3,8,4600.30,2026-08-11 03:11:00,FAILED
22981,6,5,4046.80,2026-08-20 17:30:00,REFUNDED
22982,9,3,3203.40,2026-08-16 21:17:00,FAILED
22983,8,9,3513.60,2026-08-13 18:48:00,PENDING
22984,7,4,1735.40,2026-08-18 00:41:00,PENDING
22985,8,13,1843.70,2026-08-12 00:39:00,SUCCESS
22986,6,11,1896.50,2026-08-31 07:29:00,REFUNDED
22987,6,5,2304.70,2026-08-12 00:20:00,FAILED
22988,9,8,842.60,2026-08-23 02:34:00,FAILED
22989,2,20,1047.40,2026-08-06 21:32:00,REFUNDED
22990,9,9,4303.90,2026-08-09 06:49:00,PENDING
22991,6,16,2687.50,2026-08-27 10:21:00,SUCCESS
22992,8,1,2695.90,2026-08-03 01:33:00,REFUNDED
22993,6,14,3320.00,2026-08-24 08:43:00,SUCCESS
22994,2,20,2053.80,2026-08-14 05:53:00,FAILED
22995,7,19,1537.70,2026-08-01 15:35:00,FAILED
22996,5,4,2712.00,2026-08-26 07:51:00,FAILED
22997,6,11,3749.60,2026-08-14 03:51:00,SUCCESS
22998,4,14,3670.40,2026-08-12 02:10:00,PENDING
22999,4,4,4996.00,2026-08-12 08:39:00,REFUNDED
23000,5,5,808.70,2026-08-05 14:50:00,REFUNDED
23001,7,12,4919.60,2026-08-04 20:23:00,REFUNDED
23002,8,19,302.00,2026-08-01 13:26:00,FAILED
23003,1,8,3883.20,2026-08-15 15:15:00,SUCCESS
23004,9,1,463.50,2026-08-09 15:48:00,PENDING
23005,4,13,4533.60,2026-08-04 04:58:00,SUCCESS
23006,1,2,4425.50,2026-08-01 22:38:00,REFUNDED
23007,9,8,1006.30,2026-08-23 04:47:00,SUCCESS
23008,6,5,1181.70,2026-08-31 05:43:00,PENDING
23009,5,10,731.80,2026-08-16 17:18:00,FAILED
23010,6,14,306.10,2026-08-20 22:40:00,REFUNDED
23011,4,17,3061.80,2026-08-27 07:21:00,SUCCESS
23012,5,1,1281.40,2026-08-28 14:48:00,FAILED
23013,8,18,819.60,2026-08-19 18:38:00,FAILED
23014,5,13,1749.70,2026-08-27 08:15:00,PENDING
23015,10,9,2777.50,2026-08-29 04:48:00,FAILED
23016,9,6,4723.50,2026-08-06 11:27:00,SUCCESS
23017,5,18,4373.70,2026-08-31 04:33:00,PENDING
23018,2,13,3917.90,2026-08-18 20:07:00,PENDING
23019,7,11,1898.40,2026-08-31 04:10:00,REFUNDED
23020,10,19,1486.40,2026-08-02 16:06:00,FAILED
23021,8,3,4880.10,2026-08-26 19:06:00,SUCCESS
23022,7,14,3918.20,2026-08-14 18:10:00,FAILED
23023,1,6,2255.10,2026-08-02 16:54:00,REFUNDED
23024,2,8,3948.30,2026-08-26 08:54:00,PENDING
23025,10,15,4434.60,2026-08-28 13:04:00,REFUNDED
23026,9,20,3922.20,2026-08-24 14:31:00,FAILED
23027,4,10,1974.40,2026-08-26 18:03:00,FAILED
23028,2,4,2517.20,2026-08-30 17:09:00,SUCCESS
23029,8,16,4553.60,2026-08-07 21:15:00,SUCCESS
23030,6,16,2848.10,2026-08-15 17:17:00,FAILED
23031,3,11,4221.40,2026-08-16 21:33:00,SUCCESS
23032,9,7,3824.20,2026-08-15 17:45:00,FAILED
23033,6,20,2346.30,2026-08-22 19:10:00,SUCCESS
23034,8,8,3919.00,2026-08-22 10:44:00,REFUNDED
23035,9,2,3419.20,2026-08-25 00:19:00,PENDING
23036,1,12,165.80,2026-08-27 12:27:00,FAILED
23037,5,15,358.80,2026-08-29 07:29:00,FAILED
23038,3,1,3161.10,2026-08-03 13:37:00,PENDING
23039,7,1,3956.80,2026-08-19 17:37:00,REFUNDED
23040,1,13,1331.30,2026-08-19 16:11:00,PENDING
23041,9,1,4759.60,2026-08-02 12:46:00,FAILED
23042,3,15,1262.80,2026-08-14 17:16:00,PENDING
23043,8,11,1191.90,2026-08-25 21:00:00,REFUNDED
23044,3,10,3874.60,2026-08-10 15:24:00,PENDING
23045,1,7,879.30,2026-08-17 06:26:00,PENDING
23046,2,12,2922.00,2026-08-25 00:37:00,SUCCESS
23047,4,15,4060.00,2026-08-25 21:27:00,PENDING
23048,6,10,1775.50,2026-08-26 07:35:00,REFUNDED
23049,1,1,5000,INVALID_DATE_TIME,SUCCESS
23050,1,100.00
23051,10,9,4308.40,2026-08-24 02:54:00,SUCCESS
23052,9,19,2531.70,2026-08-20 21:18:00,PENDING
23053,3,10,99.50,2026-08-24 21:47:00,REFUNDED
23054,2,15,761.90,2026-08-13 03:33:00,REFUNDED
23055,7,19,940.40,2026-08-08 18:06:00,PENDING
23056,1,1,5000,2026-08-01 12:00:00,UNKNOWN_STATUS
23057,4,2,365.30,2026-08-24 18:04:00,SUCCESS
23058,5,14,848.00,2026-08-16 07:33:00,REFUNDED
23059,6,6,2914.60,2026-08-08 01:33:00,REFUNDED
23060,9,2,4657.30,2026-08-02 19:07:00,FAILED
23061,7,17,237.80,2026-08-21 15:28:00,REFUNDED
23062,4,1,667.70,2026-08-25 19:10:00,REFUNDED
23063,4,10,2182.90,2026-08-20 06:21:00,FAILED
23064,2,16,2139.10,2026-08-02 01:31:00,REFUNDED
23065,10,3,931.40,2026-08-16 02:01:00,REFUNDED
23066,4,16,159.80,2026-08-11 22:49:00,PENDING
23067,8,3,4795.80,2026-08-12 13:22:00,FAILED
23068,1,17,3921.30,2026-08-23 23:11:00,SUCCESS
23069,6,6,1168.30,2026-08-03 23:01:00,FAILED
23070,8,3,1552.70,2026-08-26 08:53:00,SUCCESS
23071,1,19,2461.50,2026-08-27 19:18:00,FAILED
23072,1,20,4966.30,2026-08-29 21:24:00,SUCCESS
23073,4,12,3474.10,2026-08-30 16:59:00,SUCCESS
23074,5,3,2229.00,2026-08-12 09:11:00,PENDING
23075,7,14,2305.10,2026-08-28 00:45:00,REFUNDED
23076,6,3,458.90,2026-08-05 06:49:00,PENDING
23077,8,12,4945.00,2026-08-03 15:17:00,PENDING
23078,9,3,5019.00,2026-08-26 04:57:00,SUCCESS
23079,9,7,3174.90,2026-08-26 22:34:00,PENDING
23080,1,9,2871.10,2026-08-17 16:38:00,SUCCESS
23081,7,1,4217.90,2026-08-09 18:47:00,SUCCESS
23082,9,3,3270.60,2026-08-25 16:18:00,REFUNDED
23083,8,8,4596.80,2026-08-25 02:04:00,FAILED
23084,7,9,4827.40,2026-08-15 08:43:00,PENDING
23085,6,2,3554.40,2026-08-06 02:09:00,PENDING
23086,4,18,4789.90,2026-08-20 15:05:00,SUCCESS
23087,8,14,4963.60,2026-08-28 12:14:00,PENDING
23088,9,1,986.00,2026-08-03 21:26:00,REFUNDED
23089,10,13,4214.80,2026-08-07 08:28:00,REFUNDED
23090,7,5,260.20,2026-08-14 20:54:00,FAILED
23091,1,13,1258.60,2026-08-31 00:58:00,REFUNDED
23092,8,6,452.90,2026-08-18 08:37:00,REFUNDED
23093,3,1,2545.90,2026-08-14 05:20:00,SUCCESS
23094,9,7,1846.70,2026-08-10 02:28:00,SUCCESS
23095,1,3,4583.40,2026-08-28 13:27:00,FAILED
23096,7,7,3568.30,2026-08-08 14:19:00,REFUNDED
23097,9,11,4215.90,2026-08-07 20:14:00,SUCCESS
23098,7,6,2296.90,2026-08-22 18:55:00,PENDING
23099,6,18,2968.40,2026-08-26 05:47:00,REFUNDED
23100,7,9,1005.70,2026-08-22 18:27:00,PENDING
23101,5,13,2460.40,2026-08-10 03:00:00,PENDING
23102,6,7,3931.30,2026-08-28 05:35:00,SUCCESS
23103,10,10,3553.40,2026-08-14 13:44:00,SUCCESS
23104,10,16,1464.00,2026-08-13 13:12:00,SUCCESS
23105,5,5,4453.80,2026-08-29 17:20:00,SUCCESS
23106,3,9,1173.70,2026-08-08 16:09:00,SUCCESS
23107,5,12,4951.60,2026-08-18 06:01:00,PENDING
23108,2,1,479.20,2026-08-14 03:00:00,REFUNDED
23109,8,12,2849.40,2026-08-18 08:57:00,FAILED
23110,7,7,923.30,2026-08-12 21:12:00,PENDING
23111,6,14,1282.00,2026-08-05 21:03:00,REFUNDED
23112,3,19,1372.80,2026-08-22 08:26:00,PENDING
23113,10,20,1818.90,2026-08-20 15:03:00,PENDING
23114,1,6,3300.40,2026-08-17 05:56:00,REFUNDED
23115,7,13,465.90,2026-08-17 10:42:00,FAILED
23116,6,9,2587.70,2026-08-03 01:09:00,PENDING
23117,4,7,3406.40,2026-08-10 07:19:00,FAILED
23118,2,12,3516.00,2026-08-17 07:01:00,SUCCESS
23119,4,10,3027.20,2026-08-19 20:41:00,PENDING
23120,9,2,4423.60,2026-08-19 13:13:00,FAILED
23121,4,6,2384.90,2026-08-13 17:26:00,FAILED
23122,1,1,NOT_A_NUMBER,2026-08-01 12:00:00,SUCCESS
23123,1,13,1136.10,2026-08-17 08:37:00,FAILED
23124,2,13,3438.00,2026-08-22 23:12:00,SUCCESS
23125,6,1,1123.30,2026-08-09 16:57:00,SUCCESS
23126,8,13,69.90,2026-08-12 07:06:00,SUCCESS
23127,9,18,3656.70,2026-08-07 16:50:00,SUCCESS
23128,8,14,858.80,2026-08-22 01:15:00,REFUNDED
23129,8,4,3987.20,2026-08-09 04:35:00,SUCCESS
23130,3,9,1441.90,2026-08-25 17:37:00,PENDING
23131,10,20,3080.40,2026-08-10 10:11:00,PENDING
23132,9,9,180.60,2026-08-21 15:03:00,SUCCESS
23133,3,5,4374.90,2026-08-02 17:28:00,PENDING
23134,9,10,3193.80,2026-08-13 19:39:00,FAILED
23135,9,15,2571.80,2026-08-26 11:09:00,REFUNDED
23136,5,20,4763.00,2026-08-22 09:41:00,SUCCESS
23137,5,17,397.50,2026-08-21 07:47:00,FAILED
23138,5,19,4221.00,2026-08-31 01:28:00,PENDING
23139,1,5,190.00,2026-08-28 15:44:00,FAILED
23140,10,9,781.30,2026-08-06 02:09:00,REFUNDED
23141,10,12,4985.20,2026-08-24 03:17:00,PENDING
23142,4,19,3385.50,2026-08-07 04:01:00,FAILED
23143,8,10,3119.90,2026-08-25 15:06:00,REFUNDED
23144,1,12,2898.80,2026-08-22 18:22:00,SUCCESS
23145,1,12,3775.50,2026-08-30 14:19:00,FAILED
23146,4,8,1673.60,2026-08-15 20:06:00,FAILED
23147,4,7,2678.50,2026-08-20 17:08:00,REFUNDED
23148,2,2,2610.30,2026-08-26 20:06:00,PENDING
23149,2,15,268.70,2026-08-05 09:48:00,REFUNDED
23150,6,20,4288.50,2026-08-08 08:20:00,SUCCESS
23151,5,6,3427.10,2026-08-19 07:24:00,REFUNDED
23152,3,9,1164.40,2026-08-24 14:00:00,SUCCESS
23153,10,14,531.50,2026-08-04 15:18:00,PENDING
23154,5,10,2811.90,2026-08-26 16:01:00,REFUNDED
23155,7,12,4609.30,2026-08-07 23:17:00,FAILED
23156,2,10,3041.90,2026-08-04 14:06:00,REFUNDED
23157,4,5,1519.90,2026-08-24 01:38:00,FAILED
23158,4,14,2428.70,2026-08-05 05:51:00,REFUNDED
23159,5,3,2050.40,2026-08-16 00:14:00,FAILED
23160,9,1,811.10,2026-08-01 16:04:00,PENDING
23161,7,3,1919.80,2026-08-15 23:06:00,FAILED
23162,1,100.00
23163,6,16,1561.80,2026-08-29 10:54:00,FAILED
23164,5,8,99.60,2026-08-27 00:00:00,FAILED
23165,3,8,3310.10,2026-08-10 20:56:00,PENDING
23166,1,4,3401.50,2026-08-30 20:34:00,FAILED
23167,4,5,2499.90,2026-08-22 12:28:00,REFUNDED
23168,10,18,1226.20,2026-08-06 04:08:00,REFUNDED
23169,6,4,4393.10,2026-08-29 13:41:00,SUCCESS
23170,2,17,1708.90,2026-08-07 23:11:00,PENDING
23171,8,9,3772.00,2026-08-06 00:11:00,REFUNDED
23172,8,16,2091.10,2026-08-09 13:19:00,SUCCESS
23173,2,10,2372.50,2026-08-08 07:20:00,PENDING
23174,3,8,1502.40,2026-08-01 21:31:00,FAILED
23175,2,20,3821.50,2026-08-19 00:37:00,REFUNDED
23176,3,14,2186.80,2026-08-24 20:25:00,REFUNDED
23177,3,7,282.90,2026-08-11 09:40:00,SUCCESS
23178,7,5,4076.50,2026-08-22 11:53:00,FAILED
23179,9,8,542.30,2026-08-11 10:56:00,REFUNDED
23180,3,16,1507.20,2026-08-05 22:46:00,PENDING
23181,6,8,2888.70,2026-08-12 02:56:00,REFUNDED
23182,1,5,1924.30,2026-08-17 12:40:00,PENDING
23183,8,4,2293.80,2026-08-26 07:41:00,SUCCESS
23184,1,6,2624.70,2026-08-03 05:20:00,FAILED
23185,1,18,593.00,2026-08-12 17:29:00,SUCCESS
23186,10,4,4787.30,2026-08-11 16:40:00,FAILED
23187,10,5,1863.10,2026-08-07 06:59:00,FAILED
23188,7,14,2039.10,2026-08-22 13:11:00,FAILED
23189,1,19,3939.50,2026-08-06 19:27:00,SUCCESS
23190,7,9,1478.60,2026-08-07 13:17:00,REFUNDED
23191,2,4,637.90,2026-08-30 08:35:00,SUCCESS
23192,4,19,3074.30,2026-08-06 06:53:00,FAILED
23193,9,17,1982.00,2026-08-25 14:17:00,SUCCESS
23194,3,8,1263.90,2026-08-26 08:11:00,REFUNDED
23195,9,3,4243.50,2026-08-13 20:39:00,SUCCESS
23196,2,16,741.70,2026-08-20 08:23:00,FAILED
23197,6,5,1604.20,2026-08-12 19:14:00,FAILED
23198,5,8,134.30,2026-08-29 05:50:00,FAILED
23199,5,16,4416.30,2026-08-17 13:56:00,SUCCESS
23200,3,18,3168.80,2026-08-21 10:38:00,FAILED
23201,6,11,4133.10,2026-08-17 17:08:00,FAILED
23202,1,3,2461.90,2026-08-23 09:18:00,REFUNDED
23203,9,11,3456.80,2026-08-12 15:34:00,REFUNDED
23204,7,13,2468.80,2026-08-13 07:35:00,FAILED
23205,5,16,1524.70,2026-08-31 06:25:00,REFUNDED
23206,1,16,4612.40,2026-08-05 12:30:00,REFUNDED
23207,8,18,4891.10,2026-08-08 01:42:00,REFUNDED
23208,4,1,2385.40,2026-08-16 01:20:00,REFUNDED
23209,6,11,2127.90,2026-08-21 21:19:00,FAILED
23210,5,12,1475.90,2026-08-23 20:15:00,REFUNDED
23211,9,6,4473.20,2026-08-29 07:40:00,FAILED
23212,5,13,636.40,2026-08-18 07:12:00,FAILED
23213,4,17,623.10,2026-08-01 16:24:00,FAILED
23214,2,12,4572.10,2026-08-12 21:27:00,FAILED
23215,8,6,3724.90,2026-08-25 00:00:00,REFUNDED
23216,7,11,4951.80,2026-08-24 13:17:00,PENDING
23217,8,3,3217.40,2026-08-25 03:05:00,SUCCESS
23218,2,4,3732.30,2026-08-14 05:37:00,PENDING
23219,10,19,2779.30,2026-08-25 13:26:00,PENDING
23220,2,2,470.90,2026-08-06 23:23:00,FAILED
23221,2,13,442.60,2026-08-14 05:07:00,FAILED
23222,8,13,4285.10,2026-08-29 17:52:00,SUCCESS
23223,7,4,1020.50,2026-08-20 00:01:00,PENDING
23224,10,14,4330.60,2026-08-02 14:35:00,PENDING
23225,1,14,161.70,2026-08-04 23:40:00,PENDING
23226,2,14,1394.50,2026-08-19 18:53:00,PENDING
23227,7,2,3928.60,2026-08-09 20:20:00,SUCCESS
23228,6,2,4718.60,2026-08-05 11:33:00,PENDING
23229,10,8,4077.20,2026-08-10 20:36:00,REFUNDED
23230,4,4,792.30,2026-08-05 16:14:00,SUCCESS
23231,3,17,3108.60,2026-08-23 20:58:00,REFUNDED
23232,2,2,337.50,2026-08-11 08:08:00,SUCCESS
23233,2,4,5020.50,2026-08-11 05:00:00,SUCCESS
23234,10,17,4475.70,2026-08-31 01:42:00,REFUNDED
23235,4,10,3674.30,2026-08-01 19:04:00,PENDING
23236,1,1,5000,2026-08-01 12:00:00,UNKNOWN_STATUS
23237,7,12,1513.90,2026-08-09 06:50:00,FAILED
23238,7,2,3659.20,2026-08-21 15:38:00,PENDING
23239,5,15,1061.50,2026-08-31 05:07:00,PENDING
23240,6,3,3209.90,2026-08-24 02:43:00,PENDING
23241,9,11,1255.50,2026-08-11 00:06:00,SUCCESS
23242,10,2,3120.90,2026-08-07 03:26:00,SUCCESS
23243,6,19,2268.80,2026-08-30 12:41:00,PENDING
23244,8,14,801.60,2026-08-21 14:58:00,SUCCESS
23245,10,18,4871.90,2026-08-11 16:53:00,PENDING
23246,8,20,4782.90,2026-08-30 21:31:00,FAILED
23247,6,10,950.50,2026-08-23 05:32:00,SUCCESS
23248,6,9,3802.00,2026-08-28 01:43:00,FAILED
23249,6,19,1853.40,2026-08-28 21:02:00,SUCCESS
23250,7,17,2942.60,2026-08-22 15:31:00,PENDING
23251,8,10,3987.80,2026-08-28 08:31:00,SUCCESS
23252,10,14,1909.30,2026-08-13 17:19:00,FAILED
23253,9,4,4223.20,2026-08-22 06:27:00,REFUNDED
23254,7,19,2593.60,2026-08-08 05:59:00,PENDING
23255,7,16,4756.60,2026-08-02 13:38:00,PENDING
23256,4,16,4150.90,2026-08-22 21:16:00,PENDING
23257,6,13,2316.30,2026-08-04 14:29:00,REFUNDED
23258,8,3,4025.40,2026-08-28 04:55:00,FAILED
23259,3,13,1453.70,2026-08-11 20:24:00,PENDING
23260,4,6,612.70,2026-08-05 02:37:00,PENDING
23261,4,16,1595.40,2026-08-29 20:23:00,FAILED
23262,5,1,4285.60,2026-08-03 12:36:00,FAILED
23263,2,14,4503.70,2026-08-27 07:11:00,REFUNDED
23264,9,16,914.60,2026-08-12 01:35:00,REFUNDED
23265,10,1,4287.20,2026-08-14 13:19:00,FAILED
23266,7,20,3881.40,2026-08-24 09:11:00,REFUNDED
23267,6,13,3208.00,2026-08-05 05:24:00,FAILED
23268,9,15,4990.70,2026-08-13 15:17:00,PENDING
23269,1,19,4803.20,2026-08-06 05:32:00,PENDING
23270,5,15,732.10,2026-08-13 01:37:00,SUCCESS
23271,10,4,1062.70,2026-08-13 02:22:00,PENDING
23272,3,13,1101.60,2026-08-06 20:26:00,REFUNDED
23273,4,18,937.20,2026-08-15 19:01:00,REFUNDED
23274,8,17,1610.00,2026-08-08 00:47:00,FAILED
23275,9,17,1908.80,2026-08-02 22:13:00,SUCCESS
23276,3,11,4134.60,2026-08-21 09:29:00,FAILED
23277,1,1,3763.40,2026-08-02 02:46:00,SUCCESS
23278,2,10,4024.70,2026-08-28 06:26:00,SUCCESS
23279,8,2,339.60,2026-08-13 14:50:00,PENDING
23280,8,5,2118.10,2026-08-02 16:48:00,SUCCESS
23281,7,7,4667.80,2026-08-13 08:15:00,SUCCESS
23282,3,20,1602.30,2026-08-24 10:30:00,SUCCESS
23283,8,11,2139.90,2026-08-30 06:44:00,FAILED
23284,5,9,2852.50,2026-08-13 21:44:00,REFUNDED
23285,1,5,4802.90,2026-08-17 15:45:00,SUCCESS
23286,1,18,926.60,2026-08-28 14:23:00,FAILED
23287,5,7,982.90,2026-08-17 16:31:00,SUCCESS
23288,3,19,114.40,2026-08-30 08:15:00,SUCCESS
23289,8,10,4168.30,2026-08-24 09:17:00,SUCCESS
23290,2,13,1677.70,2026-08-24 10:19:00,REFUNDED
23291,4,5,2159.90,2026-08-10 23:08:00,FAILED
23292,1,9,4290.40,2026-08-18 18:51:00,FAILED
23293,8,4,2583.80,2026-08-03 03:19:00,REFUNDED
23294,2,10,996.50,2026-08-22 19:05:00,REFUNDED
23295,10,14,2255.70,2026-08-11 08:38:00,FAILED
23296,10,9,2714.50,2026-08-23 03:11:00,PENDING
23297,5,9,225.40,2026-08-26 05:29:00,REFUNDED
23298,8,20,2217.30,2026-08-27 17:17:00,REFUNDED
23299,3,2,1496.10,2026-08-13 02:35:00,SUCCESS
23300,7,6,4648.20,2026-08-06 05:34:00,REFUNDED
23301,6,1,1536.20,2026-08-27 17:04:00,SUCCESS
23302,6,7,2332.90,2026-08-08 04:46:00,PENDING
23303,2,16,1416.10,2026-08-09 18:34:00,FAILED
23304,1,14,4698.80,2026-08-12 15:59:00,PENDING
23305,7,11,3930.80,2026-08-23 07:37:00,SUCCESS
23306,1,2,4009.70,2026-08-20 00:42:00,SUCCESS
23307,1,15,1635.70,2026-08-31 03:40:00,PENDING
23308,3,8,2479.10,2026-08-06 09:53:00,REFUNDED
23309,10,4,3723.20,2026-08-09 12:52:00,SUCCESS
23310,6,15,680.60,2026-08-09 17:13:00,SUCCESS
23311,2,10,3260.00,2026-08-08 05:46:00,PENDING
23312,5,4,2966.00,2026-08-22 14:42:00,REFUNDED
23313,10,8,475.70,2026-08-05 01:55:00,PENDING
23314,2,11,2061.80,2026-08-24 18:53:00,REFUNDED
23315,10,13,2131.80,2026-08-15 03:59:00,PENDING
23316,10,7,3629.60,2026-08-16 20:43:00,REFUNDED
23317,9,7,1840.90,2026-08-09 16:49:00,FAILED
23318,9,6,4610.10,2026-08-11 13:09:00,FAILED
23319,5,3,390.70,2026-08-15 07:28:00,FAILED
23320,1,2,1312.20,2026-08-23 14:06:00,REFUNDED
23321,3,14,3969.00,2026-08-07 07:18:00,REFUNDED
23322,4,4,4133.80,2026-08-28 14:23:00,SUCCESS
23323,10,7,2976.10,2026-08-22 12:25:00,FAILED
23324,9,12,884.10,2026-08-23 04:19:00,REFUNDED
23325,5,4,278.10,2026-08-21 12:39:00,SUCCESS
23326,2,3,592.50,2026-08-14 22:10:00,SUCCESS
23327,2,15,1600.50,2026-08-29 12:50:00,PENDING
23328,7,10,853.00,2026-08-03 10:51:00,PENDING
23329,6,17,1982.50,2026-08-23 14:58:00,PENDING
23330,6,10,1744.90,2026-08-27 19:04:00,SUCCESS
23331,4,5,2394.90,2026-08-04 19:59:00,FAILED
23332,7,14,357.20,2026-08-05 17:28:00,REFUNDED
23333,1,12,714.90,2026-08-25 10:21:00,REFUNDED
23334,10,4,4509.90,2026-08-03 03:14:00,PENDING
23335,2,7,4357.50,2026-08-30 23:55:00,PENDING
23336,9,17,2586.40,2026-08-16 12:42:00,FAILED
23337,1,19,4197.30,2026-08-29 16:21:00,PENDING
23338,8,4,4691.00,2026-08-04 10:27:00,FAILED
23339,2,5,2172.70,2026-08-29 16:46:00,REFUNDED
23340,2,15,1058.00,2026-08-06 22:54:00,PENDING
23341,7,12,472.10,2026-08-04 13:59:00,REFUNDED
23342,7,6,2795.00,2026-08-09 23:49:00,FAILED
23343,3,20,3559.80,2026-08-07 07:56:00,FAILED
23344,10,6,3957.70,2026-08-11 10:13:00,REFUNDED
23345,10,20,2542.60,2026-08-27 11:35:00,REFUNDED
23346,1,14,1079.80,2026-08-15 04:17:00,PENDING
23347,6,17,4867.30,2026-08-09 23:34:00,PENDING
23348,5,2,1376.10,2026-08-08 11:48:00,REFUNDED
23349,8,14,1686.50,2026-08-10 13:30:00,SUCCESS
23350,2,17,923.60,2026-08-22 23:41:00,SUCCESS
23351,8,19,1079.20,2026-08-16 20:36:00,PENDING
23352,8,13,3036.00,2026-08-27 16:49:00,PENDING
23353,3,3,1723.20,2026-08-05 09:37:00,REFUNDED
23354,3,2,3252.00,2026-08-25 23:13:00,REFUNDED
23355,9,17,3744.00,2026-08-23 01:44:00,FAILED
23356,6,6,962.70,2026-08-21 20:39:00,SUCCESS
23357,4,1,1453.60,2026-08-19 17:44:00,REFUNDED
23358,4,16,2611.30,2026-08-29 06:53:00,SUCCESS
23359,7,13,1784.60,2026-08-03 05:36:00,PENDING
23360,4,9,1381.00,2026-08-15 21:59:00,SUCCESS
23361,6,4,2345.10,2026-08-15 17:56:00,REFUNDED
23362,8,8,2390.20,2026-08-30 04:54:00,FAILED
23363,2,16,341.60,2026-08-22 08:57:00,FAILED
23364,1,9,991.70,2026-08-23 20:21:00,FAILED
23365,9,8,3586.90,2026-08-14 03:48:00,SUCCESS
23366,5,2,1993.10,2026-08-14 10:57:00,SUCCESS
23367,1,1,5000,INVALID_DATE_TIME,SUCCESS
23368,9,10,471.40,2026-08-17 16:42:00,SUCCESS
23369,1,12,3721.10,2026-08-15 19:56:00,REFUNDED
23370,3,18,3498.10,2026-08-10 00:59:00,PENDING
23371,3,19,3356.80,2026-08-18 08:14:00,SUCCESS
23372,9,4,672.00,2026-08-13 07:37:00,REFUNDED
23373,5,9,681.70,2026-08-14 05:42:00,FAILED
23374,8,13,718.70,2026-08-17 12:49:00,FAILED
23375,8,11,423.00,2026-08-04 13:45:00,REFUNDED
23376,10,18,4114.80,2026-08-21 04:08:00,FAILED
23377,8,15,2655.00,2026-08-01 20:01:00,REFUNDED
23378,3,13,2445.50,2026-08-19 14:07:00,SUCCESS
23379,8,7,2458.90,2026-08-19 19:49:00,REFUNDED
23380,6,17,372.90,2026-08-27 08:20:00,REFUNDED
23381,7,10,3261.60,2026-08-27 14:33:00,REFUNDED
23382,2,10,2106.40,2026-08-24 14:01:00,SUCCESS
23383,2,9,260.60,2026-08-02 12:49:00,PENDING
23384,4,2,3838.50,2026-08-22 05:46:00,REFUNDED
23385,3,13,2840.10,2026-08-28 16:37:00,SUCCESS
23386,2,17,4025.00,2026-08-12 23:55:00,FAILED
23387,9,16,1547.60,2026-08-24 04:25:00,REFUNDED
23388,5,3,3342.80,2026-08-18 12:20:00,REFUNDED
23389,10,13,1734.20,2026-08-12 22:42:00,REFUNDED
23390,9,7,217.20,2026-08-15 09:25:00,SUCCESS
23391,8,3,881.70,2026-08-25 06:06:00,FAILED
23392,9,18,4221.30,2026-08-16 17:49:00,REFUNDED
23393,7,17,1791.60,2026-08-13 12:20:00,REFUNDED
23394,1,1,5000,2026-08-01 12:00:00,UNKNOWN_STATUS
23395,3,9,496.70,2026-08-14 23:47:00,PENDING
23396,5,13,322.40,2026-08-09 20:50:00,SUCCESS
23397,5,9,3029.80,2026-08-16 15:12:00,REFUNDED
23398,10,19,2824.70,2026-08-27 02:44:00,FAILED
23399,6,18,496.80,2026-08-23 05:19:00,PENDING
23400,5,13,385.50,2026-08-07 14:14:00,PENDING
23401,9,20,1397.30,2026-08-04 06:28:00,FAILED
23402,4,13,4892.90,2026-08-25 02:13:00,PENDING
23403,2,12,4070.00,2026-08-18 06:06:00,FAILED
23404,6,14,1959.80,2026-08-19 14:16:00,PENDING
23405,2,20,3004.50,2026-08-25 02:59:00,SUCCESS
23406,8,17,2920.40,2026-08-10 14:55:00,FAILED
23407,8,4,4003.70,2026-08-14 12:27:00,FAILED
23408,3,16,1889.20,2026-08-30 23:13:00,REFUNDED
23409,3,8,4364.40,2026-08-15 22:33:00,PENDING
23410,8,11,4643.70,2026-08-11 13:38:00,FAILED
23411,2,10,4887.80,2026-08-31 03:48:00,FAILED
23412,2,19,1447.00,2026-08-12 05:56:00,PENDING
23413,7,1,4868.90,2026-08-27 18:58:00,REFUNDED
23414,5,7,3455.00,2026-08-04 11:09:00,PENDING
23415,1,11,429.30,2026-08-18 17:33:00,REFUNDED
23416,10,8,350.10,2026-08-04 13:42:00,PENDING
23417,4,9,3927.60,2026-08-25 13:18:00,REFUNDED
23418,9,18,4618.10,2026-08-03 08:21:00,SUCCESS
23419,7,19,4599.50,2026-08-02 04:37:00,PENDING
23420,10,11,1740.80,2026-08-14 00:36:00,REFUNDED
23421,2,5,4802.20,2026-08-15 12:15:00,REFUNDED
23422,10,19,55.90,2026-08-24 23:51:00,PENDING
23423,2,1,454.40,2026-08-27 20:15:00,REFUNDED
23424,8,2,1402.10,2026-08-18 16:38:00,FAILED
23425,2,8,2509.20,2026-08-27 02:28:00,SUCCESS
23426,6,11,2445.60,2026-08-11 09:00:00,SUCCESS
23427,1,16,3292.30,2026-08-29 02:23:00,PENDING
23428,2,14,3200.30,2026-08-16 06:58:00,SUCCESS
23429,5,15,3101.90,2026-08-01 22:27:00,SUCCESS
23430,1,1,4892.80,2026-08-10 20:41:00,SUCCESS
23431,6,9,872.10,2026-08-24 11:27:00,FAILED
23432,5,5,545.90,2026-08-21 07:28:00,SUCCESS
23433,9,5,2203.50,2026-08-10 08:22:00,FAILED
23434,4,12,2808.60,2026-08-24 06:26:00,PENDING
23435,10,18,2509.90,2026-08-14 09:23:00,PENDING
23436,5,5,3151.10,2026-08-21 09:22:00,PENDING
23437,9,10,4222.90,2026-08-18 18:31:00,SUCCESS
23438,4,6,2825.40,2026-08-03 06:21:00,PENDING
23439,3,3,715.90,2026-08-28 08:06:00,FAILED
23440,2,10,1520.20,2026-08-24 20:01:00,REFUNDED
23441,5,5,3522.80,2026-08-28 04:26:00,PENDING
23442,10,9,3695.90,2026-08-17 02:57:00,FAILED
23443,9,9,2229.90,2026-08-25 03:55:00,PENDING
23444,6,10,4001.00,2026-08-17 12:32:00,REFUNDED
23445,1,5,1900.00,2026-08-27 17:46:00,REFUNDED
23446,4,4,884.60,2026-08-22 11:20:00,SUCCESS
23447,2,10,3303.00,2026-08-30 08:15:00,SUCCESS
23448,9,18,4578.30,2026-08-20 09:44:00,PENDING
23449,4,5,4489.20,2026-08-07 00:42:00,PENDING
23450,1,16,4288.50,2026-08-21 08:07:00,SUCCESS
23451,9,17,3592.30,2026-08-29 09:16:00,PENDING
23452,7,7,1601.00,2026-08-23 17:50:00,SUCCESS
23453,10,15,3406.80,2026-08-06 15:10:00,FAILED
23454,2,17,807.30,2026-08-02 00:51:00,SUCCESS
23455,5,16,542.10,2026-08-26 07:10:00,SUCCESS
23456,9,10,4832.70,2026-08-18 21:24:00,FAILED
23457,3,6,2343.50,2026-08-13 03:10:00,FAILED
23458,1,13,4027.90,2026-08-08 17:24:00,PENDING
23459,9,16,2194.80,2026-08-17 21:20:00,FAILED
23460,6,9,2604.00,2026-08-05 15:36:00,PENDING
23461,9,4,2020.10,2026-08-13 15:47:00,SUCCESS
23462,9,16,1714.80,2026-08-02 01:18:00,SUCCESS
23463,8,1,2225.00,2026-08-17 07:34:00,SUCCESS
23464,9,20,4517.70,2026-08-18 15:14:00,FAILED
23465,5,4,2140.30,2026-08-15 05:43:00,PENDING
23466,5,2,4329.00,2026-08-13 00:41:00,SUCCESS
23467,9,7,3027.70,2026-08-05 21:39:00,PENDING
23468,1,11,1385.60,2026-08-29 18:35:00,PENDING
23469,5,12,2541.80,2026-08-12 01:56:00,PENDING
23470,1,6,3185.00,2026-08-27 23:40:00,REFUNDED
23471,1,12,1360.50,2026-08-26 23:40:00,PENDING
23472,10,6,3495.70,2026-08-24 00:26:00,PENDING
23473,5,6,3689.60,2026-08-23 09:34:00,FAILED
23474,2,9,1215.90,2026-08-01 22:16:00,REFUNDED
23475,8,7,430.90,2026-08-14 18:39:00,SUCCESS
23476,7,16,4173.60,2026-08-22 05:01:00,FAILED
23477,1,18,3275.50,2026-08-30 04:16:00,PENDING
23478,6,6,4144.00,2026-08-16 04:38:00,PENDING
23479,9,13,2703.40,2026-08-06 07:58:00,FAILED
23480,2,10,389.90,2026-08-29 23:35:00,FAILED
23481,1,16,375.80,2026-08-14 20:41:00,REFUNDED
23482,2,11,3088.40,2026-08-11 03:04:00,REFUNDED
23483,1,2,992.00,2026-08-12 18:51:00,SUCCESS
23484,4,3,3062.40,2026-08-15 00:04:00,PENDING
23485,5,17,4847.00,2026-08-18 17:21:00,REFUNDED
23486,5,9,1223.60,2026-08-12 04:10:00,SUCCESS
23487,2,12,3455.30,2026-08-30 02:01:00,PENDING
23488,5,6,192.50,2026-08-23 05:00:00,REFUNDED
23489,2,19,3812.60,2026-08-23 22:46:00,PENDING
23490,8,16,4191.10,2026-08-08 06:19:00,FAILED
23491,1,7,4478.00,2026-08-29 22:23:00,SUCCESS
23492,7,18,4720.00,2026-08-10 22:37:00,REFUNDED
23493,8,11,985.40,2026-08-18 19:39:00,PENDING
23494,5,11,4674.00,2026-08-19 21:34:00,FAILED
23495,10,18,1331.10,2026-08-12 23:26:00,PENDING
23496,7,5,3749.50,2026-08-03 10:36:00,REFUNDED
23497,3,7,2787.40,2026-08-22 19:42:00,PENDING
23498,10,8,1181.50,2026-08-06 06:39:00,FAILED
23499,8,16,1787.50,2026-08-09 07:21:00,SUCCESS
23500,5,9,4336.20,2026-08-27 06:54:00,FAILED
23501,1,10,437.40,2026-08-24 20:15:00,SUCCESS
23502,3,2,2469.80,2026-08-15 02:47:00,PENDING
23503,3,11,1516.30,2026-08-30 02:02:00,PENDING
23504,5,2,4108.90,2026-08-14 06:11:00,PENDING
23505,1,13,1915.20,2026-08-12 18:23:00,SUCCESS
23506,2,20,4902.60,2026-08-05 05:24:00,REFUNDED
23507,7,12,2539.50,2026-08-22 05:43:00,REFUNDED
23508,3,16,4052.90,2026-08-03 02:47:00,REFUNDED
23509,2,6,3120.80,2026-08-23 20:02:00,SUCCESS
23510,2,13,3267.70,2026-08-05 03:49:00,SUCCESS
23511,5,14,3281.50,2026-08-03 21:03:00,SUCCESS
23512,5,7,4239.30,2026-08-07 09:19:00,FAILED
23513,3,18,2895.10,2026-08-03 01:51:00,FAILED
23514,10,1,2680.00,2026-08-21 01:34:00,FAILED
23515,8,9,383.60,2026-08-17 09:11:00,REFUNDED
23516,4,18,752.50,2026-08-23 16:45:00,SUCCESS
23517,1,6,485.70,2026-08-08 00:50:00,SUCCESS
23518,1,14,4369.70,2026-08-26 09:02:00,REFUNDED
23519,5,4,2644.90,2026-08-26 11:34:00,FAILED
23520,5,5,3614.40,2026-08-29 01:54:00,SUCCESS
23521,8,14,1663.70,2026-08-20 20:55:00,SUCCESS
23522,10,2,115.40,2026-08-24 12:44:00,SUCCESS
23523,6,8,1109.60,2026-08-16 11:17:00,PENDING
23524,2,1,2123.70,2026-08-16 06:45:00,REFUNDED
23525,5,20,2296.20,2026-08-05 23:32:00,SUCCESS
23526,1,19,336.60,2026-08-05 11:55:00,SUCCESS
23527,1,1,3946.10,2026-08-15 21:07:00,FAILED
23528,4,4,2561.30,2026-08-19 03:04:00,PENDING
23529,3,3,3237.40,2026-08-12 23:47:00,SUCCESS
23530,7,11,2424.70,2026-08-22 14:06:00,SUCCESS
23531,7,1,2051.00,2026-08-14 12:42:00,FAILED
23532,8,17,4619.20,2026-08-15 18:44:00,REFUNDED
23533,2,11,3372.70,2026-08-06 16:06:00,PENDING
23534,1,12,4618.40,2026-08-30 07:19:00,SUCCESS
23535,2,10,2741.80,2026-08-31 05:34:00,FAILED
23536,2,6,1788.00,2026-08-13 23:49:00,FAILED
23537,3,3,579.80,2026-08-22 20:10:00,SUCCESS
23538,2,4,69.20,2026-08-27 01:27:00,PENDING
23539,9,1,281.00,2026-08-02 20:20:00,SUCCESS
23540,8,7,1178.40,2026-08-20 23:50:00,SUCCESS
23541,1,1,5000,INVALID_DATE_TIME,SUCCESS
23542,10,2,1354.60,2026-08-07 00:38:00,PENDING
23543,7,13,2412.50,2026-08-17 22:16:00,PENDING
23544,7,11,182.50,2026-08-12 18:09:00,PENDING
23545,4,17,3111.10,2026-08-23 18:57:00,PENDING
23546,2,17,1745.20,2026-08-04 20:50:00,PENDING
23547,8,14,4937.50,2026-08-24 23:46:00,PENDING
23548,9,19,2573.40,2026-08-21 12:55:00,PENDING
23549,1,14,2016.50,2026-08-08 18:56:00,FAILED
23550,3,1,4404.50,2026-08-26 12:26:00,FAILED
23551,2,14,4658.60,2026-08-25 18:54:00,REFUNDED
23552,8,10,3278.70,2026-08-12 22:18:00,REFUNDED
23553,9,1,3472.80,2026-08-28 06:37:00,PENDING
23554,6,14,1708.60,2026-08-27 08:02:00,PENDING
23555,6,2,4203.50,2026-08-03 11:14:00,SUCCESS
23556,10,8,1172.40,2026-08-18 13:09:00,FAILED
23557,9,9,4015.60,2026-08-18 11:00:00,PENDING
23558,4,14,2753.10,2026-08-22 10:56:00,PENDING
23559,8,18,70.00,2026-08-09 23:58:00,PENDING
23560,9,19,2508.50,2026-08-29 04:17:00,SUCCESS
23561,10,8,1194.80,2026-08-18 10:15:00,REFUNDED
23562,9,14,2591.30,2026-08-15 21:43:00,PENDING
23563,7,15,4539.20,2026-08-12 01:21:00,PENDING
23564,5,19,3345.10,2026-08-27 08:05:00,SUCCESS
23565,6,16,4358.90,2026-08-08 10:01:00,REFUNDED
23566,5,15,499.80,2026-08-20 17:54:00,SUCCESS
23567,5,4,4417.60,2026-08-16 04:35:00,SUCCESS
23568,8,13,4245.40,2026-08-23 05:19:00,PENDING
23569,2,13,4944.60,2026-08-30 01:34:00,FAILED
23570,5,1,3828.80,2026-08-09 00:11:00,PENDING
23571,4,4,4812.70,2026-08-17 11:24:00,REFUNDED
23572,8,1,623.00,2026-08-28 06:01:00,FAILED
23573,9,9,300.00,2026-08-30 02:27:00,PENDING
23574,5,4,3087.00,2026-08-04 04:11:00,PENDING
23575,8,10,3850.80,2026-08-10 08:09:00,FAILED
23576,2,7,263.80,2026-08-28 04:35:00,SUCCESS
23577,6,19,1284.00,2026-08-22 04:42:00,FAILED
23578,1,14,1027.80,2026-08-03 02:14:00,REFUNDED
23579,9,8,3184.60,2026-08-31 04:13:00,PENDING
23580,3,13,991.00,2026-08-07 09:13:00,SUCCESS
23581,4,6,1470.70,2026-08-21 20:20:00,FAILED
23582,9,11,2766.10,2026-08-30 17:59:00,SUCCESS
23583,4,12,1122.40,2026-08-11 20:13:00,PENDING
23584,2,18,3585.90,2026-08-19 02:15:00,PENDING
23585,4,19,962.30,2026-08-25 15:30:00,PENDING
23586,4,15,3203.10,2026-08-21 21:49:00,SUCCESS
23587,2,6,860.20,2026-08-23 02:19:00,FAILED
23588,8,3,3424.10,2026-08-13 06:17:00,REFUNDED
23589,1,19,3274.10,2026-08-17 22:52:00,PENDING
23590,8,8,599.70,2026-08-25 14:35:00,SUCCESS
23591,8,1,2075.40,2026-08-29 18:27:00,REFUNDED
23592,7,9,174.60,2026-08-20 14:14:00,REFUNDED
23593,6,14,331.50,2026-08-09 17:16:00,PENDING
23594,4,2,2052.40,2026-08-10 06:03:00,SUCCESS
23595,10,18,3563.80,2026-08-09 00:19:00,PENDING
23596,10,8,1006.30,2026-08-30 01:06:00,FAILED
23597,3,11,1668.60,2026-08-29 08:14:00,FAILED
23598,4,20,4630.00,2026-08-21 16:34:00,SUCCESS
23599,4,4,4649.10,2026-08-14 00:35:00,SUCCESS
23600,2,2,3100.80,2026-08-14 01:34:00,SUCCESS
23601,3,16,899.90,2026-08-14 06:30:00,REFUNDED
23602,1,10,4136.90,2026-08-19 09:54:00,REFUNDED
23603,2,8,871.60,2026-08-17 23:59:00,FAILED
23604,9,9,1335.60,2026-08-03 09:22:00,REFUNDED
23605,2,10,4860.10,2026-08-30 19:47:00,SUCCESS
23606,10,14,4891.20,2026-08-17 14:03:00,REFUNDED
23607,10,4,3222.00,2026-08-17 00:25:00,REFUNDED
23608,5,12,716.60,2026-08-24 01:11:00,SUCCESS
23609,4,18,127.40,2026-08-08 21:37:00,PENDING
23610,2,11,4949.20,2026-08-15 04:15:00,REFUNDED
23611,8,8,2239.10,2026-08-03 16:59:00,REFUNDED
23612,10,2,4884.20,2026-08-25 11:23:00,SUCCESS
23613,2,9,4565.50,2026-08-03 16:10:00,PENDING
23614,6,12,3041.20,2026-08-12 08:16:00,SUCCESS
23615,5,10,4717.20,2026-08-16 01:10:00,FAILED
23616,2,14,197.80,2026-08-12 18:15:00,PENDING
23617,1,100.00
23618,3,7,1594.00,2026-08-25 05:04:00,FAILED
23619,5,15,2860.10,2026-08-27 20:01:00,SUCCESS
23620,4,15,3554.20,2026-08-22 08:13:00,SUCCESS
23621,6,3,1247.60,2026-08-10 18:33:00,SUCCESS
23622,10,13,332.10,2026-08-02 14:14:00,REFUNDED
23623,10,14,4594.90,2026-08-01 14:40:00,SUCCESS
23624,4,6,3968.80,2026-08-11 10:39:00,REFUNDED
23625,9,13,888.20,2026-08-17 02:01:00,SUCCESS
23626,9,2,3161.40,2026-08-09 21:34:00,FAILED
23627,7,14,3718.70,2026-08-07 01:24:00,SUCCESS
23628,1,19,1765.20,2026-08-16 11:24:00,PENDING
23629,10,11,806.90,2026-08-05 05:55:00,PENDING
23630,1,3,3095.90,2026-08-28 02:13:00,REFUNDED
23631,1,3,3110.80,2026-08-27 09:16:00,SUCCESS
23632,7,15,1838.70,2026-08-13 12:49:00,SUCCESS
23633,8,20,4690.40,2026-08-03 06:58:00,REFUNDED
23634,8,10,4423.80,2026-08-18 20:58:00,PENDING
23635,2,12,3531.00,2026-08-04 09:05:00,REFUNDED
23636,9,2,1240.10,2026-08-06 10:50:00,REFUNDED
23637,5,1,3932.10,2026-08-12 13:45:00,SUCCESS
23638,7,1,1187.70,2026-08-09 08:17:00,SUCCESS
23639,9,8,3971.10,2026-08-24 06:28:00,REFUNDED
23640,4,6,4484.30,2026-08-26 06:57:00,REFUNDED
23641,6,13,3824.80,2026-08-02 14:56:00,SUCCESS
23642,4,6,4108.60,2026-08-07 06:21:00,SUCCESS
23643,1,9,4966.50,2026-08-22 10:32:00,FAILED
23644,8,3,5005.80,2026-08-13 00:18:00,SUCCESS
23645,5,1,160.00,2026-08-15 05:57:00,FAILED
23646,10,7,4381.00,2026-08-10 15:30:00,REFUNDED
23647,3,15,3040.40,2026-08-14 00:13:00,FAILED
23648,8,3,3887.10,2026-08-29 17:07:00,PENDING
23649,4,10,2272.60,2026-08-21 09:18:00,REFUNDED
23650,5,14,3601.50,2026-08-10 04:37:00,PENDING
23651,1,20,1637.80,2026-08-03 06:51:00,FAILED
23652,2,18,1139.20,2026-08-27 07:47:00,SUCCESS
23653,6,7,2511.80,2026-08-15 21:20:00,PENDING
23654,5,14,2529.00,2026-08-28 10:30:00,REFUNDED
23655,2,14,764.60,2026-08-05 09:31:00,FAILED
23656,2,1,2122.40,2026-08-02 07:06:00,SUCCESS
23657,5,15,4583.40,2026-08-28 21:23:00,PENDING
23658,10,16,387.10,2026-08-01 08:56:00,FAILED
23659,3,10,2014.00,2026-08-17 15:28:00,REFUNDED
23660,5,17,1830.80,2026-08-29 05:41:00,PENDING
23661,9,18,4216.00,2026-08-22 18:06:00,PENDING
23662,7,18,3580.30,2026-08-03 12:42:00,SUCCESS
23663,5,13,4603.10,2026-08-19 10:43:00,REFUNDED
23664,10,13,4911.10,2026-08-29 00:27:00,PENDING
23665,8,6,456.80,2026-08-03 14:45:00,PENDING
23666,4,1,4456.70,2026-08-12 09:25:00,SUCCESS
23667,1,15,4148.10,2026-08-26 15:17:00,PENDING
23668,9,11,692.30,2026-08-11 22:54:00,FAILED
23669,6,14,2172.70,2026-08-12 17:56:00,SUCCESS
23670,2,3,1274.00,2026-08-05 20:07:00,PENDING
23671,7,20,2414.90,2026-08-06 06:38:00,REFUNDED
23672,7,3,4758.40,2026-08-08 07:11:00,PENDING
23673,10,8,3622.10,2026-08-13 12:58:00,REFUNDED
23674,5,1,563.50,2026-08-03 09:01:00,FAILED
23675,6,7,1354.20,2026-08-09 03:40:00,FAILED
23676,9,11,3955.50,2026-08-03 08:23:00,FAILED
23677,8,13,3336.40,2026-08-04 12:17:00,SUCCESS
23678,7,12,1709.90,2026-08-29 03:09:00,FAILED
23679,8,5,2290.40,2026-08-20 09:49:00,PENDING
23680,1,100.00
23681,3,9,1940.40,2026-08-22 22:30:00,SUCCESS
23682,9,5,4643.20,2026-08-02 21:53:00,FAILED
23683,7,3,3640.10,2026-08-03 22:54:00,REFUNDED
23684,5,2,1693.80,2026-08-17 23:16:00,SUCCESS
23685,8,5,763.90,2026-08-23 14:17:00,REFUNDED
23686,7,6,4646.00,2026-08-21 07:15:00,REFUNDED
23687,5,14,848.60,2026-08-09 23:02:00,FAILED
23688,8,15,1474.50,2026-08-22 03:31:00,REFUNDED
23689,1,18,2585.90,2026-08-17 15:28:00,PENDING
23690,10,18,1977.50,2026-08-16 07:57:00,SUCCESS
23691,10,1,573.70,2026-08-12 07:40:00,REFUNDED
23692,3,15,4585.80,2026-08-23 16:38:00,PENDING
23693,9,11,682.90,2026-08-05 07:32:00,PENDING
23694,3,12,1225.40,2026-08-23 16:09:00,REFUNDED
23695,3,2,89.60,2026-08-05 12:31:00,SUCCESS
23696,7,8,3538.60,2026-08-07 04:28:00,REFUNDED
23697,4,18,3257.40,2026-08-02 06:37:00,SUCCESS
23698,7,9,854.90,2026-08-19 17:42:00,FAILED
23699,8,1,1757.60,2026-08-26 10:42:00,REFUNDED
23700,7,14,633.90,2026-08-15 23:34:00,PENDING
23701,1,7,3716.50,2026-08-23 15:02:00,FAILED
23702,10,16,447.80,2026-08-17 15:46:00,REFUNDED
23703,2,2,4324.80,2026-08-14 00:16:00,REFUNDED
23704,10,11,2018.60,2026-08-24 11:53:00,FAILED
23705,5,12,1357.70,2026-08-31 05:34:00,SUCCESS
23706,1,14,4149.30,2026-08-08 03:39:00,FAILED
23707,7,7,2975.20,2026-08-01 14:21:00,SUCCESS
23708,5,3,665.90,2026-08-07 07:54:00,SUCCESS
23709,5,3,3977.30,2026-08-15 05:51:00,REFUNDED
23710,7,6,4515.00,2026-08-18 22:57:00,REFUNDED
23711,9,5,2208.60,2026-08-16 17:01:00,FAILED
23712,6,2,3304.70,2026-08-20 15:00:00,REFUNDED
23713,9,1,2703.70,2026-08-20 02:40:00,SUCCESS
23714,1,9,2998.30,2026-08-16 17:03:00,SUCCESS
23715,3,5,3493.70,2026-08-18 12:09:00,SUCCESS
23716,7,9,801.50,2026-08-08 18:26:00,REFUNDED
23717,4,3,4925.90,2026-08-26 04:26:00,SUCCESS
23718,2,13,3194.20,2026-08-25 19:08:00,SUCCESS
23719,1,18,2287.40,2026-08-14 18:05:00,PENDING
23720,9,6,152.40,2026-08-17 02:14:00,FAILED
23721,5,17,4215.90,2026-08-17 04:15:00,REFUNDED
23722,1,12,5000.30,2026-08-09 12:52:00,PENDING
23723,3,15,4169.80,2026-08-31 05:40:00,PENDING
23724,6,19,3736.50,2026-08-03 13:31:00,FAILED
23725,5,19,1186.40,2026-08-13 08:20:00,PENDING
23726,7,14,3813.10,2026-08-02 09:50:00,FAILED
23727,6,8,4897.40,2026-08-08 02:50:00,FAILED
23728,5,10,4591.60,2026-08-20 14:52:00,REFUNDED
23729,10,11,961.20,2026-08-03 00:54:00,FAILED
23730,5,1,3625.80,2026-08-06 02:37:00,REFUNDED
23731,8,14,1373.00,2026-08-20 00:42:00,SUCCESS
23732,10,15,3089.20,2026-08-28 19:24:00,SUCCESS
23733,8,15,4643.20,2026-08-29 20:22:00,FAILED
23734,6,8,554.60,2026-08-24 11:44:00,FAILED
23735,8,15,1481.50,2026-08-23 03:41:00,REFUNDED
23736,8,12,5044.90,2026-08-15 12:13:00,SUCCESS
23737,4,18,1939.30,2026-08-19 15:47:00,REFUNDED
23738,2,11,1720.30,2026-08-20 00:48:00,REFUNDED
23739,3,7,4996.20,2026-08-03 06:41:00,PENDING
23740,3,6,1893.70,2026-08-13 14:55:00,FAILED
23741,9,17,2187.90,2026-08-04 11:15:00,REFUNDED
23742,6,15,2671.50,2026-08-13 23:22:00,FAILED
23743,2,10,1032.00,2026-08-05 09:38:00,REFUNDED
23744,1,13,434.00,2026-08-22 19:41:00,FAILED
23745,2,9,1058.80,2026-08-19 07:21:00,REFUNDED
23746,7,1,2894.60,2026-08-29 07:27:00,SUCCESS
23747,4,15,1202.70,2026-08-07 20:56:00,FAILED
23748,5,11,1574.30,2026-08-11 19:45:00,PENDING
23749,2,16,3439.30,2026-08-18 00:50:00,REFUNDED
23750,1,100.00
23751,8,18,1247.10,2026-08-09 12:03:00,SUCCESS
23752,9,4,2203.20,2026-08-28 15:47:00,SUCCESS
23753,4,18,4367.80,2026-08-29 06:13:00,SUCCESS
23754,7,11,1086.90,2026-08-28 07:02:00,REFUNDED
23755,1,19,2917.30,2026-08-02 08:19:00,PENDING
23756,5,5,1683.70,2026-08-22 20:16:00,FAILED
23757,7,17,4451.20,2026-08-27 23:20:00,REFUNDED
23758,1,13,2135.50,2026-08-13 07:10:00,PENDING
23759,1,6,4283.50,2026-08-22 14:21:00,REFUNDED
23760,2,10,2151.70,2026-08-24 10:14:00,REFUNDED
23761,8,3,721.30,2026-08-30 02:09:00,FAILED
23762,3,20,3087.70,2026-08-24 17:01:00,REFUNDED
23763,6,11,764.80,2026-08-16 05:18:00,REFUNDED
23764,5,4,1672.00,2026-08-02 04:48:00,PENDING
23765,2,9,4918.80,2026-08-24 19:29:00,FAILED
23766,10,11,744.60,2026-08-07 02:26:00,REFUNDED
23767,6,4,832.50,2026-08-02 08:46:00,SUCCESS
23768,8,14,3391.90,2026-08-01 12:47:00,SUCCESS
23769,10,11,3217.90,2026-08-04 23:10:00,REFUNDED
23770,10,19,2314.70,2026-08-11 04:26:00,FAILED
23771,9,2,3637.50,2026-08-10 16:40:00,FAILED
23772,8,5,1959.90,2026-08-16 03:15:00,SUCCESS
23773,5,14,5042.30,2026-08-11 11:41:00,PENDING
23774,2,18,952.80,2026-08-07 17:02:00,REFUNDED
23775,1,18,429.50,2026-08-15 17:12:00,FAILED
23776,8,7,1777.20,2026-08-02 03:15:00,PENDING
23777,3,11,1284.50,2026-08-18 13:06:00,SUCCESS
23778,4,17,4972.00,2026-08-30 05:33:00,FAILED
23779,3,16,2135.40,2026-08-31 03:42:00,REFUNDED
23780,10,7,1028.80,2026-08-03 11:54:00,REFUNDED
23781,1,3,1173.50,2026-08-21 00:44:00,PENDING
23782,5,18,2082.20,2026-08-02 02:33:00,PENDING
23783,2,20,406.00,2026-08-01 22:37:00,SUCCESS
23784,4,17,4911.60,2026-08-16 08:38:00,FAILED
23785,10,7,3143.30,2026-08-28 07:46:00,PENDING
23786,3,1,1166.10,2026-08-09 16:18:00,PENDING
23787,2,10,109.30,2026-08-16 18:31:00,REFUNDED
23788,7,19,3326.10,2026-08-11 22:10:00,PENDING
23789,6,9,4665.10,2026-08-27 06:47:00,FAILED
23790,9,6,2204.30,2026-08-25 01:48:00,FAILED
23791,5,4,3806.80,2026-08-03 04:18:00,FAILED
23792,7,4,199.70,2026-08-19 08:50:00,PENDING
23793,4,14,2882.70,2026-08-24 16:14:00,REFUNDED
23794,7,4,2256.10,2026-08-24 04:53:00,FAILED
23795,4,14,3858.80,2026-08-15 03:19:00,FAILED
23796,9,4,3317.80,2026-08-28 02:07:00,PENDING
23797,5,1,2635.70,2026-08-16 03:02:00,REFUNDED
23798,8,3,939.80,2026-08-10 00:14:00,REFUNDED
23799,2,8,3967.50,2026-08-17 22:06:00,REFUNDED
23800,2,14,2243.50,2026-08-22 00:26:00,FAILED
23801,2,6,587.20,2026-08-30 09:07:00,SUCCESS
23802,1,3,4469.60,2026-08-31 03:56:00,SUCCESS
23803,10,14,4533.50,2026-08-22 07:05:00,FAILED
23804,7,12,69.00,2026-08-19 05:00:00,FAILED
23805,5,16,2278.70,2026-08-22 00:52:00,FAILED
23806,6,19,3025.30,2026-08-21 16:15:00,REFUNDED
23807,3,1,821.10,2026-08-22 11:01:00,SUCCESS
23808,5,1,4786.20,2026-08-25 13:37:00,SUCCESS
23809,7,17,4319.40,2026-08-18 01:03:00,FAILED
23810,2,18,807.40,2026-08-10 06:47:00,PENDING
23811,2,4,615.60,2026-08-27 02:38:00,FAILED
23812,2,2,2025.90,2026-08-27 19:17:00,SUCCESS
23813,4,12,4375.00,2026-08-07 21:13:00,PENDING
23814,1,13,617.70,2026-08-03 02:09:00,SUCCESS
23815,1,5,1223.10,2026-08-17 21:56:00,REFUNDED
23816,7,18,3751.80,2026-08-07 13:54:00,PENDING
23817,8,16,211.00,2026-08-19 16:13:00,SUCCESS
23818,4,12,3480.10,2026-08-03 16:05:00,REFUNDED
23819,6,10,1997.80,2026-08-17 18:52:00,PENDING
23820,5,10,56.00,2026-08-27 14:47:00,PENDING
23821,2,18,461.70,2026-08-10 19:41:00,PENDING
23822,3,14,4450.10,2026-08-23 22:22:00,SUCCESS
23823,5,9,879.00,2026-08-21 02:11:00,FAILED
23824,5,2,3621.20,2026-08-06 10:30:00,REFUNDED
23825,8,18,4604.70,2026-08-02 21:58:00,SUCCESS
23826,3,6,2756.50,2026-08-07 06:29:00,REFUNDED
23827,6,3,130.40,2026-08-05 00:46:00,FAILED
23828,9,2,4862.50,2026-08-22 02:53:00,FAILED
23829,7,4,2300.80,2026-08-04 11:56:00,PENDING
23830,8,7,3226.70,2026-08-13 05:07:00,PENDING
23831,10,15,1256.70,2026-08-07 12:12:00,FAILED
23832,1,20,2386.70,2026-08-14 20:12:00,SUCCESS
23833,7,14,3619.40,2026-08-16 00:27:00,PENDING
23834,8,6,4128.60,2026-08-25 21:52:00,PENDING
23835,5,19,3294.80,2026-08-13 05:51:00,PENDING
23836,8,9,1207.90,2026-08-17 19:08:00,SUCCESS
23837,5,15,2178.50,2026-08-20 18:55:00,FAILED
23838,4,7,4743.70,2026-08-22 11:44:00,REFUNDED
23839,5,9,206.60,2026-08-07 19:26:00,SUCCESS
23840,5,14,3793.00,2026-08-27 07:09:00,PENDING
23841,6,10,4810.90,2026-08-23 09:36:00,SUCCESS
23842,4,20,102.00,2026-08-02 18:06:00,PENDING
23843,1,3,1809.60,2026-08-14 04:11:00,REFUNDED
23844,2,11,4793.70,2026-08-04 13:57:00,PENDING
23845,6,9,4319.80,2026-08-04 10:06:00,REFUNDED
23846,2,20,626.40,2026-08-05 22:14:00,FAILED
23847,7,1,3795.80,2026-08-15 22:45:00,SUCCESS
23848,9,3,1004.10,2026-08-26 11:39:00,SUCCESS
23849,3,11,862.50,2026-08-11 19:33:00,SUCCESS
23850,4,15,711.40,2026-08-13 15:56:00,FAILED
23851,9,5,329.90,2026-08-29 15:49:00,SUCCESS
23852,5,4,974.70,2026-08-09 18:16:00,REFUNDED
23853,8,7,3653.30,2026-08-02 03:19:00,SUCCESS
23854,8,20,2636.60,2026-08-29 04:55:00,FAILED
23855,10,18,2526.70,2026-08-07 17:52:00,REFUNDED
23856,10,2,4840.10,2026-08-12 09:04:00,REFUNDED
23857,9,20,3540.20,2026-08-17 23:41:00,PENDING
23858,10,8,3996.30,2026-08-15 04:15:00,SUCCESS
23859,8,16,1743.00,2026-08-17 07:48:00,FAILED
23860,4,17,106.50,2026-08-22 13:26:00,PENDING
23861,8,10,2164.90,2026-08-02 01:04:00,SUCCESS
23862,6,7,4232.20,2026-08-25 05:50:00,SUCCESS
23863,3,1,2706.80,2026-08-29 17:53:00,SUCCESS
23864,1,1,NOT_A_NUMBER,2026-08-01 12:00:00,SUCCESS
23865,2,5,4586.00,2026-08-21 14:42:00,PENDING
23866,7,7,705.00,2026-08-28 12:50:00,REFUNDED
23867,5,11,4405.80,2026-08-19 16:47:00,FAILED
23868,4,20,1009.90,2026-08-08 06:12:00,SUCCESS
23869,7,1,2406.60,2026-08-30 06:35:00,REFUNDED
23870,7,16,1176.00,2026-08-14 08:16:00,REFUNDED
23871,9,17,5034.80,2026-08-05 10:14:00,PENDING
23872,5,12,1540.40,2026-08-23 15:40:00,SUCCESS
23873,4,3,4083.50,2026-08-28 17:10:00,SUCCESS
23874,5,11,3078.80,2026-08-21 01:01:00,SUCCESS
23875,2,13,2377.60,2026-08-31 03:17:00,SUCCESS
23876,2,9,3350.90,2026-08-09 23:06:00,REFUNDED
23877,1,5,3554.60,2026-08-25 16:49:00,SUCCESS
23878,7,16,3821.40,2026-08-02 18:45:00,REFUNDED
23879,7,3,293.10,2026-08-19 17:55:00,FAILED
23880,3,18,1531.80,2026-08-02 15:44:00,SUCCESS
23881,8,9,2960.10,2026-08-23 11:07:00,PENDING
23882,10,16,218.20,2026-08-18 05:27:00,FAILED
23883,1,20,4651.10,2026-08-12 17:43:00,REFUNDED
23884,4,16,4729.20,2026-08-04 08:55:00,SUCCESS
23885,3,6,369.80,2026-08-12 20:34:00,REFUNDED
23886,4,13,4198.30,2026-08-18 10:41:00,REFUNDED
23887,1,20,1775.50,2026-08-24 23:59:00,PENDING
23888,2,8,3707.70,2026-08-08 22:02:00,SUCCESS
23889,8,17,4750.60,2026-08-13 14:19:00,REFUNDED
23890,5,16,1995.30,2026-08-23 03:22:00,SUCCESS
23891,8,20,4786.70,2026-08-30 07:24:00,SUCCESS
23892,4,8,1412.70,2026-08-06 23:34:00,PENDING
23893,9,17,2429.90,2026-08-27 05:24:00,FAILED
23894,10,7,3845.30,2026-08-23 01:10:00,REFUNDED
23895,3,12,148.50,2026-08-11 21:21:00,SUCCESS
23896,3,17,4111.90,2026-08-08 03:25:00,REFUNDED
23897,5,9,1378.40,2026-08-13 02:05:00,PENDING
23898,6,16,1251.10,2026-08-25 01:28:00,FAILED
23899,9,6,5028.10,2026-08-20 09:56:00,REFUNDED
23900,10,18,4163.40,2026-08-26 06:22:00,PENDING
23901,7,6,1605.60,2026-08-22 13:55:00,SUCCESS
23902,3,6,4358.00,2026-08-18 18:20:00,REFUNDED
23903,2,1,2789.90,2026-08-03 12:34:00,PENDING
23904,4,9,3385.50,2026-08-09 06:47:00,PENDING
23905,3,4,3396.00,2026-08-02 09:24:00,PENDING
23906,3,17,172.80,2026-08-29 00:16:00,SUCCESS
23907,6,8,2903.30,2026-08-01 12:20:00,PENDING
23908,8,2,2314.10,2026-08-26 04:45:00,SUCCESS
23909,2,15,1040.10,2026-08-08 17:48:00,FAILED
23910,10,13,1622.40,2026-08-06 10:07:00,SUCCESS
23911,9,20,3358.30,2026-08-24 17:17:00,REFUNDED
23912,10,15,4345.60,2026-08-06 22:25:00,PENDING
23913,2,16,3840.40,2026-08-16 04:40:00,PENDING
23914,4,8,947.80,2026-08-16 07:56:00,REFUNDED
23915,7,10,1737.20,2026-08-14 12:31:00,SUCCESS
23916,10,5,2928.90,2026-08-05 02:22:00,SUCCESS
23917,1,2,3009.60,2026-08-13 21:12:00,FAILED
23918,8,15,2836.50,2026-08-13 17:33:00,PENDING
23919,8,19,2446.20,2026-08-07 19:02:00,FAILED
23920,3,3,1509.80,2026-08-27 18:28:00,PENDING
23921,10,7,2473.70,2026-08-17 22:19:00,FAILED
23922,6,13,3368.00,2026-08-02 15:35:00,SUCCESS
23923,9,15,1896.30,2026-08-07 09:20:00,FAILED
23924,1,13,2231.50,2026-08-01 08:12:00,FAILED
23925,6,13,707.60,2026-08-09 03:11:00,FAILED
23926,7,17,2247.20,2026-08-30 18:56:00,SUCCESS
23927,6,18,4323.00,2026-08-21 16:48:00,PENDING
23928,6,9,4180.50,2026-08-03 20:30:00,FAILED
23929,7,4,602.90,2026-08-25 14:12:00,FAILED
23930,9,6,1579.20,2026-08-10 01:29:00,PENDING
23931,1,4,3069.40,2026-08-29 23:15:00,REFUNDED
23932,9,11,218.70,2026-08-19 14:00:00,SUCCESS
23933,6,9,3114.30,2026-08-13 23:24:00,REFUNDED
23934,4,5,3191.50,2026-08-02 05:49:00,FAILED
23935,4,10,2161.70,2026-08-15 02:15:00,REFUNDED
23936,9,19,1070.10,2026-08-26 21:15:00,PENDING
23937,6,1,2724.70,2026-08-03 05:43:00,SUCCESS
23938,3,10,369.00,2026-08-11 22:43:00,PENDING
23939,2,16,4773.50,2026-08-03 05:47:00,REFUNDED
23940,8,1,4681.60,2026-08-19 00:28:00,FAILED
23941,2,11,1596.80,2026-08-18 15:55:00,FAILED
23942,2,3,4997.20,2026-08-08 15:25:00,PENDING
23943,8,7,4169.10,2026-08-02 05:02:00,SUCCESS
23944,8,15,1345.50,2026-08-23 17:58:00,PENDING
23945,2,17,1649.10,2026-08-11 21:53:00,PENDING
23946,6,19,3556.20,2026-08-24 21:28:00,REFUNDED
23947,6,11,4266.90,2026-08-03 10:20:00,SUCCESS
23948,10,12,2574.10,2026-08-24 18:26:00,SUCCESS
23949,6,17,542.50,2026-08-15 23:56:00,PENDING
23950,3,3,4352.20,2026-08-24 20:30:00,FAILED
23951,5,3,4255.40,2026-08-28 19:58:00,REFUNDED
23952,3,4,2728.00,2026-08-07 14:13:00,FAILED
23953,5,5,387.80,2026-08-11 15:52:00,REFUNDED
23954,9,1,1162.50,2026-08-21 14:45:00,FAILED
23955,8,8,4631.90,2026-08-23 11:50:00,REFUNDED
23956,7,8,3410.40,2026-08-25 00:40:00,REFUNDED
23957,5,12,4229.70,2026-08-03 08:50:00,PENDING
23958,10,7,514.70,2026-08-19 07:06:00,PENDING
23959,2,20,87.60,2026-08-11 17:51:00,PENDING
23960,6,11,2267.70,2026-08-18 12:10:00,FAILED
23961,7,8,2856.10,2026-08-18 04:23:00,REFUNDED
23962,2,15,389.70,2026-08-28 23:08:00,SUCCESS
23963,4,1,3803.50,2026-08-20 13:01:00,REFUNDED
23964,10,4,2813.50,2026-08-26 14:14:00,REFUNDED
23965,6,19,2623.70,2026-08-03 13:05:00,SUCCESS
23966,6,6,3462.80,2026-08-14 19:19:00,SUCCESS
23967,10,9,4930.20,2026-08-26 12:37:00,FAILED
23968,5,17,702.30,2026-08-29 09:17:00,FAILED
23969,7,13,4269.90,2026-08-04 11:30:00,SUCCESS
23970,5,11,874.60,2026-08-08 08:34:00,REFUNDED
23971,10,17,2124.20,2026-08-12 12:58:00,PENDING
23972,8,4,1513.90,2026-08-24 07:25:00,SUCCESS
23973,7,19,1643.80,2026-08-12 09:49:00,SUCCESS
23974,9,6,956.80,2026-08-27 17:33:00,PENDING
23975,1,5,2113.30,2026-08-22 04:36:00,REFUNDED
23976,1,3,1471.90,2026-08-22 19:27:00,PENDING
23977,1,9,2064.30,2026-08-06 11:49:00,SUCCESS
23978,2,15,4692.10,2026-08-21 18:12:00,FAILED
23979,6,7,3615.50,2026-08-14 15:08:00,PENDING
23980,5,19,4171.70,2026-08-30 07:36:00,PENDING
23981,2,12,4172.10,2026-08-02 20:19:00,REFUNDED
23982,8,19,3922.10,2026-08-19 04:09:00,SUCCESS
23983,5,20,2652.30,2026-08-22 17:05:00,PENDING
23984,10,5,1865.50,2026-08-08 02:22:00,REFUNDED
23985,3,18,2879.50,2026-08-02 19:41:00,REFUNDED
23986,8,9,917.40,2026-08-16 06:40:00,SUCCESS
23987,7,8,4548.80,2026-08-09 01:35:00,REFUNDED
23988,9,4,3319.30,2026-08-05 20:42:00,FAILED
23989,3,10,2539.50,2026-08-22 18:16:00,PENDING
23990,2,3,1756.10,2026-08-24 16:57:00,REFUNDED
23991,5,1,3485.50,2026-08-10 11:18:00,PENDING
23992,9,14,4614.30,2026-08-15 04:42:00,REFUNDED
23993,9,7,3565.00,2026-08-01 23:19:00,FAILED
23994,9,16,4693.10,2026-08-28 14:54:00,SUCCESS
23995,5,15,3092.30,2026-08-14 04:55:00,PENDING
23996,3,7,1357.60,2026-08-03 17:59:00,REFUNDED
23997,10,7,4965.20,2026-08-05 21:22:00,SUCCESS
23998,9,15,461.00,2026-08-18 22:29:00,FAILED
23999,8,2,3648.50,2026-08-05 19:31:00,PENDING
24000,7,3,4550.60,2026-08-30 07:28:00,REFUNDED
24001,1,1,2941.00,2026-08-05 02:53:00,PENDING
24002,5,18,692.30,2026-08-29 11:50:00,FAILED
24003,4,7,3003.40,2026-08-31 01:59:00,REFUNDED
24004,4,6,4718.60,2026-08-29 02:10:00,FAILED
24005,4,14,4766.60,2026-08-07 06:31:00,PENDING
24006,4,14,1534.20,2026-08-08 14:39:00,REFUNDED
24007,8,11,4461.10,2026-08-23 01:32:00,FAILED
24008,3,17,4770.30,2026-08-03 08:46:00,SUCCESS
24009,2,12,4841.30,2026-08-08 09:53:00,PENDING
24010,4,14,2217.00,2026-08-08 10:37:00,FAILED
24011,6,2,2308.00,2026-08-16 11:40:00,SUCCESS
24012,9,20,4779.40,2026-08-05 17:55:00,PENDING
24013,3,2,548.60,2026-08-23 22:00:00,FAILED
24014,10,7,1344.80,2026-08-29 19:30:00,SUCCESS
24015,4,11,3733.10,2026-08-27 14:05:00,REFUNDED
24016,5,7,1414.90,2026-08-22 16:21:00,REFUNDED
24017,2,15,2219.60,2026-08-07 00:58:00,FAILED
24018,7,15,1250.10,2026-08-24 13:24:00,FAILED
24019,1,19,1317.50,2026-08-23 20:13:00,REFUNDED
24020,6,4,2360.70,2026-08-02 10:34:00,REFUNDED
24021,1,12,4110.40,2026-08-30 12:48:00,FAILED
24022,3,13,1107.00,2026-08-29 09:37:00,REFUNDED
24023,5,5,2203.10,2026-08-20 11:53:00,FAILED
24024,6,9,2528.60,2026-08-20 09:00:00,REFUNDED
24025,9,13,378.60,2026-08-18 18:21:00,REFUNDED
24026,4,14,265.60,2026-08-06 22:30:00,FAILED
24027,7,3,3770.10,2026-08-04 05:01:00,FAILED
24028,10,6,832.60,2026-08-23 18:45:00,REFUNDED
24029,3,7,2828.10,2026-08-22 19:44:00,FAILED
24030,1,18,1193.00,2026-08-07 03:43:00,PENDING
24031,3,17,1062.20,2026-08-28 08:40:00,PENDING
24032,8,8,3130.80,2026-08-30 16:53:00,FAILED
24033,10,4,1245.80,2026-08-09 08:25:00,SUCCESS
24034,2,12,1959.30,2026-08-08 20:08:00,FAILED
24035,9,3,1784.80,2026-08-29 23:36:00,SUCCESS
24036,3,1,2461.60,2026-08-10 16:33:00,SUCCESS
24037,1,1,5000,INVALID_DATE_TIME,SUCCESS
24038,4,12,4576.80,2026-08-08 01:36:00,SUCCESS
24039,6,9,1798.90,2026-08-20 18:42:00,REFUNDED
24040,3,19,551.10,2026-08-14 17:57:00,FAILED
24041,6,1,3403.40,2026-08-10 02:26:00,REFUNDED
24042,7,20,2218.60,2026-08-12 12:42:00,PENDING
24043,1,19,3265.40,2026-08-05 22:26:00,FAILED
24044,7,2,2841.20,2026-08-05 11:03:00,REFUNDED
24045,6,12,3809.50,2026-08-20 17:53:00,SUCCESS
24046,5,14,1722.10,2026-08-11 15:32:00,PENDING
24047,8,15,3506.50,2026-08-10 03:16:00,SUCCESS
24048,6,17,3926.60,2026-08-15 06:58:00,FAILED
24049,4,16,3337.80,2026-08-06 19:07:00,FAILED
24050,1,16,1674.40,2026-08-19 20:42:00,PENDING
24051,3,9,990.90,2026-08-07 21:11:00,SUCCESS
24052,4,9,724.40,2026-08-13 15:16:00,SUCCESS
24053,4,4,4920.90,2026-08-21 13:26:00,REFUNDED
24054,9,14,574.10,2026-08-13 08:53:00,SUCCESS
24055,6,3,4801.50,2026-08-06 11:28:00,REFUNDED
24056,9,2,4105.10,2026-08-16 18:13:00,FAILED
24057,10,17,1246.40,2026-08-14 16:31:00,SUCCESS
24058,10,13,3248.00,2026-08-14 23:45:00,PENDING
24059,10,1,139.20,2026-08-27 23:00:00,FAILED
24060,8,20,3337.20,2026-08-17 17:42:00,REFUNDED
24061,8,2,2947.30,2026-08-11 00:40:00,REFUNDED
24062,6,15,1556.90,2026-08-20 18:48:00,PENDING
24063,7,5,347.00,2026-08-27 08:43:00,PENDING
24064,5,7,4160.30,2026-08-27 00:14:00,SUCCESS
24065,2,9,5037.90,2026-08-20 22:31:00,PENDING
24066,7,1,177.70,2026-08-02 01:59:00,REFUNDED
24067,1,1,5000,INVALID_DATE_TIME,SUCCESS
24068,10,17,720.90,2026-08-19 05:18:00,FAILED
24069,5,12,991.20,2026-08-07 05:39:00,FAILED
24070,5,14,1001.30,2026-08-29 06:19:00,FAILED
24071,9,10,757.40,2026-08-21 10:33:00,REFUNDED
24072,5,4,3944.50,2026-08-26 08:18:00,REFUNDED
24073,8,17,3105.80,2026-08-06 21:44:00,REFUNDED
24074,1,8,1536.50,2026-08-06 17:35:00,PENDING
24075,3,11,4412.50,2026-08-23 06:55:00,REFUNDED
24076,7,2,3407.70,2026-08-03 08:14:00,REFUNDED
24077,1,8,3017.20,2026-08-17 01:33:00,FAILED
24078,5,2,739.40,2026-08-28 03:59:00,FAILED
24079,7,2,3763.60,2026-08-03 21:14:00,SUCCESS
24080,4,16,402.40,2026-08-27 04:38:00,SUCCESS
24081,6,4,2598.80,2026-08-24 09:23:00,FAILED
24082,2,2,4988.30,2026-08-21 22:58:00,FAILED
24083,8,15,921.70,2026-08-01 10:09:00,PENDING
24084,4,10,1803.70,2026-08-26 18:38:00,FAILED
24085,3,16,3925.80,2026-08-25 22:35:00,FAILED
24086,9,14,2282.20,2026-08-08 10:50:00,PENDING
24087,1,8,1882.70,2026-08-03 20:36:00,REFUNDED
24088,5,15,949.60,2026-08-04 04:34:00,REFUNDED
24089,9,18,1844.30,2026-08-24 21:00:00,FAILED
24090,8,2,622.90,2026-08-24 05:30:00,REFUNDED
24091,5,2,3561.60,2026-08-06 10:40:00,REFUNDED
24092,7,4,2891.70,2026-08-25 13:54:00,FAILED
24093,7,3,3866.10,2026-08-14 04:41:00,SUCCESS
24094,8,8,2663.10,2026-08-20 16:16:00,REFUNDED
24095,7,2,2282.90,2026-08-12 13:59:00,PENDING
24096,8,9,4827.80,2026-08-29 07:12:00,FAILED
24097,6,8,1998.80,2026-08-05 14:26:00,FAILED
24098,1,8,4232.60,2026-08-03 01:07:00,REFUNDED
24099,7,10,1876.20,2026-08-07 11:31:00,PENDING
24100,1,1,5000,INVALID_DATE_TIME,SUCCESS
24101,8,11,3242.00,2026-08-06 08:42:00,FAILED
24102,2,4,2064.20,2026-08-18 09:37:00,FAILED
24103,2,18,1875.50,2026-08-23 08:17:00,FAILED
24104,7,7,4186.40,2026-08-28 16:14:00,SUCCESS
24105,8,15,1020.30,2026-08-28 14:56:00,FAILED
24106,4,19,4989.80,2026-08-02 06:13:00,PENDING
24107,6,7,4066.70,2026-08-29 20:41:00,REFUNDED
24108,6,17,2350.50,2026-08-15 16:34:00,PENDING
24109,4,4,2373.40,2026-08-06 10:55:00,PENDING
24110,6,8,4864.60,2026-08-16 11:57:00,PENDING
24111,4,8,4650.20,2026-08-03 08:23:00,REFUNDED
24112,8,4,1137.40,2026-08-08 04:50:00,SUCCESS
24113,9,14,1817.30,2026-08-04 06:02:00,SUCCESS
24114,10,16,3495.00,2026-08-08 14:49:00,FAILED
24115,6,13,3901.00,2026-08-11 12:18:00,REFUNDED
24116,6,18,2386.70,2026-08-30 06:12:00,SUCCESS
24117,8,19,2164.70,2026-08-24 03:03:00,REFUNDED
24118,8,1,1240.50,2026-08-19 18:56:00,REFUNDED
24119,8,5,833.50,2026-08-26 18:08:00,PENDING
24120,1,5,125.30,2026-08-14 18:41:00,FAILED
24121,10,12,3022.50,2026-08-26 14:19:00,SUCCESS
24122,2,10,3161.90,2026-08-30 08:45:00,REFUNDED
24123,2,9,2689.10,2026-08-17 17:00:00,SUCCESS
24124,2,6,532.50,2026-08-11 18:51:00,SUCCESS
24125,5,19,2928.60,2026-08-26 08:58:00,SUCCESS
24126,1,10,969.10,2026-08-19 06:56:00,REFUNDED
24127,9,13,1608.40,2026-08-20 09:55:00,SUCCESS
24128,2,13,4021.30,2026-08-06 11:41:00,REFUNDED
24129,7,13,3596.70,2026-08-21 15:54:00,SUCCESS
24130,7,13,2477.10,2026-08-24 14:59:00,SUCCESS
24131,9,13,4377.20,2026-08-15 01:45:00,PENDING
24132,1,3,4934.00,2026-08-24 17:44:00,FAILED
24133,8,12,850.40,2026-08-15 07:57:00,SUCCESS
24134,7,10,166.20,2026-08-15 23:10:00,FAILED
24135,7,18,839.60,2026-08-07 02:23:00,PENDING
24136,3,7,3042.50,2026-08-29 09:59:00,SUCCESS
24137,5,16,2672.40,2026-08-27 13:22:00,PENDING
24138,3,16,4482.60,2026-08-01 16:38:00,REFUNDED
24139,4,9,2859.50,2026-08-24 07:18:00,REFUNDED
24140,5,12,4546.90,2026-08-16 15:17:00,SUCCESS
24141,9,14,1422.40,2026-08-10 08:04:00,REFUNDED
24142,10,5,4568.10,2026-08-04 19:22:00,FAILED
24143,10,19,514.30,2026-08-05 15:43:00,FAILED
24144,1,16,2606.20,2026-08-11 21:45:00,REFUNDED
24145,7,1,1486.70,2026-08-30 03:23:00,PENDING
24146,8,6,4226.90,2026-08-18 18:43:00,SUCCESS
24147,6,10,835.80,2026-08-13 04:06:00,REFUNDED
24148,3,15,2009.90,2026-08-31 00:36:00,FAILED
24149,1,12,1436.60,2026-08-05 17:23:00,PENDING
24150,1,18,102.20,2026-08-11 13:32:00,REFUNDED
24151,6,1,3555.00,2026-08-06 11:28:00,PENDING
24152,4,9,1246.50,2026-08-21 08:36:00,PENDING
24153,5,18,846.40,2026-08-26 02:49:00,PENDING
24154,7,7,3092.90,2026-08-18 23:27:00,REFUNDED
24155,5,3,4348.50,2026-08-03 01:40:00,REFUNDED
24156,5,2,2742.10,2026-08-23 18:32:00,PENDING
24157,10,9,3969.80,2026-08-16 17:55:00,FAILED
24158,10,8,3163.70,2026-08-10 11:17:00,FAILED
24159,6,4,638.60,2026-08-03 07:49:00,SUCCESS
24160,4,16,1926.60,2026-08-06 09:24:00,PENDING
24161,5,10,2568.90,2026-08-19 14:14:00,PENDING
24162,6,11,3578.60,2026-08-18 04:44:00,PENDING
24163,6,12,1189.20,2026-08-30 11:34:00,FAILED
24164,9,12,3016.00,2026-08-06 23:55:00,FAILED
24165,10,12,4651.70,2026-08-11 09:07:00,PENDING
24166,7,1,1748.50,2026-08-24 20:26:00,PENDING
24167,6,14,632.70,2026-08-12 22:05:00,PENDING
24168,7,18,168.10,2026-08-04 18:17:00,SUCCESS
24169,3,12,2879.20,2026-08-21 00:23:00,FAILED
24170,10,11,2544.70,2026-08-03 19:55:00,REFUNDED
24171,10,17,2887.20,2026-08-19 23:07:00,SUCCESS
24172,2,18,4774.60,2026-08-20 11:28:00,PENDING
24173,7,12,3043.40,2026-08-06 05:42:00,SUCCESS
24174,8,6,4038.00,2026-08-16 07:33:00,FAILED
24175,4,3,4808.80,2026-08-16 00:58:00,PENDING
24176,9,18,1620.10,2026-08-08 14:14:00,SUCCESS
24177,7,19,1427.80,2026-08-27 10:15:00,SUCCESS
24178,6,4,52.50,2026-08-10 19:27:00,SUCCESS
24179,8,5,2319.50,2026-08-09 20:07:00,FAILED
24180,2,2,1632.10,2026-08-12 09:59:00,PENDING
24181,7,3,4255.60,2026-08-30 02:55:00,PENDING
24182,6,14,540.10,2026-08-22 13:19:00,SUCCESS
24183,6,18,1149.70,2026-08-12 14:34:00,REFUNDED
24184,10,7,2086.90,2026-08-29 13:00:00,REFUNDED
24185,3,6,2351.30,2026-08-16 15:23:00,REFUNDED
24186,7,18,2173.00,2026-08-14 11:45:00,REFUNDED
24187,3,7,799.10,2026-08-24 07:22:00,REFUNDED
24188,7,6,4417.10,2026-08-21 04:04:00,REFUNDED
24189,2,19,3864.10,2026-08-15 17:38:00,FAILED
24190,2,16,1263.60,2026-08-26 16:00:00,PENDING
24191,3,6,3167.90,2026-08-05 16:53:00,REFUNDED
24192,8,6,4485.50,2026-08-08 13:44:00,PENDING
24193,1,5,3955.10,2026-08-15 14:06:00,REFUNDED
24194,2,13,2434.30,2026-08-05 19:36:00,PENDING
24195,9,3,1610.40,2026-08-28 18:18:00,PENDING
24196,2,8,557.80,2026-08-18 19:27:00,FAILED
24197,1,16,4132.80,2026-08-09 12:07:00,PENDING
24198,8,4,4033.60,2026-08-05 08:14:00,REFUNDED
24199,7,6,2536.40,2026-08-12 09:24:00,PENDING
24200,7,11,1209.80,2026-08-04 06:27:00,SUCCESS
24201,1,6,1935.90,2026-08-19 11:37:00,FAILED
24202,5,11,3158.70,2026-08-22 05:50:00,FAILED
24203,4,10,4304.50,2026-08-10 16:01:00,SUCCESS
24204,8,9,2809.30,2026-08-18 03:43:00,PENDING
24205,9,1,384.10,2026-08-22 20:29:00,PENDING
24206,10,5,1267.70,2026-08-12 17:47:00,FAILED
24207,4,14,941.00,2026-08-28 02:24:00,SUCCESS
24208,2,3,103.90,2026-08-28 09:25:00,SUCCESS
24209,10,18,1832.70,2026-08-03 11:33:00,PENDING
24210,4,4,4636.00,2026-08-21 10:35:00,FAILED
24211,9,17,1877.00,2026-08-19 10:55:00,PENDING
24212,4,2,2954.80,2026-08-16 03:08:00,PENDING
24213,9,16,4953.50,2026-08-11 02:22:00,REFUNDED
24214,6,10,186.60,2026-08-30 10:06:00,FAILED
24215,7,13,4110.20,2026-08-19 06:50:00,SUCCESS
24216,1,7,447.40,2026-08-06 21:40:00,REFUNDED
24217,3,6,5040.30,2026-08-25 15:49:00,FAILED
24218,4,19,4485.20,2026-08-14 15:24:00,FAILED
24219,9,10,4860.00,2026-08-16 14:42:00,PENDING
24220,1,15,769.90,2026-08-18 15:58:00,REFUNDED
24221,10,7,4852.00,2026-08-17 02:11:00,FAILED
24222,1,17,4288.60,2026-08-24 07:13:00,PENDING
24223,7,9,3181.70,2026-08-06 15:57:00,SUCCESS
24224,7,16,749.50,2026-08-31 07:49:00,PENDING
24225,7,9,81.20,2026-08-07 01:49:00,SUCCESS
24226,7,3,4791.40,2026-08-30 18:34:00,SUCCESS
24227,9,3,4382.00,2026-08-31 06:39:00,PENDING
24228,9,19,3966.50,2026-08-02 18:01:00,SUCCESS
24229,7,15,2092.20,2026-08-18 17:05:00,SUCCESS
24230,10,18,4813.70,2026-08-06 14:32:00,SUCCESS
24231,9,14,3230.60,2026-08-14 07:49:00,SUCCESS
24232,1,1,5000,INVALID_DATE_TIME,SUCCESS
24233,5,5,3046.30,2026-08-13 00:04:00,SUCCESS
24234,6,9,2672.10,2026-08-24 22:57:00,REFUNDED
24235,8,16,2225.60,2026-08-09 18:41:00,REFUNDED
24236,9,15,3142.50,2026-08-10 11:31:00,PENDING
24237,6,10,2796.00,2026-08-16 03:25:00,FAILED
24238,9,4,4418.50,2026-08-04 03:04:00,SUCCESS
24239,1,18,1816.60,2026-08-01 08:20:00,REFUNDED
24240,5,19,1853.00,2026-08-22 10:06:00,SUCCESS
24241,2,14,3517.20,2026-08-13 11:43:00,REFUNDED
24242,2,13,672.40,2026-08-01 17:38:00,REFUNDED
24243,1,100.00
24244,3,16,3187.40,2026-08-15 05:33:00,REFUNDED
24245,7,12,1284.70,2026-08-12 21:10:00,FAILED
24246,10,4,1452.90,2026-08-26 04:12:00,PENDING
24247,6,18,1434.90,2026-08-07 14:25:00,SUCCESS
24248,10,2,3591.60,2026-08-05 01:49:00,PENDING
24249,7,12,3684.20,2026-08-16 15:56:00,FAILED
24250,6,2,1723.10,2026-08-29 06:59:00,FAILED
24251,7,17,205.20,2026-08-30 17:43:00,SUCCESS
24252,7,15,1537.10,2026-08-28 02:04:00,SUCCESS
24253,8,14,2574.90,2026-08-08 06:13:00,SUCCESS
24254,3,17,1087.30,2026-08-12 06:09:00,PENDING
24255,2,13,4582.90,2026-08-26 13:56:00,SUCCESS
24256,10,6,3471.20,2026-08-20 12:16:00,PENDING
24257,3,5,4863.40,2026-08-16 08:23:00,PENDING
24258,7,3,1985.10,2026-08-10 20:41:00,PENDING
24259,6,2,1860.40,2026-08-22 13:19:00,FAILED
24260,3,14,55.20,2026-08-09 23:06:00,PENDING
24261,9,14,1056.20,2026-08-24 04:21:00,PENDING
24262,4,8,4271.60,2026-08-13 03:37:00,PENDING
24263,4,20,3816.30,2026-08-11 21:11:00,SUCCESS
24264,3,13,3974.10,2026-08-07 15:36:00,PENDING
24265,6,2,3603.60,2026-08-24 23:04:00,PENDING
24266,7,3,3493.30,2026-08-08 12:41:00,REFUNDED
24267,1,10,196.30,2026-08-06 10:24:00,PENDING
24268,4,10,4971.50,2026-08-17 04:59:00,SUCCESS
24269,5,16,1755.40,2026-08-21 03:27:00,SUCCESS
24270,4,16,1952.90,2026-08-13 01:57:00,FAILED
24271,6,8,206.20,2026-08-18 09:50:00,REFUNDED
24272,5,16,4478.40,2026-08-05 03:23:00,SUCCESS
24273,10,7,686.40,2026-08-25 12:02:00,PENDING
24274,3,10,3634.50,2026-08-25 22:15:00,REFUNDED
24275,7,20,1931.50,2026-08-12 08:13:00,PENDING
24276,9,15,2654.60,2026-08-20 21:37:00,FAILED
24277,4,13,2084.70,2026-08-17 14:15:00,PENDING
24278,3,20,3974.60,2026-08-29 03:47:00,REFUNDED
24279,10,11,2472.00,2026-08-18 15:11:00,FAILED
24280,6,11,1947.70,2026-08-11 14:19:00,PENDING
24281,2,10,2425.40,2026-08-02 13:14:00,FAILED
24282,5,8,3595.30,2026-08-22 23:29:00,SUCCESS
24283,8,5,4655.30,2026-08-17 21:48:00,REFUNDED
24284,4,11,3588.60,2026-08-27 17:32:00,PENDING
24285,10,11,2224.10,2026-08-27 19:23:00,PENDING
24286,1,16,4644.10,2026-08-16 03:42:00,PENDING
24287,6,15,4119.80,2026-08-13 19:57:00,PENDING
24288,6,20,1932.70,2026-08-13 04:22:00,REFUNDED
24289,7,9,1507.60,2026-08-09 21:24:00,PENDING
24290,8,12,1912.20,2026-08-18 04:35:00,SUCCESS
24291,7,7,1381.40,2026-08-13 11:32:00,FAILED
24292,2,17,3143.90,2026-08-27 15:38:00,SUCCESS
24293,8,6,1472.70,2026-08-02 10:13:00,FAILED
24294,6,2,1826.60,2026-08-13 02:04:00,SUCCESS
24295,2,5,2304.80,2026-08-24 02:35:00,PENDING
24296,9,11,4401.50,2026-08-14 20:28:00,SUCCESS
24297,3,15,4257.60,2026-08-14 18:06:00,PENDING
24298,4,6,1561.40,2026-08-22 10:28:00,SUCCESS
24299,1,20,1331.70,2026-08-08 20:44:00,REFUNDED
24300,9,15,2265.50,2026-08-08 11:48:00,SUCCESS
24301,4,4,4356.70,2026-08-25 06:16:00,REFUNDED
24302,3,8,4473.60,2026-08-10 08:01:00,FAILED
24303,3,6,1165.90,2026-08-22 22:58:00,SUCCESS
24304,1,1,5000,INVALID_DATE_TIME,SUCCESS
24305,8,1,1011.20,2026-08-29 15:51:00,PENDING
24306,1,1,5000,INVALID_DATE_TIME,SUCCESS
24307,3,19,3512.00,2026-08-29 22:54:00,REFUNDED
24308,2,17,4437.60,2026-08-14 15:46:00,PENDING
24309,10,11,1570.70,2026-08-07 07:15:00,REFUNDED
24310,5,2,2367.10,2026-08-14 00:46:00,PENDING
24311,7,12,3769.20,2026-08-14 11:57:00,SUCCESS
24312,7,16,3669.00,2026-08-02 09:53:00,PENDING
24313,3,1,915.50,2026-08-28 08:17:00,SUCCESS
24314,3,16,2280.00,2026-08-11 16:08:00,PENDING
24315,8,19,4745.40,2026-08-09 10:37:00,REFUNDED
24316,10,4,553.50,2026-08-14 20:33:00,SUCCESS
24317,3,17,1667.90,2026-08-16 02:09:00,FAILED
24318,10,9,4657.60,2026-08-02 18:26:00,REFUNDED
24319,10,19,2698.60,2026-08-14 01:56:00,REFUNDED
24320,6,12,247.50,2026-08-28 13:44:00,SUCCESS
24321,1,1,5000,2026-08-01 12:00:00,UNKNOWN_STATUS
24322,1,100.00
24323,7,12,1235.70,2026-08-03 12:00:00,PENDING
24324,5,8,694.40,2026-08-25 01:06:00,REFUNDED
24325,8,5,2560.70,2026-08-07 08:58:00,FAILED
24326,5,14,3575.80,2026-08-14 03:46:00,REFUNDED
24327,4,1,4092.60,2026-08-16 03:59:00,PENDING
24328,8,15,4979.10,2026-08-09 20:54:00,PENDING
24329,6,11,2773.70,2026-08-10 17:01:00,REFUNDED
24330,4,12,4369.50,2026-08-30 01:25:00,FAILED
24331,8,6,4821.80,2026-08-16 05:48:00,REFUNDED
24332,2,14,3138.40,2026-08-02 02:27:00,SUCCESS
24333,8,19,4738.90,2026-08-18 21:47:00,SUCCESS
24334,4,19,860.20,2026-08-08 12:43:00,SUCCESS
24335,4,18,56.30,2026-08-01 13:36:00,PENDING
24336,6,4,1386.50,2026-08-15 15:54:00,SUCCESS
24337,5,10,780.30,2026-08-28 01:11:00,PENDING
24338,4,4,3573.10,2026-08-30 21:28:00,REFUNDED
24339,9,2,4202.20,2026-08-22 22:11:00,SUCCESS
24340,5,12,5004.30,2026-08-04 22:40:00,PENDING
24341,9,19,2767.10,2026-08-22 04:34:00,REFUNDED
24342,4,11,4844.60,2026-08-28 21:14:00,SUCCESS
24343,5,3,531.70,2026-08-15 05:59:00,PENDING
24344,6,10,4582.50,2026-08-08 00:40:00,FAILED
24345,8,13,2467.00,2026-08-26 18:19:00,REFUNDED
24346,2,7,4701.60,2026-08-15 02:37:00,PENDING
24347,10,12,3514.00,2026-08-04 03:30:00,REFUNDED
24348,10,4,2252.00,2026-08-09 13:27:00,FAILED
24349,10,11,4202.50,2026-08-29 23:17:00,PENDING
24350,1,2,3917.90,2026-08-04 22:53:00,FAILED
24351,6,5,2449.00,2026-08-25 20:16:00,SUCCESS
24352,4,8,3228.90,2026-08-11 19:15:00,SUCCESS
24353,6,5,2216.10,2026-08-14 08:57:00,SUCCESS
24354,2,5,2472.60,2026-08-29 15:25:00,SUCCESS
24355,5,2,4603.00,2026-08-01 12:54:00,SUCCESS
24356,6,12,802.00,2026-08-08 19:40:00,PENDING
24357,6,13,2911.20,2026-08-15 22:45:00,FAILED
24358,8,19,2918.70,2026-08-11 14:45:00,REFUNDED
24359,1,13,1356.20,2026-08-29 21:58:00,PENDING
24360,9,8,3856.50,2026-08-07 00:09:00,REFUNDED
24361,1,1,5000,2026-08-01 12:00:00,UNKNOWN_STATUS
24362,4,11,4960.70,2026-08-22 14:06:00,SUCCESS
24363,2,5,452.70,2026-08-11 16:34:00,PENDING
24364,3,7,4143.40,2026-08-12 10:25:00,FAILED
24365,9,16,873.70,2026-08-24 16:48:00,FAILED
24366,10,5,2939.60,2026-08-25 03:13:00,FAILED
24367,6,9,1466.80,2026-08-15 11:48:00,REFUNDED
24368,9,1,890.00,2026-08-27 01:07:00,PENDING
24369,4,19,1529.50,2026-08-14 04:05:00,FAILED
24370,1,19,62.10,2026-08-11 17:41:00,PENDING
24371,2,18,4391.70,2026-08-14 23:50:00,REFUNDED
24372,10,17,1685.10,2026-08-29 23:51:00,SUCCESS
24373,1,4,3830.70,2026-08-27 10:13:00,REFUNDED
24374,4,14,4315.20,2026-08-05 00:37:00,PENDING
24375,10,1,3081.00,2026-08-28 12:23:00,PENDING
24376,7,4,3480.40,2026-08-12 12:11:00,SUCCESS
24377,3,2,4694.20,2026-08-01 16:28:00,FAILED
24378,6,2,1300.50,2026-08-13 01:27:00,SUCCESS
24379,10,11,3741.50,2026-08-02 02:28:00,FAILED
24380,8,13,4454.10,2026-08-14 10:51:00,FAILED
24381,4,10,2564.70,2026-08-23 21:07:00,SUCCESS
24382,1,9,3471.10,2026-08-10 12:17:00,PENDING
24383,6,9,2562.50,2026-08-18 12:33:00,FAILED
24384,1,1,2887.00,2026-08-16 11:39:00,FAILED
24385,10,3,4466.20,2026-08-22 17:34:00,SUCCESS
24386,7,3,721.80,2026-08-05 23:38:00,REFUNDED
24387,1,6,1625.30,2026-08-15 17:20:00,REFUNDED
24388,8,14,1429.30,2026-08-21 06:40:00,PENDING
24389,9,17,1478.40,2026-08-12 07:28:00,FAILED
24390,7,6,3037.90,2026-08-07 15:36:00,REFUNDED
24391,3,13,2288.60,2026-08-01 14:18:00,PENDING
24392,2,14,2025.50,2026-08-25 17:23:00,PENDING
24393,3,18,1469.30,2026-08-06 09:07:00,FAILED
24394,1,16,329.20,2026-08-06 18:20:00,REFUNDED
24395,1,11,735.00,2026-08-11 19:12:00,SUCCESS
24396,8,16,859.20,2026-08-08 12:23:00,FAILED
24397,3,8,3804.20,2026-08-07 20:40:00,FAILED
24398,5,3,2062.70,2026-08-28 17:04:00,SUCCESS
24399,9,4,1731.40,2026-08-01 09:55:00,FAILED
24400,9,9,2398.70,2026-08-15 20:36:00,REFUNDED
24401,10,13,402.90,2026-08-01 18:34:00,SUCCESS
24402,2,15,1011.10,2026-08-28 05:44:00,PENDING
24403,5,8,2830.30,2026-08-29 04:24:00,PENDING
24404,5,12,1561.90,2026-08-06 10:16:00,SUCCESS
24405,9,17,4989.00,2026-08-10 17:45:00,FAILED
24406,10,2,1879.70,2026-08-01 13:58:00,SUCCESS
24407,9,19,1337.20,2026-08-20 08:58:00,SUCCESS
24408,8,13,3772.00,2026-08-30 11:22:00,SUCCESS
24409,7,11,2283.20,2026-08-10 02:54:00,REFUNDED
24410,3,6,2568.20,2026-08-18 10:01:00,FAILED
24411,7,8,1064.70,2026-08-19 02:36:00,REFUNDED
24412,8,6,3111.30,2026-08-13 01:25:00,SUCCESS
24413,5,8,633.10,2026-08-14 21:39:00,REFUNDED
24414,7,12,3224.10,2026-08-16 10:06:00,SUCCESS
24415,5,19,2908.10,2026-08-19 11:22:00,REFUNDED
24416,10,2,4052.50,2026-08-19 04:28:00,REFUNDED
24417,9,13,1676.60,2026-08-12 08:09:00,SUCCESS
24418,6,7,1341.60,2026-08-16 11:07:00,PENDING
24419,4,5,3999.50,2026-08-04 03:59:00,REFUNDED
24420,2,13,875.50,2026-08-23 11:59:00,PENDING
24421,9,20,3179.10,2026-08-04 15:15:00,PENDING
24422,5,13,381.40,2026-08-09 06:58:00,PENDING
24423,1,12,1817.20,2026-08-30 22:30:00,PENDING
24424,5,16,1192.90,2026-08-09 21:35:00,SUCCESS
24425,2,17,1535.30,2026-08-24 08:17:00,SUCCESS
24426,1,8,3536.50,2026-08-02 14:15:00,PENDING
24427,4,1,3903.80,2026-08-08 23:24:00,SUCCESS
24428,3,4,2313.70,2026-08-03 07:06:00,PENDING
24429,4,1,83.30,2026-08-22 18:45:00,SUCCESS
24430,5,3,3372.70,2026-08-27 16:38:00,SUCCESS
24431,7,11,1833.70,2026-08-04 16:44:00,FAILED
24432,2,15,1776.30,2026-08-16 04:39:00,PENDING
24433,9,11,4278.90,2026-08-16 02:31:00,FAILED
24434,4,2,1404.60,2026-08-15 08:23:00,REFUNDED
24435,9,12,3684.50,2026-08-25 11:03:00,REFUNDED
24436,5,11,4299.50,2026-08-29 20:52:00,FAILED
24437,6,18,1447.80,2026-08-07 06:13:00,REFUNDED
24438,8,15,2455.50,2026-08-19 04:57:00,PENDING
24439,9,15,2522.30,2026-08-13 04:49:00,SUCCESS
24440,7,3,4182.10,2026-08-14 21:46:00,SUCCESS
24441,4,20,230.60,2026-08-28 18:18:00,PENDING
24442,1,1,5000,INVALID_DATE_TIME,SUCCESS
24443,5,18,4165.00,2026-08-12 14:51:00,FAILED
24444,4,19,4800.00,2026-08-25 05:21:00,FAILED
24445,10,10,3402.90,2026-08-22 01:20:00,PENDING
24446,1,4,3492.30,2026-08-26 14:34:00,FAILED
24447,3,9,1692.20,2026-08-30 18:36:00,REFUNDED
24448,3,14,2094.80,2026-08-11 00:22:00,REFUNDED
24449,2,9,2669.70,2026-08-22 20:53:00,SUCCESS
24450,5,9,1219.50,2026-08-02 06:01:00,REFUNDED
24451,5,20,2856.40,2026-08-02 05:31:00,SUCCESS
24452,1,19,3012.60,2026-08-25 11:18:00,SUCCESS
24453,6,12,1340.40,2026-08-22 20:07:00,REFUNDED
24454,5,19,627.30,2026-08-13 11:44:00,PENDING
24455,3,16,3797.30,2026-08-11 15:59:00,FAILED
24456,3,14,4861.60,2026-08-02 22:33:00,FAILED
24457,5,4,4545.70,2026-08-15 06:51:00,PENDING
24458,4,5,4393.30,2026-08-29 23:30:00,SUCCESS
24459,9,14,2110.10,2026-08-29 07:46:00,REFUNDED
24460,7,3,1883.20,2026-08-18 03:00:00,SUCCESS
24461,8,5,2107.80,2026-08-19 12:41:00,FAILED
24462,1,13,164.60,2026-08-20 18:03:00,SUCCESS
24463,1,1,5000,INVALID_DATE_TIME,SUCCESS
24464,10,19,1273.70,2026-08-23 17:00:00,REFUNDED
24465,5,1,3814.40,2026-08-09 16:24:00,SUCCESS
24466,2,14,2047.10,2026-08-15 01:43:00,FAILED
24467,8,19,620.30,2026-08-05 09:42:00,SUCCESS
24468,10,6,4454.60,2026-08-26 22:00:00,SUCCESS
24469,8,13,4461.30,2026-08-20 06:07:00,FAILED
24470,3,4,1032.10,2026-08-27 02:06:00,FAILED
24471,6,3,1367.30,2026-08-09 05:42:00,FAILED
24472,4,8,3369.50,2026-08-06 13:09:00,SUCCESS
24473,2,15,488.00,2026-08-17 16:15:00,REFUNDED
24474,3,18,204.70,2026-08-19 21:53:00,REFUNDED
24475,8,6,4360.40,2026-08-18 19:34:00,SUCCESS
24476,5,9,1642.60,2026-08-29 14:51:00,SUCCESS
24477,10,18,824.90,2026-08-11 01:16:00,SUCCESS
24478,6,19,3815.40,2026-08-05 19:37:00,PENDING
24479,7,17,992.60,2026-08-07 06:06:00,SUCCESS
24480,1,8,2995.10,2026-08-11 03:42:00,FAILED
24481,1,100.00
24482,3,19,512.70,2026-08-24 02:45:00,REFUNDED
24483,9,12,4474.70,2026-08-06 01:48:00,FAILED
24484,10,14,3875.10,2026-08-23 10:15:00,PENDING
24485,4,18,2337.10,2026-08-03 06:39:00,REFUNDED
24486,8,2,2031.80,2026-08-22 00:33:00,SUCCESS
24487,4,17,208.50,2026-08-18 05:38:00,FAILED
24488,10,3,3957.30,2026-08-01 15:08:00,PENDING
24489,4,7,4927.00,2026-08-13 05:05:00,REFUNDED
24490,7,12,4401.60,2026-08-13 17:04:00,REFUNDED
24491,10,1,1968.60,2026-08-01 12:39:00,REFUNDED
24492,9,1,293.60,2026-08-15 06:54:00,REFUNDED
24493,1,11,183.20,2026-08-30 07:57:00,PENDING
24494,1,8,1274.10,2026-08-18 13:25:00,PENDING
24495,6,13,3924.80,2026-08-05 06:19:00,FAILED
24496,10,10,4304.20,2026-08-15 11:10:00,SUCCESS
24497,1,16,4044.80,2026-08-01 09:43:00,PENDING
24498,3,15,4264.10,2026-08-23 19:38:00,SUCCESS
24499,2,17,820.50,2026-08-03 18:44:00,REFUNDED
24500,8,9,422.70,2026-08-23 02:45:00,REFUNDED
24501,8,9,4996.60,2026-08-29 03:49:00,FAILED
24502,10,3,222.30,2026-08-08 07:12:00,PENDING
24503,5,16,3793.30,2026-08-06 03:45:00,PENDING
24504,6,8,713.50,2026-08-22 18:19:00,REFUNDED
24505,9,8,640.50,2026-08-29 17:19:00,SUCCESS
24506,8,9,4720.60,2026-08-23 14:27:00,PENDING
24507,7,9,3721.20,2026-08-17 15:56:00,REFUNDED
24508,3,8,4225.00,2026-08-08 15:37:00,REFUNDED
24509,4,16,2106.50,2026-08-26 15:06:00,REFUNDED
24510,3,9,3438.80,2026-08-04 07:01:00,REFUNDED
24511,6,3,2405.20,2026-08-19 10:25:00,REFUNDED
24512,9,18,3779.50,2026-08-07 21:36:00,PENDING
24513,1,3,2113.50,2026-08-03 14:45:00,SUCCESS
24514,6,19,1283.30,2026-08-03 02:25:00,PENDING
24515,2,6,4364.90,2026-08-22 02:47:00,PENDING
24516,10,9,2088.30,2026-08-07 18:13:00,PENDING
24517,8,4,4368.60,2026-08-30 20:35:00,SUCCESS
24518,2,11,2914.60,2026-08-27 20:16:00,REFUNDED
24519,2,2,3222.80,2026-08-07 04:06:00,SUCCESS
24520,5,1,4666.10,2026-08-05 15:33:00,REFUNDED
24521,2,4,1875.10,2026-08-26 07:33:00,PENDING
24522,10,19,4134.40,2026-08-30 14:53:00,REFUNDED
24523,5,2,2150.10,2026-08-19 01:57:00,REFUNDED
24524,10,4,4521.00,2026-08-08 22:25:00,SUCCESS
24525,5,4,424.00,2026-08-04 15:00:00,SUCCESS
24526,1,11,4195.10,2026-08-16 12:36:00,SUCCESS
24527,7,8,4493.50,2026-08-10 21:02:00,FAILED
24528,10,4,3481.10,2026-08-23 20:33:00,PENDING
24529,7,6,1564.50,2026-08-29 08:04:00,PENDING
24530,3,1,3257.10,2026-08-21 15:44:00,FAILED
24531,8,7,2485.70,2026-08-11 03:45:00,REFUNDED
24532,5,15,1135.00,2026-08-10 11:56:00,FAILED
24533,9,9,645.40,2026-08-23 15:07:00,PENDING
24534,9,2,3892.10,2026-08-11 15:02:00,REFUNDED
24535,9,10,1212.80,2026-08-12 13:00:00,FAILED
24536,8,7,159.50,2026-08-24 03:09:00,REFUNDED
24537,5,1,4710.70,2026-08-11 23:07:00,REFUNDED
24538,1,11,744.60,2026-08-19 13:16:00,PENDING
24539,3,17,3743.10,2026-08-10 09:15:00,SUCCESS
24540,6,18,1573.50,2026-08-06 06:05:00,PENDING
24541,3,18,1227.60,2026-08-25 01:56:00,FAILED
24542,1,14,1368.20,2026-08-15 02:43:00,PENDING
24543,2,14,302.00,2026-08-17 03:53:00,SUCCESS
24544,2,19,3401.70,2026-08-25 08:27:00,FAILED
24545,4,18,3752.50,2026-08-28 08:52:00,FAILED
24546,9,11,3155.30,2026-08-26 03:11:00,FAILED
24547,3,5,1511.20,2026-08-26 22:58:00,REFUNDED
24548,6,12,2260.00,2026-08-16 05:14:00,FAILED
24549,1,16,3680.80,2026-08-03 22:48:00,REFUNDED
24550,9,19,3962.00,2026-08-01 20:13:00,PENDING
24551,5,9,1689.30,2026-08-23 05:30:00,SUCCESS
24552,4,6,4859.90,2026-08-04 11:32:00,SUCCESS
24553,10,16,732.70,2026-08-18 22:46:00,FAILED
24554,9,13,1478.50,2026-08-28 22:35:00,PENDING
24555,7,16,1703.50,2026-08-29 08:38:00,REFUNDED
24556,2,15,3131.40,2026-08-19 08:39:00,SUCCESS
24557,10,1,3853.00,2026-08-30 15:00:00,SUCCESS
24558,7,16,3709.20,2026-08-05 01:43:00,REFUNDED
24559,1,11,1769.20,2026-08-08 04:12:00,PENDING
24560,9,20,3902.80,2026-08-06 01:35:00,PENDING
24561,9,2,73.50,2026-08-26 01:38:00,PENDING
24562,10,2,3535.00,2026-08-14 12:34:00,FAILED
24563,7,6,4652.60,2026-08-04 19:41:00,REFUNDED
24564,1,19,4127.80,2026-08-29 15:22:00,FAILED
24565,10,6,2575.90,2026-08-14 09:45:00,PENDING
24566,4,6,1056.40,2026-08-04 04:58:00,FAILED
24567,4,7,4109.00,2026-08-04 03:13:00,PENDING
24568,7,16,4604.70,2026-08-29 02:49:00,SUCCESS
24569,6,11,3244.50,2026-08-02 14:16:00,REFUNDED
24570,2,4,771.10,2026-08-22 04:06:00,SUCCESS
24571,3,11,4933.40,2026-08-19 22:41:00,REFUNDED
24572,10,6,1202.20,2026-08-18 14:55:00,FAILED
24573,7,1,1895.80,2026-08-14 17:44:00,REFUNDED
24574,2,17,2173.60,2026-08-02 17:15:00,PENDING
24575,2,2,2552.00,2026-08-10 08:00:00,PENDING
24576,2,2,5012.90,2026-08-04 04:25:00,PENDING
24577,2,5,1823.40,2026-08-27 18:46:00,REFUNDED
24578,8,1,3810.60,2026-08-30 17:42:00,FAILED
24579,5,3,4862.60,2026-08-05 14:28:00,SUCCESS
24580,2,19,3461.10,2026-08-19 18:28:00,REFUNDED
24581,9,9,159.90,2026-08-13 11:32:00,REFUNDED
24582,8,8,4926.70,2026-08-20 15:42:00,REFUNDED
24583,5,16,1621.90,2026-08-26 13:38:00,SUCCESS
24584,10,15,4040.70,2026-08-13 17:11:00,SUCCESS
24585,5,12,1712.50,2026-08-31 00:47:00,PENDING
24586,7,11,3921.30,2026-08-22 23:13:00,PENDING
24587,2,7,1520.90,2026-08-20 05:38:00,REFUNDED
24588,3,1,2693.30,2026-08-03 13:27:00,SUCCESS
24589,6,1,888.80,2026-08-05 01:54:00,FAILED
24590,9,1,2698.10,2026-08-25 21:36:00,FAILED
24591,9,4,244.10,2026-08-20 15:57:00,REFUNDED
24592,7,19,4787.90,2026-08-18 20:09:00,REFUNDED
24593,5,12,2748.50,2026-08-29 06:14:00,PENDING
24594,8,2,220.70,2026-08-22 21:52:00,PENDING
24595,1,1,4185.70,2026-08-07 20:41:00,SUCCESS
24596,2,1,2775.00,2026-08-17 16:02:00,REFUNDED
24597,2,19,2196.50,2026-08-26 07:35:00,SUCCESS
24598,1,17,359.40,2026-08-02 09:38:00,FAILED
24599,6,11,992.10,2026-08-01 20:02:00,FAILED
24600,4,8,753.90,2026-08-29 15:53:00,SUCCESS
24601,9,2,2383.30,2026-08-14 10:21:00,SUCCESS
24602,9,19,195.80,2026-08-17 07:55:00,PENDING
24603,10,15,176.30,2026-08-02 10:51:00,SUCCESS
24604,3,2,1877.90,2026-08-24 12:24:00,SUCCESS
24605,1,1,5000,INVALID_DATE_TIME,SUCCESS
24606,10,4,863.00,2026-08-22 09:48:00,SUCCESS
24607,3,16,2678.00,2026-08-08 19:12:00,SUCCESS
24608,6,19,1660.90,2026-08-14 20:59:00,REFUNDED
24609,10,1,2472.20,2026-08-03 19:29:00,REFUNDED
24610,5,13,1541.50,2026-08-27 01:42:00,FAILED
24611,3,8,1425.10,2026-08-16 17:55:00,SUCCESS
24612,2,5,230.70,2026-08-21 21:27:00,FAILED
24613,10,19,4597.10,2026-08-14 04:49:00,FAILED
24614,8,15,669.10,2026-08-09 14:57:00,REFUNDED
24615,2,11,90.70,2026-08-12 10:01:00,REFUNDED
24616,10,17,3340.80,2026-08-18 20:00:00,FAILED
24617,9,3,1483.00,2026-08-26 04:07:00,REFUNDED
24618,5,4,2869.80,2026-08-03 08:19:00,PENDING
24619,1,1,5000,INVALID_DATE_TIME,SUCCESS
24620,8,20,717.40,2026-08-25 08:55:00,SUCCESS
24621,5,9,533.60,2026-08-01 14:41:00,REFUNDED
24622,8,5,1969.40,2026-08-03 10:28:00,FAILED
24623,6,18,1484.90,2026-08-07 04:24:00,SUCCESS
24624,10,17,4710.30,2026-08-18 03:17:00,FAILED
24625,7,2,4215.90,2026-08-02 21:33:00,FAILED
24626,10,14,268.30,2026-08-27 15:00:00,PENDING
24627,6,16,981.80,2026-08-12 09:33:00,FAILED
24628,2,17,3313.00,2026-08-20 16:02:00,SUCCESS
24629,4,5,1991.00,2026-08-17 23:59:00,SUCCESS
24630,1,6,3631.40,2026-08-26 14:26:00,PENDING
24631,1,9,4485.90,2026-08-03 23:43:00,REFUNDED
24632,9,7,4875.20,2026-08-15 23:38:00,PENDING
24633,6,8,3532.90,2026-08-02 02:58:00,FAILED
24634,3,9,2063.00,2026-08-13 01:13:00,SUCCESS
24635,10,9,413.30,2026-08-28 14:50:00,SUCCESS
24636,10,2,842.40,2026-08-06 02:54:00,SUCCESS
24637,5,6,472.90,2026-08-09 23:21:00,FAILED
24638,6,17,4415.80,2026-08-29 04:42:00,FAILED
24639,1,16,233.50,2026-08-02 08:20:00,SUCCESS
24640,10,10,62.20,2026-08-16 17:28:00,FAILED
24641,10,6,1410.80,2026-08-28 10:57:00,FAILED
24642,7,18,3109.20,2026-08-04 14:32:00,REFUNDED
24643,7,8,3963.70,2026-08-16 07:21:00,FAILED
24644,8,17,2899.50,2026-08-18 22:36:00,PENDING
24645,3,13,5015.50,2026-08-19 04:04:00,FAILED
24646,5,14,4293.60,2026-08-16 02:24:00,SUCCESS
24647,5,7,2098.80,2026-08-06 02:57:00,SUCCESS
24648,5,1,4299.10,2026-08-13 11:40:00,SUCCESS
24649,10,18,2685.40,2026-08-17 10:12:00,PENDING
24650,3,7,171.60,2026-08-03 03:37:00,PENDING
24651,7,11,2934.20,2026-08-21 17:21:00,SUCCESS
24652,2,10,3633.30,2026-08-26 16:11:00,REFUNDED
24653,5,16,299.30,2026-08-05 22:07:00,SUCCESS
24654,2,15,2277.50,2026-08-30 04:22:00,PENDING
24655,10,9,4626.70,2026-08-26 11:32:00,PENDING
24656,7,3,2349.90,2026-08-04 14:16:00,FAILED
24657,7,9,468.20,2026-08-16 09:27:00,REFUNDED
24658,8,6,1406.90,2026-08-09 05:00:00,FAILED
24659,8,13,706.90,2026-08-20 16:00:00,FAILED
24660,4,3,110.30,2026-08-30 06:39:00,PENDING
24661,8,10,1987.40,2026-08-11 13:10:00,REFUNDED
24662,9,6,1554.60,2026-08-26 06:17:00,SUCCESS
24663,4,10,1783.70,2026-08-16 05:40:00,SUCCESS
24664,1,1,5000,INVALID_DATE_TIME,SUCCESS
24665,3,11,1504.10,2026-08-04 14:28:00,FAILED
24666,5,5,392.40,2026-08-30 03:40:00,SUCCESS
24667,8,7,3894.70,2026-08-30 12:14:00,REFUNDED
24668,10,10,4688.90,2026-08-11 14:46:00,PENDING
24669,7,12,858.20,2026-08-24 08:45:00,REFUNDED
24670,4,16,2180.30,2026-08-08 06:34:00,REFUNDED
24671,1,14,4590.80,2026-08-18 12:38:00,FAILED
24672,8,8,1561.50,2026-08-11 09:20:00,SUCCESS
24673,6,19,4893.80,2026-08-18 15:29:00,SUCCESS
24674,1,1,5000,2026-08-01 12:00:00,UNKNOWN_STATUS
24675,10,17,4794.30,2026-08-28 15:32:00,SUCCESS
24676,3,13,294.60,2026-08-02 04:34:00,SUCCESS
24677,7,5,4974.20,2026-08-16 17:17:00,PENDING
24678,7,17,2027.10,2026-08-15 23:41:00,FAILED
24679,9,14,4535.80,2026-08-15 05:06:00,FAILED
24680,10,11,3009.60,2026-08-15 06:20:00,REFUNDED
24681,6,5,3621.10,2026-08-19 07:32:00,SUCCESS
24682,10,13,888.50,2026-08-11 23:22:00,PENDING
24683,6,4,469.50,2026-08-31 05:08:00,FAILED
24684,6,1,824.10,2026-08-02 01:53:00,PENDING
24685,8,19,206.60,2026-08-14 07:30:00,FAILED
24686,3,3,293.40,2026-08-18 21:12:00,PENDING
24687,8,2,420.60,2026-08-02 14:59:00,PENDING
24688,3,17,4614.10,2026-08-09 12:43:00,PENDING
24689,10,18,1833.10,2026-08-10 20:36:00,REFUNDED
24690,1,4,396.60,2026-08-05 08:03:00,PENDING
24691,4,5,1582.60,2026-08-21 20:08:00,PENDING
24692,5,2,659.20,2026-08-13 21:11:00,PENDING
24693,7,5,1595.90,2026-08-05 10:26:00,FAILED
24694,9,3,437.30,2026-08-03 15:18:00,PENDING
24695,6,14,299.00,2026-08-11 12:43:00,PENDING
24696,9,6,4728.10,2026-08-17 01:32:00,FAILED
24697,9,15,3453.10,2026-08-06 14:06:00,PENDING
24698,4,3,373.30,2026-08-11 10:01:00,PENDING
24699,10,11,4199.20,2026-08-23 05:35:00,FAILED
24700,7,5,302.90,2026-08-09 10:11:00,FAILED
24701,6,14,796.90,2026-08-05 22:13:00,REFUNDED
24702,6,15,4660.20,2026-08-31 02:47:00,SUCCESS
24703,4,1,3671.90,2026-08-22 07:37:00,PENDING
24704,8,15,1218.10,2026-08-14 03:35:00,FAILED
24705,8,3,1110.20,2026-08-04 11:06:00,REFUNDED
24706,1,8,3892.80,2026-08-21 07:20:00,FAILED
24707,8,8,419.10,2026-08-05 04:18:00,PENDING
24708,2,15,4379.50,2026-08-04 08:32:00,PENDING
24709,7,9,1962.00,2026-08-16 18:51:00,FAILED
24710,1,13,4579.50,2026-08-15 02:01:00,REFUNDED
24711,10,19,1438.10,2026-08-19 06:02:00,REFUNDED
24712,3,6,1949.60,2026-08-12 03:58:00,FAILED
24713,5,15,3739.90,2026-08-01 23:15:00,PENDING
24714,7,15,444.80,2026-08-16 02:52:00,FAILED
24715,9,11,967.50,2026-08-18 04:01:00,PENDING
24716,10,16,592.60,2026-08-17 16:06:00,REFUNDED
24717,2,1,732.70,2026-08-22 03:12:00,SUCCESS
24718,2,20,1145.00,2026-08-27 08:35:00,PENDING
24719,2,6,1061.50,2026-08-21 02:59:00,FAILED
24720,8,1,544.00,2026-08-27 06:49:00,SUCCESS
24721,4,1,2123.00,2026-08-03 01:33:00,SUCCESS
24722,10,20,1500.20,2026-08-11 04:14:00,REFUNDED
24723,3,7,4197.40,2026-08-04 12:01:00,PENDING
24724,3,19,3600.50,2026-08-29 05:55:00,PENDING
24725,6,5,4764.40,2026-08-24 18:17:00,SUCCESS
24726,5,9,3879.00,2026-08-08 12:35:00,PENDING
24727,3,20,1616.10,2026-08-08 04:35:00,PENDING
24728,9,17,3712.10,2026-08-21 02:07:00,SUCCESS
24729,9,5,175.20,2026-08-22 13:02:00,SUCCESS
24730,10,8,145.60,2026-08-04 08:58:00,REFUNDED
24731,3,4,2295.70,2026-08-16 05:46:00,REFUNDED
24732,4,6,4761.50,2026-08-23 05:47:00,REFUNDED
24733,8,16,3324.50,2026-08-05 00:12:00,SUCCESS
24734,10,5,63.40,2026-08-15 04:57:00,SUCCESS
24735,5,5,2755.50,2026-08-05 11:57:00,FAILED
24736,5,17,4280.00,2026-08-25 09:07:00,PENDING
24737,5,15,2690.00,2026-08-21 08:06:00,PENDING
24738,4,6,4603.30,2026-08-16 07:05:00,PENDING
24739,3,15,2719.70,2026-08-18 21:13:00,REFUNDED
24740,3,16,2923.10,2026-08-20 15:02:00,PENDING
24741,7,1,2627.30,2026-08-05 21:28:00,PENDING
24742,6,15,1179.40,2026-08-24 18:57:00,REFUNDED
24743,5,9,1850.90,2026-08-12 09:45:00,REFUNDED
24744,10,13,2464.50,2026-08-08 19:17:00,SUCCESS
24745,1,18,2889.40,2026-08-19 12:55:00,REFUNDED
24746,6,13,1804.40,2026-08-16 09:32:00,PENDING
24747,1,14,3350.40,2026-08-14 18:09:00,FAILED
24748,3,20,4916.90,2026-08-26 20:29:00,FAILED
24749,2,14,2471.50,2026-08-13 00:54:00,SUCCESS
24750,4,15,4674.40,2026-08-08 03:33:00,FAILED
24751,9,4,2270.40,2026-08-09 12:51:00,PENDING
24752,5,16,3520.90,2026-08-25 20:22:00,FAILED
24753,6,15,3888.30,2026-08-09 13:59:00,SUCCESS
24754,4,10,3903.00,2026-08-22 03:28:00,FAILED
24755,1,1,5000,INVALID_DATE_TIME,SUCCESS
24756,1,17,4560.00,2026-08-25 08:29:00,SUCCESS
24757,2,11,3004.50,2026-08-27 12:29:00,SUCCESS
24758,9,4,1205.30,2026-08-21 00:44:00,REFUNDED
24759,7,3,1428.90,2026-08-17 08:10:00,SUCCESS
24760,7,4,2705.50,2026-08-10 14:11:00,SUCCESS
24761,1,17,3040.80,2026-08-21 19:36:00,FAILED
24762,10,8,1652.70,2026-08-09 02:35:00,REFUNDED
24763,2,16,198.30,2026-08-09 19:03:00,SUCCESS
24764,4,12,2742.00,2026-08-07 16:05:00,FAILED
24765,10,2,647.00,2026-08-08 05:14:00,SUCCESS
24766,1,1,NOT_A_NUMBER,2026-08-01 12:00:00,SUCCESS
24767,2,11,3652.90,2026-08-14 13:36:00,FAILED
24768,10,4,630.40,2026-08-07 01:58:00,SUCCESS
24769,8,17,3511.00,2026-08-15 10:40:00,PENDING
24770,3,13,3232.70,2026-08-10 12:16:00,FAILED
24771,7,5,3700.50,2026-08-11 11:51:00,REFUNDED
24772,8,14,378.80,2026-08-20 22:30:00,REFUNDED
24773,4,7,4254.30,2026-08-21 17:28:00,PENDING
24774,10,5,852.10,2026-08-07 19:22:00,REFUNDED
24775,7,12,2047.40,2026-08-07 08:24:00,FAILED
24776,10,18,2460.10,2026-08-01 13:59:00,PENDING
24777,8,9,146.40,2026-08-24 09:06:00,PENDING
24778,1,1,5000,2026-08-01 12:00:00,UNKNOWN_STATUS
24779,2,3,1963.00,2026-08-23 07:50:00,SUCCESS
24780,5,6,2699.70,2026-08-20 09:19:00,SUCCESS
24781,7,14,609.70,2026-08-30 01:11:00,PENDING
24782,1,5,620.90,2026-08-11 01:45:00,REFUNDED
24783,7,13,595.80,2026-08-23 14:10:00,SUCCESS
24784,3,4,2382.10,2026-08-17 10:57:00,REFUNDED
24785,7,11,3417.00,2026-08-21 16:19:00,SUCCESS
24786,2,14,1263.80,2026-08-03 02:28:00,FAILED
24787,3,15,4694.40,2026-08-23 04:13:00,PENDING
24788,7,19,2411.10,2026-08-03 05:24:00,FAILED
24789,8,4,1607.10,2026-08-14 03:32:00,FAILED
24790,4,13,1684.70,2026-08-02 14:41:00,REFUNDED
24791,9,13,3721.10,2026-08-09 23:00:00,SUCCESS
24792,10,10,3615.40,2026-08-13 07:11:00,FAILED
24793,1,3,1907.40,2026-08-14 19:52:00,REFUNDED
24794,5,6,4602.10,2026-08-13 20:49:00,FAILED
24795,6,16,505.10,2026-08-30 22:16:00,FAILED
24796,2,13,1268.30,2026-08-17 12:12:00,REFUNDED
24797,1,12,4599.20,2026-08-18 07:07:00,PENDING
24798,9,3,1437.90,2026-08-01 22:09:00,REFUNDED
24799,10,6,2172.00,2026-08-02 21:45:00,SUCCESS
24800,2,5,1631.40,2026-08-06 17:47:00,PENDING
24801,6,13,3589.20,2026-08-28 14:59:00,REFUNDED
24802,1,20,4899.70,2026-08-05 21:46:00,FAILED
24803,3,10,4438.50,2026-08-02 12:10:00,REFUNDED
24804,6,11,1310.20,2026-08-25 18:06:00,FAILED
24805,5,12,4683.10,2026-08-17 08:25:00,REFUNDED
24806,7,15,917.00,2026-08-30 21:43:00,PENDING
24807,6,4,3620.50,2026-08-06 11:33:00,SUCCESS
24808,5,16,2649.90,2026-08-08 22:16:00,PENDING
24809,6,10,2052.30,2026-08-26 03:47:00,PENDING
24810,1,1,4250.20,2026-08-21 03:24:00,SUCCESS
24811,4,5,3483.10,2026-08-02 21:14:00,FAILED
24812,10,18,373.40,2026-08-18 11:09:00,FAILED
24813,10,3,2926.30,2026-08-12 19:25:00,FAILED
24814,4,1,2012.10,2026-08-23 07:18:00,SUCCESS
24815,1,12,4656.20,2026-08-26 14:47:00,REFUNDED
24816,4,19,2133.80,2026-08-11 00:07:00,SUCCESS
24817,2,14,581.10,2026-08-30 12:06:00,SUCCESS
24818,2,16,4734.30,2026-08-14 22:56:00,SUCCESS
24819,10,14,4030.10,2026-08-02 15:10:00,REFUNDED
24820,2,1,1552.40,2026-08-20 05:20:00,REFUNDED
24821,7,10,3532.30,2026-08-11 23:24:00,SUCCESS
24822,8,3,3714.30,2026-08-07 13:28:00,FAILED
24823,10,15,668.00,2026-08-03 17:37:00,SUCCESS
24824,1,9,1573.50,2026-08-05 22:52:00,SUCCESS
24825,3,4,4996.70,2026-08-18 01:56:00,REFUNDED
24826,9,9,4121.30,2026-08-22 05:01:00,FAILED
24827,1,13,3078.30,2026-08-08 04:47:00,SUCCESS
24828,1,12,357.90,2026-08-26 07:03:00,FAILED
24829,8,14,2532.80,2026-08-10 23:05:00,FAILED
24830,6,2,247.20,2026-08-17 19:48:00,PENDING
24831,6,17,3998.00,2026-08-23 12:55:00,PENDING
24832,9,12,3891.20,2026-08-23 07:54:00,PENDING
24833,6,14,3221.60,2026-08-07 08:23:00,PENDING
24834,4,15,711.10,2026-08-09 20:27:00,FAILED
24835,10,3,4910.90,2026-08-22 15:38:00,REFUNDED
24836,7,10,211.00,2026-08-27 08:24:00,PENDING
24837,3,1,2188.40,2026-08-26 12:05:00,REFUNDED
24838,9,14,2490.20,2026-08-04 20:58:00,SUCCESS
24839,1,2,422.30,2026-08-08 03:07:00,SUCCESS
24840,7,9,4331.70,2026-08-27 12:07:00,FAILED
24841,7,17,4756.80,2026-08-01 15:57:00,PENDING
24842,9,5,2332.70,2026-08-15 02:18:00,PENDING
24843,4,18,1933.30,2026-08-12 17:01:00,SUCCESS
24844,1,6,2918.60,2026-08-05 01:43:00,PENDING
24845,5,18,979.10,2026-08-10 05:18:00,FAILED
24846,4,9,2870.10,2026-08-23 19:55:00,PENDING
24847,1,1,NOT_A_NUMBER,2026-08-01 12:00:00,SUCCESS
24848,2,17,1412.90,2026-08-02 04:37:00,REFUNDED
24849,7,19,3326.40,2026-08-25 11:17:00,PENDING
24850,3,10,2759.50,2026-08-07 03:23:00,REFUNDED
24851,8,2,310.00,2026-08-20 04:49:00,REFUNDED
24852,7,9,4088.40,2026-08-23 06:08:00,REFUNDED
24853,6,3,3135.70,2026-08-23 23:38:00,REFUNDED
24854,7,9,2092.10,2026-08-09 04:26:00,FAILED
24855,3,13,4968.10,2026-08-16 04:00:00,FAILED
24856,10,1,3117.40,2026-08-15 14:28:00,SUCCESS
24857,9,9,4558.30,2026-08-14 17:39:00,SUCCESS
24858,7,20,2145.70,2026-08-04 08:45:00,REFUNDED
24859,7,1,1895.10,2026-08-09 00:24:00,REFUNDED
24860,4,18,4269.10,2026-08-02 10:06:00,REFUNDED
24861,6,11,2923.40,2026-08-19 08:48:00,SUCCESS
24862,4,10,4736.10,2026-08-04 05:39:00,PENDING
24863,10,20,1062.80,2026-08-22 08:27:00,PENDING
24864,10,15,4672.40,2026-08-17 16:32:00,PENDING
24865,6,12,2805.20,2026-08-28 23:00:00,FAILED
24866,5,16,981.50,2026-08-07 12:28:00,SUCCESS
24867,9,10,3638.00,2026-08-22 13:04:00,PENDING
24868,3,10,4620.40,2026-08-14 12:05:00,REFUNDED
24869,10,6,1149.80,2026-08-09 17:42:00,SUCCESS
24870,9,13,2556.40,2026-08-27 16:26:00,REFUNDED
24871,4,16,3241.40,2026-08-05 06:17:00,PENDING
24872,6,19,4280.90,2026-08-04 04:28:00,PENDING
24873,2,5,1005.10,2026-08-17 16:59:00,SUCCESS
24874,4,3,782.40,2026-08-27 03:48:00,SUCCESS
24875,2,11,3299.40,2026-08-12 19:12:00,REFUNDED
24876,6,20,3293.50,2026-08-03 05:51:00,SUCCESS
24877,9,4,1759.00,2026-08-20 07:48:00,FAILED
24878,2,2,3892.00,2026-08-26 06:41:00,SUCCESS
24879,5,8,2678.60,2026-08-16 07:23:00,REFUNDED
24880,9,12,1568.20,2026-08-22 21:46:00,PENDING
24881,6,1,1420.50,2026-08-12 18:53:00,REFUNDED
24882,3,16,2992.10,2026-08-22 17:55:00,REFUNDED
24883,4,10,4422.30,2026-08-11 02:22:00,FAILED
24884,6,10,4137.00,2026-08-24 14:58:00,PENDING
24885,10,11,3309.10,2026-08-07 09:31:00,REFUNDED
24886,1,1,246.60,2026-08-18 15:37:00,SUCCESS
24887,1,17,5022.70,2026-08-20 06:48:00,SUCCESS
24888,10,8,1596.50,2026-08-18 18:10:00,FAILED
24889,7,1,4179.10,2026-08-19 11:06:00,FAILED
24890,10,2,1934.10,2026-08-31 04:48:00,REFUNDED
24891,10,19,3582.90,2026-08-16 09:41:00,PENDING
24892,4,2,766.10,2026-08-11 02:41:00,REFUNDED
24893,7,17,4058.60,2026-08-29 08:10:00,REFUNDED
24894,8,7,5009.00,2026-08-21 17:15:00,SUCCESS
24895,10,16,3193.30,2026-08-09 15:19:00,REFUNDED
24896,10,6,4755.00,2026-08-09 19:41:00,SUCCESS
24897,6,20,1623.20,2026-08-07 22:51:00,REFUNDED
24898,2,20,4885.10,2026-08-18 16:37:00,REFUNDED
24899,3,9,465.30,2026-08-31 07:21:00,PENDING
24900,9,3,631.30,2026-08-07 10:02:00,FAILED
24901,7,15,1064.70,2026-08-29 11:50:00,SUCCESS
24902,4,3,4332.70,2026-08-14 22:40:00,PENDING
24903,4,9,1489.40,2026-08-25 20:30:00,SUCCESS
24904,8,6,2453.90,2026-08-13 06:24:00,REFUNDED
24905,1,1,NOT_A_NUMBER,2026-08-01 12:00:00,SUCCESS
24906,2,10,3577.70,2026-08-28 11:48:00,SUCCESS
24907,7,5,4760.40,2026-08-20 03:31:00,REFUNDED
24908,1,3,2723.80,2026-08-27 03:59:00,FAILED
24909,1,13,2152.30,2026-08-26 14:35:00,FAILED
24910,10,1,3841.60,2026-08-22 12:48:00,SUCCESS
24911,4,10,1269.00,2026-08-26 15:20:00,FAILED
24912,5,1,131.70,2026-08-14 16:46:00,SUCCESS
24913,7,3,2242.10,2026-08-26 10:14:00,SUCCESS
24914,3,13,4535.40,2026-08-07 21:13:00,REFUNDED
24915,9,18,1743.40,2026-08-16 10:50:00,PENDING
24916,4,10,1189.40,2026-08-12 02:39:00,REFUNDED
24917,2,7,915.50,2026-08-29 09:26:00,SUCCESS
24918,3,17,1592.20,2026-08-05 20:43:00,REFUNDED
24919,5,16,3018.80,2026-08-12 22:25:00,SUCCESS
24920,5,9,2030.80,2026-08-30 11:16:00,SUCCESS
24921,10,7,849.90,2026-08-28 19:26:00,PENDING
24922,5,12,3048.80,2026-08-23 19:58:00,SUCCESS
24923,2,7,1150.70,2026-08-23 04:26:00,FAILED
24924,5,16,1254.60,2026-08-26 03:09:00,REFUNDED
24925,1,4,2728.40,2026-08-24 14:06:00,FAILED
24926,2,15,3679.30,2026-08-24 23:05:00,REFUNDED
24927,1,2,4554.70,2026-08-25 07:28:00,PENDING
24928,5,17,1036.00,2026-08-22 08:42:00,REFUNDED
24929,6,1,1523.60,2026-08-03 13:53:00,FAILED
24930,1,100.00
24931,2,1,4018.90,2026-08-07 23:24:00,PENDING
24932,2,20,827.70,2026-08-21 08:16:00,SUCCESS
24933,8,4,1039.90,2026-08-23 04:44:00,PENDING
24934,3,16,4958.50,2026-08-17 05:12:00,FAILED
24935,6,16,309.30,2026-08-17 00:18:00,FAILED
24936,6,10,5004.00,2026-08-21 09:39:00,PENDING
24937,4,8,3151.50,2026-08-02 22:02:00,FAILED
24938,2,12,1623.60,2026-08-21 15:03:00,PENDING
24939,8,8,4616.30,2026-08-12 11:33:00,REFUNDED
24940,8,20,440.20,2026-08-17 22:59:00,REFUNDED
24941,10,19,3954.80,2026-08-11 18:31:00,PENDING
24942,3,6,3940.10,2026-08-23 09:18:00,SUCCESS
24943,6,9,2942.10,2026-08-18 04:34:00,REFUNDED
24944,2,19,205.90,2026-08-12 13:59:00,SUCCESS
24945,3,1,4001.40,2026-08-08 15:03:00,SUCCESS
24946,2,17,2069.90,2026-08-17 15:10:00,FAILED
24947,4,4,2937.90,2026-08-06 07:45:00,FAILED
24948,10,15,72.70,2026-08-04 14:59:00,SUCCESS
24949,4,2,1946.80,2026-08-15 01:31:00,PENDING
24950,3,1,4712.50,2026-08-09 09:30:00,REFUNDED
24951,3,11,5009.10,2026-08-23 07:55:00,FAILED
24952,3,3,2565.00,2026-08-24 08:29:00,FAILED
24953,6,1,3226.50,2026-08-09 10:43:00,PENDING
24954,8,1,1199.80,2026-08-20 23:47:00,SUCCESS
24955,10,4,2389.10,2026-08-23 22:41:00,FAILED
24956,7,16,3762.60,2026-08-18 22:32:00,SUCCESS
24957,1,7,4085.30,2026-08-08 13:13:00,SUCCESS
24958,4,10,3560.20,2026-08-07 19:07:00,REFUNDED
24959,8,13,4722.30,2026-08-06 05:20:00,FAILED
24960,5,17,4566.00,2026-08-20 17:33:00,PENDING
24961,8,17,2489.00,2026-08-14 14:33:00,FAILED
24962,8,3,144.10,2026-08-27 19:08:00,PENDING
24963,8,11,1025.50,2026-08-21 13:41:00,PENDING
24964,8,19,4967.10,2026-08-25 17:17:00,PENDING
24965,4,13,1311.20,2026-08-22 09:00:00,SUCCESS
24966,3,14,1546.50,2026-08-06 01:07:00,FAILED
24967,5,13,1422.50,2026-08-16 06:55:00,PENDING
24968,6,12,1391.80,2026-08-08 12:43:00,FAILED
24969,2,17,5019.90,2026-08-28 15:57:00,SUCCESS
24970,7,19,2637.40,2026-08-31 00:08:00,FAILED
24971,6,16,1924.20,2026-08-17 20:04:00,REFUNDED
24972,2,12,3609.20,2026-08-23 13:24:00,FAILED
24973,6,16,1659.40,2026-08-08 09:52:00,REFUNDED
24974,1,100.00
24975,1,18,3741.20,2026-08-11 18:45:00,PENDING
24976,6,20,3817.00,2026-08-14 04:18:00,PENDING
24977,6,5,904.20,2026-08-08 09:25:00,SUCCESS
24978,5,4,1000.10,2026-08-14 19:44:00,PENDING
24979,6,4,1395.40,2026-08-22 15:26:00,SUCCESS
24980,10,4,4663.00,2026-08-06 04:15:00,PENDING
24981,1,19,2883.70,2026-08-30 01:26:00,REFUNDED
24982,5,11,3901.70,2026-08-17 00:18:00,REFUNDED
24983,4,12,2415.90,2026-08-05 21:58:00,PENDING
24984,8,7,576.30,2026-08-31 05:21:00,SUCCESS
24985,2,13,1984.20,2026-08-23 11:24:00,SUCCESS
24986,8,11,128.10,2026-08-13 00:26:00,PENDING
24987,2,5,4584.00,2026-08-24 01:18:00,FAILED
24988,2,3,220.80,2026-08-30 16:04:00,FAILED
24989,2,8,1858.80,2026-08-15 00:08:00,REFUNDED
24990,1,15,2194.70,2026-08-14 03:19:00,SUCCESS
24991,3,12,580.00,2026-08-17 06:59:00,FAILED
24992,8,19,2401.70,2026-08-29 06:42:00,PENDING
24993,8,16,257.70,2026-08-11 09:13:00,PENDING
24994,4,9,1219.20,2026-08-28 05:09:00,PENDING
24995,9,18,621.40,2026-08-02 19:30:00,PENDING
24996,3,9,3769.70,2026-08-09 00:23:00,SUCCESS
24997,8,3,3268.80,2026-08-14 22:21:00,FAILED
24998,8,15,3885.70,2026-08-28 08:56:00,PENDING
24999,6,15,3148.50,2026-08-05 12:15:00,PENDING
25000,1,15,3071.10,2026-08-24 09:50:00,FAILED
25001,9,3,4000.20,2026-08-07 13:03:00,FAILED
25002,9,9,4973.50,2026-08-19 04:00:00,PENDING
25003,7,12,568.90,2026-08-29 12:07:00,REFUNDED
25004,3,10,2445.50,2026-08-27 10:41:00,PENDING
25005,7,14,4227.50,2026-08-19 21:03:00,SUCCESS
25006,4,9,4495.60,2026-08-17 03:14:00,REFUNDED
25007,2,5,4828.10,2026-08-27 04:29:00,FAILED
25008,6,14,4708.70,2026-08-13 16:42:00,PENDING
25009,9,16,3758.00,2026-08-24 00:12:00,PENDING
25010,7,19,1932.50,2026-08-07 01:04:00,REFUNDED
25011,1,18,2706.40,2026-08-09 17:33:00,SUCCESS
25012,1,6,3024.90,2026-08-09 03:16:00,REFUNDED
25013,10,17,1246.90,2026-08-09 06:21:00,SUCCESS
25014,1,16,3277.30,2026-08-13 01:25:00,REFUNDED
25015,9,15,962.70,2026-08-28 17:15:00,SUCCESS
25016,8,15,4474.30,2026-08-24 14:58:00,PENDING
25017,5,1,2196.50,2026-08-23 02:03:00,PENDING
25018,2,1,1743.50,2026-08-24 12:47:00,PENDING
25019,7,15,1751.60,2026-08-27 15:17:00,REFUNDED
25020,1,5,1768.20,2026-08-20 12:04:00,FAILED
25021,2,5,2791.40,2026-08-14 16:30:00,REFUNDED
25022,4,2,3044.80,2026-08-05 00:01:00,SUCCESS
25023,2,10,1703.00,2026-08-06 18:34:00,PENDING
25024,1,19,1094.80,2026-08-29 12:00:00,FAILED
25025,6,13,2360.70,2026-08-13 23:31:00,FAILED
25026,5,12,219.50,2026-08-30 06:37:00,FAILED
25027,8,15,1797.10,2026-08-23 18:35:00,PENDING
25028,7,7,3337.00,2026-08-07 15:47:00,PENDING
25029,4,10,1497.30,2026-08-16 02:08:00,SUCCESS
25030,3,15,1194.70,2026-08-22 15:37:00,SUCCESS
25031,7,5,1724.30,2026-08-02 13:02:00,REFUNDED
25032,3,9,1690.30,2026-08-16 20:20:00,REFUNDED
25033,2,13,4360.70,2026-08-18 10:04:00,FAILED
25034,6,9,2047.20,2026-08-21 13:54:00,PENDING
25035,4,15,3982.50,2026-08-05 17:41:00,REFUNDED
25036,1,1,5000,2026-08-01 12:00:00,UNKNOWN_STATUS
25037,10,1,2014.40,2026-08-20 07:07:00,FAILED
25038,3,15,185.40,2026-08-20 11:22:00,SUCCESS
25039,7,6,92.50,2026-08-18 18:22:00,PENDING
25040,1,14,4786.00,2026-08-03 12:05:00,SUCCESS
25041,6,1,266.20,2026-08-23 06:02:00,PENDING
25042,3,17,1720.10,2026-08-24 16:54:00,REFUNDED
25043,3,7,4399.20,2026-08-02 15:57:00,REFUNDED
25044,6,16,2018.60,2026-08-29 04:10:00,FAILED
25045,5,15,3352.80,2026-08-17 08:11:00,REFUNDED
25046,9,9,724.60,2026-08-10 05:43:00,SUCCESS
25047,4,16,3211.30,2026-08-21 12:27:00,SUCCESS
25048,10,8,3852.80,2026-08-19 20:07:00,PENDING
25049,8,1,4617.60,2026-08-13 00:25:00,FAILED
25050,7,1,1540.10,2026-08-19 06:35:00,SUCCESS
25051,7,16,1835.30,2026-08-16 22:59:00,SUCCESS
25052,7,11,449.30,2026-08-29 11:29:00,REFUNDED
25053,7,20,1814.30,2026-08-17 20:36:00,SUCCESS
25054,8,10,1666.30,2026-08-15 22:49:00,PENDING
25055,7,10,4681.90,2026-08-26 22:58:00,SUCCESS
25056,9,4,2719.00,2026-08-05 01:15:00,SUCCESS
25057,2,1,2628.00,2026-08-15 20:06:00,SUCCESS
25058,3,20,1540.50,2026-08-12 05:07:00,REFUNDED
25059,1,18,1369.00,2026-08-15 04:20:00,SUCCESS
25060,5,4,338.60,2026-08-22 08:36:00,FAILED
25061,2,19,94.10,2026-08-17 13:26:00,SUCCESS
25062,5,13,4999.80,2026-08-30 21:40:00,REFUNDED
25063,1,11,3986.40,2026-08-25 02:04:00,REFUNDED
25064,4,2,598.00,2026-08-13 06:43:00,PENDING
25065,1,6,4618.50,2026-08-09 20:15:00,SUCCESS
25066,3,9,903.90,2026-08-15 06:01:00,REFUNDED
25067,2,19,185.60,2026-08-15 06:38:00,FAILED
25068,2,13,984.70,2026-08-09 01:03:00,FAILED
25069,2,5,2294.90,2026-08-30 15:47:00,FAILED
25070,7,12,2796.90,2026-08-07 01:33:00,REFUNDED
25071,9,12,849.20,2026-08-08 13:28:00,REFUNDED
25072,6,3,2817.40,2026-08-24 20:21:00,REFUNDED
25073,5,7,89.40,2026-08-01 14:56:00,FAILED
25074,8,1,3976.70,2026-08-18 22:01:00,REFUNDED
25075,9,14,2871.30,2026-08-11 10:40:00,REFUNDED
25076,4,18,291.80,2026-08-20 23:23:00,SUCCESS
25077,3,11,4992.20,2026-08-29 10:01:00,PENDING
25078,9,3,114.70,2026-08-16 12:20:00,SUCCESS
25079,9,15,1007.80,2026-08-13 04:20:00,FAILED
25080,1,1,NOT_A_NUMBER,2026-08-01 12:00:00,SUCCESS
25081,3,14,447.80,2026-08-23 18:36:00,REFUNDED
25082,2,6,2670.70,2026-08-29 09:35:00,REFUNDED
25083,4,4,3872.50,2026-08-17 05:56:00,PENDING
25084,1,4,1243.80,2026-08-01 19:49:00,SUCCESS
25085,1,13,1871.80,2026-08-25 16:00:00,FAILED
25086,10,2,2607.70,2026-08-24 13:39:00,SUCCESS
25087,3,3,2836.00,2026-08-26 12:06:00,FAILED
25088,5,3,3156.30,2026-08-07 22:31:00,PENDING
25089,2,17,232.40,2026-08-13 14:04:00,FAILED
25090,3,6,3548.60,2026-08-10 01:09:00,SUCCESS
25091,8,16,4347.00,2026-08-21 01:50:00,FAILED
25092,8,12,234.80,2026-08-18 18:07:00,PENDING
25093,8,4,4533.20,2026-08-17 00:27:00,REFUNDED
25094,6,9,1357.30,2026-08-06 20:48:00,PENDING
25095,9,7,2079.70,2026-08-11 07:23:00,SUCCESS
25096,3,11,3149.80,2026-08-04 22:56:00,SUCCESS
25097,1,1,5000,2026-08-01 12:00:00,UNKNOWN_STATUS
25098,8,5,4552.80,2026-08-17 09:39:00,REFUNDED
25099,2,6,849.70,2026-08-09 15:05:00,SUCCESS
25100,2,3,2633.80,2026-08-01 15:13:00,FAILED
25101,3,14,2167.50,2026-08-12 07:55:00,SUCCESS
25102,7,6,2966.50,2026-08-24 22:10:00,REFUNDED
25103,7,12,3176.10,2026-08-03 16:56:00,SUCCESS
25104,5,20,1798.10,2026-08-20 07:23:00,SUCCESS
25105,6,17,1633.50,2026-08-16 05:59:00,FAILED
25106,5,17,3662.30,2026-08-02 02:57:00,PENDING
25107,5,2,3157.70,2026-08-24 15:02:00,REFUNDED
25108,7,1,2475.20,2026-08-26 18:36:00,REFUNDED
25109,7,5,562.10,2026-08-21 14:24:00,SUCCESS
25110,7,9,3228.00,2026-08-18 06:52:00,FAILED
25111,4,17,393.70,2026-08-15 12:29:00,PENDING
25112,2,5,2821.10,2026-08-05 19:20:00,REFUNDED
25113,3,18,1144.00,2026-08-25 08:40:00,FAILED
25114,4,10,3380.70,2026-08-30 10:30:00,PENDING
25115,4,9,1102.80,2026-08-09 11:36:00,REFUNDED
25116,4,19,933.50,2026-08-06 13:08:00,SUCCESS
25117,1,20,450.80,2026-08-16 14:56:00,PENDING
25118,6,3,3804.20,2026-08-18 18:46:00,PENDING
25119,5,13,1822.80,2026-08-03 10:31:00,REFUNDED
25120,4,20,2976.90,2026-08-18 12:07:00,REFUNDED
25121,3,11,4271.40,2026-08-07 00:14:00,PENDING
25122,7,10,2947.50,2026-08-05 16:24:00,SUCCESS
25123,9,9,1768.00,2026-08-13 09:30:00,REFUNDED
25124,6,4,2503.70,2026-08-17 18:48:00,PENDING
25125,5,3,4447.40,2026-08-28 06:44:00,FAILED
25126,7,12,3500.10,2026-08-26 05:05:00,REFUNDED
25127,9,16,2635.20,2026-08-31 07:39:00,PENDING
25128,2,19,4999.80,2026-08-05 19:46:00,FAILED
25129,6,20,1572.60,2026-08-01 12:33:00,PENDING
25130,10,19,1039.00,2026-08-07 20:49:00,SUCCESS
25131,5,18,1941.80,2026-08-01 12:49:00,REFUNDED
25132,7,16,4013.00,2026-08-25 12:02:00,REFUNDED
25133,7,7,286.90,2026-08-08 07:40:00,REFUNDED
25134,1,4,1607.90,2026-08-26 03:58:00,FAILED
25135,4,14,1975.70,2026-08-10 21:40:00,SUCCESS
25136,8,14,4158.90,2026-08-26 16:13:00,FAILED
25137,1,4,4657.50,2026-08-11 02:55:00,PENDING
25138,5,4,1236.60,2026-08-10 11:34:00,PENDING
25139,8,5,626.10,2026-08-14 03:34:00,SUCCESS
25140,4,3,1310.00,2026-08-05 10:38:00,REFUNDED
25141,1,1,2258.80,2026-08-21 01:54:00,SUCCESS
25142,5,6,2067.20,2026-08-18 03:50:00,FAILED
25143,8,4,1870.00,2026-08-05 10:43:00,PENDING
25144,4,18,1134.20,2026-08-16 18:45:00,FAILED
25145,2,1,3351.60,2026-08-07 10:36:00,PENDING
25146,1,19,3329.10,2026-08-04 17:28:00,SUCCESS
25147,6,11,4044.90,2026-08-03 14:31:00,REFUNDED
25148,4,7,2487.50,2026-08-09 05:04:00,REFUNDED
25149,2,9,2431.90,2026-08-29 17:47:00,FAILED
25150,1,17,4346.90,2026-08-26 20:07:00,REFUNDED
25151,9,8,2014.10,2026-08-14 17:13:00,SUCCESS
25152,5,4,2746.30,2026-08-20 13:31:00,PENDING
25153,10,12,2246.30,2026-08-21 13:15:00,REFUNDED
25154,8,16,51.30,2026-08-12 05:05:00,FAILED
25155,4,8,1645.90,2026-08-21 20:52:00,REFUNDED
25156,9,19,3900.70,2026-08-05 22:53:00,FAILED
25157,1,7,4426.20,2026-08-04 17:28:00,PENDING
25158,10,13,4729.30,2026-08-08 00:32:00,SUCCESS
25159,8,12,4435.30,2026-08-24 08:46:00,FAILED
25160,8,15,3067.20,2026-08-06 08:07:00,REFUNDED
25161,6,11,3045.10,2026-08-15 15:54:00,SUCCESS
25162,9,9,1674.60,2026-08-08 19:15:00,REFUNDED
25163,5,9,2348.70,2026-08-17 07:59:00,PENDING
25164,4,19,1850.30,2026-08-04 22:39:00,SUCCESS
25165,3,20,1026.20,2026-08-22 20:14:00,PENDING
25166,4,3,3196.80,2026-08-11 18:46:00,SUCCESS
25167,1,4,1684.80,2026-08-10 05:58:00,FAILED
25168,1,14,2634.90,2026-08-27 19:21:00,PENDING
25169,3,11,579.00,2026-08-21 00:48:00,FAILED
25170,1,1,5000,INVALID_DATE_TIME,SUCCESS
25171,7,6,635.50,2026-08-21 23:21:00,SUCCESS
25172,6,19,4231.60,2026-08-28 09:11:00,SUCCESS
25173,4,7,3030.60,2026-08-06 09:13:00,SUCCESS
25174,9,13,3476.20,2026-08-06 05:22:00,REFUNDED
25175,4,3,2818.20,2026-08-24 11:01:00,FAILED
25176,6,4,661.60,2026-08-15 16:44:00,PENDING
25177,2,15,2334.90,2026-08-22 19:37:00,FAILED
25178,1,18,2454.80,2026-08-20 01:56:00,REFUNDED
25179,8,3,2338.30,2026-08-11 20:19:00,REFUNDED
25180,8,6,3375.30,2026-08-18 23:21:00,REFUNDED
25181,3,3,1636.80,2026-08-04 00:16:00,SUCCESS
25182,4,16,283.90,2026-08-14 12:59:00,PENDING
25183,10,7,1603.30,2026-08-10 14:00:00,PENDING
25184,1,8,326.20,2026-08-21 06:39:00,SUCCESS
25185,1,15,2120.20,2026-08-25 05:34:00,PENDING
25186,4,14,2444.60,2026-08-08 06:50:00,FAILED
25187,3,18,4658.20,2026-08-06 16:08:00,FAILED
25188,7,14,1195.80,2026-08-16 06:52:00,REFUNDED
25189,9,11,4119.90,2026-08-02 19:25:00,FAILED
25190,10,13,1516.20,2026-08-11 10:27:00,REFUNDED
25191,6,2,3111.60,2026-08-15 18:30:00,SUCCESS
25192,6,6,3110.20,2026-08-23 11:33:00,PENDING
25193,3,11,1706.10,2026-08-21 16:28:00,FAILED
25194,7,5,4793.10,2026-08-10 18:34:00,SUCCESS
25195,9,2,4449.60,2026-08-08 06:48:00,REFUNDED
25196,5,3,3162.40,2026-08-18 15:25:00,REFUNDED
25197,5,8,4100.60,2026-08-10 13:41:00,SUCCESS
25198,4,16,4519.50,2026-08-28 02:55:00,FAILED
25199,7,6,2246.30,2026-08-15 02:14:00,PENDING
25200,4,17,218.70,2026-08-10 18:49:00,REFUNDED
25201,3,4,540.40,2026-08-04 09:16:00,PENDING
25202,9,7,2425.10,2026-08-10 02:34:00,PENDING
25203,7,6,4828.20,2026-08-12 14:10:00,FAILED
25204,1,5,1563.40,2026-08-01 13:36:00,SUCCESS
25205,5,10,4258.70,2026-08-19 23:13:00,REFUNDED
25206,10,19,2873.70,2026-08-25 09:25:00,SUCCESS
25207,3,4,3750.10,2026-08-15 05:22:00,FAILED
25208,4,13,1034.50,2026-08-04 21:47:00,REFUNDED
25209,9,3,1081.00,2026-08-11 20:10:00,SUCCESS
25210,8,6,3098.60,2026-08-21 00:54:00,REFUNDED
25211,3,14,928.40,2026-08-10 04:55:00,SUCCESS
25212,5,5,2706.70,2026-08-12 18:06:00,SUCCESS
25213,4,20,1900.40,2026-08-18 19:30:00,SUCCESS
25214,9,4,102.60,2026-08-11 21:49:00,REFUNDED
25215,10,6,3732.30,2026-08-23 19:16:00,SUCCESS
25216,6,19,2239.40,2026-08-23 23:41:00,PENDING
25217,2,9,3091.30,2026-08-13 14:44:00,SUCCESS
25218,3,1,1722.20,2026-08-19 10:22:00,REFUNDED
25219,4,14,2744.10,2026-08-27 14:40:00,PENDING
25220,8,11,220.50,2026-08-30 03:52:00,FAILED
25221,6,16,246.40,2026-08-28 09:37:00,PENDING
25222,7,7,3746.50,2026-08-16 06:34:00,PENDING
25223,8,18,996.50,2026-08-21 19:52:00,REFUNDED
25224,1,1,NOT_A_NUMBER,2026-08-01 12:00:00,SUCCESS
25225,5,13,2939.60,2026-08-12 18:52:00,SUCCESS
25226,7,6,3919.60,2026-08-27 20:11:00,SUCCESS
25227,9,2,1183.90,2026-08-13 21:02:00,REFUNDED
25228,6,6,3831.00,2026-08-29 21:08:00,REFUNDED
25229,7,8,3099.30,2026-08-13 07:52:00,REFUNDED
25230,7,11,4466.80,2026-08-17 14:55:00,PENDING
25231,6,20,2164.40,2026-08-09 17:29:00,FAILED
25232,10,10,2087.70,2026-08-20 15:18:00,SUCCESS
25233,3,1,1538.00,2026-08-28 22:38:00,PENDING
25234,7,7,1624.90,2026-08-25 23:06:00,REFUNDED
25235,6,20,270.30,2026-08-28 14:26:00,REFUNDED
25236,9,13,4261.80,2026-08-12 03:34:00,FAILED
25237,9,10,3212.20,2026-08-13 13:10:00,SUCCESS
25238,9,12,3810.30,2026-08-22 04:59:00,REFUNDED
25239,1,18,2340.00,2026-08-21 16:54:00,SUCCESS
25240,8,6,3593.60,2026-08-18 21:47:00,FAILED
25241,5,2,2288.60,2026-08-30 17:03:00,PENDING
25242,7,15,1302.90,2026-08-17 03:19:00,SUCCESS
25243,9,20,4631.10,2026-08-20 21:19:00,FAILED
25244,1,12,2768.10,2026-08-20 23:02:00,PENDING
25245,3,19,933.30,2026-08-27 11:01:00,PENDING
25246,10,13,4415.90,2026-08-18 11:32:00,REFUNDED
25247,4,19,4276.70,2026-08-22 11:36:00,SUCCESS
25248,8,9,822.90,2026-08-11 08:54:00,PENDING
25249,2,7,711.90,2026-08-20 06:19:00,PENDING
25250,6,13,955.00,2026-08-17 19:08:00,REFUNDED
25251,5,15,3723.00,2026-08-04 00:38:00,FAILED
25252,4,19,4822.50,2026-08-04 19:00:00,PENDING
25253,5,19,3745.90,2026-08-13 23:52:00,FAILED
25254,10,13,62.40,2026-08-05 01:20:00,REFUNDED
25255,4,11,780.10,2026-08-16 01:12:00,FAILED
25256,6,6,2730.40,2026-08-31 00:54:00,FAILED
25257,9,10,4869.90,2026-08-30 12:50:00,REFUNDED
25258,2,15,2574.00,2026-08-16 20:55:00,SUCCESS
25259,3,3,2757.20,2026-08-25 10:06:00,SUCCESS
25260,9,14,3026.60,2026-08-24 07:05:00,PENDING
25261,7,10,2398.80,2026-08-06 06:51:00,REFUNDED
25262,4,18,2451.90,2026-08-28 10:43:00,SUCCESS
25263,8,14,1342.60,2026-08-08 15:21:00,REFUNDED
25264,6,12,1216.70,2026-08-12 06:51:00,FAILED
25265,7,2,2949.30,2026-08-04 02:26:00,SUCCESS
25266,10,19,3355.90,2026-08-19 11:51:00,FAILED
25267,9,10,4624.50,2026-08-12 03:36:00,PENDING
25268,7,10,4093.20,2026-08-20 02:49:00,PENDING
25269,2,12,672.40,2026-08-05 11:55:00,REFUNDED
25270,6,5,2135.50,2026-08-17 14:44:00,PENDING
25271,7,10,3164.70,2026-08-18 02:51:00,SUCCESS
25272,2,19,3458.70,2026-08-29 09:59:00,SUCCESS
25273,1,7,1134.00,2026-08-02 02:25:00,REFUNDED
25274,10,1,381.00,2026-08-22 14:31:00,PENDING
25275,1,15,4892.70,2026-08-12 04:31:00,REFUNDED
25276,8,12,1638.40,2026-08-20 00:03:00,FAILED
25277,3,9,3602.90,2026-08-06 23:26:00,FAILED
25278,3,17,4664.20,2026-08-19 08:20:00,FAILED
25279,5,8,4364.50,2026-08-21 16:51:00,SUCCESS
25280,4,9,4064.20,2026-08-21 23:11:00,REFUNDED
25281,9,8,4476.70,2026-08-21 07:53:00,SUCCESS
25282,10,17,483.20,2026-08-09 11:52:00,PENDING
25283,4,5,4631.80,2026-08-29 13:31:00,SUCCESS
25284,7,8,872.70,2026-08-11 00:17:00,FAILED
25285,1,19,1137.50,2026-08-12 22:19:00,PENDING
25286,5,1,1753.80,2026-08-06 13:47:00,FAILED
25287,9,8,1081.90,2026-08-22 22:08:00,SUCCESS
25288,3,8,4664.90,2026-08-10 06:42:00,PENDING
25289,7,10,4447.30,2026-08-04 03:58:00,REFUNDED
25290,9,12,1276.20,2026-08-28 05:06:00,REFUNDED
25291,2,18,2111.50,2026-08-04 10:47:00,FAILED
25292,6,2,3048.10,2026-08-26 15:35:00,REFUNDED
25293,8,14,1785.20,2026-08-17 12:30:00,REFUNDED
25294,2,8,1299.90,2026-08-13 18:16:00,PENDING
25295,2,15,4653.60,2026-08-10 01:34:00,REFUNDED
25296,5,7,4684.90,2026-08-08 01:15:00,FAILED
25297,3,11,3906.80,2026-08-19 23:37:00,FAILED
25298,5,11,634.60,2026-08-17 06:52:00,REFUNDED
25299,10,1,3415.80,2026-08-17 18:23:00,FAILED
25300,8,20,616.90,2026-08-07 15:40:00,FAILED
25301,8,18,4889.00,2026-08-20 02:41:00,FAILED
25302,3,11,1897.40,2026-08-22 01:38:00,SUCCESS
25303,5,8,4796.70,2026-08-01 08:27:00,REFUNDED
25304,5,9,730.70,2026-08-20 18:46:00,PENDING
25305,3,4,4231.30,2026-08-29 02:05:00,PENDING
25306,2,8,2082.60,2026-08-16 12:16:00,REFUNDED
25307,2,15,671.40,2026-08-06 22:03:00,SUCCESS
25308,5,6,1722.30,2026-08-10 07:40:00,FAILED
25309,5,2,2659.70,2026-08-08 14:48:00,SUCCESS
25310,6,9,4438.90,2026-08-19 06:36:00,REFUNDED
25311,10,12,866.70,2026-08-11 20:22:00,FAILED
25312,10,10,4815.20,2026-08-05 01:38:00,REFUNDED
25313,3,14,2616.30,2026-08-11 17:46:00,FAILED
25314,7,17,4108.40,2026-08-26 10:24:00,REFUNDED
25315,5,4,912.10,2026-08-07 19:25:00,REFUNDED
25316,10,4,2042.70,2026-08-23 16:02:00,PENDING
25317,7,12,4399.50,2026-08-24 17:55:00,REFUNDED
25318,8,4,1358.90,2026-08-27 12:45:00,FAILED
25319,5,9,4030.50,2026-08-14 14:31:00,SUCCESS
25320,4,4,1266.10,2026-08-26 02:54:00,REFUNDED
25321,8,18,4391.80,2026-08-15 11:17:00,PENDING
25322,6,16,723.10,2026-08-03 00:46:00,REFUNDED
25323,4,16,1671.20,2026-08-14 07:28:00,PENDING
25324,7,5,4843.80,2026-08-20 10:42:00,SUCCESS
25325,9,3,329.60,2026-08-12 19:34:00,REFUNDED
25326,4,12,4726.70,2026-08-07 17:05:00,REFUNDED
25327,2,16,1104.50,2026-08-01 11:36:00,REFUNDED
25328,4,19,1591.90,2026-08-08 00:44:00,REFUNDED
25329,9,10,1170.40,2026-08-23 07:49:00,SUCCESS
25330,5,5,277.90,2026-08-18 00:53:00,FAILED
25331,3,1,723.90,2026-08-29 03:15:00,SUCCESS
25332,10,19,1825.10,2026-08-21 14:14:00,SUCCESS
25333,7,12,4074.30,2026-08-22 17:10:00,PENDING
25334,8,8,1209.60,2026-08-05 01:36:00,SUCCESS
25335,6,20,270.60,2026-08-17 05:50:00,PENDING
25336,3,7,3003.30,2026-08-22 02:26:00,REFUNDED
25337,8,1,3783.40,2026-08-25 11:43:00,SUCCESS
25338,7,8,625.20,2026-08-08 11:52:00,SUCCESS
25339,5,6,3046.80,2026-08-17 00:55:00,FAILED
25340,5,14,539.90,2026-08-16 10:34:00,SUCCESS
25341,10,6,4534.40,2026-08-16 03:41:00,FAILED
25342,3,2,3261.10,2026-08-23 22:11:00,FAILED
25343,3,17,4898.60,2026-08-18 12:04:00,PENDING
25344,1,8,1459.60,2026-08-09 13:43:00,REFUNDED
25345,7,11,4581.10,2026-08-21 21:49:00,PENDING
25346,9,6,3940.80,2026-08-29 02:43:00,REFUNDED
25347,2,13,307.10,2026-08-17 05:42:00,REFUNDED
25348,2,16,4994.20,2026-08-29 09:01:00,SUCCESS
25349,10,14,440.00,2026-08-19 11:04:00,REFUNDED
25350,2,5,4973.70,2026-08-25 23:51:00,FAILED
25351,3,14,2315.20,2026-08-10 00:43:00,SUCCESS
25352,4,6,4343.00,2026-08-22 13:43:00,PENDING
25353,3,11,1706.90,2026-08-23 22:31:00,FAILED
25354,2,8,1905.90,2026-08-11 05:03:00,PENDING
25355,5,8,4412.60,2026-08-29 19:39:00,SUCCESS
25356,1,1,5000,INVALID_DATE_TIME,SUCCESS
25357,4,3,1576.30,2026-08-08 18:01:00,FAILED
25358,2,6,1507.50,2026-08-06 17:35:00,REFUNDED
25359,1,14,4786.30,2026-08-30 22:46:00,FAILED
25360,4,8,386.40,2026-08-28 19:09:00,PENDING
25361,1,19,4883.00,2026-08-03 08:10:00,SUCCESS
25362,8,7,1382.00,2026-08-22 16:00:00,REFUNDED
25363,7,6,4896.30,2026-08-06 10:02:00,PENDING
25364,2,9,1451.80,2026-08-09 12:17:00,SUCCESS
25365,8,14,1840.90,2026-08-09 06:12:00,FAILED
25366,4,3,3688.60,2026-08-20 00:51:00,REFUNDED
25367,6,11,2464.40,2026-08-10 18:19:00,FAILED
25368,3,5,3745.90,2026-08-06 16:14:00,SUCCESS
25369,7,20,4330.40,2026-08-02 16:21:00,SUCCESS
25370,10,12,2388.60,2026-08-12 03:19:00,PENDING
25371,8,5,4323.70,2026-08-01 14:24:00,FAILED
25372,8,10,1760.80,2026-08-09 11:45:00,REFUNDED
25373,10,10,3404.70,2026-08-27 01:33:00,REFUNDED
25374,9,2,1770.90,2026-08-24 12:36:00,REFUNDED
25375,6,19,4210.70,2026-08-23 23:48:00,FAILED
25376,10,7,3747.50,2026-08-30 14:52:00,SUCCESS
25377,10,13,1586.30,2026-08-21 00:34:00,FAILED
25378,10,7,2696.10,2026-08-21 16:21:00,FAILED
25379,5,7,4310.90,2026-08-15 10:25:00,PENDING
25380,8,10,2150.70,2026-08-30 02:15:00,SUCCESS
25381,1,2,3695.00,2026-08-26 06:02:00,FAILED
25382,3,16,1265.70,2026-08-06 05:53:00,FAILED
25383,5,7,1415.40,2026-08-25 03:43:00,REFUNDED
25384,10,20,179.90,2026-08-08 15:54:00,FAILED
25385,6,4,1101.60,2026-08-20 19:04:00,FAILED
25386,9,4,3431.10,2026-08-04 06:17:00,REFUNDED
25387,2,17,1428.40,2026-08-06 13:29:00,FAILED
25388,1,1,382.00,2026-08-04 03:14:00,REFUNDED
25389,4,14,3840.50,2026-08-08 02:11:00,FAILED
25390,6,11,833.00,2026-08-16 04:41:00,REFUNDED
25391,3,11,3776.10,2026-08-21 12:22:00,PENDING
25392,5,1,4723.10,2026-08-23 21:51:00,PENDING
25393,8,8,1529.20,2026-08-15 14:13:00,REFUNDED
25394,7,13,1623.00,2026-08-07 19:41:00,SUCCESS
25395,10,15,1377.50,2026-08-22 09:07:00,SUCCESS
25396,1,4,4497.30,2026-08-16 18:30:00,FAILED
25397,2,2,1018.70,2026-08-03 12:19:00,FAILED
25398,8,14,4940.00,2026-08-05 21:57:00,PENDING
25399,10,3,413.90,2026-08-24 04:20:00,FAILED
25400,10,1,55.90,2026-08-16 18:38:00,SUCCESS
25401,1,4,128.20,2026-08-25 07:17:00,REFUNDED
25402,2,1,1118.10,2026-08-29 19:28:00,SUCCESS
25403,2,1,1068.60,2026-08-19 22:04:00,SUCCESS
25404,6,18,4789.20,2026-08-17 07:30:00,PENDING
25405,7,6,799.90,2026-08-10 23:48:00,REFUNDED
25406,1,17,2733.00,2026-08-18 12:43:00,SUCCESS
25407,4,6,3873.90,2026-08-10 06:06:00,FAILED
25408,9,11,3188.10,2026-08-28 05:17:00,PENDING
25409,10,12,823.40,2026-08-15 01:37:00,SUCCESS
25410,6,1,2197.80,2026-08-03 03:57:00,FAILED
25411,5,17,1619.80,2026-08-07 09:52:00,PENDING
25412,2,13,5020.80,2026-08-05 04:30:00,SUCCESS
25413,1,15,853.30,2026-08-25 09:02:00,PENDING
25414,5,18,3823.60,2026-08-26 06:32:00,REFUNDED
25415,6,1,4463.50,2026-08-29 00:38:00,REFUNDED
25416,7,6,51.90,2026-08-07 04:00:00,SUCCESS
25417,10,1,1817.80,2026-08-29 21:12:00,PENDING
25418,2,12,688.00,2026-08-04 07:07:00,PENDING
25419,6,3,3720.70,2026-08-13 01:56:00,SUCCESS
25420,2,14,2565.70,2026-08-04 10:54:00,PENDING
25421,8,4,4289.80,2026-08-19 17:11:00,REFUNDED
25422,7,15,630.70,2026-08-07 01:45:00,FAILED
25423,3,5,1994.50,2026-08-03 21:21:00,SUCCESS
25424,10,6,122.70,2026-08-23 10:13:00,SUCCESS
25425,3,11,1446.00,2026-08-28 13:56:00,SUCCESS
25426,3,11,4548.80,2026-08-12 17:02:00,FAILED
25427,5,20,1148.00,2026-08-04 22:58:00,SUCCESS
25428,8,18,3530.00,2026-08-11 05:26:00,FAILED
25429,1,10,2284.40,2026-08-09 08:59:00,PENDING
25430,5,19,3256.60,2026-08-08 19:44:00,SUCCESS
25431,6,20,419.50,2026-08-03 17:26:00,REFUNDED
25432,3,19,3852.70,2026-08-27 05:33:00,REFUNDED
25433,1,2,3269.60,2026-08-14 23:36:00,SUCCESS
25434,3,15,133.10,2026-08-22 08:22:00,REFUNDED
25435,4,14,5043.60,2026-08-24 09:43:00,SUCCESS
25436,10,8,2766.50,2026-08-12 00:22:00,PENDING
25437,3,20,2316.40,2026-08-30 17:04:00,FAILED
25438,9,16,1456.20,2026-08-15 20:52:00,FAILED
25439,5,7,4920.30,2026-08-03 16:23:00,SUCCESS
25440,10,1,4824.60,2026-08-17 18:25:00,REFUNDED
25441,4,2,475.40,2026-08-19 11:38:00,FAILED
25442,7,18,4477.10,2026-08-21 16:30:00,FAILED
25443,5,12,4888.50,2026-08-25 18:03:00,PENDING
25444,9,18,492.10,2026-08-09 19:05:00,SUCCESS
25445,9,2,4843.00,2026-08-30 07:21:00,REFUNDED
25446,9,9,1480.80,2026-08-27 12:12:00,SUCCESS
25447,9,11,2040.90,2026-08-20 20:17:00,REFUNDED
25448,4,13,848.70,2026-08-17 03:23:00,SUCCESS
25449,7,9,3281.90,2026-08-12 12:08:00,FAILED
25450,9,13,4751.10,2026-08-13 13:03:00,PENDING
25451,3,20,5029.40,2026-08-04 16:45:00,PENDING
25452,1,19,1313.80,2026-08-07 12:28:00,SUCCESS
25453,2,11,301.80,2026-08-04 19:56:00,SUCCESS
25454,5,12,900.00,2026-08-23 01:27:00,SUCCESS
25455,10,10,4829.50,2026-08-19 10:25:00,PENDING
25456,7,6,1785.00,2026-08-04 01:19:00,SUCCESS
25457,2,5,2150.60,2026-08-15 06:44:00,PENDING
25458,1,10,3531.60,2026-08-25 19:45:00,SUCCESS
25459,9,16,4066.60,2026-08-21 23:20:00,SUCCESS
25460,7,3,4153.20,2026-08-14 19:39:00,FAILED
25461,1,17,4641.10,2026-08-03 19:20:00,REFUNDED
25462,5,4,4684.20,2026-08-21 19:02:00,REFUNDED
25463,7,3,2128.60,2026-08-10 14:01:00,SUCCESS
25464,1,5,2724.10,2026-08-19 10:08:00,PENDING
25465,8,10,4731.60,2026-08-02 16:22:00,FAILED
25466,3,2,1992.60,2026-08-29 13:59:00,SUCCESS
25467,10,15,2589.40,2026-08-07 10:15:00,PENDING
25468,8,14,4671.50,2026-08-12 14:08:00,SUCCESS
25469,5,5,1158.30,2026-08-25 09:48:00,SUCCESS
25470,10,2,3179.40,2026-08-19 14:56:00,SUCCESS
25471,5,20,3541.80,2026-08-20 16:50:00,FAILED
25472,7,16,1929.50,2026-08-16 16:34:00,REFUNDED
25473,2,18,2177.20,2026-08-29 12:37:00,REFUNDED
25474,7,17,769.70,2026-08-28 18:49:00,FAILED
25475,1,10,3657.80,2026-08-19 11:34:00,FAILED
25476,7,9,1059.70,2026-08-31 03:33:00,REFUNDED
25477,4,15,1536.60,2026-08-25 16:50:00,REFUNDED
25478,7,9,2112.10,2026-08-11 11:45:00,SUCCESS
25479,5,1,594.00,2026-08-10 05:46:00,REFUNDED
25480,4,7,1451.90,2026-08-23 20:25:00,FAILED
25481,7,20,4560.00,2026-08-17 21:56:00,REFUNDED
25482,6,5,4273.00,2026-08-28 10:33:00,FAILED
25483,10,18,1378.40,2026-08-19 20:27:00,SUCCESS
25484,7,13,4024.60,2026-08-14 06:00:00,PENDING
25485,2,9,1048.80,2026-08-21 17:00:00,REFUNDED
25486,7,1,2684.30,2026-08-06 05:22:00,PENDING
25487,5,13,4251.40,2026-08-17 07:39:00,FAILED
25488,4,14,4482.50,2026-08-17 23:21:00,PENDING
25489,5,14,5042.70,2026-08-28 01:31:00,REFUNDED
25490,3,14,1548.70,2026-08-31 06:46:00,SUCCESS
25491,1,1,5000,2026-08-01 12:00:00,UNKNOWN_STATUS
25492,2,2,4486.90,2026-08-09 04:59:00,SUCCESS
25493,2,10,4093.30,2026-08-25 06:23:00,REFUNDED
25494,4,17,728.40,2026-08-02 13:57:00,FAILED
25495,8,2,3731.40,2026-08-28 17:03:00,SUCCESS
25496,9,9,1543.30,2026-08-17 05:19:00,PENDING
25497,6,19,798.70,2026-08-05 20:27:00,SUCCESS
25498,9,7,4064.00,2026-08-29 04:04:00,PENDING
25499,6,12,3660.90,2026-08-30 00:45:00,PENDING
25500,9,8,498.80,2026-08-07 03:26:00,PENDING
25501,5,19,4198.20,2026-08-03 06:50:00,REFUNDED
25502,3,9,4375.60,2026-08-18 03:42:00,PENDING
25503,9,15,1108.10,2026-08-22 21:45:00,SUCCESS
25504,3,15,1535.70,2026-08-26 11:01:00,FAILED
25505,7,16,2725.10,2026-08-30 23:14:00,PENDING
25506,10,11,3202.50,2026-08-29 03:10:00,PENDING
25507,2,11,1254.50,2026-08-05 05:10:00,REFUNDED
25508,5,8,4783.90,2026-08-25 03:03:00,PENDING
25509,8,18,4526.80,2026-08-13 18:24:00,SUCCESS
25510,5,3,2075.30,2026-08-23 21:43:00,PENDING
25511,9,15,4962.60,2026-08-23 00:28:00,REFUNDED
25512,2,12,1443.00,2026-08-12 17:01:00,PENDING
25513,7,20,4991.90,2026-08-21 17:44:00,PENDING
25514,8,19,1468.40,2026-08-02 15:32:00,FAILED
25515,8,19,2376.70,2026-08-28 22:57:00,PENDING
25516,1,16,3754.50,2026-08-23 11:54:00,REFUNDED
25517,2,20,2525.80,2026-08-20 09:29:00,FAILED
25518,7,7,3887.60,2026-08-04 08:28:00,FAILED
25519,10,3,1422.90,2026-08-20 04:45:00,PENDING
25520,8,17,3374.40,2026-08-21 10:43:00,PENDING
25521,7,19,1739.80,2026-08-25 08:54:00,PENDING
25522,6,14,2711.40,2026-08-10 20:23:00,FAILED
25523,2,5,4324.60,2026-08-28 10:25:00,PENDING
25524,5,6,2015.30,2026-08-05 00:08:00,REFUNDED
25525,8,11,2973.30,2026-08-15 05:20:00,PENDING
25526,6,3,4091.90,2026-08-04 09:24:00,SUCCESS
25527,6,9,1056.80,2026-08-26 12:52:00,REFUNDED
25528,9,16,92.70,2026-08-16 01:08:00,SUCCESS
25529,7,3,3819.50,2026-08-15 11:32:00,REFUNDED
25530,4,18,2237.80,2026-08-18 02:33:00,SUCCESS
25531,9,8,3983.90,2026-08-15 23:29:00,FAILED
25532,6,6,3018.50,2026-08-05 12:16:00,PENDING
25533,3,12,4785.90,2026-08-11 03:49:00,FAILED
25534,10,11,1699.80,2026-08-19 22:56:00,FAILED
25535,10,1,836.20,2026-08-13 23:27:00,PENDING
25536,2,14,1307.50,2026-08-25 12:59:00,REFUNDED
25537,6,13,950.80,2026-08-03 11:34:00,REFUNDED
25538,8,18,2283.20,2026-08-20 22:55:00,FAILED
25539,3,8,3680.60,2026-08-08 00:27:00,SUCCESS
25540,3,1,960.10,2026-08-20 07:04:00,SUCCESS
25541,10,13,1532.50,2026-08-07 07:57:00,PENDING
25542,1,17,4172.00,2026-08-10 20:31:00,FAILED
25543,1,12,2044.80,2026-08-17 18:52:00,SUCCESS
25544,3,10,963.50,2026-08-09 03:20:00,REFUNDED
25545,7,16,3004.50,2026-08-19 14:51:00,FAILED
25546,4,4,1049.70,2026-08-18 02:04:00,REFUNDED
25547,2,2,721.40,2026-08-18 08:39:00,SUCCESS
25548,3,6,3137.30,2026-08-11 09:14:00,PENDING
25549,8,7,1719.80,2026-08-31 02:08:00,FAILED
25550,5,19,4372.30,2026-08-18 12:56:00,PENDING
25551,1,1,5000,2026-08-01 12:00:00,UNKNOWN_STATUS
25552,2,12,587.80,2026-08-08 22:43:00,FAILED
25553,1,6,3534.30,2026-08-29 21:19:00,FAILED
25554,5,4,2150.20,2026-08-17 14:31:00,PENDING
25555,8,2,2776.20,2026-08-25 16:40:00,FAILED
25556,4,20,406.70,2026-08-25 21:08:00,REFUNDED
25557,7,10,4303.50,2026-08-19 23:18:00,FAILED
25558,6,4,4910.30,2026-08-13 19:19:00,REFUNDED
25559,6,8,3722.20,2026-08-30 13:30:00,SUCCESS
25560,7,6,4289.00,2026-08-23 15:16:00,PENDING
25561,3,16,551.40,2026-08-17 00:27:00,SUCCESS
25562,8,6,1798.70,2026-08-23 14:04:00,SUCCESS
25563,2,12,4676.50,2026-08-15 00:28:00,FAILED
25564,9,6,4631.50,2026-08-09 08:33:00,REFUNDED
25565,9,3,4861.30,2026-08-26 12:27:00,SUCCESS
25566,1,5,538.00,2026-08-02 08:45:00,REFUNDED
25567,1,5,3913.40,2026-08-21 13:05:00,SUCCESS
25568,3,10,4963.40,2026-08-29 23:27:00,SUCCESS
25569,8,11,3429.40,2026-08-26 15:07:00,SUCCESS
25570,5,4,2106.00,2026-08-15 21:03:00,PENDING
25571,1,1,NOT_A_NUMBER,2026-08-01 12:00:00,SUCCESS
25572,4,19,1229.60,2026-08-05 04:09:00,PENDING
25573,5,12,4523.80,2026-08-13 09:34:00,SUCCESS
25574,8,13,3247.20,2026-08-09 15:01:00,PENDING
25575,8,15,3886.40,2026-08-18 08:12:00,PENDING
25576,2,19,508.90,2026-08-29 22:44:00,SUCCESS
25577,4,15,1998.20,2026-08-30 19:05:00,PENDING
25578,2,11,4357.10,2026-08-14 07:04:00,FAILED
25579,8,14,708.40,2026-08-17 01:07:00,REFUNDED
25580,7,14,3732.30,2026-08-31 07:04:00,REFUNDED
25581,1,6,3790.50,2026-08-23 22:04:00,PENDING
25582,3,8,705.90,2026-08-14 15:06:00,FAILED
25583,2,11,831.70,2026-08-21 12:31:00,SUCCESS
25584,10,17,847.30,2026-08-07 13:03:00,REFUNDED
25585,6,1,2075.20,2026-08-24 15:00:00,SUCCESS
25586,5,9,4615.70,2026-08-26 06:57:00,FAILED
25587,5,19,1983.60,2026-08-18 05:19:00,SUCCESS
25588,3,17,3449.70,2026-08-06 11:46:00,SUCCESS
25589,4,20,871.20,2026-08-07 10:34:00,REFUNDED
25590,3,5,3570.50,2026-08-10 19:43:00,SUCCESS
25591,10,12,2654.50,2026-08-27 10:37:00,REFUNDED
25592,4,11,828.50,2026-08-30 17:21:00,REFUNDED
25593,9,20,1253.80,2026-08-25 16:03:00,PENDING
25594,5,11,3235.70,2026-08-15 14:21:00,SUCCESS
25595,6,6,2787.60,2026-08-08 21:27:00,REFUNDED
25596,10,2,1579.80,2026-08-15 21:39:00,REFUNDED
25597,8,10,4984.60,2026-08-30 02:43:00,PENDING
25598,4,1,3495.30,2026-08-07 11:19:00,REFUNDED
25599,3,11,978.00,2026-08-21 07:39:00,PENDING
25600,4,20,1866.50,2026-08-29 12:52:00,FAILED
25601,4,16,4975.40,2026-08-20 12:27:00,REFUNDED
25602,2,4,526.10,2026-08-14 15:37:00,REFUNDED
25603,5,9,3068.00,2026-08-27 14:52:00,SUCCESS
25604,4,8,1463.70,2026-08-08 19:16:00,SUCCESS
25605,10,13,2122.80,2026-08-26 16:40:00,SUCCESS
25606,4,11,3916.60,2026-08-12 22:54:00,FAILED
25607,3,3,4101.60,2026-08-17 09:31:00,FAILED
25608,4,8,1687.60,2026-08-15 00:56:00,FAILED
25609,10,1,1204.90,2026-08-30 10:08:00,FAILED
25610,2,10,3131.50,2026-08-28 06:21:00,SUCCESS
25611,7,8,1358.30,2026-08-30 05:42:00,PENDING
25612,1,19,1406.90,2026-08-18 22:26:00,REFUNDED
25613,6,18,3340.30,2026-08-27 19:03:00,SUCCESS
25614,10,20,4485.90,2026-08-22 12:48:00,FAILED
25615,1,1,5000,INVALID_DATE_TIME,SUCCESS
25616,6,1,3430.60,2026-08-05 03:03:00,SUCCESS
25617,4,1,2679.40,2026-08-25 05:29:00,FAILED
25618,9,11,4676.80,2026-08-12 07:36:00,FAILED
25619,6,8,299.90,2026-08-02 06:16:00,SUCCESS
25620,3,19,4742.40,2026-08-13 05:30:00,REFUNDED
25621,7,16,3311.20,2026-08-02 23:00:00,SUCCESS
25622,9,2,687.20,2026-08-26 05:51:00,FAILED
25623,8,14,2794.30,2026-08-02 16:06:00,SUCCESS
25624,5,19,2124.00,2026-08-30 11:29:00,FAILED
25625,5,15,692.60,2026-08-16 13:51:00,FAILED
25626,3,19,1007.80,2026-08-06 20:01:00,FAILED
25627,1,17,4512.30,2026-08-13 23:30:00,SUCCESS
25628,9,2,1849.70,2026-08-15 14:25:00,FAILED
25629,7,19,1279.30,2026-08-10 15:08:00,REFUNDED
25630,5,18,516.50,2026-08-06 15:21:00,SUCCESS
25631,5,4,1191.60,2026-08-30 23:20:00,PENDING
25632,8,13,3639.00,2026-08-30 13:44:00,PENDING
25633,5,19,4914.70,2026-08-20 11:27:00,SUCCESS
25634,6,14,3819.60,2026-08-28 22:17:00,SUCCESS
25635,9,2,2186.40,2026-08-23 04:09:00,FAILED
25636,1,100.00
25637,8,17,1711.20,2026-08-22 22:15:00,FAILED
25638,3,5,1611.30,2026-08-20 07:50:00,PENDING
25639,1,20,4698.00,2026-08-27 08:17:00,REFUNDED
25640,6,7,1800.20,2026-08-11 21:52:00,REFUNDED
25641,6,7,4653.60,2026-08-20 11:19:00,REFUNDED
25642,4,10,3719.50,2026-08-16 17:14:00,SUCCESS
25643,2,17,705.90,2026-08-17 07:32:00,SUCCESS
25644,2,9,4359.90,2026-08-22 02:22:00,PENDING
25645,6,19,1197.70,2026-08-10 17:21:00,REFUNDED
25646,8,1,2294.30,2026-08-03 12:48:00,FAILED
25647,1,7,4795.60,2026-08-16 08:47:00,REFUNDED
25648,5,3,771.90,2026-08-04 21:03:00,REFUNDED
25649,2,8,2720.90,2026-08-29 10:49:00,SUCCESS
25650,3,11,2967.70,2026-08-25 10:12:00,REFUNDED
25651,1,13,2452.80,2026-08-29 10:20:00,REFUNDED
25652,8,15,4744.70,2026-08-11 02:42:00,REFUNDED
25653,8,18,1483.40,2026-08-22 08:17:00,FAILED
25654,3,20,2640.80,2026-08-02 12:39:00,SUCCESS
25655,8,8,1200.00,2026-08-25 01:25:00,SUCCESS
25656,4,3,4566.50,2026-08-23 22:34:00,FAILED
25657,6,2,4923.70,2026-08-05 13:55:00,FAILED
25658,7,2,1510.30,2026-08-30 23:47:00,PENDING
25659,5,4,62.50,2026-08-13 17:07:00,PENDING
25660,9,3,2012.40,2026-08-08 11:28:00,PENDING
25661,3,8,2577.10,2026-08-29 01:14:00,REFUNDED
25662,3,13,2175.90,2026-08-05 20:01:00,PENDING
25663,3,12,1879.70,2026-08-11 11:56:00,FAILED
25664,7,11,2099.80,2026-08-10 20:03:00,REFUNDED
25665,8,3,1679.30,2026-08-23 18:58:00,SUCCESS
25666,10,14,675.00,2026-08-26 00:21:00,FAILED
25667,10,16,628.10,2026-08-21 01:47:00,PENDING
25668,7,19,4381.50,2026-08-24 09:58:00,REFUNDED
25669,2,20,1821.70,2026-08-18 04:35:00,REFUNDED
25670,10,7,2800.20,2026-08-27 06:55:00,REFUNDED
25671,3,10,1594.40,2026-08-12 09:13:00,FAILED
25672,9,13,132.10,2026-08-07 00:12:00,PENDING
25673,4,16,2448.00,2026-08-15 04:15:00,FAILED
25674,2,20,2014.50,2026-08-09 04:52:00,REFUNDED
25675,1,14,2763.50,2026-08-27 22:39:00,REFUNDED
25676,10,18,2626.70,2026-08-08 09:22:00,FAILED
25677,9,17,4448.20,2026-08-29 12:45:00,FAILED
25678,4,13,5024.50,2026-08-16 09:32:00,REFUNDED
25679,10,13,2555.90,2026-08-19 06:33:00,FAILED
25680,7,10,4478.80,2026-08-25 03:47:00,REFUNDED
25681,1,16,4625.50,2026-08-25 10:23:00,REFUNDED
25682,4,9,1230.80,2026-08-29 20:36:00,FAILED
25683,1,10,2188.20,2026-08-31 06:44:00,FAILED
25684,5,15,670.20,2026-08-02 04:25:00,FAILED
25685,4,15,5001.10,2026-08-09 20:28:00,SUCCESS
25686,5,9,4173.30,2026-08-08 12:35:00,REFUNDED
25687,6,8,3350.00,2026-08-30 12:19:00,FAILED
25688,6,5,3098.00,2026-08-30 16:55:00,SUCCESS
25689,2,4,589.70,2026-08-29 21:46:00,FAILED
25690,4,11,3224.60,2026-08-07 00:09:00,REFUNDED
25691,9,12,1672.10,2026-08-03 00:53:00,REFUNDED
25692,3,10,814.40,2026-08-16 11:34:00,FAILED
25693,1,9,3744.50,2026-08-06 23:15:00,PENDING
25694,2,12,3589.70,2026-08-14 23:47:00,PENDING
25695,4,8,2593.60,2026-08-26 05:13:00,PENDING
25696,6,1,165.40,2026-08-09 22:47:00,FAILED
25697,5,1,643.70,2026-08-12 19:15:00,SUCCESS
25698,1,8,2649.40,2026-08-20 18:06:00,REFUNDED
25699,10,3,4475.60,2026-08-18 07:40:00,SUCCESS
25700,3,18,2879.80,2026-08-10 21:30:00,SUCCESS
25701,6,1,4890.30,2026-08-29 10:25:00,PENDING
25702,7,5,528.50,2026-08-02 23:21:00,PENDING
25703,9,17,551.30,2026-08-21 00:29:00,SUCCESS
25704,8,14,4499.10,2026-08-23 15:36:00,FAILED
25705,6,9,4033.80,2026-08-28 07:32:00,REFUNDED
25706,3,11,1786.40,2026-08-11 12:48:00,FAILED
25707,3,20,2194.90,2026-08-21 15:34:00,SUCCESS
25708,5,11,3845.40,2026-08-20 16:45:00,FAILED
25709,2,10,657.20,2026-08-07 19:19:00,PENDING
25710,5,6,3479.10,2026-08-21 05:31:00,FAILED
25711,6,8,1207.40,2026-08-08 01:20:00,FAILED
25712,2,14,4411.60,2026-08-06 11:20:00,PENDING
25713,10,7,2518.20,2026-08-25 16:53:00,FAILED
25714,3,5,2642.30,2026-08-15 10:21:00,PENDING
25715,4,4,3469.20,2026-08-25 15:34:00,SUCCESS
25716,1,20,3389.00,2026-08-02 18:04:00,SUCCESS
25717,4,2,710.60,2026-08-01 20:46:00,PENDING
25718,1,100.00
25719,10,19,429.10,2026-08-28 17:06:00,REFUNDED
25720,8,2,3378.30,2026-08-07 02:43:00,REFUNDED
25721,2,1,4132.40,2026-08-30 05:52:00,FAILED
25722,5,20,410.80,2026-08-04 09:21:00,PENDING
25723,1,12,1399.70,2026-08-01 08:38:00,PENDING
25724,7,18,3597.60,2026-08-22 02:46:00,PENDING
25725,6,4,457.70,2026-08-02 17:16:00,REFUNDED
25726,6,20,348.90,2026-08-02 21:34:00,PENDING
25727,9,2,1331.50,2026-08-23 19:52:00,FAILED
25728,9,7,1200.30,2026-08-05 21:21:00,REFUNDED
25729,10,15,1236.20,2026-08-20 08:54:00,PENDING
25730,2,19,4551.80,2026-08-24 17:41:00,REFUNDED
25731,8,3,3403.50,2026-08-03 05:59:00,REFUNDED
25732,3,4,3642.10,2026-08-21 23:57:00,SUCCESS
25733,6,12,2492.20,2026-08-09 05:26:00,REFUNDED
25734,9,6,699.30,2026-08-13 11:08:00,REFUNDED
25735,3,4,3128.80,2026-08-23 23:42:00,PENDING
25736,6,19,3917.90,2026-08-13 11:13:00,FAILED
25737,7,17,790.50,2026-08-21 13:49:00,REFUNDED
25738,10,6,3966.60,2026-08-26 10:57:00,REFUNDED
25739,1,15,1967.50,2026-08-18 07:03:00,PENDING
25740,1,15,3447.30,2026-08-24 07:43:00,SUCCESS
25741,6,4,3980.40,2026-08-26 23:19:00,PENDING
25742,4,11,1981.20,2026-08-19 10:58:00,REFUNDED
25743,4,3,878.00,2026-08-20 14:24:00,SUCCESS
25744,6,18,4496.20,2026-08-30 00:54:00,FAILED
25745,2,9,2306.60,2026-08-09 23:17:00,SUCCESS
25746,5,3,4317.10,2026-08-10 22:28:00,PENDING
25747,3,15,4622.20,2026-08-25 09:19:00,FAILED
25748,7,2,3734.40,2026-08-10 07:12:00,SUCCESS
25749,9,6,1534.40,2026-08-19 21:24:00,PENDING
25750,6,20,2422.90,2026-08-28 08:34:00,SUCCESS
25751,7,7,4909.00,2026-08-04 08:14:00,PENDING
25752,7,11,3721.40,2026-08-17 05:03:00,FAILED
25753,3,12,3499.90,2026-08-08 15:01:00,REFUNDED
25754,5,14,3038.40,2026-08-03 09:30:00,FAILED
25755,6,6,1071.80,2026-08-23 21:06:00,PENDING
25756,6,4,4871.70,2026-08-12 13:39:00,SUCCESS
25757,10,8,598.40,2026-08-08 00:43:00,SUCCESS
25758,5,8,3986.00,2026-08-15 23:11:00,SUCCESS
25759,2,7,1562.10,2026-08-15 03:21:00,REFUNDED
25760,4,17,4114.40,2026-08-04 02:05:00,SUCCESS
25761,2,20,3790.20,2026-08-09 20:53:00,PENDING
25762,10,7,1832.00,2026-08-19 10:31:00,SUCCESS
25763,2,18,2802.70,2026-08-21 17:57:00,SUCCESS
25764,2,17,3024.10,2026-08-27 09:35:00,REFUNDED
25765,9,6,1653.60,2026-08-03 08:46:00,FAILED
25766,7,15,1710.80,2026-08-28 11:55:00,SUCCESS
25767,6,20,2286.90,2026-08-17 23:46:00,SUCCESS
25768,5,16,3096.40,2026-08-05 15:53:00,PENDING
25769,7,16,2325.80,2026-08-17 18:39:00,PENDING
25770,8,14,4013.80,2026-08-25 11:26:00,PENDING
25771,9,17,518.40,2026-08-17 23:09:00,REFUNDED
25772,1,1,NOT_A_NUMBER,2026-08-01 12:00:00,SUCCESS
25773,9,16,74.80,2026-08-04 18:29:00,PENDING
25774,10,9,3822.50,2026-08-21 10:03:00,FAILED
25775,7,11,4298.00,2026-08-13 01:08:00,FAILED
25776,1,8,2492.80,2026-08-07 09:49:00,PENDING
25777,10,2,4509.70,2026-08-15 02:17:00,PENDING
25778,10,5,4470.20,2026-08-17 17:20:00,FAILED
25779,6,3,1415.10,2026-08-30 23:51:00,FAILED
25780,5,7,3597.00,2026-08-24 18:19:00,PENDING
25781,9,18,1966.60,2026-08-21 11:10:00,FAILED
25782,2,10,2935.70,2026-08-15 21:58:00,FAILED
25783,3,17,3630.30,2026-08-21 21:47:00,PENDING
25784,1,5,4457.30,2026-08-05 06:42:00,FAILED
25785,8,14,3416.20,2026-08-12 13:27:00,PENDING
25786,3,13,2818.50,2026-08-02 01:27:00,PENDING
25787,8,5,313.60,2026-08-29 06:59:00,FAILED
25788,6,11,3211.30,2026-08-16 00:49:00,FAILED
25789,9,19,460.40,2026-08-20 04:15:00,SUCCESS
25790,6,17,386.50,2026-08-07 12:29:00,REFUNDED
25791,10,18,1646.50,2026-08-10 23:08:00,PENDING
25792,2,6,634.90,2026-08-02 23:57:00,REFUNDED
25793,6,12,1756.10,2026-08-03 03:42:00,FAILED
25794,7,18,1914.00,2026-08-19 15:19:00,FAILED
25795,1,12,2725.10,2026-08-10 20:26:00,PENDING
25796,1,11,1602.50,2026-08-27 11:10:00,PENDING
25797,2,17,2456.40,2026-08-13 22:34:00,FAILED
25798,8,9,1373.70,2026-08-05 12:50:00,REFUNDED
25799,5,16,1338.80,2026-08-15 09:34:00,PENDING
25800,3,8,4542.90,2026-08-02 11:34:00,FAILED
25801,9,17,3899.00,2026-08-18 23:27:00,SUCCESS
25802,9,7,1598.10,2026-08-03 15:32:00,PENDING
25803,2,10,1038.10,2026-08-11 16:10:00,SUCCESS
25804,7,20,349.30,2026-08-12 13:58:00,REFUNDED
25805,7,5,3930.10,2026-08-24 12:41:00,PENDING
25806,5,2,1367.80,2026-08-21 02:43:00,REFUNDED
25807,2,13,3623.80,2026-08-29 02:47:00,FAILED
25808,10,4,4566.30,2026-08-19 01:12:00,PENDING
25809,5,19,2227.80,2026-08-03 09:10:00,PENDING
25810,6,9,393.70,2026-08-24 20:55:00,PENDING
25811,10,14,3948.10,2026-08-02 06:39:00,REFUNDED
25812,2,12,1054.00,2026-08-15 09:03:00,SUCCESS
25813,7,18,4794.00,2026-08-12 23:56:00,PENDING
25814,1,13,4629.90,2026-08-22 14:45:00,REFUNDED
25815,10,12,4222.40,2026-08-23 12:47:00,PENDING
25816,8,16,2709.30,2026-08-04 03:30:00,FAILED
25817,3,7,1402.70,2026-08-10 09:38:00,SUCCESS
25818,5,18,4358.90,2026-08-02 15:38:00,REFUNDED
25819,5,2,4537.90,2026-08-09 14:13:00,FAILED
25820,1,5,2732.70,2026-08-13 14:12:00,FAILED
25821,9,3,5047.20,2026-08-26 20:08:00,REFUNDED
25822,4,18,1917.90,2026-08-16 21:36:00,PENDING
25823,9,11,2354.60,2026-08-04 22:15:00,REFUNDED
25824,2,16,2570.50,2026-08-13 08:20:00,SUCCESS
25825,6,13,4176.80,2026-08-04 01:05:00,SUCCESS
25826,7,10,3919.50,2026-08-28 10:24:00,PENDING
25827,5,17,587.30,2026-08-15 04:30:00,FAILED
25828,10,12,1476.90,2026-08-14 22:40:00,SUCCESS
25829,10,13,4695.40,2026-08-12 07:29:00,REFUNDED
25830,1,15,887.30,2026-08-11 14:34:00,PENDING
25831,2,1,3121.40,2026-08-05 13:25:00,PENDING
25832,8,9,2522.80,2026-08-15 02:56:00,SUCCESS
25833,2,3,634.80,2026-08-08 02:14:00,SUCCESS
25834,3,20,758.20,2026-08-22 01:42:00,REFUNDED
25835,10,7,3281.80,2026-08-08 07:58:00,FAILED
25836,7,6,3948.00,2026-08-02 04:11:00,SUCCESS
25837,2,14,3376.40,2026-08-14 22:58:00,REFUNDED
25838,1,100.00
25839,10,10,2851.50,2026-08-20 07:29:00,FAILED
25840,3,14,738.50,2026-08-23 10:49:00,PENDING
25841,4,2,2066.10,2026-08-08 04:41:00,PENDING
25842,8,6,2601.80,2026-08-20 20:07:00,PENDING
25843,10,14,2864.80,2026-08-22 12:30:00,FAILED
25844,2,3,2909.50,2026-08-07 00:11:00,PENDING
25845,1,7,2441.80,2026-08-02 23:52:00,SUCCESS
25846,1,1,NOT_A_NUMBER,2026-08-01 12:00:00,SUCCESS
25847,4,16,3652.40,2026-08-13 00:44:00,REFUNDED
25848,1,5,3165.60,2026-08-13 08:59:00,SUCCESS
25849,2,17,4244.60,2026-08-04 02:13:00,REFUNDED
25850,6,7,497.60,2026-08-03 04:30:00,REFUNDED
25851,3,12,2797.90,2026-08-19 22:32:00,REFUNDED
25852,1,11,2363.80,2026-08-08 04:34:00,PENDING
25853,7,4,4844.30,2026-08-23 12:00:00,FAILED
25854,5,17,2492.60,2026-08-28 03:05:00,FAILED
25855,7,11,1683.50,2026-08-26 21:28:00,REFUNDED
25856,6,12,165.30,2026-08-05 03:29:00,REFUNDED
25857,6,12,2544.90,2026-08-23 07:49:00,SUCCESS
25858,6,7,1991.70,2026-08-30 17:54:00,SUCCESS
25859,2,19,2259.80,2026-08-10 01:42:00,FAILED
25860,9,3,3922.40,2026-08-15 05:10:00,FAILED
25861,2,14,3289.30,2026-08-12 17:19:00,PENDING
25862,7,8,196.60,2026-08-03 02:39:00,PENDING
25863,3,19,2511.90,2026-08-30 01:07:00,FAILED
25864,1,2,5040.90,2026-08-09 18:07:00,PENDING
25865,5,2,1220.50,2026-08-08 23:59:00,FAILED
25866,6,4,2756.30,2026-08-22 23:50:00,SUCCESS
25867,7,11,4444.90,2026-08-12 07:32:00,PENDING
25868,9,3,3489.30,2026-08-12 18:35:00,FAILED
25869,8,7,4119.00,2026-08-03 16:13:00,SUCCESS
25870,5,15,2244.70,2026-08-08 20:48:00,FAILED
25871,6,12,1749.60,2026-08-02 00:29:00,SUCCESS
25872,9,15,2873.30,2026-08-03 21:22:00,SUCCESS
25873,4,13,3571.70,2026-08-19 10:44:00,SUCCESS
25874,8,2,3713.90,2026-08-13 20:15:00,SUCCESS
25875,1,100.00
25876,5,5,229.90,2026-08-29 18:57:00,FAILED
25877,4,20,3987.20,2026-08-28 10:05:00,PENDING
25878,6,14,2463.50,2026-08-14 18:42:00,SUCCESS
25879,2,11,1845.40,2026-08-07 07:38:00,FAILED
25880,4,2,1526.60,2026-08-07 12:31:00,REFUNDED
25881,10,2,1086.90,2026-08-24 06:07:00,SUCCESS
25882,7,7,3811.40,2026-08-24 09:03:00,PENDING
25883,9,12,354.30,2026-08-07 23:17:00,SUCCESS
25884,9,4,3273.70,2026-08-27 19:50:00,REFUNDED
25885,4,16,762.60,2026-08-06 04:45:00,PENDING
25886,3,11,3014.50,2026-08-23 09:54:00,REFUNDED
25887,7,16,2996.60,2026-08-20 23:50:00,REFUNDED
25888,2,2,2882.70,2026-08-06 02:04:00,SUCCESS
25889,8,4,4555.20,2026-08-11 14:22:00,FAILED
25890,2,7,3316.70,2026-08-11 13:38:00,FAILED
25891,4,4,519.40,2026-08-18 06:46:00,PENDING
25892,1,17,4667.00,2026-08-19 23:32:00,PENDING
25893,7,19,3664.30,2026-08-16 23:41:00,FAILED
25894,1,1,NOT_A_NUMBER,2026-08-01 12:00:00,SUCCESS
25895,2,15,570.70,2026-08-26 19:09:00,SUCCESS
25896,4,17,3807.00,2026-08-30 00:51:00,REFUNDED
25897,9,18,699.30,2026-08-08 22:42:00,REFUNDED
25898,2,20,2765.20,2026-08-12 11:54:00,PENDING
25899,4,11,2848.00,2026-08-24 20:46:00,REFUNDED
25900,7,1,805.10,2026-08-23 04:16:00,REFUNDED
25901,4,11,1799.10,2026-08-22 07:48:00,SUCCESS
25902,2,5,1651.10,2026-08-24 17:27:00,REFUNDED
25903,10,3,2744.30,2026-08-30 03:25:00,SUCCESS
25904,2,12,3697.60,2026-08-28 06:50:00,SUCCESS
25905,5,1,181.30,2026-08-05 07:49:00,FAILED
25906,6,1,841.40,2026-08-14 14:07:00,FAILED
25907,5,19,938.00,2026-08-30 17:55:00,PENDING
25908,4,19,3989.70,2026-08-28 16:45:00,PENDING
25909,3,8,3766.10,2026-08-18 14:59:00,PENDING
25910,2,18,1588.20,2026-08-26 06:37:00,SUCCESS
25911,5,20,3658.70,2026-08-05 03:24:00,REFUNDED
25912,5,1,2940.40,2026-08-06 17:16:00,FAILED
25913,4,2,4139.20,2026-08-05 23:09:00,PENDING
25914,10,7,1856.00,2026-08-28 09:42:00,SUCCESS
25915,6,7,2193.50,2026-08-20 03:29:00,SUCCESS
25916,10,4,2124.90,2026-08-29 00:53:00,PENDING
25917,4,1,3889.70,2026-08-23 08:20:00,REFUNDED
25918,5,16,4813.40,2026-08-12 15:59:00,FAILED
25919,8,19,3650.20,2026-08-11 06:46:00,FAILED
25920,1,3,4858.70,2026-08-02 05:03:00,PENDING
25921,10,8,1152.50,2026-08-24 17:09:00,SUCCESS
25922,3,7,4787.50,2026-08-15 15:39:00,SUCCESS
25923,10,16,4074.50,2026-08-22 01:14:00,PENDING
25924,6,15,4330.60,2026-08-23 03:26:00,SUCCESS
25925,9,16,3413.10,2026-08-04 15:53:00,FAILED
25926,1,1,5000,2026-08-01 12:00:00,UNKNOWN_STATUS
25927,9,5,2227.20,2026-08-23 18:37:00,SUCCESS
25928,10,18,2671.50,2026-08-09 02:03:00,PENDING
25929,7,20,3112.90,2026-08-29 08:33:00,PENDING
25930,7,9,3926.60,2026-08-19 17:33:00,FAILED
25931,8,16,1644.40,2026-08-11 17:38:00,FAILED
25932,7,18,850.10,2026-08-04 21:10:00,SUCCESS
25933,3,3,795.80,2026-08-23 07:36:00,REFUNDED
25934,7,6,2973.40,2026-08-09 12:15:00,SUCCESS
25935,9,5,2586.90,2026-08-18 17:10:00,REFUNDED
25936,1,3,3974.90,2026-08-02 16:28:00,REFUNDED
25937,6,9,4496.40,2026-08-01 20:44:00,FAILED
25938,1,15,273.20,2026-08-19 19:50:00,SUCCESS
25939,2,2,1941.20,2026-08-24 18:01:00,REFUNDED
25940,8,19,1993.90,2026-08-04 00:01:00,REFUNDED
25941,2,7,4821.40,2026-08-28 09:51:00,REFUNDED
25942,2,18,685.30,2026-08-24 11:18:00,FAILED
25943,1,6,2331.90,2026-08-25 00:04:00,FAILED
25944,7,19,4922.10,2026-08-07 01:17:00,REFUNDED
25945,2,8,2507.10,2026-08-02 23:22:00,REFUNDED
25946,7,6,3800.70,2026-08-13 23:20:00,FAILED
25947,3,2,2225.30,2026-08-22 10:33:00,REFUNDED
25948,1,19,2454.80,2026-08-09 21:56:00,SUCCESS
25949,9,10,688.60,2026-08-07 18:51:00,REFUNDED
25950,2,15,2204.70,2026-08-29 16:52:00,REFUNDED
25951,8,16,4354.40,2026-08-08 14:30:00,SUCCESS
25952,5,20,1996.80,2026-08-16 05:41:00,PENDING
25953,3,20,3692.50,2026-08-01 17:16:00,PENDING
25954,2,18,4288.20,2026-08-14 23:08:00,PENDING
25955,9,13,1728.90,2026-08-20 10:20:00,PENDING
25956,1,10,3913.30,2026-08-14 23:57:00,FAILED
25957,5,2,1013.60,2026-08-08 08:33:00,PENDING
25958,9,4,4157.10,2026-08-06 15:19:00,SUCCESS
25959,3,12,1408.40,2026-08-24 10:06:00,FAILED
25960,9,15,4397.00,2026-08-24 05:21:00,SUCCESS
25961,7,13,4059.30,2026-08-01 15:33:00,REFUNDED
25962,2,12,508.20,2026-08-14 10:07:00,REFUNDED
25963,7,13,4491.40,2026-08-23 18:42:00,FAILED
25964,6,9,3936.10,2026-08-23 19:40:00,FAILED
25965,7,15,2371.80,2026-08-10 09:48:00,FAILED
25966,7,15,140.00,2026-08-14 21:06:00,FAILED
25967,5,13,5022.90,2026-08-12 05:26:00,SUCCESS
25968,6,7,1818.70,2026-08-21 19:20:00,FAILED
25969,9,16,4031.80,2026-08-08 15:08:00,SUCCESS
25970,5,3,186.40,2026-08-09 15:15:00,REFUNDED
25971,10,17,893.80,2026-08-19 23:04:00,PENDING
25972,6,8,3085.90,2026-08-11 02:21:00,FAILED
25973,5,14,4826.20,2026-08-13 02:08:00,PENDING
25974,8,14,4612.30,2026-08-23 06:14:00,SUCCESS
25975,8,7,4535.00,2026-08-12 05:30:00,REFUNDED
25976,8,9,2834.70,2026-08-13 19:16:00,REFUNDED
25977,1,1,5000,INVALID_DATE_TIME,SUCCESS
25978,3,19,2052.40,2026-08-23 15:46:00,FAILED
25979,8,8,3712.60,2026-08-05 05:30:00,FAILED
25980,9,1,3441.60,2026-08-11 10:38:00,PENDING
25981,8,4,806.90,2026-08-19 07:45:00,SUCCESS
25982,8,5,3764.40,2026-08-26 13:55:00,FAILED
25983,5,9,3692.90,2026-08-25 18:22:00,REFUNDED
25984,8,20,4674.80,2026-08-17 19:54:00,PENDING
25985,5,19,2586.80,2026-08-25 14:06:00,SUCCESS
25986,4,18,2212.90,2026-08-29 17:23:00,FAILED
25987,9,12,1196.90,2026-08-04 14:23:00,PENDING
25988,2,17,4103.20,2026-08-08 17:11:00,SUCCESS
25989,9,6,1132.80,2026-08-01 22:24:00,REFUNDED
25990,5,13,4005.40,2026-08-18 23:07:00,SUCCESS
25991,10,6,3728.80,2026-08-24 03:31:00,REFUNDED
25992,7,14,4372.00,2026-08-25 20:31:00,REFUNDED
25993,9,16,3696.00,2026-08-31 01:40:00,REFUNDED
25994,7,15,3586.10,2026-08-15 04:22:00,REFUNDED
25995,3,2,4045.80,2026-08-22 06:37:00,SUCCESS
25996,5,11,3507.30,2026-08-28 21:31:00,FAILED
25997,1,4,4646.80,2026-08-15 16:46:00,SUCCESS
25998,3,19,3007.40,2026-08-03 11:02:00,PENDING
25999,8,19,2070.10,2026-08-01 17:56:00,FAILED
26000,5,4,2178.00,2026-08-26 22:43:00,SUCCESS
26001,10,12,3419.40,2026-08-04 22:02:00,FAILED
26002,9,4,536.80,2026-08-22 08:00:00,PENDING
26003,9,4,3834.90,2026-08-25 17:01:00,REFUNDED
26004,10,16,3215.10,2026-08-01 19:22:00,SUCCESS
26005,5,16,3810.40,2026-08-05 02:23:00,PENDING
26006,7,14,766.30,2026-08-26 22:21:00,PENDING
26007,4,9,1716.80,2026-08-25 10:39:00,PENDING
26008,9,1,4148.20,2026-08-23 10:19:00,REFUNDED
26009,3,1,3067.50,2026-08-09 06:18:00,SUCCESS
26010,3,15,4692.10,2026-08-02 20:26:00,REFUNDED
26011,1,2,2373.70,2026-08-10 04:22:00,SUCCESS
26012,6,7,2767.30,2026-08-25 06:24:00,SUCCESS
26013,10,9,2576.80,2026-08-10 16:35:00,FAILED
26014,10,12,4517.00,2026-08-19 13:04:00,PENDING
26015,6,2,1425.70,2026-08-13 02:24:00,PENDING
26016,4,1,2762.60,2026-08-04 02:03:00,FAILED
26017,4,14,3149.60,2026-08-29 18:46:00,REFUNDED
26018,10,17,272.90,2026-08-23 07:41:00,SUCCESS
26019,7,18,1886.80,2026-08-22 03:18:00,SUCCESS
26020,3,15,2334.10,2026-08-24 09:47:00,FAILED
26021,2,4,3950.40,2026-08-03 21:48:00,SUCCESS
26022,5,3,4656.30,2026-08-11 17:19:00,REFUNDED
26023,8,4,178.90,2026-08-19 07:34:00,PENDING
26024,6,15,2304.00,2026-08-29 09:49:00,PENDING
26025,10,4,3679.40,2026-08-03 01:48:00,SUCCESS
26026,4,15,575.80,2026-08-19 09:53:00,PENDING
26027,4,18,2585.10,2026-08-05 11:06:00,SUCCESS
26028,9,14,2937.60,2026-08-09 09:24:00,FAILED
26029,10,13,2831.90,2026-08-02 00:25:00,REFUNDED
26030,4,6,3576.80,2026-08-15 23:39:00,PENDING
26031,8,15,2604.60,2026-08-13 16:53:00,PENDING
26032,4,18,2515.70,2026-08-25 04:01:00,FAILED
26033,9,7,2408.50,2026-08-29 03:42:00,PENDING
26034,1,11,619.30,2026-08-06 12:35:00,REFUNDED
26035,7,10,3249.80,2026-08-18 03:28:00,FAILED
26036,6,15,3521.00,2026-08-15 12:55:00,REFUNDED
26037,8,9,2469.70,2026-08-07 19:31:00,PENDING
26038,4,6,427.70,2026-08-19 01:20:00,PENDING
26039,1,20,4163.70,2026-08-22 19:56:00,PENDING
26040,10,8,3880.40,2026-08-19 10:43:00,REFUNDED
26041,2,17,2490.20,2026-08-18 09:50:00,SUCCESS
26042,2,15,1010.20,2026-08-24 14:18:00,SUCCESS
26043,5,4,3649.10,2026-08-03 14:56:00,REFUNDED
26044,10,15,4875.40,2026-08-11 13:51:00,SUCCESS
26045,3,6,1920.80,2026-08-02 14:56:00,PENDING
26046,3,2,163.90,2026-08-27 21:18:00,SUCCESS
26047,1,15,3152.00,2026-08-25 19:05:00,PENDING
26048,9,18,4959.40,2026-08-22 08:17:00,PENDING
26049,6,10,1075.80,2026-08-20 10:10:00,PENDING
26050,1,5,4418.40,2026-08-02 17:42:00,PENDING
26051,6,8,844.50,2026-08-19 09:25:00,FAILED
26052,6,1,2398.50,2026-08-09 18:38:00,PENDING
26053,8,11,3163.20,2026-08-15 14:07:00,REFUNDED
26054,1,9,2230.30,2026-08-24 16:25:00,REFUNDED
26055,10,19,3153.00,2026-08-19 12:10:00,REFUNDED
26056,7,14,3659.70,2026-08-21 03:10:00,PENDING
26057,7,18,3075.20,2026-08-21 08:20:00,PENDING
26058,5,10,812.20,2026-08-01 08:52:00,REFUNDED
26059,7,15,2444.80,2026-08-07 01:31:00,PENDING
26060,10,5,1145.40,2026-08-09 05:11:00,SUCCESS
26061,6,7,2241.50,2026-08-26 03:02:00,PENDING
26062,1,13,1704.40,2026-08-12 14:57:00,FAILED
26063,10,17,280.90,2026-08-23 08:07:00,PENDING
26064,5,19,2365.90,2026-08-13 07:02:00,PENDING
26065,2,15,1486.90,2026-08-26 13:04:00,SUCCESS
26066,7,4,2829.90,2026-08-15 13:39:00,REFUNDED
26067,3,11,3347.80,2026-08-11 00:52:00,FAILED
26068,5,13,2676.40,2026-08-12 16:57:00,REFUNDED
26069,10,20,883.60,2026-08-18 20:12:00,SUCCESS
26070,6,14,993.40,2026-08-03 10:40:00,FAILED
26071,6,7,832.20,2026-08-28 08:41:00,SUCCESS
26072,6,15,3763.20,2026-08-27 17:55:00,REFUNDED
26073,6,20,565.20,2026-08-06 14:10:00,FAILED
26074,4,14,2596.10,2026-08-12 13:41:00,PENDING
26075,10,15,4870.50,2026-08-09 21:01:00,REFUNDED
26076,5,6,3082.10,2026-08-11 22:57:00,SUCCESS
26077,10,17,3758.00,2026-08-26 01:27:00,PENDING
26078,2,15,1191.30,2026-08-10 04:42:00,FAILED
26079,1,1,2130.00,2026-08-29 00:25:00,SUCCESS
26080,7,17,4085.00,2026-08-05 07:45:00,SUCCESS
26081,5,6,644.40,2026-08-22 10:14:00,PENDING
26082,4,2,1471.20,2026-08-24 16:37:00,PENDING
26083,6,14,2066.60,2026-08-12 14:50:00,SUCCESS
26084,2,15,2808.40,2026-08-23 09:42:00,FAILED
26085,9,16,3354.30,2026-08-19 18:17:00,FAILED
26086,9,2,2494.80,2026-08-20 03:59:00,FAILED
26087,5,17,1316.00,2026-08-21 16:23:00,PENDING
26088,4,8,3630.30,2026-08-04 12:53:00,FAILED
26089,4,4,3434.40,2026-08-24 21:44:00,FAILED
26090,7,15,4233.80,2026-08-16 08:10:00,FAILED
26091,9,6,2436.00,2026-08-02 19:28:00,PENDING
26092,2,16,1784.30,2026-08-24 09:59:00,PENDING
26093,3,6,2079.90,2026-08-10 20:58:00,PENDING
26094,6,14,1251.90,2026-08-19 02:15:00,FAILED
26095,6,20,619.60,2026-08-23 02:34:00,REFUNDED
26096,7,5,1012.80,2026-08-25 22:43:00,PENDING
26097,9,10,5022.90,2026-08-28 14:09:00,REFUNDED
26098,1,12,4429.30,2026-08-19 01:15:00,SUCCESS
26099,8,8,1205.90,2026-08-24 18:04:00,FAILED
26100,1,17,2641.60,2026-08-15 20:31:00,FAILED
26101,5,3,2699.60,2026-08-30 12:48:00,PENDING
26102,1,9,2263.90,2026-08-07 22:21:00,SUCCESS
26103,10,9,4114.90,2026-08-19 14:03:00,FAILED
26104,6,3,4110.90,2026-08-08 22:06:00,SUCCESS
26105,7,1,3827.50,2026-08-27 01:11:00,FAILED
26106,10,4,3469.70,2026-08-02 07:40:00,FAILED
26107,7,8,1713.20,2026-08-03 16:13:00,PENDING
26108,1,10,3279.30,2026-08-04 22:59:00,SUCCESS
26109,8,16,1653.50,2026-08-09 02:39:00,FAILED
26110,6,7,3921.50,2026-08-08 12:38:00,PENDING
26111,7,18,3741.30,2026-08-27 06:17:00,FAILED
26112,1,100.00
26113,6,12,3601.30,2026-08-10 16:26:00,SUCCESS
26114,9,20,2953.60,2026-08-11 06:40:00,FAILED
26115,6,9,2525.40,2026-08-24 15:35:00,SUCCESS
26116,9,18,1221.80,2026-08-12 18:47:00,REFUNDED
26117,8,13,3579.00,2026-08-12 15:16:00,REFUNDED
26118,6,3,2555.80,2026-08-29 03:06:00,FAILED
26119,7,13,1837.70,2026-08-15 07:04:00,FAILED
26120,3,14,543.40,2026-08-24 05:18:00,PENDING
26121,4,20,4431.30,2026-08-26 21:46:00,SUCCESS
26122,2,7,3435.30,2026-08-24 00:03:00,SUCCESS
26123,10,17,328.40,2026-08-02 21:13:00,PENDING
26124,10,17,4346.60,2026-08-10 03:25:00,PENDING
26125,3,10,4662.60,2026-08-23 19:58:00,REFUNDED
26126,1,9,524.60,2026-08-25 01:16:00,SUCCESS
26127,10,2,3423.30,2026-08-15 13:12:00,SUCCESS
26128,1,13,171.50,2026-08-07 16:21:00,PENDING
26129,3,19,631.90,2026-08-26 19:26:00,FAILED
26130,10,20,3929.80,2026-08-19 17:38:00,REFUNDED
26131,8,10,4592.10,2026-08-30 10:54:00,FAILED
26132,2,18,1581.30,2026-08-15 03:38:00,FAILED
26133,5,3,4832.90,2026-08-17 12:53:00,PENDING
26134,4,1,948.00,2026-08-20 05:30:00,FAILED
26135,4,1,3236.50,2026-08-15 12:21:00,REFUNDED
26136,4,12,2136.10,2026-08-21 22:10:00,PENDING
26137,10,10,714.60,2026-08-27 16:35:00,REFUNDED
26138,8,4,3454.30,2026-08-26 17:07:00,SUCCESS
26139,1,3,443.70,2026-08-29 06:24:00,SUCCESS
26140,6,5,5023.40,2026-08-22 11:29:00,REFUNDED
26141,1,1,NOT_A_NUMBER,2026-08-01 12:00:00,SUCCESS
26142,8,15,325.80,2026-08-04 05:08:00,FAILED
26143,1,17,1721.40,2026-08-03 18:08:00,FAILED
26144,1,3,866.30,2026-08-23 21:45:00,FAILED
26145,1,3,4348.70,2026-08-17 22:13:00,SUCCESS
26146,6,20,3461.10,2026-08-13 05:22:00,SUCCESS
26147,8,14,682.50,2026-08-07 07:08:00,FAILED
26148,10,10,403.60,2026-08-04 07:51:00,REFUNDED
26149,8,9,3742.00,2026-08-18 08:10:00,SUCCESS
26150,6,19,2802.00,2026-08-05 15:20:00,FAILED
26151,3,15,2399.00,2026-08-07 21:23:00,FAILED
26152,3,10,353.30,2026-08-26 07:11:00,REFUNDED
26153,8,19,2768.70,2026-08-10 01:08:00,SUCCESS
26154,1,1,NOT_A_NUMBER,2026-08-01 12:00:00,SUCCESS
26155,3,2,4613.00,2026-08-16 20:56:00,SUCCESS
26156,1,17,878.50,2026-08-30 17:29:00,REFUNDED
26157,9,1,303.80,2026-08-17 00:09:00,REFUNDED
26158,8,16,1816.00,2026-08-24 19:29:00,REFUNDED
26159,3,19,4962.30,2026-08-27 13:29:00,FAILED
26160,2,1,479.60,2026-08-11 04:16:00,REFUNDED
26161,3,11,1911.00,2026-08-14 00:09:00,PENDING
26162,4,4,2610.20,2026-08-09 12:37:00,SUCCESS
26163,9,19,1466.40,2026-08-03 01:01:00,PENDING
26164,5,7,326.20,2026-08-23 04:19:00,FAILED
26165,2,1,3209.00,2026-08-16 17:22:00,FAILED
26166,1,1,NOT_A_NUMBER,2026-08-01 12:00:00,SUCCESS
26167,4,17,3254.10,2026-08-28 21:29:00,SUCCESS
26168,10,5,2422.70,2026-08-15 14:27:00,FAILED
26169,2,19,498.50,2026-08-09 00:56:00,PENDING
26170,8,16,4532.90,2026-08-13 22:30:00,SUCCESS
26171,5,16,2163.60,2026-08-20 10:57:00,SUCCESS
26172,8,18,3534.00,2026-08-02 21:30:00,SUCCESS
26173,8,17,3630.40,2026-08-02 12:30:00,SUCCESS
26174,1,15,2017.40,2026-08-07 16:54:00,FAILED
26175,9,3,2326.00,2026-08-31 04:58:00,PENDING
26176,6,18,4333.60,2026-08-24 08:32:00,REFUNDED
26177,9,20,886.40,2026-08-15 17:24:00,REFUNDED
26178,3,17,4348.80,2026-08-15 16:35:00,PENDING
26179,10,13,476.30,2026-08-17 10:58:00,PENDING
26180,6,8,665.40,2026-08-13 01:32:00,FAILED
26181,1,15,4858.00,2026-08-30 10:20:00,PENDING
26182,5,9,201.90,2026-08-30 13:06:00,SUCCESS
26183,4,17,1825.60,2026-08-07 02:09:00,REFUNDED
26184,8,4,4424.60,2026-08-28 11:21:00,PENDING
26185,1,8,554.00,2026-08-14 03:00:00,REFUNDED
26186,10,13,1052.10,2026-08-04 20:06:00,PENDING
26187,8,19,2492.50,2026-08-23 05:08:00,SUCCESS
26188,7,1,3596.50,2026-08-25 23:16:00,FAILED
26189,2,14,2313.70,2026-08-01 13:05:00,FAILED
26190,10,3,1666.00,2026-08-26 05:13:00,REFUNDED
26191,9,4,1270.80,2026-08-22 19:35:00,SUCCESS
26192,2,11,1220.60,2026-08-13 00:11:00,PENDING
26193,6,17,556.60,2026-08-15 09:06:00,REFUNDED
26194,8,16,2305.10,2026-08-05 04:09:00,PENDING
26195,8,18,809.10,2026-08-04 01:32:00,PENDING
26196,7,4,2778.20,2026-08-26 11:46:00,REFUNDED
26197,4,20,1959.10,2026-08-05 09:31:00,REFUNDED
26198,9,3,147.10,2026-08-16 18:48:00,SUCCESS
26199,1,3,4415.80,2026-08-15 02:46:00,REFUNDED
26200,6,17,2209.10,2026-08-16 08:25:00,SUCCESS
26201,5,3,4000.20,2026-08-04 16:14:00,SUCCESS
26202,5,4,2198.30,2026-08-30 09:14:00,FAILED
26203,9,1,1302.40,2026-08-03 23:21:00,FAILED
26204,10,7,3692.60,2026-08-04 00:26:00,FAILED
26205,6,11,4668.70,2026-08-08 20:12:00,REFUNDED
26206,5,12,3572.10,2026-08-17 22:56:00,REFUNDED
26207,9,2,358.50,2026-08-20 16:52:00,FAILED
26208,4,15,4916.20,2026-08-20 04:10:00,FAILED
26209,1,15,382.90,2026-08-29 03:55:00,SUCCESS
26210,1,12,4097.90,2026-08-24 18:57:00,REFUNDED
26211,6,14,1509.30,2026-08-07 03:28:00,SUCCESS
26212,5,12,3774.80,2026-08-19 07:14:00,SUCCESS
26213,6,13,765.10,2026-08-23 19:51:00,REFUNDED
26214,6,2,1725.50,2026-08-05 23:06:00,SUCCESS
26215,4,12,4411.10,2026-08-27 23:09:00,FAILED
26216,5,6,3154.30,2026-08-15 13:57:00,FAILED
26217,5,20,2545.10,2026-08-05 02:45:00,FAILED
26218,8,12,2508.60,2026-08-28 13:04:00,REFUNDED
26219,1,16,1625.10,2026-08-02 19:20:00,FAILED
26220,6,6,784.60,2026-08-05 06:21:00,FAILED
26221,2,15,4333.70,2026-08-27 04:45:00,REFUNDED
26222,6,10,1577.90,2026-08-06 12:35:00,SUCCESS
26223,1,16,5044.80,2026-08-18 17:39:00,REFUNDED
26224,9,19,2391.20,2026-08-23 20:02:00,FAILED
26225,2,10,3518.40,2026-08-19 14:00:00,REFUNDED
26226,1,19,4498.90,2026-08-07 23:07:00,SUCCESS
26227,5,9,1680.90,2026-08-22 20:22:00,PENDING
26228,8,4,4512.70,2026-08-17 09:32:00,FAILED
26229,2,19,576.60,2026-08-17 21:45:00,REFUNDED
26230,8,6,3444.60,2026-08-30 19:46:00,SUCCESS
26231,2,11,4313.30,2026-08-15 13:36:00,PENDING
26232,9,2,2224.30,2026-08-15 16:29:00,PENDING
26233,1,2,2407.70,2026-08-14 02:35:00,FAILED
26234,3,20,2324.70,2026-08-14 21:43:00,SUCCESS
26235,5,10,1235.80,2026-08-03 08:23:00,SUCCESS
26236,8,8,4403.90,2026-08-11 14:39:00,PENDING
26237,8,17,4343.40,2026-08-04 23:41:00,PENDING
26238,1,10,4663.20,2026-08-15 08:20:00,PENDING
26239,9,5,3773.80,2026-08-13 01:49:00,FAILED
26240,1,4,3819.90,2026-08-25 18:33:00,SUCCESS
26241,1,13,1096.40,2026-08-03 11:40:00,REFUNDED
26242,1,5,687.20,2026-08-06 23:52:00,SUCCESS
26243,9,7,770.40,2026-08-25 05:34:00,REFUNDED
26244,2,11,2381.10,2026-08-25 16:28:00,SUCCESS
26245,5,18,1156.60,2026-08-12 14:35:00,SUCCESS
26246,7,3,1765.60,2026-08-20 17:57:00,SUCCESS
26247,10,16,592.80,2026-08-20 21:05:00,PENDING
26248,8,16,58.30,2026-08-11 12:54:00,SUCCESS
26249,6,4,4947.10,2026-08-30 00:18:00,REFUNDED
26250,8,18,1730.80,2026-08-30 07:06:00,SUCCESS
26251,7,11,4436.00,2026-08-23 23:11:00,SUCCESS
26252,1,1,5000,2026-08-01 12:00:00,UNKNOWN_STATUS
26253,9,14,4497.90,2026-08-17 20:46:00,PENDING
26254,8,7,3096.90,2026-08-25 21:12:00,FAILED
26255,6,4,2853.50,2026-08-11 06:35:00,REFUNDED
26256,2,9,2023.00,2026-08-18 20:18:00,PENDING
26257,9,12,4518.90,2026-08-13 11:18:00,PENDING
26258,9,15,2596.60,2026-08-28 23:10:00,FAILED
26259,2,1,3580.20,2026-08-30 16:51:00,REFUNDED
26260,2,1,4791.60,2026-08-03 12:12:00,PENDING
26261,4,14,508.40,2026-08-16 06:33:00,SUCCESS
26262,10,18,4932.00,2026-08-08 01:15:00,PENDING
26263,8,12,3835.90,2026-08-14 14:44:00,SUCCESS
26264,5,9,4303.00,2026-08-09 01:32:00,SUCCESS
26265,1,1,NOT_A_NUMBER,2026-08-01 12:00:00,SUCCESS
26266,6,2,2487.10,2026-08-26 02:51:00,REFUNDED
26267,4,1,4926.80,2026-08-04 03:33:00,FAILED
26268,3,19,1976.60,2026-08-17 20:58:00,FAILED
26269,4,10,2915.50,2026-08-21 15:21:00,REFUNDED
26270,6,17,2146.20,2026-08-22 04:48:00,FAILED
26271,8,19,1245.00,2026-08-27 07:31:00,FAILED
26272,6,3,4430.20,2026-08-21 04:50:00,FAILED
26273,2,10,4191.80,2026-08-11 04:52:00,PENDING
26274,7,11,2265.50,2026-08-19 17:23:00,FAILED
26275,4,4,4017.80,2026-08-24 18:24:00,SUCCESS
26276,1,3,1183.00,2026-08-09 15:02:00,PENDING
26277,3,5,3742.70,2026-08-26 06:22:00,FAILED
26278,10,12,781.10,2026-08-15 14:01:00,PENDING
26279,6,7,3054.90,2026-08-08 04:55:00,SUCCESS
26280,9,1,4992.90,2026-08-05 05:23:00,PENDING
26281,5,13,4542.70,2026-08-11 11:49:00,SUCCESS
26282,1,5,393.30,2026-08-20 23:28:00,REFUNDED
26283,1,19,4973.30,2026-08-25 19:52:00,PENDING
26284,10,4,2752.60,2026-08-14 22:10:00,PENDING
26285,9,13,3285.80,2026-08-01 10:15:00,PENDING
26286,5,7,457.90,2026-08-12 12:05:00,REFUNDED
26287,7,6,2806.60,2026-08-20 06:45:00,REFUNDED
26288,5,17,4010.90,2026-08-08 14:52:00,FAILED
26289,3,10,2901.70,2026-08-16 09:34:00,FAILED
26290,6,5,4253.20,2026-08-20 17:08:00,REFUNDED
26291,10,14,2128.60,2026-08-19 04:10:00,FAILED
26292,4,6,3873.60,2026-08-23 08:54:00,SUCCESS
26293,8,9,1426.50,2026-08-10 02:34:00,FAILED
26294,2,1,1241.10,2026-08-05 09:19:00,PENDING
26295,9,1,3388.50,2026-08-28 18:47:00,SUCCESS
26296,2,3,1445.70,2026-08-01 16:27:00,REFUNDED
26297,8,3,2015.60,2026-08-27 00:47:00,PENDING
26298,5,6,3882.40,2026-08-18 20:49:00,PENDING
26299,7,2,730.30,2026-08-21 12:55:00,PENDING
26300,9,11,1520.60,2026-08-04 08:29:00,REFUNDED
26301,9,5,2516.10,2026-08-20 15:16:00,FAILED
26302,1,9,3056.20,2026-08-20 20:25:00,REFUNDED
26303,5,15,1709.50,2026-08-22 06:06:00,SUCCESS
26304,8,20,4665.90,2026-08-03 10:13:00,FAILED
26305,5,15,2354.30,2026-08-30 17:12:00,SUCCESS
26306,8,17,1561.60,2026-08-31 02:07:00,FAILED
26307,2,5,4714.70,2026-08-18 22:19:00,SUCCESS
26308,3,11,368.50,2026-08-25 04:37:00,FAILED
26309,10,9,2755.00,2026-08-24 05:07:00,FAILED
26310,5,7,2719.60,2026-08-08 16:36:00,REFUNDED
26311,8,8,2543.40,2026-08-07 22:56:00,SUCCESS
26312,7,12,3727.40,2026-08-16 17:04:00,REFUNDED
26313,2,3,3871.30,2026-08-18 13:38:00,SUCCESS
26314,7,8,4373.70,2026-08-24 06:59:00,SUCCESS
26315,7,1,3746.50,2026-08-10 12:10:00,SUCCESS
26316,10,6,665.20,2026-08-01 18:54:00,SUCCESS
26317,1,3,3560.10,2026-08-28 07:18:00,PENDING
26318,3,5,3545.30,2026-08-22 05:56:00,REFUNDED
26319,3,12,2531.30,2026-08-23 11:10:00,PENDING
26320,10,10,383.20,2026-08-06 12:33:00,REFUNDED
26321,1,8,914.10,2026-08-11 11:33:00,PENDING
26322,3,1,3417.60,2026-08-10 00:19:00,FAILED
26323,1,100.00
26324,7,13,2699.70,2026-08-03 01:41:00,REFUNDED
26325,7,11,3046.70,2026-08-15 00:49:00,REFUNDED
26326,8,1,3005.60,2026-08-15 07:30:00,FAILED
26327,5,16,3098.20,2026-08-19 14:11:00,SUCCESS
26328,3,12,3337.30,2026-08-25 13:10:00,SUCCESS
26329,5,4,2666.80,2026-08-27 12:43:00,REFUNDED
26330,10,14,4289.10,2026-08-08 21:28:00,PENDING
26331,6,6,2996.70,2026-08-19 11:37:00,SUCCESS
26332,1,9,87.60,2026-08-24 10:57:00,FAILED
26333,7,5,566.30,2026-08-06 19:52:00,SUCCESS
26334,1,16,2964.60,2026-08-30 21:55:00,PENDING
26335,5,3,1436.30,2026-08-19 20:20:00,REFUNDED
26336,9,18,2543.80,2026-08-13 06:49:00,REFUNDED
26337,6,15,1757.20,2026-08-24 00:46:00,PENDING
26338,8,11,3356.70,2026-08-02 12:15:00,PENDING
26339,8,18,1965.60,2026-08-02 05:45:00,FAILED
26340,3,1,4161.70,2026-08-25 05:17:00,SUCCESS
26341,8,19,542.10,2026-08-06 12:29:00,SUCCESS
26342,5,20,4223.90,2026-08-25 05:15:00,PENDING
26343,5,18,2067.70,2026-08-03 08:27:00,SUCCESS
26344,1,1,5000,2026-08-01 12:00:00,UNKNOWN_STATUS
26345,1,1,4320.10,2026-08-11 14:09:00,SUCCESS
26346,9,17,4774.80,2026-08-03 19:34:00,REFUNDED
26347,8,11,2086.30,2026-08-09 13:11:00,PENDING
26348,7,6,2491.60,2026-08-27 06:47:00,FAILED
26349,7,1,1199.30,2026-08-08 02:11:00,REFUNDED
26350,8,5,4373.50,2026-08-28 22:37:00,FAILED
26351,7,20,4241.00,2026-08-17 05:24:00,SUCCESS
26352,10,19,1150.60,2026-08-15 08:44:00,PENDING
26353,10,20,4104.60,2026-08-07 07:10:00,REFUNDED
26354,3,8,74.60,2026-08-12 08:36:00,REFUNDED
26355,1,6,1904.80,2026-08-30 08:31:00,PENDING
26356,9,1,3037.30,2026-08-08 05:30:00,SUCCESS
26357,4,16,2646.30,2026-08-29 21:08:00,REFUNDED
26358,8,2,1274.00,2026-08-29 03:43:00,SUCCESS
26359,6,8,3479.20,2026-08-21 12:54:00,PENDING
26360,2,12,490.20,2026-08-16 06:34:00,FAILED
26361,1,8,2136.60,2026-08-24 00:58:00,FAILED
26362,1,18,4734.20,2026-08-30 10:55:00,PENDING
26363,2,6,1731.40,2026-08-05 23:56:00,FAILED
26364,6,8,4703.20,2026-08-23 18:17:00,REFUNDED
26365,5,5,4444.50,2026-08-15 01:40:00,SUCCESS
26366,3,12,1017.40,2026-08-21 21:21:00,REFUNDED
26367,2,9,517.40,2026-08-27 19:17:00,PENDING
26368,5,15,307.80,2026-08-22 13:53:00,SUCCESS
26369,2,4,1952.10,2026-08-07 02:16:00,FAILED
26370,6,10,1499.00,2026-08-01 14:50:00,SUCCESS
26371,1,1,5000,2026-08-01 12:00:00,UNKNOWN_STATUS
26372,9,14,4809.00,2026-08-04 02:19:00,FAILED
26373,5,2,3232.60,2026-08-03 12:56:00,PENDING
26374,3,1,5019.00,2026-08-04 11:35:00,FAILED
26375,1,19,4971.30,2026-08-29 14:43:00,PENDING
26376,6,11,1922.50,2026-08-05 15:58:00,PENDING
26377,7,11,3409.90,2026-08-26 12:20:00,FAILED
26378,3,2,3806.10,2026-08-26 22:59:00,SUCCESS
26379,8,18,785.20,2026-08-05 19:13:00,PENDING
26380,1,1,5000,2026-08-01 12:00:00,UNKNOWN_STATUS
26381,7,5,3654.90,2026-08-08 20:13:00,REFUNDED
26382,7,13,4196.20,2026-08-30 18:01:00,REFUNDED
26383,7,6,3493.50,2026-08-16 03:44:00,SUCCESS
26384,1,18,4292.90,2026-08-09 03:23:00,PENDING
26385,9,14,1089.20,2026-08-26 16:36:00,SUCCESS
26386,10,16,2997.30,2026-08-15 14:54:00,PENDING
26387,1,1,5000,2026-08-01 12:00:00,UNKNOWN_STATUS
26388,5,20,676.20,2026-08-23 12:06:00,SUCCESS
26389,7,6,963.10,2026-08-03 01:09:00,FAILED
26390,3,5,3388.60,2026-08-27 17:13:00,PENDING
26391,5,7,2382.60,2026-08-09 19:06:00,SUCCESS
26392,5,11,4776.70,2026-08-27 17:47:00,PENDING
26393,4,12,910.60,2026-08-02 06:00:00,FAILED
26394,1,14,2634.30,2026-08-29 08:24:00,REFUNDED
26395,2,10,3344.80,2026-08-21 09:58:00,FAILED
26396,10,14,4690.00,2026-08-13 21:21:00,FAILED
26397,8,1,4873.30,2026-08-24 08:57:00,SUCCESS
26398,5,5,1679.60,2026-08-13 22:49:00,SUCCESS
26399,4,10,4475.00,2026-08-23 19:20:00,REFUNDED
26400,3,15,2145.50,2026-08-03 08:21:00,FAILED
26401,10,16,3756.90,2026-08-18 23:41:00,FAILED
26402,5,18,851.80,2026-08-15 02:06:00,REFUNDED
26403,1,16,3499.20,2026-08-30 07:46:00,FAILED
26404,6,19,2974.70,2026-08-19 06:52:00,FAILED
26405,1,1,NOT_A_NUMBER,2026-08-01 12:00:00,SUCCESS
26406,5,8,5004.50,2026-08-29 04:21:00,SUCCESS
26407,8,18,2288.80,2026-08-26 06:27:00,SUCCESS
26408,3,18,4112.60,2026-08-08 09:09:00,SUCCESS
26409,6,20,328.60,2026-08-23 23:46:00,REFUNDED
26410,2,16,282.40,2026-08-26 18:38:00,SUCCESS
26411,4,12,386.20,2026-08-02 09:30:00,SUCCESS
26412,5,7,4724.40,2026-08-11 06:51:00,PENDING
26413,3,9,3991.40,2026-08-29 00:43:00,PENDING
26414,6,14,2275.90,2026-08-30 16:36:00,SUCCESS
26415,3,18,898.70,2026-08-22 00:10:00,FAILED
26416,4,5,1490.20,2026-08-17 02:32:00,PENDING
26417,7,10,4015.50,2026-08-08 22:27:00,SUCCESS
26418,5,19,3817.20,2026-08-22 15:43:00,PENDING
26419,8,3,709.70,2026-08-29 03:15:00,SUCCESS
26420,6,3,152.50,2026-08-30 19:02:00,REFUNDED
26421,1,14,3588.00,2026-08-07 21:34:00,FAILED
26422,2,13,4292.70,2026-08-09 09:34:00,PENDING
26423,1,7,1647.70,2026-08-16 08:20:00,FAILED
26424,3,5,1944.80,2026-08-28 00:40:00,SUCCESS
26425,10,16,1951.00,2026-08-05 12:26:00,FAILED
26426,7,14,2660.20,2026-08-30 23:11:00,FAILED
26427,8,9,652.20,2026-08-16 05:27:00,REFUNDED
26428,1,15,1079.40,2026-08-17 19:58:00,PENDING
26429,5,11,4492.70,2026-08-09 03:07:00,REFUNDED
26430,7,12,3881.70,2026-08-22 11:01:00,SUCCESS
26431,10,4,2124.80,2026-08-19 04:21:00,FAILED
26432,6,9,209.40,2026-08-25 08:02:00,FAILED
26433,8,15,1277.70,2026-08-02 18:35:00,SUCCESS
26434,6,4,4094.90,2026-08-16 15:33:00,SUCCESS
26435,8,2,2902.80,2026-08-22 01:49:00,REFUNDED
26436,7,11,1369.20,2026-08-15 08:29:00,FAILED
26437,7,18,3062.90,2026-08-11 00:34:00,FAILED
26438,2,10,3583.70,2026-08-16 06:58:00,REFUNDED
26439,9,16,797.20,2026-08-24 08:10:00,REFUNDED
26440,9,17,1375.30,2026-08-11 01:24:00,FAILED
26441,6,19,1663.50,2026-08-06 04:33:00,SUCCESS
26442,2,16,3949.50,2026-08-05 08:28:00,REFUNDED
26443,6,20,1558.50,2026-08-10 09:20:00,FAILED
26444,9,4,4443.60,2026-08-12 01:59:00,FAILED
26445,10,8,2902.70,2026-08-09 11:17:00,REFUNDED
26446,5,13,208.00,2026-08-27 17:50:00,PENDING
26447,2,19,1067.20,2026-08-11 06:35:00,REFUNDED
26448,3,17,65.60,2026-08-09 05:05:00,REFUNDED
26449,6,3,983.60,2026-08-26 13:21:00,SUCCESS
26450,4,15,3114.40,2026-08-20 13:59:00,REFUNDED
26451,3,14,3678.60,2026-08-18 06:50:00,REFUNDED
26452,8,1,873.80,2026-08-12 11:26:00,FAILED
26453,1,7,703.60,2026-08-30 11:21:00,REFUNDED
26454,4,8,3559.20,2026-08-03 17:07:00,SUCCESS
26455,7,14,4795.70,2026-08-28 02:08:00,REFUNDED
26456,10,7,2920.70,2026-08-13 23:32:00,PENDING
26457,1,3,2741.10,2026-08-28 12:20:00,PENDING
26458,10,4,177.70,2026-08-03 09:48:00,REFUNDED
26459,9,18,4917.90,2026-08-16 02:53:00,REFUNDED
26460,10,3,3886.30,2026-08-28 03:24:00,PENDING
26461,9,10,799.60,2026-08-14 07:11:00,FAILED
26462,4,2,938.00,2026-08-09 03:35:00,REFUNDED
26463,6,6,3466.40,2026-08-29 13:34:00,REFUNDED
26464,8,4,3903.10,2026-08-26 16:07:00,REFUNDED
26465,6,20,1757.20,2026-08-23 18:02:00,SUCCESS
26466,10,7,4689.50,2026-08-29 16:00:00,SUCCESS
26467,1,2,2091.10,2026-08-18 10:32:00,SUCCESS
26468,2,2,407.60,2026-08-27 04:24:00,FAILED
26469,5,17,4201.20,2026-08-08 12:21:00,SUCCESS
26470,2,8,2144.10,2026-08-05 09:34:00,PENDING
26471,6,1,901.40,2026-08-12 18:25:00,FAILED
26472,7,10,241.50,2026-08-16 19:44:00,PENDING
26473,1,1,79.50,2026-08-26 09:56:00,FAILED
26474,8,12,1432.60,2026-08-02 19:46:00,SUCCESS
26475,7,19,1966.70,2026-08-17 23:48:00,FAILED
26476,9,6,1442.00,2026-08-25 03:38:00,SUCCESS
26477,8,18,2153.40,2026-08-05 12:47:00,REFUNDED
26478,8,12,3661.50,2026-08-14 16:11:00,PENDING
26479,1,8,441.40,2026-08-27 01:00:00,PENDING
26480,2,20,3746.60,2026-08-19 04:38:00,PENDING
26481,8,10,3177.50,2026-08-31 02:30:00,PENDING
26482,4,4,2123.90,2026-08-13 07:31:00,FAILED
26483,7,2,3592.70,2026-08-24 21:00:00,PENDING
26484,3,7,2485.20,2026-08-28 10:25:00,SUCCESS
26485,5,15,3561.80,2026-08-03 05:25:00,PENDING
26486,9,19,3940.60,2026-08-22 08:55:00,SUCCESS
26487,9,10,2907.00,2026-08-11 11:40:00,SUCCESS
26488,5,12,2750.40,2026-08-06 10:16:00,FAILED
26489,7,8,566.90,2026-08-15 13:41:00,REFUNDED
26490,1,5,1594.70,2026-08-25 10:32:00,REFUNDED
26491,6,3,831.40,2026-08-27 21:09:00,REFUNDED
26492,8,20,1124.70,2026-08-26 16:57:00,REFUNDED
26493,2,10,4977.70,2026-08-06 13:59:00,REFUNDED
26494,7,12,3136.00,2026-08-27 17:23:00,PENDING
26495,3,7,2978.50,2026-08-08 20:39:00,SUCCESS
26496,4,15,2464.10,2026-08-22 20:00:00,PENDING
26497,2,8,714.20,2026-08-27 11:17:00,REFUNDED
26498,10,16,2007.50,2026-08-22 04:38:00,SUCCESS
26499,4,5,4620.40,2026-08-22 05:57:00,PENDING
26500,3,18,3581.40,2026-08-16 04:58:00,SUCCESS
26501,10,14,1177.40,2026-08-28 15:40:00,REFUNDED
26502,10,14,4532.60,2026-08-20 08:24:00,FAILED
26503,6,7,2152.00,2026-08-30 02:53:00,FAILED
26504,1,1,NOT_A_NUMBER,2026-08-01 12:00:00,SUCCESS
26505,4,13,4076.30,2026-08-17 18:32:00,PENDING
26506,10,16,1639.90,2026-08-26 23:41:00,REFUNDED
26507,6,5,495.10,2026-08-16 23:06:00,FAILED
26508,2,12,1447.50,2026-08-12 21:24:00,FAILED
26509,1,4,3389.20,2026-08-08 15:16:00,REFUNDED
26510,4,6,4183.30,2026-08-02 12:43:00,FAILED
26511,10,14,625.70,2026-08-15 10:56:00,REFUNDED
26512,5,5,2641.70,2026-08-20 16:03:00,FAILED
26513,6,15,1442.40,2026-08-25 04:07:00,PENDING
26514,3,18,4193.30,2026-08-25 12:13:00,SUCCESS
26515,1,100.00
26516,10,2,4648.00,2026-08-07 19:44:00,SUCCESS
26517,6,11,1834.00,2026-08-05 11:09:00,REFUNDED
26518,3,2,4935.40,2026-08-17 01:58:00,REFUNDED
26519,4,10,522.00,2026-08-19 16:40:00,REFUNDED
26520,9,8,4648.70,2026-08-09 10:47:00,SUCCESS
26521,8,9,4526.30,2026-08-29 12:05:00,PENDING
26522,7,13,371.10,2026-08-10 16:38:00,PENDING
26523,8,17,650.60,2026-08-08 11:03:00,REFUNDED
26524,5,14,4829.00,2026-08-15 22:56:00,PENDING
26525,6,6,3818.90,2026-08-14 07:49:00,PENDING
26526,1,5,960.50,2026-08-01 11:57:00,REFUNDED
26527,10,20,3715.90,2026-08-06 08:20:00,PENDING
26528,9,3,1696.70,2026-08-04 12:38:00,REFUNDED
26529,6,3,987.30,2026-08-11 19:21:00,REFUNDED
26530,9,7,155.10,2026-08-02 02:36:00,PENDING
26531,5,6,1809.30,2026-08-07 21:46:00,PENDING
26532,3,11,1309.20,2026-08-18 17:31:00,PENDING
26533,3,16,4619.40,2026-08-15 05:27:00,PENDING
26534,2,18,793.40,2026-08-05 22:17:00,PENDING
26535,5,16,4097.30,2026-08-28 05:32:00,SUCCESS
26536,6,2,3816.60,2026-08-13 15:03:00,SUCCESS
26537,9,1,2284.80,2026-08-12 09:26:00,SUCCESS
26538,2,2,3341.10,2026-08-07 15:11:00,PENDING
26539,9,14,3749.90,2026-08-15 20:37:00,SUCCESS
26540,5,1,2041.90,2026-08-11 00:19:00,FAILED
26541,10,16,4043.90,2026-08-17 05:04:00,PENDING
26542,7,9,4334.10,2026-08-30 18:11:00,SUCCESS
26543,9,16,757.80,2026-08-20 00:47:00,SUCCESS
26544,4,15,4282.00,2026-08-27 16:57:00,FAILED
26545,7,19,4345.50,2026-08-21 11:22:00,FAILED
26546,8,20,3483.80,2026-08-09 03:19:00,SUCCESS
26547,9,17,1468.80,2026-08-14 22:07:00,PENDING
26548,4,7,3398.50,2026-08-31 03:17:00,SUCCESS
26549,7,1,1863.80,2026-08-02 12:42:00,REFUNDED
26550,2,12,664.40,2026-08-31 02:13:00,FAILED
26551,7,18,4841.70,2026-08-20 02:29:00,FAILED
26552,8,8,4272.80,2026-08-02 05:45:00,REFUNDED
26553,8,7,1140.10,2026-08-05 01:44:00,REFUNDED
26554,10,2,701.50,2026-08-10 05:22:00,PENDING
26555,5,7,4412.90,2026-08-12 16:12:00,REFUNDED
26556,8,17,3318.10,2026-08-07 23:46:00,REFUNDED
26557,1,1,5000,2026-08-01 12:00:00,UNKNOWN_STATUS
26558,9,16,4361.00,2026-08-27 08:25:00,SUCCESS
26559,2,7,1070.20,2026-08-17 11:37:00,SUCCESS
26560,9,8,729.00,2026-08-07 07:37:00,PENDING
26561,7,5,1594.90,2026-08-10 17:01:00,REFUNDED
26562,9,1,753.90,2026-08-09 06:12:00,PENDING
26563,5,5,1636.50,2026-08-03 16:43:00,PENDING
26564,7,2,2791.10,2026-08-28 12:30:00,PENDING
26565,5,20,2797.00,2026-08-10 05:21:00,SUCCESS
26566,3,16,2187.30,2026-08-09 11:03:00,PENDING
26567,8,16,3424.40,2026-08-24 17:34:00,PENDING
26568,4,15,2626.40,2026-08-20 02:35:00,SUCCESS
26569,4,20,4693.40,2026-08-15 18:41:00,REFUNDED
26570,5,18,1870.60,2026-08-03 23:21:00,PENDING
26571,1,20,2023.90,2026-08-20 13:06:00,FAILED
26572,2,6,3265.30,2026-08-25 08:09:00,FAILED
26573,6,4,2619.80,2026-08-31 01:20:00,REFUNDED
26574,2,5,4573.40,2026-08-30 14:14:00,SUCCESS
26575,9,14,4870.30,2026-08-21 15:20:00,PENDING
26576,5,12,2598.60,2026-08-20 00:18:00,PENDING
26577,4,5,3964.90,2026-08-19 06:20:00,SUCCESS
26578,7,1,3696.10,2026-08-03 09:19:00,REFUNDED
26579,4,11,4060.00,2026-08-04 22:06:00,FAILED
26580,10,1,2479.50,2026-08-13 20:20:00,PENDING
26581,9,14,4728.60,2026-08-06 04:29:00,REFUNDED
26582,6,16,556.10,2026-08-27 09:32:00,SUCCESS
26583,3,2,3743.10,2026-08-13 15:15:00,PENDING
26584,2,2,3650.30,2026-08-21 04:27:00,PENDING
26585,9,5,129.70,2026-08-11 22:51:00,SUCCESS
26586,9,2,1292.10,2026-08-21 23:46:00,REFUNDED
26587,3,14,396.20,2026-08-16 18:43:00,PENDING
26588,5,14,4914.30,2026-08-17 22:32:00,SUCCESS
26589,4,20,1174.60,2026-08-03 12:16:00,REFUNDED
26590,7,3,2512.40,2026-08-30 06:03:00,PENDING
26591,1,13,2579.00,2026-08-02 22:31:00,REFUNDED
26592,2,5,3105.80,2026-08-05 16:19:00,PENDING
26593,5,12,4551.30,2026-08-14 22:28:00,REFUNDED
26594,5,19,1460.80,2026-08-09 03:31:00,REFUNDED
26595,5,17,1869.10,2026-08-28 13:58:00,REFUNDED
26596,1,16,3014.10,2026-08-23 10:22:00,PENDING
26597,8,5,2774.00,2026-08-19 22:18:00,SUCCESS
26598,10,3,1679.30,2026-08-12 02:33:00,PENDING
26599,7,3,2116.10,2026-08-17 13:54:00,PENDING
26600,1,1,458.00,2026-08-11 13:10:00,SUCCESS
26601,3,7,2933.30,2026-08-09 08:37:00,FAILED
26602,7,1,1949.30,2026-08-31 07:46:00,SUCCESS
26603,6,1,277.80,2026-08-16 01:13:00,FAILED
26604,2,2,4877.90,2026-08-09 17:18:00,FAILED
26605,10,8,3262.70,2026-08-14 20:47:00,SUCCESS
26606,9,10,1231.60,2026-08-02 14:57:00,PENDING
26607,6,2,3676.60,2026-08-05 13:03:00,SUCCESS
26608,5,20,2094.90,2026-08-22 20:44:00,SUCCESS
26609,6,14,4437.80,2026-08-13 23:02:00,FAILED
26610,8,17,387.30,2026-08-05 04:16:00,FAILED
26611,9,16,2687.10,2026-08-06 17:44:00,REFUNDED
26612,3,5,729.60,2026-08-21 08:32:00,PENDING
26613,1,8,1163.70,2026-08-25 13:14:00,REFUNDED
26614,2,1,3303.00,2026-08-12 10:38:00,REFUNDED
26615,7,7,4740.70,2026-08-04 17:42:00,SUCCESS
26616,10,16,1091.10,2026-08-14 03:13:00,PENDING
26617,3,7,1726.30,2026-08-22 11:26:00,SUCCESS
26618,2,12,719.10,2026-08-22 20:03:00,REFUNDED
26619,4,8,3334.80,2026-08-10 21:33:00,REFUNDED
26620,8,11,857.20,2026-08-15 18:12:00,FAILED
26621,10,7,1124.90,2026-08-12 04:59:00,PENDING
26622,7,13,614.30,2026-08-07 00:25:00,SUCCESS
26623,1,8,4690.30,2026-08-12 09:24:00,SUCCESS
26624,3,3,367.80,2026-08-24 19:38:00,FAILED
26625,3,5,4849.60,2026-08-18 11:26:00,FAILED
26626,4,16,2044.10,2026-08-26 01:17:00,REFUNDED
26627,6,6,3798.30,2026-08-27 21:32:00,PENDING
26628,10,2,4028.00,2026-08-22 04:30:00,PENDING
26629,8,17,2838.30,2026-08-03 20:55:00,PENDING
26630,2,1,1135.30,2026-08-29 17:49:00,FAILED
26631,4,2,3197.30,2026-08-04 06:01:00,SUCCESS
26632,3,3,4261.60,2026-08-27 12:38:00,PENDING
26633,1,1,NOT_A_NUMBER,2026-08-01 12:00:00,SUCCESS
26634,5,15,237.60,2026-08-22 00:58:00,FAILED
26635,10,19,1415.70,2026-08-23 19:38:00,SUCCESS
26636,3,19,3367.10,2026-08-22 10:07:00,PENDING
26637,3,2,4764.40,2026-08-05 16:04:00,REFUNDED
26638,8,19,2846.80,2026-08-24 09:13:00,PENDING
26639,2,11,3274.30,2026-08-08 17:03:00,SUCCESS
26640,10,14,2170.50,2026-08-24 14:32:00,PENDING
26641,1,1,4952.80,2026-08-28 03:00:00,REFUNDED
26642,9,10,1707.90,2026-08-16 00:25:00,FAILED
26643,10,2,2778.90,2026-08-21 06:02:00,FAILED
26644,10,7,1699.90,2026-08-14 04:22:00,PENDING
26645,2,10,1428.20,2026-08-02 19:51:00,PENDING
26646,9,19,1571.20,2026-08-26 03:25:00,PENDING
26647,3,8,2316.60,2026-08-28 23:41:00,SUCCESS
26648,6,6,4864.30,2026-08-07 09:50:00,PENDING
26649,1,100.00
26650,2,20,2270.20,2026-08-18 17:14:00,PENDING
26651,1,4,2025.60,2026-08-26 20:43:00,REFUNDED
26652,10,4,2277.90,2026-08-03 01:14:00,REFUNDED
26653,1,11,2720.10,2026-08-09 20:34:00,PENDING
26654,6,15,825.20,2026-08-16 16:49:00,REFUNDED
26655,6,7,3502.30,2026-08-18 13:00:00,FAILED
26656,6,16,416.00,2026-08-04 13:11:00,REFUNDED
26657,1,4,376.90,2026-08-10 01:50:00,PENDING
26658,1,18,347.00,2026-08-18 16:41:00,PENDING
26659,5,4,720.80,2026-08-05 12:14:00,REFUNDED
26660,5,13,97.50,2026-08-21 22:26:00,PENDING
26661,9,4,4373.60,2026-08-25 10:18:00,PENDING
26662,7,17,3614.70,2026-08-27 12:32:00,FAILED
26663,3,18,1468.30,2026-08-21 13:54:00,PENDING
26664,9,19,1398.20,2026-08-06 20:46:00,SUCCESS
26665,4,2,446.40,2026-08-24 11:23:00,REFUNDED
26666,4,14,2891.40,2026-08-29 05:18:00,FAILED
26667,2,15,4477.80,2026-08-24 04:00:00,SUCCESS
26668,1,10,812.30,2026-08-22 09:21:00,FAILED
26669,8,17,186.80,2026-08-12 11:15:00,REFUNDED
26670,5,9,4149.30,2026-08-05 06:31:00,PENDING
26671,1,11,1987.60,2026-08-27 08:42:00,FAILED
26672,6,13,741.00,2026-08-04 15:17:00,PENDING
26673,9,3,1274.80,2026-08-24 05:00:00,SUCCESS
26674,5,18,4705.20,2026-08-03 02:26:00,FAILED
26675,2,12,3747.70,2026-08-02 05:00:00,FAILED
26676,8,11,1580.60,2026-08-07 06:43:00,PENDING
26677,7,10,3515.50,2026-08-10 11:43:00,FAILED
26678,3,12,3461.10,2026-08-10 01:36:00,FAILED
26679,4,2,377.40,2026-08-17 08:38:00,REFUNDED
26680,8,1,2197.20,2026-08-25 10:35:00,REFUNDED
26681,1,1,1238.60,2026-08-05 20:30:00,PENDING
26682,9,19,1847.10,2026-08-07 10:51:00,SUCCESS
26683,8,18,1512.60,2026-08-28 23:52:00,PENDING
26684,5,14,1824.40,2026-08-29 01:55:00,PENDING
26685,5,9,5036.40,2026-08-23 13:06:00,SUCCESS
26686,1,17,1520.30,2026-08-04 15:59:00,PENDING
26687,8,5,4647.50,2026-08-30 15:58:00,PENDING
26688,2,10,3282.00,2026-08-12 16:57:00,FAILED
26689,2,1,4159.30,2026-08-24 03:34:00,REFUNDED
26690,8,4,227.60,2026-08-11 22:23:00,REFUNDED
26691,4,1,1439.50,2026-08-10 15:35:00,REFUNDED
26692,7,5,2228.30,2026-08-27 22:08:00,SUCCESS
26693,7,5,4756.20,2026-08-29 12:26:00,FAILED
26694,2,17,2227.80,2026-08-07 08:17:00,FAILED
26695,6,18,1310.80,2026-08-23 22:55:00,REFUNDED
26696,3,2,583.60,2026-08-16 08:47:00,PENDING
26697,8,3,1543.30,2026-08-02 10:54:00,REFUNDED
26698,4,7,4071.20,2026-08-13 02:10:00,PENDING
26699,10,7,4787.50,2026-08-19 09:14:00,FAILED
26700,1,8,907.50,2026-08-12 21:26:00,PENDING
26701,6,1,3877.20,2026-08-03 09:01:00,FAILED
26702,6,9,3999.00,2026-08-30 11:42:00,REFUNDED
26703,1,14,1438.80,2026-08-01 23:05:00,SUCCESS
26704,1,17,2767.90,2026-08-26 18:11:00,SUCCESS
26705,3,13,2505.80,2026-08-15 10:22:00,PENDING
26706,3,4,1934.40,2026-08-30 16:01:00,PENDING
26707,7,17,1060.30,2026-08-04 08:57:00,REFUNDED
26708,10,8,898.50,2026-08-11 03:43:00,REFUNDED
26709,3,20,707.30,2026-08-06 22:35:00,REFUNDED
26710,1,9,2816.50,2026-08-10 22:08:00,SUCCESS
26711,8,13,2507.70,2026-08-12 06:00:00,REFUNDED
26712,3,9,3014.50,2026-08-14 19:50:00,FAILED
26713,9,11,3015.80,2026-08-08 17:38:00,SUCCESS
26714,6,15,1208.10,2026-08-07 00:40:00,PENDING
26715,8,17,3685.30,2026-08-23 02:24:00,SUCCESS
26716,7,2,4293.00,2026-08-02 05:54:00,REFUNDED
26717,4,14,200.90,2026-08-26 14:53:00,FAILED
26718,2,2,4822.30,2026-08-28 04:50:00,PENDING
26719,6,3,4583.90,2026-08-24 23:16:00,SUCCESS
26720,6,8,107.90,2026-08-20 20:43:00,FAILED
26721,7,15,634.00,2026-08-26 16:20:00,PENDING
26722,9,2,4811.30,2026-08-14 17:54:00,SUCCESS
26723,6,5,1306.50,2026-08-18 12:51:00,PENDING
26724,7,16,3715.70,2026-08-27 11:11:00,PENDING
26725,6,20,1764.70,2026-08-15 04:20:00,SUCCESS
26726,1,16,3248.70,2026-08-12 13:04:00,REFUNDED
26727,1,1,4581.50,2026-08-19 00:22:00,FAILED
26728,9,12,4398.80,2026-08-01 09:33:00,PENDING
26729,3,10,1104.20,2026-08-19 19:02:00,REFUNDED
26730,8,15,426.70,2026-08-02 00:05:00,FAILED
26731,9,11,1172.20,2026-08-03 13:07:00,PENDING
26732,8,7,1329.30,2026-08-19 17:18:00,SUCCESS
26733,8,13,4710.50,2026-08-08 02:07:00,FAILED
26734,2,11,4373.90,2026-08-17 01:55:00,FAILED
26735,3,13,4612.70,2026-08-28 11:08:00,FAILED
26736,1,1,5000,INVALID_DATE_TIME,SUCCESS
26737,7,18,2507.20,2026-08-28 07:36:00,PENDING
26738,7,9,3582.50,2026-08-26 13:08:00,FAILED
26739,10,18,1938.00,2026-08-08 02:15:00,SUCCESS
26740,5,2,4875.40,2026-08-17 07:35:00,SUCCESS
26741,3,19,4302.90,2026-08-16 07:52:00,FAILED
26742,1,3,2799.40,2026-08-21 21:07:00,SUCCESS
26743,9,5,1423.30,2026-08-26 06:24:00,REFUNDED
26744,5,17,2085.70,2026-08-10 12:32:00,SUCCESS
26745,1,12,879.10,2026-08-29 01:25:00,REFUNDED
26746,5,7,2184.30,2026-08-21 06:36:00,PENDING
26747,2,20,4931.10,2026-08-26 03:56:00,REFUNDED
26748,6,8,3242.80,2026-08-01 21:39:00,PENDING
26749,6,18,2175.80,2026-08-12 02:51:00,SUCCESS
26750,9,7,820.60,2026-08-14 16:25:00,SUCCESS
26751,5,3,1431.80,2026-08-03 20:35:00,FAILED
26752,5,7,2453.00,2026-08-10 11:33:00,PENDING
26753,2,5,1363.10,2026-08-17 02:47:00,REFUNDED
26754,3,20,4924.20,2026-08-24 13:00:00,PENDING
26755,4,14,4990.50,2026-08-22 13:26:00,PENDING
26756,6,15,373.00,2026-08-07 23:09:00,REFUNDED
26757,1,1,5000,2026-08-01 12:00:00,UNKNOWN_STATUS
26758,5,1,4293.30,2026-08-07 15:32:00,SUCCESS
26759,10,18,4021.90,2026-08-20 12:43:00,REFUNDED
26760,1,13,2053.30,2026-08-15 22:17:00,SUCCESS
26761,8,4,2318.80,2026-08-04 03:25:00,SUCCESS
26762,4,2,447.00,2026-08-09 13:14:00,REFUNDED
26763,1,12,1144.80,2026-08-03 00:54:00,FAILED
26764,5,19,891.20,2026-08-06 16:26:00,FAILED
26765,4,7,3486.20,2026-08-23 09:02:00,PENDING
26766,7,1,1237.00,2026-08-19 03:17:00,PENDING
26767,4,17,3378.60,2026-08-26 06:18:00,FAILED
26768,8,13,3346.10,2026-08-15 11:12:00,SUCCESS
26769,10,17,1324.50,2026-08-29 21:13:00,PENDING
26770,7,6,1388.40,2026-08-25 20:02:00,FAILED
26771,9,13,4104.30,2026-08-12 05:41:00,REFUNDED
26772,5,4,1691.60,2026-08-19 13:34:00,SUCCESS
26773,9,14,990.50,2026-08-25 07:46:00,REFUNDED
26774,5,15,4152.00,2026-08-30 14:40:00,PENDING
26775,1,19,2818.50,2026-08-26 19:45:00,REFUNDED
26776,2,8,1324.90,2026-08-30 23:15:00,PENDING
26777,4,19,2374.00,2026-08-05 21:53:00,SUCCESS
26778,1,1,5000,INVALID_DATE_TIME,SUCCESS
26779,4,3,3194.90,2026-08-21 03:13:00,FAILED
26780,7,12,1115.10,2026-08-20 01:15:00,REFUNDED
26781,6,6,4300.80,2026-08-08 16:34:00,REFUNDED
26782,8,9,3701.00,2026-08-12 13:59:00,REFUNDED
26783,10,18,391.40,2026-08-28 06:10:00,SUCCESS
26784,8,6,1135.70,2026-08-11 11:12:00,FAILED
26785,6,14,768.70,2026-08-19 10:10:00,REFUNDED
26786,7,1,1632.50,2026-08-27 05:46:00,REFUNDED
26787,9,1,3700.10,2026-08-28 22:52:00,FAILED
26788,8,6,1340.00,2026-08-26 14:03:00,PENDING
26789,3,15,1078.40,2026-08-07 15:36:00,REFUNDED
26790,6,3,3366.80,2026-08-27 05:02:00,FAILED
26791,1,19,1412.10,2026-08-16 12:44:00,REFUNDED
26792,1,3,4236.50,2026-08-07 23:41:00,FAILED
26793,7,11,3039.90,2026-08-10 05:50:00,SUCCESS
26794,1,15,478.80,2026-08-30 23:19:00,REFUNDED
26795,4,6,2857.50,2026-08-16 16:57:00,SUCCESS
26796,2,15,4897.50,2026-08-10 14:07:00,FAILED
26797,8,1,1926.20,2026-08-09 08:46:00,FAILED
26798,1,17,215.30,2026-08-05 01:51:00,FAILED
26799,4,5,2743.50,2026-08-28 09:02:00,REFUNDED
26800,2,19,1974.90,2026-08-22 22:16:00,FAILED
26801,3,8,4546.70,2026-08-29 16:17:00,SUCCESS
26802,8,16,4902.50,2026-08-30 22:17:00,PENDING
26803,8,12,2411.70,2026-08-17 02:58:00,PENDING
26804,2,11,3157.20,2026-08-18 17:38:00,FAILED
26805,8,6,3949.80,2026-08-13 19:21:00,PENDING
26806,10,14,3730.50,2026-08-23 12:02:00,FAILED
26807,8,19,755.90,2026-08-09 00:27:00,SUCCESS
26808,1,9,644.50,2026-08-22 18:40:00,PENDING
26809,10,5,2162.70,2026-08-24 18:24:00,REFUNDED
26810,9,14,3551.50,2026-08-21 22:28:00,SUCCESS
26811,9,6,792.50,2026-08-11 14:40:00,PENDING
26812,5,1,397.10,2026-08-05 12:43:00,SUCCESS
26813,2,16,3236.50,2026-08-02 13:11:00,REFUNDED
26814,8,18,3067.60,2026-08-25 04:18:00,PENDING
26815,10,13,3978.40,2026-08-17 23:50:00,REFUNDED
26816,9,6,4642.80,2026-08-23 10:43:00,SUCCESS
26817,10,7,3275.80,2026-08-12 06:05:00,PENDING
26818,4,15,1273.20,2026-08-07 09:22:00,REFUNDED
26819,7,5,2252.70,2026-08-25 01:47:00,PENDING
26820,7,20,2638.00,2026-08-21 09:21:00,FAILED
26821,1,5,1521.10,2026-08-09 12:00:00,SUCCESS
26822,5,20,256.90,2026-08-06 08:40:00,REFUNDED
26823,9,19,3004.50,2026-08-21 10:51:00,PENDING
26824,10,11,617.50,2026-08-02 18:26:00,REFUNDED
26825,9,11,3339.50,2026-08-13 05:12:00,FAILED
26826,5,4,3805.90,2026-08-19 10:33:00,PENDING
26827,8,4,4742.80,2026-08-20 22:17:00,SUCCESS
26828,1,19,2700.10,2026-08-15 18:59:00,PENDING
26829,9,13,2642.50,2026-08-23 13:37:00,FAILED
26830,1,100.00
26831,10,2,2682.80,2026-08-24 14:02:00,REFUNDED
26832,4,16,1253.30,2026-08-14 08:50:00,FAILED
26833,4,14,784.30,2026-08-02 16:52:00,SUCCESS
26834,10,6,599.10,2026-08-06 20:22:00,SUCCESS
26835,9,18,2173.40,2026-08-03 19:01:00,REFUNDED
26836,2,20,3441.30,2026-08-02 03:05:00,SUCCESS
26837,5,16,348.50,2026-08-10 17:04:00,FAILED
26838,2,20,3029.80,2026-08-18 22:32:00,FAILED
26839,6,6,2363.10,2026-08-13 01:10:00,SUCCESS
26840,4,8,1052.40,2026-08-08 21:01:00,SUCCESS
26841,9,3,3572.50,2026-08-27 06:33:00,PENDING
26842,10,13,2007.20,2026-08-29 04:27:00,REFUNDED
26843,6,12,1167.30,2026-08-09 12:56:00,FAILED
26844,9,5,2282.70,2026-08-27 12:54:00,REFUNDED
26845,3,5,3166.70,2026-08-13 19:41:00,FAILED
26846,1,1,NOT_A_NUMBER,2026-08-01 12:00:00,SUCCESS
26847,3,4,3465.30,2026-08-20 02:45:00,FAILED
26848,7,5,4330.20,2026-08-05 02:24:00,SUCCESS
26849,10,17,1264.20,2026-08-20 19:49:00,FAILED
26850,10,13,3670.70,2026-08-14 08:11:00,PENDING
26851,2,4,886.60,2026-08-08 20:18:00,FAILED
26852,5,8,2563.30,2026-08-08 13:47:00,REFUNDED
26853,4,5,3390.50,2026-08-29 12:26:00,REFUNDED
26854,8,7,2479.30,2026-08-23 13:16:00,PENDING
26855,1,5,3061.60,2026-08-25 08:08:00,REFUNDED
26856,1,18,2461.80,2026-08-06 05:33:00,REFUNDED
26857,9,19,4129.50,2026-08-14 07:36:00,PENDING
26858,8,8,1472.10,2026-08-04 10:50:00,FAILED
26859,6,10,1826.20,2026-08-12 05:46:00,SUCCESS
26860,1,17,3140.10,2026-08-30 03:10:00,FAILED
26861,10,14,2919.10,2026-08-07 18:18:00,REFUNDED
26862,7,17,3684.00,2026-08-29 12:55:00,REFUNDED
26863,6,10,1255.50,2026-08-24 21:25:00,SUCCESS
26864,6,19,596.00,2026-08-16 10:22:00,PENDING
26865,3,16,4254.40,2026-08-26 13:21:00,REFUNDED
26866,1,20,3241.80,2026-08-06 08:09:00,SUCCESS
26867,2,5,1758.00,2026-08-11 22:50:00,FAILED
26868,9,18,4746.60,2026-08-19 11:11:00,REFUNDED
26869,1,6,2763.30,2026-08-11 22:45:00,REFUNDED
26870,9,12,1578.80,2026-08-14 02:43:00,FAILED
26871,4,6,145.10,2026-08-03 16:16:00,SUCCESS
26872,9,8,714.80,2026-08-11 02:43:00,SUCCESS
26873,1,17,3115.90,2026-08-22 03:33:00,SUCCESS
26874,7,10,3664.10,2026-08-15 07:55:00,PENDING
26875,4,9,3214.30,2026-08-16 09:26:00,PENDING
26876,10,5,743.00,2026-08-01 18:27:00,REFUNDED
26877,1,7,2088.70,2026-08-12 06:28:00,FAILED
26878,6,6,4794.50,2026-08-14 23:50:00,SUCCESS
26879,9,7,958.00,2026-08-13 14:04:00,REFUNDED
26880,4,3,4675.50,2026-08-03 04:43:00,SUCCESS
26881,1,13,2689.80,2026-08-19 14:27:00,REFUNDED
26882,3,4,2821.40,2026-08-27 21:40:00,SUCCESS
26883,4,3,1601.10,2026-08-23 14:53:00,FAILED
26884,4,2,2728.40,2026-08-08 02:37:00,SUCCESS
26885,7,11,3194.80,2026-08-15 12:51:00,SUCCESS
26886,1,17,3786.50,2026-08-23 15:02:00,FAILED
26887,6,12,1992.20,2026-08-12 14:23:00,FAILED
26888,9,15,2971.40,2026-08-11 04:19:00,REFUNDED
26889,2,2,2499.50,2026-08-22 23:24:00,PENDING
26890,9,2,128.70,2026-08-26 12:44:00,SUCCESS
26891,1,100.00
26892,3,3,1932.80,2026-08-05 18:06:00,SUCCESS
26893,7,1,4451.80,2026-08-24 10:33:00,SUCCESS
26894,9,7,703.50,2026-08-10 11:36:00,PENDING
26895,2,12,4639.00,2026-08-07 03:19:00,FAILED
26896,8,9,1512.30,2026-08-22 05:47:00,PENDING
26897,3,2,1239.80,2026-08-04 06:06:00,PENDING
26898,2,9,1892.40,2026-08-04 16:08:00,SUCCESS
26899,6,15,2053.10,2026-08-15 16:40:00,FAILED
26900,5,15,2961.80,2026-08-05 02:55:00,REFUNDED
26901,7,1,1979.20,2026-08-08 02:01:00,REFUNDED
26902,2,17,4866.20,2026-08-22 07:25:00,SUCCESS
26903,10,20,2209.60,2026-08-22 23:57:00,PENDING
26904,6,20,4622.60,2026-08-17 03:00:00,SUCCESS
26905,10,14,3953.60,2026-08-27 08:48:00,REFUNDED
26906,8,10,1408.70,2026-08-08 21:10:00,PENDING
26907,9,3,4007.60,2026-08-04 05:23:00,SUCCESS
26908,9,6,4447.40,2026-08-28 15:38:00,SUCCESS
26909,5,15,4759.40,2026-08-30 18:52:00,SUCCESS
26910,2,6,1459.70,2026-08-04 04:40:00,FAILED
26911,8,13,1228.40,2026-08-20 04:21:00,FAILED
26912,1,10,3520.40,2026-08-15 02:45:00,FAILED
26913,5,20,2891.80,2026-08-03 07:27:00,FAILED
26914,3,8,4566.30,2026-08-27 09:43:00,REFUNDED
26915,5,18,3883.80,2026-08-03 16:44:00,PENDING
26916,3,12,1464.60,2026-08-31 06:25:00,REFUNDED
26917,1,13,572.30,2026-08-10 23:20:00,REFUNDED
26918,7,18,1032.00,2026-08-31 06:04:00,FAILED
26919,8,10,4242.20,2026-08-11 04:27:00,SUCCESS
26920,3,17,2205.60,2026-08-11 21:20:00,SUCCESS
26921,9,9,1331.40,2026-08-04 13:07:00,PENDING
26922,10,16,3128.10,2026-08-05 07:10:00,FAILED
26923,1,17,2098.60,2026-08-16 04:59:00,FAILED
26924,10,9,658.20,2026-08-25 00:29:00,FAILED
26925,9,16,1114.60,2026-08-05 04:29:00,PENDING
26926,5,5,935.30,2026-08-15 02:01:00,REFUNDED
26927,7,20,2158.30,2026-08-01 15:05:00,FAILED
26928,5,13,3024.60,2026-08-28 22:42:00,SUCCESS
26929,2,1,2150.60,2026-08-14 13:51:00,REFUNDED
26930,10,2,2444.40,2026-08-17 11:45:00,FAILED
26931,9,9,1574.90,2026-08-27 15:41:00,REFUNDED
26932,4,20,3620.90,2026-08-23 07:22:00,REFUNDED
26933,8,7,2047.40,2026-08-17 04:54:00,SUCCESS
26934,9,3,1425.90,2026-08-16 10:27:00,REFUNDED
26935,1,1,5000,2026-08-01 12:00:00,UNKNOWN_STATUS
26936,10,1,2059.70,2026-08-12 15:12:00,REFUNDED
26937,4,10,366.10,2026-08-04 23:35:00,REFUNDED
26938,9,11,415.90,2026-08-01 21:34:00,REFUNDED
26939,1,10,2424.00,2026-08-16 20:11:00,FAILED
26940,4,16,2027.30,2026-08-11 19:13:00,PENDING
26941,7,6,1911.10,2026-08-19 04:08:00,REFUNDED
26942,8,5,521.30,2026-08-08 08:26:00,PENDING
26943,5,9,4040.00,2026-08-18 11:15:00,REFUNDED
26944,5,10,2714.30,2026-08-26 01:22:00,PENDING
26945,1,15,1926.60,2026-08-27 17:23:00,REFUNDED
26946,5,12,4469.80,2026-08-02 15:32:00,REFUNDED
26947,7,6,2539.70,2026-08-26 14:59:00,SUCCESS
26948,2,15,2222.10,2026-08-08 15:29:00,REFUNDED
26949,3,9,1490.10,2026-08-13 08:51:00,SUCCESS
26950,5,2,2576.60,2026-08-28 11:14:00,PENDING
26951,10,11,4836.50,2026-08-03 23:27:00,SUCCESS
26952,5,14,3698.40,2026-08-17 11:48:00,FAILED
26953,9,17,290.70,2026-08-02 06:37:00,REFUNDED
26954,5,1,4511.80,2026-08-20 02:39:00,PENDING
26955,5,10,3151.40,2026-08-01 20:57:00,PENDING
26956,10,19,1770.10,2026-08-18 19:26:00,FAILED
26957,4,10,2705.90,2026-08-10 20:26:00,PENDING
26958,8,17,2290.50,2026-08-23 19:27:00,REFUNDED
26959,1,2,3873.30,2026-08-13 21:28:00,FAILED
26960,2,20,2182.00,2026-08-05 05:40:00,REFUNDED
26961,8,7,1821.50,2026-08-30 12:44:00,FAILED
26962,4,16,3087.20,2026-08-04 21:49:00,PENDING
26963,4,19,2815.40,2026-08-11 07:24:00,PENDING
26964,6,8,403.70,2026-08-08 05:59:00,PENDING
26965,10,17,4035.90,2026-08-28 21:17:00,SUCCESS
26966,2,11,3060.20,2026-08-18 15:03:00,FAILED
26967,4,5,495.40,2026-08-18 09:16:00,REFUNDED
26968,3,20,4507.90,2026-08-08 13:51:00,PENDING
26969,1,12,2797.50,2026-08-14 23:59:00,SUCCESS
26970,3,8,1229.60,2026-08-15 06:10:00,FAILED
26971,9,19,2763.00,2026-08-31 01:47:00,REFUNDED
26972,2,9,2652.10,2026-08-01 12:24:00,SUCCESS
26973,2,11,3833.20,2026-08-10 06:47:00,REFUNDED
26974,1,100.00
26975,1,5,2345.00,2026-08-19 02:12:00,FAILED
26976,2,17,4212.80,2026-08-05 04:58:00,PENDING
26977,4,4,1215.50,2026-08-25 19:48:00,SUCCESS
26978,7,13,1460.20,2026-08-11 09:06:00,SUCCESS
26979,5,9,4264.60,2026-08-27 00:42:00,SUCCESS
26980,6,7,842.00,2026-08-25 19:55:00,SUCCESS
26981,8,6,4672.50,2026-08-07 17:45:00,REFUNDED
26982,7,1,3540.70,2026-08-06 07:38:00,PENDING
26983,10,18,1235.20,2026-08-03 03:37:00,FAILED
26984,2,19,825.50,2026-08-17 10:50:00,FAILED
26985,9,15,1849.20,2026-08-09 06:06:00,SUCCESS
26986,3,10,3687.70,2026-08-08 08:05:00,REFUNDED
26987,3,13,4120.60,2026-08-24 05:55:00,FAILED
26988,7,6,2961.50,2026-08-12 12:34:00,FAILED
26989,1,18,3290.40,2026-08-04 22:57:00,PENDING
26990,9,3,4872.00,2026-08-11 09:05:00,PENDING
26991,7,12,2634.10,2026-08-06 07:41:00,REFUNDED
26992,1,18,4277.20,2026-08-28 18:13:00,SUCCESS
26993,3,5,5042.60,2026-08-02 12:04:00,REFUNDED
26994,2,8,1138.20,2026-08-20 10:34:00,SUCCESS
26995,8,11,4324.80,2026-08-10 17:17:00,SUCCESS
26996,4,5,2178.70,2026-08-22 22:47:00,SUCCESS
26997,2,2,3595.70,2026-08-09 14:48:00,REFUNDED
26998,10,16,3800.60,2026-08-19 17:33:00,SUCCESS
26999,9,13,3561.40,2026-08-20 02:31:00,REFUNDED
27000,3,14,3091.10,2026-08-17 14:39:00,REFUNDED
27001,1,1,1354.20,2026-08-13 05:21:00,REFUNDED
27002,10,17,4651.20,2026-08-21 03:16:00,PENDING
27003,1,19,3176.90,2026-08-25 22:26:00,REFUNDED
27004,3,9,4935.40,2026-08-26 18:16:00,SUCCESS
27005,5,19,147.60,2026-08-26 09:52:00,SUCCESS
27006,6,17,691.90,2026-08-20 02:27:00,SUCCESS
27007,6,20,584.10,2026-08-23 20:57:00,FAILED
27008,3,19,1745.00,2026-08-15 04:39:00,FAILED
27009,1,18,1737.40,2026-08-28 14:32:00,REFUNDED
27010,3,4,2274.60,2026-08-22 16:08:00,SUCCESS
27011,6,1,1657.40,2026-08-19 20:33:00,SUCCESS
27012,10,4,575.30,2026-08-05 04:13:00,PENDING
27013,6,16,863.00,2026-08-18 03:34:00,PENDING
27014,10,18,2716.80,2026-08-01 11:40:00,SUCCESS
27015,10,10,384.70,2026-08-07 17:21:00,REFUNDED
27016,3,1,4334.30,2026-08-28 05:10:00,PENDING
27017,4,20,536.30,2026-08-22 05:27:00,SUCCESS
27018,8,4,781.70,2026-08-25 21:24:00,REFUNDED
27019,4,9,4693.10,2026-08-25 07:45:00,REFUNDED
27020,8,5,745.30,2026-08-11 09:08:00,FAILED
27021,8,5,3960.40,2026-08-28 02:51:00,PENDING
27022,7,3,73.60,2026-08-15 09:25:00,SUCCESS
27023,1,14,2976.80,2026-08-27 14:56:00,PENDING
27024,4,11,730.30,2026-08-21 10:54:00,REFUNDED
27025,3,4,4688.80,2026-08-19 07:36:00,REFUNDED
27026,5,11,318.50,2026-08-15 22:36:00,PENDING
27027,5,6,1471.70,2026-08-26 00:24:00,REFUNDED
27028,1,7,3492.20,2026-08-21 22:05:00,PENDING
27029,9,19,512.50,2026-08-23 15:37:00,FAILED
27030,8,9,3133.40,2026-08-23 16:52:00,REFUNDED
27031,2,18,2299.40,2026-08-26 07:03:00,FAILED
27032,7,7,4921.50,2026-08-09 16:52:00,FAILED
27033,2,6,4728.80,2026-08-02 01:15:00,FAILED
27034,8,14,3749.90,2026-08-24 13:53:00,SUCCESS
27035,1,100.00
27036,10,17,1254.80,2026-08-22 20:35:00,REFUNDED
27037,10,6,2843.30,2026-08-11 08:01:00,SUCCESS
27038,5,3,895.70,2026-08-04 05:12:00,FAILED
27039,8,13,2647.50,2026-08-06 11:42:00,PENDING
27040,4,11,3058.80,2026-08-15 05:40:00,PENDING
27041,5,17,551.30,2026-08-09 11:51:00,REFUNDED
27042,3,15,2406.90,2026-08-19 04:31:00,REFUNDED
27043,8,13,1935.20,2026-08-02 17:36:00,PENDING
27044,7,14,4860.80,2026-08-30 01:05:00,FAILED
27045,5,19,3930.20,2026-08-19 23:30:00,REFUNDED
27046,4,13,1462.80,2026-08-21 16:15:00,PENDING
27047,6,4,2348.20,2026-08-22 00:15:00,REFUNDED
27048,7,10,2516.60,2026-08-21 08:17:00,REFUNDED
27049,2,6,4546.80,2026-08-15 02:08:00,REFUNDED
27050,10,1,762.30,2026-08-13 17:18:00,REFUNDED
27051,9,14,2376.00,2026-08-23 04:10:00,SUCCESS
27052,10,8,4804.60,2026-08-24 06:24:00,PENDING
27053,4,3,393.40,2026-08-28 20:41:00,REFUNDED
27054,1,10,4752.80,2026-08-25 15:34:00,PENDING
27055,10,14,3944.60,2026-08-03 00:52:00,SUCCESS
27056,10,2,936.90,2026-08-30 09:22:00,PENDING
27057,8,3,2996.20,2026-08-16 07:38:00,REFUNDED
27058,4,11,3584.00,2026-08-15 09:55:00,SUCCESS
27059,7,4,499.80,2026-08-08 18:06:00,SUCCESS
27060,7,18,4474.70,2026-08-08 15:38:00,PENDING
27061,6,15,1256.50,2026-08-13 04:37:00,REFUNDED
27062,6,1,2247.80,2026-08-07 17:14:00,FAILED
27063,3,17,333.50,2026-08-15 22:22:00,FAILED
27064,10,15,1097.50,2026-08-26 23:00:00,REFUNDED
27065,3,16,2272.80,2026-08-23 20:47:00,SUCCESS
27066,4,12,1737.40,2026-08-08 02:00:00,SUCCESS
27067,5,12,2993.00,2026-08-15 12:24:00,REFUNDED
27068,1,8,3997.80,2026-08-26 04:59:00,SUCCESS
27069,6,12,5027.80,2026-08-09 06:53:00,SUCCESS
27070,3,10,4352.70,2026-08-05 21:38:00,PENDING
27071,2,15,2583.60,2026-08-25 21:31:00,REFUNDED
27072,9,4,2334.50,2026-08-01 08:47:00,SUCCESS
27073,3,14,1028.70,2026-08-28 05:05:00,REFUNDED
27074,2,8,2072.90,2026-08-12 06:03:00,FAILED
27075,2,3,3844.50,2026-08-28 02:19:00,SUCCESS
27076,9,19,3802.50,2026-08-21 16:03:00,PENDING
27077,6,12,1119.00,2026-08-01 19:24:00,REFUNDED
27078,1,5,536.50,2026-08-17 14:00:00,REFUNDED
27079,7,17,3189.30,2026-08-13 18:08:00,PENDING
27080,1,10,865.10,2026-08-12 19:08:00,SUCCESS
27081,4,20,155.10,2026-08-15 03:47:00,SUCCESS
27082,2,13,3053.60,2026-08-31 00:56:00,FAILED
27083,9,19,3604.00,2026-08-14 22:19:00,FAILED
27084,3,15,3313.70,2026-08-20 09:26:00,REFUNDED
27085,10,18,1373.40,2026-08-19 22:54:00,FAILED
27086,2,5,2440.50,2026-08-09 09:28:00,SUCCESS
27087,6,12,3802.30,2026-08-26 11:46:00,PENDING
27088,4,13,4149.10,2026-08-02 09:44:00,SUCCESS
27089,9,13,893.80,2026-08-22 23:46:00,PENDING
27090,2,6,1855.60,2026-08-22 00:15:00,SUCCESS
27091,9,5,888.10,2026-08-22 12:22:00,FAILED
27092,8,3,4990.00,2026-08-19 23:01:00,SUCCESS
27093,9,18,2068.30,2026-08-11 03:03:00,PENDING
27094,6,13,3419.70,2026-08-22 04:10:00,FAILED
27095,3,3,3740.00,2026-08-18 00:25:00,SUCCESS
27096,6,6,4780.40,2026-08-04 00:43:00,PENDING
27097,3,1,3447.90,2026-08-13 03:23:00,FAILED
27098,1,17,2877.80,2026-08-15 18:36:00,REFUNDED
27099,5,10,3320.40,2026-08-13 18:30:00,SUCCESS
27100,3,12,4310.80,2026-08-18 17:18:00,REFUNDED
27101,6,7,1821.80,2026-08-19 06:30:00,SUCCESS
27102,7,1,3803.50,2026-08-11 00:39:00,SUCCESS
27103,2,19,1371.20,2026-08-28 23:24:00,FAILED
27104,5,18,4791.10,2026-08-14 21:20:00,PENDING
27105,7,7,2911.90,2026-08-29 16:45:00,REFUNDED
27106,9,17,3083.40,2026-08-29 16:09:00,REFUNDED
27107,8,4,5025.60,2026-08-19 13:55:00,REFUNDED
27108,3,3,2175.70,2026-08-29 11:14:00,PENDING
27109,3,9,3570.20,2026-08-04 01:39:00,PENDING
27110,1,2,4093.90,2026-08-04 13:43:00,REFUNDED
27111,5,20,4803.10,2026-08-22 02:02:00,PENDING
27112,5,8,3632.80,2026-08-08 08:30:00,REFUNDED
27113,7,6,4192.30,2026-08-22 21:37:00,FAILED
27114,3,3,4410.80,2026-08-09 01:04:00,REFUNDED
27115,9,4,533.40,2026-08-13 08:26:00,PENDING
27116,6,7,4354.00,2026-08-25 23:12:00,SUCCESS
27117,1,8,132.30,2026-08-03 04:10:00,FAILED
27118,9,20,1376.40,2026-08-17 03:31:00,REFUNDED
27119,7,19,4321.70,2026-08-02 01:37:00,PENDING
27120,7,4,2925.90,2026-08-01 12:37:00,PENDING
27121,10,4,2112.00,2026-08-05 04:10:00,PENDING
27122,8,7,2532.00,2026-08-08 20:09:00,FAILED
27123,10,1,2064.70,2026-08-04 15:57:00,REFUNDED
27124,3,12,1700.70,2026-08-04 04:46:00,SUCCESS
27125,5,3,3700.00,2026-08-15 21:43:00,FAILED
27126,1,12,2683.60,2026-08-18 02:21:00,FAILED
27127,1,6,560.20,2026-08-28 01:08:00,REFUNDED
27128,9,16,2124.20,2026-08-12 07:44:00,FAILED
27129,7,4,1958.00,2026-08-27 13:00:00,SUCCESS
27130,6,15,3484.20,2026-08-14 14:33:00,REFUNDED
27131,5,9,355.90,2026-08-13 08:13:00,SUCCESS
27132,7,8,4162.70,2026-08-06 22:13:00,FAILED
27133,4,17,3291.70,2026-08-23 07:15:00,SUCCESS
27134,2,4,1994.00,2026-08-12 13:14:00,REFUNDED
27135,2,19,4289.00,2026-08-20 00:49:00,REFUNDED
27136,1,20,2444.70,2026-08-06 14:04:00,PENDING
27137,2,11,1884.40,2026-08-10 04:38:00,PENDING
27138,5,16,1309.80,2026-08-16 11:04:00,FAILED
27139,9,6,3702.30,2026-08-01 13:45:00,SUCCESS
27140,10,8,1624.50,2026-08-25 07:40:00,SUCCESS
27141,3,17,1716.90,2026-08-08 15:06:00,FAILED
27142,7,20,1996.60,2026-08-31 04:06:00,REFUNDED
27143,9,5,1066.40,2026-08-20 15:29:00,SUCCESS
27144,3,5,2535.00,2026-08-12 16:39:00,PENDING
27145,3,5,2100.30,2026-08-29 09:10:00,PENDING
27146,1,1,2038.50,2026-08-02 15:39:00,PENDING
27147,5,18,4952.70,2026-08-23 16:56:00,REFUNDED
27148,3,13,1936.80,2026-08-04 04:06:00,PENDING
27149,8,19,571.20,2026-08-04 05:42:00,FAILED
27150,4,7,1909.80,2026-08-02 06:04:00,FAILED
27151,2,10,1293.90,2026-08-06 17:53:00,FAILED
27152,9,3,932.60,2026-08-27 16:48:00,FAILED
27153,5,7,2552.10,2026-08-20 17:41:00,FAILED
27154,6,2,3375.50,2026-08-18 17:57:00,PENDING
27155,6,1,1864.90,2026-08-18 21:31:00,SUCCESS
27156,1,10,2092.50,2026-08-11 06:43:00,SUCCESS
27157,2,13,4917.10,2026-08-20 12:25:00,PENDING
27158,7,19,1751.00,2026-08-14 03:18:00,SUCCESS
27159,9,16,4589.00,2026-08-04 10:55:00,FAILED
27160,8,19,499.90,2026-08-08 01:38:00,PENDING
27161,8,20,3373.60,2026-08-18 16:43:00,SUCCESS
27162,1,18,470.10,2026-08-23 22:06:00,SUCCESS
27163,5,18,4427.10,2026-08-24 00:59:00,FAILED
27164,2,18,1733.60,2026-08-08 08:12:00,PENDING
27165,3,16,592.40,2026-08-11 00:14:00,REFUNDED
27166,8,11,4690.60,2026-08-09 02:28:00,REFUNDED
27167,7,13,1112.60,2026-08-31 05:53:00,REFUNDED
27168,10,1,1911.10,2026-08-27 09:31:00,SUCCESS
27169,7,20,969.80,2026-08-06 10:13:00,REFUNDED
27170,2,8,2533.80,2026-08-23 21:44:00,SUCCESS
27171,4,12,2222.60,2026-08-11 16:30:00,FAILED
27172,10,19,2010.10,2026-08-20 08:39:00,SUCCESS
27173,10,3,2518.60,2026-08-19 09:24:00,REFUNDED
27174,1,13,2806.00,2026-08-14 22:44:00,PENDING
27175,1,2,154.40,2026-08-08 05:35:00,FAILED
27176,9,18,4990.80,2026-08-09 19:30:00,SUCCESS
27177,9,3,1564.40,2026-08-03 08:54:00,FAILED
27178,5,11,4956.80,2026-08-09 03:14:00,PENDING
27179,3,10,4253.60,2026-08-16 09:36:00,REFUNDED
27180,7,14,786.80,2026-08-19 00:16:00,REFUNDED
27181,4,6,1899.40,2026-08-23 06:52:00,SUCCESS
27182,8,16,3025.20,2026-08-11 20:34:00,FAILED
27183,5,11,4036.50,2026-08-08 05:23:00,SUCCESS
27184,10,10,4657.50,2026-08-10 10:31:00,SUCCESS
27185,1,1,NOT_A_NUMBER,2026-08-01 12:00:00,SUCCESS
27186,9,8,486.50,2026-08-10 08:37:00,PENDING
27187,7,18,2661.00,2026-08-23 03:20:00,SUCCESS
27188,9,5,1953.90,2026-08-27 20:31:00,SUCCESS
27189,3,5,865.10,2026-08-19 22:38:00,REFUNDED
27190,7,7,1472.10,2026-08-27 07:50:00,REFUNDED
27191,3,11,4441.10,2026-08-29 00:53:00,FAILED
27192,6,10,3696.70,2026-08-29 14:45:00,PENDING
27193,5,9,2309.90,2026-08-13 09:58:00,SUCCESS
27194,1,16,1158.50,2026-08-10 07:36:00,REFUNDED
27195,8,12,2795.40,2026-08-30 05:53:00,REFUNDED
27196,4,14,3912.90,2026-08-31 01:56:00,PENDING
27197,9,15,2350.60,2026-08-21 02:20:00,SUCCESS
27198,4,4,1738.50,2026-08-02 06:51:00,FAILED
27199,10,17,4344.20,2026-08-14 17:03:00,REFUNDED
27200,7,4,785.80,2026-08-16 00:34:00,REFUNDED
27201,4,1,768.20,2026-08-18 04:46:00,PENDING
27202,7,11,3154.70,2026-08-18 18:20:00,FAILED
27203,9,20,3395.50,2026-08-10 21:55:00,SUCCESS
27204,2,14,3601.80,2026-08-26 19:19:00,REFUNDED
27205,10,1,2859.20,2026-08-26 14:12:00,FAILED
27206,3,20,4841.00,2026-08-21 10:44:00,REFUNDED
27207,6,19,72.40,2026-08-07 12:15:00,FAILED
27208,7,5,4891.80,2026-08-20 12:05:00,REFUNDED
27209,3,4,1307.20,2026-08-22 10:19:00,PENDING
27210,1,12,4204.40,2026-08-11 03:34:00,PENDING
27211,2,5,253.50,2026-08-01 15:45:00,REFUNDED
27212,5,18,98.50,2026-08-03 03:26:00,REFUNDED
27213,7,8,727.40,2026-08-26 04:19:00,REFUNDED
27214,7,11,4199.10,2026-08-16 23:03:00,REFUNDED
27215,6,11,3577.70,2026-08-06 15:40:00,PENDING
27216,10,2,4755.20,2026-08-30 02:09:00,REFUNDED
27217,7,19,3941.70,2026-08-08 03:00:00,PENDING
27218,2,11,4552.20,2026-08-15 02:13:00,REFUNDED
27219,9,15,2584.40,2026-08-08 12:49:00,REFUNDED
27220,1,15,280.40,2026-08-29 23:36:00,SUCCESS
27221,7,9,2633.10,2026-08-04 17:50:00,PENDING
27222,5,20,4262.60,2026-08-08 04:06:00,PENDING
27223,6,2,50.50,2026-08-29 04:01:00,PENDING
27224,6,6,315.90,2026-08-08 03:34:00,FAILED
27225,4,13,495.90,2026-08-12 15:15:00,REFUNDED
27226,8,5,1923.10,2026-08-29 02:41:00,REFUNDED
27227,9,15,812.10,2026-08-22 07:53:00,PENDING
27228,8,17,1188.90,2026-08-19 03:19:00,PENDING
27229,9,8,263.90,2026-08-22 06:49:00,FAILED
27230,6,12,1848.50,2026-08-10 07:45:00,FAILED
27231,4,14,3340.10,2026-08-24 08:26:00,SUCCESS
27232,3,13,2198.10,2026-08-13 03:32:00,FAILED
27233,2,1,4470.30,2026-08-06 01:22:00,FAILED
27234,9,8,4154.20,2026-08-01 20:45:00,PENDING
27235,7,2,1180.10,2026-08-17 16:55:00,PENDING
27236,4,8,1318.10,2026-08-16 03:29:00,FAILED
27237,4,10,2425.00,2026-08-16 18:51:00,FAILED
27238,6,13,1331.40,2026-08-13 19:16:00,FAILED
27239,1,2,1636.30,2026-08-23 10:19:00,REFUNDED
27240,3,18,4438.00,2026-08-17 13:00:00,REFUNDED
27241,10,15,3091.10,2026-08-21 14:20:00,PENDING
27242,6,16,2957.90,2026-08-20 05:43:00,PENDING
27243,7,11,1049.70,2026-08-14 00:41:00,SUCCESS
27244,3,18,1278.50,2026-08-07 02:01:00,REFUNDED
27245,9,20,3866.90,2026-08-12 02:08:00,SUCCESS
27246,2,6,3545.60,2026-08-26 08:49:00,FAILED
27247,4,6,5016.10,2026-08-25 17:14:00,SUCCESS
27248,1,9,1690.00,2026-08-01 13:48:00,FAILED
27249,3,8,913.30,2026-08-17 08:29:00,FAILED
27250,4,4,161.30,2026-08-04 02:06:00,PENDING
27251,2,19,3069.60,2026-08-17 21:21:00,FAILED
27252,2,18,1503.50,2026-08-10 04:00:00,FAILED
27253,7,15,76.90,2026-08-10 01:40:00,FAILED
27254,8,6,4602.50,2026-08-06 14:28:00,SUCCESS
27255,8,8,1665.00,2026-08-17 11:28:00,FAILED
27256,9,2,3880.50,2026-08-16 16:33:00,FAILED
27257,6,18,2010.90,2026-08-14 15:53:00,FAILED
27258,6,17,2891.10,2026-08-06 19:40:00,REFUNDED
27259,5,15,2942.10,2026-08-15 09:58:00,REFUNDED
27260,3,10,4089.10,2026-08-22 01:22:00,SUCCESS
27261,9,4,3354.10,2026-08-18 02:29:00,REFUNDED
27262,9,19,518.40,2026-08-27 07:17:00,FAILED
27263,10,18,4947.30,2026-08-28 12:38:00,SUCCESS
27264,4,1,90.80,2026-08-09 15:45:00,PENDING
27265,7,16,3953.50,2026-08-29 10:17:00,FAILED
27266,7,14,945.00,2026-08-02 02:39:00,SUCCESS
27267,8,2,1004.40,2026-08-15 09:19:00,FAILED
27268,9,20,1804.70,2026-08-27 00:58:00,FAILED
27269,5,17,2786.30,2026-08-10 00:14:00,REFUNDED
27270,7,18,1679.40,2026-08-04 14:09:00,SUCCESS
27271,5,11,3163.20,2026-08-19 04:10:00,SUCCESS
27272,10,2,3170.10,2026-08-13 09:35:00,REFUNDED
27273,5,9,2119.30,2026-08-10 03:09:00,REFUNDED
27274,10,4,2756.00,2026-08-21 15:47:00,PENDING
27275,2,6,1578.70,2026-08-22 09:11:00,FAILED
27276,9,4,94.90,2026-08-13 09:54:00,PENDING
27277,8,2,1645.80,2026-08-11 01:42:00,SUCCESS
27278,2,3,3579.00,2026-08-21 09:49:00,REFUNDED
27279,8,4,3788.30,2026-08-20 23:28:00,SUCCESS
27280,8,10,3158.10,2026-08-13 02:20:00,FAILED
27281,7,3,2395.30,2026-08-17 21:49:00,REFUNDED
27282,5,12,4873.10,2026-08-06 02:02:00,PENDING
27283,7,2,4563.90,2026-08-13 07:46:00,SUCCESS
27284,5,16,1875.60,2026-08-13 23:10:00,REFUNDED
27285,3,14,4699.50,2026-08-10 18:48:00,FAILED
27286,10,4,3378.70,2026-08-04 06:08:00,REFUNDED
27287,2,16,3785.80,2026-08-06 10:01:00,PENDING
27288,10,11,4113.00,2026-08-25 02:19:00,REFUNDED
27289,4,15,1169.60,2026-08-12 08:02:00,SUCCESS
27290,2,18,4560.70,2026-08-15 20:59:00,FAILED
27291,4,16,575.90,2026-08-19 16:53:00,SUCCESS
27292,6,13,2202.60,2026-08-22 18:35:00,FAILED
27293,5,17,4867.00,2026-08-22 15:00:00,PENDING
27294,8,18,898.20,2026-08-20 06:03:00,FAILED
27295,6,1,3315.90,2026-08-27 17:01:00,SUCCESS
27296,1,20,3519.10,2026-08-03 06:17:00,SUCCESS
27297,8,7,665.90,2026-08-29 00:21:00,PENDING
27298,2,13,1965.30,2026-08-11 21:55:00,REFUNDED
27299,5,19,4017.20,2026-08-05 16:52:00,SUCCESS
27300,8,11,1212.50,2026-08-06 08:59:00,FAILED
27301,8,8,2960.40,2026-08-03 12:38:00,REFUNDED
27302,1,2,3862.20,2026-08-21 10:00:00,REFUNDED
27303,4,12,4135.70,2026-08-28 13:35:00,PENDING
27304,2,3,2158.70,2026-08-23 14:20:00,PENDING
27305,6,14,4549.10,2026-08-03 12:12:00,SUCCESS
27306,10,11,3043.80,2026-08-25 19:20:00,REFUNDED
27307,7,2,3656.40,2026-08-06 17:19:00,REFUNDED
27308,9,16,343.50,2026-08-26 10:16:00,SUCCESS
27309,6,11,4258.90,2026-08-17 08:01:00,FAILED
27310,3,9,3494.30,2026-08-03 20:39:00,FAILED
27311,9,13,3436.80,2026-08-25 15:50:00,REFUNDED
27312,8,5,2109.00,2026-08-12 13:04:00,FAILED
27313,9,7,5048.50,2026-08-14 11:53:00,PENDING
27314,7,15,3886.10,2026-08-28 01:40:00,SUCCESS
27315,1,5,3586.30,2026-08-11 18:38:00,PENDING
27316,3,19,4862.80,2026-08-17 12:44:00,REFUNDED
27317,7,12,1314.60,2026-08-19 05:14:00,REFUNDED
27318,3,5,3891.50,2026-08-02 09:13:00,SUCCESS
27319,8,13,365.20,2026-08-05 14:44:00,SUCCESS
27320,7,2,2679.70,2026-08-07 01:36:00,FAILED
27321,8,5,3716.20,2026-08-27 03:42:00,REFUNDED
27322,3,9,806.00,2026-08-08 16:39:00,REFUNDED
27323,3,10,3886.10,2026-08-08 03:08:00,PENDING
27324,10,8,4276.40,2026-08-03 21:22:00,SUCCESS
27325,8,4,4312.50,2026-08-14 09:47:00,REFUNDED
27326,5,8,1067.80,2026-08-06 16:16:00,PENDING
27327,1,3,4412.30,2026-08-10 23:06:00,PENDING
27328,10,5,2869.80,2026-08-14 05:18:00,FAILED
27329,10,8,2421.00,2026-08-24 12:33:00,REFUNDED
27330,4,14,574.70,2026-08-24 09:02:00,FAILED
27331,2,14,2010.00,2026-08-22 15:26:00,SUCCESS
27332,4,17,3805.80,2026-08-06 21:14:00,PENDING
27333,5,18,4345.30,2026-08-06 19:12:00,FAILED
27334,8,6,2551.80,2026-08-23 15:46:00,PENDING
27335,4,7,3042.60,2026-08-08 04:26:00,REFUNDED
27336,8,18,1960.60,2026-08-14 22:47:00,FAILED
27337,1,3,3479.10,2026-08-14 10:17:00,PENDING
27338,1,2,4670.00,2026-08-17 05:25:00,REFUNDED
27339,8,12,389.80,2026-08-24 16:12:00,PENDING
27340,9,11,523.20,2026-08-09 02:31:00,SUCCESS
27341,4,5,3565.00,2026-08-15 11:02:00,REFUNDED
27342,2,17,2636.20,2026-08-27 15:59:00,FAILED
27343,1,14,1579.20,2026-08-09 00:51:00,REFUNDED
27344,7,17,939.30,2026-08-12 11:02:00,REFUNDED
27345,7,12,2295.30,2026-08-01 20:25:00,SUCCESS
27346,3,20,4389.30,2026-08-03 02:09:00,REFUNDED
27347,2,20,4007.00,2026-08-09 23:47:00,REFUNDED
27348,8,20,4941.60,2026-08-08 14:37:00,PENDING
27349,6,11,635.40,2026-08-10 04:34:00,FAILED
27350,5,14,3573.00,2026-08-26 09:21:00,REFUNDED
27351,8,5,1111.00,2026-08-29 08:15:00,PENDING
27352,1,19,3311.00,2026-08-30 17:13:00,REFUNDED
27353,6,7,4420.50,2026-08-28 05:43:00,REFUNDED
27354,6,2,2385.50,2026-08-06 12:14:00,FAILED
27355,2,18,1349.20,2026-08-20 09:47:00,SUCCESS
27356,1,5,4557.50,2026-08-12 16:48:00,PENDING
27357,10,9,1086.90,2026-08-27 00:44:00,FAILED
27358,7,5,4024.00,2026-08-15 20:39:00,SUCCESS
27359,2,14,2677.50,2026-08-16 19:10:00,REFUNDED
27360,9,14,1933.20,2026-08-05 10:32:00,FAILED
27361,8,16,3619.50,2026-08-29 05:45:00,SUCCESS
27362,2,12,3568.00,2026-08-28 14:37:00,PENDING
27363,1,1,5000,INVALID_DATE_TIME,SUCCESS
27364,3,17,1945.40,2026-08-28 03:05:00,FAILED
27365,1,1,5000,2026-08-01 12:00:00,UNKNOWN_STATUS
27366,3,6,2442.80,2026-08-19 22:52:00,SUCCESS
27367,10,4,3754.80,2026-08-21 11:53:00,REFUNDED
27368,4,17,4649.10,2026-08-20 19:29:00,REFUNDED
27369,10,5,1668.50,2026-08-06 11:12:00,SUCCESS
27370,1,4,4432.40,2026-08-15 03:49:00,REFUNDED
27371,7,4,4637.60,2026-08-26 16:03:00,FAILED
27372,8,1,3024.80,2026-08-07 05:10:00,PENDING
27373,9,3,1380.20,2026-08-04 01:04:00,REFUNDED
27374,4,17,4640.30,2026-08-09 17:54:00,SUCCESS
27375,2,7,983.50,2026-08-29 14:10:00,FAILED
27376,8,2,3339.60,2026-08-16 18:09:00,PENDING
27377,1,1,1146.40,2026-08-04 07:06:00,REFUNDED
27378,5,15,1425.40,2026-08-13 18:27:00,PENDING
27379,4,20,496.50,2026-08-24 23:01:00,SUCCESS
27380,1,19,1511.40,2026-08-24 04:16:00,SUCCESS
27381,6,10,4576.90,2026-08-11 17:58:00,FAILED
27382,8,3,3021.40,2026-08-07 01:43:00,PENDING
27383,8,1,3057.20,2026-08-21 01:19:00,REFUNDED
27384,5,8,960.80,2026-08-26 18:08:00,SUCCESS
27385,6,7,1270.90,2026-08-19 00:16:00,PENDING
27386,10,19,695.70,2026-08-20 13:50:00,SUCCESS
27387,2,8,4667.20,2026-08-11 06:15:00,SUCCESS
27388,6,9,3701.20,2026-08-30 11:20:00,FAILED
27389,5,19,3746.30,2026-08-02 15:39:00,SUCCESS
27390,6,6,3861.20,2026-08-05 19:06:00,PENDING
27391,7,9,430.00,2026-08-12 00:54:00,REFUNDED
27392,7,14,56.30,2026-08-27 08:07:00,FAILED
27393,10,4,3743.40,2026-08-04 06:01:00,PENDING
27394,3,19,3007.10,2026-08-11 10:38:00,PENDING
27395,7,8,3508.90,2026-08-18 20:52:00,FAILED
27396,1,1,4433.20,2026-08-11 01:00:00,REFUNDED
27397,10,9,4209.20,2026-08-19 16:30:00,FAILED
27398,7,4,1266.80,2026-08-27 04:20:00,REFUNDED
27399,6,16,3518.10,2026-08-17 05:23:00,PENDING
27400,8,4,1506.00,2026-08-27 10:39:00,FAILED
27401,9,3,2332.90,2026-08-18 18:06:00,FAILED
27402,2,14,897.50,2026-08-19 05:08:00,FAILED
27403,6,7,3233.40,2026-08-07 16:01:00,FAILED
27404,7,18,1421.70,2026-08-24 12:00:00,REFUNDED
27405,7,9,3203.10,2026-08-16 07:28:00,FAILED
27406,1,6,1433.60,2026-08-13 15:41:00,REFUNDED
27407,4,15,3337.40,2026-08-12 17:29:00,SUCCESS
27408,1,16,2735.20,2026-08-09 09:30:00,REFUNDED
27409,3,9,4919.70,2026-08-04 07:09:00,REFUNDED
27410,2,8,1114.40,2026-08-06 20:42:00,PENDING
27411,7,9,2488.00,2026-08-12 14:48:00,REFUNDED
27412,6,11,139.20,2026-08-02 10:01:00,REFUNDED
27413,5,19,235.10,2026-08-09 15:32:00,PENDING
27414,10,4,2051.00,2026-08-06 11:18:00,PENDING
27415,7,15,2277.10,2026-08-05 07:50:00,FAILED
27416,4,14,516.70,2026-08-10 14:45:00,PENDING
27417,5,11,2497.90,2026-08-16 12:00:00,SUCCESS
27418,1,100.00
27419,5,11,926.00,2026-08-24 12:22:00,SUCCESS
27420,2,10,1448.00,2026-08-30 01:10:00,SUCCESS
27421,2,5,4896.20,2026-08-19 11:02:00,REFUNDED
27422,10,17,3906.60,2026-08-05 12:49:00,PENDING
27423,9,18,1202.20,2026-08-02 18:22:00,FAILED
27424,6,4,4445.10,2026-08-26 08:16:00,PENDING
27425,5,16,1457.90,2026-08-05 04:58:00,PENDING
27426,1,5,416.70,2026-08-20 14:55:00,SUCCESS
27427,4,17,2568.90,2026-08-16 19:26:00,PENDING
27428,3,17,3812.50,2026-08-07 02:59:00,FAILED
27429,7,13,2369.90,2026-08-30 08:43:00,REFUNDED
27430,10,5,4896.90,2026-08-23 18:03:00,REFUNDED
27431,10,16,4358.30,2026-08-02 17:27:00,FAILED
27432,4,19,1390.60,2026-08-19 05:28:00,REFUNDED
27433,7,18,718.00,2026-08-23 16:11:00,PENDING
27434,6,18,2154.20,2026-08-13 08:33:00,REFUNDED
27435,9,11,4519.50,2026-08-18 07:53:00,FAILED
27436,5,20,3851.50,2026-08-05 22:17:00,REFUNDED
27437,4,16,1925.40,2026-08-03 20:18:00,SUCCESS
27438,3,10,4583.10,2026-08-16 14:29:00,FAILED
27439,2,7,1148.00,2026-08-29 16:40:00,SUCCESS
27440,10,4,3497.30,2026-08-09 12:54:00,SUCCESS
27441,5,9,4894.00,2026-08-26 21:09:00,PENDING
27442,3,11,1245.10,2026-08-17 17:03:00,SUCCESS
27443,5,20,595.80,2026-08-27 22:44:00,FAILED
27444,5,20,3785.90,2026-08-27 05:11:00,REFUNDED
27445,1,18,4429.20,2026-08-30 06:55:00,FAILED
27446,4,1,4995.60,2026-08-29 13:33:00,FAILED
27447,10,6,3285.80,2026-08-25 06:34:00,SUCCESS
27448,7,19,1710.40,2026-08-17 05:20:00,PENDING
27449,2,11,3310.60,2026-08-28 20:28:00,FAILED
27450,8,11,4603.60,2026-08-06 02:47:00,SUCCESS
27451,5,4,2242.80,2026-08-04 10:08:00,PENDING
27452,8,17,4502.70,2026-08-30 06:51:00,REFUNDED
27453,5,20,3966.00,2026-08-27 18:17:00,REFUNDED
27454,6,19,4641.20,2026-08-02 14:15:00,PENDING
27455,10,6,4838.60,2026-08-17 05:48:00,FAILED
27456,2,9,1141.30,2026-08-07 03:09:00,PENDING
27457,8,12,1694.10,2026-08-30 14:15:00,REFUNDED
27458,3,9,2866.80,2026-08-09 19:57:00,PENDING
27459,2,5,2019.40,2026-08-19 03:59:00,SUCCESS
27460,4,12,2113.20,2026-08-06 01:00:00,REFUNDED
27461,6,4,1329.10,2026-08-11 07:24:00,FAILED
27462,9,5,3629.80,2026-08-15 20:15:00,REFUNDED
27463,4,5,3086.30,2026-08-08 08:32:00,PENDING
27464,10,9,4433.40,2026-08-09 17:49:00,SUCCESS
27465,2,2,2315.40,2026-08-02 09:21:00,REFUNDED
27466,6,8,3831.20,2026-08-18 06:33:00,SUCCESS
27467,1,6,1889.00,2026-08-10 10:13:00,PENDING
27468,5,2,90.60,2026-08-23 18:21:00,FAILED
27469,6,4,4375.10,2026-08-06 22:38:00,FAILED
27470,3,14,569.40,2026-08-19 22:45:00,PENDING
27471,3,19,3628.40,2026-08-13 18:58:00,PENDING
27472,2,1,4155.90,2026-08-31 01:37:00,PENDING
27473,10,11,2714.20,2026-08-25 05:54:00,FAILED
27474,3,4,285.50,2026-08-10 12:53:00,PENDING
27475,7,10,3610.40,2026-08-20 18:56:00,SUCCESS
27476,10,11,1971.30,2026-08-20 04:38:00,REFUNDED
27477,6,2,338.50,2026-08-14 13:55:00,PENDING
27478,2,12,96.00,2026-08-02 19:41:00,PENDING
27479,3,14,4102.80,2026-08-21 13:06:00,SUCCESS
27480,10,14,1257.00,2026-08-26 07:13:00,PENDING
27481,6,12,1309.10,2026-08-16 00:42:00,FAILED
27482,6,7,4824.00,2026-08-10 12:42:00,PENDING
27483,1,15,1126.70,2026-08-27 01:15:00,SUCCESS
27484,5,9,3848.50,2026-08-28 02:19:00,REFUNDED
27485,3,2,791.10,2026-08-10 05:50:00,REFUNDED
27486,2,17,5016.40,2026-08-16 03:39:00,REFUNDED
27487,9,7,433.30,2026-08-24 14:19:00,FAILED
27488,3,3,4453.10,2026-08-12 02:06:00,FAILED
27489,2,19,703.40,2026-08-22 20:37:00,PENDING
27490,1,100.00
27491,6,13,175.90,2026-08-12 03:16:00,PENDING
27492,5,19,219.10,2026-08-11 23:32:00,FAILED
27493,1,9,1449.30,2026-08-23 01:27:00,FAILED
27494,3,5,2729.60,2026-08-19 12:22:00,PENDING
27495,3,7,105.10,2026-08-26 02:17:00,SUCCESS
27496,1,19,3157.30,2026-08-12 18:01:00,FAILED
27497,8,5,4508.90,2026-08-13 08:26:00,REFUNDED
27498,2,16,4942.10,2026-08-12 10:49:00,REFUNDED
27499,3,2,195.70,2026-08-23 17:22:00,PENDING
27500,5,4,1040.70,2026-08-11 19:38:00,FAILED
27501,1,3,565.70,2026-08-22 08:14:00,SUCCESS
27502,8,8,4468.50,2026-08-10 14:53:00,SUCCESS
27503,3,2,267.20,2026-08-04 04:50:00,FAILED
27504,5,17,430.40,2026-08-06 13:50:00,FAILED
27505,1,2,4090.30,2026-08-27 13:50:00,FAILED
27506,8,15,3466.70,2026-08-21 23:50:00,PENDING
27507,3,2,4065.30,2026-08-21 12:47:00,SUCCESS
27508,3,12,1006.40,2026-08-31 03:58:00,SUCCESS
27509,1,4,1402.10,2026-08-26 09:49:00,REFUNDED
27510,9,20,1347.90,2026-08-17 19:35:00,PENDING
27511,4,4,3862.20,2026-08-25 12:38:00,FAILED
27512,8,16,2390.20,2026-08-05 05:15:00,PENDING
27513,1,15,1500.30,2026-08-21 06:27:00,PENDING
27514,10,2,2357.20,2026-08-26 17:23:00,REFUNDED
27515,7,10,4261.80,2026-08-07 07:47:00,SUCCESS
27516,8,15,3774.50,2026-08-09 13:06:00,PENDING
27517,3,5,1638.60,2026-08-28 22:01:00,PENDING
27518,1,14,4032.10,2026-08-30 04:02:00,FAILED
27519,3,20,80.10,2026-08-26 00:58:00,PENDING
27520,7,10,2710.80,2026-08-05 21:28:00,SUCCESS
27521,2,7,3723.20,2026-08-24 09:05:00,REFUNDED
27522,8,12,2253.20,2026-08-28 04:41:00,FAILED
27523,10,1,670.40,2026-08-14 13:21:00,FAILED
27524,3,1,690.00,2026-08-06 07:45:00,REFUNDED
27525,1,1,5000,INVALID_DATE_TIME,SUCCESS
27526,9,4,4382.50,2026-08-03 04:47:00,REFUNDED
27527,3,12,3795.10,2026-08-01 09:59:00,PENDING
27528,1,17,765.40,2026-08-29 14:04:00,SUCCESS
27529,3,5,3129.10,2026-08-29 15:19:00,FAILED
27530,1,2,1369.40,2026-08-08 19:41:00,REFUNDED
27531,1,8,2452.40,2026-08-05 11:03:00,FAILED
27532,8,7,4907.90,2026-08-19 04:00:00,PENDING
27533,1,12,253.70,2026-08-09 11:52:00,REFUNDED
27534,7,1,1579.40,2026-08-16 21:55:00,SUCCESS
27535,1,7,2503.70,2026-08-28 23:43:00,PENDING
27536,1,4,1691.10,2026-08-10 11:56:00,FAILED
27537,1,16,1622.30,2026-08-09 01:27:00,REFUNDED
27538,10,11,3759.60,2026-08-02 13:05:00,SUCCESS
27539,5,13,1617.20,2026-08-07 02:46:00,REFUNDED
27540,10,17,4783.20,2026-08-06 01:01:00,SUCCESS
27541,2,18,4041.60,2026-08-09 23:13:00,SUCCESS
27542,10,9,1007.00,2026-08-11 08:13:00,SUCCESS
27543,9,7,2043.90,2026-08-30 08:36:00,REFUNDED
27544,9,19,540.00,2026-08-12 01:03:00,REFUNDED
27545,4,7,1904.20,2026-08-02 05:51:00,PENDING
27546,10,1,2481.40,2026-08-28 14:03:00,FAILED
27547,1,16,2882.50,2026-08-02 02:07:00,SUCCESS
27548,4,11,1497.10,2026-08-24 10:59:00,PENDING
27549,1,7,913.40,2026-08-13 15:43:00,SUCCESS
27550,9,6,1583.40,2026-08-01 10:01:00,SUCCESS
27551,10,18,4179.60,2026-08-21 21:46:00,SUCCESS
27552,1,100.00
27553,3,18,3389.30,2026-08-08 22:34:00,SUCCESS
27554,8,20,4129.10,2026-08-16 21:40:00,FAILED
27555,1,14,461.40,2026-08-14 20:40:00,REFUNDED
27556,6,16,2876.80,2026-08-17 18:59:00,PENDING
27557,3,17,3638.50,2026-08-16 06:49:00,SUCCESS
27558,4,14,4566.40,2026-08-26 01:28:00,FAILED
27559,9,4,842.30,2026-08-05 17:26:00,FAILED
27560,8,3,4065.00,2026-08-03 11:15:00,FAILED
27561,10,15,2438.40,2026-08-02 01:32:00,SUCCESS
27562,4,10,2100.40,2026-08-25 08:23:00,PENDING
27563,9,10,3279.70,2026-08-06 14:53:00,SUCCESS
27564,6,5,300.40,2026-08-04 11:44:00,PENDING
27565,9,11,1655.90,2026-08-17 11:00:00,PENDING
27566,9,18,3236.30,2026-08-18 16:21:00,FAILED
27567,1,8,281.60,2026-08-24 11:07:00,PENDING
27568,10,17,1496.70,2026-08-06 20:13:00,SUCCESS
27569,8,9,3776.10,2026-08-13 05:10:00,REFUNDED
27570,9,6,3017.90,2026-08-07 11:08:00,SUCCESS
27571,2,8,2478.70,2026-08-20 00:14:00,REFUNDED
27572,2,7,4617.90,2026-08-22 06:08:00,FAILED
27573,8,7,1499.60,2026-08-25 15:18:00,PENDING
27574,1,100.00
27575,8,12,4592.30,2026-08-12 16:10:00,FAILED
27576,7,4,1042.80,2026-08-03 10:55:00,PENDING
27577,2,9,486.80,2026-08-29 13:50:00,PENDING
27578,4,13,4684.90,2026-08-02 00:28:00,PENDING
27579,9,17,3819.70,2026-08-18 23:42:00,REFUNDED
27580,5,11,4501.00,2026-08-09 23:39:00,FAILED
27581,4,13,1921.10,2026-08-15 16:58:00,SUCCESS
27582,1,10,526.50,2026-08-10 06:55:00,FAILED
27583,10,13,2635.50,2026-08-17 06:34:00,FAILED
27584,2,7,4833.30,2026-08-19 17:44:00,REFUNDED
27585,3,20,3336.00,2026-08-15 01:39:00,FAILED
27586,9,5,842.00,2026-08-31 07:40:00,FAILED
27587,2,1,2231.60,2026-08-03 04:13:00,SUCCESS
27588,8,2,4342.40,2026-08-19 10:12:00,REFUNDED
27589,3,14,694.40,2026-08-12 09:36:00,PENDING
27590,5,5,203.50,2026-08-25 05:18:00,SUCCESS
27591,8,7,4457.50,2026-08-22 12:53:00,SUCCESS
27592,1,15,764.90,2026-08-27 02:28:00,SUCCESS
27593,9,1,1674.00,2026-08-25 16:43:00,REFUNDED
27594,4,1,4745.20,2026-08-03 14:44:00,PENDING
27595,9,16,623.00,2026-08-13 11:24:00,PENDING
27596,6,16,1227.20,2026-08-08 16:41:00,SUCCESS
27597,7,7,4653.70,2026-08-27 01:16:00,PENDING
27598,9,20,2147.20,2026-08-19 23:43:00,FAILED
27599,10,13,4873.50,2026-08-18 01:06:00,SUCCESS
27600,9,6,3549.60,2026-08-28 08:53:00,REFUNDED
27601,7,2,2790.80,2026-08-12 01:16:00,PENDING
27602,9,8,3584.90,2026-08-18 01:18:00,PENDING
27603,6,10,2989.20,2026-08-08 23:12:00,REFUNDED
27604,1,17,3900.80,2026-08-02 09:21:00,REFUNDED
27605,8,19,881.00,2026-08-14 11:09:00,SUCCESS
27606,7,12,1945.50,2026-08-10 09:54:00,FAILED
27607,4,16,4146.20,2026-08-15 20:09:00,FAILED
27608,9,6,1079.10,2026-08-30 00:27:00,PENDING
27609,7,17,4629.50,2026-08-11 01:37:00,SUCCESS
27610,3,20,4888.50,2026-08-10 02:09:00,SUCCESS
27611,6,3,793.30,2026-08-17 10:15:00,REFUNDED
27612,3,19,2744.00,2026-08-02 07:04:00,FAILED
27613,1,2,2644.70,2026-08-19 10:08:00,REFUNDED
27614,10,16,3653.90,2026-08-20 01:01:00,SUCCESS
27615,7,5,1321.60,2026-08-22 21:43:00,PENDING
27616,4,20,1739.10,2026-08-17 07:02:00,REFUNDED
27617,3,4,1130.80,2026-08-20 14:39:00,FAILED
27618,5,10,3090.70,2026-08-01 11:17:00,SUCCESS
27619,3,7,1766.10,2026-08-03 08:14:00,SUCCESS
27620,9,3,666.10,2026-08-18 15:13:00,SUCCESS
27621,8,6,1615.10,2026-08-25 02:58:00,FAILED
27622,3,11,3259.30,2026-08-10 02:12:00,REFUNDED
27623,5,18,3742.60,2026-08-04 08:11:00,SUCCESS
27624,9,6,3378.10,2026-08-09 21:41:00,PENDING
27625,6,17,2006.30,2026-08-14 02:47:00,SUCCESS
27626,9,10,930.40,2026-08-11 14:50:00,PENDING
27627,6,17,2910.40,2026-08-15 08:31:00,FAILED
27628,10,2,857.30,2026-08-25 16:29:00,SUCCESS
27629,3,11,3713.60,2026-08-18 04:43:00,PENDING
27630,7,10,622.10,2026-08-08 22:44:00,SUCCESS
27631,4,20,3906.70,2026-08-16 16:12:00,PENDING
27632,3,9,2876.10,2026-08-25 00:24:00,PENDING
27633,6,9,2680.90,2026-08-08 14:38:00,PENDING
27634,8,11,2115.90,2026-08-05 07:59:00,SUCCESS
27635,7,4,1243.60,2026-08-12 05:47:00,SUCCESS
27636,2,9,479.20,2026-08-17 10:36:00,FAILED
27637,1,1,2668.70,2026-08-10 11:03:00,PENDING
27638,3,3,2046.00,2026-08-08 14:00:00,SUCCESS
27639,2,14,2313.00,2026-08-12 02:23:00,SUCCESS
27640,4,17,5047.00,2026-08-27 02:39:00,PENDING
27641,2,10,2748.00,2026-08-12 10:09:00,REFUNDED
27642,1,12,2405.00,2026-08-17 11:37:00,FAILED
27643,9,6,3457.30,2026-08-10 03:09:00,SUCCESS
27644,8,8,3164.50,2026-08-27 11:00:00,PENDING
27645,3,5,3608.30,2026-08-17 11:58:00,REFUNDED
27646,10,16,4687.80,2026-08-19 15:14:00,SUCCESS
27647,3,14,2729.40,2026-08-23 13:34:00,PENDING
27648,10,4,586.30,2026-08-15 22:07:00,PENDING
27649,9,3,1665.00,2026-08-20 02:22:00,SUCCESS
27650,2,9,3626.30,2026-08-03 01:12:00,SUCCESS
27651,2,6,933.60,2026-08-02 08:37:00,FAILED
27652,9,7,958.60,2026-08-16 08:31:00,PENDING
27653,4,15,1910.90,2026-08-18 20:39:00,FAILED
27654,7,14,4123.20,2026-08-12 09:02:00,REFUNDED
27655,5,3,3365.70,2026-08-22 19:27:00,SUCCESS
27656,2,16,4498.70,2026-08-01 15:18:00,FAILED
27657,9,15,718.60,2026-08-11 17:47:00,SUCCESS
27658,3,12,2328.50,2026-08-16 15:18:00,PENDING
27659,7,1,1992.80,2026-08-05 13:38:00,SUCCESS
27660,8,18,4285.50,2026-08-04 11:37:00,PENDING
27661,8,2,3492.70,2026-08-03 11:24:00,SUCCESS
27662,6,7,3158.10,2026-08-13 15:39:00,SUCCESS
27663,6,4,3911.10,2026-08-29 09:44:00,REFUNDED
27664,10,2,4473.70,2026-08-24 06:53:00,PENDING
27665,6,15,2672.50,2026-08-07 11:21:00,SUCCESS
27666,9,10,4452.50,2026-08-11 07:21:00,REFUNDED
27667,1,18,1107.20,2026-08-06 12:25:00,FAILED
27668,3,3,4366.70,2026-08-20 12:51:00,FAILED
27669,2,9,82.90,2026-08-20 04:17:00,PENDING
27670,8,2,3501.00,2026-08-30 11:09:00,PENDING
27671,8,7,92.20,2026-08-26 20:15:00,FAILED
27672,8,14,2967.70,2026-08-27 11:25:00,FAILED
27673,9,15,2944.70,2026-08-07 22:17:00,FAILED
27674,6,8,3896.10,2026-08-18 12:40:00,SUCCESS
27675,3,6,4478.30,2026-08-14 06:06:00,PENDING
27676,2,4,1615.80,2026-08-15 22:39:00,PENDING
27677,9,19,4376.80,2026-08-11 11:41:00,SUCCESS
27678,9,6,2440.30,2026-08-25 21:15:00,FAILED
27679,6,6,2653.30,2026-08-12 14:48:00,FAILED
27680,5,1,3876.30,2026-08-29 10:25:00,FAILED
27681,2,3,4167.60,2026-08-22 07:33:00,REFUNDED
27682,3,13,4440.20,2026-08-20 18:24:00,FAILED
27683,8,4,623.90,2026-08-15 19:29:00,FAILED
27684,8,6,644.50,2026-08-18 01:26:00,SUCCESS
27685,8,2,2367.40,2026-08-27 20:37:00,PENDING
27686,7,20,2571.70,2026-08-14 10:02:00,SUCCESS
27687,2,6,2406.10,2026-08-13 06:41:00,SUCCESS
27688,9,7,1832.20,2026-08-24 02:26:00,REFUNDED
27689,8,15,564.30,2026-08-17 20:13:00,REFUNDED
27690,6,5,799.20,2026-08-30 19:08:00,PENDING
27691,1,11,4139.20,2026-08-11 05:44:00,FAILED
27692,4,11,4059.90,2026-08-10 13:27:00,FAILED
27693,1,19,3331.80,2026-08-14 10:50:00,SUCCESS
27694,4,20,140.70,2026-08-08 19:41:00,PENDING
27695,8,16,1706.70,2026-08-17 09:14:00,SUCCESS
27696,10,9,4466.90,2026-08-16 06:11:00,PENDING
27697,2,16,2430.50,2026-08-20 07:42:00,SUCCESS
27698,6,20,3381.50,2026-08-05 22:00:00,REFUNDED
27699,6,2,3299.80,2026-08-09 20:19:00,PENDING
27700,3,19,1356.00,2026-08-01 13:30:00,PENDING
27701,10,5,461.00,2026-08-17 18:29:00,SUCCESS
27702,2,9,1482.70,2026-08-18 17:49:00,FAILED
27703,7,16,2904.50,2026-08-22 01:41:00,PENDING
27704,5,1,1927.10,2026-08-20 03:01:00,PENDING
27705,8,1,1591.20,2026-08-02 10:16:00,FAILED
27706,5,16,900.50,2026-08-06 05:10:00,REFUNDED
27707,10,7,2366.20,2026-08-28 17:40:00,PENDING
27708,9,14,3571.50,2026-08-02 15:08:00,SUCCESS
27709,6,2,936.50,2026-08-28 13:22:00,SUCCESS
27710,2,4,4751.00,2026-08-25 01:31:00,REFUNDED
27711,3,16,128.80,2026-08-17 22:03:00,REFUNDED
27712,8,16,707.40,2026-08-16 17:14:00,PENDING
27713,2,15,2228.00,2026-08-12 15:14:00,REFUNDED
27714,10,12,782.00,2026-08-13 15:30:00,PENDING
27715,7,8,4610.80,2026-08-17 23:08:00,FAILED
27716,9,13,4007.70,2026-08-02 01:03:00,FAILED
27717,5,20,4188.50,2026-08-09 04:18:00,REFUNDED
27718,10,4,384.90,2026-08-03 20:27:00,PENDING
27719,7,4,3749.70,2026-08-20 19:55:00,PENDING
27720,6,5,4387.20,2026-08-07 22:03:00,SUCCESS
27721,7,6,4758.50,2026-08-07 09:22:00,PENDING
27722,8,9,1065.90,2026-08-19 13:09:00,SUCCESS
27723,5,2,2139.20,2026-08-09 01:11:00,FAILED
27724,3,16,2541.60,2026-08-17 21:13:00,SUCCESS
27725,1,19,2811.00,2026-08-13 17:28:00,FAILED
27726,3,16,3769.50,2026-08-18 23:14:00,PENDING
27727,5,20,2275.20,2026-08-27 15:17:00,FAILED
27728,4,17,744.00,2026-08-22 21:32:00,REFUNDED
27729,3,12,639.90,2026-08-12 15:41:00,REFUNDED
27730,9,16,3386.70,2026-08-18 21:43:00,SUCCESS
27731,3,11,2510.20,2026-08-30 03:49:00,SUCCESS
27732,10,5,4332.60,2026-08-23 23:20:00,FAILED
27733,6,18,342.20,2026-08-14 06:21:00,FAILED
27734,9,7,1208.20,2026-08-11 16:18:00,SUCCESS
27735,5,12,1716.20,2026-08-03 21:14:00,REFUNDED
27736,6,10,526.00,2026-08-07 14:59:00,PENDING
27737,1,10,427.50,2026-08-30 17:15:00,FAILED
27738,1,20,3028.30,2026-08-02 15:40:00,PENDING
27739,1,17,3309.80,2026-08-03 19:23:00,SUCCESS
27740,4,9,4812.70,2026-08-18 14:27:00,REFUNDED
27741,4,17,4928.90,2026-08-04 01:11:00,SUCCESS
27742,1,4,3488.30,2026-08-04 06:51:00,PENDING
27743,2,1,4367.80,2026-08-03 09:47:00,SUCCESS
27744,1,1,5000,2026-08-01 12:00:00,UNKNOWN_STATUS
27745,7,9,1058.30,2026-08-27 23:46:00,SUCCESS
27746,5,20,1195.90,2026-08-12 04:22:00,SUCCESS
27747,1,16,474.20,2026-08-22 01:45:00,PENDING
27748,5,12,2995.50,2026-08-26 01:59:00,FAILED
27749,1,100.00
27750,10,4,4700.60,2026-08-11 06:50:00,FAILED
27751,9,13,566.70,2026-08-09 02:54:00,PENDING
27752,3,5,3526.20,2026-08-29 08:51:00,REFUNDED
27753,8,6,2586.40,2026-08-12 17:25:00,PENDING
27754,1,1,5000,2026-08-01 12:00:00,UNKNOWN_STATUS
27755,4,12,1170.60,2026-08-15 21:26:00,PENDING
27756,8,8,4916.40,2026-08-03 15:24:00,PENDING
27757,2,8,2139.60,2026-08-10 09:14:00,FAILED
27758,10,7,4065.60,2026-08-22 00:41:00,REFUNDED
27759,9,14,3848.50,2026-08-02 05:07:00,PENDING
27760,1,15,1349.70,2026-08-18 15:10:00,FAILED
27761,3,5,3642.10,2026-08-30 09:54:00,PENDING
27762,3,7,3190.50,2026-08-03 13:36:00,PENDING
27763,5,14,1132.00,2026-08-29 19:24:00,PENDING
27764,2,2,4056.10,2026-08-15 13:51:00,REFUNDED
27765,1,6,4760.40,2026-08-11 01:00:00,FAILED
27766,8,4,3940.00,2026-08-03 07:00:00,REFUNDED
27767,6,9,3533.00,2026-08-23 17:33:00,FAILED
27768,7,8,3183.40,2026-08-30 22:43:00,REFUNDED
27769,2,8,1214.50,2026-08-28 16:33:00,PENDING
27770,4,10,3313.50,2026-08-15 12:48:00,REFUNDED
27771,4,13,4965.70,2026-08-28 04:22:00,FAILED
27772,3,13,1180.20,2026-08-10 04:31:00,SUCCESS
27773,3,12,4093.00,2026-08-26 13:05:00,PENDING
27774,10,18,1385.90,2026-08-27 23:57:00,REFUNDED
27775,5,2,4873.40,2026-08-11 12:23:00,PENDING
27776,1,7,1310.00,2026-08-26 05:29:00,PENDING
27777,9,3,3057.30,2026-08-04 10:39:00,SUCCESS
27778,10,19,3974.20,2026-08-03 01:58:00,PENDING
27779,3,18,2981.00,2026-08-11 08:19:00,REFUNDED
27780,1,1,5000,INVALID_DATE_TIME,SUCCESS
27781,3,7,3619.80,2026-08-15 07:50:00,SUCCESS
27782,10,5,4320.20,2026-08-24 06:45:00,PENDING
27783,5,8,2693.90,2026-08-21 23:04:00,REFUNDED
27784,8,20,3012.70,2026-08-12 05:19:00,FAILED
27785,3,7,4758.30,2026-08-30 03:54:00,FAILED
27786,1,14,1936.30,2026-08-16 00:34:00,REFUNDED
27787,8,1,4925.70,2026-08-07 14:48:00,FAILED
27788,1,12,1912.70,2026-08-11 00:28:00,SUCCESS
27789,9,11,3978.60,2026-08-21 13:23:00,PENDING
27790,2,9,2375.70,2026-08-17 20:52:00,FAILED
27791,1,6,3650.10,2026-08-13 19:23:00,SUCCESS
27792,7,14,1564.00,2026-08-29 15:36:00,PENDING
27793,4,17,2707.20,2026-08-17 10:45:00,SUCCESS
27794,7,13,799.30,2026-08-07 14:03:00,SUCCESS
27795,6,10,2355.40,2026-08-30 12:53:00,FAILED
27796,2,2,3383.50,2026-08-21 00:39:00,SUCCESS
27797,4,6,1372.00,2026-08-23 01:07:00,REFUNDED
27798,3,8,2009.50,2026-08-30 19:19:00,PENDING
27799,3,10,1638.60,2026-08-27 02:55:00,SUCCESS
27800,7,7,2679.70,2026-08-08 06:47:00,SUCCESS
27801,1,9,972.60,2026-08-29 15:34:00,PENDING
27802,1,13,824.80,2026-08-24 23:28:00,REFUNDED
27803,3,1,851.80,2026-08-14 03:26:00,PENDING
27804,10,1,1356.80,2026-08-08 20:37:00,FAILED
27805,10,12,3367.40,2026-08-08 07:26:00,FAILED
27806,6,8,4569.50,2026-08-30 02:32:00,FAILED
27807,5,11,3249.80,2026-08-03 15:10:00,FAILED
27808,7,16,764.70,2026-08-24 16:30:00,SUCCESS
27809,10,9,1692.90,2026-08-07 01:11:00,REFUNDED
27810,1,17,1321.10,2026-08-05 03:44:00,REFUNDED
27811,5,4,3375.70,2026-08-09 19:38:00,SUCCESS
27812,7,16,2326.30,2026-08-08 03:57:00,PENDING
27813,3,2,1829.00,2026-08-10 07:03:00,SUCCESS
27814,6,20,3275.00,2026-08-12 03:38:00,FAILED
27815,4,12,568.30,2026-08-14 23:56:00,FAILED
27816,6,8,2616.30,2026-08-16 00:29:00,SUCCESS
27817,9,6,1568.60,2026-08-04 23:57:00,SUCCESS
27818,10,13,170.20,2026-08-08 01:11:00,SUCCESS
27819,8,4,3190.00,2026-08-07 21:44:00,SUCCESS
27820,6,17,3821.30,2026-08-09 21:21:00,PENDING
27821,9,1,2921.20,2026-08-21 01:41:00,PENDING
27822,6,12,3244.50,2026-08-05 22:38:00,REFUNDED
27823,4,6,1473.80,2026-08-12 19:50:00,PENDING
27824,6,14,1619.30,2026-08-04 19:14:00,FAILED
27825,8,10,597.20,2026-08-13 19:20:00,REFUNDED
27826,7,15,1005.00,2026-08-27 14:21:00,SUCCESS
27827,2,6,4598.40,2026-08-12 00:11:00,REFUNDED
27828,1,7,1956.50,2026-08-02 13:35:00,PENDING
27829,6,11,1335.80,2026-08-09 04:51:00,PENDING
27830,1,1,5000,2026-08-01 12:00:00,UNKNOWN_STATUS
27831,6,5,1047.90,2026-08-02 07:30:00,FAILED
27832,1,5,1599.30,2026-08-26 20:28:00,FAILED
27833,6,8,2454.70,2026-08-07 05:00:00,SUCCESS
27834,2,9,4957.60,2026-08-29 00:06:00,REFUNDED
27835,5,6,255.40,2026-08-22 09:20:00,PENDING
27836,9,9,3791.40,2026-08-28 13:39:00,SUCCESS
27837,1,10,795.90,2026-08-27 14:19:00,SUCCESS
27838,1,1,5000,2026-08-01 12:00:00,UNKNOWN_STATUS
27839,1,2,1577.40,2026-08-18 04:16:00,FAILED
27840,5,8,2784.90,2026-08-23 11:26:00,PENDING
27841,10,10,2511.20,2026-08-20 00:21:00,SUCCESS
27842,3,17,2182.30,2026-08-22 00:54:00,FAILED
27843,9,6,4693.90,2026-08-06 16:31:00,FAILED
27844,2,2,2727.50,2026-08-22 18:01:00,REFUNDED
27845,2,2,3632.80,2026-08-08 21:09:00,SUCCESS
27846,10,2,992.30,2026-08-16 08:30:00,SUCCESS
27847,7,8,532.20,2026-08-26 00:44:00,FAILED
27848,4,19,767.50,2026-08-20 06:32:00,PENDING
27849,3,12,2330.20,2026-08-04 16:52:00,SUCCESS
27850,7,12,934.50,2026-08-23 10:24:00,SUCCESS
27851,4,9,4405.10,2026-08-04 04:36:00,PENDING
27852,7,13,1493.60,2026-08-17 21:53:00,FAILED
27853,8,18,437.90,2026-08-25 21:03:00,FAILED
27854,4,5,4934.10,2026-08-13 05:01:00,FAILED
27855,9,8,4769.70,2026-08-06 08:58:00,REFUNDED
27856,6,13,1190.30,2026-08-08 11:30:00,PENDING
27857,3,9,556.10,2026-08-21 02:28:00,PENDING
27858,10,2,1540.10,2026-08-14 12:18:00,PENDING
27859,5,2,2828.50,2026-08-19 11:54:00,SUCCESS
27860,2,13,716.20,2026-08-12 12:33:00,FAILED
27861,9,11,4001.70,2026-08-24 00:54:00,SUCCESS
27862,7,5,1088.10,2026-08-28 08:59:00,SUCCESS
27863,5,4,497.50,2026-08-19 05:09:00,PENDING
27864,6,20,3751.30,2026-08-18 06:33:00,FAILED
27865,9,8,3380.90,2026-08-07 07:05:00,SUCCESS
27866,3,17,4121.80,2026-08-09 22:01:00,FAILED
27867,2,5,3890.20,2026-08-22 22:11:00,REFUNDED
27868,8,14,151.90,2026-08-03 19:45:00,FAILED
27869,3,5,563.30,2026-08-30 16:20:00,PENDING
27870,7,6,563.90,2026-08-13 07:12:00,SUCCESS
27871,4,11,1597.40,2026-08-19 10:24:00,REFUNDED
27872,10,5,4096.00,2026-08-25 16:48:00,PENDING
27873,6,4,3343.00,2026-08-26 12:27:00,SUCCESS
27874,1,10,2318.40,2026-08-14 02:24:00,FAILED
27875,5,11,3534.70,2026-08-17 05:35:00,FAILED
27876,1,14,3523.40,2026-08-02 03:47:00,FAILED
27877,6,16,658.10,2026-08-16 09:30:00,SUCCESS
27878,2,16,2504.60,2026-08-22 19:27:00,SUCCESS
27879,9,16,2810.50,2026-08-24 19:20:00,PENDING
27880,4,10,1446.30,2026-08-22 23:10:00,PENDING
27881,8,17,3745.50,2026-08-20 06:08:00,REFUNDED
27882,10,3,2627.70,2026-08-27 02:45:00,REFUNDED
27883,4,15,4681.00,2026-08-18 21:32:00,PENDING
27884,6,8,3985.40,2026-08-25 07:12:00,PENDING
27885,2,1,3784.10,2026-08-23 17:39:00,REFUNDED
27886,2,14,3936.40,2026-08-21 01:26:00,PENDING
27887,3,16,3381.40,2026-08-08 14:16:00,REFUNDED
27888,2,18,3381.10,2026-08-10 04:28:00,FAILED
27889,9,19,3812.80,2026-08-25 09:28:00,FAILED
27890,3,2,1251.20,2026-08-22 14:04:00,SUCCESS
27891,10,10,2121.40,2026-08-04 09:18:00,REFUNDED
27892,6,19,4111.50,2026-08-09 12:38:00,REFUNDED
27893,9,13,3850.90,2026-08-12 03:23:00,REFUNDED
27894,8,15,2877.00,2026-08-18 23:10:00,PENDING
27895,1,3,437.70,2026-08-19 20:20:00,REFUNDED
27896,3,18,1423.80,2026-08-03 05:01:00,PENDING
27897,2,3,1021.80,2026-08-11 02:12:00,FAILED
27898,7,10,2083.20,2026-08-28 12:48:00,FAILED
27899,5,3,965.90,2026-08-25 08:59:00,PENDING
27900,9,18,365.80,2026-08-25 02:20:00,FAILED
27901,8,17,347.60,2026-08-11 14:57:00,FAILED
27902,9,19,2259.80,2026-08-10 05:28:00,REFUNDED
27903,1,1,5000,2026-08-01 12:00:00,UNKNOWN_STATUS
27904,2,1,4512.10,2026-08-22 12:48:00,PENDING
27905,1,17,361.30,2026-08-03 11:25:00,REFUNDED
27906,5,4,3387.20,2026-08-10 03:21:00,REFUNDED
27907,9,1,3093.10,2026-08-18 23:05:00,SUCCESS
27908,2,7,4671.50,2026-08-01 20:36:00,PENDING
27909,1,10,3636.30,2026-08-28 01:10:00,PENDING
27910,5,12,1344.90,2026-08-28 16:51:00,REFUNDED
27911,6,6,556.20,2026-08-18 00:08:00,REFUNDED
27912,1,14,1354.50,2026-08-27 02:20:00,PENDING
27913,5,2,1118.10,2026-08-04 13:46:00,SUCCESS
27914,7,3,2748.80,2026-08-29 07:17:00,REFUNDED
27915,5,12,3069.10,2026-08-15 16:57:00,PENDING
27916,9,9,1961.80,2026-08-23 02:10:00,REFUNDED
27917,9,1,5034.90,2026-08-14 18:05:00,REFUNDED
27918,2,13,4628.80,2026-08-12 23:55:00,PENDING
27919,8,12,4437.10,2026-08-06 23:46:00,SUCCESS
27920,4,11,1544.70,2026-08-18 11:11:00,FAILED
27921,6,14,1053.50,2026-08-19 16:49:00,REFUNDED
27922,2,19,4474.80,2026-08-18 21:27:00,SUCCESS
27923,10,2,4754.30,2026-08-28 16:35:00,REFUNDED
27924,7,13,4820.70,2026-08-01 08:59:00,PENDING
27925,10,4,1445.90,2026-08-04 21:03:00,REFUNDED
27926,10,9,3638.70,2026-08-25 21:13:00,PENDING
27927,8,16,4398.90,2026-08-22 21:29:00,REFUNDED
27928,3,17,1994.40,2026-08-09 10:10:00,PENDING
27929,7,20,3230.10,2026-08-24 06:12:00,PENDING
27930,9,9,822.50,2026-08-13 00:39:00,SUCCESS
27931,6,14,1884.70,2026-08-31 00:39:00,FAILED
27932,4,7,2560.40,2026-08-07 18:35:00,FAILED
27933,2,1,4946.10,2026-08-03 08:21:00,PENDING
27934,10,1,1736.00,2026-08-30 05:31:00,PENDING
27935,4,1,439.40,2026-08-14 11:53:00,SUCCESS
27936,4,15,329.40,2026-08-31 06:53:00,SUCCESS
27937,4,18,2497.70,2026-08-16 21:09:00,REFUNDED
27938,3,11,1889.70,2026-08-23 16:14:00,FAILED
27939,3,17,1332.90,2026-08-28 13:01:00,SUCCESS
27940,1,1,2578.90,2026-08-17 03:26:00,PENDING
27941,6,8,4219.00,2026-08-20 15:20:00,FAILED
27942,8,12,516.30,2026-08-05 15:11:00,REFUNDED
27943,7,5,2951.50,2026-08-04 23:26:00,FAILED
27944,1,10,4129.50,2026-08-28 07:58:00,PENDING
27945,2,14,3655.40,2026-08-02 17:54:00,FAILED
27946,9,4,3511.90,2026-08-18 20:25:00,PENDING
27947,5,6,2999.80,2026-08-02 13:09:00,PENDING
27948,3,15,2264.00,2026-08-10 22:11:00,REFUNDED
27949,9,11,1783.50,2026-08-12 01:33:00,FAILED
27950,9,1,1150.70,2026-08-22 13:24:00,PENDING
27951,8,18,1086.00,2026-08-06 19:12:00,PENDING
27952,6,10,2012.00,2026-08-13 20:53:00,REFUNDED
27953,4,16,287.90,2026-08-14 04:13:00,FAILED
27954,1,7,2280.80,2026-08-11 07:53:00,FAILED
27955,8,13,4857.80,2026-08-23 04:21:00,PENDING
27956,8,18,2124.10,2026-08-02 13:22:00,SUCCESS
27957,9,5,2772.70,2026-08-04 08:36:00,PENDING
27958,6,9,677.20,2026-08-18 01:22:00,REFUNDED
27959,6,3,3328.60,2026-08-08 14:18:00,FAILED
27960,1,6,1367.70,2026-08-07 15:54:00,FAILED
27961,10,3,3234.20,2026-08-16 09:48:00,SUCCESS
27962,5,19,4147.70,2026-08-26 00:45:00,SUCCESS
27963,6,13,2856.80,2026-08-28 16:36:00,FAILED
27964,1,20,359.10,2026-08-18 21:36:00,FAILED
27965,2,5,1137.80,2026-08-31 05:58:00,REFUNDED
27966,1,8,2697.60,2026-08-25 03:59:00,REFUNDED
27967,9,2,3627.90,2026-08-28 01:04:00,SUCCESS
27968,5,16,1008.10,2026-08-31 01:41:00,SUCCESS
27969,2,19,313.30,2026-08-21 00:01:00,FAILED
27970,3,2,3677.80,2026-08-18 12:48:00,PENDING
27971,9,6,4282.90,2026-08-15 08:09:00,PENDING
27972,9,13,3605.90,2026-08-28 18:55:00,PENDING
27973,2,10,4048.50,2026-08-19 06:26:00,SUCCESS
27974,7,18,2217.50,2026-08-07 14:45:00,PENDING
27975,7,9,1760.90,2026-08-01 18:42:00,REFUNDED
27976,1,9,1886.10,2026-08-03 08:56:00,REFUNDED
27977,10,2,1124.80,2026-08-18 16:10:00,PENDING
27978,1,6,1361.80,2026-08-04 11:40:00,PENDING
27979,9,16,1743.60,2026-08-18 04:41:00,FAILED
27980,9,13,2133.20,2026-08-22 06:47:00,SUCCESS
27981,2,15,542.30,2026-08-28 04:14:00,SUCCESS
27982,6,16,5019.10,2026-08-30 20:51:00,PENDING
27983,6,11,815.80,2026-08-22 14:21:00,PENDING
27984,10,17,4699.90,2026-08-16 22:03:00,PENDING
27985,9,15,567.90,2026-08-25 14:38:00,REFUNDED
27986,5,17,1025.10,2026-08-14 21:33:00,REFUNDED
27987,2,4,2210.30,2026-08-28 14:36:00,SUCCESS
27988,6,13,4846.90,2026-08-28 04:27:00,SUCCESS
27989,3,5,1118.50,2026-08-01 13:55:00,SUCCESS
27990,8,13,2573.00,2026-08-25 10:42:00,SUCCESS
27991,5,4,3974.30,2026-08-06 07:03:00,SUCCESS
27992,8,19,1780.10,2026-08-26 21:58:00,SUCCESS
27993,1,8,2651.30,2026-08-24 03:06:00,SUCCESS
27994,10,4,237.10,2026-08-14 13:17:00,FAILED
27995,7,20,3249.70,2026-08-18 01:14:00,PENDING
27996,1,9,3436.70,2026-08-28 15:26:00,SUCCESS
27997,6,19,4566.30,2026-08-12 19:24:00,REFUNDED
27998,1,3,1077.90,2026-08-01 20:15:00,REFUNDED
27999,7,1,3290.90,2026-08-30 17:26:00,PENDING
28000,3,16,2801.10,2026-08-27 09:58:00,REFUNDED
28001,6,2,4205.40,2026-08-01 08:01:00,REFUNDED
28002,1,3,580.30,2026-08-24 11:22:00,PENDING
28003,6,15,4014.00,2026-08-11 06:39:00,PENDING
28004,3,3,3004.40,2026-08-27 00:50:00,PENDING
28005,10,6,2914.80,2026-08-22 22:31:00,FAILED
28006,10,18,4962.40,2026-08-11 06:13:00,SUCCESS
28007,7,1,2905.50,2026-08-22 16:18:00,SUCCESS
28008,2,6,4544.30,2026-08-19 11:18:00,PENDING
28009,10,7,3739.10,2026-08-03 00:07:00,REFUNDED
28010,1,18,2480.90,2026-08-14 12:25:00,FAILED
28011,5,10,5042.60,2026-08-13 06:32:00,FAILED
28012,1,1,5000,2026-08-01 12:00:00,UNKNOWN_STATUS
28013,1,4,5029.00,2026-08-20 04:27:00,PENDING
28014,7,2,3087.60,2026-08-05 07:26:00,REFUNDED
28015,10,14,4068.50,2026-08-14 14:54:00,SUCCESS
28016,10,13,1665.00,2026-08-04 23:14:00,FAILED
28017,5,13,1112.30,2026-08-29 23:06:00,PENDING
28018,5,17,137.40,2026-08-14 10:06:00,SUCCESS
28019,6,14,4349.40,2026-08-01 21:01:00,SUCCESS
28020,9,16,4839.30,2026-08-16 13:44:00,PENDING
28021,8,1,2054.60,2026-08-10 19:58:00,REFUNDED
28022,8,9,1329.10,2026-08-19 15:35:00,REFUNDED
28023,1,5,4618.30,2026-08-28 13:39:00,SUCCESS
28024,6,2,1181.20,2026-08-18 21:15:00,SUCCESS
28025,1,5,1848.20,2026-08-28 21:40:00,REFUNDED
28026,7,7,3364.30,2026-08-08 02:14:00,SUCCESS
28027,8,1,3789.70,2026-08-28 15:14:00,SUCCESS
28028,10,4,4986.80,2026-08-20 21:04:00,FAILED
28029,10,8,1955.10,2026-08-03 17:33:00,REFUNDED
28030,6,14,3945.80,2026-08-08 05:36:00,PENDING
28031,5,10,3752.70,2026-08-05 21:57:00,SUCCESS
28032,6,20,3586.70,2026-08-26 01:08:00,PENDING
28033,8,1,2932.30,2026-08-06 07:49:00,SUCCESS
28034,6,2,4674.70,2026-08-06 15:39:00,PENDING
28035,2,4,374.50,2026-08-17 05:26:00,PENDING
28036,9,9,3093.60,2026-08-15 15:35:00,REFUNDED
28037,5,20,3180.80,2026-08-22 22:52:00,PENDING
28038,7,15,96.40,2026-08-11 16:25:00,SUCCESS
28039,6,9,3506.90,2026-08-04 20:21:00,REFUNDED
28040,9,8,4097.00,2026-08-23 16:41:00,REFUNDED
28041,3,16,816.10,2026-08-25 13:42:00,PENDING
28042,8,13,87.50,2026-08-20 16:00:00,FAILED
28043,1,6,1083.80,2026-08-04 08:13:00,PENDING
28044,6,7,4101.30,2026-08-04 16:35:00,PENDING
28045,8,13,1052.70,2026-08-26 12:47:00,REFUNDED
28046,8,10,1510.60,2026-08-23 12:00:00,REFUNDED
28047,10,11,1493.50,2026-08-10 16:41:00,SUCCESS
28048,6,13,3146.00,2026-08-22 21:49:00,SUCCESS
28049,2,4,95.60,2026-08-13 05:53:00,REFUNDED
28050,6,14,1347.40,2026-08-09 17:11:00,SUCCESS
28051,5,17,4973.10,2026-08-05 23:11:00,PENDING
28052,5,17,1535.30,2026-08-02 18:21:00,PENDING
28053,8,10,1337.20,2026-08-31 01:37:00,PENDING
28054,2,2,4037.90,2026-08-11 07:35:00,SUCCESS
28055,1,11,4267.90,2026-08-21 13:53:00,SUCCESS
28056,8,2,3363.00,2026-08-17 06:32:00,REFUNDED
28057,5,5,2006.20,2026-08-11 14:55:00,SUCCESS
28058,10,13,4474.50,2026-08-19 07:22:00,FAILED
28059,3,5,2217.30,2026-08-02 00:16:00,SUCCESS
28060,7,5,431.90,2026-08-06 04:33:00,SUCCESS
28061,7,8,4236.20,2026-08-14 18:33:00,PENDING
28062,3,16,3425.60,2026-08-04 10:41:00,REFUNDED
28063,2,12,2748.30,2026-08-24 14:30:00,PENDING
28064,6,19,3366.50,2026-08-27 17:02:00,REFUNDED
28065,5,9,1808.50,2026-08-07 19:02:00,REFUNDED
28066,7,1,3079.40,2026-08-29 08:12:00,REFUNDED
28067,5,10,1652.30,2026-08-22 23:50:00,REFUNDED
28068,5,16,670.00,2026-08-23 19:07:00,FAILED
28069,1,5,1498.10,2026-08-01 16:41:00,FAILED
28070,1,2,3512.60,2026-08-02 00:03:00,SUCCESS
28071,10,18,1384.30,2026-08-25 05:53:00,REFUNDED
28072,8,12,302.60,2026-08-04 00:45:00,SUCCESS
28073,2,6,2219.60,2026-08-28 03:13:00,PENDING
28074,10,2,4290.40,2026-08-24 02:01:00,REFUNDED
28075,3,10,3456.60,2026-08-24 09:50:00,SUCCESS
28076,5,6,4162.30,2026-08-14 17:14:00,SUCCESS
28077,6,10,3813.60,2026-08-20 04:54:00,SUCCESS
28078,9,11,3665.00,2026-08-25 15:20:00,REFUNDED
28079,4,18,404.90,2026-08-02 12:19:00,SUCCESS
28080,5,16,532.90,2026-08-01 10:26:00,PENDING
28081,2,19,2086.30,2026-08-21 03:43:00,FAILED
28082,10,4,2112.40,2026-08-27 20:01:00,FAILED
28083,9,1,1977.60,2026-08-06 09:25:00,SUCCESS
28084,2,5,4521.70,2026-08-09 11:38:00,SUCCESS
28085,4,15,2107.30,2026-08-28 07:14:00,SUCCESS
28086,10,20,3867.80,2026-08-23 22:13:00,SUCCESS
28087,7,13,2502.30,2026-08-16 13:50:00,FAILED
28088,9,19,4752.50,2026-08-13 23:08:00,PENDING
28089,8,6,2747.30,2026-08-19 23:41:00,PENDING
28090,9,7,2579.70,2026-08-13 21:55:00,PENDING
28091,3,1,1176.80,2026-08-20 08:37:00,FAILED
28092,6,10,4646.50,2026-08-02 15:19:00,FAILED
28093,7,20,2782.20,2026-08-30 05:53:00,FAILED
28094,1,1,5000,2026-08-01 12:00:00,UNKNOWN_STATUS
28095,5,15,2125.10,2026-08-17 06:27:00,PENDING
28096,3,2,523.10,2026-08-05 01:24:00,REFUNDED
28097,10,19,223.20,2026-08-14 10:37:00,REFUNDED
28098,4,8,450.30,2026-08-16 03:43:00,FAILED
28099,7,12,3992.20,2026-08-26 05:08:00,REFUNDED
28100,3,12,2723.50,2026-08-04 07:01:00,PENDING
28101,2,4,4909.40,2026-08-28 06:28:00,PENDING
28102,8,1,117.60,2026-08-16 23:04:00,REFUNDED
28103,5,5,922.90,2026-08-01 16:38:00,PENDING
28104,1,1,1781.40,2026-08-24 04:57:00,PENDING
28105,5,3,2218.80,2026-08-04 20:18:00,REFUNDED
28106,3,9,3207.50,2026-08-13 06:52:00,REFUNDED
28107,6,10,2714.10,2026-08-08 20:44:00,REFUNDED
28108,4,11,3263.00,2026-08-09 06:05:00,FAILED
28109,8,2,3890.10,2026-08-07 13:12:00,FAILED
28110,10,18,2452.00,2026-08-06 23:26:00,REFUNDED
28111,3,5,3652.10,2026-08-29 09:16:00,SUCCESS
28112,4,5,4992.10,2026-08-09 09:46:00,PENDING
28113,1,1,NOT_A_NUMBER,2026-08-01 12:00:00,SUCCESS
28114,4,19,4859.20,2026-08-04 02:29:00,FAILED
28115,8,5,3173.00,2026-08-04 20:01:00,SUCCESS
28116,3,7,2833.80,2026-08-03 01:33:00,FAILED
28117,1,19,240.00,2026-08-25 04:54:00,REFUNDED
28118,4,16,2353.60,2026-08-07 13:50:00,SUCCESS
28119,9,6,3707.60,2026-08-20 21:18:00,PENDING
28120,5,6,1921.50,2026-08-08 00:03:00,REFUNDED
28121,9,5,4041.30,2026-08-12 10:57:00,SUCCESS
28122,3,7,4747.10,2026-08-31 02:56:00,SUCCESS
28123,1,13,3877.20,2026-08-24 16:06:00,SUCCESS
28124,9,8,4257.10,2026-08-16 05:24:00,SUCCESS
28125,7,10,3138.10,2026-08-03 20:15:00,FAILED
28126,7,7,1266.50,2026-08-30 06:06:00,FAILED
28127,1,11,1005.00,2026-08-03 21:35:00,REFUNDED
28128,9,7,1201.60,2026-08-30 22:00:00,SUCCESS
28129,1,18,2042.00,2026-08-27 09:41:00,REFUNDED
28130,8,13,3011.20,2026-08-14 21:35:00,FAILED
28131,10,8,2630.70,2026-08-12 12:23:00,PENDING
28132,8,17,1472.60,2026-08-27 02:21:00,PENDING
28133,7,9,4866.30,2026-08-09 01:45:00,SUCCESS
28134,10,4,2184.30,2026-08-22 09:54:00,PENDING
28135,7,16,2630.10,2026-08-21 17:58:00,PENDING
28136,8,3,2274.00,2026-08-31 03:59:00,SUCCESS
28137,9,16,3210.50,2026-08-09 19:54:00,PENDING
28138,9,3,2477.90,2026-08-15 09:47:00,FAILED
28139,6,17,4243.60,2026-08-25 08:19:00,FAILED
28140,4,1,235.50,2026-08-05 10:23:00,FAILED
28141,2,8,742.10,2026-08-09 01:08:00,REFUNDED
28142,3,19,3752.00,2026-08-04 18:52:00,REFUNDED
28143,2,2,633.40,2026-08-02 12:04:00,PENDING
28144,9,6,1249.30,2026-08-25 23:22:00,SUCCESS
28145,10,4,1050.40,2026-08-06 02:34:00,FAILED
28146,9,4,2358.00,2026-08-12 03:32:00,SUCCESS
28147,5,9,3805.30,2026-08-20 20:01:00,SUCCESS
28148,2,15,1579.30,2026-08-29 17:05:00,FAILED
28149,2,4,1734.70,2026-08-21 02:21:00,SUCCESS
28150,7,9,1422.00,2026-08-11 12:31:00,PENDING
28151,2,18,4171.00,2026-08-19 23:22:00,FAILED
28152,10,20,2638.50,2026-08-06 06:53:00,PENDING
28153,7,13,3557.30,2026-08-09 00:17:00,PENDING
28154,4,2,3786.70,2026-08-29 13:24:00,FAILED
28155,7,9,4211.10,2026-08-28 01:48:00,PENDING
28156,3,9,4871.50,2026-08-15 17:23:00,REFUNDED
28157,7,10,1658.80,2026-08-23 16:01:00,REFUNDED
28158,9,18,625.60,2026-08-14 14:00:00,REFUNDED
28159,2,6,2425.50,2026-08-28 20:38:00,FAILED
28160,8,7,445.60,2026-08-16 18:57:00,PENDING
28161,7,15,4801.30,2026-08-21 20:37:00,FAILED
28162,3,16,479.90,2026-08-23 04:07:00,REFUNDED
28163,10,16,4309.00,2026-08-09 13:19:00,FAILED
28164,7,2,1084.90,2026-08-05 14:50:00,PENDING
28165,1,10,1886.80,2026-08-14 03:25:00,SUCCESS
28166,5,5,1765.60,2026-08-24 22:54:00,REFUNDED
28167,10,5,4080.30,2026-08-21 20:36:00,FAILED
28168,9,5,1746.40,2026-08-30 12:46:00,SUCCESS
28169,9,9,4341.10,2026-08-10 13:03:00,PENDING
28170,8,12,883.30,2026-08-26 00:32:00,SUCCESS
28171,4,1,2674.30,2026-08-27 12:17:00,REFUNDED
28172,9,18,3236.60,2026-08-12 22:13:00,REFUNDED
28173,10,16,4547.80,2026-08-12 14:10:00,REFUNDED
28174,5,5,1359.00,2026-08-20 16:17:00,PENDING
28175,8,20,4881.40,2026-08-11 14:38:00,FAILED
28176,10,12,4306.00,2026-08-07 04:10:00,PENDING
28177,6,6,555.90,2026-08-03 23:42:00,PENDING
28178,3,2,3411.80,2026-08-09 00:42:00,PENDING
28179,1,9,3456.40,2026-08-25 09:15:00,PENDING
28180,2,18,4549.60,2026-08-10 05:34:00,PENDING
28181,2,1,3674.50,2026-08-04 05:02:00,SUCCESS
28182,9,14,4410.90,2026-08-10 04:43:00,FAILED
28183,1,11,4550.80,2026-08-05 04:32:00,SUCCESS
28184,3,9,4201.50,2026-08-30 05:04:00,SUCCESS
28185,4,14,682.80,2026-08-24 07:42:00,PENDING
28186,1,11,3769.50,2026-08-08 23:25:00,REFUNDED
28187,8,20,3396.10,2026-08-19 23:05:00,SUCCESS
28188,7,1,2862.10,2026-08-24 18:51:00,SUCCESS
28189,10,7,4526.70,2026-08-25 06:27:00,PENDING
28190,4,8,903.10,2026-08-06 14:37:00,PENDING
28191,6,16,2129.00,2026-08-31 06:07:00,PENDING
28192,5,2,2404.60,2026-08-01 16:44:00,REFUNDED
28193,7,6,4978.20,2026-08-04 10:05:00,FAILED
28194,4,6,710.30,2026-08-24 13:36:00,PENDING
28195,3,15,4661.60,2026-08-24 17:45:00,SUCCESS
28196,6,16,4354.60,2026-08-21 17:30:00,REFUNDED
28197,8,6,4873.80,2026-08-13 12:32:00,SUCCESS
28198,5,2,809.70,2026-08-28 07:24:00,SUCCESS
28199,1,100.00
28200,3,17,239.70,2026-08-01 23:31:00,REFUNDED
28201,8,1,3825.70,2026-08-03 21:59:00,SUCCESS
28202,4,10,957.30,2026-08-21 18:30:00,FAILED
28203,1,16,4327.80,2026-08-28 08:39:00,PENDING
28204,9,3,4293.10,2026-08-16 06:04:00,SUCCESS
28205,8,1,3747.60,2026-08-14 23:11:00,FAILED
28206,6,7,3959.30,2026-08-27 13:28:00,PENDING
28207,5,3,1324.50,2026-08-31 07:17:00,REFUNDED
28208,1,6,4246.10,2026-08-14 01:44:00,REFUNDED
28209,8,7,626.00,2026-08-23 12:18:00,PENDING
28210,6,20,4196.30,2026-08-09 23:33:00,SUCCESS
28211,1,11,748.50,2026-08-28 20:16:00,REFUNDED
28212,2,17,2858.10,2026-08-30 20:07:00,SUCCESS
28213,10,19,1786.30,2026-08-01 12:16:00,PENDING
28214,6,8,123.90,2026-08-29 19:29:00,FAILED
28215,4,13,399.70,2026-08-08 09:29:00,SUCCESS
28216,6,1,1990.00,2026-08-25 20:32:00,FAILED
28217,9,6,2228.20,2026-08-25 11:03:00,SUCCESS
28218,6,8,3584.30,2026-08-04 11:37:00,SUCCESS
28219,9,13,3436.90,2026-08-18 02:58:00,REFUNDED
28220,7,3,2932.60,2026-08-08 10:31:00,REFUNDED
28221,5,16,2860.90,2026-08-15 14:15:00,PENDING
28222,8,5,1111.50,2026-08-28 16:35:00,FAILED
28223,1,11,3716.20,2026-08-25 19:27:00,REFUNDED
28224,10,16,2113.80,2026-08-05 06:50:00,PENDING
28225,2,14,5015.40,2026-08-25 06:05:00,FAILED
28226,10,5,781.40,2026-08-25 11:04:00,FAILED
28227,2,13,3673.60,2026-08-09 14:28:00,PENDING
28228,10,17,4187.20,2026-08-02 17:31:00,PENDING
28229,10,12,4792.60,2026-08-06 21:31:00,SUCCESS
28230,2,12,618.90,2026-08-12 20:48:00,SUCCESS
28231,10,6,509.50,2026-08-26 23:43:00,FAILED
28232,8,5,398.60,2026-08-22 19:29:00,FAILED
28233,9,8,1478.30,2026-08-27 23:55:00,PENDING
28234,5,14,3042.20,2026-08-15 08:46:00,SUCCESS
28235,5,14,912.40,2026-08-05 14:39:00,REFUNDED
28236,1,9,2147.30,2026-08-07 22:12:00,FAILED
28237,9,17,4826.60,2026-08-12 10:23:00,REFUNDED
28238,1,16,4677.30,2026-08-02 19:51:00,PENDING
28239,7,14,951.90,2026-08-29 23:40:00,REFUNDED
28240,7,3,3154.40,2026-08-22 03:49:00,PENDING
28241,2,10,3994.60,2026-08-29 06:46:00,FAILED
28242,6,14,1757.80,2026-08-16 02:32:00,FAILED
28243,5,19,1105.40,2026-08-16 16:25:00,REFUNDED
28244,8,8,605.30,2026-08-30 07:01:00,PENDING
28245,7,3,4618.10,2026-08-08 00:50:00,PENDING
28246,9,18,3075.20,2026-08-06 21:15:00,FAILED
28247,4,17,2878.30,2026-08-15 18:29:00,SUCCESS
28248,5,8,1142.00,2026-08-28 12:41:00,FAILED
28249,8,20,4866.70,2026-08-10 10:40:00,REFUNDED
28250,2,7,926.10,2026-08-16 09:24:00,PENDING
28251,8,14,1807.70,2026-08-08 00:05:00,REFUNDED
28252,8,11,1030.70,2026-08-06 04:05:00,PENDING
28253,6,2,3216.50,2026-08-17 05:52:00,SUCCESS
28254,5,13,2371.50,2026-08-07 02:55:00,REFUNDED
28255,1,3,871.20,2026-08-27 10:48:00,FAILED
28256,8,9,1236.70,2026-08-25 19:37:00,FAILED
28257,5,3,127.10,2026-08-04 07:24:00,SUCCESS
28258,7,20,3128.30,2026-08-17 00:08:00,PENDING
28259,9,2,4876.90,2026-08-08 14:04:00,REFUNDED
28260,10,20,4661.80,2026-08-20 08:52:00,PENDING
28261,7,13,711.30,2026-08-22 02:40:00,REFUNDED
28262,1,7,3260.10,2026-08-13 16:07:00,PENDING
28263,9,14,386.40,2026-08-29 13:28:00,REFUNDED
28264,6,4,1920.30,2026-08-22 06:43:00,SUCCESS
28265,7,2,4007.80,2026-08-12 12:29:00,FAILED
28266,3,10,1942.90,2026-08-06 04:25:00,SUCCESS
28267,6,15,3163.90,2026-08-06 18:26:00,REFUNDED
28268,3,16,1463.50,2026-08-28 23:27:00,SUCCESS
28269,2,8,3606.80,2026-08-13 14:05:00,REFUNDED
28270,8,18,1306.20,2026-08-17 17:44:00,REFUNDED
28271,6,3,3273.70,2026-08-07 23:09:00,SUCCESS
28272,7,20,4780.90,2026-08-13 09:45:00,FAILED
28273,9,18,4722.60,2026-08-18 02:52:00,REFUNDED
28274,10,12,2214.70,2026-08-08 00:13:00,SUCCESS
28275,8,8,4901.30,2026-08-07 19:28:00,FAILED
28276,3,11,1522.00,2026-08-20 05:50:00,PENDING
28277,3,5,629.10,2026-08-13 13:15:00,PENDING
28278,4,7,2581.50,2026-08-12 05:11:00,FAILED
28279,3,5,4464.60,2026-08-24 12:03:00,FAILED
28280,1,3,4194.20,2026-08-09 12:30:00,SUCCESS
28281,8,13,2619.50,2026-08-04 23:54:00,PENDING
28282,3,15,656.70,2026-08-28 17:06:00,SUCCESS
28283,5,18,3607.10,2026-08-10 06:00:00,PENDING
28284,8,15,484.10,2026-08-26 19:49:00,SUCCESS
28285,1,17,3995.70,2026-08-26 18:49:00,SUCCESS
28286,9,6,4110.70,2026-08-02 02:42:00,PENDING
28287,1,11,1547.70,2026-08-21 14:08:00,PENDING
28288,6,14,723.20,2026-08-19 23:07:00,PENDING
28289,8,9,3327.20,2026-08-17 00:22:00,PENDING
28290,2,16,3377.80,2026-08-04 04:49:00,FAILED
28291,8,9,286.20,2026-08-08 22:58:00,FAILED
28292,5,2,3343.60,2026-08-27 01:16:00,PENDING
28293,8,11,4735.00,2026-08-09 12:15:00,PENDING
28294,1,1,5000,2026-08-01 12:00:00,UNKNOWN_STATUS
28295,1,8,3794.20,2026-08-27 09:15:00,FAILED
28296,2,18,2132.10,2026-08-28 10:25:00,PENDING
28297,8,1,4405.80,2026-08-18 04:30:00,SUCCESS
28298,8,18,4256.50,2026-08-14 04:32:00,PENDING
28299,10,11,4647.90,2026-08-09 03:23:00,FAILED
28300,6,5,4078.00,2026-08-03 08:42:00,SUCCESS
28301,4,15,1899.70,2026-08-04 12:08:00,FAILED
28302,6,5,2835.10,2026-08-11 08:43:00,REFUNDED
28303,5,3,496.20,2026-08-03 09:03:00,PENDING
28304,6,2,3518.90,2026-08-22 19:38:00,SUCCESS
28305,5,17,3616.00,2026-08-21 03:06:00,FAILED
28306,1,4,169.60,2026-08-03 18:50:00,SUCCESS
28307,3,4,999.50,2026-08-26 23:59:00,PENDING
28308,5,5,3347.50,2026-08-11 05:31:00,REFUNDED
28309,5,17,2361.10,2026-08-22 02:15:00,SUCCESS
28310,1,19,2466.80,2026-08-18 07:50:00,PENDING
28311,6,19,3009.90,2026-08-15 20:59:00,PENDING
28312,3,9,2677.40,2026-08-25 14:10:00,SUCCESS
28313,3,12,3505.00,2026-08-05 16:30:00,PENDING
28314,10,15,2382.20,2026-08-04 22:19:00,REFUNDED
28315,4,7,4685.50,2026-08-11 18:21:00,PENDING
28316,9,7,1513.90,2026-08-23 21:57:00,FAILED
28317,8,15,1546.30,2026-08-12 23:54:00,SUCCESS
28318,2,10,3016.40,2026-08-17 06:39:00,FAILED
28319,10,4,1684.10,2026-08-12 03:27:00,REFUNDED
28320,1,5,4012.10,2026-08-13 20:19:00,PENDING
28321,10,17,1821.70,2026-08-14 23:12:00,SUCCESS
28322,9,20,4140.10,2026-08-28 11:27:00,FAILED
28323,9,12,1078.00,2026-08-01 20:36:00,PENDING
28324,3,1,1365.40,2026-08-10 08:33:00,PENDING
28325,3,8,2725.20,2026-08-14 15:50:00,FAILED
28326,2,12,3755.30,2026-08-30 21:16:00,PENDING
28327,1,3,2367.70,2026-08-10 19:05:00,SUCCESS
28328,2,17,3267.90,2026-08-11 03:33:00,FAILED
28329,10,13,4766.50,2026-08-24 04:45:00,PENDING
28330,1,10,220.60,2026-08-08 20:54:00,REFUNDED
28331,1,1,5000,2026-08-01 12:00:00,UNKNOWN_STATUS
28332,8,6,3510.00,2026-08-10 03:10:00,FAILED
28333,7,8,208.40,2026-08-03 04:03:00,PENDING
28334,5,9,506.00,2026-08-19 13:14:00,REFUNDED
28335,6,19,4023.20,2026-08-29 01:59:00,PENDING
28336,4,7,1780.60,2026-08-08 20:39:00,PENDING
28337,3,3,4218.90,2026-08-23 20:30:00,PENDING
28338,8,19,1128.90,2026-08-09 22:14:00,FAILED
28339,7,3,3363.60,2026-08-01 17:38:00,REFUNDED
28340,7,11,1165.50,2026-08-13 00:54:00,PENDING
28341,1,6,1507.30,2026-08-16 03:40:00,PENDING
28342,9,20,2150.30,2026-08-20 14:38:00,REFUNDED
28343,3,8,4790.20,2026-08-17 11:00:00,REFUNDED
28344,1,1,5000,INVALID_DATE_TIME,SUCCESS
28345,2,13,2032.50,2026-08-04 22:12:00,SUCCESS
28346,10,16,2139.30,2026-08-22 05:04:00,SUCCESS
28347,2,19,3530.20,2026-08-17 04:21:00,FAILED
28348,10,6,1116.30,2026-08-03 01:27:00,PENDING
28349,1,12,236.00,2026-08-12 21:12:00,PENDING
28350,1,18,2322.00,2026-08-28 00:24:00,FAILED
28351,6,16,2497.70,2026-08-27 03:48:00,SUCCESS
28352,3,1,1039.70,2026-08-23 04:57:00,PENDING
28353,9,8,3713.70,2026-08-11 09:10:00,FAILED
28354,2,3,1905.20,2026-08-10 02:14:00,FAILED
28355,8,14,3822.10,2026-08-10 23:50:00,REFUNDED
28356,3,20,2048.90,2026-08-05 10:58:00,REFUNDED
28357,1,5,4337.50,2026-08-24 06:13:00,PENDING
28358,8,2,2672.20,2026-08-17 08:38:00,FAILED
28359,8,3,2835.00,2026-08-18 00:28:00,PENDING
28360,6,16,3826.50,2026-08-03 00:12:00,REFUNDED
28361,10,12,3853.90,2026-08-15 16:10:00,FAILED
28362,7,14,946.20,2026-08-15 04:54:00,PENDING
28363,5,11,1917.70,2026-08-30 18:20:00,PENDING
28364,5,11,3835.80,2026-08-19 07:29:00,PENDING
28365,8,16,3426.60,2026-08-05 07:32:00,PENDING
28366,4,13,4277.30,2026-08-08 22:24:00,PENDING
28367,10,7,2949.50,2026-08-09 14:44:00,SUCCESS
28368,6,16,1739.40,2026-08-27 13:58:00,REFUNDED
28369,4,7,545.60,2026-08-11 09:11:00,REFUNDED
28370,4,18,1339.10,2026-08-27 07:48:00,PENDING
28371,4,20,2628.00,2026-08-14 21:28:00,REFUNDED
28372,2,17,4863.70,2026-08-20 01:03:00,REFUNDED
28373,2,2,2508.50,2026-08-26 21:40:00,PENDING
28374,8,16,4056.80,2026-08-03 13:58:00,FAILED
28375,9,8,698.50,2026-08-01 15:23:00,REFUNDED
28376,6,15,582.20,2026-08-18 15:48:00,REFUNDED
28377,1,8,3728.60,2026-08-14 23:42:00,REFUNDED
28378,5,16,1370.40,2026-08-21 05:45:00,REFUNDED
28379,6,12,255.80,2026-08-14 07:44:00,FAILED
28380,2,17,4940.40,2026-08-05 11:12:00,FAILED
28381,10,9,4263.70,2026-08-10 09:27:00,FAILED
28382,6,17,2167.10,2026-08-22 21:33:00,FAILED
28383,2,16,2888.50,2026-08-03 12:12:00,SUCCESS
28384,1,1,5000,2026-08-01 12:00:00,UNKNOWN_STATUS
28385,1,17,2770.10,2026-08-14 03:07:00,FAILED
28386,9,16,3325.60,2026-08-27 18:43:00,SUCCESS
28387,9,19,1574.70,2026-08-17 03:11:00,SUCCESS
28388,10,8,1495.00,2026-08-14 05:22:00,PENDING
28389,8,13,1690.70,2026-08-20 02:56:00,PENDING
28390,6,10,4679.50,2026-08-11 13:45:00,FAILED
28391,2,11,2862.00,2026-08-04 13:03:00,REFUNDED
28392,2,15,1185.50,2026-08-04 11:35:00,FAILED
28393,1,5,2027.20,2026-08-04 06:27:00,FAILED
28394,5,20,3249.40,2026-08-28 12:49:00,REFUNDED
28395,8,4,604.10,2026-08-16 03:46:00,FAILED
28396,8,18,1879.40,2026-08-28 03:50:00,FAILED
28397,9,17,1143.10,2026-08-02 11:51:00,REFUNDED
28398,9,13,470.70,2026-08-06 02:51:00,PENDING
28399,4,13,2686.50,2026-08-26 05:39:00,REFUNDED
28400,6,2,1027.50,2026-08-13 14:23:00,PENDING
28401,8,7,3318.20,2026-08-22 06:18:00,REFUNDED
28402,8,13,4506.10,2026-08-05 04:00:00,PENDING
28403,3,9,3834.80,2026-08-09 21:55:00,SUCCESS
28404,1,1,3003.60,2026-08-10 16:31:00,REFUNDED
28405,5,15,5028.70,2026-08-12 04:54:00,REFUNDED
28406,1,1,1512.90,2026-08-05 02:28:00,SUCCESS
28407,3,8,3906.50,2026-08-20 03:21:00,SUCCESS
28408,6,13,3810.20,2026-08-30 01:35:00,SUCCESS
28409,9,17,4391.30,2026-08-03 23:45:00,REFUNDED
28410,10,7,2025.30,2026-08-09 05:14:00,SUCCESS
28411,4,13,115.10,2026-08-24 07:34:00,REFUNDED
28412,7,19,3216.80,2026-08-13 02:17:00,SUCCESS
28413,5,12,5040.50,2026-08-27 09:15:00,FAILED
28414,9,13,3845.40,2026-08-17 18:53:00,FAILED
28415,7,8,3483.40,2026-08-07 17:51:00,FAILED
28416,3,19,932.10,2026-08-25 02:41:00,REFUNDED
28417,7,4,2074.50,2026-08-14 20:15:00,SUCCESS
28418,1,1,NOT_A_NUMBER,2026-08-01 12:00:00,SUCCESS
28419,3,14,4326.50,2026-08-13 19:01:00,FAILED
28420,1,18,1503.70,2026-08-10 19:55:00,REFUNDED
28421,10,13,3328.50,2026-08-26 15:06:00,PENDING
28422,7,10,350.30,2026-08-22 18:17:00,FAILED
28423,10,17,3421.60,2026-08-04 21:31:00,SUCCESS
28424,2,20,4613.30,2026-08-22 21:36:00,PENDING
28425,3,3,319.80,2026-08-17 21:47:00,FAILED
28426,3,13,464.40,2026-08-15 08:56:00,REFUNDED
28427,1,17,3600.90,2026-08-21 09:11:00,REFUNDED
28428,9,5,4934.10,2026-08-10 09:04:00,REFUNDED
28429,7,16,3794.30,2026-08-12 16:57:00,PENDING
28430,7,12,4134.10,2026-08-15 06:38:00,FAILED
28431,10,1,3976.20,2026-08-14 19:22:00,SUCCESS
28432,8,8,4134.10,2026-08-26 13:39:00,PENDING
28433,6,15,3725.60,2026-08-09 20:28:00,FAILED
28434,10,7,3222.10,2026-08-21 09:05:00,SUCCESS
28435,7,16,2297.80,2026-08-18 02:39:00,FAILED
28436,3,12,4464.90,2026-08-22 08:39:00,SUCCESS
28437,8,16,1173.80,2026-08-15 03:21:00,FAILED
28438,5,7,1716.50,2026-08-23 18:07:00,FAILED
28439,4,16,584.20,2026-08-30 03:19:00,REFUNDED
28440,8,10,4147.40,2026-08-10 00:04:00,SUCCESS
28441,3,7,2169.30,2026-08-07 02:51:00,PENDING
28442,8,16,3869.10,2026-08-16 17:43:00,SUCCESS
28443,4,15,3515.90,2026-08-25 05:58:00,PENDING
28444,10,2,4035.80,2026-08-02 09:33:00,SUCCESS
28445,10,3,2646.40,2026-08-28 15:20:00,PENDING
28446,9,20,3620.80,2026-08-22 23:37:00,SUCCESS
28447,10,6,101.60,2026-08-23 03:03:00,FAILED
28448,4,15,2666.90,2026-08-22 13:23:00,SUCCESS
28449,2,16,3541.20,2026-08-04 08:32:00,PENDING
28450,2,20,4233.90,2026-08-10 16:18:00,PENDING
28451,6,4,2517.30,2026-08-29 02:27:00,PENDING
28452,3,2,2298.70,2026-08-29 11:10:00,FAILED
28453,2,14,306.40,2026-08-07 05:02:00,SUCCESS
28454,9,3,4669.20,2026-08-15 00:54:00,REFUNDED
28455,7,2,1520.20,2026-08-18 23:34:00,SUCCESS
28456,2,20,2203.10,2026-08-22 08:36:00,PENDING
28457,2,12,4417.10,2026-08-14 06:30:00,REFUNDED
28458,4,5,4517.60,2026-08-12 11:01:00,SUCCESS
28459,3,14,391.10,2026-08-23 22:16:00,REFUNDED
28460,6,18,4550.70,2026-08-28 15:42:00,REFUNDED
28461,10,1,3554.40,2026-08-21 06:03:00,PENDING
28462,4,16,3541.60,2026-08-09 14:48:00,PENDING
28463,8,3,4307.70,2026-08-09 19:27:00,REFUNDED
28464,1,1,NOT_A_NUMBER,2026-08-01 12:00:00,SUCCESS
28465,1,11,3240.60,2026-08-17 12:00:00,SUCCESS
28466,9,15,3888.70,2026-08-24 15:26:00,SUCCESS
28467,10,7,440.20,2026-08-25 02:44:00,SUCCESS
28468,2,17,1543.60,2026-08-12 23:29:00,FAILED
28469,10,16,3114.80,2026-08-17 16:22:00,REFUNDED
28470,7,14,3386.60,2026-08-02 07:48:00,SUCCESS
28471,9,10,3137.80,2026-08-23 19:53:00,PENDING
28472,9,17,169.80,2026-08-04 21:00:00,REFUNDED
28473,3,15,2344.60,2026-08-04 09:20:00,SUCCESS
28474,4,3,4980.30,2026-08-22 20:13:00,SUCCESS
28475,5,19,2818.30,2026-08-19 09:01:00,PENDING
28476,10,8,3917.20,2026-08-20 01:39:00,REFUNDED
28477,7,9,4777.50,2026-08-18 15:31:00,PENDING
28478,8,8,1892.70,2026-08-16 22:38:00,FAILED
28479,4,12,1660.00,2026-08-13 20:31:00,PENDING
28480,4,2,617.30,2026-08-18 21:00:00,REFUNDED
28481,3,1,1381.10,2026-08-25 06:42:00,PENDING
28482,2,20,917.50,2026-08-29 06:07:00,SUCCESS
28483,6,20,2894.30,2026-08-30 01:03:00,PENDING
28484,4,16,3208.60,2026-08-04 16:02:00,REFUNDED
28485,6,9,3468.40,2026-08-10 20:33:00,SUCCESS
28486,5,10,4375.60,2026-08-17 06:39:00,PENDING
28487,4,12,1837.40,2026-08-03 22:35:00,SUCCESS
28488,8,18,5009.60,2026-08-14 06:00:00,REFUNDED
28489,6,5,1527.70,2026-08-04 19:47:00,PENDING
28490,1,4,1077.00,2026-08-25 19:38:00,SUCCESS
28491,9,19,2452.30,2026-08-19 10:32:00,SUCCESS
28492,7,17,3227.20,2026-08-18 04:13:00,REFUNDED
28493,5,20,3571.50,2026-08-10 16:30:00,FAILED
28494,9,17,3856.70,2026-08-12 21:12:00,PENDING
28495,5,1,1182.50,2026-08-18 01:12:00,SUCCESS
28496,1,10,2407.10,2026-08-07 00:06:00,PENDING
28497,4,7,1804.10,2026-08-09 11:32:00,FAILED
28498,2,4,2801.60,2026-08-24 05:16:00,SUCCESS
28499,1,16,4930.10,2026-08-25 00:52:00,REFUNDED
28500,2,16,1138.10,2026-08-01 12:40:00,REFUNDED
28501,2,12,825.30,2026-08-24 01:38:00,FAILED
28502,3,18,3353.20,2026-08-12 05:56:00,PENDING
28503,8,20,4139.40,2026-08-15 12:38:00,PENDING
28504,9,19,1042.50,2026-08-23 02:06:00,PENDING
28505,5,6,199.00,2026-08-11 06:33:00,SUCCESS
28506,8,13,3044.60,2026-08-13 03:08:00,REFUNDED
28507,7,19,4262.00,2026-08-10 19:10:00,FAILED
28508,1,8,286.30,2026-08-23 00:17:00,PENDING
28509,8,4,2731.90,2026-08-07 22:00:00,FAILED
28510,3,15,986.80,2026-08-25 17:48:00,REFUNDED
28511,6,9,1296.10,2026-08-19 10:19:00,REFUNDED
28512,1,100.00
28513,3,1,4224.50,2026-08-02 17:27:00,REFUNDED
28514,7,8,1082.00,2026-08-29 02:28:00,REFUNDED
28515,9,9,1044.50,2026-08-31 06:37:00,REFUNDED
28516,4,1,4373.70,2026-08-16 01:43:00,SUCCESS
28517,4,19,3743.40,2026-08-09 09:52:00,REFUNDED
28518,8,17,772.40,2026-08-16 06:05:00,REFUNDED
28519,5,5,404.40,2026-08-16 17:27:00,FAILED
28520,9,13,1241.70,2026-08-02 16:28:00,PENDING
28521,10,3,828.50,2026-08-07 23:18:00,FAILED
28522,9,17,1449.70,2026-08-04 09:44:00,SUCCESS
28523,4,9,2942.50,2026-08-04 19:36:00,REFUNDED
28524,10,19,4684.00,2026-08-27 06:55:00,SUCCESS
28525,1,2,3861.60,2026-08-08 03:22:00,REFUNDED
28526,5,12,1416.30,2026-08-14 03:25:00,SUCCESS
28527,9,2,4106.50,2026-08-21 17:55:00,PENDING
28528,7,9,4454.50,2026-08-08 10:58:00,REFUNDED
28529,2,18,3737.10,2026-08-16 15:43:00,SUCCESS
28530,6,4,1800.80,2026-08-27 12:27:00,REFUNDED
28531,4,20,3713.70,2026-08-08 20:00:00,PENDING
28532,3,3,2419.30,2026-08-26 20:43:00,FAILED
28533,6,1,2826.50,2026-08-08 13:43:00,SUCCESS
28534,10,18,1011.90,2026-08-24 06:45:00,SUCCESS
28535,9,11,783.90,2026-08-08 17:32:00,PENDING
28536,6,12,4881.90,2026-08-11 23:49:00,SUCCESS
28537,10,4,2322.70,2026-08-18 18:49:00,REFUNDED
28538,1,15,4820.40,2026-08-12 10:16:00,PENDING
28539,2,4,2723.50,2026-08-15 06:25:00,PENDING
28540,8,19,1463.90,2026-08-19 16:01:00,FAILED
28541,2,2,813.10,2026-08-14 01:28:00,SUCCESS
28542,10,10,1162.50,2026-08-04 18:31:00,REFUNDED
28543,9,9,4064.20,2026-08-22 19:13:00,REFUNDED
28544,4,5,346.40,2026-08-18 04:36:00,SUCCESS
28545,7,4,3581.70,2026-08-04 22:45:00,FAILED
28546,1,19,1262.40,2026-08-25 11:32:00,PENDING
28547,9,15,1034.70,2026-08-06 09:22:00,SUCCESS
28548,1,2,781.60,2026-08-18 17:42:00,REFUNDED
28549,1,14,3398.80,2026-08-03 00:55:00,SUCCESS
28550,8,20,118.30,2026-08-06 17:58:00,PENDING
28551,4,3,4326.50,2026-08-28 19:32:00,PENDING
28552,3,16,2927.40,2026-08-29 04:18:00,SUCCESS
28553,1,15,4641.20,2026-08-04 07:36:00,FAILED
28554,1,9,1759.10,2026-08-05 00:36:00,FAILED
28555,5,17,150.30,2026-08-09 14:40:00,FAILED
28556,8,10,3193.20,2026-08-17 06:48:00,FAILED
28557,7,4,4317.90,2026-08-05 17:07:00,SUCCESS
28558,7,9,1687.30,2026-08-30 10:33:00,SUCCESS
28559,7,17,2537.10,2026-08-13 12:48:00,FAILED
28560,9,16,818.70,2026-08-27 10:11:00,SUCCESS
28561,1,9,3090.10,2026-08-15 09:15:00,PENDING
28562,10,16,424.90,2026-08-20 19:59:00,SUCCESS
28563,7,8,3652.00,2026-08-15 07:46:00,PENDING
28564,2,10,5009.80,2026-08-06 03:18:00,REFUNDED
28565,9,16,697.30,2026-08-13 18:36:00,FAILED
28566,6,9,2591.70,2026-08-15 03:22:00,REFUNDED
28567,10,14,737.10,2026-08-14 17:54:00,PENDING
28568,10,16,855.90,2026-08-04 07:31:00,FAILED
28569,3,11,3447.50,2026-08-01 11:46:00,FAILED
28570,2,17,460.70,2026-08-28 15:04:00,PENDING
28571,8,9,372.80,2026-08-18 08:10:00,PENDING
28572,1,19,2484.20,2026-08-18 23:28:00,REFUNDED
28573,8,16,2232.10,2026-08-19 07:54:00,FAILED
28574,7,11,4428.10,2026-08-26 02:31:00,SUCCESS
28575,1,19,1014.70,2026-08-18 20:20:00,PENDING
28576,2,3,2280.20,2026-08-10 03:50:00,FAILED
28577,1,17,3840.90,2026-08-29 16:25:00,REFUNDED
28578,1,15,2899.30,2026-08-04 18:38:00,SUCCESS
28579,3,4,2096.70,2026-08-25 18:15:00,SUCCESS
28580,6,20,4471.10,2026-08-14 18:22:00,REFUNDED
28581,6,7,1355.70,2026-08-06 19:54:00,FAILED
28582,1,10,2018.60,2026-08-08 19:39:00,REFUNDED
28583,3,4,1554.50,2026-08-21 08:17:00,SUCCESS
28584,7,13,1874.80,2026-08-17 09:47:00,FAILED
28585,5,2,2920.00,2026-08-22 23:42:00,FAILED
28586,9,18,4081.70,2026-08-25 08:18:00,FAILED
28587,8,5,1558.40,2026-08-28 08:02:00,REFUNDED
28588,1,4,4464.30,2026-08-23 01:30:00,PENDING
28589,8,14,4710.40,2026-08-27 23:23:00,REFUNDED
28590,5,1,4607.70,2026-08-08 00:07:00,SUCCESS
28591,2,17,294.90,2026-08-04 05:40:00,REFUNDED
28592,6,13,2975.90,2026-08-25 03:21:00,SUCCESS
28593,4,17,2254.70,2026-08-22 18:22:00,FAILED
28594,1,20,4311.10,2026-08-19 23:22:00,SUCCESS
28595,6,4,4171.60,2026-08-24 22:23:00,FAILED
28596,8,9,261.90,2026-08-03 18:23:00,FAILED
28597,3,8,1419.30,2026-08-10 21:49:00,PENDING
28598,8,4,3062.10,2026-08-29 23:00:00,FAILED
28599,6,17,2947.50,2026-08-19 17:34:00,SUCCESS
28600,2,8,3985.70,2026-08-02 08:14:00,SUCCESS
28601,8,8,2649.50,2026-08-12 11:10:00,PENDING
28602,5,4,1516.80,2026-08-06 11:55:00,FAILED
28603,10,19,4856.40,2026-08-04 09:45:00,FAILED
28604,3,5,2744.40,2026-08-03 21:26:00,PENDING
28605,10,5,3368.30,2026-08-12 01:28:00,PENDING
28606,2,11,280.00,2026-08-04 16:07:00,FAILED
28607,4,16,4701.40,2026-08-19 03:47:00,SUCCESS
28608,4,4,1258.30,2026-08-14 13:21:00,REFUNDED
28609,7,11,4075.10,2026-08-29 20:51:00,PENDING
28610,9,16,4977.80,2026-08-07 03:22:00,REFUNDED
28611,2,14,278.00,2026-08-28 11:42:00,PENDING
28612,7,20,3720.70,2026-08-24 03:25:00,FAILED
28613,4,11,4265.90,2026-08-06 05:42:00,REFUNDED
28614,4,15,960.50,2026-08-22 08:07:00,PENDING
28615,4,17,1469.30,2026-08-30 03:52:00,SUCCESS
28616,5,18,4737.50,2026-08-29 02:35:00,PENDING
28617,1,17,666.10,2026-08-26 10:07:00,PENDING
28618,6,8,4735.40,2026-08-19 18:12:00,REFUNDED
28619,3,18,4408.50,2026-08-17 00:03:00,REFUNDED
28620,6,12,1487.00,2026-08-29 04:54:00,FAILED
28621,7,18,2327.40,2026-08-07 07:59:00,REFUNDED
28622,6,16,4661.50,2026-08-13 22:55:00,FAILED
28623,7,18,57.10,2026-08-29 14:20:00,FAILED
28624,1,1,5000,2026-08-01 12:00:00,UNKNOWN_STATUS
28625,3,11,63.90,2026-08-02 03:42:00,FAILED
28626,9,18,3379.50,2026-08-02 03:51:00,SUCCESS
28627,7,4,4242.10,2026-08-23 17:36:00,SUCCESS
28628,7,15,2768.70,2026-08-14 11:07:00,PENDING
28629,5,1,3649.00,2026-08-03 06:42:00,FAILED
28630,9,3,2880.20,2026-08-04 05:27:00,PENDING
28631,1,17,4225.70,2026-08-04 01:32:00,PENDING
28632,1,1,5000,INVALID_DATE_TIME,SUCCESS
28633,5,17,1520.60,2026-08-22 10:36:00,FAILED
28634,7,18,3091.00,2026-08-02 20:55:00,REFUNDED
28635,7,6,1010.40,2026-08-04 08:01:00,PENDING
28636,10,13,2964.70,2026-08-08 11:53:00,REFUNDED
28637,8,18,4344.00,2026-08-18 04:08:00,FAILED
28638,1,16,850.60,2026-08-23 00:44:00,SUCCESS
28639,5,17,645.50,2026-08-16 07:00:00,SUCCESS
28640,9,8,3992.50,2026-08-07 07:22:00,REFUNDED
28641,7,10,2943.00,2026-08-28 12:27:00,FAILED
28642,10,14,988.90,2026-08-14 05:11:00,FAILED
28643,2,11,3351.70,2026-08-18 09:58:00,PENDING
28644,9,14,326.00,2026-08-24 01:43:00,PENDING
28645,5,1,3490.40,2026-08-16 05:59:00,SUCCESS
28646,1,16,2064.20,2026-08-26 20:15:00,REFUNDED
28647,4,11,493.00,2026-08-05 09:17:00,PENDING
28648,5,15,3200.00,2026-08-06 10:32:00,SUCCESS
28649,6,3,918.50,2026-08-12 22:39:00,REFUNDED
28650,3,18,2250.00,2026-08-27 12:00:00,REFUNDED
28651,9,20,1734.40,2026-08-05 02:23:00,FAILED
28652,1,12,3169.40,2026-08-05 17:14:00,FAILED
28653,1,100.00
28654,6,17,4585.90,2026-08-18 08:10:00,SUCCESS
28655,6,10,3610.20,2026-08-31 03:38:00,PENDING
28656,7,15,1608.30,2026-08-30 00:29:00,FAILED
28657,6,14,4229.00,2026-08-20 04:49:00,SUCCESS
28658,1,2,2000.70,2026-08-17 08:55:00,PENDING
28659,5,5,1237.10,2026-08-11 12:41:00,SUCCESS
28660,4,3,4322.20,2026-08-15 10:14:00,PENDING
28661,10,15,4229.20,2026-08-02 12:08:00,REFUNDED
28662,6,7,1522.30,2026-08-22 14:14:00,SUCCESS
28663,7,16,3123.70,2026-08-11 11:41:00,PENDING
28664,9,9,4216.80,2026-08-20 20:32:00,SUCCESS
28665,6,14,1979.40,2026-08-03 08:04:00,FAILED
28666,5,19,3432.00,2026-08-15 21:55:00,REFUNDED
28667,7,18,2501.90,2026-08-29 22:55:00,PENDING
28668,8,8,356.90,2026-08-09 01:49:00,PENDING
28669,8,19,2705.20,2026-08-10 06:04:00,FAILED
28670,5,17,2952.10,2026-08-11 22:48:00,SUCCESS
28671,1,10,2479.70,2026-08-04 21:10:00,REFUNDED
28672,8,15,900.40,2026-08-08 08:49:00,PENDING
28673,4,20,4200.70,2026-08-25 17:39:00,REFUNDED
28674,2,12,1980.40,2026-08-16 21:00:00,FAILED
28675,7,18,4149.70,2026-08-29 02:27:00,SUCCESS
28676,9,8,2869.00,2026-08-23 20:19:00,REFUNDED
28677,1,10,1368.90,2026-08-08 19:22:00,SUCCESS
28678,2,8,2256.30,2026-08-08 21:17:00,FAILED
28679,2,7,3371.80,2026-08-01 17:20:00,FAILED
28680,1,8,4025.40,2026-08-12 15:12:00,PENDING
28681,9,10,3467.20,2026-08-02 05:38:00,SUCCESS
28682,7,15,127.50,2026-08-19 02:06:00,SUCCESS
28683,6,4,3908.90,2026-08-09 08:31:00,REFUNDED
28684,6,16,1793.40,2026-08-01 18:15:00,REFUNDED
28685,3,6,3121.80,2026-08-02 11:22:00,REFUNDED
28686,4,14,732.20,2026-08-13 14:31:00,REFUNDED
28687,8,5,3337.40,2026-08-27 16:58:00,REFUNDED
28688,4,7,3835.40,2026-08-14 10:01:00,FAILED
28689,3,11,4757.90,2026-08-27 12:54:00,SUCCESS
28690,6,6,2953.00,2026-08-18 16:37:00,PENDING
28691,6,8,3184.40,2026-08-21 23:47:00,PENDING
28692,8,8,3194.00,2026-08-06 07:07:00,REFUNDED
28693,10,18,1522.20,2026-08-06 01:27:00,SUCCESS
28694,9,18,1718.20,2026-08-25 17:01:00,PENDING
28695,9,4,3918.60,2026-08-04 01:45:00,SUCCESS
28696,4,7,4628.60,2026-08-21 08:48:00,REFUNDED
28697,2,10,743.10,2026-08-31 05:36:00,PENDING
28698,4,16,511.50,2026-08-08 20:10:00,FAILED
28699,9,9,4466.20,2026-08-23 20:14:00,REFUNDED
28700,1,1,5000,INVALID_DATE_TIME,SUCCESS
28701,5,9,4097.00,2026-08-25 17:48:00,FAILED
28702,10,10,2579.50,2026-08-15 01:01:00,FAILED
28703,4,12,4198.80,2026-08-10 13:22:00,SUCCESS
28704,6,1,4546.70,2026-08-10 09:08:00,PENDING
28705,6,20,2037.40,2026-08-24 11:13:00,REFUNDED
28706,4,14,4567.80,2026-08-04 21:12:00,REFUNDED
28707,3,7,1389.10,2026-08-21 07:02:00,FAILED
28708,3,20,4415.20,2026-08-27 04:44:00,FAILED
28709,9,20,3357.50,2026-08-17 03:46:00,SUCCESS
28710,1,12,811.60,2026-08-29 23:50:00,SUCCESS
28711,4,10,3004.00,2026-08-13 11:50:00,REFUNDED
28712,9,11,3984.00,2026-08-25 00:04:00,SUCCESS
28713,7,8,1666.90,2026-08-05 04:00:00,PENDING
28714,8,18,960.90,2026-08-04 10:17:00,PENDING
28715,5,8,1051.20,2026-08-26 14:17:00,FAILED
28716,1,15,2308.10,2026-08-08 12:48:00,REFUNDED
28717,5,13,2170.40,2026-08-26 03:44:00,FAILED
28718,9,6,4249.40,2026-08-09 19:54:00,SUCCESS
28719,7,17,4920.30,2026-08-01 09:56:00,FAILED
28720,6,20,686.70,2026-08-02 01:02:00,SUCCESS
28721,9,19,3745.70,2026-08-19 15:19:00,FAILED
28722,8,3,3377.10,2026-08-25 04:42:00,SUCCESS
28723,5,16,3830.50,2026-08-13 15:45:00,SUCCESS
28724,1,13,2133.30,2026-08-09 02:01:00,REFUNDED
28725,9,18,241.80,2026-08-14 09:41:00,SUCCESS
28726,1,8,4555.40,2026-08-04 04:09:00,SUCCESS
28727,3,12,4268.20,2026-08-06 14:11:00,SUCCESS
28728,6,20,4116.50,2026-08-01 22:27:00,PENDING
28729,6,16,3472.00,2026-08-28 10:37:00,REFUNDED
28730,9,4,2283.10,2026-08-06 03:55:00,SUCCESS
28731,5,2,3315.10,2026-08-21 19:45:00,PENDING
28732,6,1,3863.30,2026-08-13 20:12:00,FAILED
28733,9,16,1365.90,2026-08-09 08:57:00,FAILED
28734,3,6,3863.40,2026-08-18 20:12:00,FAILED
28735,8,14,4944.00,2026-08-10 19:16:00,REFUNDED
28736,6,15,2622.40,2026-08-10 11:26:00,FAILED
28737,8,20,4806.10,2026-08-22 12:43:00,PENDING
28738,6,17,3790.20,2026-08-25 08:50:00,REFUNDED
28739,8,2,190.30,2026-08-24 19:20:00,PENDING
28740,2,15,2521.00,2026-08-21 18:42:00,PENDING
28741,9,8,4526.30,2026-08-03 23:00:00,PENDING
28742,9,16,1401.90,2026-08-14 12:04:00,REFUNDED
28743,6,19,967.70,2026-08-30 07:40:00,PENDING
28744,9,3,1505.70,2026-08-27 03:16:00,SUCCESS
28745,3,4,4071.50,2026-08-03 04:16:00,PENDING
28746,7,8,4084.80,2026-08-11 17:42:00,FAILED
28747,4,1,3611.80,2026-08-02 17:46:00,FAILED
28748,1,16,3249.20,2026-08-16 14:56:00,FAILED
28749,1,17,4915.60,2026-08-28 04:58:00,FAILED
28750,6,12,4855.90,2026-08-04 14:30:00,PENDING
28751,7,5,377.60,2026-08-03 17:01:00,REFUNDED
28752,2,15,2490.70,2026-08-05 13:35:00,SUCCESS
28753,6,18,3130.90,2026-08-20 17:40:00,REFUNDED
28754,9,9,3899.60,2026-08-28 05:00:00,FAILED
28755,2,3,4551.20,2026-08-18 04:31:00,SUCCESS
28756,8,13,2112.00,2026-08-22 02:03:00,PENDING
28757,2,18,2620.10,2026-08-23 05:51:00,PENDING
28758,9,8,1995.40,2026-08-19 04:47:00,PENDING
28759,7,1,3090.10,2026-08-06 05:14:00,FAILED
28760,1,1,3704.40,2026-08-20 20:19:00,FAILED
28761,3,19,1210.80,2026-08-18 09:30:00,SUCCESS
28762,2,2,3911.40,2026-08-05 07:04:00,SUCCESS
28763,2,19,997.10,2026-08-30 01:46:00,FAILED
28764,1,12,257.80,2026-08-13 18:55:00,SUCCESS
28765,4,12,4897.90,2026-08-02 10:48:00,REFUNDED
28766,1,1,5000,INVALID_DATE_TIME,SUCCESS
28767,6,13,1639.70,2026-08-30 00:52:00,SUCCESS
28768,9,9,3034.50,2026-08-21 16:18:00,PENDING
28769,3,11,891.00,2026-08-21 10:21:00,REFUNDED
28770,8,12,401.40,2026-08-04 05:41:00,PENDING
28771,7,5,1595.00,2026-08-13 09:17:00,SUCCESS
28772,2,11,270.60,2026-08-21 07:01:00,PENDING
28773,9,10,1420.40,2026-08-15 15:02:00,PENDING
28774,5,14,2380.40,2026-08-17 05:32:00,FAILED
28775,7,5,1760.50,2026-08-21 09:56:00,SUCCESS
28776,4,4,934.10,2026-08-14 17:54:00,FAILED
28777,4,15,3719.30,2026-08-04 00:27:00,REFUNDED
28778,5,13,4575.00,2026-08-10 03:41:00,SUCCESS
28779,8,4,4740.40,2026-08-03 05:50:00,FAILED
28780,4,19,146.40,2026-08-23 08:56:00,REFUNDED
28781,4,18,2505.30,2026-08-07 00:23:00,REFUNDED
28782,7,15,89.00,2026-08-16 23:16:00,FAILED
28783,3,11,4249.40,2026-08-30 04:02:00,PENDING
28784,3,8,4059.80,2026-08-26 08:19:00,SUCCESS
28785,8,18,2338.50,2026-08-12 00:50:00,REFUNDED
28786,10,15,655.60,2026-08-17 07:26:00,FAILED
28787,9,9,3138.20,2026-08-10 00:57:00,PENDING
28788,4,20,3163.50,2026-08-28 03:05:00,FAILED
28789,5,8,4779.80,2026-08-08 02:26:00,PENDING
28790,8,7,2312.20,2026-08-26 01:13:00,REFUNDED
28791,1,7,5044.00,2026-08-12 22:49:00,FAILED
28792,4,5,2385.50,2026-08-12 13:16:00,SUCCESS
28793,1,13,102.20,2026-08-20 08:13:00,PENDING
28794,10,3,269.70,2026-08-19 21:31:00,REFUNDED
28795,1,2,2233.90,2026-08-06 08:46:00,REFUNDED
28796,7,11,1293.40,2026-08-10 10:39:00,SUCCESS
28797,8,13,1334.80,2026-08-09 23:07:00,SUCCESS
28798,4,5,690.20,2026-08-22 02:42:00,PENDING
28799,3,12,2353.00,2026-08-02 05:20:00,FAILED
28800,6,6,3447.90,2026-08-19 02:19:00,SUCCESS
28801,10,12,1256.30,2026-08-30 03:53:00,REFUNDED
28802,9,19,995.00,2026-08-26 07:03:00,SUCCESS
28803,6,3,51.80,2026-08-30 02:35:00,SUCCESS
28804,10,15,2032.80,2026-08-11 20:45:00,PENDING
28805,10,8,1990.20,2026-08-06 04:38:00,FAILED
28806,4,19,4456.10,2026-08-20 11:18:00,PENDING
28807,10,18,4238.40,2026-08-10 07:15:00,FAILED
28808,2,2,3145.40,2026-08-16 20:41:00,FAILED
28809,3,15,3745.30,2026-08-30 15:17:00,SUCCESS
28810,3,13,4447.50,2026-08-07 12:05:00,REFUNDED
28811,2,19,2943.80,2026-08-04 10:48:00,REFUNDED
28812,9,19,1383.10,2026-08-19 07:38:00,FAILED
28813,5,5,2283.50,2026-08-26 14:24:00,FAILED
28814,9,2,4858.80,2026-08-03 13:36:00,REFUNDED
28815,1,17,2522.40,2026-08-23 14:15:00,REFUNDED
28816,10,11,1549.80,2026-08-26 02:29:00,PENDING
28817,6,18,1347.40,2026-08-21 15:58:00,PENDING
28818,7,20,715.40,2026-08-23 16:57:00,PENDING
28819,8,19,2599.40,2026-08-20 03:00:00,SUCCESS
28820,9,9,4834.00,2026-08-23 08:04:00,SUCCESS
28821,4,13,4317.10,2026-08-03 06:17:00,PENDING
28822,4,14,4085.10,2026-08-05 04:13:00,REFUNDED
28823,9,13,1511.00,2026-08-19 20:42:00,SUCCESS
28824,7,5,4107.80,2026-08-27 15:10:00,PENDING
28825,9,5,548.50,2026-08-06 12:36:00,REFUNDED
28826,9,17,1925.10,2026-08-31 02:24:00,SUCCESS
28827,4,14,844.70,2026-08-10 12:40:00,SUCCESS
28828,5,13,4907.00,2026-08-15 17:25:00,PENDING
28829,7,16,3038.90,2026-08-18 12:53:00,FAILED
28830,1,2,169.40,2026-08-12 04:18:00,SUCCESS
28831,6,17,3520.40,2026-08-12 07:04:00,FAILED
28832,1,2,2130.70,2026-08-15 20:52:00,SUCCESS
28833,2,18,3739.60,2026-08-20 15:25:00,SUCCESS
28834,6,12,1831.40,2026-08-26 00:50:00,PENDING
28835,2,17,1194.10,2026-08-07 16:57:00,REFUNDED
28836,10,10,4839.40,2026-08-24 02:47:00,FAILED
28837,4,19,4136.50,2026-08-17 05:06:00,SUCCESS
28838,3,5,2617.10,2026-08-23 09:14:00,SUCCESS
28839,4,8,1587.00,2026-08-12 23:52:00,SUCCESS
28840,1,19,4846.00,2026-08-02 15:22:00,SUCCESS
28841,10,11,293.80,2026-08-03 08:03:00,REFUNDED
28842,7,11,2566.20,2026-08-07 04:46:00,SUCCESS
28843,5,12,211.40,2026-08-29 09:06:00,SUCCESS
28844,1,5,3374.70,2026-08-09 02:12:00,SUCCESS
28845,10,12,2284.30,2026-08-29 11:43:00,FAILED
28846,4,19,5015.40,2026-08-13 12:35:00,FAILED
28847,7,8,4331.50,2026-08-27 04:27:00,REFUNDED
28848,3,18,4296.60,2026-08-14 12:19:00,PENDING
28849,9,16,2542.30,2026-08-16 16:30:00,FAILED
28850,3,6,1926.70,2026-08-05 05:50:00,REFUNDED
28851,5,12,1751.20,2026-08-28 12:36:00,SUCCESS
28852,3,5,3671.30,2026-08-13 15:27:00,SUCCESS
28853,1,16,954.20,2026-08-04 14:39:00,PENDING
28854,7,6,1592.50,2026-08-17 05:36:00,REFUNDED
28855,6,19,4862.90,2026-08-08 18:34:00,PENDING
28856,5,8,4163.30,2026-08-22 22:02:00,SUCCESS
28857,4,8,4200.50,2026-08-23 04:13:00,PENDING
28858,1,16,349.60,2026-08-07 13:03:00,PENDING
28859,3,5,3578.70,2026-08-06 11:54:00,REFUNDED
28860,5,3,4914.50,2026-08-19 18:58:00,PENDING
28861,8,5,3483.00,2026-08-16 20:17:00,REFUNDED
28862,3,19,425.60,2026-08-12 14:31:00,REFUNDED
28863,1,100.00
28864,10,1,297.70,2026-08-23 11:58:00,FAILED
28865,7,4,176.40,2026-08-15 07:57:00,FAILED
28866,10,14,3973.10,2026-08-13 13:13:00,REFUNDED
28867,10,6,519.20,2026-08-04 22:55:00,SUCCESS
28868,8,6,4993.10,2026-08-13 02:13:00,FAILED
28869,7,16,3227.70,2026-08-15 11:54:00,REFUNDED
28870,8,15,4142.20,2026-08-08 06:31:00,REFUNDED
28871,2,9,5006.50,2026-08-10 01:21:00,REFUNDED
28872,9,15,1377.80,2026-08-09 19:33:00,PENDING
28873,10,4,2829.00,2026-08-22 18:40:00,PENDING
28874,4,3,4629.40,2026-08-20 11:08:00,REFUNDED
28875,9,3,3567.00,2026-08-16 07:15:00,FAILED
28876,2,15,4642.60,2026-08-05 08:48:00,SUCCESS
28877,7,12,4789.30,2026-08-22 07:01:00,SUCCESS
28878,1,12,3567.50,2026-08-15 06:46:00,PENDING
28879,4,5,461.70,2026-08-04 22:24:00,SUCCESS
28880,6,16,4682.50,2026-08-25 21:27:00,REFUNDED
28881,3,7,603.80,2026-08-20 23:00:00,FAILED
28882,4,17,1800.50,2026-08-02 00:46:00,PENDING
28883,8,10,5039.40,2026-08-04 05:41:00,SUCCESS
28884,8,14,120.10,2026-08-10 19:49:00,SUCCESS
28885,3,8,2360.10,2026-08-23 03:44:00,FAILED
28886,2,20,4408.90,2026-08-14 08:57:00,SUCCESS
28887,7,17,1601.30,2026-08-13 04:54:00,FAILED
28888,3,3,3089.60,2026-08-29 07:32:00,FAILED
28889,6,9,3092.10,2026-08-15 12:12:00,FAILED
28890,3,6,120.20,2026-08-06 14:25:00,FAILED
28891,6,10,3847.80,2026-08-15 05:40:00,REFUNDED
28892,8,17,3145.10,2026-08-25 06:49:00,FAILED
28893,5,9,1917.70,2026-08-03 07:13:00,SUCCESS
28894,4,19,2328.60,2026-08-28 02:06:00,SUCCESS
28895,5,11,2804.80,2026-08-19 12:29:00,PENDING
28896,4,11,1678.90,2026-08-30 15:03:00,SUCCESS
28897,7,7,1258.90,2026-08-30 14:40:00,PENDING
28898,10,17,4262.40,2026-08-05 00:14:00,REFUNDED
28899,6,1,3406.20,2026-08-13 23:31:00,PENDING
28900,5,20,592.70,2026-08-08 14:31:00,FAILED
28901,1,19,4555.80,2026-08-13 20:32:00,PENDING
28902,2,15,1059.90,2026-08-31 06:53:00,SUCCESS
28903,4,7,4086.00,2026-08-08 13:57:00,SUCCESS
28904,8,14,4457.00,2026-08-30 00:45:00,REFUNDED
28905,4,1,823.10,2026-08-24 06:44:00,SUCCESS
28906,5,5,3462.70,2026-08-04 06:59:00,PENDING
28907,10,10,2510.30,2026-08-05 01:24:00,REFUNDED
28908,9,4,3918.90,2026-08-15 04:29:00,FAILED
28909,7,6,5011.30,2026-08-09 03:17:00,PENDING
28910,10,13,4400.50,2026-08-25 09:22:00,FAILED
28911,3,12,1539.70,2026-08-29 10:38:00,FAILED
28912,6,4,3680.50,2026-08-28 03:03:00,PENDING
28913,5,12,432.10,2026-08-10 19:52:00,REFUNDED
28914,3,19,746.30,2026-08-10 17:41:00,PENDING
28915,10,16,720.90,2026-08-07 23:58:00,FAILED
28916,4,17,2710.20,2026-08-01 21:08:00,REFUNDED
28917,10,5,1850.40,2026-08-06 15:42:00,REFUNDED
28918,7,16,3662.20,2026-08-08 13:25:00,REFUNDED
28919,9,13,2799.40,2026-08-08 17:50:00,REFUNDED
28920,8,15,1728.80,2026-08-02 14:37:00,PENDING
28921,4,17,504.50,2026-08-01 17:57:00,PENDING
28922,10,18,2002.50,2026-08-29 14:25:00,REFUNDED
28923,6,5,1029.00,2026-08-19 11:21:00,SUCCESS
28924,3,13,1423.90,2026-08-14 16:21:00,FAILED
28925,9,8,731.60,2026-08-10 21:51:00,FAILED
28926,4,18,1533.70,2026-08-03 21:23:00,PENDING
28927,7,13,4912.70,2026-08-18 10:15:00,REFUNDED
28928,4,2,1889.20,2026-08-10 14:21:00,SUCCESS
28929,7,1,4026.80,2026-08-15 22:18:00,SUCCESS
28930,3,7,870.20,2026-08-24 02:15:00,REFUNDED
28931,2,1,3236.60,2026-08-20 15:42:00,REFUNDED
28932,2,4,656.00,2026-08-15 21:11:00,PENDING
28933,2,8,872.60,2026-08-11 12:02:00,REFUNDED
28934,5,18,3308.80,2026-08-26 16:17:00,FAILED
28935,2,8,2040.50,2026-08-20 09:11:00,PENDING
28936,10,2,1320.70,2026-08-03 16:43:00,SUCCESS
28937,8,2,3879.10,2026-08-15 01:52:00,PENDING
28938,2,14,2517.90,2026-08-07 19:49:00,REFUNDED
28939,5,3,3094.90,2026-08-13 11:35:00,PENDING
28940,2,8,3543.20,2026-08-28 02:27:00,FAILED
28941,9,9,695.00,2026-08-21 02:20:00,REFUNDED
28942,4,14,100.40,2026-08-23 17:50:00,REFUNDED
28943,4,12,3783.00,2026-08-08 23:57:00,FAILED
28944,5,11,759.90,2026-08-26 12:11:00,PENDING
28945,4,12,2796.10,2026-08-12 22:39:00,PENDING
28946,7,7,721.60,2026-08-03 22:25:00,SUCCESS
28947,5,6,800.10,2026-08-15 23:55:00,PENDING
28948,2,8,1052.70,2026-08-02 16:14:00,FAILED
28949,7,8,1481.90,2026-08-21 02:24:00,SUCCESS
28950,5,14,1793.70,2026-08-03 14:50:00,FAILED
28951,10,8,1026.10,2026-08-08 05:12:00,FAILED
28952,7,17,4755.50,2026-08-28 03:10:00,FAILED
28953,6,4,1919.60,2026-08-13 02:27:00,FAILED
28954,7,9,3314.40,2026-08-25 09:02:00,SUCCESS
28955,4,5,2237.30,2026-08-12 06:01:00,REFUNDED
28956,10,12,2616.40,2026-08-28 13:31:00,SUCCESS
28957,7,20,503.90,2026-08-19 04:19:00,FAILED
28958,1,1,5000,INVALID_DATE_TIME,SUCCESS
28959,1,15,106.30,2026-08-24 17:36:00,SUCCESS
28960,5,15,4183.70,2026-08-20 19:26:00,SUCCESS
28961,8,13,2552.60,2026-08-02 23:24:00,FAILED
28962,9,18,4301.60,2026-08-11 06:26:00,FAILED
28963,7,4,3144.70,2026-08-07 12:51:00,REFUNDED
28964,9,12,3177.50,2026-08-24 16:24:00,REFUNDED
28965,1,6,86.10,2026-08-28 01:34:00,PENDING
28966,4,18,1213.20,2026-08-04 03:27:00,PENDING
28967,3,10,547.30,2026-08-23 10:16:00,PENDING
28968,8,1,3951.00,2026-08-19 08:20:00,PENDING
28969,4,11,4943.10,2026-08-17 21:51:00,FAILED
28970,7,16,4839.70,2026-08-18 08:06:00,FAILED
28971,4,6,316.10,2026-08-13 11:16:00,SUCCESS
28972,7,18,2560.90,2026-08-27 08:25:00,PENDING
28973,8,15,2326.50,2026-08-14 04:27:00,SUCCESS
28974,2,14,1981.40,2026-08-23 02:29:00,FAILED
28975,4,18,3052.00,2026-08-30 05:26:00,FAILED
28976,10,10,365.50,2026-08-26 15:41:00,FAILED
28977,2,15,1340.70,2026-08-21 01:09:00,REFUNDED
28978,7,18,4851.10,2026-08-14 23:17:00,SUCCESS
28979,1,17,544.00,2026-08-07 12:38:00,REFUNDED
28980,3,10,2684.30,2026-08-11 22:10:00,REFUNDED
28981,10,20,2666.30,2026-08-26 20:41:00,SUCCESS
28982,6,8,2496.00,2026-08-22 04:46:00,FAILED
28983,9,8,931.30,2026-08-27 09:57:00,REFUNDED
28984,10,10,763.90,2026-08-26 05:08:00,PENDING
28985,4,20,1035.50,2026-08-26 22:02:00,REFUNDED
28986,5,13,4247.70,2026-08-30 04:00:00,SUCCESS
28987,4,2,1340.40,2026-08-17 03:21:00,FAILED
28988,2,15,4092.30,2026-08-07 15:53:00,SUCCESS
28989,9,17,742.60,2026-08-13 23:53:00,FAILED
28990,8,14,4700.30,2026-08-11 11:18:00,REFUNDED
28991,8,5,3618.40,2026-08-11 21:11:00,REFUNDED
28992,1,1,5000,2026-08-01 12:00:00,UNKNOWN_STATUS
28993,1,1,5000,2026-08-01 12:00:00,UNKNOWN_STATUS
28994,5,3,3736.00,2026-08-24 12:34:00,FAILED
28995,10,3,4824.90,2026-08-25 08:35:00,SUCCESS
28996,8,2,4853.70,2026-08-28 16:53:00,PENDING
28997,6,16,3825.10,2026-08-19 08:20:00,SUCCESS
28998,8,10,3992.30,2026-08-19 08:00:00,SUCCESS
28999,9,11,4280.20,2026-08-26 16:26:00,REFUNDED
29000,5,14,2994.80,2026-08-13 05:45:00,REFUNDED
29001,5,13,4490.00,2026-08-08 09:42:00,FAILED
29002,7,16,3990.60,2026-08-04 21:35:00,REFUNDED
29003,6,6,1279.30,2026-08-03 12:07:00,REFUNDED
29004,4,14,1992.30,2026-08-25 19:47:00,SUCCESS
29005,7,13,5040.70,2026-08-21 14:42:00,SUCCESS
29006,4,20,698.30,2026-08-03 14:40:00,FAILED
29007,7,7,4187.90,2026-08-27 12:59:00,REFUNDED
29008,2,20,4373.70,2026-08-22 04:26:00,FAILED
29009,9,11,2824.30,2026-08-05 21:42:00,SUCCESS
29010,2,19,4291.30,2026-08-05 23:10:00,PENDING
29011,3,15,2848.80,2026-08-22 14:24:00,PENDING
29012,2,20,2028.00,2026-08-10 21:42:00,PENDING
29013,1,5,351.20,2026-08-24 09:58:00,SUCCESS
29014,9,18,3813.90,2026-08-03 09:06:00,SUCCESS
29015,7,17,1158.30,2026-08-03 13:02:00,REFUNDED
29016,7,6,609.50,2026-08-06 21:48:00,FAILED
29017,5,11,346.50,2026-08-29 16:50:00,FAILED
29018,10,14,2492.30,2026-08-29 15:38:00,SUCCESS
29019,2,4,1103.30,2026-08-21 22:31:00,SUCCESS
29020,3,16,3636.30,2026-08-04 18:01:00,SUCCESS
29021,5,4,4660.40,2026-08-05 10:36:00,PENDING
29022,8,11,687.00,2026-08-06 00:09:00,SUCCESS
29023,2,15,1422.80,2026-08-10 06:47:00,PENDING
29024,4,13,125.70,2026-08-05 21:17:00,FAILED
29025,5,1,1435.40,2026-08-02 21:49:00,REFUNDED
29026,7,7,2713.40,2026-08-24 12:38:00,PENDING
29027,2,9,1591.40,2026-08-18 14:02:00,PENDING
29028,7,12,2308.00,2026-08-08 13:01:00,SUCCESS
29029,1,4,3806.40,2026-08-17 16:40:00,PENDING
29030,5,11,2506.20,2026-08-17 23:31:00,SUCCESS
29031,6,15,3863.00,2026-08-28 14:30:00,FAILED
29032,10,3,4808.20,2026-08-06 04:32:00,PENDING
29033,2,12,4122.70,2026-08-17 00:19:00,SUCCESS
29034,2,16,2421.30,2026-08-06 11:40:00,PENDING
29035,5,15,4216.80,2026-08-27 16:05:00,FAILED
29036,8,10,1274.10,2026-08-30 00:24:00,SUCCESS
29037,3,10,810.70,2026-08-11 10:24:00,SUCCESS
29038,10,19,111.90,2026-08-31 06:45:00,SUCCESS
29039,9,6,3568.30,2026-08-23 11:34:00,PENDING
29040,7,16,2736.20,2026-08-14 11:21:00,FAILED
29041,9,13,4649.90,2026-08-03 13:08:00,FAILED
29042,9,19,4815.00,2026-08-05 06:57:00,REFUNDED
29043,2,13,1448.10,2026-08-04 18:31:00,SUCCESS
29044,5,17,4465.00,2026-08-28 20:20:00,FAILED
29045,7,18,783.00,2026-08-05 19:01:00,SUCCESS
29046,7,11,2317.40,2026-08-05 04:05:00,FAILED
29047,6,20,555.30,2026-08-29 08:56:00,FAILED
29048,5,19,2730.20,2026-08-06 18:57:00,PENDING
29049,7,12,2932.10,2026-08-09 13:52:00,FAILED
29050,8,10,2982.60,2026-08-03 02:39:00,SUCCESS
29051,5,8,3800.10,2026-08-05 11:33:00,PENDING
29052,10,11,4438.50,2026-08-28 10:05:00,REFUNDED
29053,3,3,626.90,2026-08-27 06:01:00,FAILED
29054,7,7,406.20,2026-08-28 20:01:00,FAILED
29055,5,14,3785.50,2026-08-18 19:56:00,PENDING
29056,3,2,4904.40,2026-08-08 02:01:00,PENDING
29057,7,4,523.40,2026-08-03 05:17:00,FAILED
29058,9,15,3220.90,2026-08-18 02:44:00,PENDING
29059,3,4,3101.00,2026-08-21 03:23:00,PENDING
29060,2,6,1647.90,2026-08-18 12:45:00,REFUNDED
29061,6,14,716.30,2026-08-20 04:17:00,REFUNDED
29062,6,16,1645.40,2026-08-30 01:11:00,SUCCESS
29063,7,20,1848.60,2026-08-17 19:08:00,FAILED
29064,5,8,1003.60,2026-08-06 05:00:00,SUCCESS
29065,1,16,2667.30,2026-08-13 08:49:00,REFUNDED
29066,4,4,176.10,2026-08-01 13:52:00,REFUNDED
29067,1,18,4113.10,2026-08-13 10:28:00,SUCCESS
29068,7,2,4302.60,2026-08-18 06:55:00,REFUNDED
29069,8,19,277.70,2026-08-17 00:48:00,FAILED
29070,6,8,565.50,2026-08-17 17:43:00,SUCCESS
29071,1,1,722.60,2026-08-30 00:41:00,SUCCESS
29072,3,12,871.70,2026-08-17 07:29:00,REFUNDED
29073,10,20,1239.60,2026-08-19 22:02:00,PENDING
29074,10,18,4612.80,2026-08-21 15:49:00,PENDING
29075,8,16,1919.90,2026-08-17 14:21:00,SUCCESS
29076,1,9,2281.60,2026-08-02 09:29:00,SUCCESS
29077,2,13,2181.50,2026-08-28 00:42:00,REFUNDED
29078,2,17,4514.50,2026-08-06 19:41:00,SUCCESS
29079,4,20,560.80,2026-08-02 02:23:00,PENDING
29080,10,14,3433.80,2026-08-05 23:01:00,SUCCESS
29081,3,3,358.60,2026-08-15 07:49:00,PENDING
29082,4,9,908.00,2026-08-12 14:07:00,REFUNDED
29083,7,16,574.40,2026-08-04 18:31:00,PENDING
29084,9,14,2253.30,2026-08-17 12:45:00,SUCCESS
29085,1,1,373.90,2026-08-30 13:45:00,REFUNDED
29086,2,3,3169.10,2026-08-19 23:09:00,PENDING
29087,8,9,1645.00,2026-08-16 04:04:00,PENDING
29088,10,8,2071.50,2026-08-12 22:16:00,PENDING
29089,2,6,2382.20,2026-08-23 10:28:00,FAILED
29090,5,17,230.80,2026-08-05 03:18:00,REFUNDED
29091,5,18,886.30,2026-08-17 06:57:00,REFUNDED
29092,2,2,4382.40,2026-08-02 14:22:00,PENDING
29093,7,15,2331.00,2026-08-08 19:41:00,REFUNDED
29094,10,17,4327.20,2026-08-13 08:04:00,PENDING
29095,6,5,3434.20,2026-08-14 19:58:00,SUCCESS
29096,1,11,354.60,2026-08-12 05:56:00,REFUNDED
29097,10,4,77.10,2026-08-05 21:07:00,SUCCESS
29098,4,12,1909.90,2026-08-18 01:15:00,REFUNDED
29099,6,10,3399.20,2026-08-13 23:09:00,FAILED
29100,2,14,1056.00,2026-08-31 06:49:00,REFUNDED
29101,6,19,3167.30,2026-08-18 16:41:00,REFUNDED
29102,4,9,3976.30,2026-08-07 02:49:00,PENDING
29103,2,19,1121.50,2026-08-24 23:07:00,FAILED
29104,5,14,2519.30,2026-08-03 00:06:00,FAILED
29105,9,6,2579.70,2026-08-20 22:14:00,SUCCESS
29106,8,14,879.90,2026-08-07 02:54:00,SUCCESS
29107,10,6,3807.00,2026-08-14 12:01:00,SUCCESS
29108,10,3,569.30,2026-08-12 01:55:00,FAILED
29109,5,10,3686.90,2026-08-05 04:11:00,PENDING
29110,5,1,1452.00,2026-08-28 14:34:00,PENDING
29111,9,13,4766.10,2026-08-21 18:18:00,FAILED
29112,3,20,896.60,2026-08-25 10:00:00,FAILED
29113,6,3,1834.40,2026-08-15 07:56:00,SUCCESS
29114,3,3,250.90,2026-08-29 21:00:00,PENDING
29115,8,13,1372.10,2026-08-29 01:17:00,FAILED
29116,4,19,4422.00,2026-08-15 12:46:00,REFUNDED
29117,6,3,3583.10,2026-08-05 12:17:00,SUCCESS
29118,7,11,159.40,2026-08-03 18:14:00,PENDING
29119,9,19,3042.80,2026-08-05 22:32:00,REFUNDED
29120,8,16,2182.90,2026-08-02 15:51:00,REFUNDED
29121,8,18,1875.50,2026-08-13 18:13:00,FAILED
29122,2,15,2310.00,2026-08-08 11:16:00,PENDING
29123,9,10,4420.60,2026-08-29 18:01:00,PENDING
29124,8,5,2254.80,2026-08-07 08:33:00,REFUNDED
29125,1,18,2000.60,2026-08-22 06:47:00,FAILED
29126,8,19,4806.40,2026-08-05 02:16:00,SUCCESS
29127,8,5,323.90,2026-08-03 20:09:00,REFUNDED
29128,5,3,1043.20,2026-08-02 10:01:00,FAILED
29129,2,9,2942.60,2026-08-10 11:31:00,FAILED
29130,1,14,269.90,2026-08-15 16:17:00,SUCCESS
29131,6,1,817.80,2026-08-27 13:05:00,PENDING
29132,4,17,1318.60,2026-08-18 04:59:00,FAILED
29133,3,10,4078.00,2026-08-14 18:02:00,SUCCESS
29134,10,19,1226.20,2026-08-25 18:39:00,SUCCESS
29135,2,1,602.20,2026-08-29 02:39:00,PENDING
29136,10,18,3764.00,2026-08-27 04:03:00,FAILED
29137,8,7,4165.40,2026-08-18 18:24:00,FAILED
29138,2,19,4021.70,2026-08-04 18:14:00,REFUNDED
29139,8,18,2723.60,2026-08-18 20:20:00,FAILED
29140,4,12,676.20,2026-08-10 10:19:00,REFUNDED
29141,9,4,4096.00,2026-08-13 20:34:00,REFUNDED
29142,1,1,5000,INVALID_DATE_TIME,SUCCESS
29143,5,12,1879.20,2026-08-16 20:02:00,SUCCESS
29144,10,4,2564.90,2026-08-19 12:02:00,REFUNDED
29145,5,17,128.10,2026-08-29 02:01:00,REFUNDED
29146,10,3,3412.50,2026-08-15 03:43:00,REFUNDED
29147,7,8,2577.90,2026-08-24 12:38:00,FAILED
29148,4,11,3860.50,2026-08-26 12:46:00,REFUNDED
29149,10,16,2308.70,2026-08-30 20:34:00,REFUNDED
29150,7,17,3597.00,2026-08-26 11:10:00,PENDING
29151,1,1,NOT_A_NUMBER,2026-08-01 12:00:00,SUCCESS
29152,8,9,1593.40,2026-08-04 17:21:00,PENDING
29153,4,20,741.80,2026-08-18 22:22:00,SUCCESS
29154,10,17,1223.10,2026-08-12 14:09:00,REFUNDED
29155,10,18,565.90,2026-08-12 22:23:00,REFUNDED
29156,3,13,475.50,2026-08-03 12:31:00,PENDING
29157,2,16,1435.60,2026-08-04 00:51:00,REFUNDED
29158,1,16,2633.90,2026-08-31 05:18:00,PENDING
29159,2,1,1401.10,2026-08-01 08:51:00,SUCCESS
29160,1,19,3812.80,2026-08-30 09:33:00,FAILED
29161,9,7,951.50,2026-08-21 02:42:00,SUCCESS
29162,6,11,4400.90,2026-08-10 11:25:00,PENDING
29163,7,9,3047.30,2026-08-07 00:50:00,REFUNDED
29164,10,4,3742.80,2026-08-24 16:18:00,FAILED
29165,3,11,620.10,2026-08-25 13:18:00,FAILED
29166,10,7,298.20,2026-08-07 08:54:00,SUCCESS
29167,6,2,2341.20,2026-08-16 20:09:00,FAILED
29168,10,19,2315.70,2026-08-15 18:15:00,PENDING
29169,8,8,1210.80,2026-08-03 07:53:00,FAILED
29170,10,15,4205.80,2026-08-01 13:14:00,SUCCESS
29171,10,1,1088.60,2026-08-23 10:26:00,PENDING
29172,7,1,4475.10,2026-08-05 09:19:00,SUCCESS
29173,5,18,118.10,2026-08-27 03:14:00,FAILED
29174,9,17,2367.50,2026-08-03 18:53:00,PENDING
29175,4,16,3732.50,2026-08-06 09:59:00,PENDING
29176,1,16,3526.60,2026-08-22 13:15:00,REFUNDED
29177,3,14,4863.10,2026-08-14 22:29:00,SUCCESS
29178,2,3,1752.50,2026-08-24 00:15:00,SUCCESS
29179,8,7,3499.60,2026-08-11 19:14:00,PENDING
29180,4,13,1377.70,2026-08-21 06:03:00,FAILED
29181,3,16,433.30,2026-08-31 00:49:00,FAILED
29182,6,5,4547.30,2026-08-05 15:47:00,REFUNDED
29183,1,5,2728.70,2026-08-16 07:36:00,SUCCESS
29184,6,12,153.70,2026-08-04 22:21:00,PENDING
29185,6,2,2893.80,2026-08-24 16:46:00,FAILED
29186,9,19,1810.30,2026-08-25 05:52:00,PENDING
29187,10,16,2359.50,2026-08-03 01:12:00,REFUNDED
29188,1,17,2056.20,2026-08-25 01:35:00,REFUNDED
29189,3,17,4778.20,2026-08-20 13:01:00,REFUNDED
29190,2,20,374.20,2026-08-16 22:49:00,FAILED
29191,4,12,658.70,2026-08-15 06:13:00,REFUNDED
29192,4,19,2592.90,2026-08-16 13:59:00,SUCCESS
29193,1,8,3627.30,2026-08-28 13:34:00,REFUNDED
29194,6,3,1039.40,2026-08-07 20:56:00,REFUNDED
29195,6,3,97.50,2026-08-25 03:53:00,PENDING
29196,1,4,1223.50,2026-08-23 14:31:00,REFUNDED
29197,7,3,2288.10,2026-08-12 05:33:00,PENDING
29198,10,2,2441.90,2026-08-14 11:46:00,FAILED
29199,2,16,498.40,2026-08-10 14:30:00,SUCCESS
29200,8,12,264.50,2026-08-11 20:32:00,SUCCESS
29201,1,11,1239.50,2026-08-17 23:17:00,PENDING
29202,4,8,3989.90,2026-08-25 22:05:00,SUCCESS
29203,2,7,3913.40,2026-08-30 13:58:00,PENDING
29204,1,1,1419.90,2026-08-08 06:37:00,SUCCESS
29205,1,3,1493.00,2026-08-09 09:33:00,PENDING
29206,4,17,2535.90,2026-08-02 08:13:00,REFUNDED
29207,9,20,1936.80,2026-08-12 04:26:00,SUCCESS
29208,3,14,1959.90,2026-08-10 07:56:00,FAILED
29209,8,4,720.30,2026-08-23 10:11:00,PENDING
29210,2,20,1766.50,2026-08-03 00:11:00,SUCCESS
29211,6,2,5045.00,2026-08-10 02:55:00,REFUNDED
29212,7,6,4007.90,2026-08-07 11:02:00,PENDING
29213,7,16,3385.30,2026-08-29 02:19:00,FAILED
29214,5,4,2348.20,2026-08-14 11:42:00,REFUNDED
29215,1,1,5000,INVALID_DATE_TIME,SUCCESS
29216,1,16,3049.60,2026-08-25 22:02:00,FAILED
29217,5,5,4549.50,2026-08-19 15:55:00,FAILED
29218,10,6,3521.30,2026-08-21 19:12:00,PENDING
29219,9,18,4770.80,2026-08-22 16:34:00,SUCCESS
29220,6,14,1693.10,2026-08-03 07:39:00,FAILED
29221,6,11,1862.60,2026-08-27 21:51:00,FAILED
29222,10,2,218.50,2026-08-06 05:26:00,REFUNDED
29223,4,10,3194.80,2026-08-13 11:00:00,PENDING
29224,1,1,5000,2026-08-01 12:00:00,UNKNOWN_STATUS
29225,3,13,2620.10,2026-08-29 16:46:00,PENDING
29226,3,9,665.00,2026-08-27 18:26:00,FAILED
29227,4,4,725.70,2026-08-29 07:20:00,FAILED
29228,2,3,434.30,2026-08-14 13:45:00,SUCCESS
29229,5,20,324.70,2026-08-14 18:01:00,FAILED
29230,5,12,1989.30,2026-08-30 05:28:00,SUCCESS
29231,8,18,89.10,2026-08-09 15:56:00,PENDING
29232,6,11,1326.00,2026-08-15 11:52:00,REFUNDED
29233,7,2,85.60,2026-08-08 12:11:00,PENDING
29234,1,7,3602.90,2026-08-01 18:35:00,REFUNDED
29235,7,1,837.30,2026-08-22 12:53:00,PENDING
29236,5,1,1841.20,2026-08-26 16:26:00,REFUNDED
29237,9,3,1671.10,2026-08-03 03:54:00,SUCCESS
29238,3,11,1410.40,2026-08-06 23:35:00,SUCCESS
29239,1,1,5000,INVALID_DATE_TIME,SUCCESS
29240,2,10,1793.30,2026-08-18 14:49:00,PENDING
29241,10,2,69.50,2026-08-10 00:24:00,SUCCESS
29242,3,7,3259.70,2026-08-17 13:49:00,SUCCESS
29243,10,2,2256.00,2026-08-12 01:38:00,PENDING
29244,3,14,3611.00,2026-08-06 10:29:00,FAILED
29245,5,5,3225.10,2026-08-08 07:10:00,SUCCESS
29246,2,6,4722.20,2026-08-13 03:21:00,SUCCESS
29247,2,5,1997.70,2026-08-13 13:01:00,FAILED
29248,7,11,3317.30,2026-08-17 16:02:00,REFUNDED
29249,5,16,1460.90,2026-08-02 23:40:00,SUCCESS
29250,8,6,2347.20,2026-08-26 19:32:00,FAILED
29251,7,14,1921.50,2026-08-12 22:50:00,FAILED
29252,10,14,1551.40,2026-08-20 19:55:00,PENDING
29253,9,17,4651.10,2026-08-08 04:36:00,REFUNDED
29254,1,3,115.10,2026-08-07 19:54:00,FAILED
29255,1,15,3880.80,2026-08-24 08:46:00,REFUNDED
29256,1,20,4411.20,2026-08-15 02:16:00,FAILED
29257,4,13,351.60,2026-08-23 23:34:00,SUCCESS
29258,8,5,4879.10,2026-08-14 00:25:00,SUCCESS
29259,1,10,4818.80,2026-08-04 23:13:00,PENDING
29260,2,4,3699.20,2026-08-19 19:32:00,REFUNDED
29261,5,4,4147.80,2026-08-16 14:25:00,FAILED
29262,2,9,2422.70,2026-08-25 09:46:00,SUCCESS
29263,8,9,2663.20,2026-08-27 11:31:00,FAILED
29264,7,7,3767.30,2026-08-12 02:14:00,PENDING
29265,9,2,2909.50,2026-08-26 08:19:00,SUCCESS
29266,3,17,1423.50,2026-08-08 12:06:00,PENDING
29267,7,12,2023.50,2026-08-01 15:11:00,SUCCESS
29268,5,9,1004.20,2026-08-03 01:07:00,PENDING
29269,9,6,963.30,2026-08-26 08:22:00,SUCCESS
29270,6,16,2418.20,2026-08-14 21:17:00,PENDING
29271,4,12,2203.00,2026-08-28 12:38:00,FAILED
29272,5,1,3883.50,2026-08-30 07:11:00,SUCCESS
29273,5,15,364.90,2026-08-10 17:15:00,FAILED
29274,7,12,3773.50,2026-08-02 07:49:00,SUCCESS
29275,5,1,2226.00,2026-08-17 19:50:00,PENDING
29276,3,10,4670.00,2026-08-09 23:55:00,REFUNDED
29277,2,6,1153.40,2026-08-10 17:19:00,PENDING
29278,6,19,749.80,2026-08-10 17:37:00,SUCCESS
29279,10,18,3585.60,2026-08-23 18:43:00,REFUNDED
29280,2,3,1227.20,2026-08-06 15:40:00,PENDING
29281,3,11,2067.50,2026-08-20 06:58:00,PENDING
29282,1,3,4838.60,2026-08-17 10:49:00,SUCCESS
29283,6,13,143.50,2026-08-29 07:29:00,FAILED
29284,2,16,4553.70,2026-08-14 12:30:00,PENDING
29285,9,7,2252.80,2026-08-26 09:25:00,PENDING
29286,9,17,4483.00,2026-08-23 18:28:00,FAILED
29287,1,17,722.00,2026-08-30 23:50:00,REFUNDED
29288,7,19,4540.60,2026-08-04 09:58:00,REFUNDED
29289,3,11,4629.00,2026-08-24 16:47:00,FAILED
29290,10,17,2557.10,2026-08-19 05:51:00,SUCCESS
29291,1,6,3594.10,2026-08-25 08:36:00,PENDING
29292,7,3,3059.50,2026-08-24 23:04:00,PENDING
29293,6,3,3076.70,2026-08-20 14:58:00,REFUNDED
29294,10,14,999.30,2026-08-23 09:33:00,PENDING
29295,5,7,4899.70,2026-08-06 22:17:00,PENDING
29296,2,10,2802.20,2026-08-15 17:59:00,REFUNDED
29297,5,7,159.70,2026-08-06 05:14:00,FAILED
29298,6,4,3541.30,2026-08-10 17:04:00,FAILED
29299,1,5,476.30,2026-08-21 09:25:00,PENDING
29300,3,19,3857.20,2026-08-08 14:12:00,REFUNDED
29301,7,8,4902.60,2026-08-25 10:02:00,FAILED
29302,4,10,3303.80,2026-08-14 03:30:00,REFUNDED
29303,10,19,1013.10,2026-08-17 09:55:00,SUCCESS
29304,6,16,522.10,2026-08-11 08:07:00,REFUNDED
29305,2,4,986.80,2026-08-19 01:10:00,SUCCESS
29306,2,13,2564.70,2026-08-08 14:21:00,PENDING
29307,2,15,4375.60,2026-08-03 19:33:00,PENDING
29308,4,1,1609.70,2026-08-12 15:29:00,FAILED
29309,10,4,3024.70,2026-08-20 08:18:00,REFUNDED
29310,8,19,1563.70,2026-08-28 05:56:00,REFUNDED
29311,1,1,5000,INVALID_DATE_TIME,SUCCESS
29312,4,5,3549.30,2026-08-23 18:49:00,FAILED
29313,6,12,3265.40,2026-08-06 17:56:00,REFUNDED
29314,6,20,2299.10,2026-08-27 23:38:00,PENDING
29315,2,1,4656.00,2026-08-07 17:32:00,FAILED
29316,4,6,4697.00,2026-08-30 22:36:00,REFUNDED
29317,6,17,4531.00,2026-08-16 01:33:00,PENDING
29318,9,10,1557.40,2026-08-30 01:42:00,FAILED
29319,3,15,2322.20,2026-08-07 02:18:00,PENDING
29320,2,4,297.50,2026-08-15 01:42:00,PENDING
29321,1,17,4089.80,2026-08-22 11:54:00,REFUNDED
29322,8,14,1843.80,2026-08-24 06:08:00,PENDING
29323,4,9,669.10,2026-08-20 23:05:00,FAILED
29324,4,11,5044.90,2026-08-25 04:04:00,PENDING
29325,4,11,1437.10,2026-08-15 22:42:00,FAILED
29326,7,7,1308.40,2026-08-06 07:32:00,PENDING
29327,10,15,4407.00,2026-08-30 04:48:00,REFUNDED
29328,6,9,2338.20,2026-08-24 08:39:00,PENDING
29329,9,15,522.70,2026-08-10 08:01:00,SUCCESS
29330,1,9,3115.70,2026-08-22 21:28:00,SUCCESS
29331,2,10,4932.50,2026-08-01 20:43:00,PENDING
29332,7,9,293.60,2026-08-17 21:45:00,SUCCESS
29333,1,10,1189.10,2026-08-05 06:40:00,SUCCESS
29334,2,20,2962.10,2026-08-05 04:22:00,SUCCESS
29335,8,4,2252.10,2026-08-28 15:37:00,SUCCESS
29336,8,15,815.80,2026-08-04 01:51:00,FAILED
29337,4,9,4264.20,2026-08-18 04:17:00,SUCCESS
29338,4,6,3348.10,2026-08-08 03:52:00,SUCCESS
29339,1,4,2210.80,2026-08-29 05:28:00,PENDING
29340,1,15,4591.00,2026-08-21 06:27:00,REFUNDED
29341,7,11,4467.20,2026-08-25 12:39:00,PENDING
29342,7,18,1427.80,2026-08-20 14:40:00,PENDING
29343,7,12,1001.10,2026-08-20 15:58:00,REFUNDED
29344,3,13,4658.40,2026-08-23 22:26:00,FAILED
29345,4,3,3797.40,2026-08-30 04:16:00,PENDING
29346,5,15,3422.80,2026-08-19 21:59:00,SUCCESS
29347,10,11,1145.80,2026-08-30 07:03:00,REFUNDED
29348,3,9,2261.10,2026-08-26 13:18:00,FAILED
29349,6,19,457.90,2026-08-12 03:02:00,FAILED
29350,3,10,2439.80,2026-08-08 05:00:00,PENDING
29351,6,4,4411.50,2026-08-29 21:21:00,PENDING
29352,9,7,4444.40,2026-08-08 06:26:00,SUCCESS
29353,7,7,4167.70,2026-08-17 22:27:00,SUCCESS
29354,2,8,1705.60,2026-08-27 05:14:00,PENDING
29355,2,4,3488.00,2026-08-10 21:23:00,FAILED
29356,6,20,1043.20,2026-08-29 02:19:00,FAILED
29357,9,19,1143.90,2026-08-13 05:58:00,PENDING
29358,2,3,1237.80,2026-08-15 11:03:00,FAILED
29359,10,20,4445.80,2026-08-16 01:06:00,SUCCESS
29360,5,18,2080.00,2026-08-21 14:28:00,REFUNDED
29361,3,19,2755.60,2026-08-11 05:23:00,PENDING
29362,10,16,2537.40,2026-08-22 04:36:00,PENDING
29363,9,1,3060.60,2026-08-06 22:00:00,SUCCESS
29364,4,7,326.10,2026-08-11 03:43:00,PENDING
29365,9,15,4272.00,2026-08-29 09:42:00,FAILED
29366,10,11,2526.90,2026-08-20 03:18:00,FAILED
29367,8,12,338.90,2026-08-06 18:05:00,REFUNDED
29368,6,17,4189.40,2026-08-23 17:58:00,FAILED
29369,9,14,3796.30,2026-08-16 03:45:00,SUCCESS
29370,6,12,1290.20,2026-08-03 04:51:00,SUCCESS
29371,8,8,4530.10,2026-08-21 03:31:00,FAILED
29372,9,8,2044.80,2026-08-29 09:13:00,SUCCESS
29373,2,15,3170.10,2026-08-01 22:19:00,REFUNDED
29374,2,6,1384.60,2026-08-17 18:49:00,SUCCESS
29375,7,15,3319.40,2026-08-29 21:17:00,REFUNDED
29376,2,20,818.20,2026-08-29 02:16:00,REFUNDED
29377,4,10,3084.70,2026-08-13 19:39:00,REFUNDED
29378,7,1,3420.00,2026-08-11 00:15:00,SUCCESS
29379,7,15,1044.20,2026-08-27 05:01:00,FAILED
29380,2,20,4771.70,2026-08-28 07:03:00,PENDING
29381,8,6,981.80,2026-08-23 00:14:00,FAILED
29382,7,3,4963.00,2026-08-02 13:01:00,SUCCESS
29383,1,5,3565.60,2026-08-12 23:12:00,SUCCESS
29384,6,4,1665.10,2026-08-20 23:11:00,PENDING
29385,3,2,179.10,2026-08-29 20:40:00,PENDING
29386,3,13,579.60,2026-08-23 03:34:00,SUCCESS
29387,9,11,2569.40,2026-08-26 09:35:00,FAILED
29388,9,17,2048.90,2026-08-25 16:47:00,REFUNDED
29389,7,17,4868.50,2026-08-17 22:51:00,REFUNDED
29390,7,18,193.20,2026-08-09 03:53:00,PENDING
29391,9,1,1057.30,2026-08-12 04:02:00,PENDING
29392,9,1,4673.50,2026-08-16 20:30:00,FAILED
29393,9,17,4769.50,2026-08-03 13:37:00,FAILED
29394,2,18,3774.10,2026-08-28 03:54:00,REFUNDED
29395,5,2,4377.50,2026-08-25 02:34:00,PENDING
29396,6,15,5020.60,2026-08-03 10:46:00,REFUNDED
29397,8,7,4587.80,2026-08-15 15:08:00,FAILED
29398,6,20,253.10,2026-08-05 21:08:00,PENDING
29399,4,19,875.10,2026-08-01 17:55:00,PENDING
29400,10,7,3259.90,2026-08-14 03:25:00,REFUNDED
29401,10,14,424.70,2026-08-14 06:09:00,PENDING
29402,9,11,2037.40,2026-08-08 02:09:00,SUCCESS
29403,6,8,538.60,2026-08-23 04:27:00,SUCCESS
29404,3,6,707.10,2026-08-11 18:44:00,SUCCESS
29405,5,13,1235.60,2026-08-17 04:43:00,FAILED
29406,6,13,3788.00,2026-08-15 21:09:00,SUCCESS
29407,9,6,1899.10,2026-08-05 11:20:00,SUCCESS
29408,10,17,1759.80,2026-08-03 22:41:00,REFUNDED
29409,8,14,417.30,2026-08-15 11:01:00,FAILED
29410,6,20,5017.10,2026-08-04 08:40:00,SUCCESS
29411,8,6,4882.40,2026-08-16 04:41:00,SUCCESS
29412,9,4,3794.20,2026-08-18 00:47:00,REFUNDED
29413,10,7,694.70,2026-08-01 15:18:00,FAILED
29414,2,16,4221.00,2026-08-18 18:35:00,FAILED
29415,1,6,3883.50,2026-08-10 06:57:00,FAILED
29416,7,4,94.20,2026-08-08 14:20:00,REFUNDED
29417,8,9,66.70,2026-08-05 14:18:00,REFUNDED
29418,3,2,2229.40,2026-08-15 11:22:00,REFUNDED
29419,1,3,4356.90,2026-08-12 22:38:00,REFUNDED
29420,7,4,1313.70,2026-08-26 03:50:00,PENDING
29421,6,16,2041.10,2026-08-17 01:59:00,FAILED
29422,2,9,4958.80,2026-08-15 14:41:00,SUCCESS
29423,2,13,2596.50,2026-08-22 12:57:00,PENDING
29424,4,19,1368.40,2026-08-26 19:29:00,REFUNDED
29425,4,16,2159.90,2026-08-27 14:10:00,SUCCESS
29426,7,11,982.40,2026-08-23 00:50:00,SUCCESS
29427,4,10,4608.00,2026-08-01 19:30:00,REFUNDED
29428,5,8,4311.10,2026-08-24 16:31:00,PENDING
29429,6,2,231.20,2026-08-23 03:49:00,FAILED
29430,7,6,3358.20,2026-08-15 08:19:00,FAILED
29431,10,17,3203.20,2026-08-14 05:32:00,PENDING
29432,5,1,2936.20,2026-08-11 01:03:00,PENDING
29433,5,9,1741.80,2026-08-18 10:24:00,PENDING
29434,3,8,1099.20,2026-08-26 15:58:00,SUCCESS
29435,8,12,2857.00,2026-08-25 12:18:00,REFUNDED
29436,4,6,4694.20,2026-08-15 04:00:00,PENDING
29437,8,9,1026.30,2026-08-31 06:18:00,SUCCESS
29438,1,2,561.90,2026-08-14 18:03:00,FAILED
29439,4,2,3424.40,2026-08-18 01:14:00,FAILED
29440,6,2,799.00,2026-08-07 12:44:00,PENDING
29441,6,8,65.40,2026-08-17 00:08:00,PENDING
29442,6,1,4509.20,2026-08-26 02:00:00,FAILED
29443,8,10,1172.60,2026-08-29 19:26:00,REFUNDED
29444,2,11,1209.70,2026-08-02 03:37:00,PENDING
29445,1,6,2484.90,2026-08-09 23:34:00,PENDING
29446,10,10,2710.50,2026-08-10 12:53:00,FAILED
29447,6,6,1748.30,2026-08-03 07:18:00,FAILED
29448,4,7,498.90,2026-08-30 09:23:00,FAILED
29449,10,2,3767.20,2026-08-13 11:55:00,REFUNDED
29450,2,18,2337.80,2026-08-04 12:03:00,FAILED
29451,10,6,2497.70,2026-08-20 14:45:00,SUCCESS
29452,5,7,3118.10,2026-08-04 06:46:00,FAILED
29453,2,19,1486.20,2026-08-04 23:14:00,FAILED
29454,3,1,2077.60,2026-08-11 01:36:00,SUCCESS
29455,9,9,2221.40,2026-08-17 16:12:00,PENDING
29456,6,1,968.30,2026-08-24 02:49:00,SUCCESS
29457,4,12,2493.60,2026-08-24 08:21:00,REFUNDED
29458,9,7,3391.10,2026-08-16 09:10:00,SUCCESS
29459,5,20,860.70,2026-08-03 17:00:00,REFUNDED
29460,6,4,1914.60,2026-08-26 11:18:00,REFUNDED
29461,9,18,2697.30,2026-08-01 17:39:00,REFUNDED
29462,1,1,NOT_A_NUMBER,2026-08-01 12:00:00,SUCCESS
29463,8,4,3858.30,2026-08-06 13:05:00,REFUNDED
29464,2,10,809.80,2026-08-22 12:31:00,SUCCESS
29465,6,19,4179.40,2026-08-13 20:14:00,FAILED
29466,4,18,277.80,2026-08-27 23:39:00,SUCCESS
29467,1,7,2264.90,2026-08-10 04:57:00,SUCCESS
29468,3,1,3747.80,2026-08-01 16:54:00,REFUNDED
29469,5,4,439.00,2026-08-09 09:08:00,SUCCESS
29470,9,10,1839.70,2026-08-15 00:27:00,SUCCESS
29471,8,18,2251.30,2026-08-22 16:27:00,FAILED
29472,1,9,1257.30,2026-08-12 23:56:00,REFUNDED
29473,9,15,3954.10,2026-08-02 10:55:00,PENDING
29474,6,5,1643.20,2026-08-22 16:47:00,SUCCESS
29475,5,18,493.20,2026-08-12 23:36:00,FAILED
29476,9,13,3187.40,2026-08-18 07:03:00,REFUNDED
29477,4,7,305.30,2026-08-22 09:07:00,SUCCESS
29478,3,18,3155.60,2026-08-30 23:10:00,REFUNDED
29479,4,13,2879.90,2026-08-07 19:33:00,PENDING
29480,5,13,4430.30,2026-08-30 01:57:00,REFUNDED
29481,3,3,1557.20,2026-08-20 02:53:00,REFUNDED
29482,5,3,368.80,2026-08-07 13:19:00,FAILED
29483,10,9,2809.50,2026-08-02 20:26:00,SUCCESS
29484,9,4,4758.30,2026-08-18 17:47:00,SUCCESS
29485,2,1,3980.50,2026-08-10 13:20:00,FAILED
29486,1,10,764.40,2026-08-20 12:27:00,SUCCESS
29487,1,9,831.90,2026-08-13 10:20:00,SUCCESS
29488,6,14,113.40,2026-08-26 17:00:00,PENDING
29489,3,4,2837.70,2026-08-16 12:40:00,REFUNDED
29490,6,4,621.80,2026-08-19 20:53:00,SUCCESS
29491,4,9,4834.90,2026-08-24 09:48:00,PENDING
29492,9,12,1017.50,2026-08-03 16:03:00,REFUNDED
29493,8,2,1628.80,2026-08-29 08:13:00,REFUNDED
29494,7,1,1629.60,2026-08-05 16:27:00,FAILED
29495,2,16,4323.80,2026-08-23 03:30:00,FAILED
29496,3,4,4433.20,2026-08-14 14:29:00,FAILED
29497,2,17,1797.90,2026-08-03 17:34:00,PENDING
29498,7,2,266.50,2026-08-26 02:57:00,SUCCESS
29499,10,1,2192.60,2026-08-04 21:45:00,REFUNDED
29500,5,17,714.10,2026-08-25 19:30:00,REFUNDED
29501,3,10,1896.40,2026-08-24 19:48:00,SUCCESS
29502,4,15,3442.50,2026-08-15 12:30:00,SUCCESS
29503,9,12,4985.30,2026-08-11 02:17:00,FAILED
29504,3,5,3725.50,2026-08-12 18:55:00,PENDING
29505,7,14,371.90,2026-08-27 17:16:00,SUCCESS
29506,5,7,2072.80,2026-08-01 11:58:00,FAILED
29507,8,16,3086.10,2026-08-28 11:15:00,REFUNDED
29508,6,7,3372.30,2026-08-27 10:58:00,FAILED
29509,2,4,3692.70,2026-08-24 05:59:00,PENDING
29510,9,19,322.10,2026-08-12 03:59:00,SUCCESS
29511,1,13,3098.40,2026-08-15 04:09:00,SUCCESS
29512,1,16,818.40,2026-08-19 04:19:00,PENDING
29513,4,2,2893.70,2026-08-25 13:18:00,PENDING
29514,10,3,1785.10,2026-08-28 17:22:00,REFUNDED
29515,6,1,2535.80,2026-08-24 12:37:00,FAILED
29516,3,12,4026.70,2026-08-16 04:42:00,SUCCESS
29517,4,2,3379.10,2026-08-17 10:53:00,SUCCESS
29518,1,14,624.00,2026-08-25 09:00:00,PENDING
29519,4,13,4139.40,2026-08-09 17:51:00,SUCCESS
29520,10,4,3039.90,2026-08-11 01:53:00,PENDING
29521,1,1,4975.70,2026-08-13 18:58:00,FAILED
29522,9,13,998.00,2026-08-29 20:28:00,FAILED
29523,5,20,1539.60,2026-08-15 16:38:00,PENDING
29524,1,16,2688.30,2026-08-18 22:30:00,SUCCESS
29525,9,4,3296.10,2026-08-23 07:16:00,FAILED
29526,7,1,2327.60,2026-08-20 06:56:00,REFUNDED
29527,2,15,1977.50,2026-08-31 06:12:00,PENDING
29528,3,11,3311.90,2026-08-04 11:20:00,SUCCESS
29529,7,14,4132.10,2026-08-24 08:03:00,REFUNDED
29530,7,5,640.90,2026-08-23 04:46:00,SUCCESS
29531,4,12,4611.90,2026-08-18 10:15:00,FAILED
29532,4,16,693.40,2026-08-18 02:05:00,PENDING
29533,7,17,2866.80,2026-08-14 20:21:00,PENDING
29534,1,1,NOT_A_NUMBER,2026-08-01 12:00:00,SUCCESS
29535,1,17,3220.70,2026-08-09 18:02:00,SUCCESS
29536,5,20,242.50,2026-08-18 20:31:00,SUCCESS
29537,7,13,568.60,2026-08-10 13:48:00,SUCCESS
29538,1,2,386.80,2026-08-19 19:48:00,SUCCESS
29539,3,20,3971.50,2026-08-12 09:37:00,FAILED
29540,2,1,2528.60,2026-08-13 13:36:00,PENDING
29541,5,9,1635.20,2026-08-04 12:53:00,REFUNDED
29542,2,6,1834.00,2026-08-25 08:49:00,REFUNDED
29543,7,4,1699.80,2026-08-17 22:36:00,PENDING
29544,10,10,1632.40,2026-08-15 22:22:00,PENDING
29545,5,18,665.20,2026-08-31 00:04:00,FAILED
29546,9,14,3872.40,2026-08-12 17:42:00,PENDING
29547,6,14,499.60,2026-08-19 17:26:00,FAILED
29548,2,10,4645.50,2026-08-01 10:44:00,SUCCESS
29549,6,12,796.80,2026-08-29 15:00:00,REFUNDED
29550,3,15,4152.00,2026-08-24 10:41:00,PENDING
29551,6,19,58.70,2026-08-10 12:39:00,PENDING
29552,2,11,1459.20,2026-08-03 01:30:00,REFUNDED
29553,2,3,4702.60,2026-08-13 11:42:00,SUCCESS
29554,5,19,2812.80,2026-08-03 07:38:00,SUCCESS
29555,1,19,4864.40,2026-08-17 05:49:00,PENDING
29556,5,4,3812.50,2026-08-16 16:26:00,SUCCESS
29557,1,1,2490.60,2026-08-21 15:22:00,PENDING
29558,9,9,291.20,2026-08-19 20:00:00,REFUNDED
29559,9,4,2433.50,2026-08-01 19:40:00,FAILED
29560,1,14,1144.30,2026-08-30 12:22:00,SUCCESS
29561,3,12,58.00,2026-08-10 02:04:00,SUCCESS
29562,1,15,3674.90,2026-08-24 19:23:00,FAILED
29563,5,18,73.70,2026-08-16 22:49:00,FAILED
29564,2,4,4764.60,2026-08-06 20:06:00,FAILED
29565,5,7,2117.70,2026-08-04 22:06:00,FAILED
29566,8,20,2759.50,2026-08-20 19:31:00,SUCCESS
29567,4,6,2742.60,2026-08-28 14:35:00,PENDING
29568,1,9,1641.20,2026-08-04 12:04:00,SUCCESS
29569,8,5,2130.90,2026-08-20 19:53:00,FAILED
29570,1,9,4294.90,2026-08-18 19:42:00,FAILED
29571,7,2,1460.40,2026-08-24 05:54:00,REFUNDED
29572,9,6,4347.90,2026-08-12 08:25:00,SUCCESS
29573,7,15,323.40,2026-08-07 11:01:00,FAILED
29574,6,9,3694.60,2026-08-23 10:50:00,SUCCESS
29575,3,11,1050.80,2026-08-13 03:46:00,REFUNDED
29576,4,20,453.20,2026-08-28 18:18:00,REFUNDED
29577,2,19,4524.00,2026-08-21 07:17:00,FAILED
29578,7,1,4177.00,2026-08-29 05:37:00,REFUNDED
29579,1,3,2290.40,2026-08-01 12:48:00,FAILED
29580,9,11,2431.80,2026-08-16 10:27:00,FAILED
29581,7,1,4771.20,2026-08-25 04:53:00,REFUNDED
29582,7,16,952.30,2026-08-18 06:22:00,REFUNDED
29583,1,6,3226.50,2026-08-01 08:48:00,FAILED
29584,4,10,824.60,2026-08-16 13:08:00,SUCCESS
29585,6,10,2927.00,2026-08-28 16:34:00,REFUNDED
29586,10,5,277.20,2026-08-03 08:06:00,FAILED
29587,7,2,1554.40,2026-08-07 10:02:00,FAILED
29588,10,9,2052.10,2026-08-17 18:09:00,PENDING
29589,6,6,1372.40,2026-08-02 23:03:00,FAILED
29590,6,16,2289.20,2026-08-11 08:20:00,FAILED
29591,10,4,2001.30,2026-08-28 23:16:00,PENDING
29592,8,13,247.40,2026-08-02 10:28:00,FAILED
29593,6,8,1111.80,2026-08-24 09:50:00,REFUNDED
29594,8,8,2149.20,2026-08-04 16:57:00,SUCCESS
29595,2,4,1573.90,2026-08-22 12:52:00,SUCCESS
29596,3,11,1931.70,2026-08-01 23:52:00,PENDING
29597,5,8,3957.10,2026-08-04 10:58:00,REFUNDED
29598,4,20,626.90,2026-08-08 22:13:00,FAILED
29599,2,13,2403.90,2026-08-13 06:22:00,PENDING
29600,10,14,2378.40,2026-08-12 01:00:00,SUCCESS
29601,10,9,2199.70,2026-08-15 07:29:00,PENDING
29602,3,14,4922.80,2026-08-22 08:42:00,FAILED
29603,5,14,3375.10,2026-08-30 01:38:00,REFUNDED
29604,8,5,1044.40,2026-08-19 03:41:00,REFUNDED
29605,3,8,4199.50,2026-08-14 10:10:00,REFUNDED
29606,8,5,82.10,2026-08-10 05:21:00,PENDING
29607,9,17,3284.90,2026-08-21 04:35:00,FAILED
29608,3,15,499.30,2026-08-23 10:34:00,PENDING
29609,8,5,177.30,2026-08-25 15:07:00,REFUNDED
29610,5,6,679.40,2026-08-15 05:38:00,SUCCESS
29611,10,15,3493.10,2026-08-16 18:02:00,REFUNDED
29612,3,3,3558.00,2026-08-13 06:44:00,REFUNDED
29613,9,18,3992.60,2026-08-12 12:36:00,REFUNDED
29614,3,10,2584.50,2026-08-02 05:15:00,REFUNDED
29615,5,12,1290.20,2026-08-08 08:50:00,REFUNDED
29616,8,7,2565.70,2026-08-04 14:31:00,FAILED
29617,5,14,2569.50,2026-08-07 20:42:00,SUCCESS
29618,10,8,2791.70,2026-08-05 10:52:00,SUCCESS
29619,6,18,1189.70,2026-08-03 21:20:00,SUCCESS
29620,5,1,2138.10,2026-08-13 05:08:00,FAILED
29621,10,6,528.60,2026-08-06 13:12:00,REFUNDED
29622,3,16,3050.70,2026-08-25 05:56:00,FAILED
29623,10,4,4533.80,2026-08-09 10:58:00,REFUNDED
29624,3,9,3220.90,2026-08-31 03:12:00,PENDING
29625,1,7,468.80,2026-08-07 19:07:00,PENDING
29626,3,2,105.00,2026-08-30 10:55:00,FAILED
29627,9,6,382.80,2026-08-21 22:02:00,FAILED
29628,5,5,3823.50,2026-08-20 18:26:00,REFUNDED
29629,3,10,3841.80,2026-08-29 19:24:00,SUCCESS
29630,10,20,1867.50,2026-08-03 10:18:00,PENDING
29631,8,5,3230.20,2026-08-03 12:11:00,REFUNDED
29632,4,9,3489.20,2026-08-11 19:58:00,REFUNDED
29633,6,2,1702.90,2026-08-12 17:01:00,REFUNDED
29634,1,1,NOT_A_NUMBER,2026-08-01 12:00:00,SUCCESS
29635,7,4,3889.70,2026-08-23 00:33:00,REFUNDED
29636,4,2,4825.60,2026-08-29 22:06:00,PENDING
29637,5,8,142.50,2026-08-06 03:14:00,FAILED
29638,2,16,2563.50,2026-08-28 15:34:00,PENDING
29639,5,14,2735.60,2026-08-17 18:18:00,REFUNDED
29640,8,17,1243.60,2026-08-29 07:12:00,REFUNDED
29641,10,18,2642.10,2026-08-19 15:13:00,SUCCESS
29642,8,2,535.80,2026-08-27 10:19:00,PENDING
29643,2,20,2567.30,2026-08-04 13:15:00,FAILED
29644,10,7,388.10,2026-08-09 05:13:00,REFUNDED
29645,4,10,1376.90,2026-08-02 06:13:00,FAILED
29646,8,16,3437.50,2026-08-01 17:13:00,SUCCESS
29647,4,14,4919.20,2026-08-18 13:43:00,FAILED
29648,1,1,5000,INVALID_DATE_TIME,SUCCESS
29649,8,3,2206.20,2026-08-27 22:33:00,PENDING
29650,1,18,771.60,2026-08-14 02:56:00,FAILED
29651,10,17,654.20,2026-08-15 07:49:00,REFUNDED
29652,9,20,3825.60,2026-08-28 22:51:00,PENDING
29653,1,1,NOT_A_NUMBER,2026-08-01 12:00:00,SUCCESS
29654,3,20,3261.50,2026-08-21 22:37:00,REFUNDED
29655,5,15,3449.40,2026-08-06 08:54:00,PENDING
29656,3,17,3314.80,2026-08-22 10:16:00,FAILED
29657,3,13,2610.20,2026-08-25 15:44:00,SUCCESS
29658,7,2,4253.00,2026-08-27 18:33:00,SUCCESS
29659,3,7,1471.10,2026-08-14 04:48:00,SUCCESS
29660,2,3,687.90,2026-08-22 06:06:00,SUCCESS
29661,8,14,4782.30,2026-08-03 21:25:00,PENDING
29662,9,13,2827.60,2026-08-27 13:21:00,SUCCESS
29663,9,8,1640.50,2026-08-14 13:52:00,SUCCESS
29664,1,1,5000,INVALID_DATE_TIME,SUCCESS
29665,3,16,4121.80,2026-08-02 10:31:00,REFUNDED
29666,9,20,2117.00,2026-08-24 09:23:00,REFUNDED
29667,8,6,4336.70,2026-08-19 10:40:00,FAILED
29668,5,4,2671.80,2026-08-26 11:43:00,SUCCESS
29669,1,9,4519.10,2026-08-17 00:04:00,SUCCESS
29670,4,10,2337.90,2026-08-16 11:20:00,PENDING
29671,9,17,1933.90,2026-08-16 15:52:00,REFUNDED
29672,1,16,1190.40,2026-08-16 08:53:00,FAILED
29673,5,11,3029.90,2026-08-19 21:03:00,REFUNDED
29674,8,13,4172.40,2026-08-07 03:17:00,FAILED
29675,1,100.00
29676,1,5,4794.00,2026-08-23 22:14:00,PENDING
29677,3,16,1405.30,2026-08-21 01:31:00,FAILED
29678,3,6,4493.70,2026-08-13 12:52:00,SUCCESS
29679,1,8,4017.90,2026-08-12 13:44:00,PENDING
29680,4,2,4505.70,2026-08-22 13:47:00,REFUNDED
29681,8,9,3674.40,2026-08-10 13:18:00,PENDING
29682,2,17,3453.40,2026-08-01 20:19:00,REFUNDED
29683,1,14,3018.30,2026-08-05 20:07:00,REFUNDED
29684,8,5,1501.10,2026-08-19 13:34:00,SUCCESS
29685,4,3,3648.00,2026-08-04 22:32:00,REFUNDED
29686,2,6,376.70,2026-08-01 13:31:00,FAILED
29687,4,12,2072.40,2026-08-16 00:47:00,REFUNDED
29688,3,3,3568.20,2026-08-28 23:11:00,FAILED
29689,7,19,2192.40,2026-08-18 01:19:00,REFUNDED
29690,3,1,3840.80,2026-08-03 15:30:00,REFUNDED
29691,6,9,926.50,2026-08-08 20:19:00,PENDING
29692,6,15,4820.00,2026-08-05 19:53:00,PENDING
29693,9,10,2759.00,2026-08-29 03:46:00,REFUNDED
29694,4,17,2534.70,2026-08-12 21:31:00,SUCCESS
29695,2,20,4280.90,2026-08-08 22:44:00,FAILED
29696,1,8,3003.70,2026-08-24 22:45:00,FAILED
29697,4,8,3824.50,2026-08-19 11:47:00,PENDING
29698,10,2,3906.90,2026-08-10 22:08:00,SUCCESS
29699,9,12,2981.00,2026-08-08 03:41:00,REFUNDED
29700,4,19,1725.60,2026-08-05 13:40:00,PENDING
29701,5,18,3407.80,2026-08-19 17:02:00,FAILED
29702,4,15,1358.90,2026-08-17 18:10:00,PENDING
29703,1,4,915.60,2026-08-29 08:49:00,FAILED
29704,5,4,54.00,2026-08-04 08:55:00,SUCCESS
29705,4,16,2818.90,2026-08-10 16:45:00,PENDING
29706,6,18,2422.80,2026-08-29 18:22:00,FAILED
29707,7,18,2383.70,2026-08-17 09:16:00,FAILED
29708,2,19,2155.30,2026-08-22 21:48:00,FAILED
29709,6,12,1740.90,2026-08-07 23:24:00,SUCCESS
29710,1,17,3290.00,2026-08-11 10:27:00,FAILED
29711,10,17,256.40,2026-08-29 21:08:00,SUCCESS
29712,3,11,3374.30,2026-08-07 20:25:00,FAILED
29713,10,3,3639.00,2026-08-15 17:17:00,SUCCESS
29714,1,11,4189.50,2026-08-13 21:03:00,PENDING
29715,6,12,1576.90,2026-08-17 21:01:00,REFUNDED
29716,8,14,1175.70,2026-08-03 22:14:00,REFUNDED
29717,3,1,1094.30,2026-08-30 14:39:00,PENDING
29718,3,6,4361.00,2026-08-06 05:57:00,FAILED
29719,8,11,1818.20,2026-08-12 06:06:00,FAILED
29720,3,5,168.40,2026-08-18 16:41:00,REFUNDED
29721,5,7,2976.30,2026-08-10 09:27:00,PENDING
29722,8,14,93.90,2026-08-13 12:11:00,REFUNDED
29723,7,11,1654.90,2026-08-23 20:30:00,FAILED
29724,3,10,3266.80,2026-08-26 04:06:00,SUCCESS
29725,5,20,371.20,2026-08-28 18:22:00,REFUNDED
29726,2,19,2530.10,2026-08-29 06:01:00,REFUNDED
29727,8,13,388.90,2026-08-06 00:53:00,REFUNDED
29728,8,4,3084.90,2026-08-19 21:33:00,PENDING
29729,3,18,1448.60,2026-08-20 07:48:00,FAILED
29730,3,7,4547.70,2026-08-01 16:36:00,REFUNDED
29731,10,2,4112.10,2026-08-30 22:19:00,REFUNDED
29732,7,10,2268.10,2026-08-23 04:49:00,REFUNDED
29733,5,20,2249.60,2026-08-28 13:07:00,REFUNDED
29734,7,11,1308.20,2026-08-20 01:47:00,PENDING
29735,8,5,3610.90,2026-08-16 09:59:00,PENDING
29736,2,19,2651.40,2026-08-10 00:18:00,SUCCESS
29737,8,5,1650.60,2026-08-23 15:11:00,SUCCESS
29738,8,17,2793.60,2026-08-26 10:25:00,PENDING
29739,3,17,2954.40,2026-08-10 07:55:00,FAILED
29740,5,6,3088.40,2026-08-08 02:41:00,FAILED
29741,4,5,2629.10,2026-08-27 06:05:00,PENDING
29742,1,3,652.30,2026-08-16 18:19:00,SUCCESS
29743,2,3,434.50,2026-08-13 12:22:00,FAILED
29744,6,13,896.00,2026-08-05 08:42:00,REFUNDED
29745,1,17,820.10,2026-08-12 13:32:00,SUCCESS
29746,2,17,3304.90,2026-08-24 16:54:00,PENDING
29747,4,12,4766.20,2026-08-25 01:04:00,PENDING
29748,8,16,4447.00,2026-08-23 14:49:00,FAILED
29749,2,1,1484.50,2026-08-24 11:41:00,SUCCESS
29750,2,13,744.80,2026-08-05 10:26:00,FAILED
29751,10,15,2737.50,2026-08-18 03:10:00,REFUNDED
29752,10,7,4117.60,2026-08-29 18:39:00,REFUNDED
29753,10,4,628.90,2026-08-19 03:59:00,REFUNDED
29754,2,4,5040.90,2026-08-07 14:07:00,SUCCESS
29755,8,13,1445.50,2026-08-30 17:26:00,REFUNDED
29756,8,1,2347.90,2026-08-14 07:22:00,SUCCESS
29757,9,8,1522.30,2026-08-31 06:38:00,PENDING
29758,10,8,2306.30,2026-08-30 03:14:00,FAILED
29759,4,16,1305.40,2026-08-01 09:03:00,FAILED
29760,8,18,4231.30,2026-08-16 07:43:00,SUCCESS
29761,8,16,3640.00,2026-08-14 16:02:00,REFUNDED
29762,3,16,3102.30,2026-08-19 23:24:00,FAILED
29763,7,3,745.10,2026-08-23 01:12:00,FAILED
29764,3,5,4043.30,2026-08-30 13:55:00,FAILED
29765,1,8,2251.00,2026-08-14 03:00:00,SUCCESS
29766,5,5,683.70,2026-08-27 20:44:00,FAILED
29767,6,1,2227.90,2026-08-09 16:45:00,SUCCESS
29768,1,1,5000,INVALID_DATE_TIME,SUCCESS
29769,7,5,1325.50,2026-08-06 03:07:00,REFUNDED
29770,8,16,4323.30,2026-08-22 11:23:00,FAILED
29771,7,10,4620.60,2026-08-19 07:02:00,REFUNDED
29772,2,8,3864.30,2026-08-02 19:46:00,REFUNDED
29773,6,6,3595.00,2026-08-28 16:29:00,PENDING
29774,8,13,4929.90,2026-08-02 05:59:00,PENDING
29775,9,4,394.80,2026-08-08 02:41:00,FAILED
29776,3,14,3750.80,2026-08-07 12:34:00,SUCCESS
29777,1,2,1602.30,2026-08-11 22:26:00,SUCCESS
29778,10,8,4966.40,2026-08-01 11:10:00,REFUNDED
29779,7,1,1077.10,2026-08-28 00:18:00,PENDING
29780,8,14,518.30,2026-08-23 22:23:00,SUCCESS
29781,9,18,2710.10,2026-08-01 19:58:00,SUCCESS
29782,5,20,1946.50,2026-08-05 15:06:00,FAILED
29783,2,15,4081.50,2026-08-31 06:16:00,PENDING
29784,9,2,3015.60,2026-08-25 00:35:00,PENDING
29785,3,7,1103.60,2026-08-22 11:19:00,FAILED
29786,10,9,487.10,2026-08-05 07:32:00,PENDING
29787,8,5,4934.80,2026-08-08 12:38:00,SUCCESS
29788,7,9,3838.50,2026-08-11 20:58:00,PENDING
29789,4,6,542.20,2026-08-29 08:01:00,REFUNDED
29790,10,20,146.30,2026-08-17 03:14:00,SUCCESS
29791,1,15,3977.50,2026-08-07 02:36:00,FAILED
29792,9,2,414.70,2026-08-17 02:45:00,SUCCESS
29793,10,12,1687.00,2026-08-07 19:24:00,SUCCESS
29794,6,10,1336.00,2026-08-23 19:15:00,FAILED
29795,3,2,388.60,2026-08-06 21:16:00,SUCCESS
29796,7,12,961.50,2026-08-24 17:49:00,SUCCESS
29797,6,2,2745.10,2026-08-05 12:53:00,FAILED
29798,5,20,1902.40,2026-08-01 20:22:00,SUCCESS
29799,3,16,3789.10,2026-08-19 20:47:00,FAILED
29800,4,1,1591.20,2026-08-09 01:45:00,REFUNDED
29801,3,1,3809.40,2026-08-10 05:50:00,FAILED
29802,3,17,4066.00,2026-08-29 09:56:00,SUCCESS
29803,3,10,1648.20,2026-08-05 17:01:00,FAILED
29804,5,1,2217.80,2026-08-24 22:56:00,REFUNDED
29805,7,3,3279.60,2026-08-02 14:53:00,FAILED
29806,5,1,4059.30,2026-08-03 14:10:00,FAILED
29807,8,9,907.30,2026-08-15 19:22:00,FAILED
29808,7,4,837.80,2026-08-21 13:34:00,FAILED
29809,5,4,871.80,2026-08-25 03:33:00,SUCCESS
29810,3,17,2902.40,2026-08-24 07:55:00,SUCCESS
29811,3,11,1292.40,2026-08-03 15:15:00,SUCCESS
29812,8,7,4334.30,2026-08-10 03:31:00,SUCCESS
29813,6,1,2092.90,2026-08-07 12:59:00,FAILED
29814,2,7,4701.10,2026-08-01 08:48:00,PENDING
29815,2,19,421.90,2026-08-25 21:04:00,REFUNDED
29816,1,1,NOT_A_NUMBER,2026-08-01 12:00:00,SUCCESS
29817,3,11,271.20,2026-08-02 18:44:00,PENDING
29818,5,5,197.50,2026-08-08 19:50:00,SUCCESS
29819,2,1,1498.70,2026-08-23 20:12:00,PENDING
29820,2,20,915.50,2026-08-15 13:24:00,PENDING
29821,7,2,4857.10,2026-08-01 20:56:00,REFUNDED
29822,2,10,3647.90,2026-08-28 04:21:00,REFUNDED
29823,4,17,949.30,2026-08-26 01:58:00,PENDING
29824,2,10,4410.20,2026-08-15 02:53:00,REFUNDED
29825,4,3,3413.10,2026-08-20 01:27:00,PENDING
29826,7,1,4272.00,2026-08-19 07:28:00,PENDING
29827,2,20,219.00,2026-08-27 14:45:00,FAILED
29828,5,5,3876.70,2026-08-16 17:29:00,PENDING
29829,8,19,1288.70,2026-08-10 18:22:00,SUCCESS
29830,1,1,NOT_A_NUMBER,2026-08-01 12:00:00,SUCCESS
29831,8,14,4179.90,2026-08-02 20:55:00,FAILED
29832,4,1,2628.80,2026-08-15 14:17:00,REFUNDED
29833,1,14,3811.80,2026-08-14 04:46:00,SUCCESS
29834,1,1,5000,2026-08-01 12:00:00,UNKNOWN_STATUS
29835,2,7,4868.00,2026-08-26 10:19:00,SUCCESS
29836,8,3,3497.20,2026-08-14 07:41:00,SUCCESS
29837,1,9,121.00,2026-08-01 14:42:00,REFUNDED
29838,7,20,3008.20,2026-08-19 13:11:00,FAILED
29839,4,5,160.00,2026-08-21 04:47:00,SUCCESS
29840,4,4,3629.10,2026-08-29 18:36:00,PENDING
29841,10,11,2227.40,2026-08-29 20:04:00,REFUNDED
29842,3,7,3451.10,2026-08-27 15:54:00,REFUNDED
29843,6,17,2623.40,2026-08-24 16:33:00,SUCCESS
29844,7,13,464.30,2026-08-14 20:21:00,FAILED
29845,1,10,940.70,2026-08-26 18:12:00,PENDING
29846,7,5,1262.90,2026-08-10 12:30:00,PENDING
29847,2,4,4280.90,2026-08-27 08:11:00,PENDING
29848,9,8,4477.30,2026-08-22 21:31:00,SUCCESS
29849,8,16,2976.70,2026-08-20 21:21:00,FAILED
29850,5,7,3988.60,2026-08-05 13:08:00,SUCCESS
29851,4,2,3335.40,2026-08-30 04:02:00,PENDING
29852,5,10,2268.30,2026-08-11 13:20:00,PENDING
29853,6,4,213.00,2026-08-21 01:30:00,FAILED
29854,6,7,2435.60,2026-08-29 22:45:00,SUCCESS
29855,10,2,4112.90,2026-08-03 03:49:00,FAILED
29856,3,15,618.20,2026-08-24 13:48:00,FAILED
29857,7,18,2509.40,2026-08-24 02:39:00,SUCCESS
29858,10,3,1061.90,2026-08-10 10:55:00,FAILED
29859,10,20,834.00,2026-08-02 13:57:00,SUCCESS
29860,2,16,751.80,2026-08-01 21:44:00,SUCCESS
29861,10,7,3456.50,2026-08-22 17:16:00,SUCCESS
29862,7,1,4486.10,2026-08-01 08:44:00,PENDING
29863,2,18,3743.90,2026-08-29 08:19:00,SUCCESS
29864,9,7,2616.80,2026-08-08 14:41:00,PENDING
29865,1,17,1284.50,2026-08-19 19:43:00,FAILED
29866,8,4,2490.90,2026-08-26 10:56:00,REFUNDED
29867,2,7,460.80,2026-08-24 20:48:00,PENDING
29868,8,18,4734.40,2026-08-18 00:45:00,REFUNDED
29869,8,2,4193.40,2026-08-18 23:55:00,FAILED
29870,3,12,4394.20,2026-08-09 08:31:00,FAILED
29871,2,3,3199.80,2026-08-28 10:36:00,REFUNDED
29872,9,11,630.30,2026-08-27 08:49:00,FAILED
29873,3,9,1382.30,2026-08-09 21:58:00,SUCCESS
29874,9,8,1452.70,2026-08-25 05:49:00,REFUNDED
29875,8,2,4961.70,2026-08-02 04:28:00,FAILED
29876,7,5,4122.00,2026-08-08 17:18:00,SUCCESS
29877,2,5,3182.60,2026-08-18 07:30:00,REFUNDED
29878,8,2,4895.60,2026-08-27 17:57:00,FAILED
29879,7,4,4037.90,2026-08-12 20:19:00,PENDING
29880,4,1,626.20,2026-08-07 23:15:00,SUCCESS
29881,6,17,3287.90,2026-08-04 18:51:00,SUCCESS
29882,6,4,2718.80,2026-08-07 10:43:00,REFUNDED
29883,2,10,1344.50,2026-08-19 10:59:00,REFUNDED
29884,5,18,1600.30,2026-08-10 06:46:00,REFUNDED
29885,9,1,473.20,2026-08-28 00:21:00,PENDING
29886,5,5,2289.50,2026-08-05 10:44:00,FAILED
29887,9,10,4300.90,2026-08-15 14:08:00,FAILED
29888,2,6,2919.90,2026-08-29 19:01:00,REFUNDED
29889,9,14,2764.00,2026-08-11 11:18:00,SUCCESS
29890,4,15,3811.90,2026-08-30 07:58:00,SUCCESS
29891,3,7,4975.70,2026-08-16 11:02:00,FAILED
29892,4,11,2722.90,2026-08-29 18:44:00,SUCCESS
29893,5,10,1057.60,2026-08-30 00:02:00,PENDING
29894,7,15,4625.10,2026-08-09 23:34:00,REFUNDED
29895,1,13,423.50,2026-08-13 12:31:00,REFUNDED
29896,10,1,1369.90,2026-08-23 09:36:00,PENDING
29897,8,9,4185.80,2026-08-03 21:04:00,SUCCESS
29898,8,7,2002.10,2026-08-20 20:32:00,SUCCESS
29899,1,10,2844.70,2026-08-23 00:30:00,SUCCESS
29900,8,12,925.40,2026-08-13 09:40:00,REFUNDED
29901,2,14,1359.90,2026-08-23 02:56:00,PENDING
29902,1,1,NOT_A_NUMBER,2026-08-01 12:00:00,SUCCESS
29903,7,1,3254.40,2026-08-06 08:13:00,FAILED
29904,2,12,4670.80,2026-08-06 09:54:00,FAILED
29905,5,6,3397.00,2026-08-05 10:35:00,PENDING
29906,2,5,88.30,2026-08-07 06:54:00,PENDING
29907,9,15,3438.00,2026-08-17 05:03:00,FAILED
29908,5,7,454.90,2026-08-21 02:12:00,PENDING
29909,8,1,2015.00,2026-08-01 19:58:00,SUCCESS
29910,2,14,1697.60,2026-08-28 00:46:00,SUCCESS
29911,4,7,3351.90,2026-08-11 13:51:00,FAILED
29912,10,7,4859.80,2026-08-13 16:07:00,REFUNDED
29913,3,13,2960.00,2026-08-02 06:04:00,FAILED
29914,1,14,2752.40,2026-08-23 14:04:00,PENDING
29915,2,3,2250.80,2026-08-23 21:58:00,FAILED
29916,6,9,3287.40,2026-08-30 05:31:00,REFUNDED
29917,9,12,1397.40,2026-08-18 06:40:00,REFUNDED
29918,6,12,1985.80,2026-08-31 04:09:00,SUCCESS
29919,3,14,1948.50,2026-08-16 10:46:00,FAILED
29920,4,13,3915.80,2026-08-27 01:19:00,FAILED
29921,10,13,2916.50,2026-08-06 04:32:00,REFUNDED
29922,2,8,4711.70,2026-08-11 01:27:00,REFUNDED
29923,10,5,3650.40,2026-08-27 02:53:00,FAILED
29924,6,17,1257.40,2026-08-21 02:39:00,PENDING
29925,2,8,798.40,2026-08-02 00:50:00,SUCCESS
29926,7,17,2145.60,2026-08-25 04:35:00,PENDING
29927,7,7,4125.70,2026-08-07 16:14:00,PENDING
29928,5,9,3171.70,2026-08-24 20:32:00,REFUNDED
29929,2,18,3070.10,2026-08-19 15:25:00,REFUNDED
29930,5,16,259.60,2026-08-05 04:26:00,SUCCESS
29931,2,3,4625.60,2026-08-31 03:00:00,FAILED
29932,2,3,796.30,2026-08-15 10:55:00,REFUNDED
29933,4,14,3735.90,2026-08-24 05:36:00,FAILED
29934,1,2,2830.20,2026-08-27 03:02:00,FAILED
29935,6,4,1367.70,2026-08-16 12:20:00,REFUNDED
29936,2,3,1461.70,2026-08-01 10:58:00,REFUNDED
29937,1,14,1345.70,2026-08-13 17:33:00,FAILED
29938,4,7,2680.40,2026-08-21 14:38:00,PENDING
29939,2,6,1224.30,2026-08-30 18:20:00,FAILED
29940,10,9,3932.60,2026-08-19 07:10:00,SUCCESS
29941,8,3,544.00,2026-08-01 16:11:00,SUCCESS
29942,2,13,1228.90,2026-08-26 15:33:00,PENDING
29943,2,12,1764.40,2026-08-08 17:10:00,SUCCESS
29944,3,20,2959.30,2026-08-23 19:04:00,PENDING
29945,9,6,3868.30,2026-08-30 01:44:00,REFUNDED
29946,9,3,4721.30,2026-08-26 02:20:00,REFUNDED
29947,1,11,395.70,2026-08-29 20:09:00,PENDING
29948,7,8,3982.20,2026-08-22 09:45:00,SUCCESS
29949,7,16,3832.90,2026-08-28 22:11:00,SUCCESS
29950,4,1,4781.50,2026-08-16 08:38:00,FAILED
29951,1,1,4590.60,2026-08-03 08:45:00,FAILED
29952,1,5,1084.70,2026-08-23 06:57:00,FAILED
29953,7,14,1795.50,2026-08-24 06:28:00,FAILED
29954,4,2,4398.80,2026-08-05 05:33:00,REFUNDED
29955,2,11,2094.40,2026-08-21 22:44:00,FAILED
29956,6,2,2827.90,2026-08-22 05:49:00,REFUNDED
29957,3,13,4659.00,2026-08-21 05:10:00,FAILED
29958,3,2,422.30,2026-08-16 15:03:00,PENDING
29959,3,18,2699.30,2026-08-25 02:52:00,FAILED
29960,8,5,3388.50,2026-08-10 11:54:00,SUCCESS
29961,1,12,3436.50,2026-08-23 01:25:00,REFUNDED
29962,9,18,1337.80,2026-08-20 16:35:00,REFUNDED
29963,7,1,4026.70,2026-08-21 10:52:00,FAILED
29964,1,10,1767.60,2026-08-20 15:31:00,REFUNDED
29965,5,6,2430.50,2026-08-01 23:23:00,FAILED
29966,7,3,3099.40,2026-08-09 07:52:00,SUCCESS
29967,10,9,4397.40,2026-08-26 14:03:00,REFUNDED
29968,2,13,2404.20,2026-08-22 08:50:00,PENDING
29969,3,4,1856.00,2026-08-21 22:45:00,REFUNDED
29970,7,10,55.20,2026-08-07 04:47:00,PENDING
29971,2,7,2977.20,2026-08-08 02:17:00,SUCCESS
29972,10,1,4540.10,2026-08-21 19:35:00,SUCCESS
29973,7,16,2667.70,2026-08-22 20:50:00,PENDING
29974,3,8,1834.20,2026-08-05 14:29:00,PENDING
29975,7,4,2745.80,2026-08-25 15:24:00,SUCCESS
29976,7,20,2829.50,2026-08-11 02:56:00,PENDING
29977,2,9,3925.90,2026-08-25 02:11:00,REFUNDED
29978,3,8,3033.70,2026-08-04 22:25:00,SUCCESS
29979,4,13,1189.50,2026-08-20 05:47:00,PENDING
29980,4,11,4531.30,2026-08-29 12:17:00,PENDING
29981,6,15,2659.40,2026-08-10 23:57:00,SUCCESS
29982,2,14,75.90,2026-08-13 16:54:00,FAILED
29983,10,7,4563.40,2026-08-08 01:57:00,PENDING
29984,4,2,502.10,2026-08-15 11:40:00,PENDING
29985,10,20,3948.10,2026-08-07 17:44:00,REFUNDED
29986,8,8,1936.20,2026-08-14 04:22:00,REFUNDED
29987,3,6,4880.80,2026-08-30 09:52:00,FAILED
29988,9,17,1842.30,2026-08-13 08:00:00,FAILED
29989,2,15,4866.90,2026-08-20 18:39:00,SUCCESS
29990,1,5,2639.90,2026-08-20 04:46:00,REFUNDED
29991,1,17,4671.30,2026-08-15 22:43:00,REFUNDED
29992,6,7,3200.80,2026-08-09 00:42:00,FAILED
29993,8,3,2175.70,2026-08-10 13:01:00,FAILED
29994,7,7,190.20,2026-08-23 21:01:00,PENDING
29995,1,10,1270.80,2026-08-09 14:58:00,FAILED
29996,6,15,4195.60,2026-08-04 11:34:00,REFUNDED
29997,9,19,669.10,2026-08-14 13:43:00,REFUNDED
29998,1,2,3676.10,2026-08-18 00:13:00,SUCCESS
29999,7,5,3057.00,2026-08-15 07:30:00,FAILED
30000,3,2,2654.00,2026-08-27 05:54:00,PENDING
