[transactions_01.csv:Line 40] invalid bill total 'NOT_A_NUMBER': must be a non-negative number | Raw Data: [39 1 1 NOT_A_NUMBER 2026-08-01 12:00:00 SUCCESS]
[transactions_04.csv:Line 37] invalid status 'UNKNOWN_STATUS': must be SUCCESS, PENDING, FAILED, or REFUNDED | Raw Data: [30036 1 1 5000 2026-08-01 12:00:00 UNKNOWN_STATUS]
[transactions_01.csv:Line 56] expected 6 columns, got 3 | Raw Data: [55 1 100.00]
[transactions_04.csv:Line 102] expected 6 columns, got 3 | Raw Data: [30101 1 100.00]
[transactions_04.csv:Line 103] invalid timestamp format 'INVALID_DATE_TIME': unsupported date format | Raw Data: [30102 1 1 5000 INVALID_DATE_TIME SUCCESS]
[transactions_01.csv:Line 116] invalid timestamp format 'INVALID_DATE_TIME': unsupported date format | Raw Data: [115 1 1 5000 INVALID_DATE_TIME SUCCESS]
[transactions_04.csv:Line 135] invalid status 'UNKNOWN_STATUS': must be SUCCESS, PENDING, FAILED, or REFUNDED | Raw Data: [30134 1 1 5000 2026-08-01 12:00:00 UNKNOWN_STATUS]
[transactions_01.csv:Line 126] expected 6 columns, got 3 | Raw Data: [125 1 100.00]
[transactions_01.csv:Line 131] invalid timestamp format 'INVALID_DATE_TIME': unsupported date format | Raw Data: [130 1 1 5000 INVALID_DATE_TIME SUCCESS]
[transactions_01.csv:Line 152] expected 6 columns, got 3 | Raw Data: [151 1 100.00]
[transactions_01.csv:Line 160] invalid status 'UNKNOWN_STATUS': must be SUCCESS, PENDING, FAILED, or REFUNDED | Raw Data: [159 1 1 5000 2026-08-01 12:00:00 UNKNOWN_STATUS]
[transactions_04.csv:Line 187] invalid bill total 'NOT_A_NUMBER': must be a non-negative number | Raw Data: [30186 1 1 NOT_A_NUMBER 2026-08-01 12:00:00 SUCCESS]
[transactions_01.csv:Line 35] invalid timestamp format 'INVALID_DATE_TIME': unsupported date format | Raw Data: [34 1 1 5000 INVALID_DATE_TIME SUCCESS]
[transactions_04.csv:Line 241] invalid timestamp format 'INVALID_DATE_TIME': unsupported date format | Raw Data: [30240 1 1 5000 INVALID_DATE_TIME SUCCESS]
[transactions_04.csv:Line 294] invalid timestamp format 'INVALID_DATE_TIME': unsupported date format | Raw Data: [30293 1 1 5000 INVALID_DATE_TIME SUCCESS]
[transactions_04.csv:Line 334] expected 6 columns, got 3 | Raw Data: [30333 1 100.00]
[transactions_04.csv:Line 358] invalid status 'UNKNOWN_STATUS': must be SUCCESS, PENDING, FAILED, or REFUNDED | Raw Data: [30357 1 1 5000 2026-08-01 12:00:00 UNKNOWN_STATUS]
[transactions_04.csv:Line 414] invalid status 'UNKNOWN_STATUS': must be SUCCESS, PENDING, FAILED, or REFUNDED | Raw Data: [30413 1 1 5000 2026-08-01 12:00:00 UNKNOWN_STATUS]
[transactions_01.csv:Line 383] invalid timestamp format 'INVALID_DATE_TIME': unsupported date format | Raw Data: [382 1 1 5000 INVALID_DATE_TIME SUCCESS]
[transactions_04.csv:Line 506] invalid timestamp format 'INVALID_DATE_TIME': unsupported date format | Raw Data: [30505 1 1 5000 INVALID_DATE_TIME SUCCESS]
[transactions_04.csv:Line 515] invalid timestamp format 'INVALID_DATE_TIME': unsupported date format | Raw Data: [30514 1 1 5000 INVALID_DATE_TIME SUCCESS]
[transactions_01.csv:Line 428] invalid timestamp format 'INVALID_DATE_TIME': unsupported date format | Raw Data: [427 1 1 5000 INVALID_DATE_TIME SUCCESS]
[transactions_01.csv:Line 438] expected 6 columns, got 3 | Raw Data: [437 1 100.00]
[transactions_04.csv:Line 647] expected 6 columns, got 3 | Raw Data: [30646 1 100.00]
[transactions_04.csv:Line 751] invalid timestamp format 'INVALID_DATE_TIME': unsupported date format | Raw Data: [30750 1 1 5000 INVALID_DATE_TIME SUCCESS]
[transactions_04.csv:Line 806] invalid timestamp format 'INVALID_DATE_TIME': unsupported date format | Raw Data: [30805 1 1 5000 INVALID_DATE_TIME SUCCESS]
[transactions_04.csv:Line 867] invalid timestamp format 'INVALID_DATE_TIME': unsupported date format | Raw Data: [30866 1 1 5000 INVALID_DATE_TIME SUCCESS]
[transactions_04.csv:Line 893] invalid status 'UNKNOWN_STATUS': must be SUCCESS, PENDING, FAILED, or REFUNDED | Raw Data: [30892 1 1 5000 2026-08-01 12:00:00 UNKNOWN_STATUS]
[transactions_02.csv:Line 47] expected 6 columns, got 3 | Raw Data: [10046 1 100.00]
[transactions_02.csv:Line 76] invalid bill total 'NOT_A_NUMBER': must be a non-negative number | Raw Data: [10075 1 1 NOT_A_NUMBER 2026-08-01 12:00:00 SUCCESS]
[transactions_02.csv:Line 73] invalid timestamp format 'INVALID_DATE_TIME': unsupported date format | Raw Data: [10072 1 1 5000 INVALID_DATE_TIME SUCCESS]
[transactions_02.csv:Line 89] invalid timestamp format 'INVALID_DATE_TIME': unsupported date format | Raw Data: [10088 1 1 5000 INVALID_DATE_TIME SUCCESS]
[transactions_04.csv:Line 1019] invalid bill total 'NOT_A_NUMBER': must be a non-negative number | Raw Data: [31018 1 1 NOT_A_NUMBER 2026-08-01 12:00:00 SUCCESS]
[transactions_04.csv:Line 1088] invalid bill total 'NOT_A_NUMBER': must be a non-negative number | Raw Data: [31087 1 1 NOT_A_NUMBER 2026-08-01 12:00:00 SUCCESS]
[transactions_04.csv:Line 1112] invalid status 'UNKNOWN_STATUS': must be SUCCESS, PENDING, FAILED, or REFUNDED | Raw Data: [31111 1 1 5000 2026-08-01 12:00:00 UNKNOWN_STATUS]
[transactions_02.csv:Line 222] invalid status 'UNKNOWN_STATUS': must be SUCCESS, PENDING, FAILED, or REFUNDED | Raw Data: [10221 1 1 5000 2026-08-01 12:00:00 UNKNOWN_STATUS]
[transactions_02.csv:Line 268] invalid timestamp format 'INVALID_DATE_TIME': unsupported date format | Raw Data: [10267 1 1 5000 INVALID_DATE_TIME SUCCESS]
[transactions_02.csv:Line 330] invalid status 'UNKNOWN_STATUS': must be SUCCESS, PENDING, FAILED, or REFUNDED | Raw Data: [10329 1 1 5000 2026-08-01 12:00:00 UNKNOWN_STATUS]
[transactions_02.csv:Line 332] invalid status 'UNKNOWN_STATUS': must be SUCCESS, PENDING, FAILED, or REFUNDED | Raw Data: [10331 1 1 5000 2026-08-01 12:00:00 UNKNOWN_STATUS]
[transactions_03.csv:Line 33] expected 6 columns, got 3 | Raw Data: [20032 1 100.00]
[transactions_05.csv:Line 32] expected 6 columns, got 3 | Raw Data: [40031 1 100.00]
[transactions_05.csv:Line 54] expected 6 columns, got 3 | Raw Data: [40053 1 100.00]
[transactions_05.csv:Line 100] invalid bill total 'NOT_A_NUMBER': must be a non-negative number | Raw Data: [40099 1 1 NOT_A_NUMBER 2026-08-01 12:00:00 SUCCESS]
[transactions_05.csv:Line 138] invalid status 'UNKNOWN_STATUS': must be SUCCESS, PENDING, FAILED, or REFUNDED | Raw Data: [40137 1 1 5000 2026-08-01 12:00:00 UNKNOWN_STATUS]
[transactions_05.csv:Line 154] invalid timestamp format 'INVALID_DATE_TIME': unsupported date format | Raw Data: [40153 1 1 5000 INVALID_DATE_TIME SUCCESS]
[transactions_05.csv:Line 160] expected 6 columns, got 3 | Raw Data: [40159 1 100.00]
[transactions_05.csv:Line 139] invalid timestamp format 'INVALID_DATE_TIME': unsupported date format | Raw Data: [40138 1 1 5000 INVALID_DATE_TIME SUCCESS]
[transactions_05.csv:Line 192] invalid status 'UNKNOWN_STATUS': must be SUCCESS, PENDING, FAILED, or REFUNDED | Raw Data: [40191 1 1 5000 2026-08-01 12:00:00 UNKNOWN_STATUS]
[transactions_02.csv:Line 383] expected 6 columns, got 3 | Raw Data: [10382 1 100.00]
[transactions_05.csv:Line 209] invalid timestamp format 'INVALID_DATE_TIME': unsupported date format | Raw Data: [40208 1 1 5000 INVALID_DATE_TIME SUCCESS]
[transactions_02.csv:Line 401] invalid bill total 'NOT_A_NUMBER': must be a non-negative number | Raw Data: [10400 1 1 NOT_A_NUMBER 2026-08-01 12:00:00 SUCCESS]
[transactions_01.csv:Line 485] invalid timestamp format 'INVALID_DATE_TIME': unsupported date format | Raw Data: [484 1 1 5000 INVALID_DATE_TIME SUCCESS]
[transactions_02.csv:Line 408] invalid status 'UNKNOWN_STATUS': must be SUCCESS, PENDING, FAILED, or REFUNDED | Raw Data: [10407 1 1 5000 2026-08-01 12:00:00 UNKNOWN_STATUS]
[transactions_02.csv:Line 425] invalid timestamp format 'INVALID_DATE_TIME': unsupported date format | Raw Data: [10424 1 1 5000 INVALID_DATE_TIME SUCCESS]
[transactions_01.csv:Line 589] invalid bill total 'NOT_A_NUMBER': must be a non-negative number | Raw Data: [588 1 1 NOT_A_NUMBER 2026-08-01 12:00:00 SUCCESS]
[transactions_05.csv:Line 266] invalid timestamp format 'INVALID_DATE_TIME': unsupported date format | Raw Data: [40265 1 1 5000 INVALID_DATE_TIME SUCCESS]
[transactions_03.csv:Line 160] invalid status 'UNKNOWN_STATUS': must be SUCCESS, PENDING, FAILED, or REFUNDED | Raw Data: [20159 1 1 5000 2026-08-01 12:00:00 UNKNOWN_STATUS]
[transactions_05.csv:Line 318] invalid bill total 'NOT_A_NUMBER': must be a non-negative number | Raw Data: [40317 1 1 NOT_A_NUMBER 2026-08-01 12:00:00 SUCCESS]
[transactions_04.csv:Line 1178] invalid bill total 'NOT_A_NUMBER': must be a non-negative number | Raw Data: [31177 1 1 NOT_A_NUMBER 2026-08-01 12:00:00 SUCCESS]
[transactions_04.csv:Line 1190] invalid timestamp format 'INVALID_DATE_TIME': unsupported date format | Raw Data: [31189 1 1 5000 INVALID_DATE_TIME SUCCESS]
[transactions_01.csv:Line 690] invalid status 'UNKNOWN_STATUS': must be SUCCESS, PENDING, FAILED, or REFUNDED | Raw Data: [689 1 1 5000 2026-08-01 12:00:00 UNKNOWN_STATUS]
[transactions_05.csv:Line 365] invalid status 'UNKNOWN_STATUS': must be SUCCESS, PENDING, FAILED, or REFUNDED | Raw Data: [40364 1 1 5000 2026-08-01 12:00:00 UNKNOWN_STATUS]
[transactions_03.csv:Line 253] expected 6 columns, got 3 | Raw Data: [20252 1 100.00]
[transactions_04.csv:Line 1249] invalid bill total 'NOT_A_NUMBER': must be a non-negative number | Raw Data: [31248 1 1 NOT_A_NUMBER 2026-08-01 12:00:00 SUCCESS]
[transactions_04.csv:Line 1250] invalid status 'UNKNOWN_STATUS': must be SUCCESS, PENDING, FAILED, or REFUNDED | Raw Data: [31249 1 1 5000 2026-08-01 12:00:00 UNKNOWN_STATUS]
[transactions_04.csv:Line 1261] invalid timestamp format 'INVALID_DATE_TIME': unsupported date format | Raw Data: [31260 1 1 5000 INVALID_DATE_TIME SUCCESS]
[transactions_02.csv:Line 491] invalid status 'UNKNOWN_STATUS': must be SUCCESS, PENDING, FAILED, or REFUNDED | Raw Data: [10490 1 1 5000 2026-08-01 12:00:00 UNKNOWN_STATUS]
[transactions_03.csv:Line 260] invalid status 'UNKNOWN_STATUS': must be SUCCESS, PENDING, FAILED, or REFUNDED | Raw Data: [20259 1 1 5000 2026-08-01 12:00:00 UNKNOWN_STATUS]
[transactions_01.csv:Line 753] invalid timestamp format 'INVALID_DATE_TIME': unsupported date format | Raw Data: [752 1 1 5000 INVALID_DATE_TIME SUCCESS]
[transactions_03.csv:Line 407] invalid status 'UNKNOWN_STATUS': must be SUCCESS, PENDING, FAILED, or REFUNDED | Raw Data: [20406 1 1 5000 2026-08-01 12:00:00 UNKNOWN_STATUS]
[transactions_04.csv:Line 1333] invalid bill total 'NOT_A_NUMBER': must be a non-negative number | Raw Data: [31332 1 1 NOT_A_NUMBER 2026-08-01 12:00:00 SUCCESS]
[transactions_02.csv:Line 556] expected 6 columns, got 3 | Raw Data: [10555 1 100.00]
[transactions_03.csv:Line 500] invalid status 'UNKNOWN_STATUS': must be SUCCESS, PENDING, FAILED, or REFUNDED | Raw Data: [20499 1 1 5000 2026-08-01 12:00:00 UNKNOWN_STATUS]
[transactions_05.csv:Line 432] invalid status 'UNKNOWN_STATUS': must be SUCCESS, PENDING, FAILED, or REFUNDED | Raw Data: [40431 1 1 5000 2026-08-01 12:00:00 UNKNOWN_STATUS]
[transactions_05.csv:Line 470] invalid status 'UNKNOWN_STATUS': must be SUCCESS, PENDING, FAILED, or REFUNDED | Raw Data: [40469 1 1 5000 2026-08-01 12:00:00 UNKNOWN_STATUS]
[transactions_04.csv:Line 1434] invalid timestamp format 'INVALID_DATE_TIME': unsupported date format | Raw Data: [31433 1 1 5000 INVALID_DATE_TIME SUCCESS]
[transactions_05.csv:Line 528] invalid timestamp format 'INVALID_DATE_TIME': unsupported date format | Raw Data: [40527 1 1 5000 INVALID_DATE_TIME SUCCESS]
[transactions_04.csv:Line 1452] invalid timestamp format 'INVALID_DATE_TIME': unsupported date format | Raw Data: [31451 1 1 5000 INVALID_DATE_TIME SUCCESS]
[transactions_04.csv:Line 1454] invalid timestamp format 'INVALID_DATE_TIME': unsupported date format | Raw Data: [31453 1 1 5000 INVALID_DATE_TIME SUCCESS]
[transactions_05.csv:Line 555] invalid status 'UNKNOWN_STATUS': must be SUCCESS, PENDING, FAILED, or REFUNDED | Raw Data: [40554 1 1 5000 2026-08-01 12:00:00 UNKNOWN_STATUS]
[transactions_04.csv:Line 1474] expected 6 columns, got 3 | Raw Data: [31473 1 100.00]
[transactions_04.csv:Line 1485] expected 6 columns, got 3 | Raw Data: [31484 1 100.00]
[transactions_01.csv:Line 806] expected 6 columns, got 3 | Raw Data: [805 1 100.00]
[transactions_01.csv:Line 821] invalid timestamp format 'INVALID_DATE_TIME': unsupported date format | Raw Data: [820 1 1 5000 INVALID_DATE_TIME SUCCESS]
[transactions_01.csv:Line 823] expected 6 columns, got 3 | Raw Data: [822 1 100.00]
[transactions_01.csv:Line 832] invalid bill total 'NOT_A_NUMBER': must be a non-negative number | Raw Data: [831 1 1 NOT_A_NUMBER 2026-08-01 12:00:00 SUCCESS]
[transactions_01.csv:Line 878] expected 6 columns, got 3 | Raw Data: [877 1 100.00]
[transactions_01.csv:Line 886] invalid bill total 'NOT_A_NUMBER': must be a non-negative number | Raw Data: [885 1 1 NOT_A_NUMBER 2026-08-01 12:00:00 SUCCESS]
[transactions_05.csv:Line 609] invalid status 'UNKNOWN_STATUS': must be SUCCESS, PENDING, FAILED, or REFUNDED | Raw Data: [40608 1 1 5000 2026-08-01 12:00:00 UNKNOWN_STATUS]
[transactions_05.csv:Line 614] invalid timestamp format 'INVALID_DATE_TIME': unsupported date format | Raw Data: [40613 1 1 5000 INVALID_DATE_TIME SUCCESS]
[transactions_01.csv:Line 920] invalid status 'UNKNOWN_STATUS': must be SUCCESS, PENDING, FAILED, or REFUNDED | Raw Data: [919 1 1 5000 2026-08-01 12:00:00 UNKNOWN_STATUS]
[transactions_01.csv:Line 932] invalid bill total 'NOT_A_NUMBER': must be a non-negative number | Raw Data: [931 1 1 NOT_A_NUMBER 2026-08-01 12:00:00 SUCCESS]
[transactions_04.csv:Line 1611] expected 6 columns, got 3 | Raw Data: [31610 1 100.00]
[transactions_01.csv:Line 1003] expected 6 columns, got 3 | Raw Data: [1002 1 100.00]
[transactions_01.csv:Line 1007] invalid bill total 'NOT_A_NUMBER': must be a non-negative number | Raw Data: [1006 1 1 NOT_A_NUMBER 2026-08-01 12:00:00 SUCCESS]
[transactions_01.csv:Line 1009] invalid bill total 'NOT_A_NUMBER': must be a non-negative number | Raw Data: [1008 1 1 NOT_A_NUMBER 2026-08-01 12:00:00 SUCCESS]
[transactions_03.csv:Line 684] invalid bill total 'NOT_A_NUMBER': must be a non-negative number | Raw Data: [20683 1 1 NOT_A_NUMBER 2026-08-01 12:00:00 SUCCESS]
[transactions_03.csv:Line 722] invalid timestamp format 'INVALID_DATE_TIME': unsupported date format | Raw Data: [20721 1 1 5000 INVALID_DATE_TIME SUCCESS]
[transactions_03.csv:Line 734] invalid timestamp format 'INVALID_DATE_TIME': unsupported date format | Raw Data: [20733 1 1 5000 INVALID_DATE_TIME SUCCESS]
[transactions_05.csv:Line 673] invalid bill total 'NOT_A_NUMBER': must be a non-negative number | Raw Data: [40672 1 1 NOT_A_NUMBER 2026-08-01 12:00:00 SUCCESS]
[transactions_02.csv:Line 729] invalid bill total 'NOT_A_NUMBER': must be a non-negative number | Raw Data: [10728 1 1 NOT_A_NUMBER 2026-08-01 12:00:00 SUCCESS]
[transactions_05.csv:Line 715] invalid status 'UNKNOWN_STATUS': must be SUCCESS, PENDING, FAILED, or REFUNDED | Raw Data: [40714 1 1 5000 2026-08-01 12:00:00 UNKNOWN_STATUS]
[transactions_05.csv:Line 719] invalid status 'UNKNOWN_STATUS': must be SUCCESS, PENDING, FAILED, or REFUNDED | Raw Data: [40718 1 1 5000 2026-08-01 12:00:00 UNKNOWN_STATUS]
[transactions_03.csv:Line 828] invalid status 'UNKNOWN_STATUS': must be SUCCESS, PENDING, FAILED, or REFUNDED | Raw Data: [20827 1 1 5000 2026-08-01 12:00:00 UNKNOWN_STATUS]
[transactions_03.csv:Line 835] invalid status 'UNKNOWN_STATUS': must be SUCCESS, PENDING, FAILED, or REFUNDED | Raw Data: [20834 1 1 5000 2026-08-01 12:00:00 UNKNOWN_STATUS]
[transactions_02.csv:Line 772] invalid status 'UNKNOWN_STATUS': must be SUCCESS, PENDING, FAILED, or REFUNDED | Raw Data: [10771 1 1 5000 2026-08-01 12:00:00 UNKNOWN_STATUS]
[transactions_03.csv:Line 851] invalid status 'UNKNOWN_STATUS': must be SUCCESS, PENDING, FAILED, or REFUNDED | Raw Data: [20850 1 1 5000 2026-08-01 12:00:00 UNKNOWN_STATUS]
[transactions_05.csv:Line 750] invalid timestamp format 'INVALID_DATE_TIME': unsupported date format | Raw Data: [40749 1 1 5000 INVALID_DATE_TIME SUCCESS]
[transactions_02.csv:Line 793] invalid timestamp format 'INVALID_DATE_TIME': unsupported date format | Raw Data: [10792 1 1 5000 INVALID_DATE_TIME SUCCESS]
[transactions_02.csv:Line 805] invalid bill total 'NOT_A_NUMBER': must be a non-negative number | Raw Data: [10804 1 1 NOT_A_NUMBER 2026-08-01 12:00:00 SUCCESS]
[transactions_05.csv:Line 759] invalid timestamp format 'INVALID_DATE_TIME': unsupported date format | Raw Data: [40758 1 1 5000 INVALID_DATE_TIME SUCCESS]
[transactions_05.csv:Line 771] invalid timestamp format 'INVALID_DATE_TIME': unsupported date format | Raw Data: [40770 1 1 5000 INVALID_DATE_TIME SUCCESS]
[transactions_05.csv:Line 813] invalid status 'UNKNOWN_STATUS': must be SUCCESS, PENDING, FAILED, or REFUNDED | Raw Data: [40812 1 1 5000 2026-08-01 12:00:00 UNKNOWN_STATUS]
[transactions_04.csv:Line 1650] expected 6 columns, got 3 | Raw Data: [31649 1 100.00]
[transactions_02.csv:Line 849] expected 6 columns, got 3 | Raw Data: [10848 1 100.00]
[transactions_01.csv:Line 1044] invalid status 'UNKNOWN_STATUS': must be SUCCESS, PENDING, FAILED, or REFUNDED | Raw Data: [1043 1 1 5000 2026-08-01 12:00:00 UNKNOWN_STATUS]
[transactions_02.csv:Line 863] invalid status 'UNKNOWN_STATUS': must be SUCCESS, PENDING, FAILED, or REFUNDED | Raw Data: [10862 1 1 5000 2026-08-01 12:00:00 UNKNOWN_STATUS]
[transactions_01.csv:Line 1051] invalid timestamp format 'INVALID_DATE_TIME': unsupported date format | Raw Data: [1050 1 1 5000 INVALID_DATE_TIME SUCCESS]
[transactions_05.csv:Line 840] invalid status 'UNKNOWN_STATUS': must be SUCCESS, PENDING, FAILED, or REFUNDED | Raw Data: [40839 1 1 5000 2026-08-01 12:00:00 UNKNOWN_STATUS]
[transactions_05.csv:Line 870] invalid status 'UNKNOWN_STATUS': must be SUCCESS, PENDING, FAILED, or REFUNDED | Raw Data: [40869 1 1 5000 2026-08-01 12:00:00 UNKNOWN_STATUS]
[transactions_02.csv:Line 919] invalid status 'UNKNOWN_STATUS': must be SUCCESS, PENDING, FAILED, or REFUNDED | Raw Data: [10918 1 1 5000 2026-08-01 12:00:00 UNKNOWN_STATUS]
[transactions_03.csv:Line 906] invalid timestamp format 'INVALID_DATE_TIME': unsupported date format | Raw Data: [20905 1 1 5000 INVALID_DATE_TIME SUCCESS]
[transactions_02.csv:Line 927] invalid bill total 'NOT_A_NUMBER': must be a non-negative number | Raw Data: [10926 1 1 NOT_A_NUMBER 2026-08-01 12:00:00 SUCCESS]
[transactions_01.csv:Line 1138] expected 6 columns, got 3 | Raw Data: [1137 1 100.00]
[transactions_01.csv:Line 1152] invalid status 'UNKNOWN_STATUS': must be SUCCESS, PENDING, FAILED, or REFUNDED | Raw Data: [1151 1 1 5000 2026-08-01 12:00:00 UNKNOWN_STATUS]
[transactions_05.csv:Line 924] expected 6 columns, got 3 | Raw Data: [40923 1 100.00]
[transactions_05.csv:Line 944] invalid status 'UNKNOWN_STATUS': must be SUCCESS, PENDING, FAILED, or REFUNDED | Raw Data: [40943 1 1 5000 2026-08-01 12:00:00 UNKNOWN_STATUS]
[transactions_04.csv:Line 1787] expected 6 columns, got 3 | Raw Data: [31786 1 100.00]
[transactions_04.csv:Line 1810] invalid status 'UNKNOWN_STATUS': must be SUCCESS, PENDING, FAILED, or REFUNDED | Raw Data: [31809 1 1 5000 2026-08-01 12:00:00 UNKNOWN_STATUS]
[transactions_04.csv:Line 1814] invalid status 'UNKNOWN_STATUS': must be SUCCESS, PENDING, FAILED, or REFUNDED | Raw Data: [31813 1 1 5000 2026-08-01 12:00:00 UNKNOWN_STATUS]
[transactions_03.csv:Line 937] invalid timestamp format 'INVALID_DATE_TIME': unsupported date format | Raw Data: [20936 1 1 5000 INVALID_DATE_TIME SUCCESS]
[transactions_03.csv:Line 954] invalid bill total 'NOT_A_NUMBER': must be a non-negative number | Raw Data: [20953 1 1 NOT_A_NUMBER 2026-08-01 12:00:00 SUCCESS]
[transactions_03.csv:Line 1014] invalid timestamp format 'INVALID_DATE_TIME': unsupported date format | Raw Data: [21013 1 1 5000 INVALID_DATE_TIME SUCCESS]
[transactions_03.csv:Line 1020] invalid status 'UNKNOWN_STATUS': must be SUCCESS, PENDING, FAILED, or REFUNDED | Raw Data: [21019 1 1 5000 2026-08-01 12:00:00 UNKNOWN_STATUS]
[transactions_02.csv:Line 979] expected 6 columns, got 3 | Raw Data: [10978 1 100.00]
[transactions_02.csv:Line 1010] invalid timestamp format 'INVALID_DATE_TIME': unsupported date format | Raw Data: [11009 1 1 5000 INVALID_DATE_TIME SUCCESS]
[transactions_02.csv:Line 1028] expected 6 columns, got 3 | Raw Data: [11027 1 100.00]
[transactions_02.csv:Line 1078] expected 6 columns, got 3 | Raw Data: [11077 1 100.00]
[transactions_03.csv:Line 1145] invalid status 'UNKNOWN_STATUS': must be SUCCESS, PENDING, FAILED, or REFUNDED | Raw Data: [21144 1 1 5000 2026-08-01 12:00:00 UNKNOWN_STATUS]
[transactions_04.csv:Line 1890] invalid status 'UNKNOWN_STATUS': must be SUCCESS, PENDING, FAILED, or REFUNDED | Raw Data: [31889 1 1 5000 2026-08-01 12:00:00 UNKNOWN_STATUS]
[transactions_04.csv:Line 1931] invalid timestamp format 'INVALID_DATE_TIME': unsupported date format | Raw Data: [31930 1 1 5000 INVALID_DATE_TIME SUCCESS]
[transactions_05.csv:Line 1044] expected 6 columns, got 3 | Raw Data: [41043 1 100.00]
[transactions_01.csv:Line 1292] invalid timestamp format 'INVALID_DATE_TIME': unsupported date format | Raw Data: [1291 1 1 5000 INVALID_DATE_TIME SUCCESS]
[transactions_05.csv:Line 1065] invalid bill total 'NOT_A_NUMBER': must be a non-negative number | Raw Data: [41064 1 1 NOT_A_NUMBER 2026-08-01 12:00:00 SUCCESS]
[transactions_04.csv:Line 1964] invalid bill total 'NOT_A_NUMBER': must be a non-negative number | Raw Data: [31963 1 1 NOT_A_NUMBER 2026-08-01 12:00:00 SUCCESS]
[transactions_02.csv:Line 1117] invalid bill total 'NOT_A_NUMBER': must be a non-negative number | Raw Data: [11116 1 1 NOT_A_NUMBER 2026-08-01 12:00:00 SUCCESS]
[transactions_02.csv:Line 1158] expected 6 columns, got 3 | Raw Data: [11157 1 100.00]
[transactions_01.csv:Line 1360] invalid timestamp format 'INVALID_DATE_TIME': unsupported date format | Raw Data: [1359 1 1 5000 INVALID_DATE_TIME SUCCESS]
[transactions_02.csv:Line 1215] invalid status 'UNKNOWN_STATUS': must be SUCCESS, PENDING, FAILED, or REFUNDED | Raw Data: [11214 1 1 5000 2026-08-01 12:00:00 UNKNOWN_STATUS]
[transactions_02.csv:Line 1229] invalid bill total 'NOT_A_NUMBER': must be a non-negative number | Raw Data: [11228 1 1 NOT_A_NUMBER 2026-08-01 12:00:00 SUCCESS]
[transactions_02.csv:Line 1251] invalid status 'UNKNOWN_STATUS': must be SUCCESS, PENDING, FAILED, or REFUNDED | Raw Data: [11250 1 1 5000 2026-08-01 12:00:00 UNKNOWN_STATUS]
[transactions_01.csv:Line 1416] invalid timestamp format 'INVALID_DATE_TIME': unsupported date format | Raw Data: [1415 1 1 5000 INVALID_DATE_TIME SUCCESS]
[transactions_02.csv:Line 1268] expected 6 columns, got 3 | Raw Data: [11267 1 100.00]
[transactions_03.csv:Line 1220] invalid timestamp format 'INVALID_DATE_TIME': unsupported date format | Raw Data: [21219 1 1 5000 INVALID_DATE_TIME SUCCESS]
[transactions_03.csv:Line 1234] expected 6 columns, got 3 | Raw Data: [21233 1 100.00]
[transactions_03.csv:Line 1248] invalid bill total 'NOT_A_NUMBER': must be a non-negative number | Raw Data: [21247 1 1 NOT_A_NUMBER 2026-08-01 12:00:00 SUCCESS]
[transactions_05.csv:Line 1132] expected 6 columns, got 3 | Raw Data: [41131 1 100.00]
[transactions_03.csv:Line 1326] expected 6 columns, got 3 | Raw Data: [21325 1 100.00]
[transactions_01.csv:Line 1515] invalid timestamp format 'INVALID_DATE_TIME': unsupported date format | Raw Data: [1514 1 1 5000 INVALID_DATE_TIME SUCCESS]
[transactions_05.csv:Line 1149] invalid timestamp format 'INVALID_DATE_TIME': unsupported date format | Raw Data: [41148 1 1 5000 INVALID_DATE_TIME SUCCESS]
[transactions_05.csv:Line 1173] invalid bill total 'NOT_A_NUMBER': must be a non-negative number | Raw Data: [41172 1 1 NOT_A_NUMBER 2026-08-01 12:00:00 SUCCESS]
[transactions_05.csv:Line 1208] invalid bill total 'NOT_A_NUMBER': must be a non-negative number | Raw Data: [41207 1 1 NOT_A_NUMBER 2026-08-01 12:00:00 SUCCESS]
[transactions_05.csv:Line 1324] invalid timestamp format 'INVALID_DATE_TIME': unsupported date format | Raw Data: [41323 1 1 5000 INVALID_DATE_TIME SUCCESS]
[transactions_05.csv:Line 1326] invalid timestamp format 'INVALID_DATE_TIME': unsupported date format | Raw Data: [41325 1 1 5000 INVALID_DATE_TIME SUCCESS]
[transactions_05.csv:Line 1356] expected 6 columns, got 3 | Raw Data: [41355 1 100.00]
[transactions_05.csv:Line 1473] expected 6 columns, got 3 | Raw Data: [41472 1 100.00]
[transactions_05.csv:Line 1481] expected 6 columns, got 3 | Raw Data: [41480 1 100.00]
[transactions_05.csv:Line 1517] invalid timestamp format 'INVALID_DATE_TIME': unsupported date format | Raw Data: [41516 1 1 5000 INVALID_DATE_TIME SUCCESS]
[transactions_05.csv:Line 1482] invalid status 'UNKNOWN_STATUS': must be SUCCESS, PENDING, FAILED, or REFUNDED | Raw Data: [41481 1 1 5000 2026-08-01 12:00:00 UNKNOWN_STATUS]
[transactions_02.csv:Line 1371] expected 6 columns, got 3 | Raw Data: [11370 1 100.00]
[transactions_04.csv:Line 2032] invalid status 'UNKNOWN_STATUS': must be SUCCESS, PENDING, FAILED, or REFUNDED | Raw Data: [32031 1 1 5000 2026-08-01 12:00:00 UNKNOWN_STATUS]
[transactions_02.csv:Line 1400] invalid status 'UNKNOWN_STATUS': must be SUCCESS, PENDING, FAILED, or REFUNDED | Raw Data: [11399 1 1 5000 2026-08-01 12:00:00 UNKNOWN_STATUS]
[transactions_05.csv:Line 1568] expected 6 columns, got 3 | Raw Data: [41567 1 100.00]
[transactions_04.csv:Line 2062] invalid status 'UNKNOWN_STATUS': must be SUCCESS, PENDING, FAILED, or REFUNDED | Raw Data: [32061 1 1 5000 2026-08-01 12:00:00 UNKNOWN_STATUS]
[transactions_02.csv:Line 1440] invalid status 'UNKNOWN_STATUS': must be SUCCESS, PENDING, FAILED, or REFUNDED | Raw Data: [11439 1 1 5000 2026-08-01 12:00:00 UNKNOWN_STATUS]
[transactions_02.csv:Line 1454] invalid status 'UNKNOWN_STATUS': must be SUCCESS, PENDING, FAILED, or REFUNDED | Raw Data: [11453 1 1 5000 2026-08-01 12:00:00 UNKNOWN_STATUS]
[transactions_01.csv:Line 1613] invalid bill total 'NOT_A_NUMBER': must be a non-negative number | Raw Data: [1612 1 1 NOT_A_NUMBER 2026-08-01 12:00:00 SUCCESS]
[transactions_03.csv:Line 1418] invalid status 'UNKNOWN_STATUS': must be SUCCESS, PENDING, FAILED, or REFUNDED | Raw Data: [21417 1 1 5000 2026-08-01 12:00:00 UNKNOWN_STATUS]
[transactions_05.csv:Line 1607] invalid timestamp format 'INVALID_DATE_TIME': unsupported date format | Raw Data: [41606 1 1 5000 INVALID_DATE_TIME SUCCESS]
[transactions_01.csv:Line 1626] invalid status 'UNKNOWN_STATUS': must be SUCCESS, PENDING, FAILED, or REFUNDED | Raw Data: [1625 1 1 5000 2026-08-01 12:00:00 UNKNOWN_STATUS]
[transactions_04.csv:Line 2212] invalid status 'UNKNOWN_STATUS': must be SUCCESS, PENDING, FAILED, or REFUNDED | Raw Data: [32211 1 1 5000 2026-08-01 12:00:00 UNKNOWN_STATUS]
[transactions_03.csv:Line 1466] expected 6 columns, got 3 | Raw Data: [21465 1 100.00]
[transactions_05.csv:Line 1623] invalid timestamp format 'INVALID_DATE_TIME': unsupported date format | Raw Data: [41622 1 1 5000 INVALID_DATE_TIME SUCCESS]
[transactions_02.csv:Line 1495] expected 6 columns, got 3 | Raw Data: [11494 1 100.00]
[transactions_02.csv:Line 1508] invalid bill total 'NOT_A_NUMBER': must be a non-negative number | Raw Data: [11507 1 1 NOT_A_NUMBER 2026-08-01 12:00:00 SUCCESS]
[transactions_05.csv:Line 1629] invalid bill total 'NOT_A_NUMBER': must be a non-negative number | Raw Data: [41628 1 1 NOT_A_NUMBER 2026-08-01 12:00:00 SUCCESS]
[transactions_03.csv:Line 1500] invalid status 'UNKNOWN_STATUS': must be SUCCESS, PENDING, FAILED, or REFUNDED | Raw Data: [21499 1 1 5000 2026-08-01 12:00:00 UNKNOWN_STATUS]
[transactions_05.csv:Line 1662] invalid timestamp format 'INVALID_DATE_TIME': unsupported date format | Raw Data: [41661 1 1 5000 INVALID_DATE_TIME SUCCESS]
[transactions_05.csv:Line 1700] invalid bill total 'NOT_A_NUMBER': must be a non-negative number | Raw Data: [41699 1 1 NOT_A_NUMBER 2026-08-01 12:00:00 SUCCESS]
[transactions_01.csv:Line 1725] expected 6 columns, got 3 | Raw Data: [1724 1 100.00]
[transactions_05.csv:Line 1795] invalid bill total 'NOT_A_NUMBER': must be a non-negative number | Raw Data: [41794 1 1 NOT_A_NUMBER 2026-08-01 12:00:00 SUCCESS]
[transactions_05.csv:Line 1800] invalid bill total 'NOT_A_NUMBER': must be a non-negative number | Raw Data: [41799 1 1 NOT_A_NUMBER 2026-08-01 12:00:00 SUCCESS]
[transactions_01.csv:Line 1776] invalid bill total 'NOT_A_NUMBER': must be a non-negative number | Raw Data: [1775 1 1 NOT_A_NUMBER 2026-08-01 12:00:00 SUCCESS]
[transactions_04.csv:Line 2272] invalid bill total 'NOT_A_NUMBER': must be a non-negative number | Raw Data: [32271 1 1 NOT_A_NUMBER 2026-08-01 12:00:00 SUCCESS]
[transactions_05.csv:Line 1938] invalid bill total 'NOT_A_NUMBER': must be a non-negative number | Raw Data: [41937 1 1 NOT_A_NUMBER 2026-08-01 12:00:00 SUCCESS]
[transactions_05.csv:Line 1956] invalid timestamp format 'INVALID_DATE_TIME': unsupported date format | Raw Data: [41955 1 1 5000 INVALID_DATE_TIME SUCCESS]
[transactions_02.csv:Line 1561] invalid bill total 'NOT_A_NUMBER': must be a non-negative number | Raw Data: [11560 1 1 NOT_A_NUMBER 2026-08-01 12:00:00 SUCCESS]
[transactions_05.csv:Line 1971] invalid bill total 'NOT_A_NUMBER': must be a non-negative number | Raw Data: [41970 1 1 NOT_A_NUMBER 2026-08-01 12:00:00 SUCCESS]
[transactions_03.csv:Line 1547] invalid timestamp format 'INVALID_DATE_TIME': unsupported date format | Raw Data: [21546 1 1 5000 INVALID_DATE_TIME SUCCESS]
[transactions_01.csv:Line 1856] invalid bill total 'NOT_A_NUMBER': must be a non-negative number | Raw Data: [1855 1 1 NOT_A_NUMBER 2026-08-01 12:00:00 SUCCESS]
[transactions_03.csv:Line 1573] invalid bill total 'NOT_A_NUMBER': must be a non-negative number | Raw Data: [21572 1 1 NOT_A_NUMBER 2026-08-01 12:00:00 SUCCESS]
[transactions_02.csv:Line 1584] invalid timestamp format 'INVALID_DATE_TIME': unsupported date format | Raw Data: [11583 1 1 5000 INVALID_DATE_TIME SUCCESS]
[transactions_03.csv:Line 1584] invalid bill total 'NOT_A_NUMBER': must be a non-negative number | Raw Data: [21583 1 1 NOT_A_NUMBER 2026-08-01 12:00:00 SUCCESS]
[transactions_04.csv:Line 2356] expected 6 columns, got 3 | Raw Data: [32355 1 100.00]
[transactions_04.csv:Line 2355] expected 6 columns, got 3 | Raw Data: [32354 1 100.00]
[transactions_05.csv:Line 2041] invalid status 'UNKNOWN_STATUS': must be SUCCESS, PENDING, FAILED, or REFUNDED | Raw Data: [42040 1 1 5000 2026-08-01 12:00:00 UNKNOWN_STATUS]
[transactions_05.csv:Line 2074] invalid status 'UNKNOWN_STATUS': must be SUCCESS, PENDING, FAILED, or REFUNDED | Raw Data: [42073 1 1 5000 2026-08-01 12:00:00 UNKNOWN_STATUS]
[transactions_02.csv:Line 1621] invalid status 'UNKNOWN_STATUS': must be SUCCESS, PENDING, FAILED, or REFUNDED | Raw Data: [11620 1 1 5000 2026-08-01 12:00:00 UNKNOWN_STATUS]
[transactions_05.csv:Line 2091] expected 6 columns, got 3 | Raw Data: [42090 1 100.00]
[transactions_03.csv:Line 1616] expected 6 columns, got 3 | Raw Data: [21615 1 100.00]
[transactions_03.csv:Line 1629] invalid bill total 'NOT_A_NUMBER': must be a non-negative number | Raw Data: [21628 1 1 NOT_A_NUMBER 2026-08-01 12:00:00 SUCCESS]
[transactions_05.csv:Line 2154] expected 6 columns, got 3 | Raw Data: [42153 1 100.00]
[transactions_05.csv:Line 2158] invalid timestamp format 'INVALID_DATE_TIME': unsupported date format | Raw Data: [42157 1 1 5000 INVALID_DATE_TIME SUCCESS]
[transactions_05.csv:Line 2173] invalid status 'UNKNOWN_STATUS': must be SUCCESS, PENDING, FAILED, or REFUNDED | Raw Data: [42172 1 1 5000 2026-08-01 12:00:00 UNKNOWN_STATUS]
[transactions_03.csv:Line 1656] invalid bill total 'NOT_A_NUMBER': must be a non-negative number | Raw Data: [21655 1 1 NOT_A_NUMBER 2026-08-01 12:00:00 SUCCESS]
[transactions_03.csv:Line 1647] invalid status 'UNKNOWN_STATUS': must be SUCCESS, PENDING, FAILED, or REFUNDED | Raw Data: [21646 1 1 5000 2026-08-01 12:00:00 UNKNOWN_STATUS]
[transactions_05.csv:Line 2207] expected 6 columns, got 3 | Raw Data: [42206 1 100.00]
[transactions_05.csv:Line 2212] expected 6 columns, got 3 | Raw Data: [42211 1 100.00]
[transactions_02.csv:Line 1653] invalid bill total 'NOT_A_NUMBER': must be a non-negative number | Raw Data: [11652 1 1 NOT_A_NUMBER 2026-08-01 12:00:00 SUCCESS]
[transactions_04.csv:Line 2471] invalid bill total 'NOT_A_NUMBER': must be a non-negative number | Raw Data: [32470 1 1 NOT_A_NUMBER 2026-08-01 12:00:00 SUCCESS]
[transactions_05.csv:Line 2299] invalid timestamp format 'INVALID_DATE_TIME': unsupported date format | Raw Data: [42298 1 1 5000 INVALID_DATE_TIME SUCCESS]
[transactions_04.csv:Line 2552] expected 6 columns, got 3 | Raw Data: [32551 1 100.00]
[transactions_02.csv:Line 1770] invalid timestamp format 'INVALID_DATE_TIME': unsupported date format | Raw Data: [11769 1 1 5000 INVALID_DATE_TIME SUCCESS]
[transactions_04.csv:Line 2615] invalid bill total 'NOT_A_NUMBER': must be a non-negative number | Raw Data: [32614 1 1 NOT_A_NUMBER 2026-08-01 12:00:00 SUCCESS]
[transactions_01.csv:Line 1996] invalid timestamp format 'INVALID_DATE_TIME': unsupported date format | Raw Data: [1995 1 1 5000 INVALID_DATE_TIME SUCCESS]
[transactions_05.csv:Line 2433] invalid status 'UNKNOWN_STATUS': must be SUCCESS, PENDING, FAILED, or REFUNDED | Raw Data: [42432 1 1 5000 2026-08-01 12:00:00 UNKNOWN_STATUS]
[transactions_04.csv:Line 2641] expected 6 columns, got 3 | Raw Data: [32640 1 100.00]
[transactions_02.csv:Line 1937] invalid status 'UNKNOWN_STATUS': must be SUCCESS, PENDING, FAILED, or REFUNDED | Raw Data: [11936 1 1 5000 2026-08-01 12:00:00 UNKNOWN_STATUS]
[transactions_01.csv:Line 2019] expected 6 columns, got 3 | Raw Data: [2018 1 100.00]
[transactions_05.csv:Line 2484] expected 6 columns, got 3 | Raw Data: [42483 1 100.00]
[transactions_05.csv:Line 2516] expected 6 columns, got 3 | Raw Data: [42515 1 100.00]
[transactions_04.csv:Line 2697] invalid status 'UNKNOWN_STATUS': must be SUCCESS, PENDING, FAILED, or REFUNDED | Raw Data: [32696 1 1 5000 2026-08-01 12:00:00 UNKNOWN_STATUS]
[transactions_02.csv:Line 2045] invalid status 'UNKNOWN_STATUS': must be SUCCESS, PENDING, FAILED, or REFUNDED | Raw Data: [12044 1 1 5000 2026-08-01 12:00:00 UNKNOWN_STATUS]
[transactions_05.csv:Line 2531] expected 6 columns, got 3 | Raw Data: [42530 1 100.00]
[transactions_05.csv:Line 2536] invalid bill total 'NOT_A_NUMBER': must be a non-negative number | Raw Data: [42535 1 1 NOT_A_NUMBER 2026-08-01 12:00:00 SUCCESS]
[transactions_02.csv:Line 2093] expected 6 columns, got 3 | Raw Data: [12092 1 100.00]
[transactions_05.csv:Line 2578] expected 6 columns, got 3 | Raw Data: [42577 1 100.00]
[transactions_01.csv:Line 2153] invalid status 'UNKNOWN_STATUS': must be SUCCESS, PENDING, FAILED, or REFUNDED | Raw Data: [2152 1 1 5000 2026-08-01 12:00:00 UNKNOWN_STATUS]
[transactions_04.csv:Line 2758] invalid timestamp format 'INVALID_DATE_TIME': unsupported date format | Raw Data: [32757 1 1 5000 INVALID_DATE_TIME SUCCESS]
[transactions_05.csv:Line 2623] expected 6 columns, got 3 | Raw Data: [42622 1 100.00]
[transactions_05.csv:Line 2629] invalid timestamp format 'INVALID_DATE_TIME': unsupported date format | Raw Data: [42628 1 1 5000 INVALID_DATE_TIME SUCCESS]
[transactions_04.csv:Line 2809] invalid status 'UNKNOWN_STATUS': must be SUCCESS, PENDING, FAILED, or REFUNDED | Raw Data: [32808 1 1 5000 2026-08-01 12:00:00 UNKNOWN_STATUS]
[transactions_02.csv:Line 2166] expected 6 columns, got 3 | Raw Data: [12165 1 100.00]
[transactions_01.csv:Line 2221] invalid bill total 'NOT_A_NUMBER': must be a non-negative number | Raw Data: [2220 1 1 NOT_A_NUMBER 2026-08-01 12:00:00 SUCCESS]
[transactions_04.csv:Line 2834] invalid status 'UNKNOWN_STATUS': must be SUCCESS, PENDING, FAILED, or REFUNDED | Raw Data: [32833 1 1 5000 2026-08-01 12:00:00 UNKNOWN_STATUS]
[transactions_02.csv:Line 2186] expected 6 columns, got 3 | Raw Data: [12185 1 100.00]
[transactions_04.csv:Line 2846] expected 6 columns, got 3 | Raw Data: [32845 1 100.00]
[transactions_04.csv:Line 2865] expected 6 columns, got 3 | Raw Data: [32864 1 100.00]
[transactions_01.csv:Line 2261] invalid bill total 'NOT_A_NUMBER': must be a non-negative number | Raw Data: [2260 1 1 NOT_A_NUMBER 2026-08-01 12:00:00 SUCCESS]
[transactions_01.csv:Line 2272] invalid bill total 'NOT_A_NUMBER': must be a non-negative number | Raw Data: [2271 1 1 NOT_A_NUMBER 2026-08-01 12:00:00 SUCCESS]
[transactions_01.csv:Line 2273] invalid bill total 'NOT_A_NUMBER': must be a non-negative number | Raw Data: [2272 1 1 NOT_A_NUMBER 2026-08-01 12:00:00 SUCCESS]
[transactions_02.csv:Line 2214] invalid status 'UNKNOWN_STATUS': must be SUCCESS, PENDING, FAILED, or REFUNDED | Raw Data: [12213 1 1 5000 2026-08-01 12:00:00 UNKNOWN_STATUS]
[transactions_02.csv:Line 2222] invalid status 'UNKNOWN_STATUS': must be SUCCESS, PENDING, FAILED, or REFUNDED | Raw Data: [12221 1 1 5000 2026-08-01 12:00:00 UNKNOWN_STATUS]
[transactions_05.csv:Line 2725] invalid status 'UNKNOWN_STATUS': must be SUCCESS, PENDING, FAILED, or REFUNDED | Raw Data: [42724 1 1 5000 2026-08-01 12:00:00 UNKNOWN_STATUS]
[transactions_02.csv:Line 2242] expected 6 columns, got 3 | Raw Data: [12241 1 100.00]
[transactions_04.csv:Line 2896] expected 6 columns, got 3 | Raw Data: [32895 1 100.00]
[transactions_04.csv:Line 2910] invalid status 'UNKNOWN_STATUS': must be SUCCESS, PENDING, FAILED, or REFUNDED | Raw Data: [32909 1 1 5000 2026-08-01 12:00:00 UNKNOWN_STATUS]
[transactions_02.csv:Line 2271] invalid bill total 'NOT_A_NUMBER': must be a non-negative number | Raw Data: [12270 1 1 NOT_A_NUMBER 2026-08-01 12:00:00 SUCCESS]
[transactions_05.csv:Line 2776] invalid bill total 'NOT_A_NUMBER': must be a non-negative number | Raw Data: [42775 1 1 NOT_A_NUMBER 2026-08-01 12:00:00 SUCCESS]
[transactions_02.csv:Line 2294] invalid status 'UNKNOWN_STATUS': must be SUCCESS, PENDING, FAILED, or REFUNDED | Raw Data: [12293 1 1 5000 2026-08-01 12:00:00 UNKNOWN_STATUS]
[transactions_02.csv:Line 2295] invalid status 'UNKNOWN_STATUS': must be SUCCESS, PENDING, FAILED, or REFUNDED | Raw Data: [12294 1 1 5000 2026-08-01 12:00:00 UNKNOWN_STATUS]
[transactions_04.csv:Line 2936] expected 6 columns, got 3 | Raw Data: [32935 1 100.00]
[transactions_05.csv:Line 2806] invalid timestamp format 'INVALID_DATE_TIME': unsupported date format | Raw Data: [42805 1 1 5000 INVALID_DATE_TIME SUCCESS]
[transactions_04.csv:Line 2951] expected 6 columns, got 3 | Raw Data: [32950 1 100.00]
[transactions_04.csv:Line 2956] expected 6 columns, got 3 | Raw Data: [32955 1 100.00]
[transactions_01.csv:Line 2365] expected 6 columns, got 3 | Raw Data: [2364 1 100.00]
[transactions_04.csv:Line 2975] invalid timestamp format 'INVALID_DATE_TIME': unsupported date format | Raw Data: [32974 1 1 5000 INVALID_DATE_TIME SUCCESS]
[transactions_02.csv:Line 2343] invalid timestamp format 'INVALID_DATE_TIME': unsupported date format | Raw Data: [12342 1 1 5000 INVALID_DATE_TIME SUCCESS]
[transactions_04.csv:Line 2980] invalid timestamp format 'INVALID_DATE_TIME': unsupported date format | Raw Data: [32979 1 1 5000 INVALID_DATE_TIME SUCCESS]
[transactions_01.csv:Line 2416] invalid bill total 'NOT_A_NUMBER': must be a non-negative number | Raw Data: [2415 1 1 NOT_A_NUMBER 2026-08-01 12:00:00 SUCCESS]
[transactions_04.csv:Line 3027] invalid bill total 'NOT_A_NUMBER': must be a non-negative number | Raw Data: [33026 1 1 NOT_A_NUMBER 2026-08-01 12:00:00 SUCCESS]
[transactions_01.csv:Line 2449] invalid bill total 'NOT_A_NUMBER': must be a non-negative number | Raw Data: [2448 1 1 NOT_A_NUMBER 2026-08-01 12:00:00 SUCCESS]
[transactions_04.csv:Line 3032] invalid status 'UNKNOWN_STATUS': must be SUCCESS, PENDING, FAILED, or REFUNDED | Raw Data: [33031 1 1 5000 2026-08-01 12:00:00 UNKNOWN_STATUS]
[transactions_02.csv:Line 2432] expected 6 columns, got 3 | Raw Data: [12431 1 100.00]
[transactions_01.csv:Line 2516] invalid timestamp format 'INVALID_DATE_TIME': unsupported date format | Raw Data: [2515 1 1 5000 INVALID_DATE_TIME SUCCESS]
[transactions_02.csv:Line 2506] invalid bill total 'NOT_A_NUMBER': must be a non-negative number | Raw Data: [12505 1 1 NOT_A_NUMBER 2026-08-01 12:00:00 SUCCESS]
[transactions_01.csv:Line 2547] invalid timestamp format 'INVALID_DATE_TIME': unsupported date format | Raw Data: [2546 1 1 5000 INVALID_DATE_TIME SUCCESS]
[transactions_05.csv:Line 2962] invalid bill total 'NOT_A_NUMBER': must be a non-negative number | Raw Data: [42961 1 1 NOT_A_NUMBER 2026-08-01 12:00:00 SUCCESS]
[transactions_02.csv:Line 2551] invalid timestamp format 'INVALID_DATE_TIME': unsupported date format | Raw Data: [12550 1 1 5000 INVALID_DATE_TIME SUCCESS]
[transactions_04.csv:Line 3135] invalid status 'UNKNOWN_STATUS': must be SUCCESS, PENDING, FAILED, or REFUNDED | Raw Data: [33134 1 1 5000 2026-08-01 12:00:00 UNKNOWN_STATUS]
[transactions_05.csv:Line 3018] invalid status 'UNKNOWN_STATUS': must be SUCCESS, PENDING, FAILED, or REFUNDED | Raw Data: [43017 1 1 5000 2026-08-01 12:00:00 UNKNOWN_STATUS]
[transactions_01.csv:Line 2651] invalid timestamp format 'INVALID_DATE_TIME': unsupported date format | Raw Data: [2650 1 1 5000 INVALID_DATE_TIME SUCCESS]
[transactions_05.csv:Line 3076] expected 6 columns, got 3 | Raw Data: [43075 1 100.00]
[transactions_01.csv:Line 2707] invalid bill total 'NOT_A_NUMBER': must be a non-negative number | Raw Data: [2706 1 1 NOT_A_NUMBER 2026-08-01 12:00:00 SUCCESS]
[transactions_04.csv:Line 3229] invalid timestamp format 'INVALID_DATE_TIME': unsupported date format | Raw Data: [33228 1 1 5000 INVALID_DATE_TIME SUCCESS]
[transactions_05.csv:Line 3129] invalid timestamp format 'INVALID_DATE_TIME': unsupported date format | Raw Data: [43128 1 1 5000 INVALID_DATE_TIME SUCCESS]
[transactions_02.csv:Line 2688] invalid timestamp format 'INVALID_DATE_TIME': unsupported date format | Raw Data: [12687 1 1 5000 INVALID_DATE_TIME SUCCESS]
[transactions_02.csv:Line 2752] invalid bill total 'NOT_A_NUMBER': must be a non-negative number | Raw Data: [12751 1 1 NOT_A_NUMBER 2026-08-01 12:00:00 SUCCESS]
[transactions_01.csv:Line 2832] invalid status 'UNKNOWN_STATUS': must be SUCCESS, PENDING, FAILED, or REFUNDED | Raw Data: [2831 1 1 5000 2026-08-01 12:00:00 UNKNOWN_STATUS]
[transactions_05.csv:Line 3165] expected 6 columns, got 3 | Raw Data: [43164 1 100.00]
[transactions_04.csv:Line 3327] invalid status 'UNKNOWN_STATUS': must be SUCCESS, PENDING, FAILED, or REFUNDED | Raw Data: [33326 1 1 5000 2026-08-01 12:00:00 UNKNOWN_STATUS]
[transactions_01.csv:Line 2890] invalid status 'UNKNOWN_STATUS': must be SUCCESS, PENDING, FAILED, or REFUNDED | Raw Data: [2889 1 1 5000 2026-08-01 12:00:00 UNKNOWN_STATUS]
[transactions_05.csv:Line 3212] invalid status 'UNKNOWN_STATUS': must be SUCCESS, PENDING, FAILED, or REFUNDED | Raw Data: [43211 1 1 5000 2026-08-01 12:00:00 UNKNOWN_STATUS]
[transactions_01.csv:Line 2940] expected 6 columns, got 3 | Raw Data: [2939 1 100.00]
[transactions_05.csv:Line 3299] invalid timestamp format 'INVALID_DATE_TIME': unsupported date format | Raw Data: [43298 1 1 5000 INVALID_DATE_TIME SUCCESS]
[transactions_05.csv:Line 3316] invalid bill total 'NOT_A_NUMBER': must be a non-negative number | Raw Data: [43315 1 1 NOT_A_NUMBER 2026-08-01 12:00:00 SUCCESS]
[transactions_05.csv:Line 3319] invalid timestamp format 'INVALID_DATE_TIME': unsupported date format | Raw Data: [43318 1 1 5000 INVALID_DATE_TIME SUCCESS]
[transactions_01.csv:Line 3008] expected 6 columns, got 3 | Raw Data: [3007 1 100.00]
[transactions_05.csv:Line 3362] invalid status 'UNKNOWN_STATUS': must be SUCCESS, PENDING, FAILED, or REFUNDED | Raw Data: [43361 1 1 5000 2026-08-01 12:00:00 UNKNOWN_STATUS]
[transactions_05.csv:Line 3373] expected 6 columns, got 3 | Raw Data: [43372 1 100.00]
[transactions_01.csv:Line 3066] expected 6 columns, got 3 | Raw Data: [3065 1 100.00]
[transactions_04.csv:Line 3381] invalid bill total 'NOT_A_NUMBER': must be a non-negative number | Raw Data: [33380 1 1 NOT_A_NUMBER 2026-08-01 12:00:00 SUCCESS]
[transactions_01.csv:Line 3107] expected 6 columns, got 3 | Raw Data: [3106 1 100.00]
[transactions_02.csv:Line 2814] invalid bill total 'NOT_A_NUMBER': must be a non-negative number | Raw Data: [12813 1 1 NOT_A_NUMBER 2026-08-01 12:00:00 SUCCESS]
[transactions_02.csv:Line 2839] invalid timestamp format 'INVALID_DATE_TIME': unsupported date format | Raw Data: [12838 1 1 5000 INVALID_DATE_TIME SUCCESS]
[transactions_02.csv:Line 2925] invalid status 'UNKNOWN_STATUS': must be SUCCESS, PENDING, FAILED, or REFUNDED | Raw Data: [12924 1 1 5000 2026-08-01 12:00:00 UNKNOWN_STATUS]
[transactions_04.csv:Line 3443] invalid timestamp format 'INVALID_DATE_TIME': unsupported date format | Raw Data: [33442 1 1 5000 INVALID_DATE_TIME SUCCESS]
[transactions_02.csv:Line 2974] invalid status 'UNKNOWN_STATUS': must be SUCCESS, PENDING, FAILED, or REFUNDED | Raw Data: [12973 1 1 5000 2026-08-01 12:00:00 UNKNOWN_STATUS]
[transactions_03.csv:Line 1707] invalid timestamp format 'INVALID_DATE_TIME': unsupported date format | Raw Data: [21706 1 1 5000 INVALID_DATE_TIME SUCCESS]
[transactions_03.csv:Line 1709] invalid status 'UNKNOWN_STATUS': must be SUCCESS, PENDING, FAILED, or REFUNDED | Raw Data: [21708 1 1 5000 2026-08-01 12:00:00 UNKNOWN_STATUS]
[transactions_05.csv:Line 3472] expected 6 columns, got 3 | Raw Data: [43471 1 100.00]
[transactions_05.csv:Line 3484] expected 6 columns, got 3 | Raw Data: [43483 1 100.00]
[transactions_05.csv:Line 3495] invalid timestamp format 'INVALID_DATE_TIME': unsupported date format | Raw Data: [43494 1 1 5000 INVALID_DATE_TIME SUCCESS]
[transactions_01.csv:Line 3214] invalid bill total 'NOT_A_NUMBER': must be a non-negative number | Raw Data: [3213 1 1 NOT_A_NUMBER 2026-08-01 12:00:00 SUCCESS]
[transactions_03.csv:Line 1787] invalid timestamp format 'INVALID_DATE_TIME': unsupported date format | Raw Data: [21786 1 1 5000 INVALID_DATE_TIME SUCCESS]
[transactions_05.csv:Line 3521] invalid bill total 'NOT_A_NUMBER': must be a non-negative number | Raw Data: [43520 1 1 NOT_A_NUMBER 2026-08-01 12:00:00 SUCCESS]
[transactions_05.csv:Line 3561] expected 6 columns, got 3 | Raw Data: [43560 1 100.00]
[transactions_04.csv:Line 3579] invalid bill total 'NOT_A_NUMBER': must be a non-negative number | Raw Data: [33578 1 1 NOT_A_NUMBER 2026-08-01 12:00:00 SUCCESS]
[transactions_05.csv:Line 3580] invalid bill total 'NOT_A_NUMBER': must be a non-negative number | Raw Data: [43579 1 1 NOT_A_NUMBER 2026-08-01 12:00:00 SUCCESS]
[transactions_04.csv:Line 3621] invalid status 'UNKNOWN_STATUS': must be SUCCESS, PENDING, FAILED, or REFUNDED | Raw Data: [33620 1 1 5000 2026-08-01 12:00:00 UNKNOWN_STATUS]
[transactions_04.csv:Line 3734] invalid bill total 'NOT_A_NUMBER': must be a non-negative number | Raw Data: [33733 1 1 NOT_A_NUMBER 2026-08-01 12:00:00 SUCCESS]
[transactions_01.csv:Line 3350] expected 6 columns, got 3 | Raw Data: [3349 1 100.00]
[transactions_02.csv:Line 3137] invalid status 'UNKNOWN_STATUS': must be SUCCESS, PENDING, FAILED, or REFUNDED | Raw Data: [13136 1 1 5000 2026-08-01 12:00:00 UNKNOWN_STATUS]
[transactions_03.csv:Line 2104] invalid timestamp format 'INVALID_DATE_TIME': unsupported date format | Raw Data: [22103 1 1 5000 INVALID_DATE_TIME SUCCESS]
[transactions_02.csv:Line 3176] invalid timestamp format 'INVALID_DATE_TIME': unsupported date format | Raw Data: [13175 1 1 5000 INVALID_DATE_TIME SUCCESS]
[transactions_03.csv:Line 2147] invalid status 'UNKNOWN_STATUS': must be SUCCESS, PENDING, FAILED, or REFUNDED | Raw Data: [22146 1 1 5000 2026-08-01 12:00:00 UNKNOWN_STATUS]
[transactions_05.csv:Line 3688] invalid timestamp format 'INVALID_DATE_TIME': unsupported date format | Raw Data: [43687 1 1 5000 INVALID_DATE_TIME SUCCESS]
[transactions_03.csv:Line 2171] invalid timestamp format 'INVALID_DATE_TIME': unsupported date format | Raw Data: [22170 1 1 5000 INVALID_DATE_TIME SUCCESS]
[transactions_04.csv:Line 3847] invalid status 'UNKNOWN_STATUS': must be SUCCESS, PENDING, FAILED, or REFUNDED | Raw Data: [33846 1 1 5000 2026-08-01 12:00:00 UNKNOWN_STATUS]
[transactions_04.csv:Line 3853] invalid bill total 'NOT_A_NUMBER': must be a non-negative number | Raw Data: [33852 1 1 NOT_A_NUMBER 2026-08-01 12:00:00 SUCCESS]
[transactions_01.csv:Line 3416] expected 6 columns, got 3 | Raw Data: [3415 1 100.00]
[transactions_03.csv:Line 2223] invalid timestamp format 'INVALID_DATE_TIME': unsupported date format | Raw Data: [22222 1 1 5000 INVALID_DATE_TIME SUCCESS]
[transactions_02.csv:Line 3294] invalid status 'UNKNOWN_STATUS': must be SUCCESS, PENDING, FAILED, or REFUNDED | Raw Data: [13293 1 1 5000 2026-08-01 12:00:00 UNKNOWN_STATUS]
[transactions_02.csv:Line 3344] invalid timestamp format 'INVALID_DATE_TIME': unsupported date format | Raw Data: [13343 1 1 5000 INVALID_DATE_TIME SUCCESS]
[transactions_05.csv:Line 3851] expected 6 columns, got 3 | Raw Data: [43850 1 100.00]
[transactions_02.csv:Line 3368] expected 6 columns, got 3 | Raw Data: [13367 1 100.00]
[transactions_02.csv:Line 3389] expected 6 columns, got 3 | Raw Data: [13388 1 100.00]
[transactions_05.csv:Line 3954] invalid timestamp format 'INVALID_DATE_TIME': unsupported date format | Raw Data: [43953 1 1 5000 INVALID_DATE_TIME SUCCESS]
[transactions_05.csv:Line 3986] invalid timestamp format 'INVALID_DATE_TIME': unsupported date format | Raw Data: [43985 1 1 5000 INVALID_DATE_TIME SUCCESS]
[transactions_05.csv:Line 3992] invalid bill total 'NOT_A_NUMBER': must be a non-negative number | Raw Data: [43991 1 1 NOT_A_NUMBER 2026-08-01 12:00:00 SUCCESS]
[transactions_02.csv:Line 3528] expected 6 columns, got 3 | Raw Data: [13527 1 100.00]
[transactions_02.csv:Line 3572] invalid status 'UNKNOWN_STATUS': must be SUCCESS, PENDING, FAILED, or REFUNDED | Raw Data: [13571 1 1 5000 2026-08-01 12:00:00 UNKNOWN_STATUS]
[transactions_05.csv:Line 4136] invalid status 'UNKNOWN_STATUS': must be SUCCESS, PENDING, FAILED, or REFUNDED | Raw Data: [44135 1 1 5000 2026-08-01 12:00:00 UNKNOWN_STATUS]
[transactions_02.csv:Line 3677] expected 6 columns, got 3 | Raw Data: [13676 1 100.00]
[transactions_02.csv:Line 3670] invalid timestamp format 'INVALID_DATE_TIME': unsupported date format | Raw Data: [13669 1 1 5000 INVALID_DATE_TIME SUCCESS]
[transactions_05.csv:Line 4143] invalid status 'UNKNOWN_STATUS': must be SUCCESS, PENDING, FAILED, or REFUNDED | Raw Data: [44142 1 1 5000 2026-08-01 12:00:00 UNKNOWN_STATUS]
[transactions_05.csv:Line 4178] invalid bill total 'NOT_A_NUMBER': must be a non-negative number | Raw Data: [44177 1 1 NOT_A_NUMBER 2026-08-01 12:00:00 SUCCESS]
[transactions_02.csv:Line 3742] invalid status 'UNKNOWN_STATUS': must be SUCCESS, PENDING, FAILED, or REFUNDED | Raw Data: [13741 1 1 5000 2026-08-01 12:00:00 UNKNOWN_STATUS]
[transactions_05.csv:Line 4191] expected 6 columns, got 3 | Raw Data: [44190 1 100.00]
[transactions_02.csv:Line 3807] invalid timestamp format 'INVALID_DATE_TIME': unsupported date format | Raw Data: [13806 1 1 5000 INVALID_DATE_TIME SUCCESS]
[transactions_02.csv:Line 3832] invalid bill total 'NOT_A_NUMBER': must be a non-negative number | Raw Data: [13831 1 1 NOT_A_NUMBER 2026-08-01 12:00:00 SUCCESS]
[transactions_05.csv:Line 4306] invalid status 'UNKNOWN_STATUS': must be SUCCESS, PENDING, FAILED, or REFUNDED | Raw Data: [44305 1 1 5000 2026-08-01 12:00:00 UNKNOWN_STATUS]
[transactions_01.csv:Line 3481] invalid status 'UNKNOWN_STATUS': must be SUCCESS, PENDING, FAILED, or REFUNDED | Raw Data: [3480 1 1 5000 2026-08-01 12:00:00 UNKNOWN_STATUS]
[transactions_05.csv:Line 4333] invalid timestamp format 'INVALID_DATE_TIME': unsupported date format | Raw Data: [44332 1 1 5000 INVALID_DATE_TIME SUCCESS]
[transactions_01.csv:Line 3492] invalid bill total 'NOT_A_NUMBER': must be a non-negative number | Raw Data: [3491 1 1 NOT_A_NUMBER 2026-08-01 12:00:00 SUCCESS]
[transactions_01.csv:Line 3520] invalid status 'UNKNOWN_STATUS': must be SUCCESS, PENDING, FAILED, or REFUNDED | Raw Data: [3519 1 1 5000 2026-08-01 12:00:00 UNKNOWN_STATUS]
[transactions_01.csv:Line 3521] invalid bill total 'NOT_A_NUMBER': must be a non-negative number | Raw Data: [3520 1 1 NOT_A_NUMBER 2026-08-01 12:00:00 SUCCESS]
[transactions_05.csv:Line 4366] invalid timestamp format 'INVALID_DATE_TIME': unsupported date format | Raw Data: [44365 1 1 5000 INVALID_DATE_TIME SUCCESS]
[transactions_01.csv:Line 3538] invalid bill total 'NOT_A_NUMBER': must be a non-negative number | Raw Data: [3537 1 1 NOT_A_NUMBER 2026-08-01 12:00:00 SUCCESS]
[transactions_02.csv:Line 3884] invalid status 'UNKNOWN_STATUS': must be SUCCESS, PENDING, FAILED, or REFUNDED | Raw Data: [13883 1 1 5000 2026-08-01 12:00:00 UNKNOWN_STATUS]
[transactions_01.csv:Line 3593] invalid timestamp format 'INVALID_DATE_TIME': unsupported date format | Raw Data: [3592 1 1 5000 INVALID_DATE_TIME SUCCESS]
[transactions_05.csv:Line 4403] invalid timestamp format 'INVALID_DATE_TIME': unsupported date format | Raw Data: [44402 1 1 5000 INVALID_DATE_TIME SUCCESS]
[transactions_05.csv:Line 4421] expected 6 columns, got 3 | Raw Data: [44420 1 100.00]
[transactions_01.csv:Line 3626] expected 6 columns, got 3 | Raw Data: [3625 1 100.00]
[transactions_02.csv:Line 3912] invalid bill total 'NOT_A_NUMBER': must be a non-negative number | Raw Data: [13911 1 1 NOT_A_NUMBER 2026-08-01 12:00:00 SUCCESS]
[transactions_02.csv:Line 3929] invalid timestamp format 'INVALID_DATE_TIME': unsupported date format | Raw Data: [13928 1 1 5000 INVALID_DATE_TIME SUCCESS]
[transactions_02.csv:Line 3932] invalid status 'UNKNOWN_STATUS': must be SUCCESS, PENDING, FAILED, or REFUNDED | Raw Data: [13931 1 1 5000 2026-08-01 12:00:00 UNKNOWN_STATUS]
[transactions_01.csv:Line 3678] invalid bill total 'NOT_A_NUMBER': must be a non-negative number | Raw Data: [3677 1 1 NOT_A_NUMBER 2026-08-01 12:00:00 SUCCESS]
[transactions_05.csv:Line 4463] invalid status 'UNKNOWN_STATUS': must be SUCCESS, PENDING, FAILED, or REFUNDED | Raw Data: [44462 1 1 5000 2026-08-01 12:00:00 UNKNOWN_STATUS]
[transactions_04.csv:Line 4054] invalid bill total 'NOT_A_NUMBER': must be a non-negative number | Raw Data: [34053 1 1 NOT_A_NUMBER 2026-08-01 12:00:00 SUCCESS]
[transactions_04.csv:Line 4132] invalid status 'UNKNOWN_STATUS': must be SUCCESS, PENDING, FAILED, or REFUNDED | Raw Data: [34131 1 1 5000 2026-08-01 12:00:00 UNKNOWN_STATUS]
[transactions_04.csv:Line 4135] invalid timestamp format 'INVALID_DATE_TIME': unsupported date format | Raw Data: [34134 1 1 5000 INVALID_DATE_TIME SUCCESS]
[transactions_02.csv:Line 3964] expected 6 columns, got 3 | Raw Data: [13963 1 100.00]
[transactions_01.csv:Line 3709] invalid bill total 'NOT_A_NUMBER': must be a non-negative number | Raw Data: [3708 1 1 NOT_A_NUMBER 2026-08-01 12:00:00 SUCCESS]
[transactions_04.csv:Line 4143] invalid bill total 'NOT_A_NUMBER': must be a non-negative number | Raw Data: [34142 1 1 NOT_A_NUMBER 2026-08-01 12:00:00 SUCCESS]
[transactions_01.csv:Line 3727] expected 6 columns, got 3 | Raw Data: [3726 1 100.00]
[transactions_01.csv:Line 3751] invalid bill total 'NOT_A_NUMBER': must be a non-negative number | Raw Data: [3750 1 1 NOT_A_NUMBER 2026-08-01 12:00:00 SUCCESS]
[transactions_04.csv:Line 4198] invalid timestamp format 'INVALID_DATE_TIME': unsupported date format | Raw Data: [34197 1 1 5000 INVALID_DATE_TIME SUCCESS]
[transactions_02.csv:Line 4034] expected 6 columns, got 3 | Raw Data: [14033 1 100.00]
[transactions_04.csv:Line 4220] expected 6 columns, got 3 | Raw Data: [34219 1 100.00]
[transactions_01.csv:Line 3787] invalid status 'UNKNOWN_STATUS': must be SUCCESS, PENDING, FAILED, or REFUNDED | Raw Data: [3786 1 1 5000 2026-08-01 12:00:00 UNKNOWN_STATUS]
[transactions_05.csv:Line 4600] expected 6 columns, got 3 | Raw Data: [44599 1 100.00]
[transactions_03.csv:Line 2451] invalid timestamp format 'INVALID_DATE_TIME': unsupported date format | Raw Data: [22450 1 1 5000 INVALID_DATE_TIME SUCCESS]
[transactions_05.csv:Line 4639] invalid bill total 'NOT_A_NUMBER': must be a non-negative number | Raw Data: [44638 1 1 NOT_A_NUMBER 2026-08-01 12:00:00 SUCCESS]
[transactions_05.csv:Line 4648] invalid status 'UNKNOWN_STATUS': must be SUCCESS, PENDING, FAILED, or REFUNDED | Raw Data: [44647 1 1 5000 2026-08-01 12:00:00 UNKNOWN_STATUS]
[transactions_03.csv:Line 2469] invalid bill total 'NOT_A_NUMBER': must be a non-negative number | Raw Data: [22468 1 1 NOT_A_NUMBER 2026-08-01 12:00:00 SUCCESS]
[transactions_02.csv:Line 4105] invalid status 'UNKNOWN_STATUS': must be SUCCESS, PENDING, FAILED, or REFUNDED | Raw Data: [14104 1 1 5000 2026-08-01 12:00:00 UNKNOWN_STATUS]
[transactions_04.csv:Line 4313] invalid timestamp format 'INVALID_DATE_TIME': unsupported date format | Raw Data: [34312 1 1 5000 INVALID_DATE_TIME SUCCESS]
[transactions_02.csv:Line 4178] expected 6 columns, got 3 | Raw Data: [14177 1 100.00]
[transactions_02.csv:Line 4214] invalid timestamp format 'INVALID_DATE_TIME': unsupported date format | Raw Data: [14213 1 1 5000 INVALID_DATE_TIME SUCCESS]
[transactions_03.csv:Line 2584] invalid status 'UNKNOWN_STATUS': must be SUCCESS, PENDING, FAILED, or REFUNDED | Raw Data: [22583 1 1 5000 2026-08-01 12:00:00 UNKNOWN_STATUS]
[transactions_04.csv:Line 4382] invalid status 'UNKNOWN_STATUS': must be SUCCESS, PENDING, FAILED, or REFUNDED | Raw Data: [34381 1 1 5000 2026-08-01 12:00:00 UNKNOWN_STATUS]
[transactions_02.csv:Line 4237] invalid status 'UNKNOWN_STATUS': must be SUCCESS, PENDING, FAILED, or REFUNDED | Raw Data: [14236 1 1 5000 2026-08-01 12:00:00 UNKNOWN_STATUS]
[transactions_01.csv:Line 3889] expected 6 columns, got 3 | Raw Data: [3888 1 100.00]
[transactions_01.csv:Line 3893] expected 6 columns, got 3 | Raw Data: [3892 1 100.00]
[transactions_01.csv:Line 3899] expected 6 columns, got 3 | Raw Data: [3898 1 100.00]
[transactions_01.csv:Line 3916] invalid timestamp format 'INVALID_DATE_TIME': unsupported date format | Raw Data: [3915 1 1 5000 INVALID_DATE_TIME SUCCESS]
[transactions_01.csv:Line 3920] expected 6 columns, got 3 | Raw Data: [3919 1 100.00]
[transactions_03.csv:Line 2621] invalid timestamp format 'INVALID_DATE_TIME': unsupported date format | Raw Data: [22620 1 1 5000 INVALID_DATE_TIME SUCCESS]
[transactions_04.csv:Line 4426] invalid bill total 'NOT_A_NUMBER': must be a non-negative number | Raw Data: [34425 1 1 NOT_A_NUMBER 2026-08-01 12:00:00 SUCCESS]
[transactions_01.csv:Line 3952] invalid bill total 'NOT_A_NUMBER': must be a non-negative number | Raw Data: [3951 1 1 NOT_A_NUMBER 2026-08-01 12:00:00 SUCCESS]
[transactions_01.csv:Line 3964] invalid bill total 'NOT_A_NUMBER': must be a non-negative number | Raw Data: [3963 1 1 NOT_A_NUMBER 2026-08-01 12:00:00 SUCCESS]
[transactions_04.csv:Line 4442] expected 6 columns, got 3 | Raw Data: [34441 1 100.00]
[transactions_04.csv:Line 4451] invalid timestamp format 'INVALID_DATE_TIME': unsupported date format | Raw Data: [34450 1 1 5000 INVALID_DATE_TIME SUCCESS]
[transactions_04.csv:Line 4470] invalid bill total 'NOT_A_NUMBER': must be a non-negative number | Raw Data: [34469 1 1 NOT_A_NUMBER 2026-08-01 12:00:00 SUCCESS]
[transactions_01.csv:Line 3998] invalid bill total 'NOT_A_NUMBER': must be a non-negative number | Raw Data: [3997 1 1 NOT_A_NUMBER 2026-08-01 12:00:00 SUCCESS]
[transactions_04.csv:Line 4535] invalid timestamp format 'INVALID_DATE_TIME': unsupported date format | Raw Data: [34534 1 1 5000 INVALID_DATE_TIME SUCCESS]
[transactions_01.csv:Line 4006] expected 6 columns, got 3 | Raw Data: [4005 1 100.00]
[transactions_03.csv:Line 2691] invalid timestamp format 'INVALID_DATE_TIME': unsupported date format | Raw Data: [22690 1 1 5000 INVALID_DATE_TIME SUCCESS]
[transactions_03.csv:Line 2721] invalid status 'UNKNOWN_STATUS': must be SUCCESS, PENDING, FAILED, or REFUNDED | Raw Data: [22720 1 1 5000 2026-08-01 12:00:00 UNKNOWN_STATUS]
[transactions_01.csv:Line 4045] invalid bill total 'NOT_A_NUMBER': must be a non-negative number | Raw Data: [4044 1 1 NOT_A_NUMBER 2026-08-01 12:00:00 SUCCESS]
[transactions_02.csv:Line 4287] expected 6 columns, got 3 | Raw Data: [14286 1 100.00]
[transactions_04.csv:Line 4587] invalid status 'UNKNOWN_STATUS': must be SUCCESS, PENDING, FAILED, or REFUNDED | Raw Data: [34586 1 1 5000 2026-08-01 12:00:00 UNKNOWN_STATUS]
[transactions_02.csv:Line 4313] expected 6 columns, got 3 | Raw Data: [14312 1 100.00]
[transactions_05.csv:Line 4774] invalid status 'UNKNOWN_STATUS': must be SUCCESS, PENDING, FAILED, or REFUNDED | Raw Data: [44773 1 1 5000 2026-08-01 12:00:00 UNKNOWN_STATUS]
[transactions_04.csv:Line 4665] expected 6 columns, got 3 | Raw Data: [34664 1 100.00]
[transactions_01.csv:Line 4139] invalid bill total 'NOT_A_NUMBER': must be a non-negative number | Raw Data: [4138 1 1 NOT_A_NUMBER 2026-08-01 12:00:00 SUCCESS]
[transactions_01.csv:Line 4152] invalid timestamp format 'INVALID_DATE_TIME': unsupported date format | Raw Data: [4151 1 1 5000 INVALID_DATE_TIME SUCCESS]
[transactions_02.csv:Line 4385] invalid bill total 'NOT_A_NUMBER': must be a non-negative number | Raw Data: [14384 1 1 NOT_A_NUMBER 2026-08-01 12:00:00 SUCCESS]
[transactions_02.csv:Line 4390] invalid status 'UNKNOWN_STATUS': must be SUCCESS, PENDING, FAILED, or REFUNDED | Raw Data: [14389 1 1 5000 2026-08-01 12:00:00 UNKNOWN_STATUS]
[transactions_01.csv:Line 4182] invalid status 'UNKNOWN_STATUS': must be SUCCESS, PENDING, FAILED, or REFUNDED | Raw Data: [4181 1 1 5000 2026-08-01 12:00:00 UNKNOWN_STATUS]
[transactions_04.csv:Line 4750] invalid status 'UNKNOWN_STATUS': must be SUCCESS, PENDING, FAILED, or REFUNDED | Raw Data: [34749 1 1 5000 2026-08-01 12:00:00 UNKNOWN_STATUS]
[transactions_04.csv:Line 4754] invalid status 'UNKNOWN_STATUS': must be SUCCESS, PENDING, FAILED, or REFUNDED | Raw Data: [34753 1 1 5000 2026-08-01 12:00:00 UNKNOWN_STATUS]
[transactions_04.csv:Line 4758] invalid bill total 'NOT_A_NUMBER': must be a non-negative number | Raw Data: [34757 1 1 NOT_A_NUMBER 2026-08-01 12:00:00 SUCCESS]
[transactions_01.csv:Line 4238] expected 6 columns, got 3 | Raw Data: [4237 1 100.00]
[transactions_04.csv:Line 4791] expected 6 columns, got 3 | Raw Data: [34790 1 100.00]
[transactions_04.csv:Line 4814] invalid timestamp format 'INVALID_DATE_TIME': unsupported date format | Raw Data: [34813 1 1 5000 INVALID_DATE_TIME SUCCESS]
[transactions_02.csv:Line 4414] invalid status 'UNKNOWN_STATUS': must be SUCCESS, PENDING, FAILED, or REFUNDED | Raw Data: [14413 1 1 5000 2026-08-01 12:00:00 UNKNOWN_STATUS]
[transactions_02.csv:Line 4443] invalid status 'UNKNOWN_STATUS': must be SUCCESS, PENDING, FAILED, or REFUNDED | Raw Data: [14442 1 1 5000 2026-08-01 12:00:00 UNKNOWN_STATUS]
[transactions_05.csv:Line 4841] invalid status 'UNKNOWN_STATUS': must be SUCCESS, PENDING, FAILED, or REFUNDED | Raw Data: [44840 1 1 5000 2026-08-01 12:00:00 UNKNOWN_STATUS]
[transactions_04.csv:Line 4834] invalid bill total 'NOT_A_NUMBER': must be a non-negative number | Raw Data: [34833 1 1 NOT_A_NUMBER 2026-08-01 12:00:00 SUCCESS]
[transactions_04.csv:Line 4870] invalid timestamp format 'INVALID_DATE_TIME': unsupported date format | Raw Data: [34869 1 1 5000 INVALID_DATE_TIME SUCCESS]
[transactions_03.csv:Line 2803] expected 6 columns, got 3 | Raw Data: [22802 1 100.00]
[transactions_05.csv:Line 4874] invalid bill total 'NOT_A_NUMBER': must be a non-negative number | Raw Data: [44873 1 1 NOT_A_NUMBER 2026-08-01 12:00:00 SUCCESS]
[transactions_04.csv:Line 4893] invalid bill total 'NOT_A_NUMBER': must be a non-negative number | Raw Data: [34892 1 1 NOT_A_NUMBER 2026-08-01 12:00:00 SUCCESS]
[transactions_03.csv:Line 2814] invalid bill total 'NOT_A_NUMBER': must be a non-negative number | Raw Data: [22813 1 1 NOT_A_NUMBER 2026-08-01 12:00:00 SUCCESS]
[transactions_02.csv:Line 4538] invalid status 'UNKNOWN_STATUS': must be SUCCESS, PENDING, FAILED, or REFUNDED | Raw Data: [14537 1 1 5000 2026-08-01 12:00:00 UNKNOWN_STATUS]
[transactions_02.csv:Line 4557] expected 6 columns, got 3 | Raw Data: [14556 1 100.00]
[transactions_04.csv:Line 4971] invalid status 'UNKNOWN_STATUS': must be SUCCESS, PENDING, FAILED, or REFUNDED | Raw Data: [34970 1 1 5000 2026-08-01 12:00:00 UNKNOWN_STATUS]
[transactions_03.csv:Line 2876] invalid bill total 'NOT_A_NUMBER': must be a non-negative number | Raw Data: [22875 1 1 NOT_A_NUMBER 2026-08-01 12:00:00 SUCCESS]
[transactions_02.csv:Line 4591] expected 6 columns, got 3 | Raw Data: [14590 1 100.00]
[transactions_05.csv:Line 4885] invalid bill total 'NOT_A_NUMBER': must be a non-negative number | Raw Data: [44884 1 1 NOT_A_NUMBER 2026-08-01 12:00:00 SUCCESS]
[transactions_02.csv:Line 4605] invalid timestamp format 'INVALID_DATE_TIME': unsupported date format | Raw Data: [14604 1 1 5000 INVALID_DATE_TIME SUCCESS]
[transactions_05.csv:Line 4893] expected 6 columns, got 3 | Raw Data: [44892 1 100.00]
[transactions_02.csv:Line 4652] invalid bill total 'NOT_A_NUMBER': must be a non-negative number | Raw Data: [14651 1 1 NOT_A_NUMBER 2026-08-01 12:00:00 SUCCESS]
[transactions_05.csv:Line 4926] invalid timestamp format 'INVALID_DATE_TIME': unsupported date format | Raw Data: [44925 1 1 5000 INVALID_DATE_TIME SUCCESS]
[transactions_03.csv:Line 2922] invalid timestamp format 'INVALID_DATE_TIME': unsupported date format | Raw Data: [22921 1 1 5000 INVALID_DATE_TIME SUCCESS]
[transactions_05.csv:Line 4955] expected 6 columns, got 3 | Raw Data: [44954 1 100.00]
[transactions_04.csv:Line 5005] invalid timestamp format 'INVALID_DATE_TIME': unsupported date format | Raw Data: [35004 1 1 5000 INVALID_DATE_TIME SUCCESS]
[transactions_05.csv:Line 4958] expected 6 columns, got 3 | Raw Data: [44957 1 100.00]
[transactions_02.csv:Line 4679] invalid bill total 'NOT_A_NUMBER': must be a non-negative number | Raw Data: [14678 1 1 NOT_A_NUMBER 2026-08-01 12:00:00 SUCCESS]
[transactions_04.csv:Line 5030] invalid timestamp format 'INVALID_DATE_TIME': unsupported date format | Raw Data: [35029 1 1 5000 INVALID_DATE_TIME SUCCESS]
[transactions_05.csv:Line 4904] invalid timestamp format 'INVALID_DATE_TIME': unsupported date format | Raw Data: [44903 1 1 5000 INVALID_DATE_TIME SUCCESS]
[transactions_02.csv:Line 4724] invalid status 'UNKNOWN_STATUS': must be SUCCESS, PENDING, FAILED, or REFUNDED | Raw Data: [14723 1 1 5000 2026-08-01 12:00:00 UNKNOWN_STATUS]
[transactions_03.csv:Line 3023] expected 6 columns, got 3 | Raw Data: [23022 1 100.00]
[transactions_03.csv:Line 3039] expected 6 columns, got 3 | Raw Data: [23038 1 100.00]
[transactions_04.csv:Line 5097] invalid bill total 'NOT_A_NUMBER': must be a non-negative number | Raw Data: [35096 1 1 NOT_A_NUMBER 2026-08-01 12:00:00 SUCCESS]
[transactions_03.csv:Line 3093] invalid status 'UNKNOWN_STATUS': must be SUCCESS, PENDING, FAILED, or REFUNDED | Raw Data: [23092 1 1 5000 2026-08-01 12:00:00 UNKNOWN_STATUS]
[transactions_04.csv:Line 5115] expected 6 columns, got 3 | Raw Data: [35114 1 100.00]
[transactions_02.csv:Line 4820] expected 6 columns, got 3 | Raw Data: [14819 1 100.00]
[transactions_04.csv:Line 5154] expected 6 columns, got 3 | Raw Data: [35153 1 100.00]
[transactions_02.csv:Line 4904] invalid bill total 'NOT_A_NUMBER': must be a non-negative number | Raw Data: [14903 1 1 NOT_A_NUMBER 2026-08-01 12:00:00 SUCCESS]
[transactions_02.csv:Line 4949] invalid status 'UNKNOWN_STATUS': must be SUCCESS, PENDING, FAILED, or REFUNDED | Raw Data: [14948 1 1 5000 2026-08-01 12:00:00 UNKNOWN_STATUS]
[transactions_02.csv:Line 5032] expected 6 columns, got 3 | Raw Data: [15031 1 100.00]
[transactions_02.csv:Line 5087] invalid status 'UNKNOWN_STATUS': must be SUCCESS, PENDING, FAILED, or REFUNDED | Raw Data: [15086 1 1 5000 2026-08-01 12:00:00 UNKNOWN_STATUS]
[transactions_02.csv:Line 5100] expected 6 columns, got 3 | Raw Data: [15099 1 100.00]
[transactions_02.csv:Line 5119] invalid status 'UNKNOWN_STATUS': must be SUCCESS, PENDING, FAILED, or REFUNDED | Raw Data: [15118 1 1 5000 2026-08-01 12:00:00 UNKNOWN_STATUS]
[transactions_02.csv:Line 5179] expected 6 columns, got 3 | Raw Data: [15178 1 100.00]
[transactions_04.csv:Line 5197] invalid timestamp format 'INVALID_DATE_TIME': unsupported date format | Raw Data: [35196 1 1 5000 INVALID_DATE_TIME SUCCESS]
[transactions_03.csv:Line 3201] expected 6 columns, got 3 | Raw Data: [23200 1 100.00]
[transactions_03.csv:Line 3238] invalid timestamp format 'INVALID_DATE_TIME': unsupported date format | Raw Data: [23237 1 1 5000 INVALID_DATE_TIME SUCCESS]
[transactions_02.csv:Line 5316] invalid timestamp format 'INVALID_DATE_TIME': unsupported date format | Raw Data: [15315 1 1 5000 INVALID_DATE_TIME SUCCESS]
[transactions_03.csv:Line 3267] expected 6 columns, got 3 | Raw Data: [23266 1 100.00]
[transactions_02.csv:Line 5365] invalid timestamp format 'INVALID_DATE_TIME': unsupported date format | Raw Data: [15364 1 1 5000 INVALID_DATE_TIME SUCCESS]
[transactions_03.csv:Line 3289] expected 6 columns, got 3 | Raw Data: [23288 1 100.00]
[transactions_03.csv:Line 3307] expected 6 columns, got 3 | Raw Data: [23306 1 100.00]
[transactions_03.csv:Line 3376] expected 6 columns, got 3 | Raw Data: [23375 1 100.00]
[transactions_04.csv:Line 5330] expected 6 columns, got 3 | Raw Data: [35329 1 100.00]
[transactions_04.csv:Line 5352] expected 6 columns, got 3 | Raw Data: [35351 1 100.00]
[transactions_03.csv:Line 3460] invalid status 'UNKNOWN_STATUS': must be SUCCESS, PENDING, FAILED, or REFUNDED | Raw Data: [23459 1 1 5000 2026-08-01 12:00:00 UNKNOWN_STATUS]
[transactions_04.csv:Line 5384] expected 6 columns, got 3 | Raw Data: [35383 1 100.00]
[transactions_03.csv:Line 3513] invalid bill total 'NOT_A_NUMBER': must be a non-negative number | Raw Data: [23512 1 1 NOT_A_NUMBER 2026-08-01 12:00:00 SUCCESS]
[transactions_03.csv:Line 3522] expected 6 columns, got 3 | Raw Data: [23521 1 100.00]
[transactions_04.csv:Line 5425] invalid bill total 'NOT_A_NUMBER': must be a non-negative number | Raw Data: [35424 1 1 NOT_A_NUMBER 2026-08-01 12:00:00 SUCCESS]
[transactions_04.csv:Line 5447] invalid timestamp format 'INVALID_DATE_TIME': unsupported date format | Raw Data: [35446 1 1 5000 INVALID_DATE_TIME SUCCESS]
[transactions_04.csv:Line 5501] invalid bill total 'NOT_A_NUMBER': must be a non-negative number | Raw Data: [35500 1 1 NOT_A_NUMBER 2026-08-01 12:00:00 SUCCESS]
[transactions_03.csv:Line 3559] expected 6 columns, got 3 | Raw Data: [23558 1 100.00]
[transactions_04.csv:Line 5556] invalid timestamp format 'INVALID_DATE_TIME': unsupported date format | Raw Data: [35555 1 1 5000 INVALID_DATE_TIME SUCCESS]
[transactions_03.csv:Line 3619] expected 6 columns, got 3 | Raw Data: [23618 1 100.00]
[transactions_03.csv:Line 3622] invalid bill total 'NOT_A_NUMBER': must be a non-negative number | Raw Data: [23621 1 1 NOT_A_NUMBER 2026-08-01 12:00:00 SUCCESS]
[transactions_04.csv:Line 5612] invalid bill total 'NOT_A_NUMBER': must be a non-negative number | Raw Data: [35611 1 1 NOT_A_NUMBER 2026-08-01 12:00:00 SUCCESS]
[transactions_04.csv:Line 5618] expected 6 columns, got 3 | Raw Data: [35617 1 100.00]
[transactions_03.csv:Line 3698] invalid bill total 'NOT_A_NUMBER': must be a non-negative number | Raw Data: [23697 1 1 NOT_A_NUMBER 2026-08-01 12:00:00 SUCCESS]
[transactions_03.csv:Line 3706] expected 6 columns, got 3 | Raw Data: [23705 1 100.00]
[transactions_03.csv:Line 3709] expected 6 columns, got 3 | Raw Data: [23708 1 100.00]
[transactions_04.csv:Line 5637] expected 6 columns, got 3 | Raw Data: [35636 1 100.00]
[transactions_03.csv:Line 3791] invalid timestamp format 'INVALID_DATE_TIME': unsupported date format | Raw Data: [23790 1 1 5000 INVALID_DATE_TIME SUCCESS]
[transactions_04.csv:Line 5685] invalid bill total 'NOT_A_NUMBER': must be a non-negative number | Raw Data: [35684 1 1 NOT_A_NUMBER 2026-08-01 12:00:00 SUCCESS]
[transactions_04.csv:Line 5914] invalid status 'UNKNOWN_STATUS': must be SUCCESS, PENDING, FAILED, or REFUNDED | Raw Data: [35913 1 1 5000 2026-08-01 12:00:00 UNKNOWN_STATUS]
[transactions_04.csv:Line 6028] invalid status 'UNKNOWN_STATUS': must be SUCCESS, PENDING, FAILED, or REFUNDED | Raw Data: [36027 1 1 5000 2026-08-01 12:00:00 UNKNOWN_STATUS]
[transactions_04.csv:Line 6076] expected 6 columns, got 3 | Raw Data: [36075 1 100.00]
[transactions_04.csv:Line 6083] invalid timestamp format 'INVALID_DATE_TIME': unsupported date format | Raw Data: [36082 1 1 5000 INVALID_DATE_TIME SUCCESS]
[transactions_04.csv:Line 6130] invalid status 'UNKNOWN_STATUS': must be SUCCESS, PENDING, FAILED, or REFUNDED | Raw Data: [36129 1 1 5000 2026-08-01 12:00:00 UNKNOWN_STATUS]
[transactions_04.csv:Line 6151] expected 6 columns, got 3 | Raw Data: [36150 1 100.00]
[transactions_04.csv:Line 6165] invalid status 'UNKNOWN_STATUS': must be SUCCESS, PENDING, FAILED, or REFUNDED | Raw Data: [36164 1 1 5000 2026-08-01 12:00:00 UNKNOWN_STATUS]
[transactions_04.csv:Line 6212] invalid status 'UNKNOWN_STATUS': must be SUCCESS, PENDING, FAILED, or REFUNDED | Raw Data: [36211 1 1 5000 2026-08-01 12:00:00 UNKNOWN_STATUS]
[transactions_04.csv:Line 6216] invalid bill total 'NOT_A_NUMBER': must be a non-negative number | Raw Data: [36215 1 1 NOT_A_NUMBER 2026-08-01 12:00:00 SUCCESS]
[transactions_04.csv:Line 6296] invalid timestamp format 'INVALID_DATE_TIME': unsupported date format | Raw Data: [36295 1 1 5000 INVALID_DATE_TIME SUCCESS]
[transactions_04.csv:Line 6359] invalid bill total 'NOT_A_NUMBER': must be a non-negative number | Raw Data: [36358 1 1 NOT_A_NUMBER 2026-08-01 12:00:00 SUCCESS]
[transactions_04.csv:Line 6364] invalid bill total 'NOT_A_NUMBER': must be a non-negative number | Raw Data: [36363 1 1 NOT_A_NUMBER 2026-08-01 12:00:00 SUCCESS]
[transactions_04.csv:Line 6369] invalid bill total 'NOT_A_NUMBER': must be a non-negative number | Raw Data: [36368 1 1 NOT_A_NUMBER 2026-08-01 12:00:00 SUCCESS]
[transactions_04.csv:Line 6378] invalid status 'UNKNOWN_STATUS': must be SUCCESS, PENDING, FAILED, or REFUNDED | Raw Data: [36377 1 1 5000 2026-08-01 12:00:00 UNKNOWN_STATUS]
[transactions_03.csv:Line 3929] invalid status 'UNKNOWN_STATUS': must be SUCCESS, PENDING, FAILED, or REFUNDED | Raw Data: [23928 1 1 5000 2026-08-01 12:00:00 UNKNOWN_STATUS]
[transactions_03.csv:Line 3950] expected 6 columns, got 3 | Raw Data: [23949 1 100.00]
[transactions_03.csv:Line 4017] invalid bill total 'NOT_A_NUMBER': must be a non-negative number | Raw Data: [24016 1 1 NOT_A_NUMBER 2026-08-01 12:00:00 SUCCESS]
[transactions_03.csv:Line 4018] invalid timestamp format 'INVALID_DATE_TIME': unsupported date format | Raw Data: [24017 1 1 5000 INVALID_DATE_TIME SUCCESS]
[transactions_02.csv:Line 5572] invalid timestamp format 'INVALID_DATE_TIME': unsupported date format | Raw Data: [15571 1 1 5000 INVALID_DATE_TIME SUCCESS]
[transactions_02.csv:Line 5593] invalid bill total 'NOT_A_NUMBER': must be a non-negative number | Raw Data: [15592 1 1 NOT_A_NUMBER 2026-08-01 12:00:00 SUCCESS]
[transactions_02.csv:Line 5607] expected 6 columns, got 3 | Raw Data: [15606 1 100.00]
[transactions_02.csv:Line 5616] invalid status 'UNKNOWN_STATUS': must be SUCCESS, PENDING, FAILED, or REFUNDED | Raw Data: [15615 1 1 5000 2026-08-01 12:00:00 UNKNOWN_STATUS]
[transactions_02.csv:Line 5636] invalid timestamp format 'INVALID_DATE_TIME': unsupported date format | Raw Data: [15635 1 1 5000 INVALID_DATE_TIME SUCCESS]
[transactions_02.csv:Line 5667] invalid status 'UNKNOWN_STATUS': must be SUCCESS, PENDING, FAILED, or REFUNDED | Raw Data: [15666 1 1 5000 2026-08-01 12:00:00 UNKNOWN_STATUS]
[transactions_01.csv:Line 4409] invalid bill total 'NOT_A_NUMBER': must be a non-negative number | Raw Data: [4408 1 1 NOT_A_NUMBER 2026-08-01 12:00:00 SUCCESS]
[transactions_01.csv:Line 4416] invalid bill total 'NOT_A_NUMBER': must be a non-negative number | Raw Data: [4415 1 1 NOT_A_NUMBER 2026-08-01 12:00:00 SUCCESS]
[transactions_02.csv:Line 5778] invalid timestamp format 'INVALID_DATE_TIME': unsupported date format | Raw Data: [15777 1 1 5000 INVALID_DATE_TIME SUCCESS]
[transactions_01.csv:Line 4436] invalid timestamp format 'INVALID_DATE_TIME': unsupported date format | Raw Data: [4435 1 1 5000 INVALID_DATE_TIME SUCCESS]
[transactions_02.csv:Line 5846] invalid timestamp format 'INVALID_DATE_TIME': unsupported date format | Raw Data: [15845 1 1 5000 INVALID_DATE_TIME SUCCESS]
[transactions_01.csv:Line 4559] invalid status 'UNKNOWN_STATUS': must be SUCCESS, PENDING, FAILED, or REFUNDED | Raw Data: [4558 1 1 5000 2026-08-01 12:00:00 UNKNOWN_STATUS]
[transactions_02.csv:Line 5961] expected 6 columns, got 3 | Raw Data: [15960 1 100.00]
[transactions_02.csv:Line 6009] expected 6 columns, got 3 | Raw Data: [16008 1 100.00]
[transactions_02.csv:Line 6043] expected 6 columns, got 3 | Raw Data: [16042 1 100.00]
[transactions_05.csv:Line 5160] invalid status 'UNKNOWN_STATUS': must be SUCCESS, PENDING, FAILED, or REFUNDED | Raw Data: [45159 1 1 5000 2026-08-01 12:00:00 UNKNOWN_STATUS]
[transactions_02.csv:Line 6090] expected 6 columns, got 3 | Raw Data: [16089 1 100.00]
[transactions_02.csv:Line 6106] invalid bill total 'NOT_A_NUMBER': must be a non-negative number | Raw Data: [16105 1 1 NOT_A_NUMBER 2026-08-01 12:00:00 SUCCESS]
[transactions_02.csv:Line 6138] invalid status 'UNKNOWN_STATUS': must be SUCCESS, PENDING, FAILED, or REFUNDED | Raw Data: [16137 1 1 5000 2026-08-01 12:00:00 UNKNOWN_STATUS]
[transactions_03.csv:Line 4082] invalid bill total 'NOT_A_NUMBER': must be a non-negative number | Raw Data: [24081 1 1 NOT_A_NUMBER 2026-08-01 12:00:00 SUCCESS]
[transactions_02.csv:Line 6142] invalid timestamp format 'INVALID_DATE_TIME': unsupported date format | Raw Data: [16141 1 1 5000 INVALID_DATE_TIME SUCCESS]
[transactions_01.csv:Line 4731] invalid bill total 'NOT_A_NUMBER': must be a non-negative number | Raw Data: [4730 1 1 NOT_A_NUMBER 2026-08-01 12:00:00 SUCCESS]
[transactions_01.csv:Line 4760] invalid status 'UNKNOWN_STATUS': must be SUCCESS, PENDING, FAILED, or REFUNDED | Raw Data: [4759 1 1 5000 2026-08-01 12:00:00 UNKNOWN_STATUS]
[transactions_03.csv:Line 4135] invalid bill total 'NOT_A_NUMBER': must be a non-negative number | Raw Data: [24134 1 1 NOT_A_NUMBER 2026-08-01 12:00:00 SUCCESS]
[transactions_01.csv:Line 4789] invalid status 'UNKNOWN_STATUS': must be SUCCESS, PENDING, FAILED, or REFUNDED | Raw Data: [4788 1 1 5000 2026-08-01 12:00:00 UNKNOWN_STATUS]
[transactions_01.csv:Line 4797] invalid bill total 'NOT_A_NUMBER': must be a non-negative number | Raw Data: [4796 1 1 NOT_A_NUMBER 2026-08-01 12:00:00 SUCCESS]
[transactions_01.csv:Line 4835] invalid timestamp format 'INVALID_DATE_TIME': unsupported date format | Raw Data: [4834 1 1 5000 INVALID_DATE_TIME SUCCESS]
[transactions_03.csv:Line 4201] expected 6 columns, got 3 | Raw Data: [24200 1 100.00]
[transactions_05.csv:Line 5281] invalid bill total 'NOT_A_NUMBER': must be a non-negative number | Raw Data: [45280 1 1 NOT_A_NUMBER 2026-08-01 12:00:00 SUCCESS]
[transactions_02.csv:Line 6278] invalid bill total 'NOT_A_NUMBER': must be a non-negative number | Raw Data: [16277 1 1 NOT_A_NUMBER 2026-08-01 12:00:00 SUCCESS]
[transactions_03.csv:Line 4214] invalid timestamp format 'INVALID_DATE_TIME': unsupported date format | Raw Data: [24213 1 1 5000 INVALID_DATE_TIME SUCCESS]
[transactions_05.csv:Line 5285] invalid timestamp format 'INVALID_DATE_TIME': unsupported date format | Raw Data: [45284 1 1 5000 INVALID_DATE_TIME SUCCESS]
[transactions_05.csv:Line 5287] invalid bill total 'NOT_A_NUMBER': must be a non-negative number | Raw Data: [45286 1 1 NOT_A_NUMBER 2026-08-01 12:00:00 SUCCESS]
[transactions_03.csv:Line 4219] invalid status 'UNKNOWN_STATUS': must be SUCCESS, PENDING, FAILED, or REFUNDED | Raw Data: [24218 1 1 5000 2026-08-01 12:00:00 UNKNOWN_STATUS]
[transactions_02.csv:Line 6328] expected 6 columns, got 3 | Raw Data: [16327 1 100.00]
[transactions_01.csv:Line 4900] invalid status 'UNKNOWN_STATUS': must be SUCCESS, PENDING, FAILED, or REFUNDED | Raw Data: [4899 1 1 5000 2026-08-01 12:00:00 UNKNOWN_STATUS]
[transactions_01.csv:Line 4938] invalid bill total 'NOT_A_NUMBER': must be a non-negative number | Raw Data: [4937 1 1 NOT_A_NUMBER 2026-08-01 12:00:00 SUCCESS]
[transactions_01.csv:Line 4956] expected 6 columns, got 3 | Raw Data: [4955 1 100.00]
[transactions_05.csv:Line 5404] invalid status 'UNKNOWN_STATUS': must be SUCCESS, PENDING, FAILED, or REFUNDED | Raw Data: [45403 1 1 5000 2026-08-01 12:00:00 UNKNOWN_STATUS]
[transactions_05.csv:Line 5421] invalid timestamp format 'INVALID_DATE_TIME': unsupported date format | Raw Data: [45420 1 1 5000 INVALID_DATE_TIME SUCCESS]
[transactions_01.csv:Line 4972] invalid status 'UNKNOWN_STATUS': must be SUCCESS, PENDING, FAILED, or REFUNDED | Raw Data: [4971 1 1 5000 2026-08-01 12:00:00 UNKNOWN_STATUS]
[transactions_02.csv:Line 6493] expected 6 columns, got 3 | Raw Data: [16492 1 100.00]
[transactions_02.csv:Line 6504] invalid bill total 'NOT_A_NUMBER': must be a non-negative number | Raw Data: [16503 1 1 NOT_A_NUMBER 2026-08-01 12:00:00 SUCCESS]
[transactions_01.csv:Line 4994] invalid bill total 'NOT_A_NUMBER': must be a non-negative number | Raw Data: [4993 1 1 NOT_A_NUMBER 2026-08-01 12:00:00 SUCCESS]
[transactions_05.csv:Line 5443] invalid status 'UNKNOWN_STATUS': must be SUCCESS, PENDING, FAILED, or REFUNDED | Raw Data: [45442 1 1 5000 2026-08-01 12:00:00 UNKNOWN_STATUS]
[transactions_03.csv:Line 4361] invalid bill total 'NOT_A_NUMBER': must be a non-negative number | Raw Data: [24360 1 1 NOT_A_NUMBER 2026-08-01 12:00:00 SUCCESS]
[transactions_01.csv:Line 5009] invalid timestamp format 'INVALID_DATE_TIME': unsupported date format | Raw Data: [5008 1 1 5000 INVALID_DATE_TIME SUCCESS]
[transactions_01.csv:Line 5030] invalid status 'UNKNOWN_STATUS': must be SUCCESS, PENDING, FAILED, or REFUNDED | Raw Data: [5029 1 1 5000 2026-08-01 12:00:00 UNKNOWN_STATUS]
[transactions_05.csv:Line 5490] invalid timestamp format 'INVALID_DATE_TIME': unsupported date format | Raw Data: [45489 1 1 5000 INVALID_DATE_TIME SUCCESS]
[transactions_05.csv:Line 5504] invalid timestamp format 'INVALID_DATE_TIME': unsupported date format | Raw Data: [45503 1 1 5000 INVALID_DATE_TIME SUCCESS]
[transactions_02.csv:Line 6612] invalid timestamp format 'INVALID_DATE_TIME': unsupported date format | Raw Data: [16611 1 1 5000 INVALID_DATE_TIME SUCCESS]
[transactions_03.csv:Line 4421] invalid bill total 'NOT_A_NUMBER': must be a non-negative number | Raw Data: [24420 1 1 NOT_A_NUMBER 2026-08-01 12:00:00 SUCCESS]
[transactions_02.csv:Line 6635] invalid bill total 'NOT_A_NUMBER': must be a non-negative number | Raw Data: [16634 1 1 NOT_A_NUMBER 2026-08-01 12:00:00 SUCCESS]
[transactions_01.csv:Line 5083] invalid status 'UNKNOWN_STATUS': must be SUCCESS, PENDING, FAILED, or REFUNDED | Raw Data: [5082 1 1 5000 2026-08-01 12:00:00 UNKNOWN_STATUS]
[transactions_01.csv:Line 5111] invalid bill total 'NOT_A_NUMBER': must be a non-negative number | Raw Data: [5110 1 1 NOT_A_NUMBER 2026-08-01 12:00:00 SUCCESS]
[transactions_01.csv:Line 5125] invalid status 'UNKNOWN_STATUS': must be SUCCESS, PENDING, FAILED, or REFUNDED | Raw Data: [5124 1 1 5000 2026-08-01 12:00:00 UNKNOWN_STATUS]
[transactions_02.csv:Line 6716] expected 6 columns, got 3 | Raw Data: [16715 1 100.00]
[transactions_01.csv:Line 5177] expected 6 columns, got 3 | Raw Data: [5176 1 100.00]
[transactions_02.csv:Line 6718] invalid timestamp format 'INVALID_DATE_TIME': unsupported date format | Raw Data: [16717 1 1 5000 INVALID_DATE_TIME SUCCESS]
[transactions_03.csv:Line 4577] expected 6 columns, got 3 | Raw Data: [24576 1 100.00]
[transactions_03.csv:Line 4582] invalid bill total 'NOT_A_NUMBER': must be a non-negative number | Raw Data: [24581 1 1 NOT_A_NUMBER 2026-08-01 12:00:00 SUCCESS]
[transactions_01.csv:Line 5255] expected 6 columns, got 3 | Raw Data: [5254 1 100.00]
[transactions_01.csv:Line 5288] invalid timestamp format 'INVALID_DATE_TIME': unsupported date format | Raw Data: [5287 1 1 5000 INVALID_DATE_TIME SUCCESS]
[transactions_03.csv:Line 4690] invalid timestamp format 'INVALID_DATE_TIME': unsupported date format | Raw Data: [24689 1 1 5000 INVALID_DATE_TIME SUCCESS]
[transactions_05.csv:Line 5645] expected 6 columns, got 3 | Raw Data: [45644 1 100.00]
[transactions_01.csv:Line 5368] expected 6 columns, got 3 | Raw Data: [5367 1 100.00]
[transactions_02.csv:Line 6890] expected 6 columns, got 3 | Raw Data: [16889 1 100.00]
[transactions_02.csv:Line 6892] invalid timestamp format 'INVALID_DATE_TIME': unsupported date format | Raw Data: [16891 1 1 5000 INVALID_DATE_TIME SUCCESS]
[transactions_01.csv:Line 5440] invalid timestamp format 'INVALID_DATE_TIME': unsupported date format | Raw Data: [5439 1 1 5000 INVALID_DATE_TIME SUCCESS]
[transactions_01.csv:Line 5462] invalid status 'UNKNOWN_STATUS': must be SUCCESS, PENDING, FAILED, or REFUNDED | Raw Data: [5461 1 1 5000 2026-08-01 12:00:00 UNKNOWN_STATUS]
[transactions_01.csv:Line 5469] expected 6 columns, got 3 | Raw Data: [5468 1 100.00]
[transactions_03.csv:Line 4785] expected 6 columns, got 3 | Raw Data: [24784 1 100.00]
[transactions_05.csv:Line 5754] invalid timestamp format 'INVALID_DATE_TIME': unsupported date format | Raw Data: [45753 1 1 5000 INVALID_DATE_TIME SUCCESS]
[transactions_05.csv:Line 5762] invalid timestamp format 'INVALID_DATE_TIME': unsupported date format | Raw Data: [45761 1 1 5000 INVALID_DATE_TIME SUCCESS]
[transactions_05.csv:Line 5805] expected 6 columns, got 3 | Raw Data: [45804 1 100.00]
[transactions_03.csv:Line 4822] expected 6 columns, got 3 | Raw Data: [24821 1 100.00]
[transactions_02.csv:Line 6934] invalid bill total 'NOT_A_NUMBER': must be a non-negative number | Raw Data: [16933 1 1 NOT_A_NUMBER 2026-08-01 12:00:00 SUCCESS]
[transactions_01.csv:Line 5514] invalid timestamp format 'INVALID_DATE_TIME': unsupported date format | Raw Data: [5513 1 1 5000 INVALID_DATE_TIME SUCCESS]
[transactions_01.csv:Line 5546] expected 6 columns, got 3 | Raw Data: [5545 1 100.00]
[transactions_01.csv:Line 5572] invalid status 'UNKNOWN_STATUS': must be SUCCESS, PENDING, FAILED, or REFUNDED | Raw Data: [5571 1 1 5000 2026-08-01 12:00:00 UNKNOWN_STATUS]
[transactions_01.csv:Line 5590] expected 6 columns, got 3 | Raw Data: [5589 1 100.00]
[transactions_01.csv:Line 5592] invalid timestamp format 'INVALID_DATE_TIME': unsupported date format | Raw Data: [5591 1 1 5000 INVALID_DATE_TIME SUCCESS]
[transactions_02.csv:Line 6953] invalid status 'UNKNOWN_STATUS': must be SUCCESS, PENDING, FAILED, or REFUNDED | Raw Data: [16952 1 1 5000 2026-08-01 12:00:00 UNKNOWN_STATUS]
[transactions_02.csv:Line 6964] invalid status 'UNKNOWN_STATUS': must be SUCCESS, PENDING, FAILED, or REFUNDED | Raw Data: [16963 1 1 5000 2026-08-01 12:00:00 UNKNOWN_STATUS]
[transactions_04.csv:Line 6509] invalid timestamp format 'INVALID_DATE_TIME': unsupported date format | Raw Data: [36508 1 1 5000 INVALID_DATE_TIME SUCCESS]
[transactions_02.csv:Line 6976] expected 6 columns, got 3 | Raw Data: [16975 1 100.00]
[transactions_01.csv:Line 5631] invalid timestamp format 'INVALID_DATE_TIME': unsupported date format | Raw Data: [5630 1 1 5000 INVALID_DATE_TIME SUCCESS]
[transactions_04.csv:Line 6564] invalid status 'UNKNOWN_STATUS': must be SUCCESS, PENDING, FAILED, or REFUNDED | Raw Data: [36563 1 1 5000 2026-08-01 12:00:00 UNKNOWN_STATUS]
[transactions_03.csv:Line 4919] invalid status 'UNKNOWN_STATUS': must be SUCCESS, PENDING, FAILED, or REFUNDED | Raw Data: [24918 1 1 5000 2026-08-01 12:00:00 UNKNOWN_STATUS]
[transactions_04.csv:Line 6568] expected 6 columns, got 3 | Raw Data: [36567 1 100.00]
[transactions_04.csv:Line 6608] invalid timestamp format 'INVALID_DATE_TIME': unsupported date format | Raw Data: [36607 1 1 5000 INVALID_DATE_TIME SUCCESS]
[transactions_05.csv:Line 5923] invalid bill total 'NOT_A_NUMBER': must be a non-negative number | Raw Data: [45922 1 1 NOT_A_NUMBER 2026-08-01 12:00:00 SUCCESS]
[transactions_01.csv:Line 5708] invalid timestamp format 'INVALID_DATE_TIME': unsupported date format | Raw Data: [5707 1 1 5000 INVALID_DATE_TIME SUCCESS]
[transactions_01.csv:Line 5712] invalid timestamp format 'INVALID_DATE_TIME': unsupported date format | Raw Data: [5711 1 1 5000 INVALID_DATE_TIME SUCCESS]
[transactions_05.csv:Line 5940] expected 6 columns, got 3 | Raw Data: [45939 1 100.00]
[transactions_01.csv:Line 5721] invalid timestamp format 'INVALID_DATE_TIME': unsupported date format | Raw Data: [5720 1 1 5000 INVALID_DATE_TIME SUCCESS]
[transactions_05.csv:Line 5943] invalid status 'UNKNOWN_STATUS': must be SUCCESS, PENDING, FAILED, or REFUNDED | Raw Data: [45942 1 1 5000 2026-08-01 12:00:00 UNKNOWN_STATUS]
[transactions_01.csv:Line 5735] expected 6 columns, got 3 | Raw Data: [5734 1 100.00]
[transactions_03.csv:Line 4956] invalid timestamp format 'INVALID_DATE_TIME': unsupported date format | Raw Data: [24955 1 1 5000 INVALID_DATE_TIME SUCCESS]
[transactions_02.csv:Line 7095] expected 6 columns, got 3 | Raw Data: [17094 1 100.00]
[transactions_02.csv:Line 7104] invalid bill total 'NOT_A_NUMBER': must be a non-negative number | Raw Data: [17103 1 1 NOT_A_NUMBER 2026-08-01 12:00:00 SUCCESS]
[transactions_03.csv:Line 5026] expected 6 columns, got 3 | Raw Data: [25025 1 100.00]
[transactions_03.csv:Line 5030] invalid timestamp format 'INVALID_DATE_TIME': unsupported date format | Raw Data: [25029 1 1 5000 INVALID_DATE_TIME SUCCESS]
[transactions_04.csv:Line 6660] invalid bill total 'NOT_A_NUMBER': must be a non-negative number | Raw Data: [36659 1 1 NOT_A_NUMBER 2026-08-01 12:00:00 SUCCESS]
[transactions_03.csv:Line 5109] invalid status 'UNKNOWN_STATUS': must be SUCCESS, PENDING, FAILED, or REFUNDED | Raw Data: [25108 1 1 5000 2026-08-01 12:00:00 UNKNOWN_STATUS]
[transactions_04.csv:Line 6733] invalid bill total 'NOT_A_NUMBER': must be a non-negative number | Raw Data: [36732 1 1 NOT_A_NUMBER 2026-08-01 12:00:00 SUCCESS]
[transactions_04.csv:Line 6780] expected 6 columns, got 3 | Raw Data: [36779 1 100.00]
[transactions_03.csv:Line 5193] expected 6 columns, got 3 | Raw Data: [25192 1 100.00]
[transactions_04.csv:Line 6819] invalid timestamp format 'INVALID_DATE_TIME': unsupported date format | Raw Data: [36818 1 1 5000 INVALID_DATE_TIME SUCCESS]
[transactions_03.csv:Line 5220] invalid status 'UNKNOWN_STATUS': must be SUCCESS, PENDING, FAILED, or REFUNDED | Raw Data: [25219 1 1 5000 2026-08-01 12:00:00 UNKNOWN_STATUS]
[transactions_04.csv:Line 6845] invalid timestamp format 'INVALID_DATE_TIME': unsupported date format | Raw Data: [36844 1 1 5000 INVALID_DATE_TIME SUCCESS]
[transactions_01.csv:Line 5949] expected 6 columns, got 3 | Raw Data: [5948 1 100.00]
[transactions_03.csv:Line 5256] invalid bill total 'NOT_A_NUMBER': must be a non-negative number | Raw Data: [25255 1 1 NOT_A_NUMBER 2026-08-01 12:00:00 SUCCESS]
[transactions_04.csv:Line 6875] invalid status 'UNKNOWN_STATUS': must be SUCCESS, PENDING, FAILED, or REFUNDED | Raw Data: [36874 1 1 5000 2026-08-01 12:00:00 UNKNOWN_STATUS]
[transactions_04.csv:Line 6895] invalid timestamp format 'INVALID_DATE_TIME': unsupported date format | Raw Data: [36894 1 1 5000 INVALID_DATE_TIME SUCCESS]
[transactions_01.csv:Line 5980] invalid bill total 'NOT_A_NUMBER': must be a non-negative number | Raw Data: [5979 1 1 NOT_A_NUMBER 2026-08-01 12:00:00 SUCCESS]
[transactions_04.csv:Line 6906] invalid timestamp format 'INVALID_DATE_TIME': unsupported date format | Raw Data: [36905 1 1 5000 INVALID_DATE_TIME SUCCESS]
[transactions_01.csv:Line 5984] invalid status 'UNKNOWN_STATUS': must be SUCCESS, PENDING, FAILED, or REFUNDED | Raw Data: [5983 1 1 5000 2026-08-01 12:00:00 UNKNOWN_STATUS]
[transactions_01.csv:Line 6006] invalid bill total 'NOT_A_NUMBER': must be a non-negative number | Raw Data: [6005 1 1 NOT_A_NUMBER 2026-08-01 12:00:00 SUCCESS]
[transactions_04.csv:Line 6928] invalid timestamp format 'INVALID_DATE_TIME': unsupported date format | Raw Data: [36927 1 1 5000 INVALID_DATE_TIME SUCCESS]
[transactions_03.csv:Line 5323] invalid timestamp format 'INVALID_DATE_TIME': unsupported date format | Raw Data: [25322 1 1 5000 INVALID_DATE_TIME SUCCESS]
[transactions_01.csv:Line 6025] invalid bill total 'NOT_A_NUMBER': must be a non-negative number | Raw Data: [6024 1 1 NOT_A_NUMBER 2026-08-01 12:00:00 SUCCESS]
[transactions_01.csv:Line 6063] expected 6 columns, got 3 | Raw Data: [6062 1 100.00]
[transactions_01.csv:Line 6073] invalid timestamp format 'INVALID_DATE_TIME': unsupported date format | Raw Data: [6072 1 1 5000 INVALID_DATE_TIME SUCCESS]
[transactions_04.csv:Line 7000] invalid status 'UNKNOWN_STATUS': must be SUCCESS, PENDING, FAILED, or REFUNDED | Raw Data: [36999 1 1 5000 2026-08-01 12:00:00 UNKNOWN_STATUS]
[transactions_01.csv:Line 6106] invalid timestamp format 'INVALID_DATE_TIME': unsupported date format | Raw Data: [6105 1 1 5000 INVALID_DATE_TIME SUCCESS]
[transactions_01.csv:Line 6153] invalid bill total 'NOT_A_NUMBER': must be a non-negative number | Raw Data: [6152 1 1 NOT_A_NUMBER 2026-08-01 12:00:00 SUCCESS]
[transactions_01.csv:Line 6229] expected 6 columns, got 3 | Raw Data: [6228 1 100.00]
[transactions_04.csv:Line 7086] invalid timestamp format 'INVALID_DATE_TIME': unsupported date format | Raw Data: [37085 1 1 5000 INVALID_DATE_TIME SUCCESS]
[transactions_04.csv:Line 7078] invalid bill total 'NOT_A_NUMBER': must be a non-negative number | Raw Data: [37077 1 1 NOT_A_NUMBER 2026-08-01 12:00:00 SUCCESS]
[transactions_04.csv:Line 7094] expected 6 columns, got 3 | Raw Data: [37093 1 100.00]
[transactions_04.csv:Line 7118] invalid bill total 'NOT_A_NUMBER': must be a non-negative number | Raw Data: [37117 1 1 NOT_A_NUMBER 2026-08-01 12:00:00 SUCCESS]
[transactions_03.csv:Line 5500] invalid timestamp format 'INVALID_DATE_TIME': unsupported date format | Raw Data: [25499 1 1 5000 INVALID_DATE_TIME SUCCESS]
[transactions_03.csv:Line 5503] invalid status 'UNKNOWN_STATUS': must be SUCCESS, PENDING, FAILED, or REFUNDED | Raw Data: [25502 1 1 5000 2026-08-01 12:00:00 UNKNOWN_STATUS]
[transactions_03.csv:Line 5504] invalid timestamp format 'INVALID_DATE_TIME': unsupported date format | Raw Data: [25503 1 1 5000 INVALID_DATE_TIME SUCCESS]
[transactions_03.csv:Line 5513] invalid bill total 'NOT_A_NUMBER': must be a non-negative number | Raw Data: [25512 1 1 NOT_A_NUMBER 2026-08-01 12:00:00 SUCCESS]
[transactions_03.csv:Line 5514] expected 6 columns, got 3 | Raw Data: [25513 1 100.00]
[transactions_03.csv:Line 5516] expected 6 columns, got 3 | Raw Data: [25515 1 100.00]
[transactions_04.csv:Line 7175] invalid status 'UNKNOWN_STATUS': must be SUCCESS, PENDING, FAILED, or REFUNDED | Raw Data: [37174 1 1 5000 2026-08-01 12:00:00 UNKNOWN_STATUS]
[transactions_03.csv:Line 5534] expected 6 columns, got 3 | Raw Data: [25533 1 100.00]
[transactions_04.csv:Line 7199] invalid bill total 'NOT_A_NUMBER': must be a non-negative number | Raw Data: [37198 1 1 NOT_A_NUMBER 2026-08-01 12:00:00 SUCCESS]
[transactions_03.csv:Line 5548] invalid status 'UNKNOWN_STATUS': must be SUCCESS, PENDING, FAILED, or REFUNDED | Raw Data: [25547 1 1 5000 2026-08-01 12:00:00 UNKNOWN_STATUS]
[transactions_02.csv:Line 7181] invalid timestamp format 'INVALID_DATE_TIME': unsupported date format | Raw Data: [17180 1 1 5000 INVALID_DATE_TIME SUCCESS]
[transactions_04.csv:Line 7309] invalid status 'UNKNOWN_STATUS': must be SUCCESS, PENDING, FAILED, or REFUNDED | Raw Data: [37308 1 1 5000 2026-08-01 12:00:00 UNKNOWN_STATUS]
[transactions_05.csv:Line 6016] invalid bill total 'NOT_A_NUMBER': must be a non-negative number | Raw Data: [46015 1 1 NOT_A_NUMBER 2026-08-01 12:00:00 SUCCESS]
[transactions_04.csv:Line 7320] invalid bill total 'NOT_A_NUMBER': must be a non-negative number | Raw Data: [37319 1 1 NOT_A_NUMBER 2026-08-01 12:00:00 SUCCESS]
[transactions_03.csv:Line 5579] invalid status 'UNKNOWN_STATUS': must be SUCCESS, PENDING, FAILED, or REFUNDED | Raw Data: [25578 1 1 5000 2026-08-01 12:00:00 UNKNOWN_STATUS]
[transactions_03.csv:Line 5592] invalid bill total 'NOT_A_NUMBER': must be a non-negative number | Raw Data: [25591 1 1 NOT_A_NUMBER 2026-08-01 12:00:00 SUCCESS]
[transactions_04.csv:Line 7337] expected 6 columns, got 3 | Raw Data: [37336 1 100.00]
[transactions_01.csv:Line 6311] invalid bill total 'NOT_A_NUMBER': must be a non-negative number | Raw Data: [6310 1 1 NOT_A_NUMBER 2026-08-01 12:00:00 SUCCESS]
[transactions_02.csv:Line 7298] invalid status 'UNKNOWN_STATUS': must be SUCCESS, PENDING, FAILED, or REFUNDED | Raw Data: [17297 1 1 5000 2026-08-01 12:00:00 UNKNOWN_STATUS]
[transactions_02.csv:Line 7309] invalid status 'UNKNOWN_STATUS': must be SUCCESS, PENDING, FAILED, or REFUNDED | Raw Data: [17308 1 1 5000 2026-08-01 12:00:00 UNKNOWN_STATUS]
[transactions_01.csv:Line 6324] invalid timestamp format 'INVALID_DATE_TIME': unsupported date format | Raw Data: [6323 1 1 5000 INVALID_DATE_TIME SUCCESS]
[transactions_03.csv:Line 5595] expected 6 columns, got 3 | Raw Data: [25594 1 100.00]
[transactions_04.csv:Line 7447] invalid timestamp format 'INVALID_DATE_TIME': unsupported date format | Raw Data: [37446 1 1 5000 INVALID_DATE_TIME SUCCESS]
[transactions_01.csv:Line 6400] invalid status 'UNKNOWN_STATUS': must be SUCCESS, PENDING, FAILED, or REFUNDED | Raw Data: [6399 1 1 5000 2026-08-01 12:00:00 UNKNOWN_STATUS]
[transactions_02.csv:Line 7462] invalid status 'UNKNOWN_STATUS': must be SUCCESS, PENDING, FAILED, or REFUNDED | Raw Data: [17461 1 1 5000 2026-08-01 12:00:00 UNKNOWN_STATUS]
[transactions_02.csv:Line 7484] invalid bill total 'NOT_A_NUMBER': must be a non-negative number | Raw Data: [17483 1 1 NOT_A_NUMBER 2026-08-01 12:00:00 SUCCESS]
[transactions_01.csv:Line 6428] expected 6 columns, got 3 | Raw Data: [6427 1 100.00]
[transactions_04.csv:Line 7524] expected 6 columns, got 3 | Raw Data: [37523 1 100.00]
[transactions_01.csv:Line 6462] invalid timestamp format 'INVALID_DATE_TIME': unsupported date format | Raw Data: [6461 1 1 5000 INVALID_DATE_TIME SUCCESS]
[transactions_01.csv:Line 6474] invalid timestamp format 'INVALID_DATE_TIME': unsupported date format | Raw Data: [6473 1 1 5000 INVALID_DATE_TIME SUCCESS]
[transactions_04.csv:Line 7570] invalid bill total 'NOT_A_NUMBER': must be a non-negative number | Raw Data: [37569 1 1 NOT_A_NUMBER 2026-08-01 12:00:00 SUCCESS]
[transactions_04.csv:Line 7572] expected 6 columns, got 3 | Raw Data: [37571 1 100.00]
[transactions_01.csv:Line 6494] expected 6 columns, got 3 | Raw Data: [6493 1 100.00]
[transactions_04.csv:Line 7582] invalid status 'UNKNOWN_STATUS': must be SUCCESS, PENDING, FAILED, or REFUNDED | Raw Data: [37581 1 1 5000 2026-08-01 12:00:00 UNKNOWN_STATUS]
[transactions_02.csv:Line 7544] invalid status 'UNKNOWN_STATUS': must be SUCCESS, PENDING, FAILED, or REFUNDED | Raw Data: [17543 1 1 5000 2026-08-01 12:00:00 UNKNOWN_STATUS]
[transactions_01.csv:Line 6536] invalid bill total 'NOT_A_NUMBER': must be a non-negative number | Raw Data: [6535 1 1 NOT_A_NUMBER 2026-08-01 12:00:00 SUCCESS]
[transactions_02.csv:Line 7617] invalid bill total 'NOT_A_NUMBER': must be a non-negative number | Raw Data: [17616 1 1 NOT_A_NUMBER 2026-08-01 12:00:00 SUCCESS]
[transactions_02.csv:Line 7625] invalid bill total 'NOT_A_NUMBER': must be a non-negative number | Raw Data: [17624 1 1 NOT_A_NUMBER 2026-08-01 12:00:00 SUCCESS]
[transactions_02.csv:Line 7651] invalid timestamp format 'INVALID_DATE_TIME': unsupported date format | Raw Data: [17650 1 1 5000 INVALID_DATE_TIME SUCCESS]
[transactions_01.csv:Line 6605] invalid status 'UNKNOWN_STATUS': must be SUCCESS, PENDING, FAILED, or REFUNDED | Raw Data: [6604 1 1 5000 2026-08-01 12:00:00 UNKNOWN_STATUS]
[transactions_05.csv:Line 6179] invalid bill total 'NOT_A_NUMBER': must be a non-negative number | Raw Data: [46178 1 1 NOT_A_NUMBER 2026-08-01 12:00:00 SUCCESS]
[transactions_01.csv:Line 6625] invalid status 'UNKNOWN_STATUS': must be SUCCESS, PENDING, FAILED, or REFUNDED | Raw Data: [6624 1 1 5000 2026-08-01 12:00:00 UNKNOWN_STATUS]
[transactions_05.csv:Line 6203] expected 6 columns, got 3 | Raw Data: [46202 1 100.00]
[transactions_04.csv:Line 7768] invalid status 'UNKNOWN_STATUS': must be SUCCESS, PENDING, FAILED, or REFUNDED | Raw Data: [37767 1 1 5000 2026-08-01 12:00:00 UNKNOWN_STATUS]
[transactions_04.csv:Line 7779] invalid bill total 'NOT_A_NUMBER': must be a non-negative number | Raw Data: [37778 1 1 NOT_A_NUMBER 2026-08-01 12:00:00 SUCCESS]
[transactions_04.csv:Line 7798] invalid status 'UNKNOWN_STATUS': must be SUCCESS, PENDING, FAILED, or REFUNDED | Raw Data: [37797 1 1 5000 2026-08-01 12:00:00 UNKNOWN_STATUS]
[transactions_03.csv:Line 5734] invalid status 'UNKNOWN_STATUS': must be SUCCESS, PENDING, FAILED, or REFUNDED | Raw Data: [25733 1 1 5000 2026-08-01 12:00:00 UNKNOWN_STATUS]
[transactions_02.csv:Line 7741] invalid status 'UNKNOWN_STATUS': must be SUCCESS, PENDING, FAILED, or REFUNDED | Raw Data: [17740 1 1 5000 2026-08-01 12:00:00 UNKNOWN_STATUS]
[transactions_04.csv:Line 7803] invalid timestamp format 'INVALID_DATE_TIME': unsupported date format | Raw Data: [37802 1 1 5000 INVALID_DATE_TIME SUCCESS]
[transactions_04.csv:Line 7808] invalid timestamp format 'INVALID_DATE_TIME': unsupported date format | Raw Data: [37807 1 1 5000 INVALID_DATE_TIME SUCCESS]
[transactions_03.csv:Line 5760] invalid status 'UNKNOWN_STATUS': must be SUCCESS, PENDING, FAILED, or REFUNDED | Raw Data: [25759 1 1 5000 2026-08-01 12:00:00 UNKNOWN_STATUS]
[transactions_05.csv:Line 6214] expected 6 columns, got 3 | Raw Data: [46213 1 100.00]
[transactions_01.csv:Line 6686] invalid timestamp format 'INVALID_DATE_TIME': unsupported date format | Raw Data: [6685 1 1 5000 INVALID_DATE_TIME SUCCESS]
[transactions_03.csv:Line 5813] invalid status 'UNKNOWN_STATUS': must be SUCCESS, PENDING, FAILED, or REFUNDED | Raw Data: [25812 1 1 5000 2026-08-01 12:00:00 UNKNOWN_STATUS]
[transactions_05.csv:Line 6224] expected 6 columns, got 3 | Raw Data: [46223 1 100.00]
[transactions_01.csv:Line 6699] invalid timestamp format 'INVALID_DATE_TIME': unsupported date format | Raw Data: [6698 1 1 5000 INVALID_DATE_TIME SUCCESS]
[transactions_03.csv:Line 5837] invalid bill total 'NOT_A_NUMBER': must be a non-negative number | Raw Data: [25836 1 1 NOT_A_NUMBER 2026-08-01 12:00:00 SUCCESS]
[transactions_01.csv:Line 6782] expected 6 columns, got 3 | Raw Data: [6781 1 100.00]
[transactions_03.csv:Line 5872] expected 6 columns, got 3 | Raw Data: [25871 1 100.00]
[transactions_03.csv:Line 5885] expected 6 columns, got 3 | Raw Data: [25884 1 100.00]
[transactions_02.csv:Line 7863] expected 6 columns, got 3 | Raw Data: [17862 1 100.00]
[transactions_04.csv:Line 7911] invalid bill total 'NOT_A_NUMBER': must be a non-negative number | Raw Data: [37910 1 1 NOT_A_NUMBER 2026-08-01 12:00:00 SUCCESS]
[transactions_02.csv:Line 7926] invalid timestamp format 'INVALID_DATE_TIME': unsupported date format | Raw Data: [17925 1 1 5000 INVALID_DATE_TIME SUCCESS]
[transactions_02.csv:Line 7931] expected 6 columns, got 3 | Raw Data: [17930 1 100.00]
[transactions_04.csv:Line 7948] invalid bill total 'NOT_A_NUMBER': must be a non-negative number | Raw Data: [37947 1 1 NOT_A_NUMBER 2026-08-01 12:00:00 SUCCESS]
[transactions_03.csv:Line 6007] expected 6 columns, got 3 | Raw Data: [26006 1 100.00]
[transactions_04.csv:Line 7962] invalid status 'UNKNOWN_STATUS': must be SUCCESS, PENDING, FAILED, or REFUNDED | Raw Data: [37961 1 1 5000 2026-08-01 12:00:00 UNKNOWN_STATUS]
[transactions_03.csv:Line 6048] invalid bill total 'NOT_A_NUMBER': must be a non-negative number | Raw Data: [26047 1 1 NOT_A_NUMBER 2026-08-01 12:00:00 SUCCESS]
[transactions_03.csv:Line 6078] invalid timestamp format 'INVALID_DATE_TIME': unsupported date format | Raw Data: [26077 1 1 5000 INVALID_DATE_TIME SUCCESS]
[transactions_03.csv:Line 6094] invalid timestamp format 'INVALID_DATE_TIME': unsupported date format | Raw Data: [26093 1 1 5000 INVALID_DATE_TIME SUCCESS]
[transactions_02.csv:Line 8034] invalid status 'UNKNOWN_STATUS': must be SUCCESS, PENDING, FAILED, or REFUNDED | Raw Data: [18033 1 1 5000 2026-08-01 12:00:00 UNKNOWN_STATUS]
[transactions_02.csv:Line 8015] expected 6 columns, got 3 | Raw Data: [18014 1 100.00]
[transactions_03.csv:Line 6116] invalid bill total 'NOT_A_NUMBER': must be a non-negative number | Raw Data: [26115 1 1 NOT_A_NUMBER 2026-08-01 12:00:00 SUCCESS]
[transactions_02.csv:Line 8052] expected 6 columns, got 3 | Raw Data: [18051 1 100.00]
[transactions_03.csv:Line 6119] invalid bill total 'NOT_A_NUMBER': must be a non-negative number | Raw Data: [26118 1 1 NOT_A_NUMBER 2026-08-01 12:00:00 SUCCESS]
[transactions_02.csv:Line 8061] expected 6 columns, got 3 | Raw Data: [18060 1 100.00]
[transactions_02.csv:Line 8173] invalid timestamp format 'INVALID_DATE_TIME': unsupported date format | Raw Data: [18172 1 1 5000 INVALID_DATE_TIME SUCCESS]
[transactions_03.csv:Line 6249] invalid status 'UNKNOWN_STATUS': must be SUCCESS, PENDING, FAILED, or REFUNDED | Raw Data: [26248 1 1 5000 2026-08-01 12:00:00 UNKNOWN_STATUS]
[transactions_02.csv:Line 8209] invalid bill total 'NOT_A_NUMBER': must be a non-negative number | Raw Data: [18208 1 1 NOT_A_NUMBER 2026-08-01 12:00:00 SUCCESS]
[transactions_03.csv:Line 6296] invalid bill total 'NOT_A_NUMBER': must be a non-negative number | Raw Data: [26295 1 1 NOT_A_NUMBER 2026-08-01 12:00:00 SUCCESS]
[transactions_02.csv:Line 8229] expected 6 columns, got 3 | Raw Data: [18228 1 100.00]
[transactions_03.csv:Line 6323] invalid status 'UNKNOWN_STATUS': must be SUCCESS, PENDING, FAILED, or REFUNDED | Raw Data: [26322 1 1 5000 2026-08-01 12:00:00 UNKNOWN_STATUS]
[transactions_03.csv:Line 6386] invalid timestamp format 'INVALID_DATE_TIME': unsupported date format | Raw Data: [26385 1 1 5000 INVALID_DATE_TIME SUCCESS]
[transactions_02.csv:Line 8344] invalid timestamp format 'INVALID_DATE_TIME': unsupported date format | Raw Data: [18343 1 1 5000 INVALID_DATE_TIME SUCCESS]
[transactions_04.csv:Line 8001] expected 6 columns, got 3 | Raw Data: [38000 1 100.00]
[transactions_02.csv:Line 8354] invalid bill total 'NOT_A_NUMBER': must be a non-negative number | Raw Data: [18353 1 1 NOT_A_NUMBER 2026-08-01 12:00:00 SUCCESS]
[transactions_02.csv:Line 8360] invalid bill total 'NOT_A_NUMBER': must be a non-negative number | Raw Data: [18359 1 1 NOT_A_NUMBER 2026-08-01 12:00:00 SUCCESS]
[transactions_02.csv:Line 8366] invalid status 'UNKNOWN_STATUS': must be SUCCESS, PENDING, FAILED, or REFUNDED | Raw Data: [18365 1 1 5000 2026-08-01 12:00:00 UNKNOWN_STATUS]
[transactions_02.csv:Line 8383] invalid status 'UNKNOWN_STATUS': must be SUCCESS, PENDING, FAILED, or REFUNDED | Raw Data: [18382 1 1 5000 2026-08-01 12:00:00 UNKNOWN_STATUS]
[transactions_04.csv:Line 8018] invalid bill total 'NOT_A_NUMBER': must be a non-negative number | Raw Data: [38017 1 1 NOT_A_NUMBER 2026-08-01 12:00:00 SUCCESS]
[transactions_03.csv:Line 6471] invalid status 'UNKNOWN_STATUS': must be SUCCESS, PENDING, FAILED, or REFUNDED | Raw Data: [26470 1 1 5000 2026-08-01 12:00:00 UNKNOWN_STATUS]
[transactions_03.csv:Line 6516] expected 6 columns, got 3 | Raw Data: [26515 1 100.00]
[transactions_04.csv:Line 8078] invalid timestamp format 'INVALID_DATE_TIME': unsupported date format | Raw Data: [38077 1 1 5000 INVALID_DATE_TIME SUCCESS]
[transactions_04.csv:Line 8090] invalid status 'UNKNOWN_STATUS': must be SUCCESS, PENDING, FAILED, or REFUNDED | Raw Data: [38089 1 1 5000 2026-08-01 12:00:00 UNKNOWN_STATUS]
[transactions_03.csv:Line 6553] invalid status 'UNKNOWN_STATUS': must be SUCCESS, PENDING, FAILED, or REFUNDED | Raw Data: [26552 1 1 5000 2026-08-01 12:00:00 UNKNOWN_STATUS]
[transactions_04.csv:Line 8112] invalid bill total 'NOT_A_NUMBER': must be a non-negative number | Raw Data: [38111 1 1 NOT_A_NUMBER 2026-08-01 12:00:00 SUCCESS]
[transactions_03.csv:Line 6650] expected 6 columns, got 3 | Raw Data: [26649 1 100.00]
[transactions_03.csv:Line 6654] invalid timestamp format 'INVALID_DATE_TIME': unsupported date format | Raw Data: [26653 1 1 5000 INVALID_DATE_TIME SUCCESS]
[transactions_05.csv:Line 6334] invalid status 'UNKNOWN_STATUS': must be SUCCESS, PENDING, FAILED, or REFUNDED | Raw Data: [46333 1 1 5000 2026-08-01 12:00:00 UNKNOWN_STATUS]
[transactions_03.csv:Line 6662] expected 6 columns, got 3 | Raw Data: [26661 1 100.00]
[transactions_01.csv:Line 6901] invalid bill total 'NOT_A_NUMBER': must be a non-negative number | Raw Data: [6900 1 1 NOT_A_NUMBER 2026-08-01 12:00:00 SUCCESS]
[transactions_05.csv:Line 6371] invalid bill total 'NOT_A_NUMBER': must be a non-negative number | Raw Data: [46370 1 1 NOT_A_NUMBER 2026-08-01 12:00:00 SUCCESS]
[transactions_03.csv:Line 6729] invalid timestamp format 'INVALID_DATE_TIME': unsupported date format | Raw Data: [26728 1 1 5000 INVALID_DATE_TIME SUCCESS]
[transactions_03.csv:Line 6752] expected 6 columns, got 3 | Raw Data: [26751 1 100.00]
[transactions_02.csv:Line 8502] expected 6 columns, got 3 | Raw Data: [18501 1 100.00]
[transactions_03.csv:Line 6755] invalid status 'UNKNOWN_STATUS': must be SUCCESS, PENDING, FAILED, or REFUNDED | Raw Data: [26754 1 1 5000 2026-08-01 12:00:00 UNKNOWN_STATUS]
[transactions_01.csv:Line 6952] invalid status 'UNKNOWN_STATUS': must be SUCCESS, PENDING, FAILED, or REFUNDED | Raw Data: [6951 1 1 5000 2026-08-01 12:00:00 UNKNOWN_STATUS]
[transactions_01.csv:Line 6994] invalid status 'UNKNOWN_STATUS': must be SUCCESS, PENDING, FAILED, or REFUNDED | Raw Data: [6993 1 1 5000 2026-08-01 12:00:00 UNKNOWN_STATUS]
[transactions_03.csv:Line 6814] invalid status 'UNKNOWN_STATUS': must be SUCCESS, PENDING, FAILED, or REFUNDED | Raw Data: [26813 1 1 5000 2026-08-01 12:00:00 UNKNOWN_STATUS]
[transactions_04.csv:Line 8231] expected 6 columns, got 3 | Raw Data: [38230 1 100.00]
[transactions_04.csv:Line 8241] invalid timestamp format 'INVALID_DATE_TIME': unsupported date format | Raw Data: [38240 1 1 5000 INVALID_DATE_TIME SUCCESS]
[transactions_05.csv:Line 6414] invalid status 'UNKNOWN_STATUS': must be SUCCESS, PENDING, FAILED, or REFUNDED | Raw Data: [46413 1 1 5000 2026-08-01 12:00:00 UNKNOWN_STATUS]
[transactions_05.csv:Line 6455] invalid status 'UNKNOWN_STATUS': must be SUCCESS, PENDING, FAILED, or REFUNDED | Raw Data: [46454 1 1 5000 2026-08-01 12:00:00 UNKNOWN_STATUS]
[transactions_05.csv:Line 6453] invalid timestamp format 'INVALID_DATE_TIME': unsupported date format | Raw Data: [46452 1 1 5000 INVALID_DATE_TIME SUCCESS]
[transactions_04.csv:Line 8289] invalid bill total 'NOT_A_NUMBER': must be a non-negative number | Raw Data: [38288 1 1 NOT_A_NUMBER 2026-08-01 12:00:00 SUCCESS]
[transactions_05.csv:Line 6475] invalid status 'UNKNOWN_STATUS': must be SUCCESS, PENDING, FAILED, or REFUNDED | Raw Data: [46474 1 1 5000 2026-08-01 12:00:00 UNKNOWN_STATUS]
[transactions_01.csv:Line 7129] invalid bill total 'NOT_A_NUMBER': must be a non-negative number | Raw Data: [7128 1 1 NOT_A_NUMBER 2026-08-01 12:00:00 SUCCESS]
[transactions_05.csv:Line 6489] invalid timestamp format 'INVALID_DATE_TIME': unsupported date format | Raw Data: [46488 1 1 5000 INVALID_DATE_TIME SUCCESS]
[transactions_05.csv:Line 6510] invalid status 'UNKNOWN_STATUS': must be SUCCESS, PENDING, FAILED, or REFUNDED | Raw Data: [46509 1 1 5000 2026-08-01 12:00:00 UNKNOWN_STATUS]
[transactions_05.csv:Line 6640] invalid status 'UNKNOWN_STATUS': must be SUCCESS, PENDING, FAILED, or REFUNDED | Raw Data: [46639 1 1 5000 2026-08-01 12:00:00 UNKNOWN_STATUS]
[transactions_05.csv:Line 6673] expected 6 columns, got 3 | Raw Data: [46672 1 100.00]
[transactions_01.csv:Line 7242] invalid bill total 'NOT_A_NUMBER': must be a non-negative number | Raw Data: [7241 1 1 NOT_A_NUMBER 2026-08-01 12:00:00 SUCCESS]
[transactions_01.csv:Line 7252] invalid bill total 'NOT_A_NUMBER': must be a non-negative number | Raw Data: [7251 1 1 NOT_A_NUMBER 2026-08-01 12:00:00 SUCCESS]
[transactions_01.csv:Line 7318] expected 6 columns, got 3 | Raw Data: [7317 1 100.00]
[transactions_01.csv:Line 7333] expected 6 columns, got 3 | Raw Data: [7332 1 100.00]
[transactions_04.csv:Line 8401] expected 6 columns, got 3 | Raw Data: [38400 1 100.00]
[transactions_04.csv:Line 8403] invalid bill total 'NOT_A_NUMBER': must be a non-negative number | Raw Data: [38402 1 1 NOT_A_NUMBER 2026-08-01 12:00:00 SUCCESS]
[transactions_01.csv:Line 7366] expected 6 columns, got 3 | Raw Data: [7365 1 100.00]
[transactions_01.csv:Line 7386] invalid status 'UNKNOWN_STATUS': must be SUCCESS, PENDING, FAILED, or REFUNDED | Raw Data: [7385 1 1 5000 2026-08-01 12:00:00 UNKNOWN_STATUS]
[transactions_02.csv:Line 8636] invalid timestamp format 'INVALID_DATE_TIME': unsupported date format | Raw Data: [18635 1 1 5000 INVALID_DATE_TIME SUCCESS]
[transactions_02.csv:Line 8640] invalid timestamp format 'INVALID_DATE_TIME': unsupported date format | Raw Data: [18639 1 1 5000 INVALID_DATE_TIME SUCCESS]
[transactions_02.csv:Line 8678] invalid status 'UNKNOWN_STATUS': must be SUCCESS, PENDING, FAILED, or REFUNDED | Raw Data: [18677 1 1 5000 2026-08-01 12:00:00 UNKNOWN_STATUS]
[transactions_05.csv:Line 6784] invalid status 'UNKNOWN_STATUS': must be SUCCESS, PENDING, FAILED, or REFUNDED | Raw Data: [46783 1 1 5000 2026-08-01 12:00:00 UNKNOWN_STATUS]
[transactions_05.csv:Line 6794] invalid timestamp format 'INVALID_DATE_TIME': unsupported date format | Raw Data: [46793 1 1 5000 INVALID_DATE_TIME SUCCESS]
[transactions_02.csv:Line 8695] invalid timestamp format 'INVALID_DATE_TIME': unsupported date format | Raw Data: [18694 1 1 5000 INVALID_DATE_TIME SUCCESS]
[transactions_05.csv:Line 6819] invalid timestamp format 'INVALID_DATE_TIME': unsupported date format | Raw Data: [46818 1 1 5000 INVALID_DATE_TIME SUCCESS]
[transactions_01.csv:Line 7498] invalid timestamp format 'INVALID_DATE_TIME': unsupported date format | Raw Data: [7497 1 1 5000 INVALID_DATE_TIME SUCCESS]
[transactions_05.csv:Line 6840] invalid bill total 'NOT_A_NUMBER': must be a non-negative number | Raw Data: [46839 1 1 NOT_A_NUMBER 2026-08-01 12:00:00 SUCCESS]
[transactions_02.csv:Line 8721] invalid status 'UNKNOWN_STATUS': must be SUCCESS, PENDING, FAILED, or REFUNDED | Raw Data: [18720 1 1 5000 2026-08-01 12:00:00 UNKNOWN_STATUS]
[transactions_02.csv:Line 8726] invalid status 'UNKNOWN_STATUS': must be SUCCESS, PENDING, FAILED, or REFUNDED | Raw Data: [18725 1 1 5000 2026-08-01 12:00:00 UNKNOWN_STATUS]
[transactions_01.csv:Line 7553] expected 6 columns, got 3 | Raw Data: [7552 1 100.00]
[transactions_02.csv:Line 8774] invalid bill total 'NOT_A_NUMBER': must be a non-negative number | Raw Data: [18773 1 1 NOT_A_NUMBER 2026-08-01 12:00:00 SUCCESS]
[transactions_01.csv:Line 7585] invalid bill total 'NOT_A_NUMBER': must be a non-negative number | Raw Data: [7584 1 1 NOT_A_NUMBER 2026-08-01 12:00:00 SUCCESS]
[transactions_01.csv:Line 7611] invalid status 'UNKNOWN_STATUS': must be SUCCESS, PENDING, FAILED, or REFUNDED | Raw Data: [7610 1 1 5000 2026-08-01 12:00:00 UNKNOWN_STATUS]
[transactions_01.csv:Line 7622] invalid bill total 'NOT_A_NUMBER': must be a non-negative number | Raw Data: [7621 1 1 NOT_A_NUMBER 2026-08-01 12:00:00 SUCCESS]
[transactions_04.csv:Line 8509] invalid status 'UNKNOWN_STATUS': must be SUCCESS, PENDING, FAILED, or REFUNDED | Raw Data: [38508 1 1 5000 2026-08-01 12:00:00 UNKNOWN_STATUS]
[transactions_04.csv:Line 8528] invalid status 'UNKNOWN_STATUS': must be SUCCESS, PENDING, FAILED, or REFUNDED | Raw Data: [38527 1 1 5000 2026-08-01 12:00:00 UNKNOWN_STATUS]
[transactions_04.csv:Line 8548] invalid status 'UNKNOWN_STATUS': must be SUCCESS, PENDING, FAILED, or REFUNDED | Raw Data: [38547 1 1 5000 2026-08-01 12:00:00 UNKNOWN_STATUS]
[transactions_04.csv:Line 8568] expected 6 columns, got 3 | Raw Data: [38567 1 100.00]
[transactions_04.csv:Line 8613] invalid status 'UNKNOWN_STATUS': must be SUCCESS, PENDING, FAILED, or REFUNDED | Raw Data: [38612 1 1 5000 2026-08-01 12:00:00 UNKNOWN_STATUS]
[transactions_04.csv:Line 8685] invalid status 'UNKNOWN_STATUS': must be SUCCESS, PENDING, FAILED, or REFUNDED | Raw Data: [38684 1 1 5000 2026-08-01 12:00:00 UNKNOWN_STATUS]
[transactions_04.csv:Line 8728] invalid timestamp format 'INVALID_DATE_TIME': unsupported date format | Raw Data: [38727 1 1 5000 INVALID_DATE_TIME SUCCESS]
[transactions_04.csv:Line 8765] expected 6 columns, got 3 | Raw Data: [38764 1 100.00]
[transactions_02.csv:Line 9029] expected 6 columns, got 3 | Raw Data: [19028 1 100.00]
[transactions_02.csv:Line 9084] invalid bill total 'NOT_A_NUMBER': must be a non-negative number | Raw Data: [19083 1 1 NOT_A_NUMBER 2026-08-01 12:00:00 SUCCESS]
[transactions_04.csv:Line 8789] invalid status 'UNKNOWN_STATUS': must be SUCCESS, PENDING, FAILED, or REFUNDED | Raw Data: [38788 1 1 5000 2026-08-01 12:00:00 UNKNOWN_STATUS]
[transactions_04.csv:Line 8507] invalid status 'UNKNOWN_STATUS': must be SUCCESS, PENDING, FAILED, or REFUNDED | Raw Data: [38506 1 1 5000 2026-08-01 12:00:00 UNKNOWN_STATUS]
[transactions_01.csv:Line 7732] invalid bill total 'NOT_A_NUMBER': must be a non-negative number | Raw Data: [7731 1 1 NOT_A_NUMBER 2026-08-01 12:00:00 SUCCESS]
[transactions_02.csv:Line 9131] invalid status 'UNKNOWN_STATUS': must be SUCCESS, PENDING, FAILED, or REFUNDED | Raw Data: [19130 1 1 5000 2026-08-01 12:00:00 UNKNOWN_STATUS]
[transactions_04.csv:Line 8849] expected 6 columns, got 3 | Raw Data: [38848 1 100.00]
[transactions_04.csv:Line 8855] invalid bill total 'NOT_A_NUMBER': must be a non-negative number | Raw Data: [38854 1 1 NOT_A_NUMBER 2026-08-01 12:00:00 SUCCESS]
[transactions_01.csv:Line 7777] invalid bill total 'NOT_A_NUMBER': must be a non-negative number | Raw Data: [7776 1 1 NOT_A_NUMBER 2026-08-01 12:00:00 SUCCESS]
[transactions_05.csv:Line 7036] invalid timestamp format 'INVALID_DATE_TIME': unsupported date format | Raw Data: [47035 1 1 5000 INVALID_DATE_TIME SUCCESS]
[transactions_01.csv:Line 7791] invalid status 'UNKNOWN_STATUS': must be SUCCESS, PENDING, FAILED, or REFUNDED | Raw Data: [7790 1 1 5000 2026-08-01 12:00:00 UNKNOWN_STATUS]
[transactions_04.csv:Line 8957] invalid status 'UNKNOWN_STATUS': must be SUCCESS, PENDING, FAILED, or REFUNDED | Raw Data: [38956 1 1 5000 2026-08-01 12:00:00 UNKNOWN_STATUS]
[transactions_05.csv:Line 7075] invalid timestamp format 'INVALID_DATE_TIME': unsupported date format | Raw Data: [47074 1 1 5000 INVALID_DATE_TIME SUCCESS]
[transactions_03.csv:Line 6979] invalid timestamp format 'INVALID_DATE_TIME': unsupported date format | Raw Data: [26978 1 1 5000 INVALID_DATE_TIME SUCCESS]
[transactions_02.csv:Line 9263] invalid bill total 'NOT_A_NUMBER': must be a non-negative number | Raw Data: [19262 1 1 NOT_A_NUMBER 2026-08-01 12:00:00 SUCCESS]
[transactions_02.csv:Line 9295] invalid bill total 'NOT_A_NUMBER': must be a non-negative number | Raw Data: [19294 1 1 NOT_A_NUMBER 2026-08-01 12:00:00 SUCCESS]
[transactions_03.csv:Line 7090] invalid bill total 'NOT_A_NUMBER': must be a non-negative number | Raw Data: [27089 1 1 NOT_A_NUMBER 2026-08-01 12:00:00 SUCCESS]
[transactions_02.csv:Line 9322] invalid status 'UNKNOWN_STATUS': must be SUCCESS, PENDING, FAILED, or REFUNDED | Raw Data: [19321 1 1 5000 2026-08-01 12:00:00 UNKNOWN_STATUS]
[transactions_02.csv:Line 9329] invalid bill total 'NOT_A_NUMBER': must be a non-negative number | Raw Data: [19328 1 1 NOT_A_NUMBER 2026-08-01 12:00:00 SUCCESS]
[transactions_05.csv:Line 7152] expected 6 columns, got 3 | Raw Data: [47151 1 100.00]
[transactions_03.csv:Line 7136] invalid timestamp format 'INVALID_DATE_TIME': unsupported date format | Raw Data: [27135 1 1 5000 INVALID_DATE_TIME SUCCESS]
[transactions_05.csv:Line 7174] invalid bill total 'NOT_A_NUMBER': must be a non-negative number | Raw Data: [47173 1 1 NOT_A_NUMBER 2026-08-01 12:00:00 SUCCESS]
[transactions_02.csv:Line 9344] invalid status 'UNKNOWN_STATUS': must be SUCCESS, PENDING, FAILED, or REFUNDED | Raw Data: [19343 1 1 5000 2026-08-01 12:00:00 UNKNOWN_STATUS]
[transactions_03.csv:Line 7154] invalid bill total 'NOT_A_NUMBER': must be a non-negative number | Raw Data: [27153 1 1 NOT_A_NUMBER 2026-08-01 12:00:00 SUCCESS]
[transactions_05.csv:Line 7220] invalid timestamp format 'INVALID_DATE_TIME': unsupported date format | Raw Data: [47219 1 1 5000 INVALID_DATE_TIME SUCCESS]
[transactions_04.csv:Line 9169] invalid bill total 'NOT_A_NUMBER': must be a non-negative number | Raw Data: [39168 1 1 NOT_A_NUMBER 2026-08-01 12:00:00 SUCCESS]
[transactions_04.csv:Line 9172] invalid bill total 'NOT_A_NUMBER': must be a non-negative number | Raw Data: [39171 1 1 NOT_A_NUMBER 2026-08-01 12:00:00 SUCCESS]
[transactions_02.csv:Line 9415] invalid status 'UNKNOWN_STATUS': must be SUCCESS, PENDING, FAILED, or REFUNDED | Raw Data: [19414 1 1 5000 2026-08-01 12:00:00 UNKNOWN_STATUS]
[transactions_04.csv:Line 9289] invalid timestamp format 'INVALID_DATE_TIME': unsupported date format | Raw Data: [39288 1 1 5000 INVALID_DATE_TIME SUCCESS]
[transactions_05.csv:Line 7286] invalid bill total 'NOT_A_NUMBER': must be a non-negative number | Raw Data: [47285 1 1 NOT_A_NUMBER 2026-08-01 12:00:00 SUCCESS]
[transactions_01.csv:Line 8092] expected 6 columns, got 3 | Raw Data: [8091 1 100.00]
[transactions_03.csv:Line 7218] invalid bill total 'NOT_A_NUMBER': must be a non-negative number | Raw Data: [27217 1 1 NOT_A_NUMBER 2026-08-01 12:00:00 SUCCESS]
[transactions_03.csv:Line 7252] invalid status 'UNKNOWN_STATUS': must be SUCCESS, PENDING, FAILED, or REFUNDED | Raw Data: [27251 1 1 5000 2026-08-01 12:00:00 UNKNOWN_STATUS]
[transactions_03.csv:Line 7301] invalid status 'UNKNOWN_STATUS': must be SUCCESS, PENDING, FAILED, or REFUNDED | Raw Data: [27300 1 1 5000 2026-08-01 12:00:00 UNKNOWN_STATUS]
[transactions_03.csv:Line 7308] invalid bill total 'NOT_A_NUMBER': must be a non-negative number | Raw Data: [27307 1 1 NOT_A_NUMBER 2026-08-01 12:00:00 SUCCESS]
[transactions_03.csv:Line 7324] invalid status 'UNKNOWN_STATUS': must be SUCCESS, PENDING, FAILED, or REFUNDED | Raw Data: [27323 1 1 5000 2026-08-01 12:00:00 UNKNOWN_STATUS]
[transactions_05.csv:Line 7431] expected 6 columns, got 3 | Raw Data: [47430 1 100.00]
[transactions_03.csv:Line 7369] invalid status 'UNKNOWN_STATUS': must be SUCCESS, PENDING, FAILED, or REFUNDED | Raw Data: [27368 1 1 5000 2026-08-01 12:00:00 UNKNOWN_STATUS]
[transactions_03.csv:Line 7378] expected 6 columns, got 3 | Raw Data: [27377 1 100.00]
[transactions_05.csv:Line 7498] expected 6 columns, got 3 | Raw Data: [47497 1 100.00]
[transactions_05.csv:Line 7520] invalid bill total 'NOT_A_NUMBER': must be a non-negative number | Raw Data: [47519 1 1 NOT_A_NUMBER 2026-08-01 12:00:00 SUCCESS]
[transactions_05.csv:Line 7525] expected 6 columns, got 3 | Raw Data: [47524 1 100.00]
[transactions_05.csv:Line 7528] invalid bill total 'NOT_A_NUMBER': must be a non-negative number | Raw Data: [47527 1 1 NOT_A_NUMBER 2026-08-01 12:00:00 SUCCESS]
[transactions_03.csv:Line 7415] invalid status 'UNKNOWN_STATUS': must be SUCCESS, PENDING, FAILED, or REFUNDED | Raw Data: [27414 1 1 5000 2026-08-01 12:00:00 UNKNOWN_STATUS]
[transactions_03.csv:Line 7431] expected 6 columns, got 3 | Raw Data: [27430 1 100.00]
[transactions_02.csv:Line 9520] invalid timestamp format 'INVALID_DATE_TIME': unsupported date format | Raw Data: [19519 1 1 5000 INVALID_DATE_TIME SUCCESS]
[transactions_02.csv:Line 9554] expected 6 columns, got 3 | Raw Data: [19553 1 100.00]
[transactions_02.csv:Line 9551] invalid timestamp format 'INVALID_DATE_TIME': unsupported date format | Raw Data: [19550 1 1 5000 INVALID_DATE_TIME SUCCESS]
[transactions_03.csv:Line 7502] expected 6 columns, got 3 | Raw Data: [27501 1 100.00]
[transactions_02.csv:Line 9616] invalid bill total 'NOT_A_NUMBER': must be a non-negative number | Raw Data: [19615 1 1 NOT_A_NUMBER 2026-08-01 12:00:00 SUCCESS]
[transactions_04.csv:Line 9432] invalid timestamp format 'INVALID_DATE_TIME': unsupported date format | Raw Data: [39431 1 1 5000 INVALID_DATE_TIME SUCCESS]
[transactions_04.csv:Line 9457] expected 6 columns, got 3 | Raw Data: [39456 1 100.00]
[transactions_04.csv:Line 9467] expected 6 columns, got 3 | Raw Data: [39466 1 100.00]
[transactions_05.csv:Line 7676] invalid status 'UNKNOWN_STATUS': must be SUCCESS, PENDING, FAILED, or REFUNDED | Raw Data: [47675 1 1 5000 2026-08-01 12:00:00 UNKNOWN_STATUS]
[transactions_02.csv:Line 9653] expected 6 columns, got 3 | Raw Data: [19652 1 100.00]
[transactions_05.csv:Line 7699] invalid bill total 'NOT_A_NUMBER': must be a non-negative number | Raw Data: [47698 1 1 NOT_A_NUMBER 2026-08-01 12:00:00 SUCCESS]
[transactions_05.csv:Line 7717] invalid bill total 'NOT_A_NUMBER': must be a non-negative number | Raw Data: [47716 1 1 NOT_A_NUMBER 2026-08-01 12:00:00 SUCCESS]
[transactions_05.csv:Line 7718] invalid status 'UNKNOWN_STATUS': must be SUCCESS, PENDING, FAILED, or REFUNDED | Raw Data: [47717 1 1 5000 2026-08-01 12:00:00 UNKNOWN_STATUS]
[transactions_03.csv:Line 7569] expected 6 columns, got 3 | Raw Data: [27568 1 100.00]
[transactions_02.csv:Line 9727] invalid status 'UNKNOWN_STATUS': must be SUCCESS, PENDING, FAILED, or REFUNDED | Raw Data: [19726 1 1 5000 2026-08-01 12:00:00 UNKNOWN_STATUS]
[transactions_04.csv:Line 9532] invalid bill total 'NOT_A_NUMBER': must be a non-negative number | Raw Data: [39531 1 1 NOT_A_NUMBER 2026-08-01 12:00:00 SUCCESS]
[transactions_05.csv:Line 7749] invalid timestamp format 'INVALID_DATE_TIME': unsupported date format | Raw Data: [47748 1 1 5000 INVALID_DATE_TIME SUCCESS]
[transactions_03.csv:Line 7616] invalid bill total 'NOT_A_NUMBER': must be a non-negative number | Raw Data: [27615 1 1 NOT_A_NUMBER 2026-08-01 12:00:00 SUCCESS]
[transactions_03.csv:Line 7643] expected 6 columns, got 3 | Raw Data: [27642 1 100.00]
[transactions_05.csv:Line 7781] expected 6 columns, got 3 | Raw Data: [47780 1 100.00]
[transactions_04.csv:Line 9596] invalid status 'UNKNOWN_STATUS': must be SUCCESS, PENDING, FAILED, or REFUNDED | Raw Data: [39595 1 1 5000 2026-08-01 12:00:00 UNKNOWN_STATUS]
[transactions_04.csv:Line 9624] invalid status 'UNKNOWN_STATUS': must be SUCCESS, PENDING, FAILED, or REFUNDED | Raw Data: [39623 1 1 5000 2026-08-01 12:00:00 UNKNOWN_STATUS]
[transactions_04.csv:Line 9629] expected 6 columns, got 3 | Raw Data: [39628 1 100.00]
[transactions_02.csv:Line 9842] expected 6 columns, got 3 | Raw Data: [19841 1 100.00]
[transactions_05.csv:Line 7848] invalid status 'UNKNOWN_STATUS': must be SUCCESS, PENDING, FAILED, or REFUNDED | Raw Data: [47847 1 1 5000 2026-08-01 12:00:00 UNKNOWN_STATUS]
[transactions_04.csv:Line 9669] invalid timestamp format 'INVALID_DATE_TIME': unsupported date format | Raw Data: [39668 1 1 5000 INVALID_DATE_TIME SUCCESS]
[transactions_04.csv:Line 9701] invalid bill total 'NOT_A_NUMBER': must be a non-negative number | Raw Data: [39700 1 1 NOT_A_NUMBER 2026-08-01 12:00:00 SUCCESS]
[transactions_04.csv:Line 9714] invalid timestamp format 'INVALID_DATE_TIME': unsupported date format | Raw Data: [39713 1 1 5000 INVALID_DATE_TIME SUCCESS]
[transactions_04.csv:Line 9745] invalid timestamp format 'INVALID_DATE_TIME': unsupported date format | Raw Data: [39744 1 1 5000 INVALID_DATE_TIME SUCCESS]
[transactions_04.csv:Line 9750] invalid timestamp format 'INVALID_DATE_TIME': unsupported date format | Raw Data: [39749 1 1 5000 INVALID_DATE_TIME SUCCESS]
[transactions_04.csv:Line 9777] invalid bill total 'NOT_A_NUMBER': must be a non-negative number | Raw Data: [39776 1 1 NOT_A_NUMBER 2026-08-01 12:00:00 SUCCESS]
[transactions_03.csv:Line 7743] invalid status 'UNKNOWN_STATUS': must be SUCCESS, PENDING, FAILED, or REFUNDED | Raw Data: [27742 1 1 5000 2026-08-01 12:00:00 UNKNOWN_STATUS]
[transactions_04.csv:Line 9830] expected 6 columns, got 3 | Raw Data: [39829 1 100.00]
[transactions_04.csv:Line 9843] expected 6 columns, got 3 | Raw Data: [39842 1 100.00]
[transactions_04.csv:Line 9867] invalid status 'UNKNOWN_STATUS': must be SUCCESS, PENDING, FAILED, or REFUNDED | Raw Data: [39866 1 1 5000 2026-08-01 12:00:00 UNKNOWN_STATUS]
[transactions_03.csv:Line 7798] invalid timestamp format 'INVALID_DATE_TIME': unsupported date format | Raw Data: [27797 1 1 5000 INVALID_DATE_TIME SUCCESS]
[transactions_04.csv:Line 9875] invalid timestamp format 'INVALID_DATE_TIME': unsupported date format | Raw Data: [39874 1 1 5000 INVALID_DATE_TIME SUCCESS]
[transactions_04.csv:Line 9898] expected 6 columns, got 3 | Raw Data: [39897 1 100.00]
[transactions_05.csv:Line 7950] invalid bill total 'NOT_A_NUMBER': must be a non-negative number | Raw Data: [47949 1 1 NOT_A_NUMBER 2026-08-01 12:00:00 SUCCESS]
[transactions_03.csv:Line 7841] invalid bill total 'NOT_A_NUMBER': must be a non-negative number | Raw Data: [27840 1 1 NOT_A_NUMBER 2026-08-01 12:00:00 SUCCESS]
[transactions_03.csv:Line 7892] invalid status 'UNKNOWN_STATUS': must be SUCCESS, PENDING, FAILED, or REFUNDED | Raw Data: [27891 1 1 5000 2026-08-01 12:00:00 UNKNOWN_STATUS]
[transactions_03.csv:Line 7910] invalid timestamp format 'INVALID_DATE_TIME': unsupported date format | Raw Data: [27909 1 1 5000 INVALID_DATE_TIME SUCCESS]
[transactions_05.csv:Line 8076] expected 6 columns, got 3 | Raw Data: [48075 1 100.00]
[transactions_04.csv:Line 9984] invalid bill total 'NOT_A_NUMBER': must be a non-negative number | Raw Data: [39983 1 1 NOT_A_NUMBER 2026-08-01 12:00:00 SUCCESS]
[transactions_05.csv:Line 8085] invalid bill total 'NOT_A_NUMBER': must be a non-negative number | Raw Data: [48084 1 1 NOT_A_NUMBER 2026-08-01 12:00:00 SUCCESS]
[transactions_05.csv:Line 8105] invalid status 'UNKNOWN_STATUS': must be SUCCESS, PENDING, FAILED, or REFUNDED | Raw Data: [48104 1 1 5000 2026-08-01 12:00:00 UNKNOWN_STATUS]
[transactions_03.csv:Line 7933] expected 6 columns, got 3 | Raw Data: [27932 1 100.00]
[transactions_05.csv:Line 8238] invalid timestamp format 'INVALID_DATE_TIME': unsupported date format | Raw Data: [48237 1 1 5000 INVALID_DATE_TIME SUCCESS]
[transactions_01.csv:Line 8148] invalid status 'UNKNOWN_STATUS': must be SUCCESS, PENDING, FAILED, or REFUNDED | Raw Data: [8147 1 1 5000 2026-08-01 12:00:00 UNKNOWN_STATUS]
[transactions_03.csv:Line 8075] invalid timestamp format 'INVALID_DATE_TIME': unsupported date format | Raw Data: [28074 1 1 5000 INVALID_DATE_TIME SUCCESS]
[transactions_03.csv:Line 8086] invalid timestamp format 'INVALID_DATE_TIME': unsupported date format | Raw Data: [28085 1 1 5000 INVALID_DATE_TIME SUCCESS]
[transactions_01.csv:Line 8236] invalid timestamp format 'INVALID_DATE_TIME': unsupported date format | Raw Data: [8235 1 1 5000 INVALID_DATE_TIME SUCCESS]
[transactions_03.csv:Line 8131] invalid timestamp format 'INVALID_DATE_TIME': unsupported date format | Raw Data: [28130 1 1 5000 INVALID_DATE_TIME SUCCESS]
[transactions_05.csv:Line 8285] expected 6 columns, got 3 | Raw Data: [48284 1 100.00]
[transactions_05.csv:Line 8289] invalid status 'UNKNOWN_STATUS': must be SUCCESS, PENDING, FAILED, or REFUNDED | Raw Data: [48288 1 1 5000 2026-08-01 12:00:00 UNKNOWN_STATUS]
[transactions_01.csv:Line 8305] expected 6 columns, got 3 | Raw Data: [8304 1 100.00]
[transactions_05.csv:Line 8330] expected 6 columns, got 3 | Raw Data: [48329 1 100.00]
[transactions_05.csv:Line 8371] invalid timestamp format 'INVALID_DATE_TIME': unsupported date format | Raw Data: [48370 1 1 5000 INVALID_DATE_TIME SUCCESS]
[transactions_01.csv:Line 8394] invalid timestamp format 'INVALID_DATE_TIME': unsupported date format | Raw Data: [8393 1 1 5000 INVALID_DATE_TIME SUCCESS]
[transactions_05.csv:Line 8407] invalid bill total 'NOT_A_NUMBER': must be a non-negative number | Raw Data: [48406 1 1 NOT_A_NUMBER 2026-08-01 12:00:00 SUCCESS]
[transactions_03.csv:Line 8310] invalid timestamp format 'INVALID_DATE_TIME': unsupported date format | Raw Data: [28309 1 1 5000 INVALID_DATE_TIME SUCCESS]
[transactions_05.csv:Line 8418] invalid status 'UNKNOWN_STATUS': must be SUCCESS, PENDING, FAILED, or REFUNDED | Raw Data: [48417 1 1 5000 2026-08-01 12:00:00 UNKNOWN_STATUS]
[transactions_05.csv:Line 8431] invalid timestamp format 'INVALID_DATE_TIME': unsupported date format | Raw Data: [48430 1 1 5000 INVALID_DATE_TIME SUCCESS]
[transactions_03.csv:Line 8338] invalid timestamp format 'INVALID_DATE_TIME': unsupported date format | Raw Data: [28337 1 1 5000 INVALID_DATE_TIME SUCCESS]
[transactions_03.csv:Line 8341] invalid status 'UNKNOWN_STATUS': must be SUCCESS, PENDING, FAILED, or REFUNDED | Raw Data: [28340 1 1 5000 2026-08-01 12:00:00 UNKNOWN_STATUS]
[transactions_05.csv:Line 8486] invalid status 'UNKNOWN_STATUS': must be SUCCESS, PENDING, FAILED, or REFUNDED | Raw Data: [48485 1 1 5000 2026-08-01 12:00:00 UNKNOWN_STATUS]
[transactions_05.csv:Line 8571] invalid status 'UNKNOWN_STATUS': must be SUCCESS, PENDING, FAILED, or REFUNDED | Raw Data: [48570 1 1 5000 2026-08-01 12:00:00 UNKNOWN_STATUS]
[transactions_01.csv:Line 8688] invalid bill total 'NOT_A_NUMBER': must be a non-negative number | Raw Data: [8687 1 1 NOT_A_NUMBER 2026-08-01 12:00:00 SUCCESS]
[transactions_01.csv:Line 8694] invalid bill total 'NOT_A_NUMBER': must be a non-negative number | Raw Data: [8693 1 1 NOT_A_NUMBER 2026-08-01 12:00:00 SUCCESS]
[transactions_01.csv:Line 8718] expected 6 columns, got 3 | Raw Data: [8717 1 100.00]
[transactions_03.csv:Line 8556] invalid status 'UNKNOWN_STATUS': must be SUCCESS, PENDING, FAILED, or REFUNDED | Raw Data: [28555 1 1 5000 2026-08-01 12:00:00 UNKNOWN_STATUS]
[transactions_01.csv:Line 8818] invalid bill total 'NOT_A_NUMBER': must be a non-negative number | Raw Data: [8817 1 1 NOT_A_NUMBER 2026-08-01 12:00:00 SUCCESS]
[transactions_01.csv:Line 8828] invalid status 'UNKNOWN_STATUS': must be SUCCESS, PENDING, FAILED, or REFUNDED | Raw Data: [8827 1 1 5000 2026-08-01 12:00:00 UNKNOWN_STATUS]
[transactions_03.csv:Line 8609] expected 6 columns, got 3 | Raw Data: [28608 1 100.00]
[transactions_01.csv:Line 8871] invalid timestamp format 'INVALID_DATE_TIME': unsupported date format | Raw Data: [8870 1 1 5000 INVALID_DATE_TIME SUCCESS]
[transactions_03.csv:Line 8711] invalid status 'UNKNOWN_STATUS': must be SUCCESS, PENDING, FAILED, or REFUNDED | Raw Data: [28710 1 1 5000 2026-08-01 12:00:00 UNKNOWN_STATUS]
[transactions_05.csv:Line 8835] expected 6 columns, got 3 | Raw Data: [48834 1 100.00]
[transactions_01.csv:Line 8923] invalid status 'UNKNOWN_STATUS': must be SUCCESS, PENDING, FAILED, or REFUNDED | Raw Data: [8922 1 1 5000 2026-08-01 12:00:00 UNKNOWN_STATUS]
[transactions_05.csv:Line 8921] invalid bill total 'NOT_A_NUMBER': must be a non-negative number | Raw Data: [48920 1 1 NOT_A_NUMBER 2026-08-01 12:00:00 SUCCESS]
[transactions_01.csv:Line 8936] invalid status 'UNKNOWN_STATUS': must be SUCCESS, PENDING, FAILED, or REFUNDED | Raw Data: [8935 1 1 5000 2026-08-01 12:00:00 UNKNOWN_STATUS]
[transactions_03.csv:Line 8771] invalid status 'UNKNOWN_STATUS': must be SUCCESS, PENDING, FAILED, or REFUNDED | Raw Data: [28770 1 1 5000 2026-08-01 12:00:00 UNKNOWN_STATUS]
[transactions_01.csv:Line 8946] invalid timestamp format 'INVALID_DATE_TIME': unsupported date format | Raw Data: [8945 1 1 5000 INVALID_DATE_TIME SUCCESS]
[transactions_03.csv:Line 8797] invalid bill total 'NOT_A_NUMBER': must be a non-negative number | Raw Data: [28796 1 1 NOT_A_NUMBER 2026-08-01 12:00:00 SUCCESS]
[transactions_03.csv:Line 8804] expected 6 columns, got 3 | Raw Data: [28803 1 100.00]
[transactions_01.csv:Line 9024] invalid bill total 'NOT_A_NUMBER': must be a non-negative number | Raw Data: [9023 1 1 NOT_A_NUMBER 2026-08-01 12:00:00 SUCCESS]
[transactions_01.csv:Line 9051] invalid status 'UNKNOWN_STATUS': must be SUCCESS, PENDING, FAILED, or REFUNDED | Raw Data: [9050 1 1 5000 2026-08-01 12:00:00 UNKNOWN_STATUS]
[transactions_03.csv:Line 8870] expected 6 columns, got 3 | Raw Data: [28869 1 100.00]
[transactions_01.csv:Line 9071] invalid timestamp format 'INVALID_DATE_TIME': unsupported date format | Raw Data: [9070 1 1 5000 INVALID_DATE_TIME SUCCESS]
[transactions_01.csv:Line 9087] invalid bill total 'NOT_A_NUMBER': must be a non-negative number | Raw Data: [9086 1 1 NOT_A_NUMBER 2026-08-01 12:00:00 SUCCESS]
[transactions_01.csv:Line 9085] invalid bill total 'NOT_A_NUMBER': must be a non-negative number | Raw Data: [9084 1 1 NOT_A_NUMBER 2026-08-01 12:00:00 SUCCESS]
[transactions_05.csv:Line 9043] invalid status 'UNKNOWN_STATUS': must be SUCCESS, PENDING, FAILED, or REFUNDED | Raw Data: [49042 1 1 5000 2026-08-01 12:00:00 UNKNOWN_STATUS]
[transactions_03.csv:Line 9010] invalid timestamp format 'INVALID_DATE_TIME': unsupported date format | Raw Data: [29009 1 1 5000 INVALID_DATE_TIME SUCCESS]
[transactions_05.csv:Line 9114] invalid bill total 'NOT_A_NUMBER': must be a non-negative number | Raw Data: [49113 1 1 NOT_A_NUMBER 2026-08-01 12:00:00 SUCCESS]
[transactions_05.csv:Line 9124] invalid timestamp format 'INVALID_DATE_TIME': unsupported date format | Raw Data: [49123 1 1 5000 INVALID_DATE_TIME SUCCESS]
[transactions_01.csv:Line 9251] invalid timestamp format 'INVALID_DATE_TIME': unsupported date format | Raw Data: [9250 1 1 5000 INVALID_DATE_TIME SUCCESS]
[transactions_01.csv:Line 9307] expected 6 columns, got 3 | Raw Data: [9306 1 100.00]
[transactions_01.csv:Line 9328] expected 6 columns, got 3 | Raw Data: [9327 1 100.00]
[transactions_01.csv:Line 9348] invalid status 'UNKNOWN_STATUS': must be SUCCESS, PENDING, FAILED, or REFUNDED | Raw Data: [9347 1 1 5000 2026-08-01 12:00:00 UNKNOWN_STATUS]
[transactions_01.csv:Line 9393] expected 6 columns, got 3 | Raw Data: [9392 1 100.00]
[transactions_01.csv:Line 9395] invalid status 'UNKNOWN_STATUS': must be SUCCESS, PENDING, FAILED, or REFUNDED | Raw Data: [9394 1 1 5000 2026-08-01 12:00:00 UNKNOWN_STATUS]
[transactions_01.csv:Line 9412] invalid bill total 'NOT_A_NUMBER': must be a non-negative number | Raw Data: [9411 1 1 NOT_A_NUMBER 2026-08-01 12:00:00 SUCCESS]
[transactions_03.csv:Line 9035] invalid bill total 'NOT_A_NUMBER': must be a non-negative number | Raw Data: [29034 1 1 NOT_A_NUMBER 2026-08-01 12:00:00 SUCCESS]
[transactions_01.csv:Line 9518] expected 6 columns, got 3 | Raw Data: [9517 1 100.00]
[transactions_03.csv:Line 9064] expected 6 columns, got 3 | Raw Data: [29063 1 100.00]
[transactions_03.csv:Line 9089] invalid timestamp format 'INVALID_DATE_TIME': unsupported date format | Raw Data: [29088 1 1 5000 INVALID_DATE_TIME SUCCESS]
[transactions_03.csv:Line 9092] invalid timestamp format 'INVALID_DATE_TIME': unsupported date format | Raw Data: [29091 1 1 5000 INVALID_DATE_TIME SUCCESS]
[transactions_03.csv:Line 9126] expected 6 columns, got 3 | Raw Data: [29125 1 100.00]
[transactions_05.csv:Line 9156] expected 6 columns, got 3 | Raw Data: [49155 1 100.00]
[transactions_01.csv:Line 9619] invalid status 'UNKNOWN_STATUS': must be SUCCESS, PENDING, FAILED, or REFUNDED | Raw Data: [9618 1 1 5000 2026-08-01 12:00:00 UNKNOWN_STATUS]
[transactions_05.csv:Line 9240] expected 6 columns, got 3 | Raw Data: [49239 1 100.00]
[transactions_05.csv:Line 9318] expected 6 columns, got 3 | Raw Data: [49317 1 100.00]
[transactions_05.csv:Line 9320] invalid timestamp format 'INVALID_DATE_TIME': unsupported date format | Raw Data: [49319 1 1 5000 INVALID_DATE_TIME SUCCESS]
[transactions_01.csv:Line 9652] invalid timestamp format 'INVALID_DATE_TIME': unsupported date format | Raw Data: [9651 1 1 5000 INVALID_DATE_TIME SUCCESS]
[transactions_01.csv:Line 9674] invalid bill total 'NOT_A_NUMBER': must be a non-negative number | Raw Data: [9673 1 1 NOT_A_NUMBER 2026-08-01 12:00:00 SUCCESS]
[transactions_05.csv:Line 9408] invalid bill total 'NOT_A_NUMBER': must be a non-negative number | Raw Data: [49407 1 1 NOT_A_NUMBER 2026-08-01 12:00:00 SUCCESS]
[transactions_01.csv:Line 9824] expected 6 columns, got 3 | Raw Data: [9823 1 100.00]
[transactions_01.csv:Line 9828] invalid timestamp format 'INVALID_DATE_TIME': unsupported date format | Raw Data: [9827 1 1 5000 INVALID_DATE_TIME SUCCESS]
[transactions_05.csv:Line 9526] invalid timestamp format 'INVALID_DATE_TIME': unsupported date format | Raw Data: [49525 1 1 5000 INVALID_DATE_TIME SUCCESS]
[transactions_03.csv:Line 9336] invalid status 'UNKNOWN_STATUS': must be SUCCESS, PENDING, FAILED, or REFUNDED | Raw Data: [29335 1 1 5000 2026-08-01 12:00:00 UNKNOWN_STATUS]
[transactions_03.csv:Line 9366] invalid status 'UNKNOWN_STATUS': must be SUCCESS, PENDING, FAILED, or REFUNDED | Raw Data: [29365 1 1 5000 2026-08-01 12:00:00 UNKNOWN_STATUS]
[transactions_03.csv:Line 9370] invalid bill total 'NOT_A_NUMBER': must be a non-negative number | Raw Data: [29369 1 1 NOT_A_NUMBER 2026-08-01 12:00:00 SUCCESS]
[transactions_03.csv:Line 9411] expected 6 columns, got 3 | Raw Data: [29410 1 100.00]
[transactions_01.csv:Line 9933] invalid timestamp format 'INVALID_DATE_TIME': unsupported date format | Raw Data: [9932 1 1 5000 INVALID_DATE_TIME SUCCESS]
[transactions_03.csv:Line 9450] invalid status 'UNKNOWN_STATUS': must be SUCCESS, PENDING, FAILED, or REFUNDED | Raw Data: [29449 1 1 5000 2026-08-01 12:00:00 UNKNOWN_STATUS]
[transactions_03.csv:Line 9453] invalid status 'UNKNOWN_STATUS': must be SUCCESS, PENDING, FAILED, or REFUNDED | Raw Data: [29452 1 1 5000 2026-08-01 12:00:00 UNKNOWN_STATUS]
[transactions_03.csv:Line 9504] invalid status 'UNKNOWN_STATUS': must be SUCCESS, PENDING, FAILED, or REFUNDED | Raw Data: [29503 1 1 5000 2026-08-01 12:00:00 UNKNOWN_STATUS]
[transactions_01.csv:Line 9984] invalid timestamp format 'INVALID_DATE_TIME': unsupported date format | Raw Data: [9983 1 1 5000 INVALID_DATE_TIME SUCCESS]
[transactions_01.csv:Line 9990] invalid status 'UNKNOWN_STATUS': must be SUCCESS, PENDING, FAILED, or REFUNDED | Raw Data: [9989 1 1 5000 2026-08-01 12:00:00 UNKNOWN_STATUS]
[transactions_05.csv:Line 9711] expected 6 columns, got 3 | Raw Data: [49710 1 100.00]
[transactions_05.csv:Line 9721] invalid bill total 'NOT_A_NUMBER': must be a non-negative number | Raw Data: [49720 1 1 NOT_A_NUMBER 2026-08-01 12:00:00 SUCCESS]
[transactions_05.csv:Line 9723] invalid status 'UNKNOWN_STATUS': must be SUCCESS, PENDING, FAILED, or REFUNDED | Raw Data: [49722 1 1 5000 2026-08-01 12:00:00 UNKNOWN_STATUS]
[transactions_03.csv:Line 9599] expected 6 columns, got 3 | Raw Data: [29598 1 100.00]
[transactions_05.csv:Line 9783] invalid bill total 'NOT_A_NUMBER': must be a non-negative number | Raw Data: [49782 1 1 NOT_A_NUMBER 2026-08-01 12:00:00 SUCCESS]
[transactions_03.csv:Line 9646] invalid bill total 'NOT_A_NUMBER': must be a non-negative number | Raw Data: [29645 1 1 NOT_A_NUMBER 2026-08-01 12:00:00 SUCCESS]
[transactions_03.csv:Line 9668] invalid status 'UNKNOWN_STATUS': must be SUCCESS, PENDING, FAILED, or REFUNDED | Raw Data: [29667 1 1 5000 2026-08-01 12:00:00 UNKNOWN_STATUS]
[transactions_03.csv:Line 9710] expected 6 columns, got 3 | Raw Data: [29709 1 100.00]
[transactions_03.csv:Line 9717] invalid bill total 'NOT_A_NUMBER': must be a non-negative number | Raw Data: [29716 1 1 NOT_A_NUMBER 2026-08-01 12:00:00 SUCCESS]
[transactions_05.csv:Line 9890] invalid timestamp format 'INVALID_DATE_TIME': unsupported date format | Raw Data: [49889 1 1 5000 INVALID_DATE_TIME SUCCESS]
[transactions_03.csv:Line 9741] invalid bill total 'NOT_A_NUMBER': must be a non-negative number | Raw Data: [29740 1 1 NOT_A_NUMBER 2026-08-01 12:00:00 SUCCESS]
[transactions_03.csv:Line 9761] invalid timestamp format 'INVALID_DATE_TIME': unsupported date format | Raw Data: [29760 1 1 5000 INVALID_DATE_TIME SUCCESS]
[transactions_05.csv:Line 9992] expected 6 columns, got 3 | Raw Data: [49991 1 100.00]
[transactions_05.csv:Line 9995] expected 6 columns, got 3 | Raw Data: [49994 1 100.00]
[transactions_03.csv:Line 9829] invalid status 'UNKNOWN_STATUS': must be SUCCESS, PENDING, FAILED, or REFUNDED | Raw Data: [29828 1 1 5000 2026-08-01 12:00:00 UNKNOWN_STATUS]
[transactions_03.csv:Line 9953] invalid timestamp format 'INVALID_DATE_TIME': unsupported date format | Raw Data: [29952 1 1 5000 INVALID_DATE_TIME SUCCESS]
[transactions_03.csv:Line 9982] invalid timestamp format 'INVALID_DATE_TIME': unsupported date format | Raw Data: [29981 1 1 5000 INVALID_DATE_TIME SUCCESS]
